tree
version=v4
num_class=1
num_tree_per_iteration=1
label_index=0
max_feature_idx=37
objective=regression
feature_names=water_level_X.173A_current water_level_X.173A_lag1h water_level_X.173A_lag2h water_level_X.173A_lag3h water_level_X.173A_lag6h water_level_X.90_current water_level_X.90_lag1h water_level_X.90_lag2h water_level_X.90_lag3h water_level_X.90_lag6h water_level_X.44_current water_level_X.44_lag1h water_level_X.44_lag2h water_level_X.44_lag3h water_level_X.44_lag6h water_diff_90_44 water_diff_173_90 rain_SLA001_current rain_SLA001_lag1h rain_SLA001_lag2h rain_SLA001_lag3h rain_SLA001_lag6h rain_SLA001_roll6h rain_SLA002_current rain_SLA002_lag1h rain_SLA002_lag2h rain_SLA002_lag3h rain_SLA002_lag6h rain_SLA002_roll6h rain_SLA003_current rain_SLA003_lag1h rain_SLA003_lag2h rain_SLA003_lag3h rain_SLA003_lag6h rain_SLA003_roll6h station_id horizon current_level
feature_infos=[11.979999542236328:18] [11.979999542236328:18] [11.979999542236328:18] [11.979999542236328:18] [11.890000000000001:18] [2.940000057220459:12.140000000000001] [2.940000057220459:12.140000000000001] [2.9500000476837158:12.140000000000001] [2.9500000476837158:12.140000000000001] [2.79:12.140000000000001] [1.1499999761581421:9.9700000000000006] [1.1499999761581421:9.9700000000000006] [1.1499999761581421:9.9700000000000006] [1.1499999761581421:9.9700000000000006] [1.1599999666213989:9.9700000000000006] [-0.18000000000000149:3.3500000000000005] [5.7699999999999978:9.3000000000000007] [0:28.399999999999999] [0:28.399999999999999] [0:28.399999999999999] [0:28.399999999999999] [0:28.399999999999999] [0:115.59999999999999] [0:26.800000000000001] [0:26.800000000000001] [0:26.800000000000001] [0:26.800000000000001] [0:26.800000000000001] [0:81.199999999999989] [0:43.600000000000001] [0:43.600000000000001] [0:43.600000000000001] [0:43.600000000000001] [0:43.600000000000001] [0:138.19999999999999] [0:2] [1:3] [1.1499999761581421:18]
tree_sizes=4072 4055 4059 4065 4074 4096 4065 4109 4126 4101 4099 4087 4143 4122 4154 4103 4099 4102 4120 4155 4131 4143 4152 4174 4175 4122 4188 4185 4182 4157 4188 4169 4184 4184 4161 4192 4172 4158 4197 4205 4201 4206 4220 4152 4248 4200 4238 4252 4184 4217 4173 4247 4239 4238 4190 4175 4245 4214 4234 4281 4189 4247 4237 4220 4248 4218 4205 4211 4246 4211 4273 4257 4308 4240 4254 4312 4260 4224 4230 4241 4248 4217 4245 4229 4257 4228 4242 4327 4307 4229 4241 4274 4232 4218 4208 4277 4301 4214 4231 4257 4282 4248 4275 4333 4253 4238 4255 4243 4239 4285 4256 4330 4258 4232 4246 4261 4261 4240 4295 4284 4212 4288 4261 4249 4271 4296 4283 4240 4285 4333 4285 4272 4292 4217 4228 4195 4263 4208 4206 4219 4215 4311 4228 4273 4179 4271 4157 4191 4254 4254 4232 4290 4305 4215 4232 4236 4231 4300 4251 4249 4191 4291 4277 4288 4268 4313 4243 4267 4268 4297 4297 4334 4232 4293 4298 4264 4220 4219 4289 4276 4286 4305 4327 4251 4278 4219 4278 4269 4287 4335 4270 4273 4277 4289 4303 4331 4300 4337 4331 4287

Tree=0
num_leaves=45
num_cat=0
split_feature=34 15 14 15 27 0 36 0 0 37 37 37 12 37 36 0 36 15 37 37 36 0 34 37 31 37 0 36 37 15 37 36 37 37 2 36 36 31 15 37 2 37 36 37
split_gain=304.691 506.568 18.0458 6.86893 5.97121 5.44497 2.80705 2.39255 1.93157 2.52416 1.13233 1.03444 0.744936 0.992158 0.717344 0.562281 0.59445 0.488554 0.493557 0.418365 0.389092 0.364504 0.323166 0.275103 0.243479 0.214273 0.206322 0.189552 0.182589 0.172902 0.173655 0.170395 0.165684 0.190202 0.162752 0.127302 0.12648 0.115261 0.0881325 0.0878597 0.0840068 0.0755745 0.0636056 0.0625851
threshold=1.0000000180025095e-35 1.8150000357627867 7.6650000000000009 2.3826923076923081 11.900000000000002 11.984999656677248 1.5000000000000002 16.085000000000004 14.390000000000002 8.8800000000000008 11.992692307692311 9.6700000000000017 9.8250000000000011 11.760384615384618 2.5000000000000004 17.590000000000003 1.5000000000000002 2.305000000000001 7.4400000000000004 10.875000000000002 2.5000000000000004 17.890000000000004 3.5000000000000004 16.660000000000004 4.2000000000000011 9.6200000000000028 16.115000000000006 2.5000000000000004 17.280000000000005 2.5050000000000003 8.8800000000000008 2.5000000000000004 3.0500000000000003 13.265000000000002 16.455000000000002 2.5000000000000004 1.5000000000000002 4.2000000000000011 2.2746153846153851 3.0500000000000003 16.455000000000002 9.9800000000000022 2.5000000000000004 9.9950000000000028
decision_type=2 2 2 2 2 2 2 2 2 2 2 2 2 2 2 2 2 2 2 2 2 2 2 2 2 2 2 2 2 2 2 2 2 2 2 2 2 2 2 2 2 2 2 2
left_child=1 5 6 4 11 -1 26 8 22 14 15 20 23 -14 37 -5 -17 -9 -19 31 36 -12 39 38 -16 -11 29 -18 -21 -2 -31 -20 -24 35 -22 -34 -4 -10 43 -8 -38 -40 -27 -13
right_child=2 -3 3 10 -6 -7 7 17 9 25 21 12 13 -15 24 16 27 18 19 28 34 -23 32 -25 -26 42 -28 -29 -30 30 -32 -33 33 -35 -36 -37 40 -39 41 -41 -42 -43 -44 -45
leaf_value=-0.016414082521676188 -0.010330945860052131 -0.46053544659183454 -0.019803986648530371 -0.011177050636184436 -0.048563270320683118 -0.066931260396735845 -0.01221853208500478 -0.013367622964008889 0.013496184749274946 0.0044557533481173091 -0.0091676896352261769 -0.015460106878120154 -0.019539051589355799 -0.03526785563207184 0.027564109176811243 -0.0088258787419841257 -0.001552409709910621 -0.013058531994517477 -0.0033610961883941762 -0.0048933148496572813 -0.024178532104525301 -0.019104685807876564 -0.0061200704914318692 -0.023236309759215347 0.017367554343247042 -0.0061696434248652721 -0.01234944110755818 0.0054843245986046577 -0.013087103494428216 -0.002134936738470929 -0.0093985319878492086 0.0027448865798357716 -0.00014424645859334104 -0.005418532102886172 -0.030358532696548434 0.0074843247835006989 -0.021218532066378328 0.0064805980972441786 -0.015695865372402799 -0.0058672277417915735 -0.025658531695190404 -0.010308788486652905 -0.0014140877852009404 -0.017578312248908101
leaf_weight=36 116 26 110 54 49.5 22 20 55 26.5 28 42 190.5 115.5 33 26.5 49 49 40 58.5 46 50 54 26 36 34.5 36 137.5 49 28 44.5 40 58.5 28 20 60 28 50 34.5 37.5 46 60 30 36 168
leaf_count=36 111 14 44 24 27 16 20 30 20 14 39 93 51 30 20 21 21 16 26 30 20 36 26 36 25 32 75 21 28 30 30 26 28 20 24 28 20 25 18 46 24 24 32 129
internal_value=-0.0174549 -0.167111 -0.0119916 -0.0182801 -0.0214813 -0.0355758 -0.00401001 -0.00103368 0.00304198 0.00793967 -0.00760963 -0.0200559 -0.0181053 -0.0230343 0.0156628 -0.00419585 -0.00163132 -0.0065914 -0.00497801 -0.00328576 -0.0236646 -0.0147572 -0.00342996 -0.0165209 0.0217972 -0.00148253 -0.00996267 0.00196596 -0.00799367 -0.00832586 -0.00557333 -0.000308105 -0.000607552 0.00127831 -0.0275494 0.00367004 -0.0217222 0.00952835 -0.0159534 -0.00779187 -0.0236404 -0.0133016 -0.00379187 -0.0164527
internal_weight=2385 84 2301 1287 990 58 1014 676 390 222 297 940.5 610.5 148.5 122 201 147 286 231 191 330 96 168 462 61 100 338 98 74 200.5 84.5 117 102 76 110 56 220 61 426 66 110 67.5 72 358.5
internal_count=1506 66 1440 702 540 52 738 492 336 168 162 513 381 81 90 87 63 156 126 110 132 75 168 300 45 78 246 42 58 171 60 52 102 76 44 56 88 45 264 66 44 42 64 222
is_linear=0
shrinkage=1


Tree=1
num_leaves=45
num_cat=0
split_feature=34 1 14 15 16 0 22 35 35 5 35 0 0 16 0 22 35 0 10 0 35 15 35 19 33 35 35 7 35 35 35 31 29 13 0 16 0 33 19 15 11 11 35 0
split_gain=257.89 428.759 15.2739 5.84527 5.80292 4.60862 2.76733 1.29641 0.827068 1.15688 0.732959 0.709358 0.640513 0.514118 0.441114 0.352185 0.379822 0.350742 0.279234 0.156258 0.23555 0.152903 0.158886 0.152199 0.127693 0.124907 0.110912 0.106802 0.0996623 0.08453 0.222116 0.0756278 0.0624142 0.0599474 0.0589024 0.0415169 0.0411849 0.0259984 0.0225938 0.0219402 0.0204718 0.0145739 0.0154939 0.0377178
threshold=1.0000000180025095e-35 16.415000000000003 7.6650000000000009 2.5157692307692314 6.0226923076923082 11.984999656677248 53.300000000000004 1.0000000180025095e-35 1.5000000000000002 10.065000000000003 1.5000000000000002 15.825000000000001 17.860000000000003 6.1450000000000005 14.695000000000002 14.300000000000002 1.5000000000000002 16.085000000000004 7.6650000000000009 16.895000000000003 1.0000000180025095e-35 2.1950000000000003 1.5000000000000002 1.1000000000000003 2.5000000000000004 1.5000000000000002 1.0000000180025095e-35 9.8350000000000026 1.0000000180025095e-35 1.5000000000000002 1.0000000180025095e-35 11.4 1.7000000000000004 9.8250000000000011 14.240000000000002 5.9461538461538463 13.350000000000003 1.9000000000000001 14.600000000000001 3.1200000000000006 9.8550000000000022 7.8800000000000008 1.0000000180025095e-35 16.590000000000003
decision_type=2 2 2 2 2 2 2 2 2 2 2 2 2 2 2 2 2 2 2 2 2 2 2 2 2 2 2 2 2 2 2 2 2 2 2 2 2 2 2 2 2 2 2 2
left_child=1 5 6 4 -4 -1 13 38 18 27 12 14 39 32 -9 16 24 21 -6 41 40 25 -23 34 -15 28 -26 -10 36 30 -19 -16 -2 -22 -18 -12 -17 -27 -8 -5 -21 -20 43 -43
right_child=2 -3 3 10 8 -7 7 11 9 -11 35 -13 -14 15 31 17 23 29 19 20 33 22 -24 -25 26 37 -28 -29 -30 -31 -32 -33 -34 -35 -36 -37 -38 -39 -40 -41 -42 42 -44 -45
leaf_value=0.00095757611923747603 0.0026584198442522926 -0.40763408991006705 -0.026345982062489247 0.012287031014760336 0.0057474622647795412 -0.045518228885802356 0.0088726800909409154 0.02022970946298705 -0.007315911820048795 0.0037073905329323476 0.016701934451148624 0.017005843992586488 -0.00043317817953518695 0.0083823840681350598 0.03326675240482603 0.01407368039091428 0.0039938135221600536 0.0026810063049197198 0.0017255932754940456 -0.00564281330064491 -0.0025029856889020831 0.014295862376689911 0.021109253980111386 -4.0893274048964182e-05 0.00911157429466645 0.0076678253103185578 0.015121105930261445 -0.0042028593587187619 0.016885576446851094 0.011507206584468034 0.010719382401668665 0.028007647792498268 0.0066758095807950904 0.0015268667787313461 0.0086016284751481015 0.013621420323848726 0.0093869694446523985 0.011420943254516239 0.011992409949501355 0.0096373398701349901 -0.0089732177626518968 0.00042075776427552325 0.00080282904787196043 -0.00345137322055442
leaf_weight=36 49.5 26 66 36 54 22 39 36 255 90 52.5 67.5 54 66 42 24 30 33 63 27 42 60 34.5 30 30 27 57 97.5 48 82.5 66 30 49.5 54 43.5 60 24 21 24 45 21 69 180 21
leaf_count=36 27 14 36 24 36 16 39 36 102 36 21 30 36 66 36 24 30 33 42 27 21 42 21 12 30 27 30 39 48 33 33 24 27 27 21 24 24 21 24 30 21 69 90 21
internal_value=1.34544e-11 -0.137684 0.00502626 -0.00075919 -0.00338993 -0.0166712 0.0123693 0.0199054 -0.00183359 -0.00438796 0.0102899 0.0234393 0.00631572 0.0100516 0.0274602 0.0108396 0.00850388 0.0122661 0.000295047 -0.000322208 -0.00252408 0.0142828 0.0167833 0.00476095 0.0110359 0.0126419 0.0130489 -0.00645485 0.014308 0.00961596 0.00803992 0.0310755 0.00466711 -0.000236194 0.00672089 0.015059 0.0117303 0.00930981 0.0100611 0.010815 -0.00709987 0.000629955 0.000374306 -0.000482739
internal_weight=2385 84 2301 1287 1039.5 58 1014 238.5 973.5 442.5 247.5 175.5 135 775.5 108 676.5 256.5 420 531 477 144 238.5 94.5 103.5 153 144 87 352.5 96 181.5 99 72 99 96 73.5 112.5 48 48 63 81 48 333 270 90
internal_count=1506 66 1440 702 567 52 738 189 531 177 135 126 90 549 96 495 189 306 354 318 96 207 63 63 126 144 60 141 96 99 66 60 54 48 51 45 48 48 63 54 48 222 180 90
is_linear=0
shrinkage=0.08


Tree=2
num_leaves=45
num_cat=0
split_feature=34 1 14 24 16 37 36 22 37 37 22 15 37 36 36 12 36 35 36 37 1 22 37 1 12 37 34 36 2 1 15 37 35 34 37 7 22 3 36 16 35 17 33 11
split_gain=218.278 362.902 12.9279 5.09957 7.596 4.29188 2.4111 1.73865 1.31974 0.909328 0.887423 0.837603 0.658256 0.559269 0.403531 0.378245 0.36641 0.357339 0.356059 0.349125 0.268362 0.267258 0.263248 0.257135 0.163182 0.157779 0.1334 0.114095 0.107589 0.0995229 0.0992844 0.0930379 0.0717622 0.223119 0.111509 0.0887892 0.0694198 0.0560062 0.0491249 0.0446564 0.102705 0.0423748 0.0279516 0.0252362
threshold=1.0000000180025095e-35 16.415000000000003 7.6650000000000009 1.0000000180025095e-35 6.0226923076923082 9.7850000000000019 2.5000000000000004 53.300000000000004 9.4550000000000018 9.7850000000000019 53.300000000000004 3.035000000000001 9.6200000000000028 1.5000000000000002 1.5000000000000002 7.3800000000000017 1.5000000000000002 1.5000000000000002 2.5000000000000004 16.625000000000004 17.890000000000004 14.300000000000002 11.760384615384618 16.960000000000004 7.3450000000000015 13.095000000000002 3.5000000000000004 1.5000000000000002 16.465000000000003 16.960000000000004 2.1715384615384621 13.265000000000002 1.0000000180025095e-35 52.800000000000011 9.8250000000000011 10.025 2.7000000000000006 16.475000000000005 1.5000000000000002 6.8650000000000011 1.5000000000000002 3.3000000000000003 1.7000000000000004 9.8550000000000022
decision_type=2 2 2 2 2 2 2 2 2 2 2 2 2 2 2 2 2 2 2 2 2 2 2 2 2 2 2 2 2 2 2 2 2 2 2 2 2 2 2 2 2 2 2 2
left_child=1 5 6 4 -4 -1 10 15 -9 18 16 17 13 -12 -13 21 41 20 27 32 -5 36 -16 -17 26 30 -18 -6 -20 -26 -23 39 33 -11 -34 -36 -8 -29 -14 -28 -41 -2 -37 -21
right_child=2 -3 3 11 9 -7 7 8 -10 19 12 14 38 -15 22 23 24 -19 28 43 -22 25 -24 -25 29 -27 31 37 -30 -31 -32 -33 34 -35 35 42 -38 -39 -40 40 -42 -43 -44 -45
leaf_value=0.0023037730231881145 0.0041291828423377069 -0.37502337162311267 -0.034426893114742611 0.0060276116037534348 -0.0018112887733361938 -0.042182872147987716 0.0091814805512075073 0.035483568980521761 0.014350334079034868 0.00052119192918046158 0.011795693190381078 0.0056796889561266939 0.0047272228783574602 0.023701799576825434 0.016402413045303731 0.0053464763955509463 0.0064889972408612578 0.0072133690185017052 -0.0064668225582689047 -0.0047657382643471165 -0.0024318901224695665 0.017782776185444424 0.0085640230189476703 0.013384044196241158 0.0039135687683962963 0.012755709543009289 0.016160469673298025 -0.0034775425158441067 -0.01149150808652242 0.0087493117557760399 0.023787277785825057 0.0076351659677245396 0.0012453085411753919 0.0098112612891764883 -0.0041846659200059045 -0.0017086739135884692 0.014531930321699953 -0.0071028407414754236 0.0093836933168871661 0.015276455662467263 0.008689041935971805 0.006273781825726913 0.0009690805887564636 -0.0082553604741891235
leaf_weight=35 167.5 26 49.5 36 110 23 27 48.5 31 78 50.5 60.5 29 50.5 79 44 33 90 50 36 72 35 42 60.5 44 20 27 50 60 71.5 35.5 22 216 21 54 43.5 36.5 60 29 33 28 91 58.5 21
leaf_count=32 123 14 27 24 44 20 27 37 26 78 38 33 25 38 34 24 33 36 20 36 48 35 32 33 24 20 14 20 24 39 20 22 108 21 24 21 24 24 25 29 22 60 27 21
internal_value=-1.15726e-10 -0.126669 0.00462416 -0.000698455 -0.00395495 -0.0153375 0.0113798 0.0168967 0.0272429 -0.00219695 0.00862134 0.00708881 0.0138481 0.0177487 0.0110143 0.0137147 0.0070139 0.00349041 -0.00549128 -0.000137995 0.000387944 0.0162356 0.0136816 0.00999981 0.00914365 0.0190272 0.0109501 -0.00363313 -0.00920756 0.00690712 0.0208063 0.0122884 0.000577639 0.00249181 6.8222e-05 -0.00156159 0.0122569 -0.00545498 0.00705546 0.0134517 0.0122527 0.00488415 -0.000172903 -0.00605139
internal_weight=2385 84 2301 1287 907.5 58 1014 338 79.5 858 676 379.5 159 101 181.5 258.5 517 198 330 528 108 154 121 104.5 258.5 90.5 143 220 110 115.5 70.5 110 471 99 372 156 63.5 110 58 88 61 258.5 102 57
internal_count=1506 66 1440 702 495 52 738 246 63 468 492 207 126 76 99 183 366 108 132 336 72 126 66 57 183 75 120 88 44 63 55 87 279 99 180 72 51 44 50 65 51 183 48 57
is_linear=0
shrinkage=0.08


Tree=3
num_leaves=45
num_cat=0
split_feature=34 1 14 10 0 15 22 35 35 0 15 35 0 0 12 0 34 0 35 5 6 35 35 35 16 35 0 35 0 31 32 22 35 16 35 0 16 17 5 35 0 30 0 15
split_gain=184.751 307.16 10.9421 4.44463 3.79326 3.36438 1.9825 0.932858 0.560085 0.545147 0.501714 0.534229 0.469221 0.454742 0.420394 0.373359 0.329782 0.290387 0.238792 0.423948 0.305534 0.315141 0.19099 0.163178 0.118549 0.294316 0.112465 0.0823618 0.0669831 0.0640114 0.0633415 0.0605958 0.0544633 0.053854 0.0458051 0.0413885 0.0386027 0.0354879 0.0346834 0.0337408 0.0298216 0.0212431 0.0204739 0.0179387
threshold=1.0000000180025095e-35 16.415000000000003 7.6650000000000009 9.9550000000000018 11.984999656677248 2.5157692307692314 53.300000000000004 1.0000000180025095e-35 1.5000000000000002 15.825000000000001 1.8823076923076927 1.5000000000000002 17.860000000000003 17.255000000000006 7.3450000000000015 14.695000000000002 3.5000000000000004 17.070000000000004 1.0000000180025095e-35 10.065000000000003 10.105000000000002 1.5000000000000002 1.0000000180025095e-35 1.0000000180025095e-35 6.8650000000000011 1.5000000000000002 14.280000000000003 1.0000000180025095e-35 16.625000000000004 11.4 2.5000000000000004 10.200000000000001 1.5000000000000002 6.8650000000000011 1.5000000000000002 17.020000000000003 5.9461538461538463 4.2000000000000011 10.045000000000002 1.5000000000000002 17.355000000000004 3.5000000000000004 13.955000000000002 3.1200000000000006
decision_type=2 2 2 2 2 2 2 2 2 2 2 2 2 2 2 2 2 2 2 2 2 2 2 2 2 2 2 2 2 2 2 2 2 2 2 2 2 2 2 2 2 2 2 2
left_child=1 4 6 5 -1 10 14 41 12 15 11 13 43 27 16 -9 34 38 19 -12 31 -22 26 -19 32 -26 -18 28 -4 -17 -27 39 -24 -28 42 -13 -10 40 -16 -20 -25 -8 -2 -7
right_child=2 -3 3 -5 -6 8 7 9 36 -11 18 35 -14 -15 17 29 22 23 20 -21 21 -23 24 37 25 30 33 -29 -30 -31 -32 -33 -34 -35 -36 -37 -38 -39 -40 -41 -42 -43 -44 -45
leaf_value=0.0018829787770907084 0.0092128135884801537 -0.34502150975740875 -9.5412109635378183e-05 -0.020863650625740943 -0.040281605029648004 0.010486838550617297 0.010193572794949566 0.016718504188789264 0.014532033443450927 0.014205792586008709 0.011367110957702001 -0.0063385678217524576 -0.00047155861259886515 -0.0094115729205724273 0.004779676037530105 0.028712584113790875 0.011371093010291076 0.0035711957729206633 -0.0017890526275291588 -0.00095324814462890994 -0.0017834959041189264 0.0064159054825151411 0.013048092041696822 0.0070633734183179007 0.014837295600236991 0.010209667033382826 0.0086258256719225941 0.0011141247782976396 -0.0045032464697336155 0.023874207536379494 0.0058160260319709781 -7.8499741438362334e-06 0.017199808099330999 0.0032241563129894158 0.0036984945918348707 -0.0038272289775666737 0.011561601032813392 0.010731060001585217 0.0021861302058184236 -0.0042158422140461029 0.0097220982445610903 0.0072250777731339135 0.0062837320459740503 0.0080909275644355343
leaf_weight=36 24 26 57 66 22 36 27 36 52.5 67.5 33 210 54 36 66 42 39 39 66 39 54 67.5 42 54 78 42 21 186 36 30 42 54 39 27 33 52.5 60 67.5 66 82.5 54 36 42 45
leaf_count=36 24 14 57 36 16 24 27 36 21 30 33 84 36 24 36 36 39 39 33 39 27 27 21 24 66 42 21 93 36 24 24 24 21 27 33 21 24 30 36 33 24 36 42 30
internal_value=-1.64491e-10 -0.116535 0.00425422 -0.000642578 -0.0141105 0.000450453 0.0104694 0.016848 0.00877892 0.0198457 -0.00166695 -0.00317086 0.00530484 -0.000949666 0.0085077 0.0233706 0.0101817 0.00643516 0.000526249 0.00469358 -0.000399826 0.00277173 0.0113966 0.00825193 0.0125482 0.0112987 0.00818008 0.000142193 -0.00180167 0.0266966 0.00801285 -0.00230276 0.0150471 0.00558739 0.00613207 -0.0058363 0.0129478 0.00929209 0.0034829 -0.00313727 0.00839274 0.00849729 0.00734885 0.00915578
internal_weight=2385 84 2301 1287 58 1221 1014 238.5 247.5 175.5 973.5 577.5 135 315 775.5 108 429 346.5 396 72 324 121.5 330 214.5 243 162 87 279 93 72 84 202.5 81 48 99 262.5 112.5 175.5 132 148.5 108 63 66 81
internal_count=1506 66 1440 702 52 666 738 189 135 126 531 315 90 210 549 96 360 189 216 72 144 54 261 117 174 132 87 186 93 60 66 90 42 48 99 105 45 78 72 66 48 63 66 54
is_linear=0
shrinkage=0.08


Tree=4
num_leaves=45
num_cat=0
split_feature=31 16 0 14 10 15 36 0 36 0 35 0 35 0 0 15 36 0 0 35 15 35 5 6 35 35 0 0 0 36 0 20 35 19 15 14 36 0 16 35 0 0 15 19
split_gain=46.987 68.1356 76.2881 8.80271 3.871 2.67479 2.0392 1.01881 0.660884 0.625259 0.701741 0.570048 0.474056 0.397148 0.396107 0.392342 0.439067 0.39106 0.298014 0.403543 0.28585 0.202113 0.35883 0.258604 0.266736 0.162312 0.160533 0.141047 0.113602 0.0771753 0.0751182 0.0734624 0.062791 0.0592022 0.0574977 0.0516089 0.0554136 0.0431626 0.0326733 0.0318721 0.0301486 0.0280747 0.0199939 0.019607
threshold=1.0000000180025095e-35 6.8750000000000018 16.415000000000003 7.6650000000000009 9.9550000000000018 2.5157692307692314 2.5000000000000004 16.050000000000004 1.5000000000000002 14.390000000000002 1.0000000180025095e-35 16.660000000000004 1.5000000000000002 17.860000000000003 16.085000000000004 1.8823076923076927 2.5000000000000004 15.345000000000001 16.920000000000005 1.5000000000000002 2.4900000000000007 1.0000000180025095e-35 10.065000000000003 10.105000000000002 1.5000000000000002 1.5000000000000002 15.4 11.984999656677248 17.150000000000002 1.5000000000000002 16.115000000000006 0.3000000000000001 1.5000000000000002 0.50000000000000011 2.5050000000000003 7.7950000000000008 1.5000000000000002 17.220000000000002 5.9461538461538463 1.0000000180025095e-35 15.475000000000001 13.710000000000003 0.65499999999999947 0.50000000000000011
decision_type=2 2 2 2 2 2 2 2 2 2 2 2 2 2 2 2 2 2 2 2 2 2 2 2 2 2 2 2 2 2 2 2 2 2 2 2 2 2 2 2 2 2 2 2
left_child=1 2 -1 6 5 15 8 9 30 31 -11 27 13 -7 20 16 25 -12 19 -18 33 22 -17 35 -25 39 -22 -3 -9 -27 34 -8 41 -10 43 -23 -37 -16 -14 42 -36 -29 -5 -2
right_child=3 11 -4 4 -6 12 7 28 14 10 17 -13 38 -15 37 21 18 -19 -20 -21 26 23 -24 24 -26 29 -28 32 -30 -31 -32 -33 -34 -35 40 36 -38 -39 -40 -41 -42 -43 -44 -45
leaf_value=0.00062266784513162238 0.0025185568331896019 0.0017323404959299498 -0.12839156886536834 -0.0029645946147766984 -0.01919455858681238 0.0084233147107685598 0.0098019907996058468 0.007244765796896183 0.0059196058598657451 0.012231445908546449 0.033477933338710242 -0.0036161051419648254 0.013369470619020008 -0.00043383387779748 0.0048790625031247285 0.010457742136310448 -8.6694183862871604e-05 0.022118201529842684 -0.012530729546175375 -0.0095834635552905865 0.019785457785065109 -0.00031238300077341221 -0.00087698826757379069 -0.001640816237087603 0.0059026330323130993 -0.0013370437111173358 0.012849123702190891 0.011470558171470959 0.012035381354137578 -0.0050936442698751175 0.0033003522886290945 0.015427411198616028 0.0045241689713050922 0.01059395757675171 0.0090354391461924498 -0.00072944616428059013 -0.0041676973477005955 0.0078672047749613269 0.010636672824621201 0.001252075992524624 0.0059978184648739399 0.0076010369509458544 0.00013055418453672353 0.0051635387235544096
leaf_weight=49.5 24 36 72 22 66 81 24 49.5 24 27 35 66 52.5 54 49.5 33 63 43.5 38.5 52.5 37 67.5 39 54 67.5 70 50.5 24 88 70 126.5 39 24 62.5 38 45 90 82.5 60 112 46.5 24 34 71
leaf_count=27 24 36 39 22 36 54 24 27 24 27 32 36 21 36 27 33 42 22 21 21 33 30 39 27 27 28 30 24 48 28 69 39 24 60 33 20 40 45 24 56 27 24 34 66
internal_value=1.48528e-11 -0.0298591 -0.0758302 0.00422272 -0.00037378 0.000749848 0.0100885 0.0154208 0.00742237 0.0195907 0.0233566 0.00224138 0.0080766 0.00488046 0.0100513 -0.00136364 -0.00294746 0.0271831 -0.00643524 -0.00440341 0.0125583 0.000484149 0.0043181 -0.00036784 0.00254999 -0.00120356 0.0157822 0.00582095 0.0103108 -0.00321534 0.00479345 0.0132844 0.00786525 0.00929703 0.00584569 -0.00211854 -0.00302161 0.00674665 0.011912 0.000472918 0.00736385 0.0095358 -0.0010854 0.00449533
internal_weight=2385 295.5 121.5 2089.5 1171.5 1105.5 918 306 612 168.5 105.5 174 247.5 135 306 858 462 78.5 154 115.5 174 396 72 324 121.5 308 87.5 108 137.5 140 306 63 72 86.5 179.5 202.5 135 132 112.5 168 84.5 48 56 95
internal_count=1506 210 66 1296 639 603 657 219 438 144 81 144 135 90 219 468 252 54 84 63 147 216 72 144 54 168 63 108 75 56 219 63 72 84 150 90 60 72 45 112 60 48 56 90
is_linear=0
shrinkage=0.08


Tree=5
num_leaves=45
num_cat=0
split_feature=34 1 14 37 4 35 12 36 3 1 37 37 35 36 22 37 36 22 37 37 36 37 4 34 37 36 37 11 37 37 34 36 34 37 22 37 1 28 23 34 20 1 37 37
split_gain=143.156 246.216 7.72099 3.17395 2.51416 6.63244 2.46008 1.66479 1.62848 0.66803 0.748151 0.654966 0.591228 0.589492 0.570521 0.895327 0.551401 0.266614 0.433416 0.259873 0.256294 0.238449 0.236673 0.186663 0.173957 0.172203 0.156744 0.133601 0.107275 0.102998 0.0882364 0.084154 0.0817024 0.0688235 0.0559207 0.0824508 0.0529126 0.046498 0.041428 0.0369974 0.0287029 0.0246664 0.0209287 0.0173326
threshold=1.0000000180025095e-35 16.415000000000003 8.5500000000000025 9.7850000000000019 17.955000000000002 1.5000000000000002 7.3250000000000011 2.5000000000000004 16.440000000000001 17.545000000000005 9.7850000000000019 7.4800000000000013 1.5000000000000002 2.5000000000000004 53.300000000000004 9.4550000000000018 1.5000000000000002 53.300000000000004 9.4550000000000018 11.984999656677248 2.5000000000000004 16.185000000000006 16.140000000000004 3.5000000000000004 13.265000000000002 1.5000000000000002 16.625000000000004 7.7750000000000012 17.220000000000002 7.8750000000000009 3.5000000000000004 1.5000000000000002 61.500000000000007 13.265000000000002 19.300000000000004 9.4050000000000029 14.240000000000002 44.100000000000001 1.9000000000000001 26.700000000000006 0.90000000000000013 14.240000000000002 12.049615384615388 10.010000000000002
decision_type=2 2 2 2 2 2 2 2 2 2 2 2 2 2 2 2 2 2 2 2 2 2 2 2 2 2 2 2 2 2 2 2 2 2 2 2 2 2 2 2 2 2 2 2
left_child=1 3 6 -1 9 -6 7 16 21 12 -11 -10 26 25 23 -16 34 30 -19 32 31 22 43 -9 36 38 -4 -23 -27 -24 -18 -14 -15 41 -2 39 -25 -12 -13 -36 -31 -32 -40 -8
right_child=2 -3 4 -5 5 -7 8 14 11 10 37 13 20 19 15 -17 17 18 -20 -21 -22 27 29 24 -26 28 -28 -29 -30 40 33 -33 -34 -35 35 -37 -38 -39 42 -41 -42 -43 -44 -45
leaf_value=0.0042915939008817076 0.0030474386748301891 -0.30714844373556283 0.00086585191691405765 -0.033964991569519043 -0.03365119368113853 0.0079342133998870842 0.0038907841077217686 0.0080912452281424498 -0.0011246078720404987 0.01132496454602196 0.0014436402522759245 0.0067781956975950918 -0.0016857732265226303 0.012357267747322718 0.02863773662712156 0.011231185390103249 0.0049866657139676987 0.019135499873112159 0.0070246520446192832 0.0065458942041732374 -0.0091843219572497956 0.010652153167341437 -0.0038797893594160228 0.014138581960490256 0.0084843581595591133 0.0091215890622043227 -0.0042896707155224353 0.0016281345326847041 0.0031747474861533748 -0.0015717430451726603 0.0090604753747130888 -0.0054139075586872717 0.01670102628689368 0.0056379504909827597 0.0050757628363190281 0.0033806418686766516 0.018257757484322727 -0.0021054824231261458 0.0041869348066193718 0.0083691350295562149 0.00052800089818084495 0.011872917986152197 0.0016018858996148294 0.0018024102520689163
leaf_weight=35 64.5 26 234 23 54 45 58.5 33 52.5 52.5 42 34 77.5 60 48.5 31 33 48.5 31 36 77.5 21 82.5 33 21 124.5 45 21 23 76.5 33 77.5 51.5 21 33 55 50.5 54 87.5 64.5 91.5 50.5 26 45
leaf_count=32 57 14 141 20 36 18 24 33 21 21 24 20 31 27 37 26 33 37 26 33 31 21 33 33 21 60 45 21 23 39 33 31 23 21 30 48 30 36 39 45 51 30 24 27
internal_value=7.42506e-11 -0.102582 0.00374483 -0.0108791 -0.00286043 -0.0147487 0.00699605 0.0107343 0.00426472 -0.00107718 0.00364645 0.00732378 -0.00244856 0.00832613 0.0164556 0.0218503 0.00787368 0.0107252 0.014413 0.0124555 -0.005428 0.0004409 -0.000235281 0.0133365 0.0149929 0.00626143 3.4316e-05 0.00614014 0.00819428 -0.00156491 0.00859298 -0.00354984 0.0143636 0.00973182 0.00502214 0.00585734 0.0166298 -0.000552741 0.00432857 0.00725446 -0.000428133 0.0107614 0.00359477 0.0029828
internal_weight=2385 84 2301 58 759 99 1542 651 891 660 148.5 495 511.5 442.5 217 79.5 434 217 79.5 147.5 232.5 396 354 137.5 104.5 295 279 42 147.5 250.5 137.5 155 111.5 104.5 217 152.5 83.5 96 147.5 97.5 168 83.5 113.5 103.5
internal_count=1506 66 1440 52 414 54 1026 540 486 360 81 270 279 249 180 63 360 180 63 83 93 216 174 117 84 166 186 42 83 123 117 62 50 84 180 123 63 60 83 75 90 63 63 51
is_linear=0
shrinkage=0.08


Tree=6
num_leaves=45
num_cat=0
split_feature=34 1 14 37 10 12 3 22 0 37 37 37 37 37 37 10 37 34 37 4 37 22 37 10 37 37 22 18 14 0 37 32 37 27 37 0 0 21 22 12 37 0 29 14
split_gain=121.167 208.397 6.53505 2.68643 2.37313 2.08221 1.37835 0.672515 0.604492 0.682383 0.554363 0.42763 0.560451 0.363166 0.306916 0.406906 0.296041 0.208978 0.201823 0.20032 0.168238 0.143578 0.207977 0.11308 0.0871779 0.0740867 0.0915783 0.0647056 0.0610336 0.0559461 0.0551469 0.0817381 0.0779138 0.0489196 0.0437649 0.0413759 0.0386527 0.037228 0.0356173 0.0340978 0.0324612 0.0300579 0.0288367 0.0247044
threshold=1.0000000180025095e-35 16.415000000000003 8.5500000000000025 9.7850000000000019 9.9550000000000018 7.3250000000000011 16.440000000000001 89.40000000000002 17.875000000000004 9.8750000000000018 7.4800000000000013 13.56 3.0500000000000003 9.7850000000000019 9.9450000000000021 9.9200000000000017 17.220000000000002 59.500000000000007 16.185000000000006 16.140000000000004 8.2800000000000011 14.300000000000002 9.4050000000000029 7.7550000000000008 7.8750000000000009 4.745000000000001 63.400000000000013 6.4000000000000012 7.455000000000001 13.350000000000003 10.875000000000002 8.4000000000000004 8.5900000000000016 4.1000000000000005 16.740000000000006 15.880000000000001 15.935000000000002 3.8000000000000003 2.7000000000000006 9.9200000000000017 6.6650000000000009 17.220000000000002 8.4000000000000004 7.7950000000000008
decision_type=2 2 2 2 2 2 2 2 2 2 2 2 2 2 2 2 2 2 2 2 2 2 2 2 2 2 2 2 2 2 2 2 2 2 2 2 2 2 2 2 2 2 2 2
left_child=1 3 5 -1 8 7 18 11 13 -10 -8 12 29 -4 39 34 30 21 19 -7 -9 38 25 -20 -21 27 40 -23 -18 -2 32 42 33 -12 -16 -24 37 -13 -14 -15 -27 -34 -32 -26
right_child=2 -3 4 -5 -6 6 10 20 9 -11 16 36 17 14 15 -17 28 -19 23 24 -22 22 35 -25 43 26 -28 -29 -30 -31 31 -33 41 -35 -36 -37 -38 -39 -40 -41 -42 -43 -44 -45
leaf_value=0.0039482664529766351 0.0067087033813974508 -0.28257657564603367 -0.0051700059063272711 -0.031247791570165884 -0.017126790467565031 0.0027441718972823471 -0.0010346392881834792 0.022890431616041394 0.0098594626883665732 -0.0011920088797933975 0.0062695469707250593 0.004400253958763584 0.0055557522453643657 0.0013563159604867302 -0.00068073245582156005 -0.013869763235251109 -0.00075139583044108891 0.017821436494588852 0.0097999809434016552 -0.0035694063098141646 0.013959727833668391 0.012551684780489831 0.0096523889038297866 0.0014978837199686541 0.001209986468984021 0.014645753709169537 0.017339470921418604 0.0071129616682550738 0.004419535951456055 0.0019258427165655626 0.0071046369567158672 0.0096682722038692898 0.0091431135081109557 0.0094090354707505961 -0.004277078016717552 0.0058168412943681086 0.001936296552441837 0.0073575549386441707 0.0090983288808985877 -0.001078011771684052 0.01174665637369509 0.011857562151508055 0.0040836533951835756 -0.00098066298790821203
leaf_weight=35 24 26 202.5 23 66 103.5 52.5 27 60 88.5 60 63 27 177 63 22.5 21 30 21 82.5 27 42 45 21 45 39 39 21 48 45 42 54 42 67.5 33 30 21 48 55.5 46.5 67.5 69 39 123
leaf_count=32 24 14 81 20 36 51 21 24 24 57 24 63 27 87 60 15 21 30 21 33 21 42 39 21 24 30 27 21 48 45 24 33 21 27 33 15 21 48 33 21 30 30 21 66
internal_value=-1.50984e-11 -0.094375 0.00344524 -0.0100088 -0.00263159 0.00643637 0.00392354 0.00987558 -0.0012511 0.00327323 0.00673788 0.00910226 0.010243 -0.002485 -0.000895202 -0.00418649 0.00766004 0.0114024 0.000405628 -0.000216459 0.0184251 0.0108762 0.011731 0.00564893 -0.00143971 0.0130305 0.0140228 0.0107388 0.00284577 0.00358945 0.00854942 0.00725736 0.00928078 0.00793163 -0.00191698 0.00811817 0.00508364 0.00567909 0.00793894 0.000849845 0.0128083 0.0108305 0.00565009 -0.000393882
internal_weight=2385 84 2301 58 759 1542 891 651 693 148.5 495 597 465 544.5 342 118.5 442.5 396 396 354 54 366 283.5 42 250.5 208.5 145.5 63 69 69 373.5 135 238.5 127.5 96 75 132 111 82.5 223.5 106.5 111 81 168
internal_count=1506 66 1440 52 414 1026 486 540 378 81 270 495 363 297 216 108 249 294 216 174 45 264 204 42 123 150 87 63 69 69 180 78 102 51 93 54 132 111 60 108 60 51 45 90
is_linear=0
shrinkage=0.08


Tree=7
num_leaves=45
num_cat=0
split_feature=34 15 14 37 37 37 12 0 36 3 35 36 12 36 22 37 37 36 36 22 37 37 37 4 27 36 37 22 10 34 37 37 36 34 35 37 36 22 37 37 5 34 30 20
split_gain=102.556 176.387 5.53126 2.2738 2.02027 21.5601 1.76374 1.4775 1.42495 1.14675 0.508979 0.508428 0.65444 0.470191 0.449084 0.697322 0.438496 0.480073 0.216927 0.200219 0.320889 0.193009 0.170823 0.169551 0.144675 0.140004 0.139324 0.177714 0.0957107 0.0859978 0.0759555 0.0737874 0.071228 0.0600776 0.0517374 0.0493104 0.0404473 0.034053 0.0509849 0.0251063 0.0250716 0.0245344 0.0244103 0.0221746
threshold=1.0000000180025095e-35 1.8150000357627867 8.5500000000000025 9.7850000000000019 11.703076923076924 11.760384615384618 7.3450000000000015 17.475000000000005 2.5000000000000004 16.440000000000001 1.5000000000000002 2.5000000000000004 9.7050000000000018 1.5000000000000002 53.300000000000004 8.7150000000000016 7.5300000000000002 2.5000000000000004 2.5000000000000004 53.300000000000004 9.6200000000000028 11.984999656677248 16.185000000000006 16.140000000000004 8.7000000000000011 1.5000000000000002 14.055000000000001 2.7000000000000006 7.7550000000000008 61.500000000000007 17.325000000000003 7.8750000000000009 1.5000000000000002 3.5000000000000004 1.5000000000000002 13.265000000000002 1.5000000000000002 19.300000000000004 9.4050000000000029 17.325000000000003 10.875000000000002 26.700000000000006 2.5000000000000004 0.90000000000000013
decision_type=2 2 2 2 2 2 2 2 2 2 2 2 2 2 2 2 2 2 2 2 2 2 2 2 2 2 2 2 2 2 2 2 2 2 2 2 2 2 2 2 2 2 2 2
left_child=1 3 6 -1 7 -6 8 10 13 22 -4 36 -13 37 26 -16 -11 25 32 33 -21 29 23 -8 -9 39 27 -10 -24 -19 -27 -25 -12 -15 42 -35 -7 -2 41 40 -18 -39 -29 -33
right_child=2 -3 4 -5 5 11 9 24 14 16 18 12 -14 19 15 -17 17 21 -20 20 -22 -23 28 31 -26 30 -28 34 -30 -31 -32 43 -34 35 -36 -37 -38 38 -40 -41 -42 -43 -44 -45
leaf_value=0.0036324049702712471 0.0023434115013639843 -0.25997045076810399 0.0010252200908237889 -0.028747969762138698 -0.11317595660686493 0.0013686409445739735 0.0025246381166656525 0.0048654000774810196 0.0062671441082721166 -0.00070545138525111341 -0.0011465398448128855 -0.0032371582892386521 -0.020224318688824062 0.0042219807738156029 0.025377718820687262 0.010172004898389179 0.0056438811987206561 0.010443486992655128 -0.0080452046317438936 0.016075214325348929 0.0055166080337146232 0.0056843094485146666 0.0090159824259933973 -0.0032838537681734925 0.010339116352575797 0.0077127228875954945 0.0055470791104294008 0.014229593276977539 0.0013780529852513046 0.014995603731700353 0.0025992979930544442 -0.0013675505366005931 -0.0045764236796286802 0.0089607772853394791 0.011986454780711683 0.0047262695558707825 -0.001390635070445783 0.0037991873440191603 0.0025271446339108728 0.00088365271348844884 0.0030889525706743639 0.0064810926230378851 0.017604717612266542 0.00047802439906069493
leaf_weight=35 70 26 186 23 11.999999999999998 68 103.5 57 23 52.5 77.5 47 21 33 46.5 33 34.5 58 77.5 50.5 29 35 21 82.5 67.5 120 21 32 21 49 22 76.5 77.5 88 43 22 68 33 55 22 85.5 64.5 24 91.5
leaf_count=32 60 14 93 20 6 57 51 24 23 21 31 39 18 33 36 27 20 26 31 38 25 32 21 33 27 58 21 30 21 22 22 39 31 65 31 22 57 30 48 22 38 45 15 51
internal_value=-6.91844e-11 -0.086825 0.00316962 -0.00920809 -0.00242106 -0.00896511 0.00592146 0.000182092 0.0090183 0.00355766 -0.00209401 -0.00283506 -0.00848319 0.00640465 0.0142456 0.0190659 0.00619309 0.00704326 -0.00458939 0.00900509 0.0122236 0.0108413 0.000373178 -0.000199142 0.00783308 0.00514426 0.0115658 0.0126018 0.00519702 0.0125281 0.0069205 -0.00132454 -0.00286148 0.00721575 0.0140735 0.00811388 -1.09971e-05 0.0038042 0.00447473 0.00336803 0.00382349 0.00557337 0.0156761 -0.000362371
internal_weight=2385 84 2301 58 759 216 1542 543 667.5 874.5 418.5 204 68 445 222.5 79.5 478.5 426 232.5 222.5 79.5 142 396 354 124.5 284 143 122 42 107 142 250.5 155 143 99 110 136 222.5 152.5 142 120 97.5 56 168
internal_count=1506 66 1440 52 414 177 1026 237 549 477 186 171 57 366 183 63 261 240 93 183 63 80 216 174 51 160 120 99 42 48 80 123 62 120 76 87 114 183 123 80 58 75 45 90
is_linear=0
shrinkage=0.08


Tree=8
num_leaves=45
num_cat=0
split_feature=34 1 14 0 37 37 0 0 36 4 15 37 36 35 36 14 36 37 37 15 37 36 9 37 37 37 36 37 37 33 14 36 37 37 32 37 37 17 37 15 37 4 17 36
split_gain=86.8033 149.294 4.68166 2.11331 1.70995 18.2485 1.50414 1.25056 1.17963 0.976095 0.551322 0.619422 0.435292 0.4308 0.430334 0.592625 0.387009 0.386215 0.264836 0.218062 0.264 0.183607 0.147841 0.170329 0.135908 0.133579 0.128785 0.095009 0.0826481 0.0732605 0.0643006 0.0602873 0.05744 0.0599837 0.041791 0.0401783 0.0399649 0.0378926 0.0368735 0.0368026 0.0367833 0.0353506 0.0221084 0.0215944
threshold=1.0000000180025095e-35 16.415000000000003 8.5500000000000025 11.984999656677248 11.703076923076924 11.760384615384618 16.085000000000004 17.475000000000005 2.5000000000000004 16.475000000000005 2.4900000000000007 8.7150000000000016 2.5000000000000004 1.5000000000000002 2.5000000000000004 9.5600000000000005 1.5000000000000002 16.245000000000001 11.984999656677248 2.5050000000000003 8.8800000000000008 2.5000000000000004 9.9050000000000029 7.8500000000000005 3.0500000000000003 13.835000000000003 1.5000000000000002 8.3850000000000033 12.049615384615388 5.7000000000000002 7.7750000000000012 1.5000000000000002 3.0500000000000003 13.835000000000003 4.6000000000000005 10.105000000000002 9.9050000000000029 0.90000000000000013 8.490000000000002 2.5050000000000003 8.7150000000000016 17.955000000000002 2.5000000000000004 1.5000000000000002
decision_type=2 2 2 2 2 2 2 2 2 2 2 2 2 2 2 2 2 2 2 2 2 2 2 2 2 2 2 2 2 2 2 2 2 2 2 2 2 2 2 2 2 2 2 2
left_child=1 3 6 -1 7 -6 8 13 16 17 24 -12 26 -4 41 -16 39 22 27 32 -21 31 34 -24 -10 37 -11 -14 38 -9 -25 -15 -18 42 -8 -32 -36 -26 -28 -2 -41 43 -34 -7
right_child=2 -3 4 -5 5 14 9 29 10 12 11 -13 18 21 15 -17 19 -19 -20 20 -22 -23 23 30 25 -27 28 -29 -30 -31 35 -33 33 -35 36 -37 -38 -39 -40 40 -42 -43 -44 -45
leaf_value=0.0034661859594699407 0.0026220858013531302 -0.23917281811053936 0.00094320248291697548 -0.028005739829756994 -0.10412187814712524 0.000464378156380176 0.00070356283892667099 0.0053347328224385426 0.0044339526136932166 0.0027355837212513466 0.025055402102095361 0.011591436197591383 0.0086018828749656676 -0.0010548166651879586 -0.002812404080313888 -0.018977407997230158 0.0027263462843130463 0.0089076613117423323 0.00331332294855799 0.015922114983033597 0.0069661886319518085 -0.007401588239977437 -0.003413030687815104 0.0024225421689169587 0.010622487862904866 0.0056581017673015604 0.0053232183320955796 0.013077069057358637 0.0023849553350980082 0.0092185075829426446 -0.0012288582571309762 -0.0042103097179243647 0.0069700117168181091 0.0034916965131248745 0.0053546098902307708 0.0018739256449043752 0.0017511714146369035 0.014634054062175161 0.0080784486473857112 0.0064992311842301314 0.0031609389310081797 0.0025229800705398832 0.0098880980106500482 -0.0017980706243327371
leaf_weight=36 110.5 26 186 22 11.999999999999998 54 46.5 64.5 23 159.5 44.5 43 52.5 77.5 47 21 23 36 35 44.5 40 77.5 97.5 79.5 24 20 55 72 33 60 103.5 77.5 34 21 43.5 36 36 40.5 71.5 42.5 42 28 32.5 54
leaf_count=36 108 14 93 16 6 47 24 27 23 87 31 32 21 31 37 20 23 36 32 30 30 31 39 42 24 20 22 34 31 24 48 31 34 21 18 30 24 38 34 29 31 20 30 47
internal_value=-8.45995e-11 -0.079879 0.00291605 -0.00847144 -0.00222738 -0.0082479 0.00544774 0.000167525 0.00864348 0.00349424 0.0137239 0.0184388 0.00604917 -0.00192649 -0.00260826 -0.00780454 0.00610327 0.0009393 0.00946153 0.00862337 0.0116826 -0.00422224 0.000291027 -0.000631608 0.00988616 0.0113702 0.00434299 0.0111899 0.00595041 0.00720643 0.000606697 -0.00263256 0.00628394 0.00721908 0.0026086 -0.00042814 0.00372286 0.0131414 0.00688052 0.00358317 0.00483996 -1.01173e-05 0.00839614 -0.000666846
internal_weight=2385 84 2301 58 759 216 1542 543 585 957 195 87.5 478.5 418.5 204 68 390 478.5 159.5 195 84.5 232.5 442.5 316.5 107.5 84.5 319 124.5 159.5 124.5 219 155 110.5 87.5 126 139.5 79.5 64.5 126.5 195 84.5 136 66.5 108
internal_count=1506 66 1440 52 414 177 1026 237 504 522 168 63 261 186 171 57 336 261 87 168 60 93 225 159 105 82 174 55 87 51 120 62 108 85 66 78 42 62 56 168 60 114 64 94
is_linear=0
shrinkage=0.08


Tree=9
num_leaves=45
num_cat=0
split_feature=32 16 33 14 37 37 37 6 0 15 15 37 0 37 37 37 0 37 4 37 27 37 37 37 0 15 14 22 37 37 4 37 18 37 0 0 37 0 0 37 37 29 27 14
split_gain=22.3354 39.7059 58.0405 3.78397 1.55658 15.3916 1.55617 1.33541 1.00492 0.798673 0.426002 0.628767 0.334108 0.288844 0.28861 0.254553 0.252428 0.191677 0.165811 0.160856 0.10939 0.101147 0.0942834 0.136157 0.0902672 0.0866089 0.0755588 0.0753625 0.0713677 0.0680388 0.0645957 0.0543761 0.0526384 0.0470839 0.0459845 0.0452754 0.0426163 0.0370622 0.0305547 0.0252787 0.025226 0.0154857 0.0146579 0.0134634
threshold=1.0000000180025095e-35 6.8350000000000017 3.5000000000000004 8.5500000000000025 11.703076923076924 11.760384615384618 11.802307692307695 9.7950000000000017 17.475000000000005 2.4650000000000012 2.5050000000000003 8.7150000000000016 16.625000000000004 7.4050000000000011 12.049615384615388 9.7850000000000019 15.4 16.185000000000006 16.140000000000004 4.1100000000000003 8.7000000000000011 6.8050000000000006 3.0500000000000003 13.955000000000002 13.645000000000001 3.1250000000000004 7.4200000000000008 5.4000000000000012 10.875000000000002 7.8950000000000005 17.355000000000004 9.6200000000000028 6.4000000000000012 4.3200000000000012 11.984999656677248 14.280000000000003 17.630000000000006 13.350000000000003 16.740000000000006 9.9800000000000022 7.8050000000000006 10.800000000000002 1.6000000000000003 7.7750000000000012
decision_type=2 2 2 2 2 2 2 2 2 2 2 2 2 2 2 2 2 2 2 2 2 2 2 2 2 2 2 2 2 2 2 2 2 2 2 2 2 2 2 2 2 2 2 2
left_child=1 2 -1 7 8 -6 -7 10 15 17 22 16 19 -11 25 -5 21 18 39 34 -10 -12 37 27 -21 41 -16 -24 40 -20 -28 -13 35 -34 -3 -29 38 -2 -8 -9 -27 42 -15 -31
right_child=3 12 -4 4 5 6 36 9 20 13 11 31 -14 14 26 -17 -18 -19 29 24 -22 -23 23 -25 -26 28 30 32 -30 43 -32 -33 33 -35 -36 -37 -38 -39 -40 -41 -42 -43 -44 -45
leaf_value=-0.13224890623373145 0.005492719414510897 -0.00089741587638854977 -0.011073200489357114 -0.0039253713963688288 -0.095792124668757112 -0.042501304348309836 -0.00021741313351042295 0.0040290571486248693 0.0040493894198484585 0.00015832870919257403 0.015022901603669831 0.0088684776099398743 -0.0023102702366921937 0.0069157075209002336 -0.0012555431471102769 0.00030893858560981853 0.011031024664398131 0.006083207826854454 -0.00277509373273605 0.0120032114642007 0.0088090289676630937 0.021286496140740137 0.0048101989209651946 0.0032604546450060229 0.0054033986147907047 0.0056555499898062814 0.0065667324829846623 0.0084733309876173744 0.0039029298687510718 0.0013198382488411407 0.0018345902066600197 0.0054462310447333717 0.0039197613336035006 0.0089705053440950529 0.0039153362965832156 0.012226418762390192 0.0012436749260777082 0.0010116197537044407 -0.0026098998828030001 0.001378734211293271 0.0080341053949907811 0.0095764646132787071 0.0088795945398947775 -0.0004759087672905077
leaf_weight=42.5 21 24 62.5 172.5 11.999999999999998 5.9999999999999991 54 51 57 60 33 48 66 46.5 27 192 61.5 36 97.5 21 67.5 33 37.5 51 36 45 30 48 66 34.5 48 78 21 27 27 36 39 27 93 42 78 60 51 118.5
leaf_count=23 21 24 34 69 6 3 54 21 24 24 33 24 36 21 27 93 30 36 39 21 27 24 30 51 36 18 30 48 33 18 42 69 21 27 27 36 39 27 63 27 33 27 24 66
internal_value=4.34867e-11 -0.0212701 -0.0601205 0.00281784 -0.00202432 -0.00789447 -0.00240086 0.00519266 0.000424569 0.00331021 0.0084058 0.0107578 0.00217407 0.0053733 0.00606632 -0.00169495 0.0147186 0.000529517 -5.25288e-05 0.0049145 0.00662992 0.0181547 0.00618516 0.0068846 0.00783491 0.00717974 0.00239203 0.00797506 0.00602515 -0.00112348 0.00365464 0.00674994 0.00887416 0.0067608 0.00165051 0.0100818 -0.0011073 0.0029721 -0.00173103 0.00283214 0.0071639 0.00856525 0.00794297 -7.09854e-05
internal_weight=2385 279 105 2106 693 204 192 1413 489 891 522 253.5 174 511.5 451.5 364.5 127.5 379.5 343.5 108 124.5 66 268.5 220.5 57 346.5 105 169.5 189 250.5 78 126 132 48 51 84 186 48 147 93 123 157.5 97.5 153
internal_count=1506 201 57 1305 378 165 159 927 213 486 441 180 144 279 255 162 87 207 171 108 51 57 261 213 57 156 99 162 84 123 72 93 132 48 51 84 156 48 117 48 51 72 45 84
is_linear=0
shrinkage=0.08


Tree=10
num_leaves=45
num_cat=0
split_feature=33 16 14 4 35 0 36 36 30 31 0 37 35 36 37 0 36 0 22 37 16 37 0 35 36 15 4 35 13 37 12 36 37 35 0 17 37 0 37 17 32 0 14 37
split_gain=19.227 61.3406 3.51215 1.59036 3.45224 1.15885 1.05692 1.0564 2.44617 0.678063 0.539599 0.492717 0.345773 0.345531 0.321341 0.376014 0.319803 0.223802 0.210831 0.205195 0.121285 0.116428 0.120288 0.113399 0.107864 0.0813222 0.0801048 0.0793833 0.0635284 0.0631427 0.0617309 0.0540247 0.0498075 0.0372302 0.0364462 0.0325934 0.0366572 0.0249982 0.0237609 0.0222181 0.0150377 0.0144873 0.0138298 0.0133098
threshold=1.0000000180025095e-35 6.7750000000000004 7.6650000000000009 17.955000000000002 1.5000000000000002 17.475000000000005 2.5000000000000004 2.5000000000000004 1.0000000180025095e-35 1.0000000180025095e-35 16.050000000000004 11.911538461538465 1.5000000000000002 1.5000000000000002 9.6200000000000028 14.640000000000002 1.5000000000000002 16.565000000000001 53.300000000000004 9.6200000000000028 6.1050000000000013 3.0500000000000003 13.835000000000003 1.5000000000000002 2.5000000000000004 2.4650000000000012 17.680000000000003 1.5000000000000002 7.3800000000000017 10.875000000000002 7.8500000000000005 1.5000000000000002 14.160000000000002 1.0000000180025095e-35 11.984999656677248 3.3000000000000003 13.095000000000002 17.070000000000004 16.440000000000001 2.1000000000000005 1.7000000000000004 15.555000000000001 7.8350000000000009 16.465000000000003
decision_type=2 2 2 2 2 2 2 2 2 2 2 2 2 2 2 2 2 2 2 2 2 2 2 2 2 2 2 2 2 2 2 2 2 2 2 2 2 2 2 2 2 2 2 2
left_child=1 -1 6 5 -5 7 13 9 -9 -4 14 16 30 35 15 23 -7 21 28 -20 24 34 -23 -8 -18 -12 -13 42 32 -27 -10 -29 39 -28 -3 -2 41 -30 -32 -15 -16 -37 -11 -44
right_child=2 17 3 4 -6 11 10 8 12 27 25 26 -14 18 40 -17 20 -19 19 -21 -22 22 -24 -25 -26 29 33 31 37 -31 38 -33 -34 -35 -36 36 -38 -39 -40 -41 -42 -43 43 -45
leaf_value=-0.092320694643057005 0.0014358848063669351 -0.00082562262968470653 0.0083158753688842273 -0.02386250133384709 0.0061398214300473529 0.002249795404661979 0.014078372076705649 -0.022251327020804519 0.0042117303460836412 0.0019249266117722505 0.0030868064108994096 0.0030555550297694501 -0.0054383260199898165 0.0050831279383842329 0.0063930704759863708 0.01959607853377161 0.0077973114189348724 -0.0015975399824762434 0.012623127124244625 0.0041798172274540215 0.0054511332246992327 0.011546333872136617 0.0040364295743459547 0.0067462819531835892 0.013188650156322279 0.0086956778168678292 0.00093286674283444876 -0.00022990217550498683 0.0016424142548741847 0.0046107849126888643 0.00078562226266630237 -0.002827304003805649 0.0023011922064636436 -0.0026596890265742942 0.0035832291969563812 0.0049245127024395126 0.00081615052027498474 0.0042500920707652387 -0.0022746078212830152 0.0073668833603244901 0.0090649155633790151 0.0030877037130811681 0.00064992084855032041 -0.00097764367097988715
leaf_weight=59 159.5 24 66 54 45 70 27 46 30 42 38.5 42 95 43 26 60.5 47.5 66 50.5 29 45 21 39 27 47.5 74 30 102.5 38.5 36 62 102.5 21 48 24 42 36 60.5 22 74.5 28 79.5 164 40
leaf_count=32 114 24 36 36 18 30 27 25 20 28 21 36 38 37 24 39 20 36 38 25 20 21 39 27 20 32 30 41 21 28 34 41 21 24 24 39 36 33 22 50 27 36 96 40
internal_value=-1.42442e-11 -0.0218295 0.00236351 -0.000512389 -0.0102251 0.000360167 0.00599544 -0.00133597 -0.00554974 0.000742384 0.00976712 0.0043281 -0.00187379 0.0041096 0.0128657 0.0152649 0.00666486 0.00207264 0.00597722 0.00954318 0.00887239 0.00431552 0.0066649 0.0104123 0.010493 0.00625125 0.000238785 -0.000365932 0.00478356 0.0073588 0.00109666 -0.0015286 0.00588976 -0.00127794 0.0013788 0.00224198 0.00305831 0.003236 -1.58666e-05 0.00653113 0.00777847 0.00372265 0.00060296 0.000330791
internal_weight=2385 233 2152 1201 99 1102 951 772 255 517 317 330 209 634 168.5 114.5 210 174 317 79.5 140 108 60 54 95 148.5 120 451 237.5 110 114 205 138.5 78 48 317 157.5 99 84 117.5 54 121.5 246 204
internal_count=1506 176 1330 655 54 601 675 421 139 282 225 180 114 450 144 93 90 144 225 63 60 108 60 54 40 81 90 246 162 60 76 82 108 54 48 225 111 54 56 87 51 75 164 136
is_linear=0
shrinkage=0.08


Tree=11
num_leaves=45
num_cat=0
split_feature=34 15 14 37 10 36 0 4 0 37 7 0 37 36 36 37 35 37 37 22 6 15 37 37 37 37 21 36 37 37 12 10 21 15 36 17 34 36 22 33 37 35 37 16
split_gain=63.2306 105.485 3.1388 1.99622 1.09756 0.797272 0.781971 0.558945 0.342681 0.426948 0.247169 0.238958 0.232689 0.227488 0.223748 0.251287 0.245869 0.20825 0.198492 0.189272 0.167408 0.161271 0.168927 0.100449 0.0973017 0.0910656 0.0831717 0.0788776 0.0680322 0.0673387 0.0686037 0.049542 0.0414807 0.0386666 0.0386328 0.0320452 0.0254705 0.0235404 0.0216238 0.0207743 0.033091 0.0191486 0.0189297 0.0159925
threshold=1.0000000180025095e-35 1.8150000357627867 8.6200000000000028 9.7850000000000019 9.9550000000000018 2.5000000000000004 16.050000000000004 16.475000000000005 14.640000000000002 8.7150000000000016 9.8350000000000026 17.835000000000004 11.984999656677248 1.5000000000000002 2.5000000000000004 11.760384615384618 1.5000000000000002 9.8750000000000018 10.115 10.200000000000001 10.085000000000003 2.5050000000000003 8.7150000000000016 3.0500000000000003 9.7850000000000019 13.56 0.50000000000000011 1.5000000000000002 12.049615384615388 7.6650000000000009 7.4800000000000013 8.0300000000000029 0.50000000000000011 1.3149999999999993 1.5000000000000002 2.1000000000000005 5.1000000000000023 2.5000000000000004 77.200000000000003 1.7000000000000004 8.1900000000000031 1.0000000180025095e-35 9.8250000000000011 6.0700000000000012
decision_type=2 2 2 2 2 2 2 2 2 2 2 2 2 2 2 2 2 2 2 2 2 2 2 2 2 2 2 2 2 2 2 2 2 2 2 2 2 2 2 2 2 2 2 2
left_child=1 3 5 -1 11 10 8 18 23 -10 13 14 26 31 24 16 -16 -13 19 -8 29 36 -23 -7 34 35 -9 43 32 -12 -31 38 -29 42 -4 -25 -15 -19 -2 40 -38 -32 -26 -22
right_child=2 -3 4 -5 -6 6 7 12 9 -11 20 17 -14 21 15 -17 -18 37 -20 -21 27 22 -24 25 33 -27 -28 28 -30 30 41 -33 -34 -35 -36 -37 39 -39 -40 -41 -42 -43 -44 -45
leaf_value=0.0038790076917835643 0.0021427033781720372 -0.20207342001108025 -0.00085913321375846871 -0.026460588082023291 -0.011699555660739089 0.0033448115938707543 -0.0028521344109817786 0.012399252834527388 0.020314758198984553 0.0091366767432800554 -0.0020300545703619719 0.0059967201096670962 0.0025470360677297176 0.003276532995759657 0.001283339187502861 -0.01033510461223848 -0.0055379574837223179 0.00061596934188855811 0.0070794585039556934 0.0030850871545927867 0.0034209436533803291 0.01277033117238213 0.0056163315794297633 0.0088831205914417909 0.00075151759701279494 0.0051139681932070979 0.0081397558987876522 0.0070905832676660457 0.0014978493339578181 0.0044695760597075734 0.0022116875614867442 0.0064482665265148328 0.0042337156840932299 0.0029726375429225821 -0.0036173380865500526 0.01275021329522133 0.006265072363586921 -0.0020414957054344994 0.0047020874552739164 0.0068240061008382116 0.0019845754337474344 0.00013019593232346585 -0.00093595058314450508 0.0016598149385853586
leaf_weight=35 176.5 26 65 23 66 23 67.5 46 44.5 43 50 52.5 38 47.5 60 33 77.5 64 33 70 44 42.5 42 24 104 23 81 52.5 38 35 36 22 85.5 35 65 32 26.5 32 24 43.5 20.5 132 72 132
leaf_count=32 150 14 26 20 36 23 30 20 31 32 20 21 34 45 30 32 31 40 32 31 24 29 31 24 52 23 36 23 35 22 36 12 38 22 26 32 25 20 21 36 17 60 60 72
internal_value=-3.79331e-11 -0.0681754 0.0024888 -0.00815221 -0.00186316 0.00449485 0.00704032 0.00471992 0.0111485 0.0148215 0.00322212 -0.000879525 0.00803923 0.00465329 -0.00169972 -0.00406598 -0.00256139 0.0019456 0.00150768 0.000170451 0.00216944 0.00646208 0.0092145 0.00799758 -0.000516595 0.00935219 0.00968257 0.00329765 0.00449521 0.000599759 0.0012475 0.00284449 0.00532057 0.000544131 -0.00223824 0.0110929 0.00477672 -0.000269852 0.00244906 0.00556412 0.00439805 0.00057623 6.11897e-05 0.0021001
internal_weight=2385 84 2301 58 726 1575 525 335.5 189.5 87.5 1050 660 165 445 511.5 170.5 137.5 148.5 170.5 137.5 605 222.5 84.5 102 341 79 127 352 176 253 203 222.5 138 211 130 56 138 96 200.5 90.5 47 168 176 176
internal_count=1506 66 1440 52 396 1044 348 183 165 63 696 360 90 366 279 93 61 81 93 61 330 183 60 102 186 79 56 192 96 138 118 183 61 134 52 56 123 60 171 78 42 96 112 96
is_linear=0
shrinkage=0.08


Tree=12
num_leaves=45
num_cat=0
split_feature=32 0 1 14 37 37 37 5 0 36 5 37 36 15 37 36 35 37 13 35 0 15 37 36 37 36 27 35 37 36 14 22 37 35 20 37 36 37 0 4 21 15 32 0
split_gain=15.1137 24.2204 84.9183 2.41605 1.07589 12.3868 1.22454 0.727432 0.699856 0.699162 0.48415 0.278805 0.260213 0.233814 0.362777 0.213279 0.201858 0.175088 0.143024 0.111753 0.133557 0.100639 0.14298 0.0928678 0.0839235 0.0784632 0.0691693 0.0661597 0.0528922 0.0521168 0.050157 0.0500325 0.0432368 0.0858815 0.0329301 0.0283895 0.028081 0.0263387 0.0341561 0.0253184 0.0240712 0.0283606 0.0229207 0.0203065
threshold=1.0000000180025095e-35 16.415000000000003 16.425000000000004 8.5500000000000025 11.703076923076924 11.760384615384618 11.802307692307695 9.8350000000000026 17.475000000000005 2.5000000000000004 10.105000000000002 16.245000000000001 2.5000000000000004 2.5050000000000003 8.7150000000000016 1.5000000000000002 1.5000000000000002 12.049615384615388 7.455000000000001 1.0000000180025095e-35 13.710000000000003 2.5050000000000003 8.7150000000000016 1.5000000000000002 7.6650000000000009 1.5000000000000002 9.5000000000000018 1.5000000000000002 12.049615384615388 1.5000000000000002 7.7950000000000008 5.4000000000000012 12.720000000000001 1.5000000000000002 1.9000000000000001 10.025 2.5000000000000004 17.630000000000006 16.740000000000006 17.860000000000003 2.1000000000000005 1.7861538866850044 3.9000000000000004 14.820000000000002
decision_type=2 2 2 2 2 2 2 2 2 2 2 2 2 2 2 2 2 2 2 2 2 2 2 2 2 2 2 2 2 2 2 2 2 2 2 2 2 2 2 2 2 2 2 2
left_child=1 19 -3 7 8 -6 -7 9 16 15 11 18 25 31 -15 43 -5 34 -9 20 -1 -17 -23 -18 -20 42 -10 -4 -27 39 -26 -11 33 -33 -14 -32 -25 38 -31 -8 41 -21 -12 -2
right_child=3 2 27 4 5 6 29 10 26 13 12 -13 17 14 -16 21 23 -19 24 40 -22 22 -24 36 30 28 -28 -29 -30 37 35 32 -34 -35 -36 -37 -38 -39 -40 -41 -42 -43 -44 -45
leaf_value=0.011234491928702309 0.001701340471653061 -0.14160767365724614 0.0037185880757040447 0.00082078303814072306 -0.085283795992533357 -0.037075138092041014 0.00029654552933210744 0.0032213584354744769 0.0038445451940850237 0.0047082373309642713 0.0036839990397649152 0.0078707822344519871 0.0096637493988563274 0.018956595168394201 0.0084727790920684741 0.0046278132925684145 -0.0005450909479900643 0.0020065018994677246 -0.0032711590615217574 -0.0012487277505444545 0.0024984541892384489 0.011748704605242785 0.005167025032985423 -0.0030255562732065169 0.0014903896332240643 0.0052372593397326155 0.0076183183463290338 -0.00083120794296264648 0.0016408932809435733 5.6764831404305164e-05 -0.0015911261150704733 0.013823630187822424 0.0060094063491227898 0.0068321221076290718 0.0070541958897202108 0.00088017217881445372 -0.0053331506782107888 0.00096093093403256866 -0.0030412986544111082 0.0036431739738453988 0.0031431725866836952 0.0022383706393237744 0.0014428990206696586 0.0034308435955262258
leaf_weight=21 90 39 45 162 11.999999999999998 5.9999999999999991 39 79.5 64.5 23.5 38.5 33 72.5 42.5 42 89.5 67.5 33 60 25.5 24 42.5 42 67.5 96 126.5 60 37.5 33 36 102 23 21 22 54 42 67.5 26 62 23 51 36 121 84
leaf_count=21 90 21 30 81 6 3 35 42 27 21 21 33 32 29 31 87 27 31 24 18 24 29 31 27 51 56 24 15 31 36 45 23 21 22 24 30 27 26 42 17 36 36 66 57
internal_value=9.55902e-11 -0.0174968 -0.0443336 0.00231795 -0.00155122 -0.00643152 -0.00150326 0.00421557 0.00048473 0.00658705 0.00282622 0.000817731 0.00455768 0.0107276 0.0137457 0.00451677 -0.00128406 0.00719601 0.000204422 0.00320589 0.00657527 0.00649727 0.00847734 -0.00296793 -0.000595066 0.00323852 0.00566323 0.0016505 0.00449318 -0.000355777 7.39574e-05 0.00787811 0.00900678 0.0104056 0.00854979 -0.000870331 -0.00417935 -0.00130268 -0.00190323 0.00153804 0.00185814 0.000792501 0.00198385 0.00253627
internal_weight=2385 279 121.5 2106 693 204 192 1413 489 522 891 412.5 478.5 174 84.5 348 364.5 159.5 379.5 157.5 45 174 84.5 202.5 300 319 124.5 82.5 159.5 186 240 89.5 66 45 126.5 144 135 124 98 62 112.5 61.5 159.5 174
internal_count=1506 201 66 1305 378 165 159 927 213 441 486 225 261 147 60 294 162 87 192 135 45 147 60 81 150 174 51 45 87 156 126 87 66 45 56 75 54 104 78 52 90 54 87 147
is_linear=0
shrinkage=0.08


Tree=13
num_leaves=45
num_cat=0
split_feature=34 1 13 37 37 37 37 1 22 37 36 15 34 36 1 37 35 36 37 36 37 13 1 37 36 36 37 27 37 33 3 37 33 36 36 37 34 36 37 37 1 20 22 35
split_gain=45.2078 80.4482 1.89558 1.47942 0.906769 10.5407 1.03438 0.732174 0.64555 0.454449 0.476677 0.250686 0.484859 0.319597 0.232751 0.22695 0.19282 0.151801 0.127025 0.101044 0.0895574 0.12072 0.085199 0.114481 0.0976444 0.0840265 0.0755058 0.069611 0.0665021 0.0586955 0.0481606 0.0471346 0.0438167 0.0419277 0.0371688 0.0309923 0.0249819 0.0241696 0.0237794 0.0445844 0.0231593 0.0214629 0.0189758 0.0278037
threshold=1.0000000180025095e-35 16.415000000000003 8.6200000000000028 9.7850000000000019 11.703076923076924 11.760384615384618 11.802307692307695 17.545000000000005 45.400000000000013 9.6200000000000028 2.5000000000000004 2.6899999999999999 23.700000000000006 2.5000000000000004 16.425000000000004 16.330000000000002 1.5000000000000002 1.5000000000000002 17.220000000000002 1.5000000000000002 7.6650000000000009 7.5250000000000012 16.185000000000006 3.0500000000000003 1.5000000000000002 1.5000000000000002 4.8450000000000006 5.8000000000000007 17.630000000000006 3.5000000000000004 17.935000000000006 17.220000000000002 1.9000000000000001 1.5000000000000002 2.5000000000000004 7.0900000000000007 10.900000000000004 2.5000000000000004 10.675000000000002 8.1900000000000031 16.805000000000003 0.50000000000000011 9.8000000000000025 1.5000000000000002
decision_type=2 2 2 2 2 2 2 2 2 2 2 2 2 2 2 2 2 2 2 2 2 2 2 2 2 2 2 2 2 2 2 2 2 2 2 2 2 2 2 2 2 2 2 2
left_child=1 3 8 -1 7 -6 -7 16 11 10 17 12 14 19 22 20 -4 -10 38 -13 -14 -22 23 32 36 -18 -26 -9 33 -12 -30 -21 -2 -8 -11 -19 -25 -27 39 -15 -35 -28 43 -23
right_child=2 -3 4 -5 5 6 28 27 9 34 29 13 15 18 -16 -17 25 35 -20 31 21 42 -24 24 26 37 41 -29 30 -31 -32 -33 -34 40 -36 -37 -38 -39 -40 -41 -42 -43 -44 -45
leaf_value=0.0051292182460227721 -0.0001596295061107311 -0.17457893151503343 0.00076968065830936407 -0.020989502512890362 -0.078461086750030523 -0.034109126329422 0.0006611610242310595 0.0033777046177470892 0.0037926167448361714 0.0018621850803694025 0.01295103898932857 0.0014730868336922823 -0.0030334651045225286 0.007238510800055181 0.01055248955434019 0.0060169674974615475 -0.00062861735042598515 0.0079466716455561769 0.00186606548833358 0.0048677108585294601 0.0037422017208939675 -8.3962595500495452e-05 0.00093508401864462283 0.0014344604835347381 0.0093395874688499848 -0.0030151281080864098 0.0039783998532220725 0.0070131004615263505 0.0047556013272454338 0.017958159343949679 -0.0004903828321645657 0.0010264651349280031 0.0040731193870306012 -0.00029643195666722021 0.0050551266978893965 0.011634652948379516 0.0045757408397128956 -0.0051559862384089718 0.0066370451518080456 0.010728008398848974 -0.0028722476561528604 0.0063224348679184915 0.00049940489254714476 -0.0020465115900292542
leaf_weight=35 45 26 162 23 11.999999999999998 5.9999999999999991 53 57 60 70 31 162 67.5 49.5 33 39 67.5 35 24 138 51 105 66 43 38 67.5 50 82.5 24 29 21 24 24 32 35 25 26 67.5 44 44.5 74 50 84 82.5
leaf_count=32 45 14 81 20 6 3 41 24 45 60 23 90 27 21 18 39 27 32 24 66 27 63 36 43 38 27 50 33 24 22 21 24 24 32 30 13 21 27 25 20 50 40 45 33
internal_value=-5.04734e-12 -0.0576463 0.00210443 -0.00522821 -0.00127758 -0.00553758 -0.00137052 0.000598842 0.00366337 0.00710915 0.00954903 0.0029021 0.00203504 0.0043365 0.00413631 0.000198256 -0.0012875 0.00663797 0.00723777 0.00288586 -0.000383615 0.000171005 0.00351721 0.00413467 0.00507535 -0.00293324 0.00630396 0.00552767 -0.000407619 0.0153711 0.00230748 0.00429864 0.00131263 -0.00117604 0.0029265 0.00948333 0.00261813 -0.00408556 0.00817198 0.00889045 -0.00209464 0.00515042 -0.000499828 -0.000947484
internal_weight=2385 84 2301 58 726 222 210 504 1575 285 180 1290 804 486 375 429 364.5 120 162 324 390 322.5 342 276 207 202.5 138 139.5 204 60 45 162 69 159 105 60 69 135 138 94 106 100 271.5 187.5
internal_count=1506 66 1440 52 396 177 171 219 1044 225 135 819 549 270 315 234 162 90 90 180 195 168 297 261 192 81 128 57 168 45 45 90 69 123 90 45 64 54 66 41 82 90 141 96
is_linear=0
shrinkage=0.08


Tree=14
num_leaves=45
num_cat=0
split_feature=32 36 16 16 14 5 37 37 37 5 36 0 5 0 37 36 15 37 36 35 37 37 13 15 37 36 16 36 37 4 37 37 35 37 14 37 12 36 11 36 37 32 35 37
split_gain=10.8239 20.1369 48.3296 13.5729 1.73559 1.36451 0.777311 8.86787 0.875871 0.525028 0.517999 0.498268 0.34491 0.215719 0.212266 0.186679 0.175389 0.274343 0.155599 0.144902 0.133328 0.126022 0.0992574 0.0823979 0.108137 0.0679168 0.0610705 0.0559074 0.0457497 0.0420972 0.0389225 0.0320302 0.0706197 0.0303467 0.0241892 0.0223487 0.0220137 0.0212999 0.0266388 0.0206133 0.0197855 0.018463 0.0165211 0.0288249
threshold=1.0000000180025095e-35 1.5000000000000002 6.8350000000000017 6.6350000000000016 8.5500000000000025 9.7600000000000016 11.703076923076924 11.760384615384618 11.802307692307695 9.8350000000000026 2.5000000000000004 17.475000000000005 10.105000000000002 16.625000000000004 16.245000000000001 2.5000000000000004 2.5050000000000003 8.7150000000000016 1.5000000000000002 1.5000000000000002 4.1100000000000003 11.984999656677248 7.4800000000000013 2.5050000000000003 8.7150000000000016 1.5000000000000002 6.0226923076923082 1.5000000000000002 7.6650000000000009 17.955000000000002 10.875000000000002 13.425000000000002 1.5000000000000002 8.3850000000000033 7.7950000000000008 10.065000000000003 7.8650000000000011 1.5000000000000002 9.5150000000000023 2.5000000000000004 16.465000000000003 3.9000000000000004 1.5000000000000002 13.095000000000002
decision_type=2 2 2 2 2 2 2 2 2 2 2 2 2 2 2 2 2 2 2 2 2 2 2 2 2 2 2 2 2 2 2 2 2 2 2 2 2 2 2 2 2 2 2 2
left_child=1 3 -3 -1 9 -5 11 -8 -9 10 18 19 14 20 22 27 31 -18 -2 -6 -4 33 -11 42 -25 -21 -13 41 -24 37 -29 32 -12 -17 -30 -36 -32 -10 40 -27 -39 -14 43 -20
right_child=4 2 13 5 6 -7 7 8 29 12 16 26 15 -15 -16 21 17 -19 23 25 -22 -23 28 24 -26 39 -28 30 34 -31 36 -33 -34 -35 35 -37 -38 38 -40 -41 -42 -43 -44 -45
leaf_value=0.056797963138070014 0.0021110622750142934 -0.082499586271920389 0.00073124979540486557 0.0027727492940579804 0.00070366320533700932 -0.021853458792320452 -0.072184202671051023 -0.031380396684010825 0.00043296146984212104 0.0024300651720935299 0.0098199275214421126 0.0066193442319830258 0.0032005143320405637 -0.0027393003025049851 0.0068485030565749519 0.0058153118803387594 0.016294071632273057 0.0071771868815024703 0.0060484884136489461 -0.0004343896221231531 0.007627068732522036 0.0018445448282041722 -0.0027121774696168446 0.010130944387001151 0.0044071307405829435 -0.0025537814371011875 0.0030733760218803825 0.0048563814889639621 0.00092979090779812801 0.0021311067437960042 0.00050341409416152882 0.0039473664880331069 0.0046515240022515668 0.0083445175571574114 -0.0013174993263479942 0.00098412267113518392 0.003479154249880372 -0.002229420424788259 -0.003492693659500219 -0.0045308726275408709 0.00051889157455757649 0.0011891127828785703 0.002291006134273332 0.0024488396414866051
leaf_weight=33 174 70 34 36 162 24 11.999999999999998 5.9999999999999991 50 93 38 60 38.5 44 33 52.5 42.5 42 35 67.5 38 35 52.5 42.5 42 67.5 64.5 92.5 90 36 26 21 30.5 72 108 36 41 30 32 67.5 38 121 30.5 24
leaf_count=18 147 38 34 36 81 13 6 3 43 48 37 24 21 24 33 21 29 31 34 27 38 32 21 29 31 27 27 39 48 27 20 21 29 34 48 27 28 20 28 27 38 66 29 24
internal_value=-2.74691e-11 -0.014807 -0.0300044 0.0155878 0.00196161 -0.00707773 -0.00131776 -0.00546596 -0.00129607 0.00356995 0.00558467 0.000412784 0.00238962 0.00167381 0.000694369 0.00385103 0.00914864 0.0117626 0.00380269 -0.00107968 0.00437071 0.00608569 0.000159226 0.00549431 0.00728597 -0.00250635 0.00478228 0.0027337 -0.000577905 -0.000325608 0.00379279 0.00668071 0.00751867 0.00727799 -9.90612e-05 -0.000742094 0.00232439 -0.000915219 -0.00158931 -0.00354233 -0.000693599 0.00167462 0.00380274 0.00458422
internal_weight=2385 279 186 93 2106 60 693 204 192 1413 522 489 891 116 412.5 478.5 174 84.5 348 364.5 72 159.5 379.5 174 84.5 202.5 124.5 319 286.5 186 159.5 89.5 68.5 124.5 234 144 67 150 100 135 68 159.5 89.5 59
internal_count=1506 201 134 67 1305 49 378 165 159 927 441 213 486 96 225 261 147 60 294 162 72 87 192 147 60 81 51 174 144 156 87 87 66 55 123 75 48 129 86 54 58 87 87 58
is_linear=0
shrinkage=0.08


Tree=15
num_leaves=45
num_cat=0
split_feature=34 1 14 37 37 37 36 5 1 1 5 16 36 14 37 37 4 35 37 3 4 37 37 37 37 20 36 37 36 16 36 34 13 20 36 17 37 1 36 34 37 22 32 33
split_gain=36.322 64.9558 1.70585 1.20281 0.613277 7.52977 0.563876 0.532546 0.441825 0.309053 0.299352 0.299331 0.281778 0.368702 0.223783 0.160762 0.203878 0.159175 0.132515 0.131909 0.127689 0.0960497 0.0913062 0.0831453 0.0842967 0.0825522 0.081171 0.072119 0.0564811 0.0516901 0.0515225 0.0476659 0.0287059 0.0341666 0.0286028 0.0279606 0.024999 0.0220739 0.0205662 0.0182937 0.0217879 0.0190365 0.0181844 0.0153978
threshold=1.0000000180025095e-35 16.415000000000003 8.5500000000000025 9.7850000000000019 11.703076923076924 11.760384615384618 1.5000000000000002 9.8350000000000026 17.545000000000005 14.640000000000002 10.105000000000002 6.6250000000000018 2.5000000000000004 9.5600000000000005 8.1550000000000029 16.115000000000006 16.140000000000004 1.5000000000000002 12.049615384615388 16.195000000000004 17.955000000000002 7.7300000000000013 7.8950000000000005 3.0500000000000003 14.055000000000001 1.1000000000000003 1.5000000000000002 10.875000000000002 2.5000000000000004 6.0226923076923082 2.5000000000000004 43.400000000000013 8.2800000000000011 1.0000000180025095e-35 2.5000000000000004 0.50000000000000011 17.365000000000006 13.425000000000002 2.5000000000000004 80.600000000000009 10.875000000000002 10.200000000000001 1.0000000180025095e-35 1.5000000000000002
decision_type=2 2 2 2 2 2 2 2 2 2 2 2 2 2 2 2 2 2 2 2 2 2 2 2 2 2 2 2 2 2 2 2 2 2 2 2 2 2 2 2 2 2 2 2
left_child=1 3 6 -1 8 -6 32 9 17 23 15 34 20 -14 -13 16 -9 -4 21 -17 -7 -12 -18 37 28 -24 -19 30 -25 -10 -23 -20 33 42 -11 -30 -33 -8 -28 40 41 -35 -2 -37
right_child=2 -3 4 -5 5 12 7 10 29 11 18 14 13 -15 -16 19 22 26 31 -21 -22 27 25 24 -26 -27 38 -29 35 -31 -32 36 -34 39 -36 43 -38 -39 -40 -41 -42 -43 -44 -45
leaf_value=0.0047689414322376255 -0.0017348120667283302 -0.15674320220947266 0.0007155145829924012 -0.018781750927800718 -0.066409466266632078 -0.00034703989670864153 0.0035662206462584436 0.0036794935956009122 0.0060897967608955998 0.0049177018659455436 0.0023115694120526315 0.016753178307922875 -0.001468452354496781 -0.014218848931292693 0.0087431396984932377 0.001791817637193682 -0.0032656183140352367 -0.00031037666408285019 0.0043700507143512373 0.010298360586166382 0.0057153596662517106 0.0057102354864279423 -0.002005151813713516 0.0046550142091952938 0.0017331195912265685 0.0030715006757981896 -0.0025597855081901915 0.0040623082888915259 0.0057864178282519187 0.0028275059354166653 0.0087367116742663904 -0.0018028590797136226 0.0032049854116683657 0.00070765928914105259 0.0074746129701712309 0.01081594502925873 0.0020267731815110891 3.107561694028286e-05 -0.0044028083470559884 -0.00029321775939832961 0.00055606099202439355 0.0023890620449129592 0.00054063959206028501 0.007748913216319952
leaf_weight=35 34.5 26 186 23 11.999999999999998 108 20 76 60 56 50 41 47 21 49 28 80 77.5 24 20 28 72 41 66 32 41 77.5 68 24 64.5 72 24 44 56 56 20 20 26 77.5 36 92 187 64.5 22
leaf_count=32 27 14 93 20 6 94 20 36 24 33 20 36 37 20 36 28 32 31 24 20 20 31 20 66 32 20 31 34 24 27 31 20 24 27 33 20 20 26 31 21 84 117 42 22
internal_value=-3.15518e-11 -0.0516713 0.00188631 -0.00457013 -0.00121842 -0.00482397 0.00341451 0.00449625 0.000215824 0.00672271 0.00300713 0.00895675 -0.00120129 -0.00540607 0.0123922 0.00111276 0.000260976 -0.00102884 0.00464892 0.00533621 0.000901101 0.00546563 -0.00134277 0.00457377 0.00541683 0.000533174 -0.00242432 0.00620951 0.00630985 0.00439969 0.00722347 0.00150218 0.00125102 0.0010681 0.00619616 0.00796468 -6.21171e-05 0.0015681 -0.0034813 0.00142045 0.0016046 0.00200158 -0.000252321 0.0092094
internal_weight=2385 84 2301 58 759 216 1542 1028 543 412 616 202 204 68 90 286 238 418.5 330 48 136 262 162 210 164 82 232.5 212 132 124.5 144 68 514 470 112 66 44 46 155 371 335 243 99 42
internal_count=1506 66 1440 52 414 177 1026 684 237 348 336 138 171 57 72 156 108 186 180 48 114 116 72 210 164 40 93 96 132 51 62 64 342 318 66 66 40 46 62 249 228 144 69 42
is_linear=0
shrinkage=0.08


Tree=16
num_leaves=45
num_cat=0
split_feature=34 2 37 13 4 35 36 6 0 0 0 37 37 6 37 9 35 0 32 37 37 37 36 0 6 36 37 9 24 21 35 37 13 0 16 37 34 17 36 0 21 15 36 37
split_gain=30.743 63.285 2.12025 1.20063 0.587154 1.52738 0.443544 0.437114 0.226065 0.210557 0.225893 0.226691 0.197048 0.182629 0.18034 0.131552 0.124226 0.105604 0.0958904 0.074951 0.0703742 0.0713487 0.0663783 0.0636977 0.0498136 0.0478056 0.0410239 0.077142 0.0343289 0.0325066 0.0318969 0.0303266 0.0288556 0.0356834 0.0411858 0.0286817 0.0275499 0.0237755 0.0225169 0.0214559 0.0205293 0.017781 0.0171972 0.0168096
threshold=1.0000000180025095e-35 16.415000000000003 9.7850000000000019 8.4550000000000018 17.955000000000002 1.5000000000000002 1.5000000000000002 9.7950000000000017 17.400000000000002 14.695000000000002 15.345000000000001 8.5250000000000004 11.911538461538465 10.105000000000002 10.105000000000002 9.9550000000000018 1.5000000000000002 16.330000000000002 1.5000000000000002 17.220000000000002 3.0500000000000003 14.055000000000001 1.5000000000000002 15.825000000000001 11.035000000000002 2.5000000000000004 7.7300000000000013 10.065000000000003 3.4000000000000004 1.7000000000000004 1.5000000000000002 7.8750000000000009 8.2800000000000011 16.175000000000004 6.0550000000000024 17.845000000000002 47.20000000000001 2.1000000000000005 2.5000000000000004 17.070000000000004 2.3000000000000003 2.5050000000000003 2.5000000000000004 16.545000000000005
decision_type=2 2 2 2 2 2 2 2 2 2 2 2 2 2 2 2 2 2 2 2 2 2 2 2 2 2 2 2 2 2 2 2 2 2 2 2 2 2 2 2 2 2 2 2
left_child=1 2 -1 6 8 -6 32 9 16 20 11 -11 28 14 15 36 43 -16 -12 26 40 25 -18 38 -21 -22 -15 -28 -10 -29 -31 -17 33 34 -2 -14 -9 -27 -20 -35 -8 -36 -24 -5
right_child=3 -3 -4 4 5 -7 7 13 12 10 18 -13 35 19 17 31 22 -19 23 24 21 -23 42 -25 -26 37 27 29 -30 30 -32 -33 -34 39 41 -37 -38 -39 -40 -41 -42 -43 -44 -45
leaf_value=0.011353218776839121 0.0064358656514774673 -0.15124935737022988 -0.019914719229159147 0.00057027254772152084 -0.01558991891918359 0.0043662945048676604 -0.00017544774493823451 0.003697336818277836 0.0028550139814615249 0.01567950418513072 0.0099653430870085043 0.0054752892272716212 -0.0013804682245891955 0.0025081331200069853 0.002507102570629546 -0.0028076945816477138 -0.00036991109849949334 0.0091594190026322991 0.0053024180531501776 -0.0018756561232730745 0.0042826130799949172 0.0015944700344698503 -0.0024633698257906685 0.0030922239734367889 0.0035302619899933536 0.00576239024529059 0.0082167105092888788 0.0060199553271134696 0.0054658071990265986 0.001949867314618567 0.0048688804268836976 -0.0003646439490807046 0.0036488108645108615 -0.00058289206003030527 0.00090099745856257372 0.0015637218511352939 0.0010416325598955156 0.0088005591227727775 0.0082803699786846447 0.00098200668357620552 0.0032078425018963494 0.0023537437672060007 -0.0042058382692008187 -0.0010146463057457435
leaf_weight=35 10.999999999999998 26 23 207 54 45 24 50 63 38 33 22 72 45 42 60 72.5 24 32.5 20 66 32 72.5 55 24 32 42 48 66 46 50 71 27.5 104.5 149 30 50 34 32.5 121 22 84.5 72.5 54
leaf_count=32 6 14 20 120 36 18 24 22 27 34 18 20 42 18 38 24 29 22 21 20 66 32 29 30 24 32 22 22 27 24 20 34 15 57 129 30 22 34 21 66 22 60 29 54
internal_value=3.41253e-11 -0.0475376 -0.00104614 0.0017354 -0.000747466 -0.00651891 0.00308039 0.00405558 5.78527e-05 0.00600544 0.00777768 0.011938 0.0021131 0.00261363 0.00123812 0.000184403 -0.000934338 0.00492613 0.0061462 0.00409919 0.00420787 0.00498348 -0.00234637 0.00509594 0.00107303 0.00580506 0.0046756 0.00519999 0.00419077 0.00432011 0.00347019 -0.0014836 0.00113002 0.000982649 0.00165208 -0.00051453 0.00236948 0.00732751 0.00679139 0.00025681 0.00144265 0.00142672 -0.0033346 0.000242358
internal_weight=2385 84 58 2301 808.5 99 1492.5 995 709.5 423 213 60 231 572 297 231 478.5 66 153 275 210 164 217.5 120 44 132 231 186 129 144 96 131 497.5 470 244.5 102 100 66 65 225.5 46 233.5 145 261
internal_count=1506 66 52 1440 441 54 999 666 387 354 144 54 126 312 162 102 261 60 90 150 210 164 87 72 44 132 106 88 54 66 44 58 333 318 195 72 44 66 42 123 46 189 58 174
is_linear=0
shrinkage=0.08


Tree=17
num_leaves=45
num_cat=0
split_feature=34 36 0 13 4 35 36 6 5 0 37 0 37 35 37 4 32 0 35 37 20 0 37 37 36 10 5 37 37 35 36 36 13 0 16 29 37 37 0 21 36 4 36 17
split_gain=26.0208 61.8359 96.3332 1.01621 0.496967 1.29278 0.375416 0.370208 0.210565 0.191905 0.173677 0.168546 0.199264 0.232552 0.1243 0.123338 0.105234 0.101514 0.0992826 0.0696722 0.0709594 0.0694582 0.0689451 0.0818415 0.0579301 0.0498031 0.04763 0.0468027 0.0520098 0.0407309 0.0333712 0.030684 0.0244234 0.0302025 0.0348597 0.0272401 0.0229063 0.0200026 0.0177626 0.017376 0.016132 0.015251 0.0148884 0.0142668
threshold=1.0000000180025095e-35 1.5000000000000002 16.415000000000003 8.4550000000000018 17.955000000000002 1.5000000000000002 1.5000000000000002 9.8350000000000026 10.105000000000002 17.475000000000005 11.911538461538465 14.390000000000002 8.1550000000000029 1.5000000000000002 16.115000000000006 16.140000000000004 0.50000000000000011 16.295000000000005 1.5000000000000002 7.8950000000000005 1.1000000000000003 15.935000000000002 17.280000000000005 7.5750000000000002 1.5000000000000002 7.6050000000000013 11.130000000000001 3.0500000000000003 4.8450000000000006 1.0000000180025095e-35 2.5000000000000004 2.5000000000000004 8.2800000000000011 16.175000000000004 6.0550000000000024 1.7000000000000004 17.845000000000002 16.805000000000003 13.895000000000001 2.3000000000000003 2.5000000000000004 17.820000000000004 2.5000000000000004 2.5000000000000004
decision_type=2 2 2 2 2 2 2 2 2 2 2 2 2 2 2 2 2 2 2 2 2 2 2 2 2 2 2 2 2 2 2 2 2 2 2 2 2 2 2 2 2 2 2 2
left_child=1 -1 -3 6 9 -6 32 11 14 18 41 27 13 -13 15 -9 -14 -16 37 -17 -21 29 23 -10 -20 -25 -24 39 40 -18 -15 -27 33 34 -2 -35 -12 -5 -30 -8 -29 -11 -26 -36
right_child=3 2 -4 4 5 -7 7 8 22 10 36 12 16 30 17 19 21 -19 24 20 -22 -23 26 25 42 31 -28 28 38 -31 -32 -33 -34 35 43 -37 -38 -39 -40 -41 -42 -43 -44 -45
leaf_value=0.053335550629666877 0.0059209965033964673 0.0054112889915704735 -0.20497848327343282 0.00046484140312774496 -0.014342724712634529 0.0040169909658531351 -0.00016141193375612299 0.0029550964769262532 0.0011002210350707173 0.0051932654566332406 -0.0012092638706815415 0.015253517091274262 0.0095958587682495513 0.0055798864886164668 0.0013826590470437492 -0.0028497084709815678 0.0034161282777010154 0.0088450807444751273 -0.00023862448601673047 -0.001884691412219914 0.0028220246155269265 0.00072982219034148496 -0.0019257262377068401 0.0077580374562078048 -0.002164665029446284 0.0033979808698807448 0.0034684938975525176 0.0050801164060831072 0.0045670583274434592 0.0068726753145456308 0.0086608380936086179 0.0055603076907850451 0.0033569060915827078 -0.0017015462220561774 0.00058050645735152628 0.00063522604884290912 0.0014386240974029838 -0.0017261928817412506 0.0021771035222627687 0.0029512150433253161 0.0082932932525873176 0.003342014721255432 -0.0037587024807929992 0.0018467325117283813
leaf_weight=28 10.999999999999998 30 26 240 54 45 24 65 40 51 69 30 24 45 28 80 48 20 75 41 41 34 20 36 75 84 22 20 34 40 45 84 27.5 38.5 98.5 187 30 30 48 22 20 64.5 75 135
leaf_count=22 6 30 14 150 36 18 24 30 16 21 39 28 16 30 28 32 48 20 30 20 20 20 20 20 30 39 22 20 34 20 30 39 15 21 84 102 30 30 48 22 20 27 30 105
internal_value=2.83907e-11 -0.0437346 -0.0922697 0.00159657 -0.000687668 -0.0059974 0.00283396 0.00373113 0.00237386 5.32245e-05 0.00205192 0.00548557 0.00673847 0.00915365 0.000793278 1.11685e-05 0.0047534 0.004492 -0.000812875 -0.00117004 0.000468667 0.00380078 0.00389366 0.00440899 -0.002054 0.00505777 0.000899818 0.0035018 0.00432171 0.00498729 0.00712036 0.00447914 0.00103962 0.000904037 0.00151992 0.000236265 -0.000406874 0.000221393 0.00316806 0.00132724 0.0066867 0.00415945 -0.00296168 0.00131259
internal_weight=2385 84 56 2301 808.5 99 1492.5 995 561 709.5 214.5 434 266 120 275 227 146 48 495 162 82 122 286 244 225 204 42 168 122 88 90 168 497.5 470 244.5 225.5 99 270 82 46 40 115.5 150 233.5
internal_count=1506 66 44 1440 441 54 999 666 306 387 117 360 192 88 150 102 104 48 270 72 40 88 156 114 90 98 42 168 122 68 60 78 333 318 195 123 69 180 82 46 40 48 60 189
is_linear=0
shrinkage=0.08


Tree=18
num_leaves=45
num_cat=0
split_feature=34 2 37 14 10 5 1 16 5 37 37 26 33 17 37 37 10 37 37 7 37 37 19 37 37 1 14 22 18 1 37 16 37 37 33 1 1 1 13 37 1 37 1 1
split_gain=22.024 46.0574 1.49707 1.05224 0.405633 0.291681 0.201898 0.244502 0.16652 0.107845 0.105753 0.102532 0.0967291 0.0960404 0.0807283 0.0741138 0.0530783 0.0519894 0.0509492 0.051171 0.0495069 0.0527839 0.0491825 0.0475706 0.0596568 0.161908 0.0387691 0.0331934 0.036805 0.0387326 0.0384198 0.0318821 0.0341538 0.031209 0.0293595 0.0263351 0.0260834 0.0158637 0.0138423 0.0126332 0.00951703 0.00806477 0.00733512 0.00677928
threshold=1.0000000180025095e-35 16.415000000000003 9.7850000000000019 8.5500000000000025 9.9550000000000018 9.8350000000000026 14.640000000000002 6.6250000000000018 10.105000000000002 14.695000000000002 16.245000000000001 1.6000000000000003 12.800000000000002 5.0000000000000009 12.049615384615388 7.5750000000000002 7.6050000000000013 11.911538461538465 7.6650000000000009 9.9200000000000017 3.0500000000000003 14.055000000000001 3.7000000000000006 9.6700000000000017 11.760384615384618 17.475000000000005 7.4200000000000008 5.4000000000000012 6.4000000000000012 14.240000000000002 4.3200000000000012 6.1050000000000013 8.3150000000000013 8.0300000000000029 2.1000000000000005 17.680000000000003 15.880000000000001 17.400000000000002 7.8500000000000005 12.135000000000003 17.100000000000005 9.6200000000000028 13.955000000000002 16.920000000000005
decision_type=2 2 2 2 2 2 2 2 2 2 2 2 2 2 2 2 2 2 2 2 2 2 2 2 2 2 2 2 2 2 2 2 2 2 2 2 2 2 2 2 2 2 2 2
left_child=1 2 -1 5 11 6 20 33 10 12 13 23 22 18 15 -10 -17 -13 -7 -20 34 27 -9 -5 37 43 -16 42 29 -29 -30 -18 -33 -8 -2 38 41 40 -28 -19 -25 -35 -22 -26
right_child=3 -3 -4 4 -6 8 7 9 14 -11 -12 17 -14 -15 26 16 31 39 19 -21 21 -23 -24 24 25 -27 35 28 30 -31 -32 32 -34 36 -36 -37 -38 -39 -40 -41 -42 -43 -44 -45
leaf_value=0.0098450207369668152 -0.00038892003685759847 -0.12871222220934356 -0.016429037633149519 -0.0019388167389233907 -0.0069623924757946619 -0.002264384350704926 0.0048865195624227453 0.013867065672780954 0.00070138006393487262 0.0042742610152668526 0.0049667237696209643 0.0027493955797314295 0.0057268519782357743 0.0030388740297040031 -0.0020480616996064781 0.0062169608067294269 0.0042239131093461876 -0.0014674663208425046 0.00260728930739025 -0.00031829932113867942 0.0028622917504011031 0.00074740435048928095 0.0094130421075082956 0.00036591467081258696 -1.0083242774602366e-05 -0.0082298549779114272 0.0014323974385236703 0.003998668177871768 -0.00010273854292574384 0.0072608292832349744 0.0044596978656395716 0.003859171317683326 0.0014226059270677743 0.0042052804297279742 0.0031974768323735116 -0.00023056715975205104 0.00081441505501667663 0.0017454039287709056 0.0041494848532602196 0.00080082917275528119 -0.00087263468446003071 0.0024878985695540906 0.0008843980962410569 -0.0015801764108861486
leaf_weight=35 48 26 23 187.5 66 67.5 61.5 25.5 60 36 33 85.5 31.5 66 24 48 136.5 30 46.5 216 24 48 42 150 66 21 24 66 21 36 27 67.5 81 42 21 30 34.5 42 24 33 54 30 24 24
leaf_count=32 48 14 20 75 36 27 30 18 24 36 33 36 24 36 24 24 60 15 24 114 24 48 30 75 66 15 24 66 21 36 27 27 39 21 21 24 21 18 24 30 24 27 24 24
internal_value=1.93716e-11 -0.0402358 -0.000574002 0.00146884 -0.000969584 0.00266908 0.00401446 0.00548879 0.00176925 0.00802391 0.000615636 -0.00039884 0.00938741 0.000253046 0.00276905 0.00328953 0.00375587 0.00146449 -0.00030412 0.000199948 0.00259629 0.00312745 0.0110957 -0.000907021 -0.000365111 -0.00190465 0.000763673 0.00370443 0.00429038 0.00515002 0.00246363 0.00334137 0.00253014 0.00345165 0.000702592 0.00162882 0.00262306 0.000329561 0.00279094 -0.000279312 3.80634e-05 0.0034897 0.00187334 -0.000428775
internal_weight=2385 84 58 2301 759 1542 618 303 924 135 429 693 99 396 495 393 333 148.5 330 262.5 315 246 67.5 544.5 357 111 102 198 150 102 48 285 148.5 168 69 78 106.5 246 48 63 204 72 48 90
internal_count=1506 66 52 1440 414 1026 522 207 504 108 234 378 72 201 270 174 150 81 165 138 315 246 48 297 222 105 96 198 150 102 48 126 66 99 69 72 69 117 48 45 99 48 48 90
is_linear=0
shrinkage=0.08


Tree=19
num_leaves=45
num_cat=0
split_feature=34 36 0 13 10 36 5 26 5 36 16 15 0 36 0 35 7 19 35 35 33 0 35 32 5 7 21 20 18 19 13 20 36 35 16 32 34 10 17 19 13 15 19 32
split_gain=18.6412 51.8271 75.2667 0.725018 0.381318 0.32959 0.237152 0.169119 0.13065 0.113801 0.141652 0.109559 0.14836 0.102044 0.0736119 0.0712514 0.0685457 0.0549681 0.0530538 0.0519675 0.0502594 0.0456992 0.0455463 0.0442412 0.0385681 0.0346077 0.021535 0.0188338 0.0184799 0.0178061 0.0175444 0.0230825 0.0171274 0.0169373 0.0152577 0.0140888 0.0122675 0.0106785 0.0129643 0.00857202 0.00738112 0.00915425 0.00622533 0.00484637
threshold=1.0000000180025095e-35 1.5000000000000002 16.415000000000003 8.4550000000000018 9.9550000000000018 2.5000000000000004 9.8350000000000026 1.6000000000000003 10.105000000000002 2.5000000000000004 6.6850000000000014 2.5050000000000003 15.345000000000001 1.5000000000000002 17.310000000000006 1.5000000000000002 9.8350000000000026 2.3000000000000003 1.5000000000000002 1.5000000000000002 1.7000000000000004 14.760000000000003 1.5000000000000002 4.2000000000000011 10.105000000000002 11.974615384615387 10.000000000000002 0.50000000000000011 1.9000000000000001 0.3000000000000001 8.2800000000000011 1.0000000180025095e-35 1.5000000000000002 1.5000000000000002 6.1050000000000013 1.0000000180025095e-35 3.5000000000000004 7.9050000000000011 13.900000000000002 5.9000000000000012 7.3450000000000015 2.7250000000000005 7.6000000000000005 0.50000000000000011
decision_type=2 2 2 2 2 2 2 2 2 2 2 2 2 2 2 2 2 2 2 2 2 2 2 2 2 2 2 2 2 2 2 2 2 2 2 2 2 2 2 2 2 2 2 2
left_child=1 -1 -3 5 7 13 11 9 17 14 -11 19 -13 30 32 -12 21 18 -8 20 27 36 25 26 28 -9 -23 -7 -18 -10 31 35 43 -34 -26 -2 -15 38 40 -38 41 42 -33 -5
right_child=3 2 -4 4 -6 6 8 22 29 10 15 12 -14 16 -16 -17 24 -19 -20 -21 -22 23 -24 -25 34 -27 -28 -29 -30 -31 -32 37 33 -35 -36 -37 39 -39 -40 -41 -42 -43 -44 -45
leaf_value=0.051850738184792661 -0.0017594095816214881 0.0048914255897204084 -0.18107648776127744 0.00093747689957162002 -0.0064054007337174639 0.0028289312857237682 0.0014190367438519993 0.0022561396680841291 0.0054147906022315676 -0.0067796971348973072 0.0003727886500457923 0.01285920398682356 0.0058540396737532877 0.00094411945227131425 0.0030617024038325658 -0.0032845692479610447 -0.00013403976166790181 0.0028498570897870445 -0.0025258898884058002 0.0024391720419128736 0.0083628675726152239 0.0073457574243865802 0.0031111906459316231 0.0028146001585271385 0.0037930513221722147 -0.00050381677284363721 0.0043540871992968676 0.0059089729376137256 0.0018739408317064356 0.0035798579128459096 0.0027097355804660108 0.001095963136436857 -0.00026709573354483362 -0.0019520347948585237 0.0019300461881326149 0.00024347375616315725 0.0034365092349859577 0.0022940105256257634 0.0021784212749059264 0.0016547059536808069 0.0001941833301883686 0.0018823149174451829 -0.0001383340934158436 -9.8946230119150702e-05
leaf_weight=28 34.5 30 26 38.5 66 27 48 54 55 38.5 75 30 54.5 33 44 62.5 88 55 40 45 31 33.5 97.5 52.5 38.5 63 28.5 24 44 88 27.5 61.5 84 70 104.5 64.5 48 33 38 27 143 50 45.5 115.5
leaf_count=22 27 30 14 21 36 26 32 36 30 21 50 27 33 33 24 25 48 30 16 39 28 24 39 33 21 42 18 24 24 48 15 54 56 28 57 42 48 18 33 27 78 33 33 63
internal_value=-2.94022e-11 -0.037017 -0.0814508 0.00135134 -0.000578068 0.00239651 0.00407777 -6.0083e-05 0.00257574 -0.000829628 -0.0024906 0.00610889 0.00834108 0.00155588 8.55112e-07 -0.00128965 0.00236604 0.000865876 -0.000374112 0.00462369 0.0058225 0.00341001 0.00183418 0.0045235 0.00152138 0.000770009 0.00597055 0.00427836 0.000535287 0.0042856 0.000745721 0.000630805 -0.000436409 -0.00103298 0.00243162 -0.000454501 0.00222949 0.000920415 0.000786306 0.00279506 0.000609972 0.000988683 0.000571098 0.00016016
internal_weight=2385 84 56 2301 808.5 1492.5 497.5 742.5 286 528 176 211.5 84.5 995 352 137.5 497.5 143 88 127 82 222.5 214.5 114.5 275 117 62 51 132 143 497.5 470 308 154 143 99 108 371 338 75 300 157 107 154
internal_count=1506 66 44 1440 441 999 333 405 156 288 96 177 60 666 192 75 333 78 48 117 78 183 117 75 150 78 42 50 72 78 333 318 168 84 78 69 108 249 231 75 198 120 87 84
is_linear=0
shrinkage=0.08


Tree=20
num_leaves=45
num_cat=0
split_feature=34 1 14 37 37 37 1 5 1 16 5 37 37 37 12 33 17 37 37 37 2 10 37 8 21 3 37 37 37 14 37 37 1 1 37 16 37 33 1 1 25 15 13 33
split_gain=15.7779 36.5647 0.761916 0.367177 5.7915 0.333458 0.264042 0.212612 0.148289 0.190187 0.11999 0.0927147 0.0884529 0.0874912 0.155281 0.0807686 0.0753657 0.0666947 0.0665846 0.0613468 0.0578022 0.0461703 0.0428162 0.0419507 0.0418225 0.0411861 0.0388243 0.0448239 0.0351374 0.0326943 0.0291481 0.0351417 0.0611657 0.0458066 0.0266296 0.0246684 0.0293054 0.0244264 0.0224633 0.0212579 0.0159833 0.0129198 0.0111855 0.00818946
threshold=1.0000000180025095e-35 16.415000000000003 8.5500000000000025 11.703076923076924 11.760384615384618 7.995000000000001 17.545000000000005 9.8350000000000026 14.640000000000002 6.6250000000000018 10.105000000000002 14.695000000000002 16.245000000000001 17.545000000000005 9.8250000000000011 12.800000000000002 5.0000000000000009 12.049615384615388 9.7850000000000019 7.5750000000000002 17.890000000000004 7.6050000000000013 7.6650000000000009 9.9050000000000029 15.000000000000002 17.935000000000006 3.0500000000000003 14.160000000000002 11.911538461538465 7.4200000000000008 3.8950000000000005 5.2800000000000002 13.955000000000002 14.365000000000002 8.0300000000000029 6.1050000000000013 8.0900000000000016 1.9000000000000001 15.880000000000001 17.680000000000003 2.3000000000000003 2.1350000000000002 7.8500000000000005 2.5000000000000004
decision_type=2 2 2 2 2 2 2 2 2 2 2 2 2 2 2 2 2 2 2 2 2 2 2 2 2 2 2 2 2 2 2 2 2 2 2 2 2 2 2 2 2 2 2 2
left_child=1 5 7 6 -5 -1 18 8 26 34 12 15 16 14 28 24 22 19 43 -12 -8 -21 -9 -24 -11 -15 37 30 -6 -19 41 32 -32 -33 -10 -23 -37 -2 -36 42 -30 -28 -31 -4
right_child=2 -3 3 4 13 -7 20 10 9 11 17 -13 -14 25 -16 -17 -18 29 -20 21 -22 35 23 -25 -26 -27 27 -29 40 39 31 33 -34 -35 38 36 -38 -39 -40 -41 -42 -43 -44 -45
leaf_value=-0.0045768544984360537 -0.00057842853944748644 -0.11288872425372784 -0.0021813627104792332 -0.057632676760355633 0.0031101718213823104 0.007562193274497986 0.0053882509313131636 -0.0021051372802919814 0.0042054592412177141 0.012067260248096366 0.00046338446127871673 0.0034359172969642615 0.0044963561630610265 0.0053145496509525748 -0.0068263102707418581 0.0048318783097737843 0.0026532582436144974 -0.0020598212047480049 0.0002929052689944877 0.0055377187315995488 0.0019284000253235853 0.0036320808963788737 0.0025217513933225915 -0.0002780053229700472 0.0080355230623330824 0.00030417119618505241 0.0036331275992450263 0.00028822865154195046 -0.00013750601432757216 0.0011396025625678402 0.0034734291570364603 0.0027235353683121503 -0.0014176423368044196 0.0069507023124467764 0.0029189075251472079 0.0036618881250421206 0.0013111090141076907 0.002581902752475192 0.00043619961582421179 -0.000353836213859419 -0.002278899064908425 0.0064393600218352817 0.0035820585396140817 -0.0011575216568178602
leaf_weight=30 45 26 112.5 11.999999999999998 18 28 57 67.5 61.5 28.5 60 36 33 21 27 31.5 66 24 216 48 67.5 136.5 40.5 222 39 21 21 42 87 24 36 75 30 21 72 52.5 96 24 34.5 30 30 21 24 90
leaf_count=30 45 14 45 6 9 22 24 27 30 18 24 36 33 21 24 24 36 24 105 24 27 60 21 117 30 21 21 42 81 24 36 75 30 21 48 21 45 24 21 24 15 21 24 36
internal_value=4.55621e-11 -0.0340556 0.00124323 -0.000831715 -0.00362156 0.00128338 0.000278056 0.00226455 0.00341319 0.00467672 0.00149631 0.00691259 0.000517044 -0.000444432 -0.00128801 0.00817683 0.000185434 0.002345 -0.00068414 0.00281809 0.00351243 0.00324236 -0.00030813 0.000153957 0.00973781 0.00280936 0.0021978 0.00266818 -0.000180347 0.000522246 0.00315817 0.00267126 0.00125021 0.00364823 0.00288004 0.00285577 0.00214219 0.000520817 0.00211465 0.00131673 -0.000686581 0.00503624 0.00236083 -0.00172632
internal_weight=2385 84 2301 759 216 58 543 1542 618 303 924 135 429 204 162 99 396 495 418.5 393 124.5 333 330 262.5 67.5 42 315 246 135 102 204 162 66 96 168 285 148.5 69 106.5 78 117 42 48 202.5
internal_count=1506 66 1440 414 177 52 237 1026 522 207 504 108 234 171 129 72 201 270 186 174 51 150 165 138 48 42 315 246 105 96 204 162 66 96 99 126 66 69 69 72 96 42 48 81
is_linear=0
shrinkage=0.08


Tree=21
num_leaves=45
num_cat=0
split_feature=34 36 36 14 4 0 36 6 0 36 0 16 0 22 6 0 16 6 36 22 20 0 18 34 34 34 25 22 22 21 13 22 29 22 21 21 32 32 18 32 34 2 20 18
split_gain=13.3544 44.6672 14.0745 0.644886 0.309708 0.564109 0.302126 0.184259 0.112735 0.0974743 0.0931537 0.117418 0.0691413 0.0560544 0.0498826 0.0480394 0.0475716 0.0276413 0.0238337 0.0209623 0.0166762 0.0161257 0.014675 0.0118007 0.0384538 0.0212977 0.0111724 0.0109181 0.010701 0.0103944 0.0103622 0.00900557 0.0082185 0.00795664 0.00784885 0.0100743 0.00596505 0.00450827 0.0043317 0.00373565 0.00363433 0.00360096 0.00340536 0.00314276
threshold=1.0000000180025095e-35 2.5000000000000004 1.5000000000000002 8.5500000000000025 17.955000000000002 17.835000000000004 2.5000000000000004 9.7950000000000017 16.860000000000003 1.5000000000000002 14.695000000000002 6.6250000000000018 17.400000000000002 10.600000000000003 9.7950000000000017 14.760000000000003 6.6250000000000018 10.065000000000003 1.5000000000000002 2.7000000000000006 0.3000000000000001 17.430000000000003 6.4000000000000012 13.700000000000005 10.700000000000005 21.900000000000006 1.6000000000000003 10.600000000000003 45.400000000000013 3.5000000000000004 7.4800000000000013 5.4000000000000012 9.9000000000000004 10.200000000000001 5.6000000000000005 2.3000000000000003 1.0000000180025095e-35 0.50000000000000011 3.7000000000000006 4.2000000000000011 112.70000000000003 17.345000000000002 4.5000000000000009 2.7000000000000006
decision_type=2 2 2 2 2 2 2 2 2 2 2 2 2 2 2 2 2 2 2 2 2 2 2 2 2 2 2 2 2 2 2 2 2 2 2 2 2 2 2 2 2 2 2 2
left_child=1 2 -1 6 12 -6 9 10 13 23 19 -12 18 -9 15 31 -17 30 37 -8 32 38 29 24 33 -25 -14 -22 40 -21 -16 -11 -19 -2 35 -33 -20 -5 -10 -30 42 -29 43 -27
right_child=3 -3 -4 4 5 -7 7 8 21 14 11 -13 26 -15 17 16 -18 20 36 22 27 -23 -24 25 -26 28 -28 41 39 -31 -32 34 -34 -35 -36 -37 -38 -39 -40 -41 -42 -43 -44 -45
leaf_value=0.050025624067389536 -0.00059793430223432649 -0.11383221096226148 -0.030186895770686017 0.00093100705825082666 -0.010976557243954053 0.0011011367481239516 0.0019294177204601175 -0.00079966821089074325 0.0036295321731527976 0.00069255888337890303 0.0048085317873795119 0.010296575595521265 0.0020851807731246067 0.0023681250422984573 0.001467391611016416 0.002790276059947376 0.0063519842786315299 0.0037377709984876117 -0.0018717223678884859 0.0061326449375712511 0.00039995935555039481 0.0048217610467338199 0.0028697193708891672 -0.0017910106240040542 0.0032207066757837313 0.00030806895568356163 0.00074143691477600976 0.0025267822892925183 0.0019662662186601667 0.0038558745588220299 -0.00016050933944908056 0.0018812024338791769 0.0020847788985286441 0.0012443367744538378 0.0011197910372478265 0.004080219098056356 -0.0008711591805168591 -5.7685735944673245e-05 0.0025440346483479848 0.00085267624385731739 -0.00041506404819136321 0.0014326143216390115 -0.00028195638078100545 0.00098749942901987038
leaf_weight=28 41.5 28 28 38.5 49.5 49.5 27 71.5 60.5 30 56 45 66 71.5 38.5 56 42 38.5 44 33 44 66 24 28.5 40 152.5 99 38.5 32 21 71.5 30 38.5 23.5 24 24 286 126.5 38.5 48.5 44 38.5 42.5 61
leaf_count=22 39 22 22 21 27 27 27 39 33 30 33 36 36 39 21 33 33 21 24 33 24 36 24 21 30 84 54 21 24 21 39 30 21 21 24 24 156 69 21 39 24 21 24 36
internal_value=5.21367e-13 -0.0313312 0.00991936 0.00114377 -0.000765178 -0.00493771 0.00208339 0.00366703 0.00242829 0.00129157 0.00551914 0.0072537 -0.000139298 0.000784228 0.00207057 0.00303423 0.00431672 0.00142604 -0.000612042 0.00385065 0.00199093 0.00385314 0.00451569 0.000512567 0.0012691 0.000318346 0.00127893 0.00140525 0.00047634 0.00524723 0.000409256 0.00187049 0.00291127 6.81175e-05 0.00232354 0.00285854 -0.00100457 0.000173009 0.00320739 0.00129535 0.000256573 0.0019797 0.000372011 0.000502192
internal_weight=2385 84 56 2301 759 99 1542 514 308 1028 206 101 660 143 514 206 98 308 495 105 198 165 78 514 105 409 165 121 380.5 54 110 108 77 65 78 54 330 165 99 80.5 300 77 256 213.5
internal_count=1506 66 44 1440 414 54 1026 342 168 684 174 69 360 78 342 174 66 168 270 105 108 90 78 342 90 252 90 66 231 54 60 108 42 60 78 54 180 90 54 63 168 42 144 120
is_linear=0
shrinkage=0.08


Tree=22
num_leaves=45
num_cat=0
split_feature=34 36 36 14 37 37 36 0 6 0 4 14 0 37 36 35 2 14 37 37 36 33 18 37 21 37 37 36 20 37 4 20 20 32 32 0 37 4 21 31 36 35 37 18
split_gain=11.3032 37.8063 11.9126 0.545831 0.303744 4.81663 0.25572 0.227335 0.155957 0.0954188 0.0943175 0.0849304 0.0788453 0.104648 0.0788299 0.0689434 0.0599559 0.0414367 0.0386762 0.0567955 0.0371529 0.0315533 0.0291584 0.0518557 0.0292573 0.0216097 0.0270221 0.017317 0.0165638 0.0157926 0.017861 0.0139501 0.0143192 0.0136393 0.0121745 0.0121627 0.0112606 0.0112105 0.0110986 0.0110801 0.00971429 0.00918244 0.0079505 0.00711025
threshold=1.0000000180025095e-35 2.5000000000000004 1.5000000000000002 8.5500000000000025 11.703076923076924 11.802307692307695 2.5000000000000004 17.475000000000005 9.7950000000000017 16.860000000000003 17.955000000000002 8.4550000000000018 14.695000000000002 8.0300000000000029 1.5000000000000002 1.5000000000000002 17.890000000000004 7.8200000000000012 12.049615384615388 8.2450000000000028 1.5000000000000002 4.6000000000000005 1.9000000000000001 10.875000000000002 1.5000000000000002 3.0500000000000003 13.095000000000002 1.5000000000000002 1.0000000180025095e-35 7.9050000000000011 16.140000000000004 3.0000000000000004 11.800000000000002 3.1000000000000005 1.0000000180025095e-35 16.765000000000004 13.265000000000002 16.195000000000004 2.3000000000000003 1.5000000000000002 2.5000000000000004 1.0000000180025095e-35 7.0900000000000007 1.5000000000000002
decision_type=2 2 2 2 2 2 2 2 2 2 2 2 2 2 2 2 2 2 2 2 2 2 2 2 2 2 2 2 2 2 2 2 2 2 2 2 2 2 2 2 2 2 2 2
left_child=1 2 -1 6 7 -6 11 15 12 17 27 14 25 -14 28 -5 -9 33 19 -11 -17 -15 29 24 -24 -8 43 -7 34 30 38 -26 -33 -10 -2 -29 39 41 -16 42 -22 -31 -30 -27
right_child=3 -3 -4 4 5 10 8 16 9 18 -12 -13 13 21 22 20 -18 -19 -20 -21 40 -23 23 -25 31 26 -28 35 36 37 -32 32 -34 -35 -36 -37 -38 -39 -40 -41 -42 -43 -44 -45
leaf_value=0.046023575248462817 -0.0017283847004823064 -0.10472563328487533 -0.027771944700341139 0.00056059793859560003 -0.042862917052374945 0.00070718585767247507 0.0013755763775628546 0.0052169969521070779 0.002927409673666025 0.0020487123519182205 0.0040644541561293112 0.0051810626888817001 0.0099543881067981968 0.0063247524691161829 0.00019335791740256053 -7.5632744258449924e-05 0.0016932766326461677 -0.0010010697394609452 0.0011407145364757847 0.0054776158011920839 -0.0015875686608975933 0.0027203665134207956 0.0017346333579076985 0.00048297593635148725 0.0053189940506126734 0.0040701986139174548 0.0022384375259280206 5.9518303954973816e-05 0.00064783802050781449 0.0017938533006235957 -0.00094139836836257013 0.0024268074916756672 0.0046106764070238124 0.00091973028460875009 3.3824544642930446e-05 -0.0016985350352307946 -0.00025504641696180014 0.0021500503117047646 0.00269603451497333 0.00054945302416479266 -0.0028542276294000685 -2.7347886305604434e-05 0.0023303983652073405 0.0059930430748499934
leaf_weight=28 34.5 28 28 186 18 54 23 57 38.5 50 36 33 38.5 33.5 24 77.5 67.5 55 34 81 77.5 29 61.5 65 32 20 30 40 29.5 34 40 46 33 49.5 92 68 76 103.5 21.5 219.5 77.5 37 46 32
leaf_count=22 27 22 22 93 9 47 23 24 21 20 27 18 27 22 24 31 27 30 32 38 31 20 35 60 22 20 30 40 28 34 16 27 21 27 57 54 76 59 17 122 31 18 23 32
internal_value=1.14124e-11 -0.0288247 0.00912582 0.00105227 -0.000703964 -0.00324141 0.00191672 0.000305406 0.00337367 0.00223403 0.000360549 0.00118824 0.0050776 0.0066734 0.00105582 -0.000587406 0.00330655 0.00072149 0.00354489 0.00416887 -0.00150581 0.00465232 0.00176789 0.0024087 0.00313434 0.0035426 0.00415042 -0.000462541 0.000343746 0.00118253 0.000291806 0.00390985 0.00333906 0.00179809 -0.000446778 -0.0010474 0.000613291 0.00161896 0.00137594 0.000836998 -0.0022209 0.000844777 0.00167297 0.00525349
internal_weight=2385 84 56 2301 759 216 1542 543 514 308 198 1028 206 101 995 418.5 124.5 143 165 131 232.5 62.5 497.5 237.5 172.5 105 82 162 497.5 260 85.5 111 79 88 126.5 108 371 174.5 45.5 295 155 71 75.5 52
internal_count=1506 66 44 1440 414 177 1026 237 342 168 168 684 174 69 666 186 51 78 90 58 93 42 333 165 105 105 82 141 333 168 57 70 48 48 84 94 249 111 41 173 62 52 51 52
is_linear=0
shrinkage=0.08


Tree=23
num_leaves=45
num_cat=0
split_feature=34 2 4 0 13 36 15 32 5 36 0 20 36 0 32 0 36 0 22 34 36 4 17 34 17 21 31 22 34 19 31 25 32 18 34 34 8 21 0 15 19 29 31 3
split_gain=9.56699 32.0307 0.425591 0.37707 0.214455 0.195459 0.13191 0.139865 0.0802916 0.0835989 0.0650913 0.0563753 0.0442737 0.0322264 0.0298482 0.0302761 0.0259634 0.0201808 0.0187422 0.0181848 0.0167577 0.016066 0.0117507 0.011171 0.00779399 0.00646704 0.00637509 0.00602102 0.00593737 0.0054031 0.00447082 0.00528001 0.0038158 0.0031778 0.00292746 0.00509107 0.00243587 0.00238468 0.00213243 0.00206762 0.00174055 0.00166945 0.00273381 0.00139701
threshold=1.0000000180025095e-35 16.415000000000003 17.955000000000002 17.835000000000004 7.3450000000000015 2.5000000000000004 1.6099999999999997 1.0000000180025095e-35 10.105000000000002 2.5000000000000004 11.984999656677248 13.900000000000002 1.5000000000000002 17.400000000000002 1.5000000000000002 15.765000000000002 1.5000000000000002 14.695000000000002 71.40000000000002 36.300000000000004 1.5000000000000002 16.380000000000006 10.000000000000002 83.40000000000002 2.1000000000000005 3.3000000000000003 1.0000000180025095e-35 5.4000000000000012 34.100000000000009 8.2000000000000011 9.9000000000000004 5.4000000000000012 0.50000000000000011 5.9000000000000012 86.000000000000014 50.000000000000007 10.085000000000003 1.5000000000000002 14.280000000000003 2.8750000000000004 0.3000000000000001 1.3 2.5000000000000004 16.155000000000005
decision_type=2 2 2 2 2 2 2 2 2 2 2 2 2 2 2 2 2 2 2 2 2 2 2 2 2 2 2 2 2 2 2 2 2 2 2 2 2 2 2 2 2 2 2 2
left_child=1 10 4 -4 5 12 13 -8 21 16 -1 14 28 20 24 17 19 -16 22 -10 32 36 27 25 -7 40 -22 -14 37 38 31 -21 -6 39 35 -18 43 -2 -29 -30 -11 42 -28 -9
right_child=2 -3 3 -5 6 11 7 8 9 23 -12 -13 18 -15 15 -17 34 -19 -20 30 26 -23 -24 -25 -26 -27 41 29 33 -31 -32 -33 -34 -35 -36 -37 -38 -39 -40 -41 -42 -43 -44 -45
leaf_value=0.0044617441402644746 -9.0533042206398907e-05 -0.10030250494296734 -0.0091003400388390138 0.00077411410633963773 0.00083268213968772391 0.0017088412165041798 0.0047822746307109344 -0.00033130521603831739 0.001615517629225823 0.002591004766269841 0.0099850963733412994 0.007216762455416398 0.00056565805276234942 0.0016179139565939854 0.0040575674747427301 0.0030246859644022252 0.0018762271177883334 0.0068174537290365267 0.0040353981477598989 -0.00050047417467629371 -0.0017485566361045296 0.0014243446109872876 0.0030466411782653778 0.0041334374858574439 0.0033532861041437301 0.0035341698894059506 -0.0006038048854097724 0.0016699050563491052 0.00023115719487038205 0.0009294602200980225 -0.00086351183553536731 0.00078238050320318761 -7.6915238925951565e-05 0.0016124620690174841 0.0021977742190484877 0.00090186423480962264 -0.00055593176386812984 0.00060562026144907579 0.0024647833282748859 0.0011743751928831141 0.0018896673755212266 -0.00057354082083229958 -0.0014498317492490803 9.3693362779426155e-05
leaf_weight=36 62 26 49.5 49.5 38.5 39 66 66 44 55 22 35.5 30 49.5 30 49.5 71.5 39 31 44 44 49.5 45.5 44 35 38.5 55 36 29.5 31.5 49.5 38.5 126.5 42.5 38.5 66 66 64 54 30 38.5 187 44 198
leaf_count=36 57 14 27 27 21 39 36 36 24 30 16 30 30 27 30 27 39 30 27 24 24 27 33 24 30 21 30 36 24 24 27 21 69 33 21 36 36 54 36 18 21 102 24 108
internal_value=4.05771e-11 -0.0265187 0.000968088 -0.00416311 0.00119878 0.00237492 0.000668824 0.00122655 0.000967956 0.00160591 0.00655681 0.00428743 0.00141866 -0.000328329 0.00374722 0.00453443 0.000894112 0.0056175 0.00220694 0.000207044 -0.000522954 8.03655e-05 0.00191921 0.00302951 0.00248662 0.00266154 -0.000852092 0.00158061 0.00063038 0.00183122 -0.000262447 9.81913e-05 0.000135324 0.00108412 0.00158118 0.00140853 -0.000121231 0.000263069 0.00214683 0.000706729 0.00230222 -0.000714175 -0.000979817 -1.25563e-05
internal_weight=2385 84 2301 99 2202 684 1518 973.5 907.5 528 58 228 456 544.5 192.5 118.5 352 69 228 176 495 379.5 197 176 74 132 330 151.5 228 121.5 132 82.5 165 102 176 137.5 330 126 90 59.5 93.5 286 99 264
internal_count=1506 66 1440 54 1386 558 828 531 495 288 52 186 372 297 156 87 192 60 186 96 270 207 159 96 69 72 180 126 186 96 72 45 90 75 96 75 180 111 72 42 51 156 54 144
is_linear=0
shrinkage=0.08


Tree=24
num_leaves=45
num_cat=0
split_feature=34 36 36 14 37 37 36 9 4 1 36 5 15 14 1 37 1 36 37 37 37 14 37 22 17 37 1 37 36 32 37 37 20 32 5 6 17 37 31 36 17 36 19 37
split_gain=8.0975 32.3371 9.75794 0.39329 0.252816 4.03306 0.227102 0.309358 0.240701 0.194041 0.186163 0.114795 0.0739302 0.0674574 0.0650391 0.0773412 0.0583613 0.0582556 0.0463971 0.0429491 0.0645735 0.0444547 0.0413874 0.0707982 0.0313806 0.0522208 0.0259132 0.0410231 0.0254544 0.0182203 0.0171667 0.0232796 0.0144779 0.0128655 0.0124817 0.0191398 0.0106414 0.00954921 0.00928371 0.00920227 0.00904154 0.00729628 0.00654812 0.00638861
threshold=1.0000000180025095e-35 2.5000000000000004 1.5000000000000002 8.5500000000000025 11.703076923076924 11.760384615384618 2.5000000000000004 11.992692307692311 17.955000000000002 17.545000000000005 2.5000000000000004 9.7950000000000017 2.4650000000000012 8.4550000000000018 14.640000000000002 8.0300000000000029 17.875000000000004 1.5000000000000002 9.7850000000000019 10.875000000000002 8.0900000000000016 7.5250000000000012 10.085000000000003 10.200000000000001 3.3000000000000003 10.875000000000002 15.625000000000002 5.6350000000000007 1.5000000000000002 3.5000000000000004 3.0500000000000003 13.835000000000003 1.0000000180025095e-35 1.0000000180025095e-35 10.105000000000002 9.8850000000000033 2.1000000000000005 13.265000000000002 1.5000000000000002 1.5000000000000002 4.2000000000000011 2.5000000000000004 5.0000000000000009 7.0900000000000007
decision_type=2 2 2 2 2 2 2 2 2 2 2 2 2 2 2 2 2 2 2 2 2 2 2 2 2 2 2 2 2 2 2 2 2 2 2 2 2 2 2 2 2 2 2 2
left_child=1 2 -1 10 9 -6 8 -8 39 18 13 14 22 17 30 -16 -11 32 28 20 -14 -21 23 -13 34 26 27 -26 -5 -17 -12 36 33 -2 35 -19 -32 38 43 -7 -40 -30 -42 -34
right_child=3 -3 -4 4 5 6 7 -9 -10 16 11 12 19 -15 15 29 -18 24 -20 21 -22 -23 -24 -25 25 -27 -28 -29 41 -31 31 -33 37 -35 -36 -37 -38 -39 40 -41 42 -43 -44 -45
leaf_value=0.044095560400081536 -0.0017838375221775928 -0.094593713283538827 -0.022693443520859415 -0.00010561559045756305 -0.047986876169840501 0.00064841227099316683 -0.0004318212868368372 -0.012111122335883833 0.0082334907313010523 0.005225467236355098 0.0010569268780881943 -0.002361501617751156 0.001923205602169037 0.004561332276260311 0.0088001717854705123 0.0054002264773589563 0.0016862763345241547 0.0014375603223750414 0.0003114904052711575 -0.0012453672327101231 0.0058786111750773022 0.0029621076476242809 0.0028967138854786756 0.0018439793675252708 0.002493216578060618 -2.1224572041700056e-05 0.0022968360641366474 0.0071587070226669311 -0.001420163156395709 0.0025923061506314712 0.0031407677169357031 0.0011568216308951377 0.00057699636856125571 2.7693225749079949e-05 0.001688333258402249 -9.7275303206607059e-05 0.005246809398864999 -0.00027491859677722554 5.93447276706146e-05 -0.0008285032456775231 0.0017753935452136729 -0.0025964249195875944 0.00036862921388819815 0.0020852579911360921
leaf_weight=28 34.5 28 28 67.5 11.999999999999998 54 47 21 28 49.5 23 52 50 33 36 32 75 103.5 216 25 56 45 35 50.5 26 43 77 22.5 67.5 27.5 28 20 29.5 92 121 104.5 34 76 134.5 54 45 67.5 40 46
leaf_count=22 27 22 22 27 6 47 43 14 20 21 23 23 20 18 26 21 30 93 105 20 25 31 30 22 26 41 34 16 27 19 28 20 28 57 66 57 34 76 73 47 24 27 25 23
internal_value=-1.22125e-11 -0.0243972 0.0107011 0.000890641 -0.000600124 -0.00291509 -0.000263806 -0.00403866 0.00162362 0.000320745 0.00162442 0.00286753 0.00191142 0.00100287 0.0043625 0.00587332 0.00309342 0.000884848 -0.000504102 0.00299729 0.00401285 0.00145944 0.000521512 -0.000289533 0.00149698 0.0023848 0.00320917 0.00465762 -0.00137407 0.00410245 0.00298837 0.00353012 0.000272713 -0.000466361 0.00104228 0.000666453 0.00429569 0.000524715 0.000730722 -9.00455e-05 0.000467516 -0.00200829 0.00111339 0.00149594
internal_weight=2385 84 56 2301 759 216 204 68 136 543 1542 514 313.5 1028 200.5 95.5 124.5 995 418.5 176 106 70 137.5 102.5 497.5 168.5 125.5 48.5 202.5 59.5 105 82 497.5 126.5 329 208 62 371 295 108 219.5 135 85 75.5
internal_count=1506 66 44 1440 414 177 171 57 114 237 1026 342 171 684 171 66 51 666 186 96 45 51 75 45 333 117 76 42 81 40 105 82 333 84 216 150 62 249 173 94 122 54 49 51
is_linear=0
shrinkage=0.08


Tree=25
num_leaves=45
num_cat=0
split_feature=34 1 37 14 37 37 16 36 5 0 16 37 4 5 37 4 16 37 37 37 37 37 20 14 37 37 36 37 37 0 0 36 0 36 0 0 34 34 32 37 17 0 23 13
split_gain=6.85372 27.6666 0.371583 0.33288 0.213983 3.44397 0.192789 0.157601 0.115787 0.0833497 0.107638 0.092875 0.0768285 0.0670617 0.0738703 0.0744273 0.0701518 0.0591572 0.0710893 0.0459834 0.0442092 0.0428891 0.0414109 0.035511 0.0261964 0.0350125 0.0247102 0.0224423 0.0323384 0.0546949 0.030283 0.0190383 0.0141713 0.0120443 0.0106464 0.010472 0.00903222 0.0291661 0.028666 0.0100188 0.00930241 0.00883321 0.0066872 0.011744
threshold=1.0000000180025095e-35 16.415000000000003 7.995000000000001 8.5500000000000025 11.703076923076924 11.802307692307695 6.0226923076923082 1.5000000000000002 9.7950000000000017 14.695000000000002 6.6250000000000018 8.1550000000000029 17.955000000000002 10.105000000000002 16.115000000000006 16.140000000000004 6.1600000000000019 10.875000000000002 7.5750000000000002 9.7950000000000017 7.8750000000000009 9.6700000000000017 1.1000000000000003 7.4400000000000004 3.0500000000000003 3.8950000000000005 2.5000000000000004 14.160000000000002 5.2400000000000011 13.955000000000002 14.310000000000002 1.5000000000000002 15.765000000000002 1.5000000000000002 16.740000000000006 17.400000000000002 12.700000000000003 10.700000000000005 1.0000000180025095e-35 14.310000000000002 3.3000000000000003 13.485000000000001 10.400000000000002 7.8500000000000005
decision_type=2 2 2 2 2 2 2 2 2 2 2 2 2 2 2 2 2 2 2 2 2 2 2 2 2 2 2 2 2 2 2 2 2 2 2 2 2 2 2 2 2 2 2 2
left_child=1 2 -1 7 6 -6 -5 36 9 24 32 -12 33 14 15 19 -16 18 -15 -10 -17 31 -22 -19 41 -26 -20 28 29 -27 -30 -8 -11 -7 -35 -23 37 -2 -38 40 -40 -9 43 -25
right_child=3 -3 -4 4 5 12 21 8 13 10 11 -13 -14 17 16 20 -18 23 26 -21 22 35 -24 42 25 27 -28 -29 30 -31 -32 -33 -34 34 -36 -37 38 -39 39 -41 -42 -43 -44 -45
leaf_value=0.0021082226981719333 4.4199912898385759e-05 -0.09101886052351732 0.014922436752489634 0.0045719850411017737 -0.036185275713602701 0.00059653927964434304 -4.2556240558624273e-05 0.0016049284990876914 0.0036255144493447414 0.0035808401955696552 0.0091587143391370779 0.0039984647152299171 0.0037067934953504138 6.4251401461660863e-05 6.4067759667523204e-05 -0.0024756386583050091 0.0062021381995425772 -0.0015369493480150897 0.0028362002547878723 -5.5089407556113743e-05 -0.0014730113566569661 7.9095287494703961e-05 0.0020235085028518988 0.00083986586549629776 0.0050774143669488174 0.0035114074837077746 0.0048629408136203686 -4.7421765380672048e-05 0.0024685237254522254 -0.0022690448649227619 0.006197310835123062 -0.0017526100502163171 0.0016780296120453963 0.00021129783151034069 -0.0014519736001800212 0.0011595521136545219 -0.003842536915432323 0.0029358825531295117 0.00017013752215894534 -0.00050513433909509333 0.001060948661070759 -0.00063135268963658466 0.00069465480098086926 0.0029337713778950277
leaf_weight=30 65 26 28 60 18 54 62.5 20 45 46 41 49 36 40 22 75 26 30 77 42 46 217.5 41 30 28 22 77 28 46 20 20 125 55 38 70 78 10.999999999999998 34 206 80 118 26 36 40
leaf_count=30 60 14 22 24 9 47 25 20 18 30 36 36 27 16 22 30 26 24 33 24 22 105 20 22 28 22 33 28 46 20 20 50 30 38 56 33 6 24 103 80 69 26 24 28
internal_value=2.90184e-11 -0.0224454 0.0082944 0.00081939 -0.000552114 -0.00268188 0.000295085 0.00149447 0.00206636 0.00312801 0.00433739 0.00634925 0.000363883 0.00138737 0.000515259 -3.86875e-05 0.00338886 0.00217227 0.00306909 0.00184867 -0.00105227 -0.000236206 0.000174774 0.000892985 0.00202806 0.00250127 0.00384957 0.00197089 0.00249415 0.000758811 0.00359846 -0.00118259 0.00254466 -0.000378986 -0.000866748 0.000364292 0.00035069 0.0010373 0.000186895 0.000296608 0.000494569 0.000340943 0.0015807 0.00203638
internal_weight=2385 84 58 2301 759 216 543 1542 1028 401 191 90 198 627 297 249 48 330 194 87 162 483 87 136 210 164 154 136 108 42 66 187.5 101 162 108 295.5 514 99 415 404 324 46 106 70
internal_count=1506 66 52 1440 414 177 237 1026 684 342 132 72 168 342 162 114 48 180 82 42 72 213 42 98 210 164 66 136 108 42 66 75 60 141 94 138 342 84 258 252 172 46 74 50
is_linear=0
shrinkage=0.08


Tree=26
num_leaves=45
num_cat=0
split_feature=33 37 0 36 0 0 14 37 37 37 16 5 36 22 0 37 37 15 36 37 20 10 35 33 36 0 14 37 15 37 18 0 32 36 37 36 30 35 35 37 0 35 14 36
split_gain=2.14799 14.4039 3.6621 2.63893 3.43556 0.839841 0.278958 0.194683 2.97528 0.285395 0.160193 0.127899 0.31159 4.58209 3.97423 0.0815865 0.0626509 0.0733317 0.08548 0.0723059 0.0623677 0.0451256 0.0362975 0.0334245 0.0289267 0.0276718 0.0244745 0.0229596 0.0242948 0.0221139 0.0247242 0.0224653 0.0188974 0.0187008 0.0216254 0.0181049 0.0166263 0.0154639 0.0153767 0.0133489 0.0113544 0.00971022 0.0106768 0.00877227
threshold=1.0000000180025095e-35 14.055000000000001 16.425000000000004 1.5000000000000002 16.155000000000005 13.485000000000001 8.5500000000000025 11.703076923076924 11.760384615384618 11.802307692307695 6.0226923076923082 9.8350000000000026 2.5000000000000004 1.0000000180025095e-35 16.415000000000003 9.7050000000000018 7.4050000000000011 2.4650000000000012 2.5000000000000004 10.875000000000002 13.900000000000002 9.9200000000000017 1.5000000000000002 4.2000000000000011 1.5000000000000002 17.400000000000002 7.5750000000000002 9.7950000000000017 2.1950000000000003 16.185000000000006 1.9000000000000001 16.295000000000005 4.2000000000000011 1.5000000000000002 10.875000000000002 2.5000000000000004 3.5000000000000004 1.5000000000000002 1.5000000000000002 11.911538461538465 16.895000000000003 1.0000000180025095e-35 9.0050000000000008 2.5000000000000004
decision_type=2 2 2 2 2 2 2 2 2 2 2 2 2 2 2 2 2 2 2 2 2 2 2 2 2 2 2 2 2 2 2 2 2 2 2 2 2 2 2 2 2 2 2 2
left_child=1 2 3 -1 5 -5 11 10 -9 -10 -8 12 14 -14 24 20 -13 29 33 -20 23 39 40 37 -2 35 -21 28 38 30 43 -31 -30 -19 -35 -24 -32 -15 -26 -11 -12 42 -41 -18
right_child=6 -3 -4 4 -6 -7 7 8 9 21 22 16 13 15 -16 -17 17 18 19 26 -22 -23 25 -25 27 -27 -28 -29 32 31 36 -33 -34 34 -36 -37 -38 -39 -40 41 -42 -43 -44 -45
leaf_value=0.023404968967060409 0.00042311130134701922 -0.058070958046422851 -0.015142258029144545 0.01933902216454347 -0.025626565881681686 0.0012152532497162207 0.0042062262097994482 -0.041253102620442704 -0.017365157604217529 0.0019734819564554426 0.00017857525195857441 -0.001676865897141397 -0.038112024600441392 0.004212424870460264 0.030201568741238482 0.0011958404258733096 -0.00018454454874555616 0.00027999359605357398 0.0048590832692713823 -0.00048330335611743592 0.0086890601549059789 0.0038545264942305428 -0.00073211868114482893 0.0061456055664099183 0.0024842009913514963 0.00068745956756174561 0.0025850153187426121 0.00045472250831331691 0.0045853120843311404 6.1147103440903483e-05 0.0018283030429544548 0.0037615709042265301 0.0021023748787119983 0.0024235111008472513 0.00049892715461876086 -0.0023673412937384388 -5.5032298744966588e-05 0.0016536274836477587 -0.00049019686587982707 0.0011260169087192761 0.0015104499778174092 -0.0013626948189145575 -0.00054354149315534439 -0.0012623056666604404
leaf_weight=46.5 174 31 65 30 24.5 36 60 11.999999999999998 5.9999999999999991 18 108 60 18.5 31 33 52 145 150.5 81.5 28 23.5 21 130 32.5 22 60 41 51 38.5 21 60 21 40 81.5 69 65 60 29.5 22.5 39 66 42 66 72.5
leaf_count=39 147 31 29 30 11 36 24 6 3 9 54 24 10 25 18 50 70 85 35 22 19 21 52 25 21 24 28 50 27 21 30 21 28 35 50 26 30 25 21 39 33 21 66 35
internal_value=-4.90921e-13 -0.00729634 0.000495808 0.00791533 -4.34374e-05 0.00945333 0.000789984 -0.000531614 -0.00260761 -0.000192268 0.000334447 0.00141772 0.00235585 -0.000318698 0.00366855 0.00383072 0.00081968 0.000999936 0.00168892 0.00324564 0.0050068 0.000361696 -0.000207061 0.00407634 0.00115248 -0.000814922 0.0013399 0.00188186 0.0024736 0.00018023 -3.51996e-05 0.00191136 0.00332012 0.000910569 0.00154114 -0.00127719 0.000886635 0.00296475 0.000980292 -8.2846e-05 0.000683769 -0.000334641 7.65802e-05 -0.000543798
internal_weight=2385 233 202 137 90.5 66 2152 693 204 192 489 1459 568 187 381 168.5 891 831 451.5 150.5 116.5 186 429 93 348 255 69 174 123 379.5 337.5 42 78.5 301 150.5 195 120 60.5 44.5 165 174 147 105 217.5
internal_count=1506 176 145 116 77 66 1330 378 165 159 213 952 466 154 312 144 486 462 255 85 94 156 189 75 294 102 50 147 97 207 165 42 55 170 85 78 60 50 42 135 87 126 105 105
is_linear=0
shrinkage=0.08


Tree=27
num_leaves=45
num_cat=0
split_feature=34 36 36 14 36 37 37 36 35 10 16 5 0 16 5 37 14 36 35 14 37 0 36 22 13 37 17 37 37 34 21 34 34 37 37 17 37 16 10 33 34 17 36 37
split_gain=6.1966 25.9945 8.0641 0.21378 0.152345 0.137863 2.56607 0.180078 0.363936 0.197736 0.146019 0.0942222 0.0655251 0.10658 0.0516162 0.0532756 0.0590422 0.0502062 0.0442488 0.0294531 0.0280133 0.0215581 0.0214513 0.0213662 0.0413597 0.0228154 0.0205842 0.0176665 0.0138276 0.0098471 0.00954439 0.00954093 0.0176182 0.00871627 0.00853934 0.00972581 0.00829445 0.00776509 0.00746383 0.00709681 0.00702541 0.00699085 0.00611143 0.00510493
threshold=1.0000000180025095e-35 2.5000000000000004 1.5000000000000002 8.490000000000002 2.5000000000000004 11.703076923076924 11.760384615384618 2.5000000000000004 1.0000000180025095e-35 9.8950000000000014 6.0226923076923082 9.7950000000000017 14.695000000000002 6.6250000000000018 10.105000000000002 15.935000000000002 7.6950000000000012 1.5000000000000002 1.5000000000000002 8.2450000000000028 17.220000000000002 17.400000000000002 1.5000000000000002 10.600000000000003 7.7750000000000012 10.875000000000002 10.000000000000002 10.105000000000002 3.0500000000000003 29.400000000000002 0.3000000000000001 46.100000000000009 32.20000000000001 16.185000000000006 13.095000000000002 2.1000000000000005 3.1100000000000008 6.8850000000000025 9.4850000000000012 2.5000000000000004 16.900000000000009 15.500000000000002 1.5000000000000002 3.3550000000000004
decision_type=2 2 2 2 2 2 2 2 2 2 2 2 2 2 2 2 2 2 2 2 2 2 2 2 2 2 2 2 2 2 2 2 2 2 2 2 2 2 2 2 2 2 2 2
left_child=1 2 -1 4 17 10 -7 9 38 39 -5 12 28 -14 15 16 -13 33 29 23 30 22 -20 27 25 26 31 -19 -6 -12 -16 32 -25 36 35 -30 -2 -27 -9 42 -24 43 -8 -38
right_child=3 -3 -4 5 11 6 7 8 -10 -11 18 14 13 -15 20 -17 -18 19 21 -21 -22 -23 40 24 -26 37 -28 -29 34 -31 -32 -33 -34 -35 -36 -37 41 -39 -40 -41 -42 -43 -44 -45
leaf_value=0.040484269208141736 -0.0011082514993846417 -0.084279334715434487 -0.020231840754609688 0.0038769362966219584 0.0007594586131365402 -0.037952853838602703 0.0021140750030859967 0.0016899976141198916 -0.011255210423842072 0.0083172706119754962 0.0012528496524499219 0.0016458076698721476 0.0029998093797355008 0.0085474020685953438 0.0039792114623049477 0.0037443921935779081 -0.0018836751186274113 -8.1421483196636557e-05 1.8319877405320445e-05 0.0038800714476542042 0.00014347344785928725 0.00063246285480757561 -0.0021332598731387408 0.00061489897230303432 0.0045591073686426335 -0.0005997702124434346 0.0031614222809672357 0.0015889097264364189 0.0023215919665314937 0.00010911118430204882 0.0025657880003963195 0.00046713796419511851 0.0029002278877629174 -0.00085820866308899393 0.0019042976334070166 0.0045361267303427062 0.0060099309682846071 0.0010265496301957789 -0.00032094569034164864 -0.00010542967344487185 -0.0010555150100961328 0.001547965583045997 0.00022840722760354929 0.00028690530373331655
leaf_weight=28 25 28 28 67.5 23 11.999999999999998 22 27 24 24 126 58.5 50.5 39.5 47 27 63 117 77.5 27.5 25 60 80 41.5 27.5 42 50 62 22 78 87.5 56.5 45 45 30 30 0.999999999999999 34 21 76 75 31 22 401
leaf_count=22 25 22 22 27 23 6 20 27 12 20 63 26 30 33 22 27 28 64 31 15 25 24 32 34 15 36 34 50 22 39 40 30 24 45 30 30 1 34 21 60 30 26 20 239
internal_value=1.93898e-11 -0.0213423 0.0101262 0.000779119 0.00133776 -0.000285261 -0.00194532 5.50994e-05 -0.0032116 0.00168845 0.000385826 0.00247453 0.00385061 0.00543459 0.00160332 0.000530012 -0.000184295 0.000769373 -8.87958e-05 0.00133453 0.00260261 -0.000719511 -0.00106841 0.00118731 0.00160398 0.00130188 0.00176421 0.000497129 0.00249291 0.000815538 0.0030597 0.00127568 0.0018038 0.000204215 0.00297912 0.00359921 0.000308602 0.000127794 0.00081021 0.000362683 -0.00161177 0.000390406 0.00117124 0.000301142
internal_weight=2385 84 56 2301 1509 792 228 216 72 144 564 503 195 90 308 148.5 121.5 1006 496.5 503 159.5 292.5 232.5 475.5 296.5 269 193 179 105 204 134.5 143 86.5 503 82 52 458 76 48 120 155 433 44 402
internal_count=1506 66 44 1440 1008 432 186 180 60 120 246 336 168 63 168 81 54 672 219 336 87 117 93 321 207 192 122 114 105 102 62 88 58 336 82 52 291 70 48 100 62 266 40 240
is_linear=0
shrinkage=0.08


Tree=28
num_leaves=45
num_cat=0
split_feature=34 2 37 4 35 14 36 5 2 16 37 2 36 10 37 34 4 2 35 14 35 37 16 14 37 33 37 2 35 21 37 35 14 5 37 18 20 11 10 11 31 37 10 21
split_gain=5.2448 25.5425 0.793108 0.184354 0.423947 0.0982404 0.128945 0.0797497 0.0554604 0.0902092 0.0447828 0.0855509 0.0424945 0.0401468 0.0291573 0.0270404 0.0496101 0.0228284 0.0224146 0.0203633 0.0249297 0.0156785 0.0188556 0.0141672 0.0169374 0.0133625 0.0135385 0.0318369 0.0126868 0.0113611 0.0111016 0.0102733 0.0124172 0.0099456 0.0100199 0.0094728 0.00744428 0.011129 0.0143802 0.00733811 0.00618997 0.00625367 0.00414906 0.00453542
threshold=1.0000000180025095e-35 16.415000000000003 9.7850000000000019 17.955000000000002 1.5000000000000002 8.490000000000002 2.5000000000000004 9.7950000000000017 14.570000000000002 6.6250000000000018 7.8050000000000006 16.175000000000004 1.5000000000000002 7.4800000000000013 8.8450000000000006 15.800000000000002 16.175000000000004 15.555000000000001 1.5000000000000002 9.9200000000000017 1.5000000000000002 14.365000000000002 7.9600000000000017 7.6500000000000012 16.155000000000005 1.0000000180025095e-35 11.911538461538465 17.630000000000006 1.5000000000000002 2.3000000000000003 13.095000000000002 1.0000000180025095e-35 9.0050000000000008 10.105000000000002 17.280000000000005 2.1000000000000005 1.0000000180025095e-35 8.1550000000000029 7.7550000000000008 7.4200000000000008 7.1000000000000005 10.675000000000002 7.8950000000000005 0.3000000000000001
decision_type=2 2 2 2 2 2 2 2 2 2 2 2 2 2 2 2 2 2 2 2 2 2 2 2 2 2 2 2 2 2 2 2 2 2 2 2 2 2 2 2 2 2 2 2
left_child=1 2 -1 5 -5 6 12 8 28 -10 -9 -12 36 -13 -7 16 29 21 23 25 -21 22 -17 -15 -25 -16 27 -27 30 -14 35 32 -28 39 -35 -8 37 38 -2 -19 42 -42 43 -38
right_child=3 -3 -4 4 -6 14 7 10 9 -11 11 13 15 18 19 17 -18 33 -20 20 -22 -23 -24 24 -26 26 31 -29 -30 -31 -32 -33 -34 34 -36 -37 40 -39 -40 -41 41 -43 -44 -45
leaf_value=0.017484839000872204 -0.00013403092706199698 -0.085523398839510406 -0.0016388738932816879 -0.0074393524481328552 0.0030744617498583266 -0.0012630625710719162 0.0025566626582294704 -0.00022521225760380428 0.0027598246231232536 0.0078636100478882941 -0.00085543680018338483 0.0053628806815002907 0.00076564860173335711 0.00020840217726248684 0.0015653370794924822 0.0040355080216011004 0.0057395349510691385 0.00093798861161551686 0.003607103793393998 0.00039840554168063492 -0.0019620150469598315 0.0002305156347297487 0.001194430987040202 0.0013270378888617935 0.0041096300454366774 9.1106806778245493e-05 0.0011469554431322549 0.0019336664085758144 0.0010498597584664823 0.0026620551296151602 0.0017519538387520395 -0.0012488560723916938 -0.00070280726649798455 0.001374460274061884 -0.00041077400189048298 0.0050188960582017899 -0.00050502512818918776 0.00054106611203910281 -0.0024156771329316225 -0.00019375030476261268 0.00025567295675601196 -0.0010010714426307995 0.0014488310118516287 0.00062591491509046335
leaf_weight=35 49.5 26 23 54 45 90 20 75 50.5 39.5 51.5 33 53.5 33 66 33.5 22 55 52.5 63 52.5 21 27 42 21 193.5 45 87 35 32.5 30 48 48 124.5 24 20 26 55 27.5 110 99.5 34 33 178.5
leaf_count=32 42 14 20 36 18 36 20 30 30 33 31 22 51 22 36 24 12 30 21 42 21 21 27 21 21 90 45 36 35 30 30 24 48 57 24 20 21 30 15 60 53 31 18 126
internal_value=1.61758e-11 -0.0196349 0.0099013 0.00071679 -0.00266035 0.000868623 0.00123074 0.00227657 0.00354256 0.00499982 0.00147506 0.00202235 0.000707823 0.00283892 8.01179e-05 0.00122777 0.00234953 0.00092106 0.00227803 0.000280593 -0.000674513 0.00211386 0.00276759 0.0015512 0.00225457 0.000506879 0.000341142 0.000662596 0.00229348 0.00148231 0.00291528 -0.000298346 0.000192239 0.000610968 0.00108594 0.00378778 0.000187878 -0.000328083 -0.000948905 0.000183496 0.000371454 -6.43968e-05 0.000616449 0.000482128
internal_weight=2385 84 58 2301 99 2202 1509 503 195 90 308 233 1006 181.5 693 503 108 395 148.5 603 115.5 81.5 60.5 96 63 487.5 421.5 280.5 105 86 70 141 93 313.5 148.5 40 503 132 77 165 371 133.5 237.5 204.5
internal_count=1506 66 52 1440 54 1386 1008 336 168 63 168 138 672 107 378 336 93 243 85 342 63 72 51 64 42 279 243 126 105 81 70 117 93 171 81 40 336 87 57 90 249 84 165 147
is_linear=0
shrinkage=0.08


Tree=29
num_leaves=45
num_cat=0
split_feature=34 36 36 11 14 14 36 36 11 10 1 1 37 5 37 35 37 16 5 36 22 22 37 35 22 16 14 37 16 34 15 20 29 1 1 37 37 35 1 36 37 16 34 31
split_gain=4.4392 22.2496 6.58916 0.160869 0.0929693 0.120086 0.0963293 0.0870473 0.359683 0.318077 0.0495683 0.044383 0.0751134 0.0373468 0.0852744 0.0504383 0.0321973 0.0578015 0.0347477 0.0301942 0.0141406 0.0236142 0.0194801 0.0289134 0.0198566 0.0174791 0.0139674 0.0138965 0.013626 0.0116726 0.0114942 0.0110294 0.0122963 0.0110031 0.0109322 0.013451 0.0128364 0.0101452 0.00825363 0.00634439 0.00592772 0.00559385 0.00554718 0.00523919
threshold=1.0000000180025095e-35 2.5000000000000004 1.5000000000000002 9.9550000000000018 8.490000000000002 8.4200000000000017 2.5000000000000004 1.5000000000000002 9.8950000000000014 9.8250000000000011 15.695000000000002 14.640000000000002 8.8800000000000008 11.832692307692311 9.7950000000000017 1.5000000000000002 7.8050000000000006 6.6150000000000011 10.105000000000002 1.5000000000000002 10.600000000000003 12.100000000000003 9.7050000000000018 1.5000000000000002 57.000000000000007 6.8850000000000025 9.1350000000000016 10.105000000000002 6.4300000000000006 54.900000000000006 3.1850000000000001 1.0000000180025095e-35 1.0000000000000002 16.185000000000006 13.180000000000001 5.2400000000000011 13.835000000000003 1.5000000000000002 15.345000000000001 2.5000000000000004 11.868846153846155 8.9950000000000028 16.900000000000009 7.1000000000000005
decision_type=2 2 2 2 2 2 2 2 2 2 2 2 2 2 2 2 2 2 2 2 2 2 2 2 2 2 2 2 2 2 2 2 2 2 2 2 2 2 2 2 2 2 2 2
left_child=1 2 -1 4 5 6 19 9 13 26 11 34 -13 15 -15 39 -12 18 33 31 27 -22 23 24 -23 -25 37 -21 -24 -16 -20 32 -2 -18 -8 41 -37 -6 -30 -9 -28 -36 -17 -33
right_child=3 -3 -4 -5 7 -7 10 8 -10 -11 16 12 -14 14 29 42 17 -19 30 20 21 22 28 25 -26 -27 40 -29 38 -31 -32 43 -34 -35 35 36 -38 -39 -40 -41 -42 -43 -44 -45
leaf_value=0.038491172386067259 -0.0016748122275622999 -0.076291342292513165 -0.016392206470814668 -0.0032331022189817193 6.6184323696453012e-05 0.0059051234551677203 0.0037425914122944789 0.00010313665044183533 -0.0074853740801865409 0.0079374384280149028 3.5367510774556333e-05 0.0074497133283875881 0.0015972173035144806 0.0043239482883363966 0.0007565769881886595 -0.0019283018468746116 -0.00051150859772296979 0.0044506689988788265 0.0028256090329243587 -1.4585281399919801e-05 0.003377412139353427 0.0019901559095491061 -0.00065300711954478178 0.0016980834709337126 0.0051846942678093911 -0.0004528790905878141 0.00033284885406014195 0.0013968027729972983 0.00035308965566483412 -0.0013103855670326286 0.0010886486576920425 0.0005671328757644484 3.4196975739290996e-05 0.0013322681850857204 -0.00016540880822999912 0.0041967170052230355 0.0013304882428783458 -0.0015602451538046201 0.0023535293476148085 0.0010530385083208482 0.001787133104086894 0.0016386435045437379 -0.00095313731604255742 -5.9245036250461691e-05
leaf_weight=28 40.5 28 28 66 54 33 21 90 44 38.5 85 32 25 40 34 70 60.5 44.5 71.5 126.5 33 33 52 65 20 38.5 81.5 69 33 36 37 237.5 80.5 31.5 22 20 20 45 22 90 23 22 80 133.5
leaf_count=22 33 22 22 36 36 18 21 60 24 21 34 25 20 16 20 28 37 29 39 68 18 26 36 29 15 34 36 55 33 24 22 165 48 19 22 20 20 18 16 60 21 22 32 84
internal_value=-9.39201e-12 -0.0180641 0.0110495 0.000659447 0.000774394 0.00113228 0.00102557 3.0524e-05 -0.000588895 0.00126936 0.00193956 0.00308562 0.00488283 0.000100753 0.00137734 -0.000324777 0.00137695 0.00184239 0.0012635 0.000568576 0.00101173 0.00135999 0.00110733 0.00167609 0.00319564 0.000897967 7.83373e-06 0.000483552 0.000275451 -0.000306432 0.00223328 0.000125422 -0.000537827 0.000119785 0.00211 0.00170185 0.0027636 -0.000673102 0.00115327 0.000578088 0.000652931 0.000736617 -0.00140821 0.000341738
internal_weight=2385 84 56 2301 2235 1509 1476 726 484 242 492 162 57 440 110 330 330 245 200.5 984 492 296.5 263.5 156.5 53 103.5 203.5 195.5 107 70 108.5 492 121 92 105 84 40 99 55 180 104.5 44 150 371
internal_count=1506 66 44 1440 1404 1008 990 396 264 132 330 150 45 240 60 180 180 146 117 660 330 207 189 104 41 63 111 123 85 44 61 330 81 56 105 84 40 54 49 120 57 44 60 249
is_linear=0
shrinkage=0.08


Tree=30
num_leaves=45
num_cat=0
split_feature=34 1 37 4 35 36 15 7 37 3 37 1 1 35 37 37 34 22 33 37 14 36 32 1 4 15 1 15 37 37 17 37 37 37 34 1 37 37 15 35 4 32 33 33
split_gain=3.75734 19.8287 0.526983 0.149044 0.36032 0.0729336 0.087784 0.041493 0.0663517 0.0552597 0.0467625 0.0648175 0.0531665 0.0402369 0.0340572 0.0718046 0.0539593 0.0229663 0.0215836 0.0367336 0.0170841 0.0230597 0.0237467 0.0248494 0.0168911 0.0159617 0.0125815 0.0124206 0.0134236 0.0104559 0.00951355 0.00936784 0.00749398 0.00721831 0.0087036 0.00698744 0.00600211 0.00584796 0.00471698 0.00613009 0.00458568 0.00330513 0.0108938 0.00606618
threshold=1.0000000180025095e-35 16.415000000000003 7.995000000000001 17.955000000000002 1.5000000000000002 2.5000000000000004 1.3549999999999993 9.8350000000000026 7.6250000000000009 16.175000000000004 10.875000000000002 16.765000000000004 17.325000000000003 1.5000000000000002 8.1550000000000029 5.3900000000000015 10.900000000000004 77.200000000000003 1.0000000180025095e-35 7.9050000000000011 8.490000000000002 1.5000000000000002 0.50000000000000011 16.155000000000005 17.860000000000003 2.6250000000000004 17.820000000000004 2.4900000000000007 6.6650000000000009 8.2800000000000011 0.50000000000000011 10.105000000000002 17.280000000000005 7.5750000000000002 39.70000000000001 14.485000000000001 16.165000000000003 16.495000000000001 1.4950000000000001 1.5000000000000002 17.280000000000005 1.5000000000000002 3.5000000000000004 1.5000000000000002
decision_type=2 2 2 2 2 2 2 2 2 2 2 2 2 2 2 2 2 2 2 2 2 2 2 2 2 2 2 2 2 2 2 2 2 2 2 2 2 2 2 2 2 2 2 2
left_child=1 2 -1 5 -5 17 13 14 -9 -10 11 -11 -12 37 15 30 -16 18 19 -2 21 36 23 -23 38 -18 -14 35 -29 -19 -8 -21 33 -30 -35 -24 41 -7 -22 -40 -36 42 43 -20
right_child=3 -3 -4 4 -6 6 7 8 9 10 12 -13 26 -15 16 -17 25 29 20 31 24 22 27 -25 -26 -27 -28 28 32 -31 -32 -33 -34 34 40 -37 -38 -39 39 -41 -42 -43 -44 -45
leaf_value=0.0020377453118562701 -0.0010473247454501689 -0.074672022416041456 0.017298024451094015 -0.0068356641671723792 0.0028571189021070796 0.00129009951125173 0.00077835564680364244 -0.0016494807960355984 -0.000420755443494182 0.00088001245308829388 0.0047084016883745788 0.0046119465198389874 0.00086076792768346002 -0.0015804727521065054 0.0049630782459504329 0.0059338678758923367 2.0627589977305871e-05 0.0032248228913746204 -0.00017163427260491145 0.00157515496906379 -0.00018701062613717196 0.00091486352469614691 0.0010322851034400699 0.0041184619814157485 0.0011542870117859406 0.0022072118208469713 -0.0011965485718101263 0.0033345672239859896 0.00010088907038590994 0.00085512584921988569 0.0027696646224049958 0.0033263572184916807 -0.00047302444148954236 0.00048601498493467863 0.0024776547557363907 -0.00019845436193018293 -0.00078410447996551133 -0.00014080040231347085 -0.00025041229576648524 -0.0015913670007430484 0.0013120133926471076 0.00029591834336522356 -0.0013367105821428232 0.0014715989122421227
leaf_weight=30 28 26 28 54 45 68 28 42.5 60.5 46 20 84.5 52 75.5 26 50.5 57.5 26 41.5 46 275 35.5 39 27.5 55 34 30 14.999999999999998 41.5 22 34 34 24 53 36 121.5 48 25 48 40 54 299 36.5 22
leaf_count=30 28 14 22 36 18 39 28 17 33 21 20 36 36 32 24 33 41 24 39 20 150 33 39 15 30 23 20 12 19 18 34 30 24 29 24 69 48 25 32 16 24 165 19 17
internal_value=1.95736e-11 -0.016619 0.00940478 0.000606691 -0.00242985 0.000743211 0.00139433 0.0018719 0.00130451 0.00173299 0.00229343 0.00329648 0.00101011 -0.000208421 0.00269954 0.00369443 0.00174699 0.000417652 0.000359475 0.00144656 0.00026999 0.000467386 0.000873687 0.00231326 -0.000152193 0.000833129 0.000108091 0.000637507 0.00102307 0.00213871 0.00187036 0.00231942 0.000856774 0.00102976 0.00129932 0.000100604 6.1085e-05 0.000905449 -0.000350144 -0.000859937 0.00177827 0.000162762 -0.000235376 0.000397675
internal_weight=2385 84 58 2301 99 2202 734 565.5 335.5 293 232.5 130.5 102 168.5 230 112.5 117.5 1468 1420 108 1312 894 447 63 418 91.5 82 384 223.5 48 62 80 208.5 184.5 143 160.5 447 93 363 88 90 399 100 63.5
internal_count=1506 66 52 1440 54 1386 462 366 183 166 133 57 76 96 183 95 88 924 882 78 804 576 288 48 228 64 56 240 132 42 62 50 120 96 77 108 288 64 198 48 48 240 75 56
is_linear=0
shrinkage=0.08


Tree=31
num_leaves=45
num_cat=0
split_feature=34 2 0 11 14 14 36 10 4 36 0 0 0 0 5 36 9 33 22 13 0 0 9 0 29 31 36 16 21 21 32 33 29 17 34 14 32 20 21 0 34 13 20 33
split_gain=3.18021 20.9487 0.511805 0.130565 0.063444 0.0974929 0.0741381 0.299048 0.288614 0.0678585 0.037227 0.0355125 0.0307719 0.0287318 0.0246338 0.0221938 0.0221923 0.0140664 0.0110385 0.0255688 0.0126523 0.0104576 0.0103592 0.00994189 0.00892874 0.011746 0.0078563 0.00695117 0.00648117 0.00723753 0.00604081 0.00594217 0.00570619 0.00514805 0.00461191 0.00498705 0.00454023 0.00374259 0.00372383 0.00788568 0.00336115 0.00338424 0.0030868 0.0026958
threshold=1.0000000180025095e-35 16.415000000000003 11.984999656677248 9.9550000000000018 8.490000000000002 8.4200000000000017 1.5000000000000002 9.8950000000000014 17.890000000000004 2.5000000000000004 15.765000000000002 14.695000000000002 17.875000000000004 15.280000000000003 10.105000000000002 1.5000000000000002 10.010000000000002 1.0000000180025095e-35 10.600000000000003 7.7750000000000012 15.695000000000002 14.760000000000003 11.655000000000001 13.265000000000002 0.50000000000000011 1.0000000180025095e-35 2.5000000000000004 6.1050000000000013 5.6000000000000005 2.3000000000000003 1.3 2.5000000000000004 6.1000000000000005 13.900000000000002 63.300000000000004 7.7750000000000012 2.5000000000000004 1.0000000180025095e-35 4.7000000000000002 14.240000000000002 33.300000000000004 7.3800000000000017 11.000000000000002 9.1000000000000014
decision_type=2 2 2 2 2 2 2 2 2 2 2 2 2 2 2 2 2 2 2 2 2 2 2 2 2 2 2 2 2 2 2 2 2 2 2 2 2 2 2 2 2 2 2 2
left_child=1 2 -1 4 5 9 8 12 22 15 11 23 17 -13 16 24 32 -8 37 20 21 28 30 -11 25 -2 -14 -16 29 -20 -6 36 -12 34 35 40 -19 -17 39 -25 -26 42 -42 -29
right_child=3 -3 -4 -5 6 -7 7 -9 -10 10 14 13 26 -15 27 18 -18 31 19 -21 -22 -23 -24 38 33 -27 -28 43 -30 -31 -32 -33 -34 -35 -36 -37 -38 -39 -40 -41 41 -43 -44 -45
leaf_value=0.0055843956354591582 -0.0020711278105871038 -0.074959441148317776 0.021072334416887981 -0.0029486470632819517 0.0010862813412677497 0.0052578474273622944 0.0010497623004696586 -0.0068128050288016155 0.007542241014443435 0.0033057221983160291 0.0016605066668919542 0.0061903631407767539 0.00058709528466517277 0.0025842356725010057 0.0026606088003726918 0.0007092543697489478 -0.00066552763466130611 -0.0014357382193292407 0.00051368753589620749 0.0034887779558246783 0.00043351551388493844 0.002444862159564323 -0.0010979162209497934 0.00089200732337000471 -0.0002366165574057959 -7.6015782119198287e-06 0.0019392693998419087 0.0018562754924016552 -0.00025769135249512537 0.0024230251787230373 -1.5259409546086088e-05 -0.00014912069436501374 0.00048436122861775482 0.0011770130630050387 -0.00027873458061582857 0.0010655352520295466 -0.00048406212254995841 6.0425002041067614e-06 0.00043701784419161938 0.0027006248591674698 0.00037365862006574112 -0.00011556242037602146 0.0013703311830759049 0.0010332986263727601
leaf_weight=36 26 26 22 66 44 33 44 44 38.5 21 66 26 55 31 49.5 107 66 55 27 27.5 148.5 48.5 44 36 80 55 55 60.5 21 24 115.5 154 44 35 108 49.5 77 88.5 21 27 59 49.5 30 44
leaf_count=36 21 14 16 36 24 18 24 24 21 21 36 24 30 21 27 72 36 30 27 15 81 39 24 36 60 45 30 33 21 24 63 84 24 30 63 27 42 51 21 27 36 27 21 24
internal_value=3.37634e-11 -0.0152895 0.0114591 0.000558156 0.000661712 0.000957357 4.72109e-05 -0.000524436 0.0011905 0.000861208 0.00162833 0.00262153 0.000104401 0.00422914 0.00114076 0.000477647 0.000494207 -0.000281859 0.000857581 0.00116528 0.000927745 0.00153682 -1.11764e-05 0.00174883 9.77131e-05 -0.000669968 0.00126318 0.00187967 0.000925148 0.0014122 0.000288614 -0.000486724 0.00119005 0.000249008 0.000162624 0.000340486 -0.000880594 0.000390921 0.0013596 0.00166713 0.000176229 0.000414696 0.000709616 0.00150976
internal_weight=2385 84 58 2301 2235 1509 726 484 242 1476 492 162 440 57 330 984 176 330 492 296.5 269 120.5 203.5 105 492 81 110 154 72 51 159.5 286 110 411 376 268 132 195.5 84 63 218.5 138.5 89 104.5
internal_count=1506 66 52 1440 1404 1008 396 264 132 990 330 150 240 45 180 660 96 180 330 207 192 111 111 105 330 66 60 84 72 51 87 156 60 264 234 171 72 123 84 63 144 84 57 57
is_linear=0
shrinkage=0.08


Tree=32
num_leaves=45
num_cat=0
split_feature=37 33 0 1 3 3 37 31 0 37 22 10 37 10 17 36 23 33 3 3 36 37 10 37 0 21 14 36 21 37 0 37 32 37 36 0 12 36 20 26 32 29 37 22
split_gain=1.16201 19.4421 0.528208 2.14399 1.49829 0.524018 0.349577 0.574433 0.274713 0.274919 2.97223 0.510595 0.262203 0.10026 0.0969189 0.0615144 0.0553031 0.0544565 0.0484872 0.050128 0.0433306 0.0392379 0.0416487 0.0229329 0.0456878 0.0224854 0.0228126 0.0183132 0.0146252 0.0145611 0.025869 0.0218305 0.0128778 0.0199786 0.0126701 0.0122671 0.012448 0.0117831 0.0100056 0.00963965 0.00786213 0.00673983 0.00745544 0.00476557
threshold=16.415000000000003 0.3000000000000001 16.425000000000004 16.415000000000003 16.440000000000001 16.455000000000002 11.703076923076924 3.5000000000000004 12.329999885559085 9.7050000000000018 1.0000000180025095e-35 7.8950000000000005 2.9500000238418584 9.9350000000000005 1.9000000000000001 2.5000000000000004 4.1000000000000005 1.0000000180025095e-35 17.820000000000004 17.935000000000006 2.5000000000000004 7.7300000000000013 7.7300000000000013 5.3900000000000015 15.695000000000002 1.1000000000000003 7.5250000000000012 1.5000000000000002 2.3000000000000003 9.7950000000000017 17.255000000000006 9.7850000000000019 4.2000000000000011 7.0900000000000007 1.5000000000000002 14.200000000000001 7.8200000000000012 1.5000000000000002 5.0000000000000009 1.1000000000000003 0.70000000000000007 1.0000000000000002 7.0900000000000007 67.200000000000017
decision_type=2 2 2 2 2 2 2 2 2 2 2 2 2 2 2 2 2 2 2 2 2 2 2 2 2 2 2 2 2 2 2 2 2 2 2 2 2 2 2 2 2 2 2 2
left_child=2 -2 3 8 -4 -3 13 -8 12 11 -11 14 -1 16 28 27 21 -12 25 -20 37 -6 -23 -17 -25 39 -27 41 -10 30 31 34 33 -29 -24 -19 40 -18 -30 -7 -37 -16 -43 -42
right_child=1 5 4 -5 6 18 7 -9 9 10 17 -13 -14 -15 15 23 20 35 19 -21 -22 22 29 24 -26 26 -28 32 38 -31 -32 -33 -34 -35 -36 36 -38 -39 -40 -41 43 42 -44 -45
leaf_value=0.00074974853368032547 -0.076991777599905623 0.014065329208038749 -0.013926337598596962 0.019843028202289489 -0.0021834762245416641 -0.00028556639038946572 -0.011576870288297956 0.00039122226619810771 -0.00054408295370858431 -0.056645906766255694 0.0029408319241916521 0.011358902049916131 0.01299027615537246 0.0036246668961313032 -0.000335830181970128 0.0020826025555531185 -8.8841852226427637e-05 0.00096438355991267598 0.0057209572852367453 0.00019336941563302562 0.0027479707811559951 0.0025267285305917977 0.00014138195158115455 0.0068580533770414495 0.0028310472067491509 -0.00046618510106647456 0.0027391418869956398 0.0016859492671395106 0.0015716387165917289 -0.0011744120829414739 0.0014641123743624324 0.00047431355498492956 0.0012649180223138965 0.0046981510169365826 -0.0011768026314675809 -0.0018031467052383554 0.00049133484730393519 0.0012240563298974718 -0.00012387708013440355 -0.0019561679338415466 -0.00073776632214085788 0.00041454133738217687 0.001989321188218352 0.00023799215410170809
leaf_weight=21 22 20 51.5 41 52.5 84 42 66 118.5 5.9999999999999991 39 35 24 63 28 33 87.5 48 21 21 87.5 42 70 32.5 40.5 27 30 31.5 49.5 69 72 174 49 25.5 140 36 72 87.5 40.5 30 135 43.5 34.5 42
leaf_count=21 22 20 23 20 21 84 21 33 87 3 33 14 24 27 20 33 38 48 21 21 38 21 28 25 17 27 30 30 39 30 30 87 32 13 56 30 48 38 27 30 102 39 16 39
internal_value=2.87534e-11 -0.00510352 0.000610985 0.00191841 -0.000602929 0.00168421 4.86909e-05 -0.00426304 0.00117193 0.000879464 -0.000788446 0.0020023 0.00727803 0.00054146 0.0013803 0.00225919 0.000321231 0.000112481 0.000521669 0.00295716 0.0012944 -9.11272e-05 0.000102609 0.00383274 0.00462389 -7.65225e-05 0.00122083 0.00147242 3.98334e-05 -9.13208e-05 7.2568e-05 -0.000188347 0.00221596 0.00303351 -0.000737408 -0.000218767 -0.000418035 0.000567607 0.000808657 -0.000725198 -0.000725428 0.000728876 0.00111108 -0.00050623
internal_weight=2385 255 2130 1025.5 1104.5 233 1053 108 984.5 939.5 378 561.5 45 945 526.5 318 882 372 213 42 262.5 619.5 567 106 73 171 57 212 208.5 525 456 384 106 57 210 333 285 175 90 114 213 106 78 177
internal_count=1506 255 1251 760 491 233 468 54 740 695 303 392 45 414 378 225 387 300 213 42 114 273 252 75 42 171 57 150 153 231 201 171 75 43 84 267 219 76 66 114 171 75 55 141
is_linear=0
shrinkage=0.08


Tree=33
num_leaves=45
num_cat=0
split_feature=34 36 36 11 22 33 37 37 37 15 36 37 1 36 16 16 35 31 16 37 14 1 29 34 34 34 22 37 33 36 28 37 8 37 15 31 1 18 15 34 34 16 37 36
split_gain=2.63001 18.4776 5.3148 0.120199 0.0415495 0.0359422 0.155357 0.0484648 0.0298983 0.0340108 0.0440988 0.0517506 0.0328528 0.0307576 0.558638 0.351902 0.0295639 0.0430269 0.0367755 0.0271847 0.0217659 0.0218327 0.0214883 0.0423678 0.0337157 0.0136014 0.0135956 0.0150217 0.0132259 0.00981642 0.0120839 0.0101627 0.00899115 0.0337345 0.00857349 0.00826507 0.00700787 0.00666893 0.00583268 0.0128737 0.0045105 0.00439679 0.00410044 0.00402108
threshold=1.0000000180025095e-35 2.5000000000000004 1.5000000000000002 9.9550000000000018 91.600000000000009 1.0000000180025095e-35 13.955000000000002 7.3050000000000006 7.4050000000000011 2.3450000000000006 2.5000000000000004 10.875000000000002 16.765000000000004 1.5000000000000002 6.0226923076923082 6.0388461538461549 1.5000000000000002 1.0000000180025095e-35 6.1600000000000019 3.0500000000000003 7.4400000000000004 17.775000000000002 6.9000000000000012 37.600000000000001 46.100000000000009 9.9000000000000039 48.300000000000004 4.1950000000000012 12.300000000000002 1.5000000000000002 58.300000000000004 10.875000000000002 9.9800000000000022 11.802307692307695 2.1200000000000006 0.70000000000000007 16.765000000000004 5.9000000000000012 1.7299999999999995 23.700000000000006 72.000000000000014 7.4350000000000032 14.695000000000002 2.5000000000000004
decision_type=2 2 2 2 2 2 2 2 2 2 2 2 2 2 2 2 2 2 2 2 2 2 2 2 2 2 2 2 2 2 2 2 2 2 2 2 2 2 2 2 2 2 2 2
left_child=1 2 -1 4 5 6 35 19 -9 13 29 12 -12 15 -15 -10 17 -16 -18 25 -13 -22 23 26 -24 -7 27 -21 32 30 42 36 34 -34 41 -2 -31 -25 -17 -40 -33 -19 -11 -20
right_child=3 -3 -4 -5 -6 7 -8 8 9 10 11 20 -14 14 16 38 18 28 43 22 21 -23 24 37 -26 -27 -28 -29 -30 31 -32 40 33 -35 -36 -37 -38 -39 39 -41 -42 -43 -44 -45
leaf_value=0.037272768339940476 -1.4287361668215857e-05 -0.066966674923896796 -0.012018412521907263 -0.0028571380878036675 0.0030994067232434949 0.0011966668322565966 0.0069026231132447722 -0.0015647998918734845 0.0085264488574907631 0.00045073565748191674 0.001041651033230272 -0.0013093982936282242 0.0035856554879125351 -0.012786596336148003 0.0028292849175632 0.0001201425644032883 0.00089787868258324173 0.00023869540411837849 -0.00074691835727010451 0.0036118886599110236 0.0023000087536361423 -0.00052568454419573145 0.0022627692122334313 0.00355906913589154 -0.0012269421785123765 -0.0014207891029892146 8.7883559064249754e-06 0.0012531618698267267 -0.0012949395497562364 0.00039998945688792301 -0.0012135832577901469 -0.00032041456860800588 -0.00041878513898700476 0.0029097480032789082 -0.00085707077663391834 0.0012681109904571696 0.0015749532066535352 0.0055752218882775019 -0.0019599122204112286 -0.00011809775990474483 0.00073518085653300998 0.0012588960954042919 -0.00038915988946409556 -0.001513877854283367
leaf_weight=28 76.5 28 28 66 42 24 30 52.5 33 154.5 51 35 89.5 22 50 165 85 132 87.5 27 42 30 40.5 21 31.5 27 27 48 30 51 44 63 40 38 40 55.5 89.5 21 33 92 44 34 49 87.5
leaf_count=22 54 22 22 36 36 24 30 21 18 72 24 32 38 12 36 95 34 88 35 27 31 20 27 21 27 27 18 39 20 24 24 51 20 32 34 33 38 21 23 52 32 30 49 35
internal_value=-3.19078e-11 -0.0139041 0.0126272 0.000507581 0.000606942 0.000559207 0.00170596 0.000467738 0.000315699 0.000373383 0.000780785 0.00165269 0.00266221 6.12091e-05 -0.000257496 0.00069862 0.000184235 0.000649622 -0.000467308 0.00147222 0.000327111 0.00112264 0.00186446 0.00242868 0.00073602 -0.000189045 0.00154814 0.0021023 0.000302542 0.000344832 -1.14256e-05 0.000701089 0.00047129 0.00120281 0.000194308 0.000524903 0.00114845 0.00456715 -0.000192133 -0.000604337 0.000113662 0.000447652 0.0002485 -0.0011304
internal_weight=2385 84 56 2301 2235 2193 162 2031 1764 1711.5 742.5 247.5 140.5 969 646 323 624 364 260 267 107 72 216 144 72 51 102 75 314 495 247.5 247.5 284 78 206 132 140.5 42 290 125 107 166 203.5 175
internal_count=1506 66 44 1440 1404 1368 117 1251 1020 999 435 145 62 564 376 188 364 260 104 231 83 51 180 126 54 51 84 66 224 290 145 145 204 52 152 87 62 42 170 75 83 118 121 70
is_linear=0
shrinkage=0.08


Tree=34
num_leaves=45
num_cat=0
split_feature=34 37 11 22 37 23 31 14 36 37 34 17 18 37 36 37 11 2 37 26 37 31 36 18 5 15 2 13 18 2 37 16 37 31 34 32 21 9 14 18 36 2 3 10
split_gain=2.22604 16.8425 0.101736 0.0351675 0.022232 0.0671467 0.0412364 0.0395995 0.036189 0.0280788 0.0292565 0.0301942 0.0306749 0.0292764 0.0265447 0.246616 0.235285 0.0495134 0.0687049 0.0386754 0.0385117 0.0370749 0.0233731 0.0219857 0.0213496 0.0241198 0.0203628 0.0139859 0.00991549 0.00959603 0.0149677 0.0132494 0.00994031 0.0095099 0.0172209 0.00691297 0.00677657 0.00604435 0.00852716 0.00552384 0.00526322 0.00478374 0.00466764 0.00477458
threshold=1.0000000180025095e-35 9.7850000000000019 9.9550000000000018 91.600000000000009 16.330000000000002 3.9000000000000004 1.0000000180025095e-35 7.8200000000000012 1.5000000000000002 14.160000000000002 72.000000000000014 1.9000000000000001 3.0000000000000004 4.1950000000000012 1.5000000000000002 11.575000000000001 9.8550000000000022 17.515000000000004 11.911538461538465 1.1000000000000003 9.7850000000000019 1.0000000180025095e-35 2.5000000000000004 1.9000000000000001 9.8750000000000018 2.6388461538461545 15.555000000000001 7.5750000000000002 2.1000000000000005 13.425000000000002 7.7550000000000008 6.6350000000000016 9.0050000000000008 1.7000000000000004 35.100000000000009 2.3000000000000003 3.8000000000000003 9.9950000000000028 7.4800000000000013 0.3000000000000001 2.5000000000000004 17.650000000000002 16.440000000000001 9.0900000000000016
decision_type=2 2 2 2 2 2 2 2 2 2 2 2 2 2 2 2 2 2 2 2 2 2 2 2 2 2 2 2 2 2 2 2 2 2 2 2 2 2 2 2 2 2 2 2
left_child=1 -1 3 4 7 6 -6 8 37 10 11 29 23 -14 15 19 17 20 22 -9 42 -22 -19 -13 33 -26 -15 -7 -11 -10 36 32 -32 -8 -35 -30 -31 38 -2 -23 -28 -29 -16 -44
right_child=2 -3 -4 -5 5 27 24 14 9 28 -12 12 13 26 16 -17 -18 18 -20 -21 21 39 -24 -25 25 -27 40 41 35 30 31 -33 -34 34 -36 -37 -38 -39 -40 -41 -42 -43 43 -45
leaf_value=0.020556989595293999 9.1342337036621763e-05 -0.051271122709298747 -0.0026285669938520052 0.0028514541911759546 0.0054406471373069851 -0.0025061132492763655 -0.00046998026625563705 0.00014963756814084727 0.0021491388228411477 0.0010855713323689997 -0.00037995779165817846 0.0019300350332650852 -0.001029069393586654 0.0033221847332186171 -0.0016376771073449742 0.0060321366398230847 -0.0053130651444748605 0.0013017928092616848 -0.0014056312944740058 -0.0023569412210157938 0.0032714437001517844 0.00038202618830837312 0.003602912084454984 0.0045214878492565317 0.003987741181388115 0.00097051252812768024 0.00091704423143680581 0.00067994748190459281 -0.0018204027409844388 -0.00081387170371325583 0.0013842232335274194 0.0023410404336173087 -0.00015853822365618096 0.0029460163825812441 8.1275037869259159e-07 -8.7509875404922398e-05 0.00077309718182032858 0.00068643232181091749 -0.0012014785712878954 -0.00073172463385976459 0.0018554703124305783 -0.00082598907942021342 -0.0004075858944820033 -0.0013288974790678671
leaf_weight=45 232 39 66 42 21 21 27 201 30 24 62 40 26 45 55 46 54 56.5 40 49 28 114 56.5 44 39 30 76.5 27 26 51 55 40 52 24 27 34 26 84 38 38 76.5 27 90 60
leaf_count=36 182 30 36 36 21 21 27 89 30 24 32 26 26 38 22 27 24 24 20 20 14 60 24 34 39 30 34 27 26 42 22 30 26 24 27 34 20 39 18 24 34 27 36 24
internal_value=8.93973e-12 -0.0127918 0.000466975 0.000558387 0.00051447 0.00123603 0.00212457 0.000424553 0.000754209 0.00108443 0.00126927 0.00145122 0.00198372 0.00149482 3.03012e-05 0.000648869 -0.000278983 0.000226297 0.00144373 -0.000341652 -0.000257514 0.000596366 0.00245235 0.00328746 0.00165084 0.0026759 0.00182624 -0.000754287 -0.000288715 0.000805501 0.000625549 0.00109884 0.00063447 0.000744062 0.00138679 -0.00083843 -0.000278012 9.37727e-05 -9.06102e-05 0.000103588 0.00138626 -7.30208e-05 -0.00100726 -0.000776111
internal_weight=2385 84 2301 2235 2193 243 168 1950 1062 708 624 562 308 224 888 296 592 538 153 250 385 180 113 84 147 69 198 75 84 254 224 147 107 78 51 60 77 354 270 152 153 54 205 150
internal_count=1506 66 1440 1404 1368 243 168 1125 717 478 394 362 192 132 408 136 272 248 68 109 180 98 48 60 147 69 106 75 84 170 140 78 48 78 51 60 62 239 200 84 68 54 82 60
is_linear=0
shrinkage=0.08


Tree=35
num_leaves=45
num_cat=0
split_feature=37 33 2 0 1 32 15 22 37 16 37 17 36 33 37 11 37 10 2 24 36 27 4 37 19 37 19 0 0 22 36 16 15 20 17 10 36 32 0 31 15 32 20 37
split_gain=0.97973 16.1916 0.445646 0.441052 1.95776 1.04858 1.48968 0.40376 0.544697 0.0540349 0.0382321 0.0710045 0.0473492 0.0370721 0.0366998 0.0566919 0.0265331 0.0696182 0.0448568 0.0308037 0.0381993 0.0213893 0.0204111 0.019423 0.0324918 0.0158001 0.0446542 0.0266134 0.0207151 0.0129122 0.0109604 0.0131942 0.0105283 0.0104467 0.00865539 0.00856166 0.007306 0.00700999 0.00614663 0.00611029 0.00601581 0.00582262 0.00780148 0.00569179
threshold=16.415000000000003 0.3000000000000001 16.455000000000002 16.425000000000004 16.415000000000003 0.50000000000000011 0.52999999999999947 1.0000000180025095e-35 7.995000000000001 6.0057692307692303 9.7050000000000018 1.9000000000000001 2.5000000000000004 1.0000000180025095e-35 7.4400000000000004 7.4400000000000004 11.703076923076924 9.9350000000000005 17.910000000000004 1.6000000000000003 2.5000000000000004 5.4000000000000012 16.565000000000001 6.9350000000000014 5.9000000000000012 5.535000000000001 5.9000000000000012 15.280000000000003 14.280000000000003 10.600000000000003 1.5000000000000002 6.1150000000000011 2.2050000000000001 5.0000000000000009 3.3000000000000003 8.5900000000000016 1.5000000000000002 0.70000000000000007 16.895000000000003 0.70000000000000007 1.4950000000000001 1.9000000000000001 0.3000000000000001 14.485000000000001
decision_type=2 2 2 2 2 2 2 2 2 2 2 2 2 2 2 2 2 2 2 2 2 2 2 2 2 2 2 2 2 2 2 2 2 2 2 2 2 2 2 2 2 2 2 2
left_child=3 -2 -3 4 7 6 -5 8 -1 -4 11 29 25 -12 -7 -16 17 19 -18 40 30 -22 -11 24 -14 26 28 -27 -13 -9 31 -21 41 -31 35 -24 -37 -34 -38 -39 -17 42 -15 -41
right_child=1 2 9 5 -6 14 -8 10 -10 22 13 12 23 32 15 16 18 -19 -20 20 21 -23 34 -25 -26 27 -28 -29 -30 33 -32 -33 37 -35 -36 36 38 39 -40 43 -42 -43 -44 -45
leaf_value=0.00029418374349673591 -0.070290344262664978 0.012925993860932069 0.0032614669093163685 0.00017656773632323302 0.018884145834528635 -0.0014920528128191278 -0.017889115940598607 -0.00049461151355946508 0.01611447029388868 0.0016560373380498001 0.0023502821542131596 6.972537375986576e-06 0.0037376261204481128 0.0011988314506770285 0.002786850054877076 -9.5453939669169294e-05 -0.0025204907030005148 0.0031631370372063408 0.00084065116073664588 -0.001383496749525269 0.00093634254315587808 0.0031847615242720797 0.00063339110504048658 0.0043953366199394276 -0.00018582942641594193 0.0035934106022229091 -0.0026244493985238177 0.0010269572221915479 0.0034055368128147996 0.0015325317225146173 0.00074404647698291166 0.00039273110714794932 -0.0018605676945298911 -7.6449879755576453e-05 -0.0020508378682037197 0.00030036120971932114 -0.00019852445088326933 -0.0014670861288905144 -0.0019659906461396638 -0.00073323472474630055 -0.00084618509560823439 0.0014915488012290248 -0.00045198471267021408 0.0001934324350378286
leaf_weight=30 22 20 36 67.5 41 67.5 51.5 135 26 33 39 24 35 27 61.5 283.5 54 55.5 48 48 56.5 52 42 49 22 34 24 108 22 49.5 108.5 60.5 24 54 21 27 20 30 34 78 90 24 57 93
leaf_count=30 22 20 36 30 20 27 23 90 20 33 33 24 32 24 30 126 27 24 24 20 25 22 42 24 19 30 24 50 22 39 47 27 18 36 21 27 20 21 34 42 39 21 48 93
internal_value=-1.16761e-11 -0.00468618 0.00150821 0.000561021 0.00175572 -0.00054823 -0.00764177 0.0010424 0.00763932 0.000436115 0.000644527 0.00106424 0.00184682 1.66511e-05 0.000308322 0.000440702 0.00027224 0.000435956 -0.000938777 0.00021942 0.000788302 0.00201393 -0.000138533 0.00322736 0.00222331 0.00115656 0.000172891 0.00164146 0.00163237 2.07944e-05 0.00017549 -0.000393066 -0.000256657 0.000693063 -0.000549789 -0.000293512 -0.000774129 -0.000568308 -0.00131137 -0.000414008 -0.000276353 0.000392616 7.86348e-05 -0.000229258
internal_weight=2385 255 233 2130 1025.5 1104.5 119 984.5 56 213 928.5 556.5 318 372 985.5 918 856.5 754.5 102 699 325.5 108.5 177 106 57 212 70 142 46 238.5 217 108.5 333 103.5 144 123 81 225 54 201 373.5 108 84 171
internal_count=1506 255 233 1251 760 491 53 740 50 213 690 390 225 300 438 411 381 330 51 306 141 47 177 75 51 150 70 80 46 165 94 47 267 75 144 123 81 174 54 156 165 93 72 135
is_linear=0
shrinkage=0.08


Tree=36
num_leaves=45
num_cat=0
split_feature=34 2 37 11 33 37 11 37 35 22 19 12 34 1 32 32 27 16 17 34 32 1 24 37 37 33 37 37 21 37 10 34 33 16 12 21 29 22 22 17 29 25 37 34
split_gain=1.94047 15.8441 1.18532 0.0782882 0.0601671 0.227768 0.0362859 0.0403032 0.0553109 0.0855547 0.0394567 0.0373979 0.0329072 0.0305342 0.0212357 0.0298741 0.0198217 0.0188276 0.0136262 0.0134293 0.022241 0.0455656 0.0134897 0.0268551 0.0333455 0.0266555 0.0139285 0.0195706 0.0164842 0.0134853 0.0122645 0.0122232 0.00984985 0.0092723 0.00823389 0.00677938 0.00630306 0.010733 0.0059379 0.0059124 0.00568243 0.0080058 0.00589236 0.0054344
threshold=1.0000000180025095e-35 16.415000000000003 7.9350000000000014 9.9550000000000018 1.0000000180025095e-35 13.955000000000002 7.4200000000000008 13.095000000000002 1.5000000000000002 77.200000000000003 13.900000000000002 7.3050000000000006 54.70000000000001 14.240000000000002 3.3000000000000003 7.1000000000000005 19.500000000000004 6.2600000000000016 3.3000000000000003 5.400000000000003 1.0000000180025095e-35 16.660000000000004 1.9000000000000001 11.802307692307695 10.065000000000003 0.70000000000000007 12.049615384615388 7.5300000000000002 1.3 17.650000000000002 9.8550000000000022 9.9000000000000039 8.1000000000000014 7.0250000000000012 9.8550000000000022 1.1000000000000003 2.5000000000000004 3.7000000000000002 9.5000000000000018 2.1000000000000005 5.5000000000000009 5.4000000000000012 8.9450000000000021 45.000000000000007
decision_type=2 2 2 2 2 2 2 2 2 2 2 2 2 2 2 2 2 2 2 2 2 2 2 2 2 2 2 2 2 2 2 2 2 2 2 2 2 2 2 2 2 2 2 2
left_child=1 2 -1 4 5 33 7 8 9 12 11 13 17 31 -15 -16 19 -6 43 -8 21 -21 23 24 34 -25 27 -24 29 -28 36 -10 -20 -2 -22 -19 -27 -38 -37 -40 -29 -42 -43 -9
right_child=3 -3 -4 -5 6 -7 16 18 10 -11 -12 -13 -14 14 15 -17 -18 35 32 20 22 -23 26 25 -26 30 28 40 -30 -31 -32 -33 -34 -35 -36 38 37 -39 39 -41 41 42 -44 -45
leaf_value=0.0002706493027508259 0.0012263731374232856 -0.063836381618793195 0.023157249071768353 -0.0022794857457505936 -0.0010206521255895495 0.008293243115146955 -0.0011911689228556975 0.00010213161292042407 0.001068527917668689 0.0060642045934995014 -0.0021313842915106512 -0.0010755245779596623 0.0035485739336304722 0.0035802235293351577 -0.0003391807831616865 0.0029199453187175096 0.0015221101495924152 0.00049991806204031616 -0.0013376930389980167 0.0030199585599128649 -0.0003140449621194152 -0.00041262393572715801 -0.0010389147813121479 0.0030610800870797699 -0.0024169622493597368 -0.00099508007882501593 -0.0019585035594978503 0.00034673110660955763 0.0012219876023009421 0.00015154307708144189 0.0018325597696282245 -0.0014127792849170943 0.0005438587387713293 -0.00011496677417163702 0.00078278469726986556 0.002806043090919654 -0.00032483508235172314 0.0017267532364348881 0.00068321446577707936 0.0019341279746016913 0.0004483256745317304 0.00092363320824612562 0.0020022559617745113 0.0016111949761398138
leaf_weight=30 67.5 26 28 66 24 30 49.5 42 24 30 34.5 52.5 42 40.5 36 36 66 42 69 49.5 501 49.5 37.5 27 48 33 42 82.5 30 36 27 27 24 64.5 48 24 51 24 42 57 70.5 60 70.5 24
leaf_count=30 30 14 22 36 12 30 27 42 24 21 30 21 30 27 18 27 36 36 69 27 219 27 15 27 24 33 27 36 30 36 21 27 24 57 21 15 45 24 33 42 33 24 33 24
internal_value=2.98164e-11 -0.0119431 0.0113194 0.000435995 0.000516183 0.002001 0.000400148 0.000884222 0.00123003 0.00204503 0.000380872 0.000782135 0.00152306 0.00137863 0.00211473 0.00129038 0.000168725 0.00107294 -0.000228239 0.000101891 0.000151624 0.00130367 5.56205e-05 -0.00014705 -0.000394936 0.000766458 0.000414191 0.000678598 -0.000371685 -0.000984636 0.000307533 -0.000245105 -0.000852131 0.000570946 -0.000218147 0.00137747 -7.37236e-05 0.000331673 0.00167712 0.00140344 0.000905782 0.00113524 0.00150634 0.000650882
internal_weight=2385 84 58 2301 2235 162 2073 670.5 511.5 261 250.5 216 231 163.5 112.5 72 1402.5 189 159 1336.5 1287 99 1188 759 597 162 429 321 108 78 135 51 93 132 549 165 108 75 123 99 283.5 201 130.5 66
internal_count=1506 66 52 1440 1404 117 1287 522 363 189 174 144 168 123 72 45 765 138 159 729 702 54 648 414 264 150 234 141 93 63 123 51 93 87 240 126 102 69 90 75 126 90 57 66
is_linear=0
shrinkage=0.08


Tree=37
num_leaves=45
num_cat=0
split_feature=34 36 0 4 35 36 14 37 14 35 28 4 37 22 31 18 22 0 36 10 37 37 34 20 29 9 37 4 5 14 22 22 37 37 35 21 19 34 37 34 23 34 4 14
split_gain=1.64242 15.6761 5.69181 0.0831798 0.299836 0.0370305 0.0296816 0.0531509 0.0584176 0.029386 0.0736417 0.0634274 0.0613657 0.053847 0.0489821 0.0214295 0.0178584 0.0258058 0.0177206 0.0176471 0.018983 0.0203399 0.0123679 0.0118897 0.0118567 0.011841 0.0109112 0.0107161 0.00807936 0.00785174 0.00784826 0.0125508 0.00808743 0.00771612 0.0253076 0.00799726 0.00697467 0.00675436 0.00594964 0.0053376 0.0048941 0.00431544 0.0042663 0.00546092
threshold=1.0000000180025095e-35 2.5000000000000004 16.415000000000003 17.955000000000002 1.5000000000000002 2.5000000000000004 9.3250000000000011 9.9550000000000018 9.8550000000000022 1.5000000000000002 27.699999999999999 16.140000000000004 8.5250000000000004 38.100000000000009 1.0000000180025095e-35 8.9000000000000021 18.400000000000006 17.845000000000002 1.5000000000000002 7.4800000000000013 11.575000000000001 16.895000000000003 25.600000000000005 1.0000000180025095e-35 3.5000000000000004 10.025 15.555000000000001 16.475000000000005 10.065000000000003 9.9200000000000017 10.600000000000003 12.100000000000003 8.7750000000000004 8.5250000000000004 1.5000000000000002 10.000000000000002 6.4000000000000012 33.600000000000001 9.7050000000000018 54.70000000000001 11.400000000000002 45.000000000000007 16.475000000000005 8.490000000000002
decision_type=2 2 2 2 2 2 2 2 2 2 2 2 2 2 2 2 2 2 2 2 2 2 2 2 2 2 2 2 2 2 2 2 2 2 2 2 2 2 2 2 2 2 2 2
left_child=1 2 -1 5 -5 6 18 29 -9 12 11 15 13 -7 -14 37 17 19 23 -16 22 25 -21 24 28 -22 38 -13 -2 -8 32 -32 -20 34 -33 36 -36 -11 -18 -35 -26 -40 -34 -44
right_child=3 -3 -4 4 -6 9 7 8 -10 10 -12 27 14 -15 16 -17 26 -19 30 20 21 -23 -24 -25 40 -27 -28 -29 -30 -31 31 33 42 39 35 -37 -38 -39 41 -41 -42 -43 43 -45
leaf_value=-0.010293978974223137 -0.00077973984389540722 -0.05986235382301467 0.04084613781708938 -0.0058864018424517588 0.0029555166827307804 0.0017202214028686285 0.00087071917124231844 0.0061552311955019832 0.00068624462448060516 0.0016811282334781095 0.0028997898393621048 -0.0020543966245922178 0.0039653117089148834 0.0072894091047346586 0.0029139924928719219 -0.00049292349693726525 0.001509464792907238 -0.0010397134148515761 -0.00036605777533211338 0.0015341519330395387 0.0019452665876209115 6.6402688622474681e-05 -0.0002590700355358422 0.00010701109406053819 0.00014179538684182388 0.0045809342898428442 -0.0017344406963370384 -0.00068675190811468792 -0.0022849509161614783 -0.00025501349763501258 0.0021905021296080318 0.0028822395510294217 -0.00011101145989960061 -0.00018277200349839406 0.00042566091635996855 0.0014787892814268145 -0.0012375405097895479 0.0034061154590712657 -0.00060004007953562237 0.0010848296757925439 -0.00090936302364646613 0.00080787053839726885 0.0012886662610894085 0.00029023671964449545
leaf_weight=30 74 28 26 54 45 25 107 25 25 41 60 55 34 20 43 24.5 20 30 121.5 40 24 20 64 371 107.5 20 21 110 33 63 33 33 60 100 51.5 28.5 23.5 22.5 38 27 38.5 22 58.5 87.5
leaf_count=30 54 22 14 36 18 25 48 22 22 32 24 22 25 18 32 17 10 20 63 20 24 20 32 249 60 16 21 44 18 28 18 31 44 75 29 18 16 15 29 20 21 16 37 51
internal_value=-2.25411e-11 -0.0109877 0.0134496 0.000401115 -0.00186735 0.000503103 0.000271125 0.0011279 0.00342074 0.000967059 0.00038 -0.000217578 0.00140352 0.00419542 0.00106938 0.0015169 0.000781482 0.00115572 0.000120091 0.00146787 0.00109773 0.00218177 0.000430631 -0.000181363 -0.000604236 0.0031433 -0.000111508 -0.00114263 -0.00124396 0.000453536 0.000421546 0.000719725 0.000151591 0.000535529 0.000953104 0.000338018 -9.54755e-05 0.00229234 0.000314512 8.67181e-05 -0.000135394 -8.38062e-05 0.000456903 0.000690292
internal_weight=2385 84 56 2301 99 2202 1468 220 50 734 313 253 421 45 376 88 342 241 1248 211 168 64 104 624 253 44 101 165 107 170 624 296.5 327.5 263.5 136.5 103.5 75 63.5 80 127 146 60 206 146
internal_count=1506 66 44 1440 54 1386 924 120 44 462 154 130 308 43 265 64 240 164 804 144 112 60 52 402 153 40 76 66 72 76 402 207 195 189 94 63 45 47 55 95 81 45 132 88
is_linear=0
shrinkage=0.08


Tree=38
num_leaves=45
num_cat=0
split_feature=34 37 4 37 35 16 16 34 37 37 31 37 18 7 21 26 31 18 16 15 16 21 16 4 31 30 0 16 16 34 0 24 0 15 37 3 5 37 28 34 37 10 23 15
split_gain=1.39014 14.5575 0.0704034 0.301268 0.031055 0.0772285 0.0419003 0.0396389 0.0304338 0.0783084 0.0574231 0.0422105 0.0665606 0.0208199 0.0182139 0.0143134 0.0174329 0.0214201 0.0209067 0.0240905 0.0141418 0.0125847 0.0109978 0.00857606 0.0080026 0.00770007 0.00569334 0.0056892 0.00653602 0.00510255 0.00470392 0.00448762 0.00849888 0.00371603 0.00360858 0.00564349 0.00444065 0.00677913 0.0158092 0.00936141 0.00647046 0.00972508 0.00542387 0.00496446
threshold=1.0000000180025095e-35 9.7850000000000019 17.955000000000002 11.802307692307695 1.5000000000000002 6.7500000000000018 6.5600000000000014 19.600000000000005 17.100000000000005 16.565000000000001 2.5000000000000004 13.095000000000002 11.800000000000002 10.145000000000001 3.3000000000000003 2.3000000000000003 1.0000000180025095e-35 6.4000000000000012 7.575000000000002 2.1950000000000003 6.0550000000000024 0.3000000000000001 6.1800000000000015 16.475000000000005 0.70000000000000007 0.50000000000000011 16.625000000000004 7.0650000000000013 6.7350000000000021 46.100000000000009 14.200000000000001 1.1000000000000003 13.775000000000002 2.6488461538461547 9.7050000000000018 16.155000000000005 12.01346153846154 17.335000000000004 55.699999999999996 51.400000000000013 11.992692307692311 7.9050000000000011 5.8000000000000007 2.1950000000000003
decision_type=2 2 2 2 2 2 2 2 2 2 2 2 2 2 2 2 2 2 2 2 2 2 2 2 2 2 2 2 2 2 2 2 2 2 2 2 2 2 2 2 2 2 2 2
left_child=1 -1 4 -4 5 7 14 -2 9 11 -11 12 13 21 20 16 23 18 27 30 -6 26 -16 -8 -9 -13 -7 28 -18 -27 -20 32 -23 -22 -26 -36 37 38 40 -39 42 -42 43 -37
right_child=2 -3 3 -5 6 8 15 24 -10 10 -12 25 -14 -15 22 -17 17 -19 19 -21 33 31 -24 -25 34 29 -28 -29 -30 -31 -32 -33 -34 -35 35 36 -38 39 -40 -41 41 -43 -44 -45
leaf_value=0.020895432043406697 0.0020678610023525026 -0.045882634933178242 -0.0050539915648008154 0.0041200954513624308 0.00099368981114544321 -1.8813329168775104e-05 -0.0022521816390670009 -0.0011949580751307724 -0.00074530308039333587 0.0070481943556418023 0.001962760081514716 0.00076386850941667541 0.0050940546365172579 0.0033276304999987284 0.00070130644501610238 -0.0017311940789222718 -0.00049404966414615668 -0.0018103402755103816 -0.00013711958908690857 0.0033847550884820521 -0.00057700208094761229 0.0012088807404735218 0.0020017245570419446 -0.00052351699521144236 0.00065695912180537431 -0.0010124973560153854 0.00099054737952731847 -0.00087890002162506183 0.0004070382579774052 0.00040206943095351258 0.0012150058998285156 0.00090019932844572609 0.0026693777487996747 0.00022337784073143095 -0.00057478024259167298 0.0001545258388172702 -0.00058599850059383441 0.00055516545108898923 0.0020854595409085354 -0.001415431386170288 0.0020168920702956341 9.6390018136137059e-05 0.00064130138739495091 -0.00071523832880692297
leaf_weight=45 63 39 63 36 105 57 36 36 39 27 30 45 33 30 82.5 45 93 39 39 24 82.5 51 84 37.5 54 51 96 60 115.5 24 28.5 36 51 67.5 99 84 54 27 30 36 27 45 54 84
leaf_count=36 42 30 27 27 42 45 27 24 39 27 30 45 30 15 33 18 39 39 39 24 33 51 39 15 27 51 48 24 48 24 15 18 39 27 75 42 36 27 15 36 27 42 27 42
internal_value=4.03793e-11 -0.0101087 0.000369026 -0.00171796 0.000462855 0.000721902 0.000114424 0.000154556 0.00141168 0.0015701 0.00437165 0.0012332 0.00167274 0.00132102 0.000706561 -0.000367867 -0.000238026 -2.94658e-05 0.000163462 0.0012078 0.000281619 0.00111415 0.00135737 -0.00137021 -3.67747e-05 -6.34468e-05 0.000614511 -0.000192431 5.11415e-06 -0.000559836 0.000433778 0.0016681 0.00193913 -0.000216831 3.34182e-05 -2.89359e-05 9.36006e-05 0.000188428 0.000336074 -0.00057089 0.000157565 0.000816578 -5.61693e-05 -0.000280356
internal_weight=2385 84 2301 99 2202 1263 939 693 570 531 57 474 354 321 421.5 517.5 472.5 399 360 91.5 255 291 166.5 73.5 630 120 153 268.5 208.5 75 67.5 138 102 150 594 540 441 387 324 63 294 72 222 168
internal_count=1506 66 1440 54 1386 924 462 462 462 423 57 366 246 216 174 288 270 228 189 78 102 201 72 42 420 120 93 111 87 75 54 108 90 60 396 369 294 258 195 63 180 69 111 84
is_linear=0
shrinkage=0.08


Tree=39
num_leaves=45
num_cat=0
split_feature=37 33 1 37 1 37 10 31 15 33 4 22 10 35 1 18 4 22 19 2 10 33 4 5 37 2 18 33 15 37 21 23 16 1 1 37 2 31 12 22 37 31 10 14
split_gain=0.846353 13.6964 0.548017 0.462465 0.413679 0.333975 2.7832 0.36541 0.784427 0.416965 0.134776 0.0563363 0.0549544 0.0439131 0.0617379 0.0491943 0.024981 0.0170462 0.021493 0.0166702 0.0370452 0.0154891 0.0124151 0.0124189 0.0122528 0.0140197 0.012029 0.00935006 0.0067975 0.00677834 0.00668003 0.00652723 0.00686425 0.0056623 0.00525348 0.00788908 0.00474393 0.00526172 0.00648977 0.00866723 0.00542893 0.00419721 0.00404639 0.00401261
threshold=16.415000000000003 0.3000000000000001 12.279999885559084 2.9500000238418584 16.455000000000002 8.0300000000000029 7.9050000000000011 1.0000000180025095e-35 1.8492307692307708 2.1000000000000005 17.955000000000002 14.300000000000002 9.9200000000000017 1.5000000000000002 14.695000000000002 15.500000000000002 16.295000000000005 39.100000000000016 8.2000000000000011 16.685000000000006 7.6050000000000013 1.0000000180025095e-35 16.565000000000001 11.992692307692311 11.984999656677248 17.545000000000005 1.9000000000000001 5.9000000000000012 2.6250000000000004 9.8250000000000011 1.1000000000000003 8.7000000000000011 6.7500000000000018 14.280000000000003 17.935000000000006 9.0550000000000015 14.110000000000001 23.900000000000002 7.8200000000000012 67.200000000000017 8.7750000000000004 3.3000000000000003 7.8850000000000007 7.4800000000000013
decision_type=2 2 2 2 2 2 2 2 2 2 2 2 2 2 2 2 2 2 2 2 2 2 2 2 2 2 2 2 2 2 2 2 2 2 2 2 2 2 2 2 2 2 2 2
left_child=2 -2 3 -1 -3 6 11 8 9 -7 19 16 22 14 -13 17 26 27 -19 21 -21 -9 -6 30 25 29 -4 33 36 -22 31 32 -24 -15 35 -27 -23 38 39 -38 -40 -30 -42 -32
right_child=1 4 5 -5 12 7 -8 10 -10 -11 -12 13 -14 15 -16 -17 -18 18 -20 20 24 28 23 -25 -26 34 -28 -29 41 -31 43 -33 -34 -35 -36 -37 37 -39 40 -41 42 -43 -44 -45
leaf_value=0.00058605847126316465 -0.064693416221575303 0.0123422645740211 -0.00026986603654841795 0.016842307684322197 0.0012957763759715651 0.0024340701451138506 0.02227168362447992 0.0014845753794846437 -0.014373730360530317 -0.0076650349528361592 -0.0030679880211382736 0.0015280087128566164 0.0041941385982292041 -0.00086435683718365101 0.006457834490353153 -0.0021270516827806003 -0.0016637228827538161 0.0029095473667365259 0.00070956741056094562 0.0024062182641390599 0.00045473481686637986 0.00068216162552643146 0.00013878719288517129 0.0014030738815753944 -0.0008276218604684497 0.00050031281386812528 0.0012519024226857328 0.0013366873733613683 0.0011675843314673656 -0.00040229434765895049 -0.00069260662793004446 -0.002313334874453999 -0.0014289146594894239 0.00049199990457159354 0.00041943169917845933 0.0018258690299267103 -0.0010578831199497458 0.00063632631152868273 -0.00072501017098073608 0.00039853616335401028 0.00077280914320403506 0.00011157525426131628 -9.314517418443153e-05 0.00082163331603320947
leaf_weight=21 22 20 141 24 33 79.5 40 43.5 36 39 81 72 21 36 21 36 72.5 54 60 66 157.5 36 33 21 48 45 43.5 43.5 39 94.5 21 21 39 43.5 57 79.5 126 37.5 67.5 33 45 63 148.5 24
leaf_count=21 22 20 96 24 33 39 16 30 27 21 36 72 21 36 18 27 29 36 33 33 69 36 33 21 24 18 21 21 27 45 21 21 39 21 24 36 90 21 27 30 30 42 75 24
internal_value=-3.17919e-11 -0.00435553 0.000521437 0.00925606 0.00134161 0.00033292 0.00181573 -0.000358434 -0.0040316 -0.000889686 8.93005e-05 0.000502351 0.00030868 0.00113983 0.0026412 0.000628377 -0.000405499 0.00104692 0.00175166 0.000304842 0.000628798 2.7275e-05 -0.000116292 -0.000409363 0.000385164 0.000519451 8.89249e-05 0.000393748 -7.91777e-05 0.000133349 -0.000685169 -0.00107234 -0.000710385 -0.000122199 0.00105553 0.00134675 -0.000202057 -0.000271635 -0.000352703 -0.000755607 -0.000107256 0.000515343 0.00010824 0.000114988
internal_weight=2385 255 2130 45 233 2085 663 1422 154.5 118.5 1267.5 623 213 366 93 273 257 237 114 1186.5 547.5 639 192 159 481.5 433.5 184.5 123 595.5 252 138 93 72 79.5 181.5 124.5 493.5 457.5 420 159 261 102 193.5 45
internal_count=1506 255 1251 45 233 1206 426 780 87 60 693 410 213 264 90 174 146 147 69 657 249 408 192 159 216 192 117 78 378 114 138 93 72 57 78 54 309 273 252 120 132 69 105 45
is_linear=0
shrinkage=0.08


Tree=40
num_leaves=45
num_cat=0
split_feature=37 32 1 33 37 36 32 1 32 16 15 4 4 9 4 13 1 37 35 37 15 35 16 1 4 18 4 9 5 22 1 12 37 37 17 13 15 17 37 37 21 22 17 37
split_gain=0.716353 12.8805 0.463842 0.403682 0.39143 0.338103 1.51003 1.72586 1.28764 6.07593 0.763814 0.553725 0.221293 0.101518 0.0497356 0.0373459 0.0293256 0.0348528 0.033783 0.0260845 0.0141928 0.0137916 0.021923 0.0358088 0.0134887 0.0130419 0.0121293 0.00953243 0.00950736 0.00842664 0.00681208 0.00670377 0.00612542 0.0103398 0.00557955 0.00822592 0.00708691 0.00504841 0.0115153 0.00729771 0.00986951 0.00601518 0.00599687 0.00409203
threshold=16.415000000000003 1.0000000180025095e-35 12.279999885559084 0.50000000000000011 2.9500000238418584 2.5000000000000004 1.0000000180025095e-35 16.375000000000004 1.0000000180025095e-35 6.6350000000000016 1.9073076923076921 17.935000000000006 17.965000000000003 11.911538461538465 17.935000000000006 7.4050000000000011 17.310000000000006 9.8750000000000018 1.5000000000000002 14.160000000000002 -0.1650000000000009 1.5000000000000002 6.7500000000000018 14.695000000000002 16.455000000000002 8.9000000000000021 16.175000000000004 9.8950000000000014 11.992692307692311 37.500000000000007 17.845000000000002 8.3850000000000033 2.3250000000000006 2.5300000000000007 3.3000000000000003 8.3150000000000013 1.4950000000000001 3.3000000000000003 13.095000000000002 11.575000000000001 1.0000000180025095e-35 77.200000000000003 13.900000000000002 16.155000000000005
decision_type=2 2 2 2 2 2 2 2 2 2 2 2 2 2 2 2 2 2 2 2 2 2 2 2 2 2 2 2 2 2 2 2 2 2 2 2 2 2 2 2 2 2 2 2
left_child=2 -2 4 -3 -1 8 7 -7 9 -4 -11 15 13 20 24 19 18 -18 26 21 -10 22 -8 -24 -5 29 -17 -20 34 -23 32 -28 -22 -34 35 -26 -37 39 41 -35 -41 42 -39 -42
right_child=1 3 5 14 -6 6 11 -9 12 10 -12 -13 -14 -15 -16 16 17 -19 27 -21 30 25 23 -25 28 -27 31 -29 -30 -31 -32 -33 33 37 -36 36 -38 38 -40 40 43 -43 -44 -45
leaf_value=0.0005391736718870345 -0.064025487990251609 0.011961517400507415 0.028305791455118551 0.0018449887810718447 0.015494923194249471 0.0015802908487967215 0.00081654861889546738 -0.023487436293791505 0.0023730287121401894 0.00031048558583414112 -0.015526234389694988 -0.010212130526465081 0.005713308863341808 -0.0037287209271453319 0.0040322122039894263 -0.00068378300929907712 0.0023172783596312691 -0.00026062381908297541 -0.00066519386534179964 -0.00044178923289920832 -0.0020569673273712397 0.0010573063637965765 0.0020052780917044297 0.005916013970323231 0.00054304984025657177 -0.00041409581899642944 0.0019703204180405009 -0.0020912322515533083 0.0012908279669188363 0.0030014624777767395 -0.00085571190921796686 0.00051276110963005084 0.0042247258126735686 -4.837299357683519e-05 -0.0017359085937607146 -0.00033260128305604065 -0.0019591869010279575 0.00030556127284123863 -0.00060570790303505161 0.0016984038603933237 0.00060426705256652309 0.0016534944634665461 0.0014160293075991305 -0.00076009086294410132
leaf_weight=21 21 21 57.5 21 24 32 32 39 18 54 30.5 31.5 45 45 21 32 72.5 62.5 70 37 7.9999999999999991 39 43 23 45 24.5 36 52.5 21 22.5 45 46 3.9999999999999991 687 21 60 24 172 56 38 34 34 38 24
leaf_count=21 21 21 29 21 24 27 16 18 8 34 27 14 20 20 21 21 30 30 28 37 8 27 43 14 45 17 21 21 21 15 20 23 4 346 21 60 24 90 56 28 34 28 28 24
internal_value=-5.34502e-11 -0.00400709 0.000479722 0.00137918 0.00851557 0.000306286 -0.00113442 -0.0121893 0.00102664 0.00824506 -0.00540573 0.000123425 0.000205314 -7.20678e-07 0.000335846 0.00067291 0.000183036 0.00112381 -0.000353978 0.00149639 0.00014415 0.00188613 0.00253495 0.00336811 -6.8444e-05 0.00114677 0.000637171 -0.00127635 -0.000303427 0.00176858 0.000108957 0.00115267 0.000148601 0.000164833 -0.000526623 -0.000329762 -0.00079734 0.000149838 0.000428883 4.29246e-05 0.000696273 0.00066633 0.000506503 3.97052e-05
internal_weight=2385 255 2130 234 45 2085 695 71 1390 142 84.5 624 1248 1203 213 592.5 371.5 135 236.5 221 1158 184 98 66 192 86 114 122.5 171 61.5 1140 82 1095 1087 150 129 84 1083 300 783 96 244 210 58
internal_count=1506 255 1251 234 45 1206 402 45 804 90 61 357 714 694 213 343 174 60 114 169 674 132 73 57 192 59 65 49 171 42 666 44 646 638 150 129 84 634 202 432 86 146 118 58
is_linear=0
shrinkage=0.08


Tree=41
num_leaves=45
num_cat=0
split_feature=34 2 37 37 33 4 32 13 37 7 37 22 17 14 11 32 33 13 32 37 15 28 29 37 0 37 33 37 20 0 4 13 0 34 13 34 5 37 15 28 0 37 0 33
split_gain=1.2644 13.119 1.31635 0.0998355 0.477071 0.115429 0.0375428 0.0200317 0.0210403 0.0203426 0.0192544 0.019897 0.0149451 0.0131055 0.0116886 0.0114549 0.0111523 0.0135706 0.0139928 0.0109015 0.0108381 0.0105812 0.0100744 0.00970348 0.0128605 0.0145383 0.0131862 0.0102403 0.0134469 0.00995781 0.00827879 0.00900393 0.00757215 0.00640504 0.00555545 0.00520326 0.00454318 0.00434258 0.00414215 0.00408418 0.00349093 0.00292451 0.00486695 0.00268014
threshold=1.0000000180025095e-35 16.415000000000003 7.9350000000000014 16.565000000000001 0.50000000000000011 17.955000000000002 1.0000000000000002 7.4050000000000011 8.7750000000000004 9.8950000000000014 14.160000000000002 91.600000000000009 13.900000000000002 7.4400000000000004 8.2800000000000011 3.5000000000000004 26.000000000000004 7.8500000000000005 1.0000000180025095e-35 2.2750000000000004 3.1550000000000007 40.300000000000004 5.5000000000000009 10.115 13.265000000000002 4.1100000000000003 0.70000000000000007 9.4050000000000029 7.0000000000000009 14.055000000000001 17.875000000000004 7.9050000000000011 14.110000000000001 107.00000000000001 7.8650000000000011 45.000000000000007 9.9350000000000005 9.8250000000000011 2.6050000000000004 8.2000000000000011 17.860000000000003 10.085000000000003 16.415000000000003 0.70000000000000007
decision_type=2 2 2 2 2 2 2 2 2 2 2 2 2 2 2 2 2 2 2 2 2 2 2 2 2 2 2 2 2 2 2 2 2 2 2 2 2 2 2 2 2 2 2 2
left_child=1 2 -1 5 -5 7 -6 10 9 14 11 12 19 -8 -9 -15 17 36 -19 -2 34 -17 -14 24 -21 26 32 28 39 -25 31 -20 -26 37 -11 -12 -10 -33 -30 43 -23 -38 -43 -27
right_child=3 -3 -4 4 6 -7 13 8 16 20 35 -13 22 15 -16 21 -18 18 30 23 -22 40 -24 29 25 27 -28 -29 38 -31 -32 33 -34 -35 -36 -37 41 -39 -40 -41 -42 42 -44 -45
leaf_value=-0.00011640253057703377 -0.0028207101067528129 -0.056860809876368601 0.024002080006258832 0.012642773051435749 0.0033528129918569765 -0.0027710062127422404 -0.0014851859082571333 -0.0021096650358466877 0.00041694875289168627 0.00012623202518249551 -0.00065779027506065221 0.002829717996219794 0.0025631661243180094 -0.00080353223976227604 -0.0005532838503519694 0.0019970596286778648 0.0014054276883347422 0.0014782200515684155 0.0012138270277201252 0.0018823583073551871 0.00090846806267897296 -0.0004183099360239727 0.0005604979696263578 0.00063159244143191657 -0.00085458008281420923 7.9872483594550035e-05 -0.0021201409684080217 -0.00052974286062332492 0.0020935939618897054 0.0022549996557202014 0.0012414743999640148 0.0001902513655395816 0.0012255510812004408 0.0010799990787815589 -0.00069881851082810988 0.00057555864052847032 -9.8793478294586148e-05 -0.00033482259311378484 0.0009216602908616717 -0.00030422363885574874 0.0009077349097909367 -0.0015356930968566582 -0.00031468204357143904 0.00084262641849355737
leaf_weight=30 5.9999999999999991 26 28 24 27 81 27 52.5 36 112.5 81 30 43.5 33 75 36 58.5 72 51 36 67.5 27 25.5 57 24 45 27 48 46.5 42 54 295.5 21 39 97.5 30 48 153 33 45 24 39 45 85.5
leaf_count=30 6 14 22 24 27 36 27 21 21 45 81 24 36 33 30 36 27 36 33 36 27 27 18 57 24 42 27 24 33 24 24 135 21 18 39 30 24 99 18 18 24 33 24 51
internal_value=-9.08979e-12 -0.00964065 0.011527 0.00035194 0.0020693 0.000190249 0.00061089 0.000308875 0.000120413 -0.000357693 0.000645303 0.000820332 0.000717287 0.000107271 -0.00119415 0.000465574 0.000337734 0.000262707 0.000425114 0.000569423 2.6623e-05 0.000946959 0.00182305 0.000609307 0.000438043 0.000299389 -0.00072246 0.000542205 0.000743983 0.00132031 0.000297141 0.000202445 0.000116148 9.66387e-05 -0.000256827 -0.000324453 -0.000379671 1.11291e-05 0.00160713 0.000352984 0.000205711 -0.00059693 -0.00088158 0.000579608
internal_weight=2385 84 58 2301 198 2103 174 2022 1296 405 726 615 585 147 127.5 120 891 832.5 664.5 516 277.5 87 69 510 411 375 72 303 255 99 592.5 538.5 45 487.5 210 111 168 448.5 79.5 175.5 51 132 84 130.5
internal_count=1506 66 52 1440 198 1242 174 1206 636 162 570 459 435 147 51 120 474 447 345 381 111 87 54 375 294 258 72 186 162 81 309 285 45 252 84 111 102 234 51 111 51 81 57 93
is_linear=0
shrinkage=0.08


Tree=42
num_leaves=45
num_cat=0
split_feature=37 33 32 0 36 31 15 32 16 10 31 37 9 3 16 3 15 37 6 37 35 32 13 16 15 10 37 0 25 37 37 0 0 6 29 31 31 31 37 36 0 15 31 24
split_gain=0.629338 11.5353 0.650347 0.327357 0.289529 1.24206 1.87938 1.21185 5.21635 0.599205 0.591863 0.275777 0.108375 0.151666 0.0227999 0.0197569 0.0270128 0.031532 0.0363275 0.0238214 0.0143645 0.0184451 0.0211197 0.0114028 0.0103161 0.0100949 0.00848632 0.00658028 0.00500945 0.00482301 0.00821842 0.00455284 0.00410284 0.00456798 0.00354281 0.00334471 0.00427356 0.00421466 0.00315428 0.00312962 0.00448673 0.0053994 0.00306717 0.00268616
threshold=16.415000000000003 0.3000000000000001 0.50000000000000011 12.329999885559085 2.5000000000000004 1.0000000180025095e-35 1.7630769230769225 1.0000000180025095e-35 6.6350000000000016 9.9200000000000017 1.0000000180025095e-35 2.9500000238418584 11.941153846153847 17.835000000000004 6.0057692307692303 17.935000000000006 2.4900000000000007 10.875000000000002 8.4100000000000019 8.8450000000000006 1.5000000000000002 3.5000000000000004 7.8200000000000012 6.8350000000000017 -0.15000000000000033 7.4400000000000004 11.868846153846155 14.455000000000002 6.6000000000000005 2.3250000000000006 2.5300000000000007 13.955000000000002 16.545000000000005 10.975000000000003 1.0000000180025095e-35 6.5000000000000009 5.5000000000000009 22.000000000000004 10.025 1.5000000000000002 15.475000000000001 2.1950000000000003 7.5000000000000009 4.1000000000000005
decision_type=2 2 2 2 2 2 2 2 2 2 2 2 2 2 2 2 2 2 2 2 2 2 2 2 2 2 2 2 2 2 2 2 2 2 2 2 2 2 2 2 2 2 2 2
left_child=3 -2 -3 11 7 6 -6 8 -5 15 -10 -1 13 24 -4 16 20 18 -18 -20 23 22 -22 38 -9 -16 -19 31 32 -26 -31 -25 42 -34 -32 36 39 43 -7 -36 41 -41 -27 -37
right_child=1 2 14 4 5 9 -8 12 10 -11 -12 -13 -14 -15 25 -17 17 26 19 -21 21 -23 -24 27 29 28 -28 -29 -30 30 34 -33 33 -35 35 37 -38 -39 -40 40 -42 -43 -44 -45
leaf_value=0.00050535222936776429 -0.059129204099828546 0.014243705367831433 0.0020043249865711638 0.026560934452906901 0.001656671166419983 -0.00032816186746848484 -0.023592034311512033 0.0016850264425630924 -0.012936089495752952 -0.010598172901996546 0.00075132707572158654 0.013058718120058377 0.0030034593890103469 -0.0051345149189647703 0.0011378918553668039 0.0026763702432314558 0.004812325727113563 0.00077035762090235953 0.00057504467245212386 0.0026950963987884195 0.0020812408288766165 -0.0013810485215495817 -0.00057961040415934156 0.0015802480500530115 -0.0018548758211545647 -0.00073039305590403571 -0.0010632722782237189 0.0022428141668206082 0.00060338204371787249 0.0037361590750515463 -0.00035561155663252028 -1.3035640392142038e-05 -0.0016084224573440023 -0.00042550865321969378 -2.0851645914150312e-05 -0.00030573491058334933 0.00076285260792080588 0.00047155851969656385 0.00060891587537928264 0.00017632174089417924 0.00016256748228976183 0.0015450348571324959 0.00059349131703908956 0.00028331584282337676
leaf_weight=21 22 23 33 57.5 38.5 56 37 27 33.5 31.5 51 24 81 36 27 31.5 23 30 88.5 55 30 69.5 52.5 22 7.9999999999999991 24 35 32 21 3.9999999999999991 98 24 45 39 262.5 232 93 81 39 35 188.5 39 21 63
leaf_count=21 22 23 33 29 21 28 26 12 25 14 36 24 36 16 27 14 20 15 38 26 24 32 21 22 8 24 28 20 21 4 58 24 45 39 165 130 48 44 29 35 94 36 21 28
internal_value=1.72154e-11 -0.00375584 0.00147254 0.000449643 0.000303942 -0.00102927 -0.0107169 0.000970546 0.00797333 0.000151385 -0.00467505 0.00720048 0.000173756 -2.26505e-05 7.37946e-05 0.000727254 0.000616926 0.00127733 0.00186069 0.00138761 0.000146517 -0.000420889 0.000387972 0.000645048 0.000140061 -0.000286135 -0.000216982 0.00136183 -0.00054246 0.000102277 0.000116563 0.00074897 -0.000728992 -0.00105921 0.000103304 0.000148549 0.000263015 -3.95887e-05 5.65332e-05 0.000174472 0.000369797 0.000897671 -0.00011258 -0.000179938
internal_weight=2385 255 233 2130 2085 695 75.5 1390 142 619.5 84.5 45 1248 1167 210 588 556.5 231.5 166.5 143.5 325 152 82.5 173 1131 177 65 78 150 1104 1096 46 129 84 1092 994 618 376 95 525 262.5 74 45 295
internal_count=1506 255 233 1251 1206 402 47 804 90 355 61 45 714 678 210 341 327 127 84 64 200 77 45 123 662 177 43 66 150 650 642 46 129 84 638 580 378 202 57 330 165 71 45 158
is_linear=0
shrinkage=0.08


Tree=43
num_leaves=45
num_cat=0
split_feature=34 36 0 37 9 34 4 36 32 16 4 0 0 37 37 32 16 37 37 18 35 3 37 21 5 14 16 35 15 37 10 7 1 34 0 35 19 34 34 17 16 21 0 34
split_gain=1.11291 12.2873 6.10161 0.120885 0.393627 0.271605 0.0948129 0.0489701 0.0395273 0.0367602 0.0347191 0.0244017 0.02525 0.0207762 0.0196429 0.0180553 0.145976 0.0163236 0.0236304 0.0227697 0.0150281 0.0199295 0.0133369 0.0115023 0.0123655 0.0110279 0.0107122 0.0105884 0.0100385 0.00569486 0.00565692 0.00534118 0.00448464 0.00405724 0.00361642 0.00356885 0.0123234 0.00782434 0.00833434 0.00782993 0.00597602 0.00526327 0.00511897 0.00449449
threshold=1.0000000180025095e-35 2.5000000000000004 16.415000000000003 16.565000000000001 9.8350000000000026 8.9000000000000057 17.955000000000002 2.5000000000000004 1.0000000180025095e-35 7.1300000000000008 17.935000000000006 15.625000000000002 17.220000000000002 10.875000000000002 8.8450000000000006 1.0000000180025095e-35 6.6250000000000018 14.160000000000002 5.535000000000001 3.0000000000000004 1.5000000000000002 16.175000000000004 8.8800000000000008 1.1000000000000003 11.992692307692311 7.5750000000000002 6.2600000000000016 1.5000000000000002 -0.1650000000000009 16.195000000000004 8.1900000000000031 12.083846153846155 16.455000000000002 38.100000000000001 17.475000000000005 1.5000000000000002 17.200000000000006 25.600000000000005 8.7000000000000046 0.50000000000000011 6.9300000000000015 3.8000000000000003 16.115000000000006 46.100000000000009
decision_type=2 2 2 2 2 2 2 2 2 2 2 2 2 2 2 2 2 2 2 2 2 2 2 2 2 2 2 2 2 2 2 2 2 2 2 2 2 2 2 2 2 2 2 2
left_child=1 2 -1 6 5 -5 7 15 9 -9 23 17 20 14 -14 16 -2 18 19 -10 26 -22 -20 24 34 -25 -13 -18 -17 31 -28 35 -31 -23 -6 36 -30 38 -37 -40 41 -39 -43 -42
right_child=3 -3 -4 4 10 -7 -8 8 11 -11 -12 12 13 -15 -16 28 27 -19 22 -21 21 33 -24 25 -26 -27 30 -29 29 32 -32 -33 -34 -35 -36 37 -38 40 39 -41 43 42 -44 -45
leaf_value=-0.011992962719562152 -0.0054912847777207697 -0.052315308877399991 0.040956178445082446 0.0026610758949425963 -0.0019487579626341661 0.01552768091360728 -0.0025315487384796145 0.0046906021267416019 0.0024468347057700159 0.00076232243841513987 0.0033951301575594005 -0.00045252672103406104 0.00066268281606228453 -0.0001912277511571749 0.002719496968315869 0.0019490663376119403 0.0015089492352213709 -0.00015470797023563475 0.0045376934711303975 -0.00078772836149885105 0.00066029843753203754 -0.00078626402840018276 0.0018120489260181785 -0.00018671944158885515 0.00092665320084918108 0.002067059308756143 0.0015870722042436295 -0.00024971266045796281 0.00015229928572754969 -0.0017364232093095781 0.00041924683300808809 -0.00088051423792623817 -8.1217840991236955e-05 -0.0018054071292281152 -0.00067254073090023455 0.00035623698834666705 0.001679948259002736 9.6421691931175947e-05 -0.00037864598933083469 -0.0018054538248106838 0.00024673392064869406 0.0015690587264086519 0.00030760349635966126 -0.0011495511460169736
leaf_weight=30 33 28 26 21 30 21 81 31 30 30 21 54 57.5 52 61.5 18 50 27 27 26 50 50 20 33 21 24 47 39 552 20 61 36 22 50 27 47 36 245 64 40 25 35 50 36
leaf_count=30 18 22 14 21 30 21 36 16 30 25 21 36 23 26 27 8 40 27 23 26 20 20 17 33 21 24 29 24 360 20 37 16 22 20 27 32 30 98 28 28 16 20 20 24
internal_value=-1.50967e-11 -0.00904472 0.0125906 0.000330186 0.00221994 0.00909438 0.000152263 0.000259775 0.00081655 0.00275866 0.000369127 0.00062329 0.00036143 0.00114275 0.00172566 -1.8613e-05 -0.000946752 0.0015962 0.00205517 0.000945073 -6.67905e-05 -0.000643791 0.00337784 -0.000101585 -0.000732841 0.00076224 0.000467469 0.0007383 7.37467e-05 4.58032e-05 0.000927467 7.87697e-05 -0.000869411 -0.00129584 -0.00134423 0.000109331 0.000245829 -3.87515e-05 -0.00052787 -0.000927418 0.000150141 0.000284608 0.000827026 -0.000577303
internal_weight=2385 84 56 2301 198 42 2103 2022 674 61 156 613 483 171 119 1348 122 130 103 56 312 150 47 135 78 57 162 89 1226 1208 108 1166 42 100 57 1130 588 542 151 104 391 330 85 61
internal_count=1506 66 44 1440 198 42 1242 1206 402 41 156 361 238 76 50 804 82 123 96 56 162 60 40 135 78 57 102 64 722 714 66 672 42 40 57 656 390 266 88 56 178 138 40 40
is_linear=0
shrinkage=0.08


Tree=44
num_leaves=45
num_cat=0
split_feature=34 15 0 33 0 11 11 36 12 12 31 36 31 0 0 33 16 17 16 12 4 10 36 15 0 29 34 28 34 30 28 29 23 34 0 22 31 31 33 33 20 16 10 31
split_gain=0.94197 12.1794 0.43344 0.113965 0.0809236 0.0581074 0.0187966 0.0226443 0.0422094 0.0341189 0.0306128 0.0218929 0.0391624 0.0127871 0.0161191 0.0146605 0.011614 0.0105597 0.00937782 0.00737899 0.0116348 0.0111449 0.0069996 0.00592887 0.00550314 0.00483606 0.0033138 0.00330793 0.00325931 0.00315988 0.00338207 0.00247991 0.00234365 0.0021983 0.0035315 0.00209619 0.00193328 0.00318423 0.00189116 0.00204446 0.00226469 0.00174277 0.001579 0.00142892
threshold=1.0000000180025095e-35 1.8150000357627867 11.984999656677248 1.0000000180025095e-35 16.565000000000001 9.9550000000000018 9.9350000000000005 1.5000000000000002 9.8550000000000022 9.7700000000000014 1.0000000180025095e-35 2.5000000000000004 1.0000000180025095e-35 15.625000000000002 16.590000000000003 3.5000000000000004 7.9600000000000017 3.0000000000000004 6.1450000000000005 7.4400000000000004 16.475000000000005 7.8500000000000005 1.5000000000000002 2.1715384615384621 17.795000000000005 3.5000000000000004 32.800000000000011 58.300000000000004 12.700000000000003 0.70000000000000007 27.699999999999999 1.0000000000000002 11.400000000000002 9.9000000000000039 14.390000000000002 0.50000000000000011 9.1000000000000014 4.6000000000000005 0.50000000000000011 5.5000000000000009 3.0000000000000004 6.7650000000000006 7.6650000000000009 6.9000000000000012
decision_type=2 2 2 2 2 2 2 2 2 2 2 2 2 2 2 2 2 2 2 2 2 2 2 2 2 2 2 2 2 2 2 2 2 2 2 2 2 2 2 2 2 2 2 2
left_child=1 2 -1 4 22 6 7 9 11 10 -5 19 -13 15 17 23 -17 26 25 33 21 -21 -2 -14 36 -12 -15 -26 -20 -22 -31 -30 -27 -9 -35 -24 37 -16 -33 41 -41 42 -40 -36
right_child=3 -3 -4 5 -6 -7 -8 8 -10 -11 18 12 13 14 24 16 -18 -19 28 20 29 -23 35 -25 27 32 -28 -29 31 30 -32 38 -34 34 43 -37 -38 -39 39 40 -42 -43 -44 -45
leaf_value=0.0066681048982880188 -9.9024775554426011e-05 -0.053818926444420455 0.020921097181060097 -0.0024806340057638627 0.0045060006104353251 -0.0021880053830417722 0.002117265661001897 0.0011357895844460776 -0.002056341423780065 0.0021287878857949726 -0.0013079705373807387 0.002929468343799731 -0.00019635767536965433 -0.0010830110550991126 0.000407244409780857 0.0037568058365065123 0.0011546429353100913 0.00076922582801092752 0.00053040517367083917 -0.00012766605306586081 0.00090186313713912832 -0.0016281615252220871 0.0019411430383721986 0.0012621372167698362 0.0018635969153944065 -0.00011824752829343705 -0.00022598809107041463 0.00084819323008323655 -0.00073091578916372618 -0.00022317425853073705 0.00037557225371548142 -0.00074919107533614375 -0.00089244041954735659 -0.0003554134677644029 0.00075307820516172801 0.00099542931356700151 0.00027843126089318649 0.001248298521407626 0.00080306820291024383 8.6993953676507379e-05 -0.00050341756212468126 -7.946908754971007e-05 0.00011038703432717881 0.0002879022445108754
leaf_weight=36 32 26 22 39.5 66 66 33 30 44 38.5 55 50.5 30 38.5 60.5 23 21 66 66 88 38.5 49.5 24 44 44 71.5 115.5 38.5 34 104.5 143 21 38.5 33 96 40 71.5 55 46.5 103.5 69.5 58 38.5 75.5
leaf_count=36 27 14 16 27 36 36 18 30 24 21 30 33 30 21 33 21 21 36 51 48 21 27 24 39 24 39 63 21 24 57 78 15 21 33 66 30 39 30 27 60 42 45 21 51
internal_value=6.04879e-11 -0.00832114 0.0120744 0.000303771 0.00234958 0.000148829 0.000223229 0.00019259 0.000381058 -0.000184348 -0.000323172 0.000462552 0.00078885 0.000610905 0.0004307 0.00135845 0.00251486 -7.74029e-05 -0.000181611 0.000136254 -6.30974e-05 -0.000667844 0.00086704 0.000670856 0.000845478 -0.000695467 -0.000440244 0.00138974 1.2408e-05 0.000227646 0.000122768 -7.97424e-05 -0.000389215 0.000496278 0.000402462 0.00135007 0.000605361 0.000807746 -1.40454e-05 3.48092e-05 -0.000150194 0.000258625 0.000489324 0.000548292
internal_weight=2385 84 58 2301 162 2139 2073 2040 1360 680 641.5 1316 658 607.5 489.5 118 44 220 602 658 423.5 137.5 96 74 269.5 165 154 82.5 437 286 247.5 371 110 234.5 204.5 64 187 115.5 337 316 173 143 85 171.5
internal_count=1506 66 52 1440 117 1323 1287 1269 846 423 402 822 411 378 267 111 42 120 375 411 231 75 81 69 147 90 84 45 285 156 135 234 60 180 150 54 102 63 210 195 102 93 48 117
is_linear=0
shrinkage=0.08


Tree=45
num_leaves=45
num_cat=0
split_feature=34 37 37 33 4 10 35 16 37 22 31 18 22 8 33 34 32 0 3 31 16 18 5 20 15 4 7 30 37 9 5 15 37 34 34 33 18 37 18 31 33 30 29 15
split_gain=0.797284 11.6071 0.100961 0.623291 0.080402 0.0340335 0.0181912 0.0368633 0.0261519 0.0490104 0.0210326 0.018648 0.0276732 0.0135327 0.0123537 0.0287747 0.0172638 0.0119548 0.0103972 0.00930136 0.0113638 0.00994132 0.00869133 0.011335 0.010706 0.00778268 0.00766667 0.00624349 0.00613971 0.00557287 0.0105624 0.00496829 0.00489069 0.00518555 0.00503472 0.00387835 0.00558767 0.00380836 0.00371521 0.00359415 0.00351635 0.00338319 0.00331736 0.00273586
threshold=1.0000000180025095e-35 9.7850000000000019 16.565000000000001 0.50000000000000011 17.955000000000002 9.8950000000000014 1.5000000000000002 6.8350000000000017 14.160000000000002 72.800000000000011 1.0000000180025095e-35 12.900000000000002 39.100000000000016 11.655000000000001 3.3000000000000003 23.700000000000006 0.70000000000000007 16.375000000000004 16.805000000000003 2.5000000000000004 7.0000000000000018 0.50000000000000011 12.049615384615388 2.7000000000000006 3.0700000000000007 17.310000000000006 10.145000000000001 1.5000000000000002 13.710000000000003 11.285000000000002 11.992692307692311 2.5050000000000003 5.0400000000000009 10.500000000000005 6.7000000000000037 1.7000000000000004 0.90000000000000013 9.8850000000000033 0.90000000000000013 3.3000000000000003 1.0000000000000002 0.50000000000000011 7.1000000000000005 3.1650000000000005
decision_type=2 2 2 2 2 2 2 2 2 2 2 2 2 2 2 2 2 2 2 2 2 2 2 2 2 2 2 2 2 2 2 2 2 2 2 2 2 2 2 2 2 2 2 2
left_child=1 -1 4 -4 6 18 7 14 9 26 17 12 13 19 15 -2 -16 -8 -5 21 27 41 23 24 -18 -20 28 -21 31 43 -31 32 33 -9 -34 38 -37 -36 40 -10 -17 -12 -14 -27
right_child=2 -3 3 5 -6 -7 10 8 39 -11 11 -13 42 -15 16 35 22 -19 25 20 -22 -23 -24 -25 -26 29 -28 -29 -30 30 -32 -33 34 -35 37 36 -38 -39 -40 -41 -42 -43 -44 -45
leaf_value=0.020029110084391306 0.0025072874038074263 -0.03959918248347747 0.01409217677389582 0.0015783910632931762 -0.0023545814645879065 0.0033594720775172826 -9.2718091068996327e-05 0.0021275946615194833 -0.0010353363739947479 0.0045654283795091843 0.00041309356769053348 -0.0014265839668047248 0.0018043177931481957 0.00086977275117085533 -0.001876284960243437 0.00076039557334124338 0.00010018600606020879 -0.001985504048211234 -0.0013411794307952127 -0.0010509603545069694 -0.0013026466193622438 0.0011925255441057839 -0.0013493913241739695 -0.00052513259558220095 0.0013979259412735701 0.001270492016337812 0.0023988804190109175 -3.7694401301754023e-05 0.0021434077814531825 -0.0014976871572434903 0.00084161701917071787 0.0016144998386568791 -0.00017249187057906832 0.00055968708945093332 0.0010123301935770239 -9.6070124330281307e-05 0.0013761181033932549 7.4858874894487553e-05 -0.00055849534548571458 0.00014538152305635087 -0.00034313652410425925 -0.00037644478067624986 0.00087242274234692262 2.0152336274761532e-05
leaf_weight=45 39 39 24 21 81 21 36 27 33 27 58.5 49.5 58.5 97.5 36 42 165 52.5 36 45 69 57 30 129 54 24 24 288 24 30 21 42 54 27 96 33 33 39 63 33 33 85.5 42 21
leaf_count=36 24 30 24 21 36 21 27 27 33 21 36 36 36 39 24 27 105 21 36 18 33 39 15 78 27 24 12 117 24 30 21 27 42 27 57 21 21 36 42 33 21 36 24 21
internal_value=1.56333e-11 -0.00765545 0.000279469 0.00200648 0.000116869 0.000339489 0.000215873 0.000439307 0.00101894 0.00128732 -4.18248e-05 8.03097e-05 0.000173432 -4.67534e-06 6.34738e-05 0.00051627 -0.000202298 -0.00121556 -7.50189e-05 -0.000146066 -0.000368238 0.000298278 -4.28708e-05 6.97603e-05 0.000420177 -0.000338061 0.00102153 -0.000174622 0.00091455 3.81078e-05 -0.000534444 0.000811067 0.000672203 0.00134364 0.000480363 0.000135635 0.000640024 0.000741505 -0.000105595 -0.000444977 0.000274841 -5.56948e-05 0.00141487 0.000687
internal_weight=2385 84 2301 198 2103 174 2022 1083 426 360 939 850.5 801 700.5 657 243 414 88.5 153 603 402 201 378 348 219 132 333 333 309 96 51 285 243 54 189 204 66 135 138 66 75 144 100.5 45
internal_count=1506 66 1440 198 1242 174 1206 744 339 273 462 414 378 318 405 156 249 48 153 279 168 111 225 210 132 132 252 135 240 96 51 216 189 54 135 132 42 93 90 66 48 72 60 45
is_linear=0
shrinkage=0.08


Tree=46
num_leaves=45
num_cat=0
split_feature=34 36 0 33 37 11 11 36 12 12 32 36 31 0 37 37 0 37 37 0 0 19 17 37 8 0 12 29 37 34 32 37 35 16 0 19 3 15 37 33 28 19 3 1
split_gain=0.674821 11.0184 30.4412 0.0857638 0.348525 0.0539173 0.0164865 0.0191661 0.0346599 0.0295456 0.0306608 0.0185302 0.0337496 0.00986369 0.0137566 0.0396631 0.0134411 0.0161485 0.0234782 0.028323 0.0168851 0.0131145 0.00896901 0.0111299 0.00805569 0.00671484 0.00562984 0.00597486 0.00526865 0.00564842 0.00440857 0.00356306 0.00637206 0.00883435 0.00838207 0.00828295 0.00802814 0.0034063 0.0033773 0.00670744 0.00479996 0.00239545 0.00348188 0.00317014
threshold=1.0000000180025095e-35 1.5000000000000002 16.415000000000003 1.0000000180025095e-35 13.955000000000002 9.9550000000000018 9.9350000000000005 1.5000000000000002 9.8550000000000022 9.7700000000000014 1.0000000180025095e-35 2.5000000000000004 1.0000000180025095e-35 15.625000000000002 8.5250000000000004 5.6350000000000007 16.590000000000003 8.7750000000000004 11.911538461538465 17.680000000000003 17.775000000000002 4.7000000000000002 3.7000000000000006 16.115000000000006 9.9800000000000022 17.860000000000003 7.4400000000000004 0.3000000000000001 13.265000000000002 66.100000000000009 0.70000000000000007 12.915000000000001 1.5000000000000002 6.8650000000000011 14.875000000000002 8.9000000000000021 15.995000000000003 2.0249999999999999 11.575000000000001 2.5000000000000004 27.699999999999999 7.6000000000000005 16.455000000000002 16.185000000000006
decision_type=2 2 2 2 2 2 2 2 2 2 2 2 2 2 2 2 2 2 2 2 2 2 2 2 2 2 2 2 2 2 2 2 2 2 2 2 2 2 2 2 2 2 2 2
left_child=1 -1 -3 4 30 6 7 9 11 10 -5 26 -13 14 15 21 22 -18 19 -19 -20 -14 23 24 -15 28 31 -28 41 -30 37 32 33 -9 -35 36 -34 -2 40 -40 -29 42 43 -12
right_child=3 2 -4 5 -6 -7 -8 8 -10 -11 25 12 13 16 -16 -17 17 18 20 -21 -22 -23 -24 -25 -26 -27 27 38 29 -31 -32 -33 35 34 -36 -37 -38 -39 39 -41 -42 -43 -44 -45
leaf_value=0.033932557191167556 0.00093983721680557122 0.027379341828326385 -0.090888666464732246 -0.0023239363816877209 0.0098153584763252498 -0.0021283051021622891 0.0019681979411027648 6.8144706687342166e-05 -0.0018696300916119732 0.0019714251765376562 0.00017558033169125733 0.0027002930925181597 0.0017843905500345061 -0.00017587282362940352 0.00014281355993861849 0.0048248829040676358 -0.00025239663262819424 0.00084808649159260566 0.0012616721303625542 0.0032963189878025836 -0.0012436184910539951 -0.00084069102736456056 0.00075504462888910742 0.0010286979924020326 -0.0014520737252853536 -0.00095731303319027117 -0.00079745318371156034 -0.000330526610571716 -0.00027451626036227459 -0.0017144924717616627 -0.00041392516300436998 -0.00012310187771442561 0.0013194519183479059 0.00093238521011217547 0.0029652001176561629 -0.0011276632212862676 -0.00051702413856983187 -9.2019566615659084e-05 0.0015918181437999011 7.8717838848630585e-05 0.00039481719982411179 -0.00041950599630721487 -8.7079845495154504e-05 0.00094128360162780748
leaf_weight=28 58.5 30 26 45 30 66 33 34 44 38.5 115 50.5 29 76.5 47 21 72.5 79 33 49 36 21 60.5 29 54 60.5 60.5 175.5 84 22 42 57 39 34 21 24.5 25 31.5 25 75 87.5 58.5 207 49.5
leaf_count=22 36 30 14 30 30 36 18 17 24 21 81 33 29 34 42 19 29 38 33 21 26 21 33 29 24 33 33 78 84 22 27 57 33 34 12 17 10 24 23 60 37 38 92 22
internal_value=2.00986e-11 -0.00704302 -0.0275308 0.000257111 0.00203184 0.0001227 0.000194368 0.000165673 0.000339064 -0.000181109 -0.000310295 0.000412911 0.000713105 0.000547915 0.00120447 0.00190726 0.000389644 0.000768403 0.00114408 0.0017853 -4.5436e-05 0.000681856 -7.43355e-05 -0.000388928 -0.000703956 -0.000158386 0.000112718 -6.1411e-05 -6.82081e-05 -0.000573379 0.000262856 0.000427188 0.000603901 0.00108188 0.00170855 0.000123223 0.000602078 0.000578687 6.12627e-05 0.000456993 -8.9205e-05 5.63224e-05 0.000131251 0.00040599
internal_weight=2385 84 56 2301 162 2139 2073 2040 1360 680 641.5 1316 658 607.5 118 71 489.5 269.5 197 128 69 50 220 159.5 130.5 596.5 658 423.5 536 106 132 234.5 177.5 89 55 88.5 64 90 363 100 263 430 371.5 164.5
internal_count=1506 66 44 1440 117 1323 1287 1269 846 423 402 822 411 378 111 69 267 147 118 59 59 50 120 87 58 372 411 231 339 106 87 180 123 63 46 60 43 60 198 83 115 233 195 103
is_linear=0
shrinkage=0.08


Tree=47
num_leaves=45
num_cat=0
split_feature=34 35 0 33 35 11 11 36 13 12 36 30 33 10 0 21 15 34 0 1 12 4 12 19 0 22 35 34 27 35 35 16 14 30 15 16 25 35 34 19 35 35 16 0
split_gain=0.571169 9.52572 13.3404 0.0725904 0.237849 0.0456356 0.0139541 0.0162222 0.0395657 0.0293361 0.0156839 0.0172659 0.0130973 0.0122775 0.0427243 0.00952185 0.00794616 0.012462 0.0123912 0.00732155 0.0047651 0.00849258 0.00867811 0.00419767 0.00398717 0.00846212 0.00371532 0.00331689 0.003186 0.0230351 0.00737769 0.0167367 0.00592234 0.00268128 0.00265202 0.00260932 0.00253287 0.0024281 0.00624476 0.00601517 0.00236963 0.00515829 0.0074474 0.0071862
threshold=1.0000000180025095e-35 1.5000000000000002 16.415000000000003 1.0000000180025095e-35 1.0000000180025095e-35 9.9550000000000018 9.9350000000000005 1.5000000000000002 9.7700000000000014 9.8550000000000022 2.5000000000000004 0.50000000000000011 1.7000000000000004 7.8500000000000005 16.425000000000004 3.3000000000000003 2.2350000000000008 29.400000000000002 16.590000000000003 17.875000000000004 7.4400000000000004 16.475000000000005 7.8800000000000008 1.0000000180025095e-35 15.625000000000002 68.500000000000014 1.5000000000000002 17.700000000000006 5.4000000000000012 1.5000000000000002 1.5000000000000002 6.7500000000000018 7.7950000000000008 0.70000000000000007 2.100000000000001 6.1050000000000013 5.4000000000000012 1.5000000000000002 63.300000000000004 3.3000000000000003 1.0000000180025095e-35 1.5000000000000002 6.8650000000000011 14.875000000000002
decision_type=2 2 2 2 2 2 2 2 2 2 2 2 2 2 2 2 2 2 2 2 2 2 2 2 2 2 2 2 2 2 2 2 2 2 2 2 2 2 2 2 2 2 2 2
left_child=1 2 -1 4 -2 6 7 8 13 10 20 12 -12 23 -15 -14 18 -18 26 -16 40 22 -22 -5 25 -19 27 -13 30 -30 31 32 -26 -23 -6 -35 37 38 -25 -39 -9 42 -42 -44
right_child=3 -3 -4 5 34 -7 -8 9 -10 -11 11 16 15 14 19 -17 17 24 -20 -21 21 33 -24 36 28 -27 -28 -29 29 -31 -32 -33 -34 35 -36 -37 -38 39 -40 -41 41 -43 43 -45
leaf_value=0.0090054463619987177 0.0073131072554641812 0.02966437119245529 -0.071015794326861698 0.0007199993044915763 0.00042535588491516999 -0.0019580403737949606 0.0018107421933249992 -4.0678570706707735e-05 0.0023243166312768861 -0.0017200594767928124 0.00030109802072512964 -0.00079398421993987129 0.0031197161796813213 -0.0029966564565388995 -5.8669713168562234e-05 0.0011699765366834723 0.0026417383886873725 0.0022149636918954827 0.0012351883088492534 -0.0011052737527272919 -0.00017683339521589906 0.00081296466097429201 -0.0015923206535373609 -0.00011683782543210933 -0.00046432723038985081 0.00015040594570261116 -0.00077619481096736901 0.00035184100167215111 -0.00029746386940435817 0.00230195074994117 -0.00020150699359006608 0.0021759853904303682 0.00092787263392837664 0.00042865768254281365 -0.00034586240899645617 -0.00010710856642924829 0.0006284643945876847 0.00067039211304524007 -0.0013187839996867945 -0.00051518236910833893 6.2693131895845433e-05 0.00011336554873124355 0.00081129875935373767 0.0027279840955244643
leaf_weight=30 39 30 24 45.5 78 66 33 60 38.5 44 31.5 22 37.5 44 192.5 28 20 27 44 55 99 38.5 38.5 132 48 24 60.5 61 48 40 97.5 36 33 93.5 45 154 27.5 58.5 35 51.5 34 88.5 31 21
leaf_count=30 39 21 15 33 48 36 18 60 21 24 24 20 24 24 105 18 15 24 24 30 54 21 21 104 32 21 32 44 32 16 39 24 22 51 30 84 15 33 26 32 17 60 31 12
internal_value=-2.3161e-11 -0.00647958 -0.0265595 0.000236543 0.00186929 0.000112884 0.000178818 0.000152419 -0.00016662 0.000311939 0.000379878 0.000656057 0.00164158 -0.000316116 -0.000699612 0.00228624 0.000485654 0.00069898 6.07101e-05 -0.000291248 0.0001037 -5.64981e-05 -0.00057317 3.28215e-06 0.000589064 0.00124341 -0.000299409 4.81283e-05 0.000478745 0.000884088 0.00031245 0.000740748 0.000102865 0.000191902 0.000143203 9.5292e-05 -0.000103814 -0.000176513 -0.000368743 0.000115328 0.000393013 0.000542134 0.000983366 0.00158534
internal_weight=2385 84 54 2301 162 2139 2073 2040 680 1360 1316 658 97 641.5 291.5 65.5 561 373.5 187.5 247.5 658 423.5 137.5 350 353.5 51 143.5 83 302.5 88 214.5 117 81 286 123 247.5 304.5 277 167 110 234.5 174.5 86 52
internal_count=1506 66 45 1440 117 1323 1287 1269 423 846 822 411 66 402 159 42 345 225 120 135 411 231 75 243 210 45 96 64 165 48 117 78 54 156 78 135 210 195 130 65 180 120 60 43
is_linear=0
shrinkage=0.08


Tree=48
num_leaves=45
num_cat=0
split_feature=34 2 0 33 35 16 35 32 10 35 16 22 21 0 22 16 16 32 33 29 33 15 26 16 33 0 35 1 21 20 15 16 21 33 21 17 15 22 21 16 0 32 0 32
split_gain=0.483437 8.30936 1.04618 0.0614405 0.201315 0.0394327 0.203488 0.193691 0.0332762 0.0125813 0.0297709 0.0182894 0.0160876 0.0175009 0.0197948 0.0161563 0.0142611 0.0237824 0.0129881 0.0295535 0.0144635 0.0122195 0.0103333 0.0076938 0.00759341 0.0434813 0.0107113 0.0110374 0.00736798 0.00645985 0.00843596 0.00557892 0.00482488 0.00444384 0.00696003 0.00438938 0.00358472 0.00349196 0.00340598 0.00353975 0.00340153 0.00314203 0.00301087 0.00265766
threshold=1.0000000180025095e-35 16.415000000000003 11.984999656677248 1.0000000180025095e-35 1.0000000180025095e-35 5.9461538461538463 1.5000000000000002 17.600000000000005 9.9550000000000018 1.5000000000000002 6.8000000000000025 91.600000000000009 3.0000000000000004 14.695000000000002 36.70000000000001 6.0057692307692303 7.575000000000002 1.3 3.3000000000000003 1.0000000000000002 3.7000000000000006 2.1715384615384621 2.8000000000000003 7.0000000000000018 0.3000000000000001 14.390000000000002 1.0000000180025095e-35 17.220000000000002 10.000000000000002 2.7000000000000006 2.2850000000000006 6.7250000000000023 1.3 10.300000000000002 2.1000000000000005 5.9000000000000012 1.7299999999999995 9.8000000000000025 2.3000000000000003 7.1300000000000008 16.920000000000005 0.70000000000000007 13.645000000000001 3.5000000000000004
decision_type=2 2 2 2 2 2 2 2 2 2 2 2 2 2 2 2 2 2 2 2 2 2 2 2 2 2 2 2 2 2 2 2 2 2 2 2 2 2 2 2 2 2 2 2
left_child=1 2 -1 4 -2 6 7 -5 9 10 18 22 15 -14 -15 -11 17 -17 19 -7 -20 -18 24 43 25 -12 27 35 -16 30 36 32 -21 34 40 38 -22 -34 39 -26 -28 -6 -36 -19
right_child=3 -3 -4 5 41 8 -8 -9 -10 12 11 -13 13 14 28 16 21 23 20 31 29 -23 -24 -25 26 -27 33 -29 -30 -31 -32 -33 37 -35 42 -37 -38 -39 -40 -41 -42 -43 -44 -45
leaf_value=0.0024859756893581813 0.0067280587105032728 -0.043541626351384019 0.024629339055920189 -0.0082522053897587794 0.00040725507445694395 0.0025712073496025468 0.0022053144021580619 4.6468220211358537e-05 0.0022404227172485506 0.0017731233172946506 -0.00034819841152057053 0.0027438769284635783 -0.0011280009002448657 6.198174852345672e-05 0.00085384541287504394 -0.0016994839426009887 -0.00015525693742794887 0.00025558628689384823 -0.0016299638661245505 0.00090990864930467477 3.3504654089977713e-05 0.00233607679605484 0.0022068509811328518 -0.0011324600566130802 -0.0006784930421660344 0.0040478273876942694 -3.1681224229234637e-05 -0.0018089437471436604 0.0022913511850250266 -0.00054386968488365206 0.00062501765023439363 -0.00081372284045856864 -0.00055895826448169015 6.3533920508164623e-05 0.00099021778946431971 -0.00057336200548778634 -0.0008079781410870729 0.00031998559602616745 0.0011420142074877566 0.00079037055240145746 0.00099703331671965618 -0.00046165621624543119 0.0021470080522057186 -0.00026322585080197316
leaf_weight=36 39 26 22 36 84 36 60 36 49.5 22.5 36 30 39 126 43.5 93 31.5 82.5 45 54 81 21 27 58.5 21 24 36 21 48 144 117 36 45 39 24 33 54 81 33 21 48 39 36 270
leaf_count=36 39 14 16 24 54 24 24 24 27 9 36 24 39 54 21 39 27 33 30 36 54 21 18 27 21 18 24 21 30 96 78 24 30 24 24 33 36 54 33 21 24 24 33 108
internal_value=5.58232e-12 -0.00596121 0.0108852 0.000217619 0.00171975 0.000103853 -0.00123551 -0.00410287 0.000191943 0.000140143 0.000315159 0.000838913 -9.4888e-05 0.000432533 0.000712353 -0.000328538 -0.000413511 -0.000544218 -9.06965e-06 0.000449088 -0.000270874 0.000841277 0.000695682 -0.000282808 0.000586001 0.00141021 0.000427499 -0.000130797 0.00160795 -0.000116432 0.000127818 9.54016e-05 0.000277227 0.000821051 0.00102621 0.000195509 -0.000303088 6.07707e-06 0.000533812 5.59388e-05 0.000556156 0.000131747 0.00168429 -0.000141802
internal_weight=2385 84 58 2301 162 2139 132 72 2007 1957.5 1122 429 835.5 256.5 217.5 579 556.5 504 693 252 441 52.5 399 411 372 60 312 129 91.5 396 252 216 180 183 144 108 135 126 75 42 84 123 60 352.5
internal_count=1506 66 52 1440 117 1323 72 48 1251 1224 816 354 408 144 105 264 255 207 462 168 294 48 330 168 312 54 258 129 51 264 168 144 120 129 105 108 90 84 75 42 48 78 57 141
is_linear=0
shrinkage=0.08


Tree=49
num_leaves=45
num_cat=0
split_feature=37 34 34 35 33 37 11 11 32 14 37 34 37 33 17 35 17 33 1 16 4 5 32 28 24 32 33 31 21 31 32 33 32 1 31 21 11 1 21 13 13 31 31 31
split_gain=0.530791 10.5078 1.22092 2.36231 0.353707 0.0756925 0.938245 0.11656 0.0526087 0.0255296 0.0208557 0.0118112 0.0136055 0.010153 0.00832086 0.0227719 0.00819031 0.0092579 0.00847725 0.00799684 0.0105901 0.00665974 0.00598524 0.00533382 0.00522856 0.00455846 0.00433429 0.00691755 0.011416 0.0065548 0.00531751 0.0049025 0.004212 0.00420262 0.0035756 0.00348287 0.00522717 0.00428137 0.00254233 0.00232738 0.00414549 0.00215361 0.00209916 0.00209737
threshold=16.415000000000003 8.2000000000000046 1.0000000180025095e-35 1.5000000000000002 0.50000000000000011 11.703076923076924 9.8550000000000022 9.8950000000000014 0.70000000000000007 7.4800000000000013 11.911538461538465 6.0000000000000044 7.4400000000000004 12.100000000000001 13.900000000000002 1.5000000000000002 1.9000000000000001 5.7000000000000002 16.155000000000005 6.0057692307692303 16.455000000000002 9.8850000000000033 12.800000000000002 14.300000000000001 4.4000000000000012 0.3000000000000001 0.50000000000000011 1.5000000000000002 2.1000000000000005 0.3000000000000001 0.70000000000000007 1.0000000000000002 1.0000000000000002 14.640000000000002 6.5000000000000009 1.1000000000000003 8.3600000000000012 17.680000000000003 13.900000000000002 7.7950000000000008 7.8650000000000011 11.100000000000001 7.5000000000000009 0.70000000000000007
decision_type=2 2 2 2 2 2 2 2 2 2 2 2 2 2 2 2 2 2 2 2 2 2 2 2 2 2 2 2 2 2 2 2 2 2 2 2 2 2 2 2 2 2 2 2
left_child=2 -2 3 -1 -3 7 10 9 -6 14 -7 -11 -13 21 22 -16 17 18 43 -10 -21 25 26 -15 39 -14 30 28 -28 -30 -4 -29 -18 -33 -19 36 -22 42 -34 -23 -41 -27 -38 -12
right_child=1 4 5 -5 8 6 -8 -9 19 11 16 12 13 23 15 -17 32 34 -20 20 35 24 -24 -25 -26 41 27 31 29 -31 -32 33 38 -35 -36 -37 37 -39 -40 40 -42 -43 -44 -45
leaf_value=-0.00076965501531958583 -0.057658608706579323 0.011321337599129904 0.00062387318942152582 0.02784735514720281 0.0042406829978738512 0.0023756881236719589 -0.016300173397175967 0.0030580291356891395 0.0012230133974614242 -0.0011789142448731043 0.0008836682593337847 -0.0015741347064574559 0.00069276062187014354 1.9769513203452032e-05 0.0026405489373092467 -4.4021625515250935e-05 -0.0012177341986846712 0.00012436438662310443 0.0021644657621315371 0.0014771027410668985 -0.0018447458664221422 -0.0010184841143588224 -0.00053726916157063984 0.0010073558303217093 8.8348925340965041e-05 -0.00012502544966651595 -0.00038083928185241186 0.0013725220046022482 0.0010402275939275952 0.0025011643391723432 -0.00051223736503121686 -0.00053559213301115156 -0.00049063993549810093 0.00039133997248670015 -0.00094435051573038282 0.00010488996582959468 -0.00049832177296694786 -0.0013716547031487739 0.00052576162187116483 0.00014658559639765708 -0.00068019889899111096 0.00046670583186931506 0.00052995468771162757 -8.8234648729364088e-05
leaf_weight=48 21 21 48 30 21 24 24 90 30 67.5 27 37.5 67.5 60 39 42 42 51 24 21 21 60 42 84 105 256.5 25.5 28.5 57 30 58.5 36 63 240 33 48 27 21 21 54 138 46.5 24 30
leaf_count=39 21 21 48 21 21 12 12 39 30 30 27 15 30 27 33 33 42 33 24 21 21 27 24 36 45 114 18 18 42 24 48 36 63 114 21 48 27 21 21 24 60 21 24 30
internal_value=1.88483e-11 -0.00344927 0.000412941 0.0102369 0.00141567 3.95161e-05 -0.0010527 0.000255663 0.000439054 0.000100264 0.000109018 -0.000157904 -8.20859e-05 -1.78842e-05 0.00049021 0.00124855 -7.79243e-05 0.000292959 0.0009032 2.32505e-05 -0.000198928 -0.000139368 0.000381589 0.000595862 -0.00038595 9.82298e-05 0.000455308 0.000571639 0.0011077 0.001544 -1.87538e-07 0.000373587 -0.000563604 0.000270436 -0.000295488 -0.000448549 -0.000734196 -0.000410285 -0.00023654 -0.000583575 -0.000447666 -3.42152e-05 -1.4427e-05 0.00037214
internal_weight=2385 255 2130 78 234 2052 339 1713 213 1623 315 976.5 909 871.5 646.5 81 291 165 81 192 162 727.5 565.5 144 357 370.5 523.5 417 112.5 87 106.5 304.5 126 276 84 141 93 72 84 252 192 303 51 57
internal_count=1506 255 1251 60 234 1191 285 906 213 867 273 429 399 384 438 66 261 135 81 192 162 321 372 63 156 165 348 252 84 66 96 168 126 150 54 141 93 72 84 111 84 135 51 57
is_linear=0
shrinkage=0.08


Tree=50
num_leaves=45
num_cat=0
split_feature=34 36 0 37 33 16 35 13 10 8 36 13 32 16 35 37 0 32 21 0 16 0 21 27 29 17 14 10 31 5 36 21 33 32 37 19 22 33 33 21 37 0 32 23
split_gain=0.476018 9.42589 8.9778 0.104746 0.40595 0.0576253 0.292181 0.0329171 0.0201073 0.0146602 0.0138108 0.0309995 0.019195 0.0412789 0.0165997 0.0218162 0.0310102 0.0221976 0.0182943 0.0163497 0.0124686 0.0148501 0.017117 0.0117685 0.0111402 0.010891 0.00973613 0.00760641 0.00729059 0.0069894 0.00668988 0.00454658 0.00421768 0.00440638 0.0039187 0.00540566 0.00379752 0.00332533 0.00385279 0.00309212 0.00306709 0.00316032 0.00301696 0.00292091
threshold=1.0000000180025095e-35 2.5000000000000004 16.415000000000003 16.565000000000001 0.50000000000000011 5.9461538461538463 1.5000000000000002 9.7700000000000014 9.9450000000000021 9.9200000000000017 1.5000000000000002 9.8000000000000025 1.0000000180025095e-35 7.1300000000000008 1.5000000000000002 8.5250000000000004 14.695000000000002 1.0000000180025095e-35 3.0000000000000004 16.860000000000003 6.0700000000000012 14.640000000000002 1.3 4.1000000000000005 3.7000000000000006 0.50000000000000011 9.5600000000000005 9.0900000000000016 4.6000000000000005 11.992692307692311 2.5000000000000004 1.7000000000000004 1.0000000180025095e-35 3.1000000000000005 5.535000000000001 4.7000000000000002 33.000000000000007 4.6000000000000005 1.7000000000000004 0.50000000000000011 13.265000000000002 16.195000000000004 6.3000000000000016 8.7000000000000011
decision_type=2 2 2 2 2 2 2 2 2 2 2 2 2 2 2 2 2 2 2 2 2 2 2 2 2 2 2 2 2 2 2 2 2 2 2 2 2 2 2 2 2 2 2 2
left_child=1 2 -1 5 -5 6 -2 9 10 -6 12 14 13 -7 15 16 39 -17 20 32 -16 25 37 -21 30 -22 27 34 -26 31 -20 43 -19 36 35 -14 -34 38 -23 -12 -36 -42 -39 -11
right_child=3 -3 -4 4 7 8 -8 -9 -10 29 11 -13 26 -15 18 17 -18 19 24 23 21 22 -24 -25 28 -27 -28 -29 -30 -31 -32 -33 33 -35 40 -37 -38 42 -40 -41 41 -43 -44 -45
leaf_value=-0.016785799014071623 -0.0064017384266480803 -0.04381417698093823 0.047441786390084485 0.011728578868011635 0.0017735704301028617 -0.0035941978375757895 0.001972239845742782 0.0029041754248354474 0.0016704490753235641 -0.00060440575600498249 0.00032760228519951594 -0.0014745574246441562 -0.00011888717133034435 0.00056852291648586595 0.00083769046667624613 0.0020451842391863463 0.0045507040992379191 0.00090115363356744636 0.00068150619262611711 0.0017397592458615286 -0.00040625899564474823 -0.00053787927845349681 -0.0019648067849986958 0.00024880834571376907 0.00098461820523401624 0.0021731608394872058 0.0010177319206184511 -0.0012780239867667357 -0.00045103453166250678 0.0010186247719407436 0.0021728703839244781 0.00010658164237005017 -0.00014450953729279643 0.00016205163488588629 0.0001008226680556714 -0.0017592576788738371 -0.0010694985340815037 -0.0011189739497547801 0.0003331569335781611 0.0014129364749948894 -0.00013857398232953116 -0.0012922170711681248 -0.000281042546372522 -0.0017916112588275046
leaf_weight=30 48 28 26 24 27 31 60 33 54 36 28 63 36 30 55 50 20 32 38.5 72 20 65 53 64 38 22 49.5 36 56 21 38.5 36 98 224 368.5 20 40 55 65 42 55 21 55 21
leaf_count=30 24 22 14 24 27 16 24 33 24 36 28 28 36 25 22 36 16 22 25 36 20 26 26 32 20 22 22 16 26 21 25 36 72 156 179 20 30 22 26 42 55 21 22 21
internal_value=-3.34233e-11 -0.00591529 0.0130342 0.000215943 0.00197503 5.03227e-05 -0.00174953 0.000629712 0.000147758 9.73902e-05 0.000105396 0.00025629 -0.000196392 -0.00154696 0.000344871 0.000613687 0.00177256 0.000433862 2.38249e-05 0.000281851 -0.00027868 -0.000461965 -0.000663627 0.00103814 0.000713749 0.000944866 -5.58041e-05 -0.000154854 0.000129336 -0.0002996 0.00142719 -0.000597263 2.07985e-05 -5.7023e-05 -7.40661e-05 -0.000704734 -0.000412622 -0.000376283 -0.000102361 0.000978803 5.38813e-06 -0.000457344 -0.000700008 -0.0010418
internal_weight=2385 84 56 2301 198 2103 108 174 1995 141 1941 1294 647 61 1231 670 90 580 561 530 390 335 293 136 171 42 586 536.5 94 114 77 93 394 362 500.5 56 138 240 130 70 444.5 76 110 57
internal_count=1506 66 44 1440 198 1242 48 174 1194 141 1170 780 390 41 752 470 86 384 282 348 186 164 122 68 96 42 349 327 46 114 50 93 280 258 311 56 102 96 52 70 255 76 44 57
is_linear=0
shrinkage=0.08


Tree=51
num_leaves=45
num_cat=0
split_feature=37 33 34 35 32 11 33 14 34 14 34 37 36 37 33 37 29 16 37 37 37 37 35 32 16 31 32 30 4 31 36 15 5 34 17 37 20 33 33 1 5 29 35 36
split_gain=0.492517 9.68862 1.1743 1.93495 0.680934 0.0668973 0.0232164 0.0236583 0.012082 0.00714991 0.0157403 0.0131575 0.0165969 0.0130396 0.0169504 0.0154346 0.0353481 0.0252237 0.0104021 0.00731989 0.0122453 0.00841365 0.00685855 0.0138647 0.00704423 0.00593248 0.00771362 0.0055131 0.00536644 0.00432516 0.00426124 0.0125044 0.0040989 0.00400942 0.00372478 0.00442595 0.00918445 0.0032537 0.00322163 0.00317298 0.00314866 0.00306179 0.0035581 0.00281011
threshold=16.415000000000003 0.3000000000000001 1.0000000180025095e-35 1.5000000000000002 0.50000000000000011 9.9550000000000018 3.1000000000000005 9.1850000000000005 35.100000000000009 7.4800000000000013 6.0000000000000044 14.240000000000002 2.5000000000000004 11.802307692307695 5.7000000000000002 10.085000000000003 4.6000000000000005 6.0057692307692303 7.4400000000000004 2.2750000000000004 2.5300000000000007 3.0500000000000003 1.5000000000000002 0.50000000000000011 7.0000000000000018 3.9000000000000004 3.3000000000000003 3.5000000000000004 16.455000000000002 0.50000000000000011 2.5000000000000004 1.6099999999999997 11.992692307692311 45.000000000000007 13.900000000000002 4.3200000000000012 5.0000000000000009 12.100000000000001 2.1000000000000005 14.875000000000002 9.8850000000000033 6.3000000000000016 1.5000000000000002 2.5000000000000004
decision_type=2 2 2 2 2 2 2 2 2 2 2 2 2 2 2 2 2 2 2 2 2 2 2 2 2 2 2 2 2 2 2 2 2 2 2 2 2 2 2 2 2 2 2 2
left_child=2 -2 3 -1 -3 9 8 28 -6 11 -11 12 34 15 -15 17 -17 -12 -19 -14 -21 -22 23 -20 40 26 29 30 -8 -23 31 -24 -30 -13 35 36 38 43 -4 -36 -25 42 -27 -29
right_child=1 4 5 -5 6 -7 7 -9 -10 10 13 33 19 14 -16 16 -18 18 22 20 21 25 27 24 -26 41 -28 37 32 -31 -32 -33 -34 -35 39 -37 -38 -39 -40 -41 -42 -43 -44 -45
leaf_value=7.0986418771402295e-05 -0.054070408235896712 0.014537087391414072 -0.0003871791360951546 0.025970451794564725 -0.0028919608438653607 -0.0027469250394238365 0.001319317484185809 0.0030305990071168971 -0.0004373145839340533 -0.0011544617581605709 0.0013997348384423688 -0.00081300001056795876 -0.0038602496683597565 0.0020048536472798638 7.9631759723027554e-05 -0.0027592740815487651 0.00020957609575072476 -0.0013712719589471817 0.0014600042424475154 0.0053887134417891502 -0.00078898047343553871 0.0015541544323166212 -0.00012780717515852301 4.9607900412714415e-05 0.0009636099086630912 0.00037293997560886461 0.0023769225638646347 0.00011496442598789664 -0.00030030716245653492 0.00028798237530281768 1.2282521636397751e-05 -0.0016947829100218688 0.00093713478983512943 0.00020168194961216714 0.0013584775464343174 0.00018889004967767402 -0.0017819031343484918 0.00061216488303173151 0.00084161442111838948 0.0001311663158524495 -0.00066017094595978659 2.3167121091059279e-05 0.0014977072044793103 -0.00050583031613911898
leaf_weight=48 22 23 36 30 21 54 21 21 33 73.5 82.5 81 1.9999999999999989 48 75 42 66 37.5 54 3.9999999999999991 17 37.5 80 120 42 36 39 140 93 32 67.5 55 21 36 28 341 24 52.5 22 26 60 35 36 70
leaf_count=39 22 23 36 21 21 24 21 21 33 36 33 81 2 39 42 21 33 15 27 4 17 34 32 60 21 22 26 56 93 26 27 22 21 36 28 212 24 21 22 16 30 20 18 28
internal_value=-9.82453e-13 -0.00332258 0.000397774 0.0100323 0.00146906 3.15488e-05 3.7795e-05 0.000532689 -0.0013919 0.000106643 -2.12596e-05 0.000285706 0.000414315 5.50136e-05 0.000830938 -4.34784e-05 -0.000944977 6.96016e-05 -7.13567e-05 0.000959212 0.000999968 0.000924463 -5.57149e-06 0.000310343 3.06951e-05 0.00105963 0.00147646 -0.000193082 0.000144125 0.000971169 -0.000506709 -0.000766205 -7.23573e-05 -0.00050079 0.000141867 6.19927e-05 -0.000465715 4.88593e-05 7.8915e-05 0.00076755 -0.000186985 0.000636955 0.000935324 -9.19672e-05
internal_weight=2385 255 2130 78 233 2052 210 156 54 1998 1165.5 832.5 715.5 1092 123 969 108 861 778.5 238.5 236.5 232.5 741 276 222 215.5 108.5 465 135 69.5 202.5 135 114 117 477 423 82 262.5 58 54 180 107 72 210
internal_count=1506 255 1251 60 233 1191 210 156 54 1167 543 624 507 507 81 426 54 372 339 169 167 163 324 138 111 146 86 186 135 60 81 54 114 117 338 294 82 105 58 44 90 60 40 84
is_linear=0
shrinkage=0.08


Tree=52
num_leaves=45
num_cat=0
split_feature=34 2 37 37 33 11 16 0 27 12 34 37 34 37 37 29 30 37 15 37 37 18 22 21 34 34 22 2 34 22 0 37 28 37 21 37 16 31 0 30 32 37 31 18
split_gain=0.491225 7.80238 2.36889 0.120058 0.61343 0.057163 0.0206928 0.0159212 0.00562893 0.00711604 0.0127735 0.00825945 0.02185 0.0194283 0.00929199 0.0172386 0.0092793 0.00916964 0.00822495 0.00817651 0.00685722 0.0227055 0.0166072 0.0108577 0.0103563 0.00851173 0.00650953 0.00795577 0.00613325 0.0136428 0.00814565 0.00587495 0.00536405 0.00568517 0.00484673 0.00451747 0.00439572 0.00434965 0.00405554 0.00340177 0.00389931 0.00321327 0.00313828 0.00234064
threshold=1.0000000180025095e-35 16.415000000000003 7.9350000000000014 16.565000000000001 0.50000000000000011 9.9550000000000018 6.0057692307692303 17.150000000000002 13.000000000000002 7.455000000000001 6.0000000000000044 11.802307692307695 14.700000000000005 11.911538461538465 10.085000000000003 4.6000000000000005 0.50000000000000011 9.7850000000000019 3.1550000000000007 14.240000000000002 7.4050000000000011 17.200000000000006 71.40000000000002 15.000000000000002 41.800000000000004 34.100000000000009 9.8000000000000025 16.185000000000006 10.500000000000005 5.4000000000000012 14.005000000000001 11.130000000000001 13.700000000000001 9.0050000000000008 1.1000000000000003 3.3550000000000004 6.2600000000000016 1.5000000000000002 17.475000000000005 1.3 17.600000000000005 3.7450000000000006 7.5000000000000009 7.0000000000000009
decision_type=2 2 2 2 2 2 2 2 2 2 2 2 2 2 2 2 2 2 2 2 2 2 2 2 2 2 2 2 2 2 2 2 2 2 2 2 2 2 2 2 2 2 2 2
left_child=1 2 -1 5 -5 8 -6 -8 9 19 -11 14 -13 -14 16 -16 17 -12 39 20 21 23 32 24 25 28 27 -15 29 30 -2 -10 33 -22 38 -30 -35 -21 -9 -18 -41 -31 -29 -37
right_child=3 -3 -4 4 6 -7 7 34 31 10 11 12 13 26 15 -17 18 -19 -20 37 22 -23 -24 -25 -26 -27 -28 42 35 41 -32 -33 -34 36 -36 43 -38 -39 -40 40 -42 -43 -44 -45
leaf_value=-0.0053041340407604977 0.0010562753894676764 -0.042424941751658202 0.027050490421908244 0.014092356252173584 0.0021569892588175006 -0.0025271709290919479 0.0013723632502250184 -0.0019161006147485405 0.0012769694285733361 -0.0010621047875888291 3.6831259851654375e-05 0.003839799128472805 0.0023783062538132072 0.0018577106545368831 -0.0020286436884530954 4.4630141046857744e-05 -0.0006272132707656258 0.0013546763153034983 0.00080815747007727614 -0.0011955916124085585 0.0012882082922416821 -0.0018505022099072283 0.0024553376253073416 0.0018873239870838545 -0.00070026476727059431 0.0015591217705979944 -0.0013909547356888653 -0.00054542195124953404 -0.0010126555096358061 0.0024943259727054586 -0.0008464307103228445 7.5543427928572609e-06 0.0010934976505678753 -0.00081103184384604299 7.715067350202137e-05 0.00059461759449914097 0.00026406609346321246 -5.5812666825174044e-05 -0.00049395396148390843 8.8130148262850464e-06 -0.00050663388994392719 0.0010948386102072186 0.00040790051102447203 -0.00030847899408804045
leaf_weight=30 24 26 28 24 36 54 39 21 52.5 73.5 75 11.999999999999998 24 14.999999999999998 42 66 90 61.5 60 30 28.5 33 30 27 63 37.5 21 51 30 21 36 42 64.5 30 45 37.5 129 75 33 453 118.5 21 39 36
leaf_count=30 24 14 22 24 36 24 39 21 21 36 30 12 12 15 21 33 39 30 24 30 12 33 18 27 36 24 21 39 30 21 36 21 30 15 45 33 99 75 33 198 51 21 33 18
internal_value=-1.22037e-11 -0.00600903 0.0103153 0.000219365 0.00210264 4.20519e-05 0.000448891 3.29966e-06 0.000109762 8.06059e-05 -4.02386e-05 2.63458e-05 0.000554964 0.000292177 -6.23044e-05 -0.000761643 2.57242e-05 0.000630586 -8.8709e-05 0.000273427 0.000379544 0.00015111 0.000676022 0.000349468 0.000213775 0.000450748 -0.000105181 0.000151974 0.000248491 0.000688741 -8.53483e-05 0.000712785 0.000464199 0.00024772 -0.000536028 -0.000185379 6.12174e-05 -0.000381464 -0.00104701 -0.000170057 -9.80644e-05 0.00179458 -0.000132316 0.000152285
internal_weight=2385 84 58 2301 198 2103 174 138 2049 1954.5 1201.5 1128 162 150 966 108 858 136.5 721.5 753 648 366 282 333 306 243 126 105 205.5 102 60 94.5 252 187.5 99 103.5 159 105 54 661.5 571.5 42 90 73.5
internal_count=1506 66 52 1440 198 1242 174 138 1218 1176 594 558 132 120 426 54 372 60 312 582 477 303 174 270 243 207 108 87 183 102 60 42 156 126 99 81 114 105 54 288 249 42 72 51
is_linear=0
shrinkage=0.08


Tree=53
num_leaves=45
num_cat=0
split_feature=15 34 34 0 35 33 16 15 34 0 0 35 32 33 16 0 32 32 35 18 18 22 33 15 15 22 34 22 35 16 31 16 34 33 33 32 15 29 30 33 35 22 12 11
split_gain=0.450633 24.5809 1.79597 1.82225 0.15616 0.558602 0.162825 0.0675744 0.0232211 0.0178503 0.0146838 0.00798662 0.00798433 0.00635046 0.00583727 0.00425655 0.00613746 0.00420629 0.00348332 0.0194972 0.0130262 0.0161788 0.0102396 0.00996631 0.00977627 0.00604083 0.00415794 0.00402443 0.00411769 0.00567146 0.00428355 0.00483997 0.00381501 0.00378014 0.00370234 0.00429329 0.0033855 0.00320477 0.0030448 0.00271878 0.00339952 0.00678217 0.00458428 0.00280522
threshold=1.8823076923076927 1.0000000180025095e-35 0.80000000000000016 16.415000000000003 1.0000000180025095e-35 0.3000000000000001 6.6250000000000018 1.6600000000000001 8.2000000000000046 16.575000000000003 17.400000000000002 1.5000000000000002 0.50000000000000011 1.9000000000000001 7.1300000000000008 13.955000000000002 1.0000000180025095e-35 2.5000000000000004 1.5000000000000002 21.000000000000004 12.900000000000002 19.300000000000004 27.500000000000004 2.1615384615384623 2.0784615384615379 11.600000000000003 51.400000000000013 16.300000000000004 1.0000000180025095e-35 6.2500000000000009 11.4 6.5150000000000006 39.70000000000001 11.700000000000001 7.1000000000000005 5.5000000000000009 1.3899999999999995 6.5000000000000009 1.3 3.1000000000000005 1.0000000180025095e-35 9.8000000000000025 7.8350000000000009 7.455000000000001
decision_type=2 2 2 2 2 2 2 2 2 2 2 2 2 2 2 2 2 2 2 2 2 2 2 2 2 2 2 2 2 2 2 2 2 2 2 2 2 2 2 2 2 2 2 2
left_child=2 -2 3 -1 5 -4 -6 8 -7 36 11 12 -8 14 -13 -3 -17 38 19 22 21 23 24 -20 -18 32 34 33 -29 -30 31 -31 -25 39 35 -23 -10 -34 -15 40 42 -42 -26 -41
right_child=1 15 4 -5 6 7 10 -9 9 -11 -12 13 -14 17 -16 16 18 -19 20 -21 -22 26 -24 25 27 -27 -28 28 29 30 -32 -33 37 -35 -36 -37 -38 -39 -40 43 41 -43 -44 -45
leaf_value=0.0039230744333730808 -0.11035343403999623 0.0011142072764535745 0.013085003929833573 0.030526084991601796 -0.0044083754939061625 0.0020640654116868972 0.0011930255074467924 0.0046174136859675249 0.00034734702842214546 -0.0024836140926927327 0.0016595582866374356 -0.00017887307838019398 0.00013949110763573309 0.0010290870257296863 -0.0012220517831208471 -0.00076183733144574164 0.0015790286122096908 -0.00039213108862111087 -0.0013893344424044094 0.0019841707306794631 -0.0012575024569576438 0.0018945402102429926 0.0013677788964871849 0.00063094543077159618 -0.00016326221081221267 -0.00072867935702756602 -7.3106292689192127e-06 -0.00058171622548986498 -0.00057037003366558839 0.0001195251161698252 -0.00035160909884442121 0.0013193498761990133 -0.00044694859334832118 -0.00022031654918531853 0.00042785998821879423 0.00071853578365288484 -0.00091255089711575282 0.00017381654838100077 7.2953009150094464e-05 0.0011712915634012058 -0.00072012262900049493 0.00075306958984583622 0.0013109461535458211 0.00037649915079344753
leaf_weight=45 12.999999999999998 27 27 26 54 21 63 21 39 30 40.5 90 171 40.5 55.5 51 27 51 39 39 49.5 40.5 42 69 27 67.5 34.5 111 66 48 39 39 82.5 108 48 39 21 150 45 36 60 30 27 135
leaf_count=45 7 27 27 14 24 21 39 21 39 30 18 36 99 27 33 36 18 24 21 36 36 27 30 33 27 27 21 111 33 24 24 30 33 72 21 21 21 60 18 24 39 15 27 90
internal_value=-2.34325e-11 -0.000811208 0.00149067 0.013665 0.000367373 0.00260051 -0.000214229 0.000455952 -0.000331352 -0.000890283 0.00019275 7.76228e-05 0.000423135 -0.000209079 -0.000576787 0.000118631 0.000100765 0.000182873 0.000131031 0.000237769 -1.26634e-05 9.5441e-05 0.000152096 -0.000173126 8.42893e-05 -4.45837e-05 0.000771832 2.86998e-05 -0.000193848 3.03889e-05 0.000345072 0.000657378 0.000108572 0.000188113 0.000982659 0.00131763 -9.36172e-05 -4.6455e-05 0.000525859 0.000328146 7.20291e-05 -0.000229059 0.000573842 0.000543824
internal_weight=2385 1544.5 840.5 71 769.5 159 610.5 132 111 90 556.5 516 234 282 145.5 1531.5 1504.5 136.5 1453.5 834 619.5 570 795 408 753 369 162 726 303 192 126 87 301.5 423 127.5 79.5 60 232.5 85.5 315 144 90 54 171
internal_count=1506 970 536 59 477 159 318 132 111 90 294 276 138 138 69 963 936 69 900 600 300 264 564 174 534 153 90 516 222 111 78 54 126 294 69 48 60 93 45 222 108 54 54 114
is_linear=0
shrinkage=0.08


Tree=54
num_leaves=45
num_cat=0
split_feature=34 35 0 33 35 11 4 35 16 16 16 31 19 31 22 19 35 3 3 30 25 14 34 16 33 22 35 29 29 0 33 18 30 18 32 32 0 29 0 19 32 19 25 16
split_gain=0.35191 6.76623 9.9255 0.048074 0.161473 0.0383142 0.0160551 0.00787078 0.0237119 0.0208336 0.0282998 0.0169847 0.0126615 0.013173 0.0121798 0.00909018 0.00867714 0.00770517 0.00964 0.00727746 0.00624905 0.0152799 0.00647886 0.00568354 0.00660377 0.00556064 0.0048039 0.00882991 0.0059005 0.00448723 0.00729583 0.00437081 0.00382878 0.0028751 0.00352926 0.00191647 0.00187748 0.00179897 0.00286607 0.00179247 0.00174467 0.00154284 0.0015231 0.00155809
threshold=1.0000000180025095e-35 1.5000000000000002 16.415000000000003 1.0000000180025095e-35 1.0000000180025095e-35 9.9550000000000018 17.98 1.5000000000000002 6.8000000000000025 7.3600000000000021 7.1300000000000008 1.0000000180025095e-35 12.900000000000002 1.0000000000000002 39.100000000000016 5.9000000000000012 1.0000000180025095e-35 16.805000000000003 16.685000000000006 1.3 5.4000000000000012 9.2200000000000006 14.700000000000005 7.0000000000000018 12.100000000000001 67.200000000000017 1.0000000180025095e-35 8.4000000000000004 8.4000000000000004 14.695000000000002 3.1000000000000005 1.5000000000000002 1.3 1.1000000000000003 1.7000000000000004 12.100000000000001 14.280000000000003 1.5000000000000002 16.245000000000001 0.3000000000000001 0.70000000000000007 3.0000000000000004 4.1000000000000005 6.7250000000000023
decision_type=2 2 2 2 2 2 2 2 2 2 2 2 2 2 2 2 2 2 2 2 2 2 2 2 2 2 2 2 2 2 2 2 2 2 2 2 2 2 2 2 2 2 2 2
left_child=1 2 -1 4 -2 6 7 8 20 10 17 -9 13 19 23 -16 29 18 -10 -13 21 22 -5 24 32 39 28 -28 -22 30 36 -25 -15 37 -35 -36 -11 -24 -39 -18 -6 -41 43 -34
right_child=3 -3 -4 5 40 -7 -8 11 9 16 -12 12 -14 14 15 -17 25 -19 -20 -21 26 -23 33 31 -26 -27 27 -29 -30 -31 -32 -33 42 34 35 -37 -38 38 -40 41 -42 -43 -44 -45
leaf_value=0.0086676524893070268 0.0059998040646911622 0.025376064198712509 -0.060355806052684785 0.00099979170028948123 0.00029749076879982439 -0.001812508204443888 0.0018959214131940494 -0.0013138633257485637 0.00042516357472373382 -0.00013817495671294942 0.0029586220913402302 0.0014571403886304436 -0.0012045637616003404 -0.0008361250639316581 0.0014987275973652248 -0.00010410661582285776 0.00087507729056394761 0.00018045823490764532 0.002276528950314969 0.00012432426428315283 -0.00088647847656499266 -0.0017392465359686562 -0.00039496315174943042 -0.0002921077225576429 0.000550351428288606 0.0018659428578047528 0.0013075797150447737 -0.00011844785166128228 0.00076209921234597763 -0.0012723796853485207 0.001146822350177293 -0.0014580027926443279 -9.9361063566036711e-05 -0.00078237213516937736 6.1430546438170238e-05 -0.00055289667958600649 -0.0010516488660747808 0.00061699127948414232 -1.8920065036739142e-05 -0.00020591003269973128 -0.00034999125631144035 0.00060952104041697805 -0.00035067636484191532 0.0003999320721320276
leaf_weight=30 39 30 24 36 84 66 33 64.5 36 36 51 66 49.5 52.5 54 39 36 72 36 43.5 33 36 45 51 93 21 66 48 24 24 24 34.5 168 72 117 45 24 63 162 33 39 27 105 52.5
leaf_count=30 39 21 15 24 54 36 18 33 24 36 36 39 36 21 36 21 27 48 24 21 33 24 30 24 39 21 33 24 24 24 24 21 69 48 78 30 24 42 108 33 24 27 42 21
internal_value=-2.8081e-11 -0.00508605 -0.0220094 0.00018567 0.00151439 8.50378e-05 0.000145452 0.000117135 0.000253047 0.000733967 0.0013392 -6.45467e-05 3.51204e-05 0.000115969 -2.08754e-05 0.000826571 0.000209433 0.000765652 0.00135085 0.000927665 -1.73504e-05 -0.000143424 -3.70356e-05 -0.000162497 -5.35693e-05 0.000686749 0.000407318 0.000707147 -0.000192341 -0.00030766 -3.20254e-05 -0.000762557 -0.000202153 -0.000111095 -0.000316341 -0.000109216 -0.000503565 6.67854e-05 0.000159135 0.0004288 9.21916e-05 0.000161034 -9.98994e-05 1.95183e-05
internal_weight=2385 84 54 2301 162 2139 2073 2040 1167 420 195 873 808.5 759 649.5 93 225 144 72 109.5 747 576 540 556.5 471 117 171 114 57 108 84 85.5 378 504 234 162 60 270 225 96 123 60 325.5 220.5
internal_count=1506 66 45 1440 117 1323 1287 1269 846 348 132 423 390 354 294 57 216 96 48 60 498 384 360 237 192 108 114 57 57 108 84 45 153 336 156 108 60 180 150 87 78 60 132 90
is_linear=0
shrinkage=0.08


Tree=55
num_leaves=45
num_cat=0
split_feature=37 2 34 36 1 33 37 37 11 36 29 15 33 14 15 14 33 1 31 16 30 4 16 35 11 16 5 37 0 17 17 37 30 30 34 33 19 31 17 0 11 5 26 31
split_gain=0.437493 9.97252 0.984019 5.87039 18.1815 0.450795 0.0522393 0.760153 0.11571 0.0246788 0.018274 0.0208071 0.0198343 0.0180324 0.0284636 0.0178994 0.0213543 0.0167642 0.0177006 0.0283092 0.00828326 0.00540093 0.00462647 0.0102766 0.00603595 0.00544113 0.00419372 0.00528035 0.00377527 0.00325226 0.00312961 0.003831 0.0060116 0.00291058 0.00286825 0.00283824 0.00283348 0.00604827 0.00275189 0.00234802 0.00205454 0.0045301 0.00260142 0.00175551
threshold=16.425000000000004 16.465000000000003 1.0000000180025095e-35 2.5000000000000004 16.375000000000004 0.50000000000000011 11.703076923076924 11.802307692307695 9.8950000000000014 2.5000000000000004 1.3 2.5050000000000003 1.7000000000000004 9.5600000000000005 0.15999999999999928 7.7750000000000012 5.7000000000000002 17.875000000000004 1.0000000180025095e-35 6.6350000000000016 0.3000000000000001 16.565000000000001 6.21 1.5000000000000002 7.6950000000000012 6.8350000000000017 9.1600000000000019 8.7750000000000004 16.165000000000003 3.3000000000000003 13.900000000000002 4.1950000000000012 1.5000000000000002 0.3000000000000001 0.80000000000000016 5.0000000000000009 1.0000000180025095e-35 1.5000000000000002 4.7000000000000002 14.950000000000001 8.490000000000002 11.992692307692311 3.4000000000000004 23.900000000000002
decision_type=2 2 2 2 2 2 2 2 2 2 2 2 2 2 2 2 2 2 2 2 2 2 2 2 2 2 2 2 2 2 2 2 2 2 2 2 2 2 2 2 2 2 2 2
left_child=2 -2 3 4 -1 -3 8 -8 9 17 12 22 -11 21 -15 28 -17 18 19 -4 -14 -7 -12 25 -25 -24 -13 -28 35 40 31 32 -20 -21 -33 36 -9 -38 -39 -32 -23 42 -42 -36
right_child=1 5 6 -5 -6 13 7 15 -10 10 11 26 20 14 -16 16 -18 -19 30 33 -22 29 23 24 -26 -27 27 -29 -30 -31 39 34 -34 -35 43 -37 37 38 -40 -41 41 -43 -44 -45
leaf_value=-0.018030541489521663 -0.057338194868672872 0.011972713731229306 -0.0029010674605766933 -0.021589608369050203 0.074344573845714343 0.0010139657017188492 -0.014607330219199259 0.00028521310604022194 0.0029971860049085486 0.00014170299208994338 0.00030636455491185193 0.0017524493571922737 0.0029958574583085441 -0.00023582462043989272 0.003929419407532329 0.002223652556919357 7.9032372778806926e-05 -0.0016009640069678428 0.00010868520917617442 -0.00064457737767186613 0.0014082601303555841 0.00038602817282524143 -0.00043204443207720206 -0.0020548812342716044 -0.00065169713222845043 0.0009927099032712907 0.00019423291782538096 0.0011419645417154003 -0.0013405821110964531 -0.001140792475392421 0.0011121021259376514 0.003049280047416687 -0.0014450428467243908 0.00036657271028629366 -1.7080719004566439e-05 0.00034199472688164356 -0.0013778716258895703 0.00050081943696433744 -0.00058821761119884981 5.6325297516125899e-05 -0.00023300025625050896 0.00065636324740591507 -0.0014202016219496728 0.00043985721073113381
leaf_weight=30 20 24 36 27 25 27 24 30 90 63.5 52.5 27 33 21 21 48 78 50 34 38 58 42 42 30.5 55 29 75 75.5 21 21 28 1.9999999999999989 30 35 745 45 39 27 33 26 27 21 21 58
leaf_count=30 20 24 16 21 13 27 12 30 39 46 23 20 18 21 21 39 45 20 34 28 32 42 21 20 22 21 30 36 21 21 28 2 30 20 356 45 39 27 33 16 27 21 21 28
internal_value=-7.99251e-12 -0.00320225 0.000366613 0.00896072 0.0239581 0.00160983 2.41849e-05 -0.000873937 0.000205068 5.02366e-05 0.000491409 0.000197443 0.0012268 0.000372475 0.0018468 0.000152859 0.000896031 -0.000170349 -0.000101037 -0.00106516 0.00198398 -1.69685e-05 -0.000343495 -0.000561498 -0.00115225 0.000149897 0.000834377 0.000669673 -0.000327344 -0.000227841 1.28196e-05 -2.3902e-05 -0.000619625 -0.000159779 2.34598e-05 -0.000205057 -0.000395889 -0.000602283 -9.81509e-05 0.000603765 -5.5121e-05 -0.000323647 -0.000752401 1.59235e-05
internal_weight=2385 245 2140 82 55 225 2058 345 1713 1623 541 386.5 154.5 201 42 321 126 1082 1032 109 91 159 209 156.5 85.5 71 177.5 150.5 195 132 923 869 64 73 805 174 129 99 60 54 111 69 48 803
internal_count=1506 245 1261 64 43 225 1197 291 906 867 289 193 96 201 42 279 84 578 558 64 50 159 107 84 42 42 86 66 195 132 494 450 64 48 386 174 129 99 60 44 111 69 48 384
is_linear=0
shrinkage=0.08


Tree=56
num_leaves=45
num_cat=0
split_feature=37 33 34 37 1 37 11 4 33 14 37 4 11 14 34 9 37 0 6 33 17 30 30 37 16 30 37 19 18 30 5 17 17 13 33 13 37 37 15 33 19 31 17 28
split_gain=0.387561 8.62576 1.064 1.61077 0.724998 0.0550962 0.655752 0.101782 0.0290275 0.0285371 0.0172634 0.0142723 0.0117264 0.0107094 0.00696631 0.00660532 0.00565259 0.00557076 0.00504287 0.00488322 0.00463396 0.00390709 0.00388105 0.0155294 0.00501409 0.00595147 0.00702031 0.010601 0.0050094 0.00322484 0.00369192 0.00290267 0.00288768 0.00287294 0.00265162 0.00256486 0.00246371 0.00486463 0.00403095 0.00240228 0.00239826 0.00511925 0.0023292 0.00228225
threshold=16.415000000000003 0.3000000000000001 1.0000000180025095e-35 7.8750000000000009 16.455000000000002 11.703076923076924 9.8550000000000022 17.955000000000002 1.0000000000000002 9.5600000000000005 11.868846153846155 16.515000000000004 9.9550000000000018 7.4800000000000013 6.0000000000000044 10.045000000000002 7.4800000000000013 16.165000000000003 11.974615384615387 12.100000000000001 23.100000000000005 0.3000000000000001 1.5000000000000002 4.1950000000000012 9.2000000000000011 0.3000000000000001 7.2450000000000001 7.6000000000000005 5.0000000000000009 3.7000000000000006 9.9350000000000005 3.3000000000000003 3.3000000000000003 9.0050000000000008 0.70000000000000007 9.0900000000000016 9.9800000000000022 8.5250000000000004 2.6488461538461547 5.0000000000000009 1.0000000180025095e-35 1.5000000000000002 4.7000000000000002 12.799999999999999
decision_type=2 2 2 2 2 2 2 2 2 2 2 2 2 2 2 2 2 2 2 2 2 2 2 2 2 2 2 2 2 2 2 2 2 2 2 2 2 2 2 2 2 2 2 2
left_child=2 -2 3 -1 -3 7 10 12 -6 11 -7 -10 13 20 -15 17 -16 39 -17 21 22 -18 24 28 25 34 27 -27 -24 30 -23 35 -25 -31 -4 -13 37 38 -34 40 -12 -42 -43 -21
right_child=1 4 5 -5 8 6 -8 -9 9 -11 15 31 -14 14 16 18 19 -19 -20 43 -22 29 23 32 -26 26 -28 -29 -30 33 -32 -33 36 -35 -36 -37 -38 -39 -40 -41 41 42 -44 -45
leaf_value=-0.005018045917153359 -0.050830795710737058 0.016136948266997932 -0.00038369434784356229 0.018612419491012892 -0.0024144065032790725 0.0030195894216497737 -0.013674636147916317 0.0039430486261456581 0.0020551546964617 0.002802261916299661 0.00026239605457521975 0.00016222140543983989 0.0014320193874983139 -0.00089694049957863718 -0.00092898644258578619 0.00094744679354654066 0.00043262408505895261 -0.0014888204682695992 -0.00016547756191963951 -2.5240490112894326e-05 0.0012776353545486928 -0.00016881089920225818 -0.00041843104491514775 -1.8319900931290737e-05 0.0016279852709703846 0.0015605547503218986 0.0019299049395250908 -0.00078200608352869722 -0.0020529588550562039 -9.8605806155303342e-05 -0.00081768513098359112 -0.0010495290772191115 0.0011552132291755841 0.00052967345686974357 0.000414748952020004 -0.00076539357173411801 0.0010151969291092384 -0.00030595919151824936 0.00026499416782624195 0.00031463514482473132 -0.0012676419043101562 0.00046075386374636935 -0.00054116020726999549 0.00066498435040314994
leaf_weight=30 22 20 54 48 24 11.999999999999998 24 45 21 30 30 93 40.5 67.5 45 57 81 24 48 46.5 30 175.5 24 123 24 24 28.5 25.5 24 339 82.5 21 51 54 52.5 24 42 54 90 45 39 27 33 90
leaf_count=30 22 20 54 30 24 6 12 18 21 30 30 93 18 30 18 45 36 24 24 21 30 78 24 69 24 24 15 21 24 150 36 21 33 24 30 24 21 27 42 45 39 27 33 39
internal_value=3.34348e-11 -0.00294738 0.000352855 0.00952378 0.0015738 4.25267e-06 -0.000927587 0.000188662 0.000206373 0.00053917 4.36172e-05 0.000112172 8.73748e-05 5.39136e-05 -0.000112682 -7.42431e-05 -5.47315e-05 -0.000346248 0.000438681 -9.43337e-06 0.000306705 -9.13494e-05 0.000259458 0.000115968 0.000540244 0.000398749 0.000929672 0.000353781 -0.00123569 -0.000156544 -0.0003763 -0.0001835 0.00029619 -1.22774e-05 9.90446e-06 -2.80586e-05 0.000459417 0.000339711 0.000586988 -0.000188652 -0.000364218 -0.000554101 -9.02989e-05 0.000429853
internal_weight=2385 255 2130 78 233 2052 339 1713 213 189 315 159 1668 1627.5 981 303 913.5 198 105 868.5 646.5 732 616.5 408 208.5 184.5 78 49.5 48 651 258 138 360 393 106.5 117 237 195 141 174 129 99 60 136.5
internal_count=1506 255 1251 60 233 1191 285 906 213 189 273 159 888 870 432 267 402 198 69 384 438 324 408 240 168 144 60 45 48 288 114 138 192 174 84 117 123 102 75 174 129 99 60 60
is_linear=0
shrinkage=0.08


Tree=57
num_leaves=45
num_cat=0
split_feature=34 36 0 37 33 37 37 10 2 36 16 1 37 13 17 32 32 35 37 18 37 32 16 31 9 17 8 21 34 19 32 0 5 9 5 2 1 5 21 16 10 16 18 33
split_gain=0.459905 7.25804 21.6411 0.128611 0.616049 0.0466334 0.564343 0.136761 0.0274402 0.0253864 0.0354833 0.0255215 0.0166932 0.0165539 0.0149767 0.0131321 0.0107608 0.00950519 0.00935057 0.0193305 0.0130874 0.00892061 0.00733466 0.00561404 0.00559074 0.00534029 0.00525936 0.00491823 0.00483115 0.00659438 0.00574853 0.00471509 0.00449674 0.00440758 0.00400871 0.00383002 0.00621921 0.00420954 0.00382003 0.00349717 0.00291253 0.00255287 0.00219798 0.00219719
threshold=1.0000000180025095e-35 1.5000000000000002 16.415000000000003 16.415000000000003 0.50000000000000011 11.703076923076924 11.802307692307695 9.9550000000000018 16.465000000000003 1.5000000000000002 6.0453846153846165 17.835000000000004 11.868846153846155 9.7700000000000014 1.7000000000000004 1.0000000180025095e-35 4.2000000000000011 1.5000000000000002 5.535000000000001 7.6000000000000005 8.2800000000000011 1.0000000180025095e-35 7.0450000000000008 1.0000000180025095e-35 10.045000000000002 0.90000000000000013 9.9200000000000017 0.3000000000000001 76.600000000000009 5.9000000000000012 9.1000000000000014 16.165000000000003 10.105000000000002 9.8350000000000026 12.01346153846154 16.985000000000003 16.715000000000003 10.975000000000003 2.3000000000000003 6.9300000000000015 8.7750000000000004 6.6650000000000018 5.9000000000000012 1.0000000000000002
decision_type=2 2 2 2 2 2 2 2 2 2 2 2 2 2 2 2 2 2 2 2 2 2 2 2 2 2 2 2 2 2 2 2 2 2 2 2 2 2 2 2 2 2 2 2
left_child=1 -1 -3 5 -5 7 -7 9 -6 10 -2 14 -8 35 17 -12 18 21 19 -16 -20 -11 27 -19 31 38 39 41 29 30 -18 -14 -28 -24 43 36 -10 -37 40 -17 -25 -23 -41 -26
right_child=3 2 -4 4 8 6 12 -9 13 11 15 -13 24 -15 16 26 28 23 20 -21 -22 22 33 25 34 -27 32 -29 -30 -31 -32 -33 -34 -35 -36 37 -38 -39 -40 42 -42 -43 -44 -45
leaf_value=0.027442067648683274 -0.0026762988492846492 0.023855430645247304 -0.075863192081451411 0.014113032668828964 0.0031863326858729123 -0.012678657794992131 0.0029740062480171519 0.0046823101668130784 -0.00010263726703770872 0.001480431433948171 -0.0014353409325703979 0.0018189980261600937 -0.00017356012884631818 0.0019624228312662153 0.0017071312301469824 -3.325270146897868e-05 0.0002124525243275319 -0.0011206207905420438 0.0024010327465154909 -0.0015149335847871211 0.00049922020133817571 0.00075923692929791287 0.00024970597348227685 -0.00045294756391049587 0.0013787916015523174 -0.00095789551696911157 0.0007328985378243565 -0.00055239622621890952 -0.00054546425910666587 -0.00032572290069370904 0.0012808209302879515 -0.0013697148469509557 -7.5962920785670112e-05 0.0015400875289924443 -0.00028075180482119323 -0.0011401369403702794 0.0016297065255986081 8.1417812630423297e-06 0.00051336395864685382 -0.00077448115898108084 0.00013075588109265817 -3.7870572349574e-05 1.7454498929196392e-05 0.00043094861476371683
leaf_weight=28 40 30 26 24 24 24 11.999999999999998 42 36 36 50 65 174 33 26 159 66 47 55 22 40 40 36 129 24 49 76.5 88 40 53 63 24 103.5 32 36 27 21 84 60 99 95 72 29 45
leaf_count=22 16 30 14 24 24 12 6 18 36 24 30 26 174 33 26 74 36 26 32 22 20 20 30 60 21 22 34 44 20 28 36 24 46 16 18 27 21 84 30 68 38 36 28 30
internal_value=-3.59903e-12 -0.00581431 -0.0224425 0.000212256 0.00192921 3.91245e-06 -0.00085338 0.000173569 0.000629605 6.02436e-05 -0.000380734 0.000280733 4.75939e-05 0.000324324 0.000185416 -0.000203128 0.000599217 -3.53991e-05 0.00114044 0.000230352 0.00160027 0.000298025 0.000139195 -0.000302139 -6.83036e-05 -0.000186617 -7.11993e-05 -0.00010484 0.000250593 0.000425551 0.000734214 -0.000318549 0.000267803 0.000856944 0.000403587 2.55421e-06 0.000535595 -0.000271169 -5.35443e-05 -0.000283814 -0.000205395 0.000246811 -0.000595058 0.000760633
internal_weight=2385 84 56 2301 249 2052 339 1713 225 1671 557 1114 315 201 1049 517 365 684 143 48 95 304 268 380 303 333 467 200 222 182 129 198 180 68 105 168 57 111 284 287 224 112 128 69
internal_count=1506 66 44 1440 249 1191 285 906 225 888 296 592 273 201 566 280 220 346 100 48 52 170 146 176 267 150 250 100 120 100 72 198 80 46 69 168 57 111 128 170 98 56 96 51
is_linear=0
shrinkage=0.08


Tree=58
num_leaves=45
num_cat=0
split_feature=34 3 15 37 34 1 11 3 32 28 4 36 32 16 32 16 15 1 37 37 16 35 16 23 34 16 31 36 4 16 37 4 29 34 16 1 30 31 30 30 8 16 31 30
split_gain=0.389263 6.56989 7.54398 0.108856 0.328547 0.102076 0.051088 0.0319155 0.0209217 0.0196796 0.00802488 0.016422 0.0153893 0.0569712 0.0131462 0.0255664 0.00821986 0.0112057 0.00548526 0.00778243 0.00535371 0.00508001 0.00797345 0.00490091 0.00466511 0.0045634 0.00360322 0.00294133 0.00801708 0.00372369 0.00283225 0.00282964 0.00269131 0.00252943 0.00238846 0.00194794 0.00188135 0.00186343 0.00222078 0.00277732 0.00240451 0.00184274 0.00172844 0.00141379
threshold=1.0000000180025095e-35 16.415000000000003 1.7950000762939455 16.415000000000003 12.500000000000005 16.920000000000005 9.9550000000000018 16.660000000000004 4.6000000000000005 10.6 17.965000000000003 2.5000000000000004 1.0000000180025095e-35 6.6250000000000018 1.0000000180025095e-35 7.1300000000000008 2.5050000000000003 15.100000000000003 10.875000000000002 8.9450000000000021 8.9650000000000016 1.5000000000000002 6.21 2.3000000000000003 36.300000000000004 6.2750000000000004 6.1000000000000005 1.5000000000000002 17.710000000000004 7.2300000000000013 5.535000000000001 16.495000000000001 17.600000000000005 10.500000000000005 6.0550000000000024 13.895000000000001 1.0000000180025095e-35 1.0000000000000002 8.7000000000000011 6.1000000000000005 9.9200000000000017 9.1350000000000033 6.3000000000000016 1.5000000000000002
decision_type=2 2 2 2 2 2 2 2 2 2 2 2 2 2 2 2 2 2 2 2 2 2 2 2 2 2 2 2 2 2 2 2 2 2 2 2 2 2 2 2 2 2 2 2
left_child=1 2 -1 6 5 -5 10 8 -6 -9 11 12 13 -2 15 -13 20 -18 19 26 21 25 -23 -11 -24 -16 -19 28 29 30 -14 -10 -25 -22 -29 -15 -36 -32 39 -39 -40 -31 43 -38
right_child=3 -3 -4 4 7 -7 -8 9 31 23 -12 14 27 35 16 -17 17 18 -20 -21 33 22 24 32 -26 -27 -28 34 -30 41 37 -33 -34 -35 36 -37 42 38 40 -41 -42 -43 -44 -45
leaf_value=0.0022258278768923548 -0.0038187157170790614 0.028067014240301572 -0.057236462574113495 0.011296819065852712 0.0038485930806824139 0.0041263345353029389 -0.0024244734217171316 -0.0026442709121675717 0.0014126316874864557 0.00074816479993900528 0.00092664468371205855 0.0031482213735580444 -0.002977629154920578 0.00060691029671579603 -0.00038326120581822816 -0.00015455288750429948 0.0023396899618885734 0.00082846563628896381 -0.00021230419853039212 0.001478882552265137 0.0012973148688454079 0.00043622151560460533 -0.00026738125504445785 -0.0006563354246921975 -0.0013436950682239098 0.00053431009700925076 -0.00014523312374616841 0.00054710696766582822 -0.0012498432167886216 -0.00064975673012191153 0.00041246909153211365 9.9341251576940212e-05 0.00041098683052474545 0.00016856167659473915 -0.00041895680688953089 -0.00018950437097565125 0.00052019269988337093 -3.4844703593198488e-05 -0.00021160790770059415 -0.00070755868101293599 0.00047903379326795829 0.0001378264776819075 -0.0001036239019719263 0.00010552385031857179
leaf_weight=36 33 26 22 24 21 27 54 21 21 39 67.5 30 1.9999999999999989 30 54 30 22 43 59 53 27 45 48.5 54 55 97 56 65 40.5 91.5 71.5 21 21 24 53 57 70.5 165.5 52 51.5 85 24 187.5 207.5
leaf_count=36 18 14 16 24 21 27 24 21 21 39 30 15 2 30 35 25 21 20 36 25 27 18 23 54 25 61 24 30 18 84 37 21 21 24 33 32 52 84 26 24 40 24 103 121
internal_value=4.0155e-12 -0.00534917 -0.0203288 0.000195276 0.00177488 0.00750068 3.59946e-06 0.000300047 0.00178686 -0.000393797 6.9223e-05 3.92433e-05 -0.000125745 -0.000988434 0.000369219 0.00149683 0.000253269 0.000621541 0.000442397 0.000696525 8.45565e-06 -0.000120565 -0.000452803 2.07635e-05 -0.000839335 0.000206172 0.000277687 -3.70365e-05 -0.000164043 -8.30579e-05 2.5835e-05 0.000755986 -0.000357485 0.000766137 8.99701e-05 8.51214e-05 3.26627e-05 3.99524e-05 -3.52876e-05 -0.000194498 0.000216892 -0.000486103 8.40823e-05 0.000210683
internal_weight=2385 84 58 2301 249 51 2052 198 63 135 1998 1930.5 1287 120 643.5 60 583.5 233 211 152 350.5 299.5 148.5 114 103.5 151 99 1167 583.5 543 427.5 42 75 51 583.5 87 518.5 425.5 354 217 137 115.5 465.5 278
internal_count=1506 66 52 1440 249 51 1191 198 63 135 1167 1137 758 80 379 40 339 126 105 69 213 162 66 114 48 96 44 678 339 321 213 42 75 51 339 62 309 211 174 108 66 108 276 173
is_linear=0
shrinkage=0.08


Tree=59
num_leaves=45
num_cat=0
split_feature=37 34 34 37 33 11 2 10 27 15 36 14 32 12 10 36 31 16 1 17 37 14 37 31 33 34 23 37 32 31 16 14 25 21 34 21 37 34 32 15 33 37 31 34
split_gain=0.380986 8.02855 1.05144 1.78633 0.332071 0.0432409 0.0216349 0.0174721 0.0117125 0.00867592 0.00579613 0.0192672 0.0308239 0.0176262 0.00860966 0.00548434 0.010941 0.0102024 0.00837671 0.00665955 0.0106946 0.00771374 0.00602572 0.00563183 0.00648112 0.00442169 0.00433939 0.00367484 0.00344975 0.00324017 0.00331918 0.00316779 0.00283706 0.00222557 0.00220831 0.00219812 0.00181081 0.00350484 0.00215114 0.0015179 0.00252014 0.00229278 0.00144084 0.00129367
threshold=16.415000000000003 8.2000000000000046 1.0000000180025095e-35 7.8750000000000009 0.50000000000000011 9.9550000000000018 16.465000000000003 9.8950000000000014 14.400000000000002 0.94499999999999951 1.5000000000000002 9.5150000000000023 1.0000000180025095e-35 9.8250000000000011 9.0900000000000016 2.5000000000000004 1.0000000180025095e-35 7.0250000000000012 17.875000000000004 1.7000000000000004 10.875000000000002 2.3000000000000003 8.7750000000000004 4.2000000000000011 2.5000000000000004 60.100000000000009 3.4000000000000004 7.5300000000000002 14.900000000000002 1.0000000180025095e-35 7.0250000000000012 7.3050000000000006 6.6000000000000005 2.5000000000000004 55.300000000000011 0.90000000000000013 7.9050000000000011 67.500000000000014 7.8000000000000007 2.1850000000000001 2.5000000000000004 4.8450000000000006 3.1000000000000005 35.800000000000004
decision_type=2 2 2 2 2 2 2 2 2 2 2 2 2 2 2 2 2 2 2 2 2 2 2 2 2 2 2 2 2 2 2 2 2 2 2 2 2 2 2 2 2 2 2 2
left_child=2 -2 3 -1 -3 8 -6 9 10 -8 11 12 -4 15 31 29 17 -17 19 21 23 -18 -23 24 -21 35 34 -25 32 30 -12 33 -28 42 -11 -24 -33 38 43 40 -31 -41 -14 -38
right_child=1 4 5 -5 6 -7 7 -9 -10 26 13 -13 14 -15 -16 16 18 -19 -20 20 -22 22 25 27 -26 -27 28 -29 -30 39 -32 36 -34 -35 -36 -37 37 -39 -40 41 -42 -43 -44 -45
leaf_value=-0.0058473501553138098 -0.050306823575492238 0.010928120868546623 -0.0024099210617575975 0.019037573933601379 0.0026464948315697255 -0.0022305155448891496 -0.0016963873878453992 0.0022721929848194124 0.0010059777380507669 0.00020126852859724678 -0.0011380529074619214 0.0011053618955667373 -0.0004247924575190011 -0.0012922512833029032 -0.0012792837886530675 0.0024231511577963829 0.0022288975543859934 0.00033675634509806217 0.0014223195008364403 0.00038198673018875225 -0.00052884795569947793 -0.00057978007909994514 0.00015752602669019854 -0.0001649098266803083 0.0018779415990581216 0.000909970923320862 -0.00050814735579699508 0.00089980139964964333 -0.0012539656850553693 -0.00036366480984175928 5.1982751892258726e-05 0.00044520415514707562 0.00068132647978407998 -0.00011654690963014851 0.0011760148867255165 -0.00053416102929690552 0.0002310639569941862 -0.00056443674045555091 0.00064018123347879107 0.0012103177836308113 0.00025755254535740109 0.00012908433361239936 -0.001207919564013454 -0.00032841036333999737
leaf_weight=30 21 21 42 48 24 54 21 21 81 51 30 67.5 47.5 54 40.5 30 8.9999999999999982 30 36 30 49 122 93 42 48.5 38.5 33 41 21 106 30 75 21 136.5 21 43 60.5 54.5 46 12.999999999999998 69 364 22 47
leaf_count=30 21 21 32 30 24 24 21 21 36 51 15 30 45 24 18 15 9 25 16 24 44 61 49 27 29 20 33 19 21 71 25 30 21 102 21 27 30 27 23 13 39 202 17 23
internal_value=-1.64861e-13 -0.00292227 0.000349849 0.00946645 0.00133019 3.3115e-06 0.000383918 9.66066e-05 6.36852e-05 -0.000175342 2.387e-05 -0.000172857 -0.000323827 0.000122233 -0.000158358 0.000184637 0.000353978 0.00137995 0.000242459 0.000160143 0.000506375 -7.8423e-05 -0.00014846 0.000820467 0.00130624 0.000153094 4.19505e-05 0.000361032 -0.000383924 1.52964e-05 -0.000543035 -6.55206e-05 -4.55742e-05 -0.000304177 0.00048557 -6.11691e-05 0.000108201 -1.33143e-05 0.000182361 7.59846e-05 -0.000118728 0.000166368 -0.000672689 -1.35434e-05
internal_weight=2385 255 2130 78 234 2052 213 189 1998 168 1917 639 571.5 1278 529.5 1224 612 60 552 516 210.5 305.5 296.5 161.5 78.5 174.5 147 83 75 612 60 489 54 206 72 136 283 208 153.5 552 175 377 69.5 107.5
internal_count=1506 255 1251 60 234 1191 213 189 1167 168 1131 377 347 754 315 730 365 40 325 309 143 166 157 99 53 96 147 46 75 365 40 297 54 164 72 76 133 103 76 325 110 215 62 53
is_linear=0
shrinkage=0.08


Tree=60
num_leaves=45
num_cat=0
split_feature=34 36 1 37 33 29 37 10 10 37 36 9 10 6 35 16 18 21 1 21 11 29 16 29 16 17 15 9 14 36 10 33 9 29 34 1 33 6 15 30 6 19 33 17
split_gain=0.387493 6.03939 7.98469 0.108979 0.454756 0.043308 0.0390957 0.494819 0.136912 0.0177692 0.0163228 0.0295291 0.012073 0.0117821 0.0106656 0.015977 0.0129476 0.0104034 0.0100815 0.010404 0.00791713 0.00783055 0.0227953 0.00739866 0.00728271 0.00701371 0.00678892 0.0064351 0.00470825 0.00995909 0.0111524 0.00434 0.00431976 0.00390778 0.00383097 0.00355964 0.00351321 0.00355385 0.00282965 0.00250273 0.00243599 0.00215388 0.0034748 0.00260787
threshold=1.0000000180025095e-35 2.5000000000000004 16.375000000000004 16.415000000000003 0.50000000000000011 1.0000000180025095e-35 11.703076923076924 9.8950000000000014 9.9350000000000005 11.868846153846155 1.5000000000000002 11.410000000000002 9.8950000000000014 11.941153846153847 1.5000000000000002 6.5600000000000014 5.6000000000000005 3.0000000000000004 14.570000000000002 1.3 9.5600000000000005 1.0000000000000002 6.6350000000000016 3.7000000000000006 6.6350000000000016 0.50000000000000011 2.6899999999999999 9.8750000000000018 7.4400000000000004 2.5000000000000004 8.4550000000000018 4.6000000000000005 10.045000000000002 15.100000000000001 9.2000000000000046 16.115000000000006 7.8000000000000007 10.105000000000002 2.2950000000000004 3.1000000000000005 4.9850000000000003 1.0000000180025095e-35 0.3000000000000001 3.7000000000000006
decision_type=2 2 2 2 2 2 2 2 2 2 2 2 2 2 2 2 2 2 2 2 2 2 2 2 2 2 2 2 2 2 2 2 2 2 2 2 2 2 2 2 2 2 2 2
left_child=1 2 -1 6 -5 -6 8 9 10 -8 11 21 20 14 15 36 24 18 25 34 28 22 -2 31 -17 -16 -25 40 -7 39 -31 -19 35 38 -20 41 37 -12 -34 -30 -26 -11 -43 -44
right_child=3 -3 -4 4 5 12 7 -9 -10 32 13 -13 -14 -15 17 16 -18 23 19 -21 -22 -23 -24 26 27 -27 -28 -29 29 30 -32 -33 33 -35 -36 -37 -38 -39 -40 -41 -42 42 43 -45
leaf_value=-0.018291179731488229 -0.0021455080976916685 -0.035673228842871531 0.042279955618656599 0.012243353128433228 0.0038707291610383739 -0.00070630150812643557 0.0030809939838945866 -0.011854853642483551 0.0038185819711477036 0.00042998616756945428 -0.00025337588047564386 -0.0022221546443467288 0.0020904174659933366 0.001464281411582811 -0.00021590691443998367 0.0020580716133117676 0.0022139379123432769 0.00032481335477451935 -0.00089722133390605452 -0.001423314044027236 -0.0013964747542160609 3.3540336342018751e-05 7.4533766930965931e-05 -0.00086468120963361706 0.00090213647550748039 0.0018540543859655208 0.00052069728388492618 0.0012524467101320625 0.00074845860782079404 0.0027687719082903294 0.00021884931033760633 0.0015384726143780759 0.001232588146530995 -0.0003639234218633536 -0.00013258729678524946 -0.001191131752372409 -0.00071594847437853992 0.00060953594613238243 0.0002260434238287883 -0.00026959053048973574 0.00011331090795513439 -0.0011040370338768872 0.00050475369504772861 -0.00033894164177817638
leaf_weight=30 45 28 26 24 24 27 11.999999999999998 24 63 33 84 48.5 21 45 20 20 36 33 50 58 21 370 86.5 38 30 22 56 52 20 21 23 44 33 33 260 24 52 48 39 68 152 27 33 81
leaf_count=30 20 22 14 24 24 27 6 12 27 33 42 20 21 18 20 10 32 24 20 28 21 189 64 20 30 22 26 26 20 21 23 26 27 21 104 24 26 24 21 68 88 27 33 81
internal_value=1.39429e-11 -0.00533699 0.00983113 0.000194831 0.00177532 0.000658733 3.04659e-06 -0.000781908 0.000158388 6.17446e-05 1.86351e-05 -0.00033721 0.000275211 0.000196557 0.000142484 0.000424098 0.000794061 -8.7267e-05 -0.00030589 -0.000439908 6.34369e-05 -0.000154917 -0.000685176 0.000436917 0.000592819 0.000868359 -3.93493e-05 0.000467584 0.000256255 0.000453142 0.00143586 0.00101833 -5.78297e-05 0.000356968 -0.000255915 -0.000277798 -0.000158995 6.04102e-05 0.000687376 -3.82157e-05 0.000243337 -0.000151821 -0.000287989 -9.4714e-05
internal_weight=2385 84 56 2301 249 225 2052 339 1713 315 1650 550 201 1100 1055 474 290 581 410 368 180 501.5 131.5 171 254 42 94 234 159 132 44 77 303 105 310 198 184 132 72 88 182 174 141 114
internal_count=1506 66 44 1440 249 225 1191 285 906 273 879 293 201 586 568 278 186 290 194 152 180 273 84 96 154 42 46 144 159 132 44 50 267 69 124 198 92 66 48 88 118 174 141 114
is_linear=0
shrinkage=0.08


Tree=61
num_leaves=45
num_cat=0
split_feature=34 35 0 11 13 35 33 36 35 12 36 32 0 34 0 32 0 12 13 33 33 33 0 30 23 35 34 21 0 35 20 26 32 35 17 30 21 32 34 36 0 22 0 30
split_gain=0.327974 5.56524 9.11286 0.0476444 0.0473173 0.19883 0.31169 0.112957 0.182355 0.0953986 0.0154762 0.0159081 0.0273336 0.0133683 0.0115364 0.0106036 0.0473798 0.00598699 0.00849956 0.00494675 0.00441133 0.00365822 0.00535964 0.00457278 0.00210627 0.00342938 0.0129043 0.00372215 0.00170575 0.00163665 0.00158776 0.00149609 0.00145385 0.0041835 0.00395712 0.0014247 0.00127193 0.00115588 0.00163417 0.00092649 0.000919274 0.000887928 0.000865999 0.000808275
threshold=1.0000000180025095e-35 1.5000000000000002 16.415000000000003 9.9550000000000018 9.2600000000000016 1.0000000180025095e-35 0.70000000000000007 1.5000000000000002 1.5000000000000002 9.8550000000000022 2.5000000000000004 1.0000000180025095e-35 16.185000000000006 13.500000000000002 17.835000000000004 0.70000000000000007 16.185000000000006 9.1350000000000016 9.0050000000000008 23.900000000000002 0.70000000000000007 0.70000000000000007 15.195000000000002 2.1000000000000005 4.9000000000000012 1.0000000180025095e-35 45.000000000000007 4.2000000000000011 16.425000000000004 1.5000000000000002 19.300000000000004 6.2000000000000011 19.000000000000004 1.5000000000000002 1.1000000000000003 1.0000000180025095e-35 3.8000000000000003 1.5000000000000002 13.100000000000001 1.5000000000000002 14.280000000000003 9.8000000000000025 16.155000000000005 9.9000000000000004
decision_type=2 2 2 2 2 2 2 2 2 2 2 2 2 2 2 2 2 2 2 2 2 2 2 2 2 2 2 2 2 2 2 2 2 2 2 2 2 2 2 2 2 2 2 2
left_child=1 2 -1 4 10 6 -6 8 -7 14 11 12 -2 -8 29 16 20 18 30 21 -12 42 23 -23 25 26 -24 28 -27 -9 32 -26 35 34 -34 36 -13 38 40 -32 -37 -40 -17 -39
right_child=3 -3 -4 -5 5 7 13 9 -10 -11 15 17 -14 -15 -16 19 -18 -19 -20 -21 -22 22 24 -25 31 27 -28 -29 -30 -31 39 -33 33 -35 -36 37 -38 43 41 -41 -42 -43 -44 -45
leaf_value=0.0091362763717770575 0.00032220037582668566 0.022716647237539293 -0.057001255651315051 -0.0019391366433013568 0.013069211597598733 0.0061047581040664855 0.0027188250748440622 -1.5517010946165429e-05 -0.00065306390643767682 -0.0037772786206807254 0.00082724871987906786 -0.00060246553167235106 -0.0025310291146690197 4.8667890854024636e-05 0.0010744557617107164 -8.3005527866684576e-05 0.003987116328017278 -0.0010716110792462572 0.0012865350294900548 0.0011070520487846806 -0.00039877364882843548 0.0019113254178823394 -0.00039864228467437597 0.00035756152804458034 0.00083297238685190681 -0.00067196795745103652 0.0022247679699212313 0.00046386590046394201 -0.00010842553205891616 -0.00067012056911533533 -0.00079347590696724022 0.00017325668384067037 3.4184615360572933e-05 0.00027682472727502938 -0.0011812673659296706 -0.00010859346153059354 6.3064293490777557e-05 5.5698498881391284e-05 -1.0241994239164121e-06 -0.00011152163157056943 0.00047146371524671427 -0.00051469853343141662 -0.00066041012746140813 0.00024362944495182835
leaf_weight=30 42 30 24 66 21 46 24 44 57.5 54 32.5 40 44 24 54 33.5 27.5 33 33 40 44.5 22 30 27 44 49.5 20 58.5 112.5 55 25.5 44 30 54 40 36 34 455 33 25.5 34 62 33 216
leaf_count=30 42 21 15 36 21 23 24 22 23 24 30 30 24 24 24 30 15 18 18 24 36 21 30 27 24 22 20 28 50 22 21 24 20 24 28 36 24 282 18 21 24 42 18 126
internal_value=-3.06489e-12 -0.00491003 -0.0202582 0.000179245 0.000241801 0.00105573 0.00494019 0.000192515 0.00235041 -0.000886434 7.53308e-05 -8.80411e-05 -0.00113759 0.00138375 0.000133864 0.000402074 0.00113671 -9.62114e-06 2.17256e-05 0.000252718 0.000118703 0.000180623 0.000270403 0.00105517 0.000163141 5.25396e-05 0.000650722 -8.31026e-05 -0.000280619 -0.000379186 -1.67432e-05 0.000503115 4.74953e-06 -0.000252231 -0.000660359 3.97666e-05 -0.000296682 6.95479e-05 -0.00012015 -0.000452499 0.000173149 -0.000336264 -0.000369537 0.000116195
internal_weight=2385 84 54 2301 2235 379.5 69 310.5 103.5 207 1855.5 1237 86 48 153 618.5 104.5 1151 1118 514 77 474 407.5 49 358.5 270.5 50 220.5 162 99 1085 88 1034 124 70 910 74 836 165 51 70 95 66.5 671
internal_count=1506 66 45 1440 1404 207 69 138 46 92 1197 798 66 48 68 399 81 732 714 318 66 294 246 48 198 150 50 100 72 44 696 48 654 72 48 582 54 528 120 42 60 60 48 408
is_linear=0
shrinkage=0.08


Tree=62
num_leaves=45
num_cat=0
split_feature=15 34 34 0 33 33 16 32 10 0 29 16 34 29 30 30 0 15 18 30 31 0 30 29 29 15 16 29 31 20 23 26 15 15 31 32 31 5 30 31 11 30 15 15
split_gain=0.344192 16.9089 1.24333 1.30232 0.0758542 0.0538903 0.0586188 0.0311932 0.02754 0.0168549 0.00715957 0.00658332 0.0138178 0.0104163 0.00607099 0.00319312 0.00267793 0.00399419 0.00234689 0.00217874 0.00209679 0.00234905 0.00266557 0.00444006 0.00164339 0.00159949 0.00154949 0.00135999 0.00114913 0.00104746 0.00100216 0.000967833 0.000809593 0.000791181 0.000622754 0.000573074 0.000510203 0.000490707 0.000459437 0.000418862 0.000338319 0.000298683 0.000600078 0.000313806
threshold=1.9073076923076921 1.0000000180025095e-35 0.80000000000000016 16.415000000000003 0.3000000000000001 1.3 6.785000000000001 0.70000000000000007 9.9550000000000018 16.590000000000003 0.50000000000000011 6.6250000000000018 10.900000000000004 1.0000000180025095e-35 1.0000000180025095e-35 40.400000000000013 13.955000000000002 2.1615384615384623 0.3000000000000001 1.3 9.9000000000000004 15.475000000000001 11.900000000000002 0.70000000000000007 27.500000000000004 3.2150000000000003 7.1750000000000016 2.8000000000000003 11.4 0.3000000000000001 5.4000000000000012 1.6000000000000003 2.0534615384615376 2.5850000000000009 1.5000000000000002 5.5000000000000009 1.7000000000000004 10.065000000000003 9.1000000000000014 4.2000000000000011 7.8650000000000011 11.100000000000001 2.3550000000000009 2.6388461538461545
decision_type=2 2 2 2 2 2 2 2 2 2 2 2 2 2 2 2 2 2 2 2 2 2 2 2 2 2 2 2 2 2 2 2 2 2 2 2 2 2 2 2 2 2 2 2
left_child=2 -2 3 -1 7 6 -6 -4 11 -9 -8 -7 13 14 -13 16 -3 18 32 -15 21 22 23 -19 25 30 -12 29 36 -23 35 34 -18 -25 -29 37 -14 -22 -36 40 -31 42 -37 -44
right_child=1 15 4 -5 5 8 10 9 -10 -11 26 12 28 19 -16 -17 17 20 -20 -21 24 27 -24 33 -26 -27 -28 31 -30 39 -32 -33 -34 -35 38 41 -38 -39 -40 -41 -42 -43 43 -45
leaf_value=0.0031861212001078661 -0.091568872699370751 0.00083192688801015421 0.0033662876371068485 0.025675880453334403 -0.0042867085027198 -0.00061193523683933295 0.00036728143492447475 -0.00063639855460712199 0.0026511623620083836 0.002058794236544407 -0.0013475243385994073 0.0024166233939203348 -0.00020801207739859818 0.00068101970094215604 0.0010240524675806657 0.0008381461075535326 -0.00049782542292686066 -7.7468996665225459e-05 -0.00089022987136809994 -0.00022822008327101216 0.00028997680961361362 -0.00034621337774407235 -0.00013178429130512553 0.0007591489337048391 -0.00055135509575761506 -0.0004518861620865687 -0.00061498022194774382 0.00030116224120549785 0.00046859746192102185 0.00028478266596041547 0.00031482286807714091 0.00026850678529966661 6.9893099037775149e-05 0.0013014548606323925 -0.00011289228261183433 -0.00027829778003728107 4.2933406283347199e-05 -0.00010159086704141262 0.00013112993628689739 -0.00010717906656138825 -1.0995291681452231e-05 -0.00023072847301761312 0.00024718848057091235 -5.6864607794624237e-05
leaf_weight=45 12.999999999999998 27 66 26 33 49.5 42 27 33 33 33 33 75 34.5 51 33 25.5 36 43.5 33 54 66 39 36 42 49.5 42 49.5 33 49.5 66 247.5 43.5 33 123 42 168 33 82.5 82.5 49.5 75 42 45
leaf_count=45 7 27 36 14 18 27 27 27 18 18 18 18 45 27 36 18 18 36 36 18 36 36 36 36 27 27 27 27 18 27 36 135 36 27 72 27 108 18 45 45 27 45 27 27
internal_value=-1.3772e-12 -0.000719738 0.00128327 0.0114218 0.000367445 2.40596e-05 -0.00130889 0.00216613 0.000416103 0.000845957 -0.000468988 0.000261476 0.000362608 0.000976496 0.00157113 5.98252e-05 4.24942e-05 2.78449e-05 -0.000430037 0.000236502 6.6215e-05 0.00013703 0.000432978 0.000642748 -7.49406e-05 -2.57169e-05 -0.0009373 8.02074e-05 2.56363e-05 -7.32924e-05 3.33737e-05 0.000155812 -0.000139916 0.00101851 4.64314e-05 -3.04601e-05 -3.45189e-05 0.000141451 -1.49272e-05 2.59515e-05 0.000136894 -0.000103775 -2.99651e-05 8.99196e-05
internal_weight=2385 1528 857 71 786 660 150 126 510 60 117 477 427.5 151.5 84 1515 1482 1455 112.5 67.5 1342.5 894 144 105 448.5 406.5 75 750 276 247.5 357 502.5 69 69 255 291 243 87 205.5 181.5 99 204 129 87
internal_count=1506 961 545 59 486 405 90 81 315 45 72 297 270 99 54 954 936 909 90 45 819 549 135 99 270 243 45 414 171 135 216 279 54 63 144 180 153 54 117 99 54 126 81 54
is_linear=0
shrinkage=0.08


Tree=63
num_leaves=45
num_cat=0
split_feature=37 32 32 37 36 37 2 2 30 31 11 0 32 7 30 10 28 36 10 9 37 14 37 37 12 36 37 36 31 22 18 31 19 22 16 22 32 2 25 31 30 30 32 37
split_gain=0.363828 7.2615 0.27863 0.391311 1.52448 1.50675 1.03388 0.700351 0.704911 0.208648 0.0357199 0.0199692 0.0797178 0.0179335 0.0147584 0.0119028 0.00891038 0.00549954 0.00836154 0.00669767 0.0139515 0.0066777 0.00859842 0.00633969 0.00563499 0.00471199 0.00340223 0.00327788 0.00377692 0.00492938 0.00338669 0.00325645 0.00323406 0.00312515 0.00236317 0.00217296 0.00212175 0.00199759 0.00169035 0.0014233 0.00171353 0.00138187 0.00149589 0.00148706
threshold=16.415000000000003 1.0000000180025095e-35 1.0000000180025095e-35 7.8750000000000009 2.5000000000000004 9.3250000000000011 13.485000000000001 16.415000000000003 1.0000000180025095e-35 0.50000000000000011 9.9550000000000018 17.150000000000002 3.1000000000000005 10.770000000000001 5.9000000000000012 9.8950000000000014 36.700000000000003 1.5000000000000002 9.3000000000000025 11.285000000000002 11.911538461538465 7.4800000000000013 7.4800000000000013 14.240000000000002 7.5250000000000012 2.5000000000000004 11.245000000000003 2.5000000000000004 3.9000000000000004 54.300000000000004 6.4000000000000012 1.7000000000000004 5.9000000000000012 26.300000000000008 6.8850000000000025 24.100000000000005 1.5000000000000002 16.175000000000004 6.6000000000000005 0.70000000000000007 9.9000000000000004 6.1000000000000005 6.9000000000000012 9.3000000000000025
decision_type=2 2 2 2 2 2 2 2 2 2 2 2 2 2 2 2 2 2 2 2 2 2 2 2 2 2 2 2 2 2 2 2 2 2 2 2 2 2 2 2 2 2 2 2
left_child=2 -2 3 4 6 -5 -1 8 -7 -3 15 12 -11 -13 -14 17 -15 18 34 21 25 23 -23 27 -24 -21 37 -19 29 33 35 -25 -33 36 39 -30 -29 -26 -18 -4 41 42 43 -41
right_child=1 9 10 5 -6 7 -8 -9 -10 11 -12 13 14 16 -16 -17 38 19 -20 20 -22 22 24 31 26 -27 -28 28 30 -31 -32 32 -34 -35 -36 -37 -38 -39 -40 40 -42 -43 -44 -45
leaf_value=-0.021762493175046985 -0.047919859265287718 0.0082548386037039258 0.00048867362443493997 0.019197798748811085 0.01341490670219706 0.017048425110988318 -7.5788450673879942e-05 -0.0041864763413156777 -0.00038143321137988205 0.0056093276664614675 -0.0020254457259067781 -0.0017414688240064103 -0.0018420265136020525 0.0015843681972128926 0.00082659256120678039 0.0012323850351903174 -0.00058132090324458359 0.00015593775442196591 -0.0010108809052897549 0.00055808157635856817 -0.00066382816038094452 -0.0014662691603104276 0.0012443462163209914 -0.0011830547613014158 -0.00065826719074889458 0.0015912785799761789 0.00048206032544840128 0.00045891545912516969 6.1200078990724345e-05 0.0018117038577289905 -0.00039274926040915476 -0.00061683108781774838 0.00062910099734532813 -0.00013972513675689698 -0.00033178947375355551 0.00093578947074494738 0.0014625319548381064 -0.00013590194429941791 0.00021742653292723191 -0.00055229143786203602 0.00024642289248930121 -0.00046584652174910731 0.00025124736986090911 0.00011465999123174698
leaf_weight=24 21 24 41 37.5 29 27 34 73.5 33 21 54 36 21 27 36 54 30 217.5 67.5 56.5 40 30 20 24 54 56.5 52 28 31.5 29.5 34.5 30 24 25 150.5 43 26 354 39 46 110 60.5 72.5 40
leaf_count=24 21 24 21 15 26 24 28 36 27 21 24 36 21 27 36 24 30 148 30 24 20 12 10 24 24 24 38 28 14 20 21 30 24 19 126 27 19 156 39 20 54 28 38 24
internal_value=4.42952e-12 -0.00285571 0.00034188 0.00280654 -0.00156143 0.00502884 -0.0090496 0.0010488 0.007462 0.00118851 2.19975e-06 0.000380932 0.00139578 -0.000218749 -0.000156583 6.24268e-05 0.00035227 2.66118e-05 -0.000173153 0.000126494 0.000620168 5.26602e-05 -0.000152333 0.000256454 -7.02118e-05 0.00107468 -0.000127366 0.000375542 0.000595147 0.000929287 0.00026254 -0.00040769 -6.30835e-05 0.000599776 -6.45139e-05 0.000565997 0.000942138 -0.000205039 -0.000129855 4.42023e-05 -1.11877e-05 -0.000140581 -1.64263e-05 -0.000242081
internal_weight=2385 255 2130 258 87 171 58 133.5 60 234 1872 210 78 132 57 1818 96 1764 588 1176 153 1023 510 513 480 113 460 435 217.5 108.5 109 78 54 79 520.5 74.5 54 408 69 370 329 219 158.5 86
internal_count=1506 255 1251 180 78 102 52 87 51 234 1071 210 78 132 57 1047 96 1023 341 682 68 614 240 374 228 48 218 296 148 86 62 78 54 66 311 41 47 180 69 185 164 110 82 44
is_linear=0
shrinkage=0.08


Tree=64
num_leaves=45
num_cat=0
split_feature=15 34 34 36 35 32 16 36 0 16 34 15 35 16 15 36 32 16 15 15 30 34 32 15 15 32 30 32 35 16 25 30 30 30 0 35 35 29 30 15 36 0 24 35
split_gain=0.302634 14.2548 1.03912 4.9261 0.125219 0.160771 0.232218 0.0534081 0.386677 0.208939 0.042754 0.0346656 0.0150773 0.0109002 0.00973084 0.00934478 0.0113413 0.00835898 0.0083269 0.00501111 0.00481279 0.00587136 0.00312255 0.0030564 0.00671621 0.00320108 0.0023655 0.00242452 0.00215597 0.00809318 0.00421808 0.0034816 0.00266129 0.00209604 0.00233061 0.0079739 0.0159319 0.00197768 0.00182799 0.0013656 0.00134013 0.00127515 0.0011045 0.00732784
threshold=1.9073076923076921 1.0000000180025095e-35 0.80000000000000016 1.5000000000000002 1.0000000180025095e-35 0.70000000000000007 7.3600000000000021 1.5000000000000002 17.630000000000006 6.6250000000000018 12.500000000000005 0.94499999999999951 1.5000000000000002 6.6500000000000012 0.034999999999999261 1.5000000000000002 1.0000000180025095e-35 6.6500000000000012 -0.15000000000000033 0.094999999999998877 1.9000000000000001 28.100000000000005 17.600000000000005 2.1615384615384623 2.1200000000000006 0.3000000000000001 1.0000000180025095e-35 0.3000000000000001 1.5000000000000002 6.0453846153846165 5.4000000000000012 2.8000000000000003 1.0000000000000002 37.000000000000007 15.195000000000002 1.5000000000000002 1.0000000180025095e-35 0.70000000000000007 3.9000000000000004 2.6899999999999999 2.5000000000000004 13.56 7.5000000000000009 1.5000000000000002
decision_type=2 2 2 2 2 2 2 2 2 2 2 2 2 2 2 2 2 2 2 2 2 2 2 2 2 2 2 2 2 2 2 2 2 2 2 2 2 2 2 2 2 2 2 2
left_child=2 -2 3 -1 5 6 -4 9 12 -6 -7 -12 13 -9 -15 16 -3 -14 -11 -20 37 -22 28 24 -17 40 -21 -28 30 -30 32 -31 -18 34 35 36 -27 -19 -13 -33 -25 -16 -36 -44
right_child=1 15 4 -5 7 10 -8 8 -10 18 11 38 17 14 41 23 22 20 19 26 21 -23 -24 25 -26 33 27 -29 29 31 -32 39 -34 -35 42 -37 -38 -39 -40 -41 -42 -43 43 -45
leaf_value=0.03819436504290654 -0.084089704843667831 -0.0019756500997945019 0.0096682916995551853 -0.0055455253389146602 0.008178543090820313 0.0030433882623910904 -0.00091727913623409606 0.0026216879184357824 -0.0085960141093366672 0.0019283915559450784 -0.0032880213896610906 0.00091385334236265131 -0.0019341777227818966 0.0017800577463848251 0.00068787924500859595 0.00027249395052484911 0.00051948259920027342 0.00055129790516651191 -0.0012480259057548312 -0.00059600910048771525 -0.0013949328955066831 -7.569265846104828e-05 -0.0006189338355117543 0.00040881671311874542 -0.0011307897382149738 -0.00026659441188288234 0.00087660862938859134 2.7366345047309835e-06 -0.0017956126257777213 -0.000667247824207112 0.00084987919717931595 0.00049730765845869545 -0.00021291453757757238 0.00081059376003615789 7.1074205966133083e-05 -0.00053090104057143127 0.0022995657982392004 -0.00016252762301721506 -4.0935071717415542e-05 -8.4181830155765798e-05 0.0011526880874448728 1.8593183809777125e-05 -0.00024991847698887192 0.0010614169444888831
leaf_weight=26 12.999999999999998 23 36 45 22.5 30 21 15.999999999999998 36 13.499999999999998 21 33 20 28 22 58 40 46 22.5 30.5 38 50 78.5 31 35 30 26 93 20 45.5 39 46 154 33 620 30 32 54 21 59 31 106 60 50
leaf_count=21 7 18 36 38 10 30 21 8 16 6 21 33 8 14 22 48 32 28 10 18 20 20 45 21 30 30 16 48 8 26 26 25 112 18 348 30 30 24 21 26 21 56 40 20
internal_value=2.85296e-11 -0.000674891 0.00120331 0.0104719 0.000366066 0.00234782 0.00576834 -0.000148426 -0.000671769 0.00089826 0.000490959 -0.000530012 7.89485e-05 0.000633098 0.00042914 4.088e-05 -0.000240105 -0.000379291 1.52062e-05 -0.000134957 -0.000213877 -0.000645365 -0.000157289 0.000181373 -0.000255624 0.000225692 3.25622e-05 0.000193667 -6.74767e-05 -0.000283652 9.07114e-05 -8.27266e-05 -6.19048e-05 0.000185442 0.000160344 0.000539796 0.00105788 0.000165832 0.000542547 0.000170566 0.000780752 0.000133627 0.000112523 0.000346143
internal_weight=2385 1528 857 71 786 162 57 624 416 208 105 75 380 172 156 1515 505 208 185.5 172 188 88 482 1010 93 917 149.5 119 403.5 170.5 233 150.5 194 855 822 92 62 100 54 105 62 128 730 110
internal_count=1506 961 545 59 486 162 57 324 216 108 105 75 200 100 92 954 318 100 98 92 92 40 300 636 78 558 82 64 255 85 170 77 144 516 498 90 60 52 54 51 42 78 408 60
is_linear=0
shrinkage=0.08


Tree=65
num_leaves=45
num_cat=0
split_feature=37 1 33 32 36 16 16 31 36 33 37 16 37 11 13 1 16 2 25 11 36 4 37 37 4 12 37 37 37 18 16 37 22 19 12 29 32 29 16 16 37 18 37 37
split_gain=0.333385 8.03271 0.318537 0.239741 0.8399 9.89125 7.69575 1.76431 1.4216 2.03225 0.0868191 0.0331692 0.199424 0.0216934 0.0197894 0.00852799 0.00366696 0.00363909 0.00278687 0.00348838 0.00259161 0.00593716 0.00434655 0.00716697 0.00416427 0.00446202 0.00656766 0.00336812 0.00452162 0.0195802 0.00949753 0.0135564 0.00754649 0.0102426 0.00305699 0.00456226 0.00303572 0.00280258 0.0022143 0.00217662 0.00241018 0.00265169 0.00273026 0.002034
threshold=16.425000000000004 16.465000000000003 0.50000000000000011 1.0000000180025095e-35 2.5000000000000004 6.6350000000000016 6.6350000000000016 1.0000000180025095e-35 1.5000000000000002 0.50000000000000011 9.6200000000000028 5.9461538461538463 11.703076923076924 9.9350000000000005 9.7700000000000014 16.920000000000005 6.0273076923076916 16.575000000000003 7.5000000000000009 8.490000000000002 1.5000000000000002 17.475000000000005 2.2750000000000004 2.5300000000000007 17.545000000000005 7.455000000000001 11.575000000000001 14.160000000000002 7.4050000000000011 15.500000000000002 6.8650000000000011 10.115 45.400000000000013 8.9000000000000021 7.3150000000000004 0.50000000000000011 1.7000000000000004 2.1000000000000005 6.8850000000000025 6.8000000000000025 9.8850000000000033 2.7000000000000006 8.7750000000000004 11.035000000000002
decision_type=2 2 2 2 2 2 2 2 2 2 2 2 2 2 2 2 2 2 2 2 2 2 2 2 2 2 2 2 2 2 2 2 2 2 2 2 2 2 2 2 2 2 2 2
left_child=3 -2 -3 4 6 -6 -1 -7 9 -8 -10 12 -5 16 15 17 -13 -4 19 -17 21 38 -22 -24 25 27 39 28 29 32 -30 -32 34 -34 35 -25 -29 -37 43 40 41 42 -27 -18
right_child=1 2 14 11 5 7 8 -9 10 -11 -12 13 -14 -15 -16 18 20 -19 -20 -21 22 -23 23 24 -26 26 -28 36 30 -31 31 -33 33 -35 -36 37 -38 -39 -40 -41 -42 -43 -44 -45
leaf_value=0.028326346500217918 -0.05138174937199802 0.010234454274177551 0.00042937341953317327 0.0017154501229524612 -0.041584551450559649 0.027443825959679532 -0.029622161079996809 -0.00057363567490349796 -0.00047100790423642403 0.00098002493733028882 0.0057757250930429724 0.0006068436645523265 -0.0052027632430933102 0.0014914054578101194 0.0022743136819564935 -0.00016427394235506653 0.00013401635653685338 0.0018024709856226332 0.00030730956974319926 -0.0013234429957810789 -0.0025558700785040856 -0.0011302401290999519 0.0024717624997720121 -0.00052681750782272393 0.00069947405422609004 -0.00029017670640854961 0.00084212470433807796 -0.00093219566092427291 0.00013174948629503158 -0.0019453895119605242 0.0028817524992822046 0.00051809388731436973 0.0021791564018048093 -7.5498990078743259e-06 -0.00077209384217858323 0.0011318197256575029 0.00012432672478177625 6.3450287406643227e-05 -0.00030898593246358981 -0.0005556371323764324 -0.00042808206995444679 0.00053409470625373782 0.00025404999379246505 -0.00039291591344018734
leaf_weight=62.5 20 24 30 60 29.5 33 30.5 25.5 34 25.5 24.5 67.5 48 67.5 33 54 288 21 39 24 3.9999999999999991 36 7.9999999999999991 34 63 175 42 28 102 27 24 44 29 26 25 33 46 30 164 90 120 49 89 56
leaf_count=34 20 24 30 24 16 28 27 18 28 18 18 30 24 30 33 54 130 21 39 24 4 16 8 34 28 70 38 28 48 24 14 36 26 20 10 30 46 18 132 40 60 20 42 44
internal_value=-1.6692e-11 -0.00279539 0.0015234 0.000320033 0.00257236 -0.00381507 0.00574804 0.0152311 -0.00657637 -0.0156872 0.00214515 1.70363e-06 -0.00135931 8.48896e-05 0.000483269 0.000131457 2.90262e-05 0.000994767 -0.000244858 -0.000520941 5.12752e-06 -0.000137443 7.64127e-05 8.61259e-05 6.83889e-05 2.91407e-05 -0.000120368 0.000217695 0.000315267 6.13389e-05 0.00061998 0.00135233 0.00036745 0.00114544 1.67165e-05 0.000220018 -0.000275439 0.000623072 -6.70872e-05 -0.000197662 -0.000123256 -6.38924e-06 -0.000106706 4.82367e-05
internal_weight=2385 245 225 2140 265 88 177 58.5 114.5 56 58.5 1875 108 1767 201 168 1699.5 51 117 78 1632 544 1088 1084 1076 1013 565 448 374 204 170 68 177 55 122 97 74 63 508 523 433 313 264 344
internal_count=1506 245 225 1261 187 62 125 46 91 45 46 1074 48 1026 201 168 996 51 117 78 966 322 644 640 632 604 270 334 260 162 98 50 138 46 92 82 74 48 306 232 192 132 112 174
is_linear=0
shrinkage=0.08


Tree=66
num_leaves=45
num_cat=0
split_feature=37 4 34 36 1 33 11 9 10 36 32 16 32 16 16 36 1 0 1 0 4 37 37 18 37 37 37 1 16 34 34 19 34 0 0 37 0 35 4 32 16 20 34 35
split_gain=0.282177 7.49014 0.886056 3.5277 14.681 0.256511 0.0312101 0.029033 0.0126634 0.0159512 0.0304748 0.126522 0.0196937 0.0992119 0.0121497 0.00984934 0.00941663 0.014042 0.00529844 0.00593482 0.0045456 0.00407657 0.0133949 0.0120545 0.00332936 0.00614158 0.00295267 0.0107863 0.0096536 0.0039323 0.00290231 0.00281013 0.00235401 0.00516302 0.00592815 0.00317198 0.00404784 0.00228827 0.00524079 0.00458416 0.00273465 0.00212121 0.00188051 0.00376892
threshold=16.425000000000004 16.455000000000002 1.0000000180025095e-35 2.5000000000000004 16.375000000000004 0.50000000000000011 9.9550000000000018 9.8350000000000026 9.8950000000000014 2.5000000000000004 1.0000000180025095e-35 6.8350000000000017 1.0000000180025095e-35 7.1300000000000008 6.0057692307692303 1.5000000000000002 16.485000000000003 16.625000000000004 17.150000000000002 15.625000000000002 17.430000000000003 8.5250000000000004 5.535000000000001 3.0000000000000004 10.675000000000002 8.8450000000000006 9.9950000000000028 17.890000000000004 6.0273076923076916 67.500000000000014 55.900000000000013 0.50000000000000011 25.600000000000005 14.485000000000001 14.760000000000003 8.9450000000000021 16.860000000000003 1.5000000000000002 16.175000000000004 3.5000000000000004 6.3150000000000004 2.7000000000000006 11.500000000000002 1.5000000000000002
decision_type=2 2 2 2 2 2 2 2 2 2 2 2 2 2 2 2 2 2 2 2 2 2 2 2 2 2 2 2 2 2 2 2 2 2 2 2 2 2 2 2 2 2 2 2
left_child=2 -2 3 4 -1 -3 8 16 9 10 11 -4 13 -11 -9 -13 -7 -18 19 21 31 22 23 -14 25 -20 27 32 -28 30 -30 -16 42 -34 -35 36 -36 39 -39 -21 -41 -37 -12 -44
right_child=1 5 6 -5 -6 7 -8 14 -10 12 26 15 18 -15 20 -17 17 -19 24 37 -22 -23 -24 -25 -26 -27 28 -29 29 -31 -32 -33 33 34 35 41 -38 38 -40 40 -42 -43 43 -45
leaf_value=-0.017655295394361021 -0.049488545071333649 0.00941569780309995 -0.0048083792398260399 -0.015233012144281357 0.065352475261688234 0.0034714371232049809 -0.0019283785312264054 0.0012791254702541562 0.001229109195302482 0.0048529292498865435 -8.6553166718812485e-05 0.0014557148741546255 0.0012492832308635116 -0.0016005707260143634 0.00065463861469955496 -0.00034222909583686258 -6.6133450184549603e-05 0.0028594315282645679 0.00022971344642017198 -0.00050034341678591599 -0.0011534574896925026 -9.331659156504982e-05 0.0024496505919681943 -0.0011042017912348875 6.4054331897447507e-05 0.0014206279131853692 0.0013170175692066549 -0.0013349953409698273 -4.1009902909944026e-06 -0.00084462416591122745 0.00080862637842074039 -0.00043052384895937782 0.0020457592152524741 -0.0013533561260846911 0.0003784038847711116 -8.0165659535534519e-05 -0.00016499603017499403 0.00022751130004014286 -0.00077323048994750593 -0.00019267353011916081 0.00075995393787269244 -0.00075651157181710004 0.00010558941267744458 -0.00092662029365291358
leaf_weight=30 20 24 44 27 25 21 54 36 54 31 142 39 30 30 24 39 21 21 57.5 59 36 51 23 26 60 53.5 40 45 232 32 32 42 7.9999999999999991 20 235 115 140 52.5 92.5 30 54 40 36 61
leaf_count=30 20 24 24 21 13 21 24 36 24 16 96 29 30 25 24 29 21 21 23 35 36 46 21 26 30 23 20 18 174 24 18 42 8 20 114 56 56 21 37 20 30 20 26 34
internal_value=2.18704e-11 -0.00257176 0.000294431 0.00844953 0.0200755 0.00159862 -3.05055e-05 0.000665238 2.06348e-05 -1.28306e-05 -0.000174622 -0.00137822 0.000310752 0.00167908 1.56041e-05 0.000556743 0.00208825 0.00139665 0.000169041 1.55733e-05 -0.000430345 0.000464247 0.000824193 0.000156594 0.000544183 0.000803713 -4.99709e-05 -0.00012998 0.000150528 -7.10594e-06 9.44114e-05 -3.59193e-05 -6.19426e-05 2.80375e-05 -1.31121e-06 4.97093e-05 0.000175535 -0.000186953 -0.000410893 4.01192e-05 0.00041973 -0.000254707 -0.000272022 -0.000543532
internal_weight=2385 245 2140 82 55 225 2058 201 2004 1950 1300 122 650 61 138 78 63 42 589 418 102 130 79 56 171 111 1178 842 336 296 264 66 797 558 550 530 375 288 145 143 84 155 239 97
internal_count=1506 245 1261 64 43 225 1197 201 1173 1149 766 82 383 41 138 58 63 42 342 266 102 123 77 56 76 46 684 448 236 216 192 66 430 274 266 246 170 143 58 85 50 76 156 60
is_linear=0
shrinkage=0.08


Tree=67
num_leaves=45
num_cat=0
split_feature=34 37 37 34 33 3 28 37 37 37 11 37 36 31 16 29 33 32 2 16 30 14 23 37 17 37 33 32 2 31 21 22 22 33 16 21 29 30 2 24 8 20 32 32
split_gain=0.283175 4.66674 0.130314 0.218986 0.10497 0.0860746 0.0338494 0.0310848 0.0295774 0.406049 0.0936735 0.0150148 0.0124981 0.0273944 0.0575342 0.0144234 0.0216755 0.0225717 0.0142289 0.00860286 0.00692729 0.00651412 0.00619554 0.00519967 0.00469354 0.00363465 0.00376166 0.00338893 0.00331517 0.00274333 0.00317743 0.00383805 0.00238441 0.00233778 0.00287815 0.00220055 0.00214933 0.0019576 0.00214829 0.00190327 0.00192093 0.00189762 0.00184054 0.00171905
threshold=1.0000000180025095e-35 9.7850000000000019 16.415000000000003 12.500000000000005 0.70000000000000007 16.660000000000004 10.6 16.525000000000002 11.703076923076924 11.802307692307695 9.8950000000000014 11.868846153846155 2.5000000000000004 1.0000000180025095e-35 6.6350000000000016 1.3 1.7000000000000004 1.0000000000000002 17.860000000000003 6.0700000000000012 1.0000000180025095e-35 7.5750000000000002 1.1000000000000003 5.2400000000000011 1.9000000000000001 8.2450000000000028 2.5000000000000004 0.50000000000000011 14.110000000000001 1.0000000000000002 5.3000000000000016 33.000000000000007 21.900000000000002 9.1000000000000014 6.7500000000000018 1.1000000000000003 3.5000000000000004 4.6000000000000005 17.820000000000004 6.6000000000000005 9.9200000000000017 14.600000000000001 17.100000000000005 0.70000000000000007
decision_type=2 2 2 2 2 2 2 2 2 2 2 2 2 2 2 2 2 2 2 2 2 2 2 2 2 2 2 2 2 2 2 2 2 2 2 2 2 2 2 2 2 2 2 2
left_child=1 -1 8 4 -4 7 -7 -5 10 -10 12 -11 13 14 -2 16 28 -18 29 -17 -13 23 -8 -21 37 -23 -27 -16 -14 35 39 -32 -26 34 -25 43 -33 -22 -39 40 -31 -34 -24 -15
right_child=2 -3 3 5 -6 6 22 -9 9 11 -12 20 15 18 27 19 17 -19 -20 21 24 25 42 33 32 26 -28 -29 -30 30 31 36 41 -35 -36 -37 -38 38 -40 -41 -42 -43 -44 -45
leaf_value=0.012991912021301686 -0.004024298480815358 -0.024817335150944881 0.010907447608797589 0.0017384567892608734 0.003532861168806752 -0.0034001726000791503 0.0013361195035810982 0.0053977426537312571 -0.010756557919085027 0.0028137267155883211 0.0026041687675234342 -0.0012254980731910715 -0.00095597845346977314 0.00048078143869393638 0.00035198395495258629 0.0012616615404840558 0.0035772918909788131 0.00086066349565982819 -0.0013840305555611848 -0.00095096601778641354 8.9626745348574498e-05 -0.0010564484786656169 6.9682027969975024e-06 0.00033757545308679595 -0.0010936207704556485 -0.00070633112863690509 0.00012027126027158265 -0.00075076711093706461 0.00023615659344234044 -7.0735143450421199e-05 -0.00097055404242128132 0.00034879692654029871 4.3031153983126084e-05 1.0390512030059044e-05 0.0012765367268942872 0.00071364343225617305 -0.00047133098020716462 0.0010562217981817249 0.00015575463324785232 -0.00038003897465698953 0.00022644487088583116 -0.00077425852447049698 -0.00084422472997435513 -0.00018428295546356343
leaf_weight=45 36 39 21 39 30 21 21 24 24 11.999999999999998 90 30 24 42 42 32 28.5 62.5 50 20 84 45 72 58.5 21 61.5 82.5 31 39.5 311 50 39 75 54.5 32.5 55 43 39 30 70 252 24 21 61
leaf_count=36 16 30 21 39 30 21 21 24 12 6 39 30 24 32 32 13 16 34 20 20 69 18 72 28 21 28 38 16 22 164 28 28 75 26 22 36 28 33 15 30 112 24 21 36
internal_value=3.34481e-12 -0.00456238 0.000166554 0.00189484 0.00656946 0.000690775 -0.000448682 0.00313247 -4.31656e-05 -0.000725913 9.19491e-05 3.83264e-05 -4.73606e-05 -0.000204338 -0.00140702 0.000266594 0.000919929 0.00171148 -6.96081e-05 5.42968e-06 -7.15905e-05 -0.000107968 9.50132e-05 0.000258505 5.52126e-05 -0.000428874 -0.000232757 -0.000116308 -0.000214414 1.59571e-06 -6.10838e-05 -0.00041812 -0.000319341 0.000424755 0.000672919 0.000305076 -8.12701e-05 0.00034898 0.000664714 1.33693e-05 6.22833e-05 -0.0001551 -0.000185237 8.69084e-05
internal_weight=2385 84 2301 249 51 198 135 63 2052 339 1713 315 1623 1082 109 541 154.5 91 973 386.5 303 354.5 114 165.5 273 189 144 73 63.5 923 765 132 120 145.5 91 158 82 153 69 633 563 99 93 103
internal_count=1506 66 1440 249 51 198 135 63 1191 285 906 273 867 578 64 289 96 50 514 193 267 180 114 96 237 84 66 48 46 494 390 84 120 76 50 104 56 117 48 306 276 99 93 68
is_linear=0
shrinkage=0.08


Tree=68
num_leaves=45
num_cat=0
split_feature=15 15 15 35 1 15 35 33 33 16 30 30 0 33 35 0 31 30 35 16 32 33 2 32 35 19 17 31 16 0 19 30 30 35 5 33 35 8 0 30 0 35 19 32
split_gain=0.214365 3.24572 0.602514 0.290841 0.429002 0.209169 0.0752191 0.268066 0.0710533 0.0305496 0.027589 0.0107019 0.00760906 0.00293393 0.0061304 0.00252786 0.00311984 0.00280564 0.00248886 0.00187449 0.00178338 0.00337741 0.00197944 0.00180872 0.00334481 0.00175391 0.0016077 0.00276406 0.00150501 0.00139597 0.0013757 0.00131689 0.00121333 0.00301385 0.00969442 0.00150703 0.00281317 0.00148348 0.00102111 0.000804247 0.000691468 0.000789954 0.000687357 0.000585942
threshold=1.8492307692307708 1.9399999999999999 1.7630769230769225 1.5000000000000002 16.415000000000003 1.7299999999999995 1.0000000180025095e-35 0.3000000000000001 1.3 7.4350000000000032 3.9000000000000004 32.100000000000001 17.400000000000002 24.800000000000004 1.5000000000000002 16.805000000000003 0.50000000000000011 0.3000000000000001 1.5000000000000002 6.8350000000000017 1.7000000000000004 0.3000000000000001 16.165000000000003 0.70000000000000007 1.5000000000000002 1.0000000180025095e-35 17.200000000000006 6.3000000000000016 7.9600000000000017 16.590000000000003 12.900000000000002 1.9000000000000001 9.1000000000000014 1.0000000180025095e-35 10.085000000000003 6.5000000000000009 1.5000000000000002 9.9200000000000017 15.020000000000001 6.9000000000000012 16.525000000000002 1.5000000000000002 2.7000000000000006 18.200000000000003
decision_type=2 2 2 2 2 2 2 2 2 2 2 2 2 2 2 2 2 2 2 2 2 2 2 2 2 2 2 2 2 2 2 2 2 2 2 2 2 2 2 2 2 2 2 2
left_child=2 -2 5 4 -4 6 7 -1 -9 10 -10 13 15 20 19 17 -17 18 -8 -15 21 23 38 24 25 -3 28 -28 30 31 32 -19 35 34 -34 39 42 -35 -23 43 41 -33 -37 -22
right_child=1 11 3 -5 -6 -7 12 8 9 -11 -12 -13 -14 14 -16 16 -18 29 -20 -21 26 22 -24 -25 -26 -27 27 -29 -30 -31 -32 40 33 37 -36 36 -38 -39 -40 -41 -42 -43 -44 -45
leaf_value=0.00929651479754183 -0.021144829957500885 0.00054088863699386521 0.0081001704812727199 0.011645271731323974 -0.0048613385111093525 -0.0060385089932066018 0.00087892356245881985 -0.0034362672898957196 0.0044394530814692926 -0.00047436418745553857 0.00091450269648339611 0.0010906695844041126 0.0011106907668305033 0.00051998370559886104 -0.00023748182125535666 -0.00080019062764390744 1.5631665234212524e-05 0.00031464094593603581 6.8137586116790764e-05 0.0013547163219614464 0.00018927551821180461 -0.00061890428993609497 -0.0007059305279681487 -0.00032443407491065452 0.00098274164293231316 -0.00032832373987334086 0.0010640739577098025 -9.7350859478134301e-05 -0.00040639548417594699 -0.00042101080839832629 0.0004988085072901514 3.0464973111790002e-05 0.0020589231484613958 -0.00031530700658482537 -0.0001398542265153744 -0.0003348966263648537 0.00012799574134664404 0.00016014444602963825 -7.2440413969318939e-05 -0.00022321619394451682 0.00018762405846773841 -0.00038427249097099255 -0.00076302652609431089 -7.5458131056833769e-05
leaf_weight=27 47.5 24 44 43 26 33 45 24 27 33 30 66 40.5 36 51 54 67.5 72 52.5 33 222 27 66 34.5 34.5 39 27 25.5 45 54 45 54 21 54 33 72 90 189 115.5 49.5 40.5 64.5 36 70.5
leaf_count=27 34 24 41 28 17 18 30 24 27 33 30 36 18 24 24 24 30 42 30 24 126 27 36 27 30 36 27 18 45 24 27 33 21 24 33 48 36 84 72 27 18 33 24 45
internal_value=1.26299e-11 -0.000554879 0.00103669 0.0064669 0.0032859 0.000182666 0.000482154 0.00212895 0.000431367 0.00146274 0.00258422 9.45383e-05 5.57107e-05 4.88822e-05 0.000427612 -2.90645e-05 -0.000346956 7.19128e-05 0.000442346 0.000919204 1.44522e-05 -0.000143261 -0.000343735 0.000173396 0.000349552 2.80478e-06 6.92775e-05 0.000499953 4.48865e-05 -5.48145e-05 6.79111e-05 3.07899e-05 4.47446e-05 0.000174623 0.000715226 -2.66884e-05 -0.000202333 5.44886e-05 -0.000175981 7.50005e-05 -9.77465e-05 -0.000195278 -0.000477607 0.000125468
internal_weight=2385 1553.5 831.5 113 70 718.5 685.5 141 114 90 57 1506 544.5 1440 120 504 121.5 382.5 97.5 69 1320 340.5 208.5 132 97.5 63 979.5 52.5 927 285 882 231 837 297 54 540 198 243 142.5 342 159 118.5 108 292.5
internal_count=1506 979 527 86 58 441 423 141 114 90 57 945 282 909 72 264 54 210 60 48 837 252 135 117 90 60 585 45 540 150 495 126 468 162 54 306 108 108 99 198 84 66 72 171
is_linear=0
shrinkage=0.08


Tree=69
num_leaves=45
num_cat=0
split_feature=37 33 2 33 36 16 30 36 32 36 30 10 4 32 33 37 33 4 9 14 16 29 32 15 14 29 33 35 11 36 37 32 32 37 20 37 37 17 37 20 37 21 18 18
split_gain=0.277206 7.68186 0.772383 0.337454 0.96428 2.97985 2.06256 1.32043 1.51326 0.142025 0.542535 0.350873 0.250782 0.21517 0.625219 0.106564 0.0516515 0.0399909 0.036644 0.0301191 0.01084 0.00708292 0.00705642 0.00520906 0.00518011 0.00509835 0.00829481 0.00331121 0.00207517 0.00291214 0.0020431 0.0088667 0.00760448 0.00629834 0.00166591 0.00157784 0.00510564 0.00205473 0.00182846 0.00506384 0.00241227 0.00197462 0.00333967 0.00219906
threshold=16.415000000000003 0.3000000000000001 16.455000000000002 1.0000000180025095e-35 2.5000000000000004 6.6350000000000016 1.0000000180025095e-35 1.5000000000000002 1.0000000180025095e-35 2.5000000000000004 1.0000000180025095e-35 9.9200000000000017 17.965000000000003 1.0000000180025095e-35 4.6000000000000005 9.4550000000000018 1.0000000000000002 16.525000000000002 11.911538461538465 9.5600000000000005 6.0850000000000017 0.3000000000000001 6.3000000000000016 -0.15000000000000033 7.6950000000000012 1.3 5.9000000000000012 1.5000000000000002 9.1350000000000016 1.5000000000000002 7.4800000000000013 4.2000000000000011 3.1000000000000005 10.675000000000002 19.300000000000004 13.425000000000002 11.760384615384618 13.900000000000002 5.6350000000000007 5.0000000000000009 7.9050000000000011 10.000000000000002 1.5000000000000002 0.50000000000000011
decision_type=2 2 2 2 2 2 2 2 2 2 2 2 2 2 2 2 2 2 2 2 2 2 2 2 2 2 2 2 2 2 2 2 2 2 2 2 2 2 2 2 2 2 2 2
left_child=3 -2 -3 4 5 -1 -6 8 -7 12 -11 20 13 14 21 -9 -4 -18 23 -19 22 -5 -12 -15 25 26 -22 -26 34 -30 31 -27 -32 -34 35 36 37 38 39 -25 -40 42 43 -42
right_child=1 2 16 9 6 7 -8 15 -10 10 11 -13 -14 18 -16 -17 17 19 -20 -21 24 -23 -24 28 27 30 -28 -29 29 -31 32 -33 33 -35 -36 -37 -38 -39 40 -41 41 -43 -44 -45
leaf_value=0.022599135481736116 -0.047680338296023285 0.016805490655824543 -0.0031334091474612552 -0.0017482399392340865 0.02687647947917382 -0.027115010326025916 -0.00032687290973792022 -0.00080259319257867685 -0.00070789485402843536 -0.007942739572734215 0.0018027603757732056 -0.0084361850470304495 0.0063117402644517519 0.001103890601683546 0.012052038922100454 0.0061181034573486873 0.0038577241015930971 -0.00014685208855101978 -0.0023231375948008564 0.0026555178156122566 0.00017920705808424636 -7.3072176426649095e-05 0.00037294320655865189 4.5928560769728692e-05 0.0001200489924152995 0.00074183045791974961 0.0020336127073432393 -0.00057818868947592946 -0.00080398773605173284 6.3790574933242315e-05 -0.00056650396907466578 -0.00098445414039580268 0.0012358608234085534 -0.00012754601749059345 -0.00043977967672506157 -0.00027129335705428683 0.00095622728858143092 0.00052544182161800559 0.00025291996579840522 -0.0014691982616204769 -4.3250389792444701e-05 -0.00057418242179685169 0.00046163334718010831 -0.00064682998900146538
leaf_weight=28.5 22 20 24 35 30 30.5 44 34 25.5 65 42.5 31.5 45 27 37 24.5 24 135 45 30 38 30 46 48 82 34.5 26 92.5 49.5 49.5 43.5 42.5 57 35 49 94 40 50 219 20 273 45 76 45
leaf_count=15 22 20 24 20 25 27 29 28 18 39 20 14 20 12 22 18 24 135 20 30 33 20 21 48 45 24 21 37 22 22 27 29 26 27 40 94 28 40 96 20 122 22 38 22
internal_value=1.44356e-11 -0.00249268 0.00177397 0.00029842 0.00328817 -0.000548101 0.0107015 -0.00630964 -0.0150903 -4.07214e-05 -0.00101747 -0.000229126 0.000445739 0.000231478 0.00375044 0.00209582 0.000362554 0.000806486 -8.6163e-05 0.00036267 0.000250063 -0.000975086 0.00105958 6.61473e-06 9.12112e-05 0.000306599 0.000932559 -0.000250077 -2.13876e-05 -0.000370099 0.000118075 -0.000210989 0.00030507 0.000717173 1.46107e-05 3.90779e-05 7.48315e-05 2.93987e-05 -4.76405e-06 -0.000399697 3.60497e-05 -7.21385e-05 -1.47984e-05 -0.000128663
internal_weight=2385 255 233 2130 217 143 74 114.5 56 1913 636 571 1277 1232 102 58.5 213 189 1130 165 539.5 65 88.5 1085 451 276.5 64 174.5 1058 99 212.5 77 135.5 92 959 910 816 776 726 68 658 439 394 318
internal_count=1506 255 233 1251 160 106 54 91 45 1091 363 324 728 708 62 46 213 189 646 165 310 40 41 626 269 187 54 82 614 44 133 53 80 53 570 530 436 408 368 68 300 204 182 144
is_linear=0
shrinkage=0.08


Tree=70
num_leaves=45
num_cat=0
split_feature=34 36 0 15 33 4 10 36 32 0 32 0 36 34 34 4 14 33 34 26 15 15 16 33 34 18 34 18 19 21 21 15 15 34 19 32 30 31 13 16 34 3 19 4
split_gain=0.307456 4.57635 6.03147 0.0366348 0.0817946 0.0321505 0.0499172 0.0191542 0.0338143 0.119681 0.0154819 0.0903364 0.00975215 0.00954433 0.00778798 0.00750539 0.0052774 0.00497315 0.00362035 0.00353871 0.00300958 0.00554519 0.00227076 0.00367023 0.0022114 0.00337638 0.00212925 0.00193236 0.00168519 0.00264853 0.00214888 0.00205288 0.00140196 0.00131727 0.00122481 0.00118725 0.000949825 0.00137035 0.000909691 0.0010609 0.000860981 0.000493177 0.00133147 0.000649564
threshold=1.0000000180025095e-35 2.5000000000000004 16.415000000000003 0.72499999999999976 0.3000000000000001 17.98 9.9350000000000005 2.5000000000000004 1.0000000180025095e-35 16.185000000000006 0.3000000000000001 16.165000000000003 1.5000000000000002 8.2000000000000046 19.600000000000005 16.175000000000004 9.8950000000000014 23.900000000000002 112.70000000000003 21.400000000000002 0.78999999999999926 0.84499999999999897 6.5150000000000006 1.0000000000000002 10.500000000000005 0.50000000000000011 93.300000000000026 2.1000000000000005 0.3000000000000001 2.1000000000000005 3.3000000000000003 2.305000000000001 1.2450000000000001 66.100000000000009 4.5000000000000009 4.6000000000000005 9.9000000000000004 2.5000000000000004 7.6950000000000012 6.1050000000000013 49.70000000000001 16.495000000000001 3.7000000000000006 16.660000000000004
decision_type=2 2 2 2 2 2 2 2 2 2 2 2 2 2 2 2 2 2 2 2 2 2 2 2 2 2 2 2 2 2 2 2 2 2 2 2 2 2 2 2 2 2 2 2
left_child=1 2 -1 4 -2 6 7 8 9 12 11 27 -5 -6 15 24 -15 18 20 22 -12 -22 36 -24 25 -10 33 -9 32 34 -31 -32 -23 41 -30 -33 37 -16 -39 -40 -34 42 -25 -43
right_child=3 -3 -4 5 13 -7 -8 10 14 -11 17 -13 -14 16 19 -17 -18 -19 -20 -21 21 28 23 26 -26 -27 -28 -29 29 30 31 35 40 -35 -36 -37 -38 38 39 -41 -42 43 -44 -45
leaf_value=-0.01599209960301717 0.0031434530718110953 -0.031161335110664368 0.036651809719892653 0.0026249101358864989 0.00097983471153191082 0.0025270634116322703 -0.0030760603872212497 -0.00085863748479347965 -0.00040496337562910323 -0.0045644752173261208 -0.0017208756709640677 0.0051758762760595843 0.00018684391907992817 0.00035681486994056317 0.00016729938142680538 -0.001404257630929351 -0.00060294914674578293 0.0010716711349048457 0.00094597669669076222 -0.00073812319360899205 0.0026867607100443409 -0.00012022666100944793 0.00089952101620535067 0.00047302282836339245 -0.00058912557903332294 0.00065894007674484919 0.00057338699021122676 0.00013322858957619203 -0.00056464736638911842 0.00071713028144538898 -0.00041784875571381213 -9.8778985247209469e-05 0.00061413334757089611 -0.00038844976723859353 1.2935278819331639e-05 0.00047327793358514704 0.00014965793131109834 1.1029540545907672e-05 -0.00012283405383126906 -0.00053690883726107352 0.00023797051664901738 -0.00013057500579433709 -4.5532796274138881e-05 0.00018759272616906939
leaf_weight=30 82.5 28 26 21 66 33 33 32.5 42 44 5.4999999999999991 27.5 21 66 107 44 82.5 45.5 38.5 33 5.4999999999999991 38.5 48 73 54 35 66 20.5 58 38.5 43 38.5 75 35 39.5 58.5 176 107 99 66 81 77 56 88
leaf_count=30 45 22 14 21 36 18 18 30 42 24 3 15 21 36 60 24 45 27 21 18 3 21 36 48 54 30 36 18 33 30 33 24 45 30 27 39 96 60 54 36 45 42 48 48
internal_value=5.47213e-12 -0.00475397 0.00844972 0.000173548 0.00100273 5.06601e-05 9.19827e-06 6.17336e-05 -0.000116107 -0.00164872 0.000417414 0.00145543 0.00140588 0.000179373 -6.81574e-06 -0.000500261 -0.000176387 0.000269651 0.000199474 7.69407e-05 0.000139785 0.000161284 0.000103892 0.000238961 -0.000196629 7.86291e-05 0.00015869 -0.000474991 0.000131762 4.66371e-06 0.00018782 4.22591e-05 0.000312118 7.54984e-05 -0.000330652 0.000246224 -3.91994e-06 -7.52384e-05 -0.000170649 -0.000288464 0.000418818 0.00013073 0.000247913 3.91145e-05
internal_weight=2385 84 56 2301 297 2004 1971 1938 1292 86 646 80.5 42 214.5 1206 175 148.5 565.5 520 1031 481.5 476 998 443 131 77 395 53 470.5 276 178.5 140 194.5 329 97.5 97 555 379 272 165 156 294 129 165
internal_count=1506 66 44 1440 162 1278 1260 1242 828 66 414 63 42 117 762 150 81 351 324 612 303 300 594 288 126 72 252 48 297 186 126 96 111 216 60 63 306 210 150 90 90 186 96 90
is_linear=0
shrinkage=0.08


Tree=71
num_leaves=45
num_cat=0
split_feature=34 2 37 37 32 1 37 2 37 37 10 37 14 1 10 30 34 30 5 19 32 32 37 18 22 17 14 35 32 37 21 21 18 29 25 29 32 32 18 21 1 37 18 35
split_gain=0.260231 4.33169 1.25974 0.12087 0.244871 0.0502171 0.0823058 0.0374289 0.0238802 0.317948 0.121481 0.0170987 0.00705217 0.00907125 0.0174751 0.00806629 0.00709715 0.00592785 0.00548024 0.00400459 0.00367829 0.00333175 0.00348383 0.0324009 0.0118052 0.00794776 0.00305876 0.0030918 0.00276902 0.00235011 0.00226854 0.0048318 0.00306485 0.00214591 0.00178383 0.00197492 0.00170692 0.00199062 0.001457 0.00161055 0.00291438 0.00124665 0.00110857 0.00110222
threshold=1.0000000180025095e-35 16.415000000000003 7.9350000000000014 16.415000000000003 0.70000000000000007 16.920000000000005 16.590000000000003 16.485000000000003 11.703076923076924 11.802307692307695 9.9550000000000018 11.868846153846155 7.4800000000000013 16.425000000000004 7.9050000000000011 0.50000000000000011 9.2000000000000046 1.0000000180025095e-35 10.105000000000002 1.0000000180025095e-35 0.50000000000000011 1.0000000180025095e-35 5.535000000000001 17.200000000000006 72.800000000000011 13.900000000000002 9.4050000000000029 1.5000000000000002 10.800000000000002 7.4800000000000013 5.6000000000000005 2.3000000000000003 2.3000000000000003 18.200000000000003 4.1000000000000005 6.5000000000000009 3.5000000000000004 6.1000000000000005 2.1000000000000005 2.7000000000000006 14.695000000000002 9.9350000000000005 0.3000000000000001 1.5000000000000002
decision_type=2 2 2 2 2 2 2 2 2 2 2 2 2 2 2 2 2 2 2 2 2 2 2 2 2 2 2 2 2 2 2 2 2 2 2 2 2 2 2 2 2 2 2 2
left_child=1 2 -1 8 -5 6 7 -6 10 -10 12 -11 21 14 41 16 -15 -13 -7 33 -21 43 23 25 -24 30 29 -28 36 -17 31 32 -23 -19 42 -36 -20 -38 -22 -40 -41 -14 -31 -2
right_child=3 -3 -4 4 5 18 -8 -9 9 11 -12 17 13 15 -16 26 -18 19 28 20 38 22 24 -25 -26 -27 27 -29 -30 34 -32 -33 -34 -35 35 -37 37 -39 39 40 -42 -43 -44 -45
leaf_value=-0.0036006204479684433 0.001277993648712124 -0.031507173593227682 0.019993517931018556 0.0076456692012456754 0.0028834680157403154 -0.0013666582976778351 0.0062660209120561682 -0.0014585428004135826 -0.0095318064341942468 0.0029822168701017899 0.0043284996873920872 -0.0011642473517761878 -4.8562560536681789e-05 -8.0197236604160734e-05 -0.001859818345401436 -0.00061271492640177407 0.001050527635961771 0.0006367803724715486 -0.00025380461825989185 -0.00097887747398944509 0.00039915572774286071 -0.00058883212956910335 0.00012571597388118841 -0.003117693257296369 0.0016381150097974264 0.0016825362977882228 -1.56130767599852e-05 -0.00079425573326421498 -0.00054066248251021735 3.5561828029108727e-05 -0.00064849644175006289 0.00096916827711869373 0.00058161113100747266 -0.00016378933439652126 -0.00063788796336773559 -2.9649302916790267e-05 0.0011000995163340122 0.00012260416150093077 -0.00065148500252910197 0.00081119614342848461 -0.00033015442515412971 -0.00048873441604276502 0.00044279341330276986 0.00045834239921532571
leaf_weight=30 21 26 28 39 24 21 24 27 24 11.999999999999998 42 30 109.5 67.5 54 45 75 75 24 33 36 45 400.5 21 36 21 54 82.5 36 265.5 27 33 21 30 51 103.5 24 30 33 21 45 66 51 21
leaf_count=30 21 14 22 39 24 21 24 27 12 6 18 30 45 30 24 18 33 51 24 33 36 45 201 21 27 21 27 33 36 117 27 33 21 18 21 45 24 30 33 21 45 33 24 21
internal_value=2.22873e-12 -0.00437365 0.00778965 0.000159664 0.00182415 0.000743012 0.00240276 0.000584756 -4.23134e-05 -0.000655792 7.90931e-05 2.04757e-05 -2.77143e-05 -0.000158269 -0.000601326 -3.03673e-05 0.000514921 -9.6821e-05 -0.00017907 2.04786e-05 -0.000221751 0.000179174 0.000131303 -0.000178266 0.00025045 0.000241652 -0.000149453 -0.000486221 3.96961e-05 -6.03663e-05 1.50426e-06 0.000178777 -0.000216418 0.000408046 -7.59418e-06 -0.000230427 0.000307554 0.000557047 -3.66758e-05 -0.00019516 3.30026e-05 -0.000214097 0.000101182 0.000868168
internal_weight=2385 84 58 2301 249 210 75 51 2052 339 1713 315 1671 1024.5 229.5 795 142.5 303 135 273 168 646.5 604.5 168 436.5 147 652.5 136.5 114 516 126 99 66 105 471 154.5 78 54 135 99 66 175.5 316.5 42
internal_count=1506 66 52 1440 249 210 75 51 1191 285 906 273 888 450 102 348 63 267 135 237 168 438 396 168 228 147 285 60 114 225 126 99 66 69 207 66 78 54 135 99 66 78 141 42
is_linear=0
shrinkage=0.08


Tree=72
num_leaves=45
num_cat=0
split_feature=34 36 0 12 14 36 34 12 32 36 32 0 30 3 30 32 36 34 4 34 31 34 26 15 15 17 30 15 34 34 18 20 17 15 4 30 36 32 1 0 24 7 17 15
split_gain=0.22026 4.13613 16.0833 0.0303681 0.0607695 0.184169 0.151663 0.139147 0.0404608 0.0162121 0.0292472 0.0999682 0.0134731 0.0643138 0.0115528 0.0119789 0.00825422 0.00605942 0.0059971 0.00450066 0.00329715 0.0034662 0.00311695 0.00258075 0.00413079 0.00230816 0.00225048 0.00215633 0.00258775 0.00180688 0.00254288 0.00150109 0.00171732 0.00291631 0.00209773 0.00106869 0.00105313 0.00116875 0.000934 0.00162953 0.000840901 0.000986348 0.000917007 0.000815589
threshold=1.0000000180025095e-35 1.5000000000000002 16.415000000000003 9.9350000000000005 9.4400000000000031 1.5000000000000002 9.2000000000000046 9.8550000000000022 1.7000000000000004 2.5000000000000004 1.0000000180025095e-35 16.185000000000006 0.50000000000000011 16.195000000000004 2.5000000000000004 2.1000000000000005 1.5000000000000002 19.600000000000005 16.175000000000004 3.5000000000000004 0.3000000000000001 119.60000000000004 21.400000000000002 0.78999999999999926 0.84499999999999897 2.1000000000000005 32.100000000000001 1.5499999999999996 32.800000000000011 10.500000000000005 0.50000000000000011 11.800000000000002 0.70000000000000007 2.4650000000000012 15.280000000000003 1.0000000180025095e-35 1.5000000000000002 17.600000000000005 14.455000000000002 14.760000000000003 7.5000000000000009 9.9800000000000022 0.50000000000000011 1.2450000000000001
decision_type=2 2 2 2 2 2 2 2 2 2 2 2 2 2 2 2 2 2 2 2 2 2 2 2 2 2 2 2 2 2 2 2 2 2 2 2 2 2 2 2 2 2 2 2
left_child=1 -1 -3 4 9 6 -6 14 -5 10 11 16 13 25 15 -7 -2 18 29 -14 -21 23 26 -22 -25 35 27 28 -19 30 -12 32 43 -34 -35 -11 37 40 -38 -40 41 -29 -43 -26
right_child=3 2 -4 8 5 7 -8 -9 -10 12 17 -13 19 -15 -16 -17 -18 22 -20 20 21 -23 -24 24 31 -27 -28 36 -30 -31 -32 -33 33 34 -36 -37 38 -39 39 -41 -42 42 -44 -45
leaf_value=0.021081372244017467 0.0023776661036979587 0.023336229760510228 -0.062629272846075196 -0.0028410700065168468 0.0010142562744228846 0.0026143758295273239 0.0076565477664751755 -0.0040430289187299261 0.00039352179834186433 -0.00073766046282934387 -0.00034327515245725714 -0.0042004071885127234 -0.0013402564499689184 0.004526612544601614 9.3355956910686055e-05 0.00074762127277525992 0.00013464521250820585 0.00095452911247882776 -0.0012518960581325122 0.0012071459525161319 -0.0015643181694163519 0.00094779411621101494 -0.00069964125188011115 0.0023582825606519526 -9.1721039362155e-05 0.00060808150563389067 0.00064998870950975368 -0.00012726665197553656 0.00016460529157183757 -0.00052719559000925743 0.00058001783423657929 0.00062137631778023212 -0.00050472333542078392 0.00080455411663826781 -1.949093770235777e-05 2.5290164878552265e-05 0.00090941431932151323 -0.00038348067027551159 -0.00073254913448666538 0.00011776771254715982 -0.00034405117637520145 -2.5666014158299995e-05 0.0003647665203172508 0.00030934733246762046
leaf_weight=28 21 30 26 49.5 44 44 44 44 49.5 23.5 42 44 11.499999999999998 27.5 44 44 21 34 44 22.5 5.4999999999999991 38.5 33 5.4999999999999991 38.5 24 44 134 121 54 35 40 65.5 25.5 88 23.5 8.9999999999999982 67.5 14.999999999999998 375.5 44 77 77 206.5
leaf_count=22 21 30 14 27 24 24 24 24 27 21 42 24 9 15 24 24 21 24 24 15 3 21 18 3 21 18 24 93 66 54 30 33 48 21 48 21 9 39 15 216 24 42 42 117
internal_value=-1.9324e-11 -0.00402376 -0.0165763 0.000146891 0.000208515 0.00134719 0.0043354 -0.000146919 -0.00122377 5.34013e-05 -0.000110212 -0.00153557 0.000380628 0.00124198 0.00115178 0.001681 0.00125616 -8.56905e-06 -0.000443822 0.000225663 0.00025926 0.000217726 6.531e-05 0.000158552 0.000178735 -3.02359e-05 9.0604e-05 6.48043e-05 0.000337879 -0.000172408 7.64035e-05 0.0001529 0.000108704 -7.96562e-05 0.000165647 -0.000356185 1.18299e-05 -8.00155e-05 0.000103675 8.51051e-05 -1.8317e-05 3.14479e-05 0.00016955 0.000246322
internal_weight=2385 84 56 2301 2202 264 88 176 99 1938 1292 86 646 98.5 132 88 42 1206 175 547.5 536 513.5 1031 475 469.5 71 998 954 155 131 77 464 424 179 113.5 47 799 399.5 399.5 390.5 332 288 154 245
internal_count=1506 66 44 1440 1386 144 48 96 54 1242 828 66 414 75 72 48 42 762 150 339 330 315 612 294 291 60 594 570 90 126 72 288 255 117 69 42 480 240 240 231 201 177 84 138
is_linear=0
shrinkage=0.08


Tree=73
num_leaves=45
num_cat=0
split_feature=37 33 34 37 4 29 15 11 10 31 36 31 16 32 16 34 34 0 0 37 29 33 11 32 32 18 37 37 16 16 37 37 31 34 34 37 32 37 32 25 10 17 16 37
split_gain=0.260034 6.51531 1.0031 1.56046 0.587514 0.050775 0.0419503 0.0207821 0.0161064 0.0136719 0.00988008 0.0226929 0.0395126 0.0103979 0.0474025 0.00692139 0.00620427 0.0035381 0.00342149 0.00267306 0.00554258 0.00543791 0.00405261 0.00292416 0.00324969 0.00288545 0.00258935 0.00279652 0.0128566 0.00928709 0.00257631 0.0077579 0.00254793 0.0034138 0.00581394 0.0017339 0.00191901 0.00523277 0.00153708 0.00167211 0.00166846 0.00152139 0.0017936 0.00248541
threshold=16.415000000000003 0.3000000000000001 1.0000000180025095e-35 7.8750000000000009 16.455000000000002 1.0000000180025095e-35 0.84499999999999897 9.9550000000000018 9.8950000000000014 1.9000000000000001 2.5000000000000004 1.0000000180025095e-35 6.6350000000000016 1.0000000180025095e-35 7.1300000000000008 0.80000000000000016 5.6000000000000041 17.070000000000004 16.590000000000003 7.7950000000000008 8.1000000000000014 4.2000000000000011 3.0300000000000007 2.1000000000000005 7.3000000000000016 0.50000000000000011 16.050000000000004 11.575000000000001 6.0550000000000024 6.0273076923076916 10.675000000000002 8.9450000000000021 1.0000000000000002 21.900000000000006 12.000000000000004 9.7850000000000019 0.70000000000000007 7.0900000000000007 14.900000000000002 7.5000000000000009 8.6700000000000017 15.500000000000002 6.8850000000000025 7.7300000000000013
decision_type=2 2 2 2 2 2 2 2 2 2 2 2 2 2 2 2 2 2 2 2 2 2 2 2 2 2 2 2 2 2 2 2 2 2 2 2 2 2 2 2 2 2 2 2
left_child=2 -2 3 -1 -3 -6 -7 8 10 -8 11 12 -4 14 -12 -13 -14 18 19 20 21 22 -15 25 -25 -21 27 28 -17 -29 31 -19 35 34 -34 36 -30 -38 39 40 -11 42 43 -35
right_child=1 4 7 -5 5 6 9 -9 -10 38 13 15 16 17 -16 26 -18 30 -20 23 -22 -23 -24 24 -26 -27 -28 29 32 -31 -32 -33 33 41 -36 -37 37 -39 -40 -41 -42 -43 -44 -45
leaf_value=-0.0051193395505348838 -0.044029655023054642 0.013653663171698218 -0.00319495473589216 0.018139191394050916 0.0036486785905435683 -0.0030008903939839609 0.001902695318201074 -0.0015980745770934005 0.0013552382850536592 0.00013802596975842285 0.0034614247853557269 0.0026484600454568861 0.00072418156576653319 -0.00057588777543666461 -0.0010358056031788388 -0.0010266158522889866 -0.00069715523700180802 2.5005259479467683e-05 -0.00061626645701902882 1.0754776068348834e-05 -0.00056735165153319644 0.0015055276966780761 0.00079036844301630144 0.00057755649298035761 -0.0002001458473312549 -0.00087337647339231095 -0.00072516825748607521 0.0013117299461737275 0.00096438718762135859 -9.8816386808274264e-05 -2.5337767632057272e-05 0.0013159709159623492 6.7123470581927389e-05 0.00038420253065414724 -0.001155065392599778 -0.00017855467425810325 -0.00052154677165107746 0.00082463893906346386 -0.0006545662321150303 0.00064155979135042192 -0.00063218844321521908 0.00048648143358724681 -0.00033740088258547569 -6.2845899669506861e-05
leaf_weight=30 22 23 42 48 24 30 27 54 54 54 30 5.9999999999999991 30 24 30 88 57 65 54 47 30 33 33 61.5 78 47.5 38 40 33 118 60 55 53 100 47 37 33 42 24 24 27 38 104 390
leaf_count=30 22 23 22 30 24 30 27 24 24 54 15 6 30 24 25 36 32 26 24 27 21 24 24 39 45 33 38 20 30 106 30 24 28 46 32 18 30 18 24 24 27 28 64 178
internal_value=7.26022e-12 -0.00241424 0.000289029 0.0091936 0.00151511 0.00018565 -0.000261192 -4.9449e-05 -7.59425e-06 0.000265673 -4.54507e-05 -0.000172979 -0.00117985 0.000209606 0.00121281 -6.16799e-05 -0.000207039 0.000107239 -2.3106e-05 6.73761e-05 0.000374356 0.000688259 0.000215103 -9.00494e-05 0.000142712 -0.00043365 -7.56858e-05 -5.37087e-05 -0.000104791 0.000258284 0.000402686 0.000616698 -1.22936e-05 -7.2983e-05 -0.000507305 0.000294083 0.000456005 0.000232317 -7.696e-05 5.50643e-05 -0.000118712 -4.26115e-06 -3.56555e-05 2.83885e-05
internal_weight=2385 255 2130 78 233 210 186 2052 1998 156 1944 1296 129 648 60 1167 87 588 408 354 120 90 57 234 139.5 94.5 1161 1123 965 158 180 120 877 732 100 145 108 75 129 105 81 632 594 490
internal_count=1506 255 1251 60 233 210 186 1191 1167 156 1143 762 84 381 40 678 62 341 261 237 93 72 48 144 84 60 672 634 508 126 80 50 472 376 60 96 78 48 129 105 81 316 288 224
is_linear=0
shrinkage=0.08


Tree=74
num_leaves=45
num_cat=0
split_feature=34 37 37 33 4 37 11 11 37 13 36 30 37 31 16 16 36 31 5 14 33 15 30 1 20 37 16 17 32 20 20 37 2 34 34 37 37 16 36 29 20 37 31 5
split_gain=0.244926 3.90551 0.118979 0.484601 0.033732 0.0200985 0.277499 0.0797731 0.0151749 0.014109 0.0114803 0.0180336 0.0234295 0.0157894 0.0288177 0.0138649 0.0203234 0.00819231 0.00757504 0.00642667 0.00581435 0.00466072 0.00459987 0.00352891 0.00584272 0.00337588 0.00639719 0.00322762 0.00298866 0.00282888 0.001963 0.00185541 0.00210338 0.00164755 0.00854038 0.00243801 0.00199407 0.00158906 0.00241635 0.00155387 0.00208678 0.00161898 0.00153838 0.00131758
threshold=1.0000000180025095e-35 9.7850000000000019 16.415000000000003 0.50000000000000011 16.525000000000002 11.703076923076924 9.8550000000000022 9.9350000000000005 11.868846153846155 9.7700000000000014 2.5000000000000004 0.50000000000000011 9.7450000000000028 1.0000000180025095e-35 6.6350000000000016 6.0550000000000024 1.5000000000000002 10.300000000000002 10.105000000000002 7.5750000000000002 1.7000000000000004 3.0700000000000007 1.0000000180025095e-35 14.110000000000001 0.90000000000000013 5.3900000000000015 6.9300000000000015 2.1000000000000005 0.50000000000000011 2.1000000000000005 14.600000000000001 9.7850000000000019 16.515000000000004 16.900000000000009 10.700000000000005 4.1950000000000012 6.3850000000000007 7.1000000000000005 1.5000000000000002 12.300000000000002 1.9000000000000001 14.055000000000001 1.0000000000000002 11.992692307692311
decision_type=2 2 2 2 2 2 2 2 2 2 2 2 2 2 2 2 2 2 2 2 2 2 2 2 2 2 2 2 2 2 2 2 2 2 2 2 2 2 2 2 2 2 2 2
left_child=1 -1 5 -4 17 7 8 10 -7 43 13 12 20 14 -2 16 -15 -5 19 25 -12 -20 -10 24 -17 -13 -27 39 -16 -29 -31 -21 -33 34 37 -35 -37 -25 -39 40 41 -24 -38 -6
right_child=2 -3 3 4 9 6 -8 -9 22 -11 11 18 -14 15 28 23 -18 -19 21 31 -22 -23 27 33 -26 26 -28 29 -30 30 -32 32 -34 35 -36 36 42 38 -40 -41 -42 -43 -44 -45
leaf_value=0.01181579938530922 -0.0029614846936116619 -0.022772570940164417 0.012612393200397492 0.003815615711556304 -0.00024074493591085276 0.00281363969668746 -0.0089005215838551515 0.0027306938881351463 -0.0010273080030456187 0.0016820105011433814 -0.00036112594094289387 -0.00039703732733992306 0.0029642095445006184 -0.0021496803663214859 0.00024408032496770222 0.0017160770089831203 0.00015443981349544256 0.0015810225693331586 0.0010908468853716457 -0.00075573223260407517 0.0010972380186890212 0.00015537878641715418 0.00034833753301778382 0.00052803249874462687 1.0681054395212818e-05 0.00011008526752779601 0.0016767392717301846 -0.00097120639549878732 -0.00079150135478665753 0.00016422516847443251 -0.00068600042223503511 -0.00065228625806048517 0.00015369258409495963 -0.00096180024556815626 -0.0012921520083760604 0.00065373696867027326 0.00046336142473261461 -0.00062227569348537008 0.00035326032942304244 -0.00018278293523531504 -0.00017504853320618471 0.0010743966892672082 -2.6685181753044787e-05 0.00044256845932631267
leaf_weight=45 36 39 24 21 129 11.999999999999998 24 69 30 33 34.5 37 33 49 42 20 49 21 54.5 92.5 35.5 91 57 36 36 64.5 22.5 30 31 63 24 40 43 15.999999999999998 39 32 44 32.5 32.5 39 30 30 601 21
leaf_count=36 16 30 24 21 129 6 12 30 30 33 27 37 16 20 32 20 20 21 23 37 20 40 33 16 36 32 19 30 16 63 24 20 21 16 24 32 20 20 20 27 30 30 276 21
internal_value=-2.38385e-11 -0.00424309 0.000154898 0.00180631 0.00065366 -4.54931e-05 -0.000608304 6.58863e-05 2.34843e-05 0.000184394 -4.59579e-05 0.000253014 0.00120691 -0.000195444 -0.00110916 -9.45366e-05 -0.00099762 0.00269832 3.22235e-05 -0.000197834 0.000378473 0.000505777 -8.70169e-05 5.01596e-06 0.000619751 0.000243038 0.000515254 1.63118e-05 -0.000195687 -0.000301316 -7.03198e-05 -0.000509333 -0.000234731 -3.63108e-05 -0.000286627 1.42581e-05 3.7326e-05 0.000101645 -0.000134508 0.000254533 0.000400305 0.000598703 6.74435e-06 -0.000145081
internal_weight=2385 84 2301 249 225 2052 339 1713 315 183 1644 548 103 1096 109 987 98 42 445 299.5 70 145.5 303 889 56 124 87 273 73 117 87 175.5 83 833 140 693 677 101 65 156 117 87 645 150
internal_count=1506 66 1440 249 225 1191 285 906 273 183 876 292 63 584 64 520 40 42 229 166 47 63 267 480 56 88 51 237 48 117 87 78 41 424 80 344 328 56 40 120 93 63 296 150
is_linear=0
shrinkage=0.08


Tree=75
num_leaves=45
num_cat=0
split_feature=37 0 34 37 33 4 11 11 13 37 12 34 34 16 37 37 35 37 19 18 25 35 30 25 37 16 34 35 30 37 34 0 31 17 0 11 11 30 13 37 37 21 16 15
split_gain=0.239993 5.96188 0.893885 1.56606 0.416796 0.021723 0.0206432 0.0136288 0.0119418 0.00613041 0.00532538 0.00388616 0.00646059 0.0142263 0.005295 0.0036412 0.00352244 0.00350027 0.0075957 0.00440652 0.00251293 0.00394099 0.00576242 0.00285847 0.00247592 0.00436853 0.00371719 0.00702807 0.00768809 0.00278673 0.00399037 0.00226035 0.00220376 0.00146988 0.00117667 0.0011334 0.00151814 0.00197416 0.00088317 0.000937207 0.00179093 0.00349851 0.00303532 0.00173062
threshold=16.415000000000003 16.455000000000002 1.0000000180025095e-35 7.8750000000000009 0.50000000000000011 16.525000000000002 9.9550000000000018 9.8250000000000011 9.7700000000000014 9.9050000000000029 9.7450000000000028 1.9000000000000006 16.900000000000009 6.6250000000000018 2.6750000000000003 4.1100000000000003 1.5000000000000002 6.3050000000000006 11.000000000000002 17.200000000000006 5.4000000000000012 1.5000000000000002 12.100000000000001 3.9000000000000004 2.9900000000000007 6.8000000000000025 9.9000000000000039 1.5000000000000002 0.70000000000000007 9.4550000000000018 3.5000000000000004 14.365000000000002 14.900000000000002 11.800000000000002 13.955000000000002 9.4050000000000029 8.9750000000000032 10.800000000000002 9.2200000000000006 9.9950000000000028 7.9050000000000011 8.2000000000000011 6.2600000000000016 2.1950000000000003
decision_type=2 2 2 2 2 2 2 2 2 2 2 2 2 2 2 2 2 2 2 2 2 2 2 2 2 2 2 2 2 2 2 2 2 2 2 2 2 2 2 2 2 2 2 2
left_child=2 -2 3 -1 -3 -6 7 10 35 -9 11 34 13 16 -15 -14 -13 18 -17 20 23 22 -22 33 -16 -26 29 28 -28 30 -27 -30 -23 38 -4 36 37 -7 39 40 41 -19 -42 -41
right_child=1 4 6 -5 5 8 -8 9 -10 -11 -12 12 15 14 24 17 -18 19 -20 -21 21 32 -24 -25 25 26 27 -29 31 -31 -32 -33 -34 -35 -36 -37 -38 -39 -40 43 42 -43 -44 -45
leaf_value=-0.005655056357383728 -0.040269357056046527 0.011603401824831962 0.00089005697622067392 0.017645151664813358 0.0027294289804315969 4.2402589132483959e-05 -0.0015852955735667987 0.00028294388244869888 0.0015474496350031009 0.0015717972504595914 -0.0009542373788577539 -0.00079057474310199427 -0.00072944909411792956 0.0013779707824190456 -0.001163843870939066 0.0016130748313541213 -0.0018403995716323453 -4.698386202556989e-05 -0.00041555645041322953 0.00085147706492815487 0.00011099226726219058 0.00026049308309814446 0.0013327702099368685 -0.00050539383773956395 0.00085923934010443868 -0.00039857446836928526 -0.0011626123921550972 -0.0015738031445514588 -7.9047571828899286e-05 -0.00025809266669839096 0.0008864109665583606 0.0010189137666020542 -0.00040585205255774782 -0.00037935796241833679 0.00019141605046267313 -0.00063734061550348999 0.00058343424240038511 -0.00075127901940572051 0.00032968212936625434 0.00069862742430753621 -0.00068400557205929025 0.00068698993613499975 -6.5437225047142899e-05 4.8469591257752908e-05
leaf_weight=30 24 24 36 48 24 78 54 46.5 33 48 40.5 45 39 14.999999999999998 14.999999999999998 27 37.5 199.5 21 40.5 60 67.5 42 81 27 24 30 31.5 24 85.5 43.5 24 60 64.5 27 24 21 27 54 30 61.5 52.5 291 207
leaf_count=30 24 24 36 30 24 78 24 21 33 21 18 30 39 15 15 27 15 87 21 30 30 27 21 36 12 24 27 18 24 54 30 18 24 42 27 24 21 27 24 24 27 21 135 147
internal_value=-1.79511e-11 -0.00231934 0.000277668 0.00868353 0.00162352 0.00046643 -4.18536e-05 -1.38985e-07 0.000169643 0.0009376 -4.66934e-05 -2.69642e-05 -4.85803e-05 -0.000331218 -8.93861e-05 3.26933e-05 -0.00126777 5.45649e-05 0.000725549 2.9998e-05 3.81152e-06 0.000243434 0.000614077 -4.90159e-05 -0.00016167 -0.000109744 -0.00020941 -0.000565264 -0.000157969 4.52691e-05 0.000429527 0.000469933 -5.30811e-05 -1.0509e-05 0.000590639 -0.000133475 -3.75001e-05 -0.000161687 1.6058e-05 -4.06756e-06 -5.69312e-05 0.000105927 -0.000173358 0.000130768
internal_weight=2385 255 2130 78 231 207 2052 1998 183 94.5 1903.5 1863 1800 402 319.5 1398 82.5 1359 48 1311 1270.5 229.5 102 1041 304.5 289.5 262.5 109.5 78 153 67.5 48 127.5 960 63 150 126 105 895.5 841.5 604.5 252 352.5 237
internal_count=1506 255 1251 60 231 207 1191 1167 183 42 1125 1107 1044 282 237 762 45 723 48 675 645 102 51 543 222 207 195 87 69 108 54 42 51 507 63 150 126 105 465 441 270 108 162 171
is_linear=0
shrinkage=0.08


Tree=76
num_leaves=45
num_cat=0
split_feature=34 36 0 37 33 4 37 37 10 37 36 11 31 29 33 30 4 12 12 4 28 18 12 30 9 17 19 32 32 2 17 0 34 37 37 19 19 19 19 32 33 23 29 19
split_gain=0.25372 3.57875 6.10516 0.114007 0.328791 0.0746763 0.0182153 0.243462 0.103519 0.0145961 0.00847862 0.0132633 0.0226798 0.0107785 0.0137293 0.0172873 0.00730643 0.00725083 0.00855394 0.00494489 0.00470738 0.00429197 0.00366048 0.00362287 0.00351104 0.00260951 0.00225265 0.00351631 0.00217941 0.00259801 0.00213428 0.00212077 0.00185958 0.00248075 0.00336011 0.00416554 0.00260685 0.0021752 0.00182886 0.00242016 0.00171432 0.00154829 0.00148062 0.00154802
threshold=1.0000000180025095e-35 2.5000000000000004 16.415000000000003 16.415000000000003 0.50000000000000011 16.505000000000006 11.703076923076924 11.802307692307695 9.9350000000000005 11.868846153846155 2.5000000000000004 7.8200000000000012 1.0000000180025095e-35 1.5000000000000002 1.7000000000000004 0.3000000000000001 17.745000000000001 9.6700000000000017 9.8950000000000014 16.165000000000003 20.400000000000002 0.3000000000000001 7.8800000000000008 1.0000000180025095e-35 9.9200000000000017 2.1000000000000005 0.3000000000000001 1.0000000180025095e-35 1.5000000000000002 14.640000000000002 2.7000000000000006 14.200000000000001 3.5000000000000004 3.7450000000000006 5.535000000000001 7.6000000000000005 4.7000000000000002 14.600000000000001 3.0000000000000004 4.2000000000000011 3.1000000000000005 2.3000000000000003 12.300000000000002 1.0000000180025095e-35
decision_type=2 2 2 2 2 2 2 2 2 2 2 2 2 2 2 2 2 2 2 2 2 2 2 2 2 2 2 2 2 2 2 2 2 2 2 2 2 2 2 2 2 2 2 2
left_child=1 2 -1 6 -5 -6 8 -8 10 -9 11 21 -13 14 31 -16 22 40 -19 -17 24 26 -14 -11 28 42 27 -2 -15 -30 -31 -12 -23 36 35 -35 -34 -36 -27 -40 -7 -42 43 -25
right_child=3 -3 -4 4 5 17 7 9 -10 23 13 12 16 20 15 19 -18 18 -20 -21 -22 32 -24 25 -26 38 -28 -29 29 30 -32 -33 33 34 37 -37 -38 -39 39 -41 41 -43 -44 -45
leaf_value=-0.017233085130651794 0.0016492333189429096 -0.02767096004315785 0.035731450731937703 0.010675129617253941 0.0041641721047926692 -0.00061570003100981316 -0.0083413300911585487 0.0027539042942225935 0.0032502110887111892 -0.00092537909918852777 -0.00080182072842338429 -0.0017859488221195839 -0.00082317631081160574 -0.00045940607069776609 0.0028000564545844543 0.0014062978494524335 -0.0010940636861753667 0.0022573901517760186 -2.5990975222417287e-05 8.6110593224673175e-05 0.00046615165066570869 -0.0012201928533613683 -5.86926994577389e-05 0.00060000247477243348 -0.00062512361144984681 -0.00070745903717276337 0.00022133919802770294 0.00023172893801182953 -0.00075952715913040771 2.8856052112988911e-05 0.0007046533250452383 0.00015167622909515718 0.0011966713388789107 3.1945823945782397e-05 -3.8576300904401803e-05 -0.0015632873310605646 -6.5289906691759817e-05 0.0006007927156200534 -0.00052110864749718331 0.00038851013251890742 0.0003764995988846446 -0.00020727068555378723 -0.00021188296694069718 8.4058147331234076e-06
leaf_weight=30 24 28 26 24 36 30 24 11.999999999999998 63 30 24 72 45 52 33 30 59 21 21 46 90.5 7.9999999999999991 367 69 85.5 42 54 21 18 85.5 46 39.5 22 22 328 20 20 38 36 39 54 63 39 48
leaf_count=30 24 22 14 24 36 30 12 6 27 30 24 32 20 30 18 20 24 21 21 20 39 8 162 45 38 42 32 16 18 40 24 22 22 22 160 20 20 24 36 39 54 63 27 48
internal_value=-2.10407e-11 -0.00431859 0.00735759 0.000157654 0.0017742 0.000824762 -3.85053e-05 -0.000574299 6.75275e-05 1.74743e-05 -5.39932e-05 -0.000182225 -0.000463575 0.00020247 0.000726373 0.00127112 -0.000261429 0.000188684 0.0011157 0.000607237 -3.6929e-05 9.20535e-05 -0.000142192 -9.08992e-05 -0.000195566 8.01899e-07 0.000569699 0.000987731 -1.32971e-05 0.000141871 0.000265257 -0.000208701 -1.1193e-05 1.03003e-05 -4.99653e-05 -0.000727689 0.000595737 2.78063e-05 -0.000284797 -4.81069e-05 -7.61774e-05 6.21618e-05 0.000215001 0.000357296
internal_weight=2385 84 56 2301 249 225 2052 339 1713 315 1650 1100 543 550 172.5 109 471 189 42 76 377.5 557 412 303 287 273 99 45 201.5 149.5 131.5 63.5 458 450 408 42 42 366 117 75 147 117 156 117
internal_count=1506 66 44 1440 249 225 1191 285 906 273 879 586 238 293 104 58 206 189 42 40 189 348 182 267 150 237 72 40 112 82 64 46 276 268 226 42 42 184 117 75 147 117 120 93
is_linear=0
shrinkage=0.08


Tree=77
num_leaves=45
num_cat=0
split_feature=37 4 34 36 1 33 1 16 35 16 13 36 30 1 31 33 34 34 9 16 37 34 20 37 14 34 0 22 30 3 26 37 19 37 20 19 16 0 9 33 31 3 4 1
split_gain=0.254962 6.56563 0.75648 2.11196 11.0035 0.293463 0.0275332 0.0178245 0.163094 0.0217658 0.00935949 0.00832917 0.0114197 0.0175857 0.0107734 0.0281127 0.00529946 0.00955019 0.0082315 0.00469975 0.00320013 0.00469512 0.00373731 0.00313109 0.0107489 0.0050082 0.0038225 0.00248419 0.00236367 0.0017562 0.00166178 0.00146326 0.00254943 0.00150755 0.00975088 0.00253891 0.00186514 0.00248921 0.00123358 0.00118757 0.0011514 0.00141938 0.00378012 0.00135734
threshold=16.425000000000004 16.455000000000002 1.0000000180025095e-35 2.5000000000000004 16.375000000000004 0.50000000000000011 16.485000000000003 5.9461538461538463 1.5000000000000002 6.0273076923076916 9.7700000000000014 2.5000000000000004 1.0000000180025095e-35 16.415000000000003 1.0000000180025095e-35 3.5000000000000004 12.700000000000003 23.700000000000006 9.9050000000000029 6.0550000000000024 15.935000000000002 0.80000000000000016 1.3 11.470000000000001 7.8350000000000009 72.000000000000014 15.280000000000003 0.70000000000000018 1.0000000180025095e-35 17.590000000000003 1.1000000000000003 3.7450000000000006 3.0000000000000004 5.535000000000001 4.7000000000000002 17.200000000000006 7.5050000000000017 14.760000000000003 9.8350000000000026 3.1000000000000005 23.900000000000002 16.195000000000004 16.485000000000003 16.175000000000004
decision_type=2 2 2 2 2 2 2 2 2 2 2 2 2 2 2 2 2 2 2 2 2 2 2 2 2 2 2 2 2 2 2 2 2 2 2 2 2 2 2 2 2 2 2 2
left_child=2 -2 3 4 -1 -3 -7 8 -4 -9 39 14 13 -13 15 28 27 18 -18 -16 21 -21 -22 25 -25 26 -19 -14 -11 31 38 32 -23 34 -33 36 40 -38 -28 -8 41 43 -43 -35
right_child=1 5 7 -5 -6 6 10 9 -10 11 -12 12 16 -15 19 -17 17 23 -20 20 22 29 -24 24 -26 -27 30 -29 -30 -31 -32 33 -34 35 -36 -37 37 -39 -40 -41 -42 42 -44 -45
leaf_value=-0.015854438734551272 -0.046370576502755279 0.0098211191594600681 -0.0044965640221683615 -0.010509091174160991 0.056008745741844175 0.0032028199847610223 -0.00053082554077263919 0.0013189141282144887 0.0017598417513848593 -0.00047548610968895405 0.0013593073115881647 -0.00020085054769879208 -0.00075084662639225523 0.0023445295993434756 -0.00076054057559994019 -0.0026942738789964365 0.00028563716407755719 0.0010741060537596543 0.0021203214187046578 0.0022379671037197112 -0.0014960841501597316 0.00094837239307637977 5.048638384323567e-05 -0.00039492103306110952 0.0018511508360505105 -0.00074645755590888887 3.1608511216756775e-06 2.8185721246465562e-05 0.00032756442607690886 0.0005421735154878762 0.00030697508445064702 0.00043069807572464924 -0.00015175483688446029 2.2801597151369488e-05 -0.0017571761569177564 0.00058947565760917784 -0.00016019832417969745 -0.0011679518803776731 -0.00048635831019944615 -2.0577820429058224e-06 0.00034401388267793183 -0.00070138741373306228 -3.3161124515795999e-05 0.00051023606598998112
leaf_weight=30 20 24 48 27 25 21 36 81 60 49 33 32 60 38 58 37 34 24 29 5.9999999999999991 20 26 20 30 25 52 123 46.5 45 36 84.5 32 28 195 22 41 62 21 45 111 53 63 387 45
leaf_count=30 20 24 24 21 13 21 36 36 24 34 33 27 35 18 28 22 29 22 14 6 20 26 20 30 17 25 58 39 30 16 37 32 28 102 22 32 62 16 20 111 26 28 172 20
internal_value=2.20436e-11 -0.0024446 0.000279872 0.00781512 0.0168106 0.00145993 0.000461583 -2.03661e-05 -0.00102078 3.50416e-05 0.000141772 -2.05998e-05 0.000218237 0.00118093 -0.000140018 -0.00082631 9.63775e-05 0.000217328 0.00113017 -5.93867e-05 -2.09127e-05 6.6934e-06 -0.000722799 6.73688e-05 0.000626021 -2.6165e-05 0.000109297 -0.000410706 -9.1047e-05 -6.54858e-06 1.75923e-05 -2.68091e-05 0.000377936 -5.05401e-05 -0.000460658 -2.49964e-05 -5.54968e-05 -0.000415172 -0.00012796 -0.000131552 -1.53178e-05 -4.29186e-05 -0.000126713 0.000114196
internal_weight=2385 245 2140 82 55 225 201 2058 108 1950 180 1869 623 70 1246 131 553 446.5 63 1115 1057 1017 40 383.5 55 328.5 276.5 106.5 94 1011 252.5 975 54 921 54 867 826 83 168 147 743 690 450 240
internal_count=1506 245 1261 64 43 225 201 1197 48 1149 180 1113 371 45 742 86 326 252 43 656 628 588 40 209 47 162 137 74 64 582 115 566 54 512 54 458 426 78 78 147 348 322 200 122
is_linear=0
shrinkage=0.08


Tree=78
num_leaves=45
num_cat=0
split_feature=37 0 33 32 36 16 16 29 36 29 37 3 10 11 10 13 33 37 37 29 36 17 37 19 19 26 20 19 35 20 37 27 33 37 37 33 20 33 16 11 36 10 21 21
split_gain=0.2158 6.34934 0.23266 0.179173 0.375971 8.34791 5.07707 1.98719 1.02952 1.72258 0.0787563 0.0346412 0.0534291 0.0234069 0.0135736 0.00771101 0.00453864 0.00385268 0.0030458 0.00253265 0.00229313 0.00289511 0.0022259 0.0123176 0.00751048 0.00455823 0.00340372 0.00272487 0.00394646 0.00259734 0.00262844 0.00611971 0.00319505 0.00364827 0.00261988 0.00240109 0.00213354 0.00240819 0.00298998 0.00176164 0.0016432 0.00238861 0.00159344 0.0031242
threshold=16.425000000000004 16.465000000000003 0.50000000000000011 1.0000000180025095e-35 2.5000000000000004 6.6350000000000016 6.6350000000000016 1.0000000180025095e-35 1.5000000000000002 1.0000000180025095e-35 9.6200000000000028 16.740000000000006 8.5500000000000025 9.9550000000000018 9.8950000000000014 9.7700000000000014 0.3000000000000001 7.9050000000000011 14.055000000000001 6.9000000000000012 1.5000000000000002 1.1000000000000003 7.4050000000000011 15.500000000000002 17.200000000000006 1.9000000000000001 2.7000000000000006 8.9000000000000021 1.5000000000000002 12.900000000000002 9.9950000000000028 14.400000000000002 6.5000000000000009 11.035000000000002 9.8750000000000018 2.1000000000000005 5.3000000000000016 12.100000000000001 6.1050000000000013 7.5250000000000012 2.5000000000000004 7.8050000000000006 1.3 3.5000000000000004
decision_type=2 2 2 2 2 2 2 2 2 2 2 2 2 2 2 2 2 2 2 2 2 2 2 2 2 2 2 2 2 2 2 2 2 2 2 2 2 2 2 2 2 2 2 2
left_child=3 -2 -3 4 6 -6 -1 -7 9 -8 -10 12 -4 14 16 -13 17 20 19 -19 -5 -22 23 25 29 26 35 28 -28 30 34 32 33 -32 36 -18 37 38 -24 -40 41 -34 -35 -44
right_child=1 2 11 13 5 7 8 -9 10 -11 -12 15 -14 -15 -16 -17 22 18 -20 -21 21 -23 24 -25 -26 -27 27 -29 -30 -31 31 -33 40 42 -36 -37 -38 -39 39 -41 -42 -43 43 -45
leaf_value=0.02266820507824421 -0.04544544068677351 0.0090354296565055853 0.005598508495660055 -0.0004759152132575795 -0.036766935021190321 0.028389518215800776 -0.026263700015384885 -0.001344939889934133 -0.00075067579027210526 0.0019106159167473808 0.0051989296899766337 -0.00012316882944784111 -0.00010818149273594222 -0.0016591307385479686 0.001280370382592082 0.0012505627231615963 -0.0008699515867556329 -0.0010529737631441093 9.0627707540988917e-05 -0.0003223124956379512 -0.00018204241830470234 0.00093891516017417115 -0.00051401483702162901 -0.0016508619131017771 0.0010550588247074623 -0.00088651153290023401 1.1050221682698637e-05 -7.3258395741383235e-05 0.0012423448368435962 -0.00053665966566612008 0.00095960485655268715 0.0013419018229469657 -0.000310709632646579 0.00044972220798930118 -0.00044195359170344875 5.401838609638314e-05 0.00055341975278376293 0.00033167609565959861 -0.00039342414028942582 7.2332105723400261e-05 -0.0005387928619292443 0.00051158031914383178 -0.00059718161075113295 0.00034248084071333764
leaf_weight=62.5 20 24 21 29.5 29.5 33 30.5 25.5 34 25.5 24.5 126 21 54 54 33 24 72 36 52.5 29 30 82.5 31.5 49.5 30 27 37.5 43.5 46.5 48 30 52 72 81 72 48 115.5 60 388.5 46 40 39 54
leaf_count=34 20 24 21 25 16 28 27 18 28 18 18 126 21 24 24 33 24 39 36 24 26 24 33 27 36 12 27 24 39 30 24 15 36 48 39 45 21 48 27 168 29 22 30 48
internal_value=-6.89498e-12 -0.00224903 0.00159065 0.000257482 0.00220462 -0.00206894 0.00432933 0.0154283 -0.00568097 -0.0134343 0.00174104 0.000701722 0.00274516 -1.77134e-05 3.09612e-05 0.000161945 -7.22108e-06 -0.000323792 -0.000557464 -0.000744864 9.99856e-05 0.000387936 4.47066e-05 -0.000165702 8.93081e-05 3.42235e-05 0.000169626 0.000477715 0.000770785 4.95702e-05 7.31411e-05 0.000245207 0.000151472 0.000345751 -1.13941e-05 -0.000176974 3.88223e-05 6.15529e-07 -7.13948e-05 1.00236e-05 -0.000148392 4.68077e-05 0.000167175 -5.15712e-05
internal_weight=2385 245 225 2140 265 88 177 58.5 114.5 56 58.5 201 42 1875 1821 159 1767 249 160.5 124.5 88.5 59 1518 265.5 1252.5 234 204 108 70.5 1203 1156.5 381 351 213 775.5 96 694.5 646.5 531 448.5 138 92 165 93
internal_count=1506 245 225 1261 187 62 125 46 91 45 46 201 42 1074 1050 159 1026 174 99 63 75 50 852 198 654 171 159 90 66 618 588 252 237 150 336 69 297 276 228 195 87 58 126 78
is_linear=0
shrinkage=0.08


Tree=79
num_leaves=45
num_cat=0
split_feature=34 2 37 37 0 33 4 5 37 12 10 34 26 34 14 31 37 12 30 0 37 30 29 34 34 30 34 37 33 16 22 15 29 29 37 30 30 5 23 28 37 17 37 37
split_gain=0.297078 4.17928 0.919424 0.136628 0.247698 0.173836 0.110942 0.0210384 0.0144761 0.216374 0.0883324 0.0117044 0.0109039 0.00569136 0.00411974 0.00649828 0.0075603 0.00594592 0.0038139 0.00362259 0.00244501 0.00340148 0.00306036 0.00275569 0.00223921 0.00203775 0.00488812 0.00186512 0.00283987 0.00333993 0.00182164 0.00170445 0.0023581 0.00161289 0.00185961 0.001612 0.0013764 0.00131616 0.00207381 0.00126133 0.00123937 0.0107947 0.00311796 0.00164244
threshold=1.0000000180025095e-35 16.415000000000003 7.9350000000000014 16.415000000000003 17.070000000000004 0.50000000000000011 16.515000000000004 9.9950000000000028 10.875000000000002 9.8000000000000025 9.9550000000000018 78.300000000000026 1.1000000000000003 0.80000000000000016 7.4800000000000013 0.3000000000000001 9.2250000000000032 9.8550000000000022 3.9000000000000004 16.740000000000006 10.010000000000002 7.3000000000000016 12.800000000000002 51.400000000000013 44.500000000000007 0.3000000000000001 4.6000000000000023 7.4050000000000011 12.100000000000001 6.0550000000000024 37.500000000000007 2.2450000000000001 8.4000000000000004 5.5000000000000009 15.4 3.3000000000000003 1.0000000000000002 11.992692307692311 8.7000000000000011 14.300000000000001 7.3050000000000006 15.500000000000002 8.7150000000000016 2.94500002861023
decision_type=2 2 2 2 2 2 2 2 2 2 2 2 2 2 2 2 2 2 2 2 2 2 2 2 2 2 2 2 2 2 2 2 2 2 2 2 2 2 2 2 2 2 2 2
left_child=1 2 -1 8 5 -5 -7 -6 10 11 13 25 -9 -2 20 16 -16 27 -8 -18 21 22 23 40 -23 26 -10 -17 29 -29 -26 36 33 34 35 -33 -27 38 -14 -30 41 43 -42 -15
right_child=3 -3 -4 4 7 6 18 12 9 -11 -12 -13 37 14 15 17 19 -19 -20 -21 -22 24 -24 -25 30 31 -28 28 39 -31 -32 32 -34 -35 -36 -37 -38 -39 -40 -41 42 -43 -44 -45
leaf_value=-0.0024565196260809899 0.0024275291090210282 -0.03132495688704344 0.017700309497969493 0.011405331804638817 -0.0025545625530538109 0.0063905718120244835 0.0013483222059550741 0.0018452601997081988 0.00018067258742155025 -0.007838522779444853 0.0036853375268124399 0.0010439611520422132 -4.0214659759505212e-05 -0.00031165577604302339 -0.0014876839212245412 -0.00073160577666324877 0.00025230266642991943 0.00070488674672153904 -0.00012794769757116834 -0.00064872516422635979 0.00058060765287584878 4.107961318858549e-05 0.00088574132998473941 0.00073678685559166806 -0.000223254729124407 -0.00029481377396560102 -0.0012707622553870983 -0.00063645511753512201 -5.491393347901683e-05 -8.3566390679268849e-05 -0.0010484855571052149 1.0105833820434231e-06 -0.0006703151059398231 0.00046064981042097012 0.00032784850681976725 -0.00074616202458162751 0.00038788900244981052 0.00040783135575197995 -0.00092670499463565648 0.00047961348176209467 0.00071784296255631775 -0.0016213449192982094 -0.00011499600795408091 0.00025434289310554353
leaf_weight=30 5.9999999999999991 26 28 21 21 39 21 21 27 24 42 57 57 42 45 30 49.5 61.5 24 67.5 66 70.5 36 40.5 37.5 27 33 81 46.5 511.5 31.5 33 57 30 30 42 63 21 24 72 51 25.5 66 150
leaf_count=30 6 14 22 21 21 39 21 21 27 12 18 30 57 42 18 12 24 27 24 30 33 45 21 27 15 27 33 33 21 225 27 21 42 21 30 30 54 21 24 30 24 21 33 132
internal_value=4.16778e-11 -0.00467305 0.00727436 0.000170594 0.00194026 0.00489513 0.00326758 -0.000214334 -4.41464e-05 -0.000461128 6.41307e-05 -1.7375e-05 0.000185218 -3.17047e-05 -4.10376e-05 -0.000144284 -0.000606455 -5.09857e-05 0.000560978 -0.000267521 0.000120489 6.53246e-05 0.000181179 0.000113541 -0.000276009 -0.000194264 -0.000617617 -0.00011372 -8.76489e-05 -0.000159151 -0.000599991 -0.000104189 -0.000238846 -5.66704e-05 -0.000204476 -0.000417406 0.000183078 -0.000156556 -0.000302878 0.000269862 3.80803e-05 -7.48616e-05 0.000248036 0.000130531
internal_weight=2385 84 58 2301 249 105 84 144 2052 423 1629 399 123 1587 1581 964.5 162 802.5 45 117 616.5 550.5 411 375 139.5 342 60 741 711 592.5 69 282 192 135 105 75 90 102 81 118.5 334.5 217.5 117 192
internal_count=1506 66 52 1440 249 105 84 144 1191 327 864 315 123 846 840 420 72 348 45 54 420 387 300 279 87 285 60 321 309 258 42 225 144 102 81 51 81 102 81 51 252 195 57 174
is_linear=0
shrinkage=0.08


Tree=80
num_leaves=45
num_cat=0
split_feature=34 37 37 37 33 4 11 7 10 26 31 35 1 34 34 30 30 37 22 15 37 22 37 30 22 34 34 37 30 1 5 23 32 23 29 37 21 32 15 17 35 29 35 30
split_gain=0.251447 3.78486 0.115642 0.209652 0.147134 0.093901 0.0227017 0.0206018 0.0159242 0.00971049 0.00356023 0.0105784 0.00630619 0.00559463 0.006284 0.00322809 0.00268895 0.00234061 0.012905 0.0108988 0.00597665 0.00503489 0.0101931 0.00325411 0.00207509 0.00149499 0.0060765 0.0023148 0.00105315 0.00105916 0.00103107 0.00191029 0.00089441 0.00135739 0.000800193 0.000907717 0.00139515 0.00076985 0.00094863 0.000732368 0.0012941 0.0021296 0.000723505 0.00257229
threshold=1.0000000180025095e-35 9.7850000000000019 16.415000000000003 17.070000000000004 0.50000000000000011 16.515000000000004 9.9550000000000018 9.9950000000000028 9.8950000000000014 0.50000000000000011 1.0000000180025095e-35 1.5000000000000002 16.415000000000003 10.700000000000005 4.6000000000000023 3.9000000000000004 37.000000000000007 5.0400000000000009 67.200000000000017 2.1950000000000003 5.535000000000001 72.800000000000011 8.2800000000000011 1.5000000000000002 21.100000000000005 15.800000000000002 10.700000000000005 9.5600000000000005 1.0000000180025095e-35 16.805000000000003 11.992692307692311 8.7000000000000011 19.000000000000004 3.9000000000000004 1.5000000000000002 14.570000000000002 5.9000000000000012 1.5000000000000002 0.99499999999999933 3.7000000000000006 1.5000000000000002 6.1000000000000005 1.5000000000000002 0.70000000000000007
decision_type=2 2 2 2 2 2 2 2 2 2 2 2 2 2 2 2 2 2 2 2 2 2 2 2 2 2 2 2 2 2 2 2 2 2 2 2 2 2 2 2 2 2 2 2
left_child=1 -1 6 4 -4 -6 8 -5 10 -9 11 13 -13 14 -2 -7 17 18 19 23 -19 25 -23 24 -12 26 27 -22 -29 -30 31 -11 34 -34 -27 37 -37 -36 -39 -40 41 -41 43 -28
right_child=2 -3 3 7 5 15 -8 9 -10 30 16 12 -14 -15 -16 -17 -18 20 -20 -21 21 22 -24 -25 -26 32 42 28 29 -31 -32 -33 33 -35 35 36 -38 38 39 40 -42 -43 -44 -45
leaf_value=0.011509690846006075 0.00063157730984191105 -0.022540233532587686 0.010492905236425853 -0.0025130038557662849 0.005879326050098126 0.0012404564759206204 -0.0016591838105685182 0.0017647611970702806 0.0013582339951837504 -1.7453199982634958e-06 0.001046427311269905 -0.00018891779809362359 -0.0015636375961891776 0.00099135792684844804 -0.00090848960245075894 -0.000117711890488863 0.00064575807386894283 -0.0011064577768697885 -0.0015164919947052286 0.0022877322447796664 0.0006279426646729311 0.0019771297241095455 -0.00015131743340235617 -0.00036817209230679453 0.0001007440213665918 -0.0001475409016931289 -0.001062432706685892 0.00028095744388258978 -0.00055013854892399072 1.518166273511866e-05 0.00037520485176216993 -0.00085256858942254143 -0.00028673941927203505 0.00023690975926540518 -0.00015137335413732055 0.00063883001175828473 -0.00010926673318155938 0.00043417940939558143 -1.403352068602593e-05 0.00094551525451242932 -3.7739192248519627e-05 8.6293681427681204e-05 -0.0010050461689631144 1.3895650411507599e-05
leaf_weight=45 30 39 21 21 39 21 54 21 54 57 33 36 52.5 36 39 24 40.5 33 21 21 37.5 24 36 33 27 159 30 34.5 39 46.5 21 24 145.5 40.5 133.5 39 27 40.5 484.5 30 82.5 48 37.5 27
leaf_count=36 30 30 21 21 39 21 24 21 24 57 33 27 21 21 27 24 18 33 21 21 15 21 30 33 27 84 21 21 33 21 21 24 75 18 66 39 27 18 228 18 33 27 15 21
internal_value=2.20201e-13 -0.0042992 0.000156946 0.00178504 0.00450352 0.00300617 -4.06147e-05 -0.000197187 3.13045e-06 0.000198196 -3.45113e-05 -0.000360139 -0.00100443 0.000182906 -0.000238895 0.0005161 1.48353e-06 -1.37756e-05 0.000305915 0.000641622 -4.11777e-05 -1.83799e-05 0.000700061 0.000269919 0.00062087 -4.74665e-05 -0.000224983 7.93106e-05 -9.21369e-05 -0.000242684 -0.000124332 -0.000253841 -1.10974e-05 -0.000172719 1.76972e-05 4.73841e-05 0.00033279 2.43843e-05 5.86128e-05 3.50307e-05 0.000183141 0.000416764 -0.000732138 -0.000552593
internal_weight=2385 84 2301 249 105 84 2052 144 1998 123 1944 193.5 88.5 105 69 45 1750.5 1710 135 114 1575 1542 60 93 60 1482 252 157.5 120 85.5 102 81 1230 186 1044 885 66 819 685.5 645 160.5 78 94.5 57
internal_count=1506 66 1440 249 105 84 1191 144 1167 123 1143 126 48 78 57 45 1017 999 135 114 864 831 51 93 60 780 147 90 75 54 102 81 633 93 540 456 66 390 324 306 78 45 57 42
is_linear=0
shrinkage=0.08


Tree=81
num_leaves=45
num_cat=0
split_feature=37 32 34 36 1 0 34 10 11 7 10 36 32 16 31 16 26 34 30 37 0 21 21 37 16 37 34 16 27 16 35 0 16 18 37 15 3 5 37 37 9 37 32 19
split_gain=0.228207 5.97591 0.706944 1.95396 9.36823 0.135117 0.069718 0.0709908 0.0195216 0.016866 0.0132167 0.0113042 0.0290941 0.130008 0.0224472 0.0563355 0.00820444 0.00796177 0.00462732 0.0035258 0.00377659 0.00281286 0.00794057 0.00210418 0.00313313 0.0025419 0.00933043 0.00775668 0.00183607 0.00196098 0.00383874 0.0135171 0.00428569 0.00194884 0.00173546 0.00167332 0.00162079 0.00125791 0.00358738 0.00197879 0.00269846 0.0012518 0.00121661 0.00105725
threshold=16.425000000000004 0.3000000000000001 1.0000000180025095e-35 2.5000000000000004 16.375000000000004 17.150000000000002 16.900000000000009 8.4550000000000018 9.9550000000000018 10.230000000000002 9.8950000000000014 2.5000000000000004 1.0000000180025095e-35 7.1300000000000008 1.0000000180025095e-35 6.6350000000000016 1.1000000000000003 0.80000000000000016 1.0000000180025095e-35 16.050000000000004 16.175000000000004 5.3000000000000016 8.9000000000000021 5.0400000000000009 8.9950000000000028 11.760384615384618 75.800000000000011 6.0550000000000024 11.400000000000002 7.0850000000000017 1.5000000000000002 14.875000000000002 8.6850000000000005 3.0000000000000004 7.0900000000000007 2.0534615384615376 16.455000000000002 10.115 10.675000000000002 10.105000000000002 9.9200000000000017 8.1550000000000029 3.3000000000000003 10.000000000000002
decision_type=2 2 2 2 2 2 2 2 2 2 2 2 2 2 2 2 2 2 2 2 2 2 2 2 2 2 2 2 2 2 2 2 2 2 2 2 2 2 2 2 2 2 2 2
left_child=2 -2 3 4 -1 6 -3 -8 10 -7 11 14 13 -13 15 -4 -11 -16 -17 21 -21 23 -23 24 -19 27 35 -25 29 37 31 33 -32 -31 43 -27 -36 39 -39 40 41 -14 -43 -29
right_child=1 5 8 -5 -6 9 7 -9 -10 16 -12 12 28 -15 17 18 -18 19 -20 20 -22 22 -24 25 -26 26 -28 34 -30 30 32 -33 -34 -35 36 -37 -38 38 -40 -41 -42 42 -44 -45
leaf_value=-0.013938607323293885 -0.044219647958118002 0.0075057046875978504 -0.0034812591508538888 -0.01007631125273528 0.052369918239116665 -0.0022718186680937098 0.0050943573767488646 -0.00015310274888620233 -0.0015264491095311112 0.0016235802947942698 0.0012495752906909695 0.0055495347971877742 0.00033907052686159636 -0.0018379732112322625 0.0028625889029353859 -0.00066307308281668366 -0.00012713585252797241 0.0011878219472904069 0.00052154363765308232 -1.9834192469716075e-05 -0.0015745094246231021 -0.001511054667333762 -8.449993572208012e-05 -0.00076979067250662907 3.1619879533536731e-05 -0.00071638672379776842 0.0014537574838408651 -9.3909384811232831e-05 0.00067516907369570122 -0.0003521781333085314 -0.0008948386480499592 0.0024032137791315713 0.00059725078754127028 0.00054909410387543698 0.00027481644774440594 9.5717266254547617e-05 -1.3903945472298398e-05 0.00048058737973137014 -0.0003913075597758623 0.00042662185228740181 -0.00059578838675648348 -0.00043732823738086541 5.0150145513889118e-05 -0.00082021254236283505
leaf_weight=30 20 24 44 27 25 21 33 33 54 21 54 31 43.5 30 5.9999999999999991 36 93 24 51 20 20 30 149 88 40 22 34 29 31.5 34 28 21 22 28 172 62 450 84.5 47 36 79 56.5 78 23
leaf_count=30 20 24 24 21 13 21 33 33 24 21 24 16 21 25 6 26 93 24 36 20 20 20 104 36 40 20 18 26 14 34 19 14 22 28 80 52 200 35 24 34 35 26 36 14
internal_value=-1.47706e-11 -0.00231278 0.000264781 0.00754914 0.0162016 0.00141227 0.00381331 0.00247063 -2.54607e-05 -0.00018842 1.49851e-05 -1.92035e-05 0.000253197 0.00191633 -0.000155404 -0.00114845 0.000195364 -4.4121e-05 3.13574e-05 -5.91169e-05 -0.000797172 -3.28282e-05 -0.000323587 2.23051e-05 0.000465196 -9.90508e-06 0.000335608 -6.34097e-05 8.09532e-05 4.73787e-05 0.000315429 0.000649013 -0.000238319 5.4848e-05 2.88181e-05 -0.000116977 6.59351e-05 -3.66042e-05 0.00016896 -0.000128862 -0.000206673 -3.39762e-05 -0.000154627 -0.000415159
internal_weight=2385 245 2140 82 55 225 90 66 2058 135 2004 1950 650 61 1300 131 114 1169 87 1163 40 1123 179 944 64 880 118 762 589 557.5 133 83 50 62 674 84 622 424.5 131.5 293 257 178 134.5 52
internal_count=1506 245 1261 64 43 225 90 66 1197 135 1173 1149 383 41 766 86 114 680 62 674 40 634 124 510 64 446 90 356 342 328 117 76 41 62 320 72 280 211 59 152 118 83 62 40
is_linear=0
shrinkage=0.08


Tree=82
num_leaves=45
num_cat=0
split_feature=34 2 37 37 34 4 33 14 33 16 37 10 36 31 16 31 33 4 34 17 20 30 34 30 9 37 30 37 37 26 16 8 34 37 23 25 14 34 34 34 31 16 36 14
split_gain=0.27068 3.96177 0.847124 0.116535 0.209784 0.103123 0.0889402 0.0455819 0.0175333 0.0139759 0.142397 0.0173227 0.0105676 0.0208315 0.0559329 0.0141861 0.0504217 0.00765948 0.00641991 0.00426887 0.00538603 0.00391656 0.00308815 0.00292139 0.00913854 0.0027355 0.00343888 0.00320941 0.00262745 0.00213281 0.00138774 0.00123903 0.00119291 0.00136193 0.00177383 0.00171005 0.0016633 0.00208668 0.00130336 0.00187257 0.00116793 0.00155794 0.00152498 0.00103882
threshold=1.0000000180025095e-35 16.415000000000003 7.9350000000000014 16.415000000000003 13.500000000000002 16.515000000000004 0.70000000000000007 9.3600000000000012 2.5000000000000004 5.9461538461538463 11.703076923076924 9.9350000000000005 2.5000000000000004 1.0000000180025095e-35 6.6350000000000016 1.0000000180025095e-35 1.7000000000000004 17.475000000000005 1.9000000000000006 2.1000000000000005 0.70000000000000007 1.0000000180025095e-35 7.5000000000000027 0.70000000000000007 9.9800000000000022 10.435000000000002 11.100000000000001 6.9350000000000014 11.245000000000003 7.5000000000000009 6.0311538461538472 9.9350000000000005 10.300000000000002 9.0050000000000008 4.1000000000000005 2.8000000000000003 7.6650000000000009 61.500000000000007 33.300000000000004 41.800000000000004 3.3000000000000003 8.9950000000000028 1.5000000000000002 7.8350000000000009
decision_type=2 2 2 2 2 2 2 2 2 2 2 2 2 2 2 2 2 2 2 2 2 2 2 2 2 2 2 2 2 2 2 2 2 2 2 2 2 2 2 2 2 2 2 2
left_child=1 2 -1 9 6 -6 -5 8 -7 10 -2 12 13 14 -11 16 -14 19 -15 22 -21 -16 -17 24 40 26 27 -22 31 30 -25 -24 -32 36 35 -35 37 38 -34 -40 41 42 -20 -33
right_child=3 -3 -4 4 5 7 -8 -9 -10 11 -12 -13 15 18 21 17 -18 -19 23 20 25 -23 28 29 -26 -27 -28 -29 -30 -31 32 43 33 34 -36 -37 -38 -39 39 -41 -42 -43 -44 -45
leaf_value=-0.0021686793838938075 0.0016769414319229934 -0.030409704079994788 0.017179398366383145 0.010279772881241071 0.0046513973269611602 0.0024329991753967036 0.0036198492771522569 -0.0034729116327556161 -7.7495118364309649e-05 -0.0035261080147964614 -0.0041690295858037036 0.0012728612384310476 -0.00082481942181898791 0.0014435558592797155 -0.00061002721712510616 -0.00086525187022178551 0.0036499057142507464 0.0010134991244585426 0.00074608238830940049 0.0011661104586076093 -4.9971524145334001e-05 0.00047982013939569393 -3.2448324405036313e-05 0.00070780668795729688 -0.0011823043510181984 -0.00043381785288349622 -0.00029965109764093376 0.00098028399411914419 0.0005402775685856673 -0.00050565682670653412 0.00047675433394033461 -0.00014432597728243664 -0.00020190141057666345 -0.00014915153247759642 0.00023718439468315669 -0.00079315722390110117 0.00029281290329527109 -0.00056565236112829755 0.00066669188597006724 1.6182868936815905e-05 -0.00038256869749411158 -0.00028810826194886535 -1.7252920556869082e-05 -0.0006819713957931685
leaf_weight=30 60 26 28 21 33 21 33 24 117 42 48 67.5 33 18 36 37 31.5 54 33.5 37 31 51 135 18 60 45 41.5 51.5 37 54 32 46 79 293 70 29 150 41 40 97 38 36 33.5 46
leaf_count=30 24 14 22 21 33 21 33 24 117 22 24 30 23 18 26 27 19 24 20 26 28 36 68 8 30 38 24 25 29 24 22 20 58 192 34 14 60 26 22 56 18 36 20 20
internal_value=1.47369e-11 -0.00446059 0.00717177 0.000162838 0.0017972 0.000575242 0.00620982 -0.000255085 0.000304537 -3.54839e-05 -0.000921268 1.37263e-05 -3.15663e-05 -0.000165808 -0.00112858 0.000236918 0.00136051 0.000107734 -5.51154e-05 1.12624e-05 0.000291865 2.88488e-05 -0.000180778 -7.95502e-05 -0.000355383 0.000100463 0.000294355 0.000593158 -8.48482e-05 -1.81522e-05 1.28551e-05 -0.000186741 -2.19798e-06 -2.138e-05 -0.000127806 -0.000207152 8.11238e-05 -4.24301e-05 5.68852e-05 0.000206113 -3.50157e-06 0.000136348 0.000364415 -0.000413149
internal_weight=2385 84 58 2301 249 195 54 162 138 2052 108 1944 1876.5 1251 129 625.5 64.5 561 1122 507 206 87 301 1104 201 169 124 82.5 264 903 849 227 831 799 392 322 407 257 216 137 141 103 67 92
internal_count=1506 66 52 1440 249 195 54 162 138 1191 48 1143 1113 742 84 371 42 329 658 305 141 62 164 640 124 115 77 53 137 516 492 108 484 462 240 206 222 162 136 78 94 76 40 40
is_linear=0
shrinkage=0.08


Tree=83
num_leaves=45
num_cat=0
split_feature=34 37 37 32 4 34 15 12 10 36 32 16 36 32 16 23 37 16 16 37 34 37 22 15 18 0 0 25 16 15 32 15 32 0 27 29 27 37 36 37 32 18 29 29
split_gain=0.229103 3.42087 0.0986349 0.215236 0.0941108 0.0250445 0.0537457 0.0145267 0.0192842 0.00661252 0.0204497 0.13663 0.0255691 0.0149389 0.0878361 0.00305122 0.00286146 0.0107981 0.00527514 0.0024285 0.00233776 0.00214427 0.00232946 0.00204773 0.00270281 0.00204549 0.00246324 0.00191198 0.00212537 0.00274048 0.00236912 0.00185026 0.00171697 0.00161012 0.00225335 0.00118677 0.00115788 0.00112498 0.00103787 0.000918958 0.000905857 0.000898102 0.000944811 0.000930709
threshold=1.0000000180025095e-35 9.7850000000000019 16.415000000000003 0.70000000000000007 16.515000000000004 13.900000000000004 1.0549999999999999 9.9350000000000005 9.8950000000000014 2.5000000000000004 1.0000000180025095e-35 6.8350000000000017 1.5000000000000002 1.0000000180025095e-35 7.1300000000000008 2.3000000000000003 9.9200000000000017 6.0273076923076916 6.0350000000000028 9.7050000000000018 25.100000000000005 10.875000000000002 9.8000000000000025 2.100000000000001 2.3000000000000003 14.485000000000001 14.820000000000002 5.4000000000000012 7.0850000000000017 2.5050000000000003 4.2000000000000011 2.6250000000000004 1.3 16.245000000000001 4.4000000000000012 17.600000000000005 2.3000000000000003 7.5050000000000008 1.5000000000000002 7.995000000000001 11.4 0.90000000000000013 10.800000000000002 7.1000000000000005
decision_type=2 2 2 2 2 2 2 2 2 2 2 2 2 2 2 2 2 2 2 2 2 2 2 2 2 2 2 2 2 2 2 2 2 2 2 2 2 2 2 2 2 2 2 2
left_child=1 -1 7 -4 -5 -6 -7 8 9 10 11 -2 -13 14 -11 36 18 -18 -12 20 23 22 -19 -20 -25 -22 -27 28 41 30 32 37 -30 40 -35 -17 -8 -28 -21 -33 -23 42 -15 -43
right_child=2 -3 3 4 5 6 15 -9 -10 13 16 12 -14 27 -16 35 17 21 19 38 25 33 -24 24 -26 26 31 -29 29 -31 -32 39 -34 34 -36 -37 -38 -39 -40 -41 -42 43 -44 -45
leaf_value=0.010925765860411855 -0.0048036033713391851 -0.021445484405908828 0.0071113229974005855 0.0043630735136361591 0.002460128361625331 -0.0042452768688755376 0.0010252446645782106 -0.0010826375567710694 0.0017381532802993869 0.0044466056736807034 -0.00083327673860670378 0.0023043847492394539 -0.00059249692286054295 -7.3764738318295885e-05 -0.0016752194766886533 -0.00042180592780587849 0.0013989500072784722 -7.8797287569614129e-05 -1.6550572447316801e-06 -0.00054089252045975088 0.0013829368539154531 -6.5853779556669496e-05 0.00065089348404269139 -0.001128489202068698 -9.5646160052103161e-05 -0.0006955976261815522 0.00066244278454946159 0.0004095423975360324 5.562339861946249e-05 0.001005111544937739 -0.00060308052812615639 -0.00018252273178005822 0.00086885891199926844 -0.00087653479881976781 -1.6275076894089578e-05 0.00028695129534407035 0.00027776723281325153 0.00020872927318285606 -0.00012819740273512135 0.0001616049708205868 0.00052028166176751258 -8.8159269165425064e-05 0.00034905089646493907 -0.00047710297688368774
leaf_weight=45 42 39 39 36 21 21 21 81 40.5 30 60 39 39 158.5 30 54 40 56 92 78 7.9999999999999991 108 56 31 34 24 45 85.5 54 26.5 24 114 24 38 40 21 36 157 78 88 20 105 43 63
leaf_count=36 22 30 39 36 21 21 21 36 18 15 24 29 29 75 25 54 20 28 68 38 8 108 28 22 28 24 24 38 49 23 24 54 19 22 20 21 36 64 38 40 20 57 22 32
internal_value=-9.49218e-12 -0.00410374 0.000149811 0.00165342 0.000639813 -0.000130517 -0.000486095 -3.26452e-05 1.05052e-05 -2.57392e-05 -0.000130434 -0.0011249 0.000855944 0.00018365 0.00138569 0.000111956 -2.81751e-05 0.000160138 -0.000111508 -5.36892e-05 2.01953e-05 4.31285e-06 0.000286048 -0.000244506 -0.000588233 0.000115512 9.18218e-05 6.00462e-05 4.2304e-08 0.000280294 9.19838e-05 0.000138599 0.00030585 -0.000148864 -0.000435376 -0.000223354 0.000553154 0.000309804 -0.000334545 -3.26057e-05 2.57299e-05 -9.74201e-05 1.64639e-05 -0.000234013
internal_weight=2385 84 2301 249 210 174 153 2052 1971 1930.5 1287 120 78 643.5 60 132 1167 358 809 749 593 318 112 157 65 436 428 583.5 498 128.5 102 404 78 206 78 75 57 202 156 202 128 369.5 201.5 168
internal_count=1506 66 1440 249 210 174 153 1191 1155 1137 758 80 58 379 40 132 678 246 432 408 332 226 56 118 50 214 206 339 301 115 92 182 68 170 42 75 57 88 76 94 128 186 97 89
is_linear=0
shrinkage=0.08


Tree=84
num_leaves=45
num_cat=0
split_feature=37 3 34 36 2 32 33 11 10 0 10 36 32 31 32 33 34 33 37 28 0 34 0 37 29 21 23 25 20 37 19 37 37 11 37 33 36 18 29 31 34 0 0 37
split_gain=0.236637 5.50306 0.705372 1.69659 8.54483 0.180284 0.0183627 0.0160299 0.0160905 0.0152437 0.0145017 0.00704058 0.0195235 0.0301207 0.0153336 0.070722 0.0131074 0.00233541 0.00227433 0.00789645 0.00388817 0.00355524 0.00339108 0.00220384 0.00210748 0.00201636 0.00170436 0.00154927 0.0019058 0.00186193 0.00217023 0.00487514 0.00281984 0.00196861 0.00275409 0.00136838 0.0011241 0.00102577 0.00100448 0.000935173 0.00223779 0.00182427 0.00191537 0.00133984
threshold=16.425000000000004 16.465000000000003 1.0000000180025095e-35 2.5000000000000004 16.375000000000004 0.70000000000000007 0.70000000000000007 9.9450000000000021 9.8950000000000014 17.150000000000002 8.5500000000000025 2.5000000000000004 1.0000000180025095e-35 1.0000000180025095e-35 1.0000000180025095e-35 3.5000000000000004 9.9000000000000039 1.0000000180025095e-35 9.9200000000000017 57.20000000000001 17.795000000000005 25.600000000000005 15.020000000000001 9.7050000000000018 19.000000000000004 1.1000000000000003 2.3000000000000003 5.4000000000000012 13.900000000000002 14.420000000000002 5.9000000000000012 5.0400000000000009 7.4800000000000013 7.4400000000000004 9.9200000000000017 6.1000000000000005 1.5000000000000002 0.3000000000000001 17.600000000000005 1.0000000000000002 29.400000000000002 14.485000000000001 14.820000000000002 7.0900000000000007
decision_type=2 2 2 2 2 2 2 2 2 2 2 2 2 2 2 2 2 2 2 2 2 2 2 2 2 2 2 2 2 2 2 2 2 2 2 2 2 2 2 2 2 2 2 2
left_child=2 -2 3 4 -1 -3 -7 8 11 10 -8 14 13 -13 15 16 -4 37 20 21 23 22 -20 39 25 -23 -11 28 29 30 31 -14 -33 -34 35 -35 -25 -16 -28 43 -41 -42 -43 -19
right_child=1 5 7 -5 -6 6 9 -9 -10 26 -12 12 27 -15 17 -17 -18 18 19 -21 -22 24 -24 36 -26 -27 38 -29 -30 -31 -32 32 33 34 -36 -37 -38 -39 -40 40 41 42 -44 -45
leaf_value=-0.013176801325132451 -0.042569853326305751 0.0064082118387644499 0.0011434643419788164 -0.0088778350088331431 0.050150721740722659 -0.00199912678450346 0.003105432383714894 -0.0012327368358771005 0.0015991012996959468 0.0004172798619579731 0.00032438304352884494 0.0033725028214976194 0.00092260159028228377 -0.00018336661129949555 -0.00018927044091889494 -0.0037831218796185195 -0.00092204515123739839 -2.760198874855224e-05 5.3635395921042395e-05 0.0012904299785279566 -0.00064688492566347124 0.00035447391596707428 0.0012275015103763768 -0.00051569948787800969 -0.00070826229202793913 -0.00018069399094445185 -0.00038806145941769636 0.00037677902423324637 0.00053827185271074999 0.00050711760473613808 -0.00060993462728543412 -0.00070015501665572329 0.00044563973504934724 -0.00013694844859826372 -0.00060611393872282606 0.00029309245673092929 -7.4747009922567807e-05 -0.00079044966780416226 0.00026399518163608654 -0.00043087419251409861 0.001272301827557385 -0.00063994982332284665 9.8892959516247301e-05 0.00055541002209513236
leaf_weight=30 20 36 51 27 25 21 24 67.5 40.5 45 24 30 32 31 39 39 32 49 36 36 70 66 28 74 32 142 54 85.5 40 37 45 45 48.5 123 56 77 74 34 21 65 7.9999999999999991 24 349 52
leaf_count=30 20 36 36 21 13 21 24 30 18 45 24 20 32 21 24 24 22 46 36 18 28 38 20 36 22 98 54 38 32 37 29 27 33 53 28 33 36 24 21 50 8 24 154 22
internal_value=2.67548e-14 -0.00235511 0.000269627 0.00754588 0.0156084 0.00121954 0.000231217 -2.02921e-05 2.08232e-05 0.00051001 0.00171491 -1.19564e-05 0.000203021 0.00156542 -0.000119445 -0.000973201 0.000347123 -3.10253e-05 -2.07329e-06 0.000170085 -7.85879e-05 3.7412e-05 0.000567202 -2.13493e-05 -0.000103865 -1.08811e-05 2.80514e-05 6.1923e-05 8.4569e-06 -3.72661e-05 -8.44928e-05 -2.25141e-05 -0.000109048 -2.16926e-05 -0.00011023 2.86173e-05 -0.000295223 -0.000469272 -0.000205486 5.27519e-05 2.97408e-06 7.69902e-05 5.13535e-05 0.000272563
internal_weight=2385 245 2140 82 55 225 189 2058 1990.5 168 48 1950 650 61 1300 122 83 1178 1105 340 765 304 64 695 240 208 120 589 503.5 463.5 426.5 381.5 349.5 304.5 256 200 148 73 75 547 446 381 373 101
internal_count=1506 245 1261 64 43 225 189 1197 1167 168 48 1149 383 41 766 82 58 684 636 232 404 214 56 376 158 136 120 342 304 272 235 206 174 147 114 86 72 48 75 304 236 186 178 68
is_linear=0
shrinkage=0.08


Tree=85
num_leaves=45
num_cat=0
split_feature=0 34 37 37 0 29 0 3 7 11 16 36 35 36 31 16 31 16 34 34 34 34 30 36 33 34 29 16 31 36 35 15 35 36 33 37 37 33 33 37 35 34 21 30
split_gain=0.250814 1.5743 0.487999 0.101142 0.188581 0.122543 0.0350476 0.0324675 0.0159501 0.0135111 0.00806346 0.210093 0.230468 0.00528395 0.0127972 0.0358761 0.00950188 0.0383679 0.00496531 0.003548 0.00342985 0.00761381 0.00736342 0.00302113 0.00252787 0.0067776 0.00392753 0.00249877 0.00216928 0.00185444 0.00170512 0.00159522 0.0014704 0.00158929 0.00131823 0.00121387 0.00149882 0.00101649 0.0014775 0.00151768 0.00146649 0.00345589 0.000899393 0.000862725
threshold=12.329999885559085 1.0000000180025095e-35 2.9500000238418584 16.415000000000003 17.070000000000004 0.50000000000000011 16.590000000000003 16.515000000000004 9.9950000000000028 9.9550000000000018 6.0273076923076916 2.5000000000000004 1.5000000000000002 2.5000000000000004 1.0000000180025095e-35 6.6350000000000016 1.0000000180025095e-35 7.1750000000000016 32.20000000000001 3.5000000000000004 10.300000000000002 16.900000000000009 0.50000000000000011 1.5000000000000002 2.3000000000000003 17.700000000000006 0.70000000000000007 6.0350000000000028 0.3000000000000001 2.5000000000000004 1.5000000000000002 3.0700000000000007 1.5000000000000002 1.5000000000000002 1.5000000000000002 4.1950000000000012 6.3850000000000007 8.7000000000000011 11.900000000000002 9.7050000000000018 1.5000000000000002 44.500000000000007 17.200000000000006 4.6000000000000005
decision_type=2 2 2 2 2 2 2 2 2 2 2 2 2 2 2 2 2 2 2 2 2 2 2 2 2 2 2 2 2 2 2 2 2 2 2 2 2 2 2 2 2 2 2 2
left_child=2 -2 -1 9 5 -5 7 -7 -6 10 11 12 -3 14 15 -12 17 -15 -10 -17 23 22 -22 28 26 -26 -18 -23 -16 31 -25 -20 33 -24 43 -29 -37 40 -39 -40 41 -27 -38 -28
right_child=1 3 -4 4 8 6 -8 -9 18 -11 13 -13 -14 16 20 19 24 -19 29 -21 21 27 32 30 25 37 34 35 -30 -31 -32 -33 -34 -35 -36 36 42 38 39 -41 -42 -43 -44 -45
leaf_value=-0.0029901931044601262 -0.016052418427589612 0.0064501966106203894 0.013708804237345856 0.0092780717105294258 -0.0022386687488428186 0.0035784003431243556 0.0046300900129911801 -0.00072890133907397583 0.0012671068998142368 -0.0012770495922477156 -0.0028142880537502823 -0.0033911962186296781 -0.00069525401981977318 0.0028856060308390767 0.00014441683439404837 0.00086054268370692924 -0.00075906561958518899 -0.0010262591498903931 0.00062058694461094481 -0.0002825077497474258 -0.0018416613874433097 -0.00095306145027279859 -0.00051803685901686549 -0.00040542480702965685 0.0011393415672909014 -7.6145896031944588e-05 0.00037205925803970207 -0.00051764911157079038 0.001053479014496718 -0.00056614327847081072 0.00038945807914827921 -0.00016672332145390101 -0.0007223744091028586 0.00038402680289000273 -0.00037453949045485415 0.00055462856020312753 1.7154646419464891e-05 -0.00047157134214530189 0.00040495835943147544 -0.00027816332004304176 -7.5702407683422355e-05 0.00095816253264787614 -0.00035966527864856777 -6.4688770285060821e-05
leaf_weight=21 39 52 24 24 21 21 36 24 21 54 42 58.5 65 34.5 28 24 55 30 28 63 28 18 25 39 41 44 60.5 28 42 34 31 40 39 25 39 32 708 49 44 39.5 76.5 39 43 55.5
leaf_count=21 21 26 24 24 21 21 36 24 21 24 22 26 26 17 23 24 40 25 28 38 18 8 20 31 26 28 36 28 27 34 19 40 24 20 24 32 362 24 22 23 36 25 30 37
internal_value=3.56136e-12 -0.000113768 0.00591594 0.000156379 0.00167898 0.00425724 0.00276958 0.00128117 -0.000201001 -2.83813e-05 5.36646e-06 0.000523269 0.0024805 -4.45056e-05 -0.000140827 -0.000894148 0.000148136 0.00106613 0.000146893 3.28165e-05 -5.13437e-05 -0.000106037 -0.000710166 0.000318224 3.90923e-05 0.000176166 -0.000178268 -2.07736e-05 0.000689854 -8.37389e-05 -5.34052e-05 0.000157463 -0.000354189 -6.7005e-05 2.78214e-05 -8.16011e-08 1.84266e-05 4.0926e-05 -0.00012284 8.1805e-05 0.00017697 0.000409854 -4.42093e-06 0.000163098
internal_weight=2385 2340 45 2301 249 105 81 45 144 2052 1998 175.5 117 1822.5 1215 129 607.5 64.5 123 87 1086 946 117 140 543 333 210 829 70 102 70 68 89 50 155 811 783 292 132.5 83.5 159.5 83 751 116
internal_count=1506 1461 45 1440 249 105 81 45 144 1191 1167 78 52 1089 726 84 363 42 123 62 642 542 82 100 321 184 137 460 50 102 50 68 64 40 97 452 424 158 69 45 89 53 392 73
is_linear=0
shrinkage=0.08


Tree=86
num_leaves=45
num_cat=0
split_feature=37 33 1 34 37 33 4 37 11 11 34 36 4 2 34 32 17 16 34 37 29 32 37 37 37 22 16 8 16 37 11 36 32 8 0 32 34 21 0 0 33 17 19 32
split_gain=0.226762 6.56476 0.852193 0.767207 0.784541 0.0813864 0.0470787 0.0156523 0.201629 0.0687016 0.0148034 0.00923107 0.0243359 0.0241321 0.00871002 0.0151654 0.00757304 0.0107513 0.00683684 0.00461531 0.00771747 0.00473199 0.00316394 0.002711 0.00375606 0.0066172 0.00258616 0.00314593 0.00246612 0.00219278 0.00208237 0.00305146 0.00207797 0.00200704 0.00148733 0.00143078 0.00141874 0.00134106 0.00241364 0.0020789 0.00226647 0.00407987 0.00169994 0.00131413
threshold=16.415000000000003 0.3000000000000001 16.455000000000002 1.0000000180025095e-35 7.8750000000000009 1.0000000000000002 16.515000000000004 10.875000000000002 9.8550000000000022 9.9550000000000018 11.200000000000005 1.5000000000000002 17.630000000000006 17.835000000000004 1.9000000000000006 1.0000000180025095e-35 1.7000000000000004 6.1300000000000008 74.200000000000017 9.7450000000000028 1.0000000180025095e-35 1.3 2.3250000000000006 3.8950000000000005 5.3900000000000015 67.200000000000017 6.0550000000000024 9.9200000000000017 7.0450000000000008 9.7850000000000019 7.9050000000000011 2.5000000000000004 2.3000000000000003 10.105000000000002 15.995000000000003 16.100000000000005 66.100000000000009 3.5000000000000004 14.695000000000002 14.005000000000001 1.0000000000000002 1.3 1.1000000000000003 3.5000000000000004
decision_type=2 2 2 2 2 2 2 2 2 2 2 2 2 2 2 2 2 2 2 2 2 2 2 2 2 2 2 2 2 2 2 2 2 2 2 2 2 2 2 2 2 2 2 2
left_child=3 -2 -3 4 -1 -4 -7 9 18 11 -8 12 14 16 -5 -16 19 -18 37 21 -21 30 -19 -24 -25 36 -17 29 -22 34 31 -13 -23 -29 -28 43 -26 39 -39 -9 41 -41 -40 -12
right_child=1 2 5 7 -6 6 10 8 -10 -11 35 13 -14 -15 15 26 17 22 -20 20 28 32 23 24 25 -27 27 33 -30 -31 -32 -33 -34 -35 -36 -37 -38 38 42 40 -42 -43 -44 -45
leaf_value=-0.0020913017963369689 -0.044027531309561295 0.017478779830038548 -0.0041811583936214444 0.0018616693466070242 0.014400339374939602 0.0043356605681280297 0.0023048927794609752 -0.00093120614474173635 -0.0075812942100067938 0.0030681396884998931 -0.0002518003609859281 0.00014950427880038077 -0.001984993391430255 0.0016258109484154446 -0.0016134170132378737 -0.0010012848991336244 0.0018696145375293714 -0.0020289300940930844 0.00069287256820235342 0.00099228396563342332 -0.00026106751656126498 0.00034325934682955162 0.00095856393376986195 -0.00065752215916290878 0.0002000291596476284 0.0012206301687715147 -0.00019925791399807416 0.00062258139960855868 0.00041409888851415852 -0.0005245506961364299 -0.0010392577227515479 -0.00093027812819719438 -0.00021378185959682533 1.302246158396391e-05 0.00024269635038716452 -0.00049196308768673417 -0.00029055299009291495 0.00060425745210412776 0.00036701377084547726 0.00077168715468636058 -0.00041779284276007847 -0.00065471997207385447 -0.00036948613031432989 0.00032590742314433945
leaf_weight=30 22 20 24 13.999999999999998 48 21 21 30 24 48 36 33.5 48.5 65 42 16.5 27 3.9999999999999991 69 54 140 53 30 32 164 39 110 72 46 70 60 33.5 224 66.5 87.5 27 49 33 27 33 108 21 78 84
leaf_count=30 22 20 24 14 30 21 21 30 12 21 36 29 20 26 22 7 12 4 39 26 70 26 30 32 80 28 88 32 22 35 24 29 100 28 35 27 24 33 21 30 75 21 66 84
internal_value=-1.46584e-11 -0.0022545 0.00168973 0.000269905 0.0080574 0.000207194 0.000764445 -2.61108e-05 -0.000459703 8.64793e-05 0.000318043 -4.04551e-06 -0.000277424 0.000132644 -0.000104348 -0.000163604 3.45086e-05 0.000336963 -3.13361e-05 -0.000127521 0.000150343 -0.000292589 0.000206833 0.000235314 0.000158914 0.000262588 -1.94801e-05 2.04209e-05 -9.40909e-05 -0.000139817 -0.00069694 -0.000390387 -0.0001072 0.000329905 -3.45539e-06 3.42069e-05 8.71722e-05 -0.000182762 7.4634e-06 -0.000319486 -0.000206204 0.000216973 -0.0001801 0.000152595
internal_weight=2385 255 233 2130 78 213 189 2052 423 1629 168 1581 527 1054 478.5 464.5 989 345 399 644 240 404 318 314 284 252 422.5 406 186 267.5 127 67 277 138.5 197.5 147 213 330 138 192 162 54 105 120
internal_count=1506 255 233 1251 60 213 189 1191 327 864 168 843 281 562 261 247 536 210 315 326 118 208 198 194 164 132 225 218 92 158 82 58 126 60 123 147 104 276 120 156 126 51 87 120
is_linear=0
shrinkage=0.08


Tree=87
num_leaves=45
num_cat=0
split_feature=34 2 37 37 33 4 11 11 13 36 32 33 36 32 37 12 0 12 25 33 33 37 37 37 37 35 37 34 18 31 37 13 33 31 31 36 37 37 19 33 37 28 37 36
split_gain=0.263985 3.57223 0.712238 0.101222 0.195179 0.0986269 0.014682 0.0084511 0.0068597 0.00491591 0.0117192 0.0543789 0.0125488 0.00973003 0.0126075 0.0034337 0.00242073 0.00234378 0.00217197 0.0024041 0.00168034 0.00154234 0.00511307 0.00284816 0.00330342 0.00209659 0.00534339 0.0030828 0.00326029 0.00179015 0.00163167 0.00168579 0.00153303 0.00142461 0.00113318 0.000973175 0.000959566 0.00436629 0.00271939 0.000879621 0.00084576 0.00210222 0.00199474 0.00301521
threshold=1.0000000180025095e-35 16.415000000000003 7.9350000000000014 16.415000000000003 0.50000000000000011 16.505000000000006 9.9550000000000018 9.8550000000000022 9.7700000000000014 2.5000000000000004 1.0000000180025095e-35 3.5000000000000004 1.5000000000000002 1.0000000180025095e-35 9.6200000000000028 9.4400000000000031 17.795000000000005 9.6300000000000008 1.1000000000000003 5.3000000000000016 1.0000000180025095e-35 2.2750000000000004 2.5300000000000007 2.8800000000000003 3.6250000000000004 1.5000000000000002 8.2800000000000011 60.100000000000009 2.1000000000000005 3.3000000000000003 7.4800000000000013 7.8650000000000011 11.100000000000001 1.0000000180025095e-35 6.1000000000000005 1.5000000000000002 3.7450000000000006 4.1950000000000012 3.0000000000000004 2.5000000000000004 9.9200000000000017 57.20000000000001 8.9450000000000021 1.5000000000000002
decision_type=2 2 2 2 2 2 2 2 2 2 2 2 2 2 2 2 2 2 2 2 2 2 2 2 2 2 2 2 2 2 2 2 2 2 2 2 2 2 2 2 2 2 2 2
left_child=1 2 -1 6 -5 -6 7 9 15 10 11 12 -2 14 -11 18 21 20 19 -7 35 -15 -23 -24 -25 26 -26 28 34 -30 -27 -32 -20 -22 39 -12 38 -38 -35 -28 42 -42 -39 -44
right_child=3 -3 -4 4 5 8 -8 -9 -10 13 17 -13 -14 16 -16 -17 -18 -19 32 -21 33 22 23 24 25 30 27 -29 29 -31 31 -33 -34 36 -36 -37 37 40 -40 -41 41 -43 43 -45
leaf_value=-0.0019239976418515047 0.0013116332773625114 -0.029045448211523203 0.015816953863416399 0.0085419448961814252 0.0047902476233947612 0.0011460388374204438 -0.0013256751380308909 0.00081157698215525832 0.0012693978469663612 2.5211580038543732e-05 -0.00067549404420264773 -0.0033200881054672679 -0.00067985566608883723 -0.0022164273262023928 0.0023474241598721662 -0.00095179029873439247 0.00052616211630049207 -0.00060128987063136363 -0.00033411134026225728 1.3702826108783484e-05 0.00053916796343401075 0.0028585682436823847 -0.0019128316640853883 0.0011753966435790063 0.0010725392024456099 -0.00054864575261719356 3.9706213018772281e-05 0.00058311249191562336 -0.001023682054515267 -0.00024051790036498866 0.00027063826957474585 -0.00027818220442062932 0.00037241232395172116 0.0010512843824690208 -0.0002632852784757103 -9.1304081198695586e-05 -0.0014222042142812694 4.3194101350481447e-05 -0.00021179764526702154 0.00056894667556735908 3.3881676366510084e-05 0.00068280521081760532 -0.00057684698289218604 4.9111219832134732e-05
leaf_weight=30 40.5 26 28 24 36 24 54 81 33 31.5 36.5 39 40.5 1.9999999999999989 28.5 21 63 45 57 24 32 3.9999999999999991 4.9999999999999991 14.999999999999998 33 65.5 44 45 31 47 57.5 95 30 20 35 36.5 13.999999999999998 433 24 37 284 36 98.5 98.5
leaf_count=30 28 14 22 24 36 24 24 36 33 21 24 24 28 2 19 21 28 20 57 24 22 4 5 15 32 37 29 26 24 33 23 38 30 20 20 24 14 216 24 21 200 18 46 46
internal_value=2.81113e-12 -0.00440508 0.0066406 0.000160811 0.00168402 0.000952503 -2.4022e-05 1.11579e-05 0.000221505 -2.26627e-05 -0.00011325 -0.000865804 0.000315889 0.000158511 0.00112826 -1.65212e-07 5.8019e-05 -3.52648e-05 0.000147865 0.000579871 -1.23797e-05 8.61997e-07 9.48958e-06 -1.28561e-05 5.95551e-06 -2.98437e-05 0.000118303 -1.34532e-05 -0.000151832 -0.000551775 -0.000214688 -7.12499e-05 -9.04825e-05 1.3663e-05 0.000117096 -0.000383399 -3.0197e-06 -1.96954e-05 0.000362331 0.000281458 9.73113e-07 0.000106886 -5.28237e-05 -0.000263868
internal_weight=2385 84 58 2301 249 225 2052 1998 189 1917 1278 120 81 639 60 156 579 1158 135 48 1113 516 514 510 505 490 272 239 194 78 218 152.5 87 1040 116 73 1008 964 44 81 950 320 630 197
internal_count=1506 66 52 1440 249 225 1191 1167 189 1131 754 80 56 377 40 156 337 674 135 48 654 309 307 303 298 283 185 153 127 57 98 61 87 606 70 48 584 540 44 50 526 218 308 92
is_linear=0
shrinkage=0.08


Tree=88
num_leaves=45
num_cat=0
split_feature=34 15 37 37 33 4 37 11 11 36 16 30 16 11 31 34 34 13 37 0 2 34 18 13 21 34 12 33 30 4 30 34 37 18 20 20 30 2 18 33 37 37 14 37
split_gain=0.223437 3.29152 0.672172 0.0856743 0.1652 0.0834778 0.013816 0.171475 0.062551 0.00731753 0.0193144 0.0100976 0.0228217 0.00921105 0.0175355 0.00772563 0.011676 0.00580605 0.00558029 0.00757163 0.00537865 0.00521194 0.00411041 0.0036541 0.00341134 0.00337133 0.00290628 0.00247754 0.00224516 0.00180947 0.00159917 0.00143388 0.00151336 0.00191547 0.00134701 0.00127195 0.00181935 0.00153425 0.00187287 0.0015911 0.00110509 0.00116871 0.00160681 0.00147661
threshold=1.0000000180025095e-35 1.8150000357627867 7.995000000000001 16.415000000000003 0.50000000000000011 16.505000000000006 10.875000000000002 9.8550000000000022 9.9550000000000018 2.5000000000000004 6.0057692307692303 0.3000000000000001 6.6350000000000016 7.8200000000000012 1.0000000180025095e-35 13.500000000000002 21.900000000000006 9.7700000000000014 4.0150000000000015 15.280000000000003 17.860000000000003 78.300000000000026 0.3000000000000001 7.8800000000000008 6.4000000000000012 71.100000000000023 9.4400000000000031 0.50000000000000011 2.3000000000000003 16.685000000000006 1.5000000000000002 3.5000000000000004 3.7450000000000006 4.7000000000000002 1.0000000180025095e-35 14.600000000000001 1.0000000180025095e-35 16.165000000000003 0.50000000000000011 6.5000000000000009 9.9950000000000028 9.8750000000000018 7.6650000000000009 4.1950000000000012
decision_type=2 2 2 2 2 2 2 2 2 2 2 2 2 2 2 2 2 2 2 2 2 2 2 2 2 2 2 2 2 2 2 2 2 2 2 2 2 2 2 2 2 2 2 2
left_child=1 2 -1 6 -5 -6 8 21 9 13 -11 12 -12 22 -15 30 -17 26 -18 -20 23 35 24 -16 34 29 28 -14 -7 -21 -13 -24 33 -33 -2 36 -8 38 -38 -39 41 42 43 -34
right_child=3 -3 -4 4 5 17 7 -9 -10 10 11 15 27 14 20 16 18 -19 19 25 -22 -23 31 -25 -26 -27 -28 -29 -30 -31 -32 32 40 -35 -36 -37 37 39 -40 -41 -42 -43 -44 -45
leaf_value=-0.0017700780009229978 0.00057807115837931638 -0.027705112833243152 0.015464659673827034 0.0078585891425609587 0.0044070278009813689 0.00089616897294209118 -0.00069691576436162 -0.0069969725857178368 0.0029287424962967635 0.0023047807629812847 0.0026303450610961703 -0.00046672421229350099 -0.00059902534233751119 -0.0015237157531535356 -0.00074322059635407013 0.0019190464864030136 -0.0020934368640882894 0.0011678460035755326 0.0014113143307622523 -9.5477823889889669e-05 -0.00091864097169177096 0.00067381149288593678 -0.0010587766650132836 1.5976094680724579e-05 0.0013400663909743783 -0.00064394258032992203 -0.00087564707157157724 0.00043787020989335501 -3.9883509580568791e-06 0.00037720066656430181 -0.0012387256752399186 0.0010449598254854209 -0.00083872748960857281 -3.6788562482053584e-05 -0.00012379780722161134 -0.00065000603178244393 0.00063861975627433926 -1.5524694791589028e-06 -2.5412604052296565e-05 -0.00055761121744453391 0.0003710191758000292 -0.00047980088274925949 0.00043346322360881715 -4.5885224803257361e-05
leaf_weight=30 42 26 28 24 36 21 30 24 48 27.5 31.5 38.5 27 72 46 21.5 7.9999999999999991 33 24 154.5 55 57 7.9999999999999991 344 27 53 21 32.5 114 78 31 20 15.999999999999998 22 30 30 36 78 111 57 40 40 43 249
leaf_count=30 32 14 22 24 36 21 30 12 21 11 14 26 22 32 20 14 8 33 22 72 22 30 8 150 20 23 21 20 114 33 16 20 16 22 20 27 36 48 111 33 20 20 18 142
internal_value=-3.55493e-11 -0.00405268 0.00655014 0.000147946 0.00154929 0.000876303 -2.21002e-05 -0.000429464 8.36793e-05 -2.69836e-06 0.000240702 0.000127064 0.000889153 -0.000124399 -0.000365426 -4.27037e-05 0.000114823 0.000203784 -7.35301e-06 4.65684e-05 -0.000178017 -3.44256e-05 0.000107652 -7.35702e-05 0.0005732 -6.81563e-05 -1.52001e-07 -3.26538e-05 0.000136036 6.30982e-05 -0.00081107 2.42517e-06 2.21685e-05 0.00047833 0.000285626 -0.000152465 -0.000104625 -4.1615e-05 0.000137208 -0.000236333 -2.72098e-05 -7.29833e-05 -2.01498e-05 -9.37549e-05
internal_weight=2385 84 58 2301 249 225 2052 423 1629 1581 527 499.5 91 1054 517 408.5 339 189 317.5 309.5 445 399 537 390 99 285.5 156 59.5 135 232.5 69.5 438 430 42 72 342 312 282 147 135 388 348 308 265
internal_count=1506 66 52 1440 249 225 1191 327 864 843 281 270 56 562 224 214 172 189 158 150 192 315 338 170 72 128 156 42 135 105 42 266 258 42 52 285 258 228 147 81 216 196 176 158
is_linear=0
shrinkage=0.08


Tree=89
num_leaves=45
num_cat=0
split_feature=37 34 34 37 1 34 30 7 11 10 4 26 36 30 21 16 16 34 35 34 18 10 21 0 1 18 10 37 37 14 37 26 28 36 23 14 37 21 29 35 34 36 37 37
split_gain=0.230931 5.0609 0.750151 0.702189 0.13404 0.152427 0.0494944 0.0381996 0.0156846 0.0129725 0.0117833 0.00347724 0.00343545 0.00793905 0.0168067 0.0165674 0.00790667 0.0379249 0.00614718 0.00563607 0.00441543 0.00414631 0.00341296 0.0181979 0.00338028 0.00424681 0.00259302 0.00180411 0.001681 0.00342983 0.00260733 0.00167141 0.00161424 0.00111804 0.00184427 0.000878441 0.000846826 0.000589276 0.000578942 0.00133294 0.000679125 0.00108511 0.000577654 0.00188837
threshold=16.415000000000003 8.2000000000000046 1.0000000180025095e-35 7.8750000000000009 16.920000000000005 16.900000000000009 4.6000000000000005 9.9200000000000017 9.9550000000000018 9.8950000000000014 16.515000000000004 1.1000000000000003 2.5000000000000004 1.0000000180025095e-35 3.8000000000000003 6.9000000000000012 6.6350000000000016 23.700000000000006 1.5000000000000002 1.9000000000000006 5.0000000000000009 7.3050000000000006 5.3000000000000016 16.185000000000006 16.625000000000004 3.0000000000000004 8.6700000000000017 2.5300000000000007 11.575000000000001 7.8650000000000011 9.9200000000000017 14.400000000000002 27.699999999999999 2.5000000000000004 6.6000000000000005 9.7700000000000014 13.425000000000002 3.8000000000000003 1.0000000000000002 1.5000000000000002 4.2000000000000011 1.5000000000000002 14.240000000000002 5.2400000000000011
decision_type=2 2 2 2 2 2 2 2 2 2 2 2 2 2 2 2 2 2 2 2 2 2 2 2 2 2 2 2 2 2 2 2 2 2 2 2 2 2 2 2 2 2 2 2
left_child=2 -2 3 -1 5 -3 -7 -6 9 12 -8 -9 13 14 15 -4 17 -14 20 -15 21 36 27 -24 25 -20 -23 -21 30 -30 32 35 37 34 -13 38 -18 -19 39 40 -29 -42 43 -40
right_child=1 4 8 -5 7 6 10 11 -10 -11 -12 33 16 19 -16 -17 18 28 24 22 -22 26 23 -25 -26 -27 -28 31 29 -31 -32 -33 -34 -35 -36 -37 -38 -39 42 -41 41 -43 -44 -45
leaf_value=-0.0016284718538324039 -0.039896297700913796 0.009526377153538523 -0.0025377926583352844 0.013973631833990415 -0.0035307702377793339 -0.0015058296262508348 0.0044086417454915743 0.00095936103620462951 -0.0013656919580642825 0.0012391115776780579 0.0018137733035144352 0.00046619045478291809 0.0026258336278328371 0.0011883863659265142 0.00071517693938221783 -0.00040296261012554165 -0.00030294333425301471 -0.00027979113366250158 0.00013785161823761882 0.0013968932628631592 0.00096569651142797532 0.00080450294353067873 -2.5280308533151503e-05 -0.0021319542711059894 -0.00097018601231277 -0.0011196293206290997 -9.5501849649562735e-05 0.00044316346418451179 -0.0004540414740848872 0.00088100091196023492 -0.00048835839971835752 -0.00042671922715035852 0.00044520311859937817 -0.00044506118703407775 -0.0003992897137784614 0.00034444356440669959 -0.00092662007801912042 0.00011532606421382104 0.00075641493972701329 -0.00045259360680883787 -0.00042488253000995207 0.00026717602668715448 -0.00023944569910368461 3.3122720613825094e-05
leaf_weight=30 21 21 38 48 21 21 24 27 54 54 21 40 43 24 40 60 38 45.5 64 5.9999999999999991 36 40 171 31 62.5 23.5 42 22 18 39 58 54 65 33 26 54 22 51.5 24 53 29 29 44 617
leaf_count=30 21 21 18 30 21 21 24 27 24 24 21 40 23 24 30 40 35 19 40 6 34 20 126 16 25 22 21 20 18 23 29 24 26 33 26 24 22 24 24 32 23 23 44 288
internal_value=2.69426e-11 -0.00227513 0.000272375 0.00797282 0.00110113 0.00358998 0.00170112 -0.000371866 -2.03322e-05 1.60289e-05 0.0031977 0.000154618 -1.79456e-05 -9.31457e-05 -0.000666716 -0.00123075 0.000132455 0.000415373 -0.000143563 -2.47928e-05 0.000174363 -2.62567e-05 -5.04685e-05 -0.000348582 -0.000520836 -0.000199872 0.000343525 1.4144e-05 7.22329e-05 0.000459409 -2.80809e-05 5.18448e-06 0.00013671 -6.48579e-05 0.000125244 3.19308e-05 -0.000531625 -7.00124e-05 1.13004e-05 -0.000141439 6.47013e-05 -7.88533e-05 4.09563e-05 6.02039e-05
internal_weight=2385 255 2130 78 234 87 66 147 2052 1998 45 126 1944 1296 138 98 648 320 328 1158 178 142 1134 202 150 87.5 82 932 277 57 220 926 162 99 66 872 60 97 818 133 80 58 685 641
internal_count=1506 255 1251 60 234 87 66 147 1191 1167 45 126 1143 762 88 58 381 162 219 674 132 98 650 142 87 62 41 508 139 41 98 502 69 99 66 478 57 43 454 98 66 46 356 312
is_linear=0
shrinkage=0.08


Tree=90
num_leaves=45
num_cat=0
split_feature=34 37 37 34 3 16 32 30 12 16 35 16 36 32 16 32 16 36 16 10 15 12 37 18 34 37 34 4 37 5 33 36 15 1 31 32 3 35 16 16 20 15 14 36
split_gain=0.227877 3.24945 0.0850083 0.232967 0.0750412 0.0262509 0.0343269 0.0235038 0.0216767 0.0143562 0.127776 0.0194277 0.00400138 0.0113977 0.0707099 0.00845313 0.0727833 0.0194806 0.00305947 0.00276105 0.00189287 0.00194011 0.00151843 0.00523607 0.00134924 0.00140558 0.00179655 0.00202564 0.00125596 0.00369833 0.00157308 0.00124608 0.00114007 0.00105514 0.000872431 0.000740236 0.000830735 0.000582487 0.00105059 0.00103235 0.000559147 0.000550528 0.000547063 0.000528764
threshold=1.0000000180025095e-35 9.7850000000000019 16.425000000000004 9.5000000000000053 16.485000000000003 7.0850000000000017 1.3 1.7000000000000004 9.0050000000000008 5.9665384615384607 1.5000000000000002 6.0273076923076916 2.5000000000000004 1.0000000180025095e-35 7.1300000000000008 1.0000000180025095e-35 6.8350000000000017 1.5000000000000002 6.8850000000000025 9.7700000000000014 -0.15000000000000033 9.6300000000000008 4.745000000000001 3.0000000000000004 25.600000000000005 14.485000000000001 71.100000000000023 14.820000000000002 16.050000000000004 10.025 1.0000000180025095e-35 1.5000000000000002 2.1500000000000008 16.625000000000004 1.0000000180025095e-35 12.100000000000001 17.365000000000006 1.5000000000000002 6.6350000000000016 6.6500000000000012 19.300000000000004 0.72499999999999976 9.1350000000000016 1.5000000000000002
decision_type=2 2 2 2 2 2 2 2 2 2 2 2 2 2 2 2 2 2 2 2 2 2 2 2 2 2 2 2 2 2 2 2 2 2 2 2 2 2 2 2 2 2 2 2
left_child=1 -1 9 -4 -5 6 -6 -8 18 10 -2 -11 15 14 -14 16 -13 -18 35 22 -17 28 23 -15 32 26 27 -26 30 -30 31 -22 33 -24 -32 36 -9 39 -39 -29 41 -36 -43 -42
right_child=2 -3 3 4 5 -7 7 8 -10 11 -12 12 13 19 -16 20 17 -19 -20 -21 21 -23 24 -25 25 -27 -28 37 29 -31 34 -33 -34 -35 40 -37 -38 38 -40 -41 43 42 -44 -45
leaf_value=0.010555350491156181 -0.0037617814332177799 -0.020994403667939015 0.0085706395041887408 0.0049062532527993129 0.0035186623027991682 -0.0025077840659235209 0.0025472190834227061 -0.00021817766349866159 -0.0026905675857727021 0.0013686008050485894 0.0014592281866956641 -0.0033297900880940937 0.0038707044753696651 0.0013033998486670581 -0.001577502856651942 0.00063471447400472781 0.0020037223274509113 -0.000524843520222184 0.00098514758316533895 0.00067619601563539034 -0.00070559943067854741 -0.00044473236336165829 0.00026156134175835176 -0.0004851083839312196 0.00088280126038524842 0.00050001548700189836 -0.0004163599329266122 -0.00031302150545848743 -0.0012238035448826848 0.00031467945230542678 0.00045476626930758361 -2.5661762371875238e-05 -0.00056852750371671416 -0.0003906691772124124 -0.0003238821029663086 -0.00050440499248603982 0.00035183082583049933 0.00030006829440963937 -0.00015479113201721819 0.00018605334383513158 -0.00050935416862520641 2.738539592874255e-05 0.00031440677389036866 1.6242987571322189e-05
leaf_weight=45 54 39 27 24 21 21 21 36 21 67.5 67.5 44 31 22 30 27 39 39 21 40.5 34.5 72 32 20 18 36 61.5 72 20 20 30 34.5 51.5 31.5 27 21 30 80.5 54.5 42 24.5 765 45 24.5
leaf_count=36 27 30 27 24 21 21 21 36 21 30 27 24 16 22 25 12 29 29 21 18 22 32 27 20 16 36 29 36 20 20 20 22 34 14 12 21 30 34 23 21 20 440 20 20
internal_value=-2.6097e-12 -0.00409275 0.000149409 0.00156449 0.000688724 0.000161533 0.000489343 6.52387e-05 -0.000338805 -1.76777e-05 -0.000861221 3.5248e-05 -1.29068e-05 0.000152634 0.00119126 -9.56772e-05 -0.000728152 0.000739439 0.000118483 3.99007e-05 -2.70279e-05 -4.33151e-05 -9.51436e-06 0.000451729 -4.99153e-05 2.54621e-05 -2.65438e-05 6.32453e-05 -1.5118e-05 -0.000454562 2.72748e-06 -0.000365631 -0.000288829 -6.19861e-05 3.0475e-05 -9.07124e-05 4.09171e-05 4.00029e-06 0.00011644 -0.000129152 1.61085e-05 3.14854e-05 4.3331e-05 -0.000246556
internal_weight=2385 84 2301 243 216 192 171 150 129 2058 121.5 1936.5 1869 623 61 1246 122 78 108 562 1124 1097 521.5 42 479.5 364.5 328.5 267 1025 40 985 69 115 63.5 916 87 66 249 135 114 886 837 810 49
internal_count=1506 66 1440 243 216 192 171 150 129 1197 54 1143 1113 371 41 742 82 58 108 330 660 648 312 42 270 195 159 130 616 40 576 44 75 41 532 87 66 114 57 57 512 472 460 40
is_linear=0
shrinkage=0.08


Tree=91
num_leaves=45
num_cat=0
split_feature=37 4 34 36 1 34 0 34 7 31 16 35 10 16 36 32 16 32 16 36 4 12 37 35 16 16 0 18 37 18 16 3 18 23 37 37 37 22 33 36 16 31 13 0
split_gain=0.215708 5.4311 0.628618 1.41864 8.25534 0.207712 0.0390575 0.0226805 0.0469533 0.0225315 0.0122715 0.120438 0.0129202 0.00420469 0.00321199 0.0100464 0.0598489 0.00680977 0.0616038 0.0164884 0.00169222 0.00164211 0.00119846 0.00172866 0.00521731 0.00411572 0.00758613 0.00343857 0.00375344 0.00156176 0.00142029 0.0011742 0.00117278 0.00114018 0.00108664 0.00162981 0.00106851 0.00353476 0.00134201 0.00105469 0.00082411 0.000732669 0.000712179 0.000556302
threshold=16.425000000000004 16.455000000000002 1.0000000180025095e-35 2.5000000000000004 16.375000000000004 9.5000000000000053 16.575000000000003 13.500000000000002 10.145000000000001 5.1000000000000005 5.9461538461538463 1.5000000000000002 9.9450000000000021 6.0273076923076916 2.5000000000000004 1.0000000180025095e-35 7.1300000000000008 1.0000000180025095e-35 6.8350000000000017 1.5000000000000002 17.650000000000002 9.6300000000000008 3.6250000000000004 1.5000000000000002 6.8350000000000017 6.955000000000001 14.875000000000002 3.7000000000000006 11.470000000000001 3.0000000000000004 6.6250000000000018 17.935000000000006 3.0000000000000004 8.7000000000000011 2.3250000000000006 2.5300000000000007 16.050000000000004 10.200000000000001 1.0000000180025095e-35 1.5000000000000002 6.2500000000000009 1.0000000180025095e-35 8.3850000000000033 12.915000000000001
decision_type=2 2 2 2 2 2 2 2 2 2 2 2 2 2 2 2 2 2 2 2 2 2 2 2 2 2 2 2 2 2 2 2 2 2 2 2 2 2 2 2 2 2 2 2
left_child=2 -2 3 4 -1 -3 9 -8 -9 -7 11 -4 13 -12 17 16 -16 18 -15 -20 33 34 -17 25 29 27 32 28 30 42 -24 -22 -27 40 -19 -36 38 -38 39 -37 -10 -40 -25 -43
right_child=1 5 10 -5 -6 6 7 8 20 -11 12 -13 -14 14 15 22 -18 21 19 -21 31 -23 23 24 -26 26 -28 -29 -30 -31 -32 -33 -34 -35 35 36 37 -39 41 -41 -42 43 -44 -45
leaf_value=-0.013794443684319655 -0.042199507609009743 0.0078849883280970434 -0.0038332038377605687 -0.0078917942223725498 0.04845109090805054 0.0043905599413084839 0.0022377104966324712 -0.0040616748904410216 0.00035293445573188366 0.00080236591893481093 0.00061501720492486607 0.0015431387897697278 0.0012499067932367324 -0.0030634068253196103 0.0035610481255477474 0.00054381818152391 -0.0014513026323790352 -0.00094263321137987076 0.0018434245062944215 -0.00048285602759092281 0.0008240154765856763 -0.00040915377567418747 -0.00042242317460477351 -0.00027787443674991233 -0.00079639087830271041 -0.00033825236537000708 0.0014055802671310419 -0.00063854604442086492 0.00082982427041445456 0.00040844314774378729 0.00018104685431656736 4.8877740101445288e-06 0.00038354366458952428 -0.00068120084481225127 0.0016050552297383546 -0.00064915147596511296 -0.0011702351834392175 0.00033384101823321542 0.00041838498677437505 -2.3608827234610268e-05 -0.00033330156689598446 0.00055725019037102658 0.00011985350390896202 8.7751375567909445e-06
leaf_weight=30 20 27 48 27 25 21 21 21 24 24 67.5 60 54 44 31 26 30 7.9999999999999991 39 39 24 72 52 68 63 34 39 54 35 54.5 48 21 25 21 3.9999999999999991 34.5 20 20 30 34.5 21 11.999999999999998 50 862
leaf_count=30 20 27 24 21 13 21 21 21 24 24 30 24 24 24 16 26 25 8 29 29 24 32 26 29 33 34 23 34 27 23 24 21 25 21 4 22 20 20 20 22 21 12 20 488
internal_value=1.51422e-11 -0.00224855 0.000257428 0.00712641 0.014499 0.00130264 0.000405051 -0.000204303 -0.000592805 0.00247686 -1.62635e-05 -0.000846347 2.97104e-05 -5.04204e-06 -2.79318e-05 0.000122018 0.00109596 -0.000102907 -0.000669899 0.000680284 6.34675e-05 -3.98499e-05 1.37033e-05 -1.26756e-05 -0.000173313 0.000119137 0.000539853 -9.90127e-05 0.000116801 5.42456e-05 -0.000132758 0.000441756 -3.24066e-05 -0.000194456 -1.39085e-05 -6.60292e-06 -1.29668e-05 -0.000418197 3.69218e-06 -0.00033638 3.2691e-05 2.9649e-05 -0.000109346 1.63057e-05
internal_weight=2385 245 2140 82 55 225 198 153 132 45 2058 108 1950 1896 1828.5 609.5 61 1219 122 78 111 1097 548.5 522.5 235.5 287 98 189 135 172.5 100 45 59 66 1025 1017 1013 40 973 69 45 904 118 874
internal_count=1506 245 1261 64 43 225 198 153 132 45 1197 48 1149 1125 1095 365 41 730 82 58 111 648 324 298 105 193 82 111 77 72 50 45 59 66 616 608 604 40 564 44 45 520 49 500
is_linear=0
shrinkage=0.08


Tree=92
num_leaves=45
num_cat=0
split_feature=34 37 37 0 32 4 29 27 11 10 36 31 33 32 33 34 29 32 29 29 37 34 26 14 14 37 28 26 29 37 33 30 37 34 31 0 34 0 23 32 36 30 37 32
split_gain=0.244742 2.88071 0.0877929 0.170223 0.154638 0.0994201 0.0565366 0.0167085 0.015504 0.0156616 0.00285079 0.0085853 0.027878 0.00615803 0.0297513 0.00805773 0.00268328 0.00378634 0.00268674 0.00341775 0.00299074 0.00367268 0.00224407 0.00206644 0.00174394 0.00129497 0.00516103 0.003373 0.0030923 0.00184096 0.00142749 0.00217686 0.00136711 0.00134473 0.0015871 0.00131452 0.00124507 0.00116489 0.0011598 0.0011481 0.00150475 0.000958426 0.00088755 0.000993432
threshold=1.0000000180025095e-35 9.7850000000000019 16.425000000000004 17.150000000000002 1.3 16.505000000000006 2.1000000000000005 1.0000000180025095e-35 9.9450000000000021 9.8950000000000014 2.5000000000000004 1.0000000180025095e-35 1.7000000000000004 1.0000000180025095e-35 3.5000000000000004 9.9000000000000039 0.70000000000000007 0.50000000000000011 7.1000000000000005 1.3 9.2250000000000032 60.100000000000009 1.1000000000000003 7.5250000000000012 3.4000000000000004 9.9200000000000017 57.20000000000001 9.5000000000000018 17.600000000000005 10.085000000000003 1.3 11.900000000000002 9.7950000000000017 25.100000000000005 2.1000000000000005 14.485000000000001 26.700000000000006 14.820000000000002 5.4000000000000012 1.7000000000000004 1.5000000000000002 4.2000000000000011 9.0050000000000008 11.4
decision_type=2 2 2 2 2 2 2 2 2 2 2 2 2 2 2 2 2 2 2 2 2 2 2 2 2 2 2 2 2 2 2 2 2 2 2 2 2 2 2 2 2 2 2 2
left_child=1 -1 8 4 -4 -6 -7 -5 9 10 13 12 -12 14 15 -2 17 -13 19 -18 23 41 -9 -21 -20 27 28 32 29 -27 -31 36 33 34 39 -35 -32 -37 42 40 -15 -22 43 -39
right_child=2 -3 3 7 5 6 -8 22 -10 -11 11 16 -14 25 -16 -17 18 -19 24 20 21 -23 -24 -25 -26 26 -28 -29 -30 30 31 -33 -34 35 -36 37 -38 38 -40 -41 -42 -43 -44 -45
leaf_value=0.0095504864010338992 0.00086442980422254869 -0.020155305342796522 0.0096604598876244077 -0.0023318129565034593 0.0060034916674097383 0.0033831549058890059 -0.0020289916601032017 0.00086801921327908833 -0.0012073531826889074 0.0015825726239033688 -0.00063943576857899173 -0.0010394590752989504 0.0026615416224186239 -0.00048142316790313278 -0.0024388172950309058 -0.00075504867883864797 0.00096017560174251786 -1.8177297482397527e-05 -0.00093184899476667256 0.00018749582941734021 0.00039387909426457355 0.0011500657744267409 -4.4948496943106874e-05 -0.00049457430588968458 -3.6015214047428822e-05 0.00052451127038623854 0.0010159212516413795 -0.00071154904074501241 -0.00069280483401800872 -0.00029243854980450125 0.00038174899190541024 0.00066139742143844305 -0.00045147631515530829 0.0010832687932997942 -0.00058357595633269546 -0.0004941278134356253 -0.00018649874042926562 0.00010519835620911584 -0.0002231346778821067 0.00025069779101407756 8.7532525365593058e-05 -0.00017373530307050907 -9.2915702673993766e-05 0.00042486602670092108
leaf_weight=45 51 39 24 21 30 21 30 21 67.5 40.5 33 33 32.5 59.5 39 32 40.5 78.5 14.999999999999998 62 45 34 96 52.5 191 52 36 50 36 74 34 38 47 7.9999999999999991 47 24 90 225 70 53 59.5 33 89 86
leaf_count=36 36 30 24 21 30 21 30 21 30 18 23 23 20 42 24 22 28 51 15 39 27 18 96 21 98 26 18 20 24 66 32 26 22 8 34 24 56 102 28 30 42 20 44 40
internal_value=-6.35434e-12 -0.00424149 0.000154839 0.00159291 0.00402031 0.00234915 0.000199539 -0.00025402 -1.49624e-05 2.54729e-05 -6.86688e-06 0.000129928 0.000998454 -7.52644e-05 -0.000616307 0.000240053 3.25997e-05 -0.00032044 0.000115822 0.000283297 0.000162265 0.000456192 0.000118918 -0.000125244 -0.000101246 -1.9231e-05 0.000107206 -7.48755e-05 6.23716e-06 9.36174e-05 -1.3253e-06 0.000131652 -3.34254e-05 -6.17381e-06 -0.000171587 6.59886e-05 -3.06889e-05 4.95144e-05 7.72749e-05 -5.90088e-05 -0.000196945 0.000153735 0.000129847 0.000193595
internal_weight=2385 84 2301 243 105 81 51 138 2058 1990.5 1950 650 65.5 1300 122 83 584.5 111.5 473 267 226.5 112 117 114.5 206 1178 360 818 324 288 236 162 768 721 219 502 124 494 470 172 119 78 400 311
internal_count=1506 66 1440 243 105 81 51 138 1197 1167 1149 383 43 766 82 58 340 74 266 153 125 65 117 60 113 684 248 436 230 206 180 114 416 394 148 246 88 238 214 114 84 47 186 142
is_linear=0
shrinkage=0.08


Tree=93
num_leaves=45
num_cat=0
split_feature=34 2 37 37 0 32 4 29 32 16 35 16 15 25 14 34 13 14 31 29 31 34 34 37 37 22 19 34 37 22 35 31 15 0 33 31 26 31 29 35 30 20 37 34
split_gain=0.207149 3.26836 0.756 0.0743079 0.144077 0.130886 0.0841492 0.0478526 0.0156521 0.0106505 0.0949108 0.0129012 0.0033263 0.00281645 0.00133089 0.00169548 0.00163298 0.00961555 0.00631534 0.0018503 0.00146265 0.000949314 0.00102762 0.00137014 0.00208695 0.00200922 0.00196537 0.00320249 0.00160063 0.00199208 0.00124464 0.0012067 0.000908034 0.000840848 0.00058332 0.000540803 0.000677967 0.000498131 0.000480626 0.000620269 0.000474969 0.000639502 0.00074241 0.00194831
threshold=1.0000000180025095e-35 16.415000000000003 7.9350000000000014 16.425000000000004 17.150000000000002 1.3 16.505000000000006 2.1000000000000005 1.3 5.9665384615384607 1.5000000000000002 6.0273076923076916 -0.15000000000000033 1.1000000000000003 9.4050000000000029 10.700000000000005 8.2800000000000011 8.0300000000000029 1.3 32.100000000000001 0.3000000000000001 1.9000000000000006 21.500000000000007 5.1300000000000017 7.0900000000000007 43.100000000000009 0.3000000000000001 10.500000000000005 13.425000000000002 11.100000000000001 1.5000000000000002 0.3000000000000001 3.0700000000000007 13.955000000000002 2.5000000000000004 6.9000000000000012 1.9000000000000001 6.3000000000000016 4.6000000000000005 1.5000000000000002 3.5000000000000004 5.9000000000000012 10.115 41.300000000000011
decision_type=2 2 2 2 2 2 2 2 2 2 2 2 2 2 2 2 2 2 2 2 2 2 2 2 2 2 2 2 2 2 2 2 2 2 2 2 2 2 2 2 2 2 2 2
left_child=1 2 -1 9 5 -5 -7 -8 -6 10 -2 -11 -13 -10 16 20 17 19 -18 21 -16 33 23 26 -25 28 -23 -28 34 -30 -29 -24 -15 -14 -26 40 -37 -34 -20 -40 -33 42 -42 -44
right_child=3 -3 -4 4 8 6 7 -9 13 11 -12 12 14 32 15 -17 18 -19 38 -21 -22 22 31 24 25 -27 27 30 29 -31 -32 35 37 -35 -36 36 -38 -39 39 -41 41 -43 43 -45
leaf_value=-0.0021605091604093708 -0.0032401823349021098 -0.027471260841076192 0.016117351480892727 0.008887623177530864 -0.0022447373764589431 0.0055232123419021563 0.0031125025515488926 -0.0018666723154795667 0.0009664738045207092 0.0011183687678917691 0.0012595556439072998 0.00070968981602309664 0.00057058908717913764 0.00026131513528525828 -0.0003908101577932636 -0.00054223216849344752 0.0010626097691470179 -0.0014516933932900429 -0.00010983311463388857 -0.00051589343113417937 0.00013111762052017546 -0.00056553182946074572 0.00042268484026532281 -0.00091888907193033787 -0.00031057845519778012 0.0004492739009621896 0.0011423475743227061 0.00041978306624860991 -0.00014424325970356308 -0.0012461610721601617 -0.00040140302265407864 0.00021031624458012094 7.9337122884613488e-06 -2.0000646925634808e-05 0.00013599240623313026 5.9256541531316551e-06 -0.00023735261620786138 -0.00045540504129321286 -7.5131809494147694e-05 0.00026996474377810956 -6.976135994345586e-06 -0.0002093108992946024 -6.8767461511823862e-05 0.00072082592651390262
leaf_weight=30 54 26 28 24 21 30 21 30 21 67.5 67.5 40.5 36 36 54 67.5 43.5 30 108 43.5 94.5 21 49.5 27 36 28.5 21 21 21 21 27 124.5 27 27 39 327 94.5 33 60 75 190.5 60 45 36
leaf_count=30 27 14 22 24 21 30 21 30 21 30 27 18 36 36 24 30 21 15 48 21 42 21 27 27 21 21 21 21 21 21 27 93 27 27 24 201 42 33 30 30 87 42 30 24
internal_value=-1.48218e-11 -0.00390217 0.00666329 0.000142452 0.00146548 0.00369868 0.00216122 0.000183576 -0.000233698 -1.37654e-05 -0.000740328 3.18206e-05 -7.42067e-06 0.000127258 -2.33042e-05 -0.000209786 1.67574e-06 -3.57458e-05 0.000174873 -2.96918e-06 -5.86743e-05 1.4845e-05 -1.1836e-06 -0.000140917 -0.000272935 -0.000153067 0.000112119 0.00031836 -0.000299792 -0.000695202 -4.21341e-05 3.83848e-05 -5.6321e-05 0.000317479 -7.83616e-05 1.67064e-05 -4.86172e-05 -0.000246903 1.59567e-05 0.000116588 7.70876e-05 2.70516e-05 7.92863e-05 0.000282163
internal_weight=2385 84 58 2301 243 105 81 51 138 2058 121.5 1936.5 1869 117 1828.5 216 1612.5 1326 286.5 1296 148.5 1252.5 1189.5 262.5 172.5 145.5 90 69 117 42 48 927 96 63 75 877.5 421.5 60 243 135 456 331.5 271.5 81
internal_count=1506 66 52 1440 243 105 81 51 138 1197 54 1143 1113 117 1095 96 999 870 129 855 66 834 771 225 135 108 90 69 87 42 48 546 96 63 45 519 243 60 108 60 276 183 141 54
is_linear=0
shrinkage=0.08


Tree=94
num_leaves=45
num_cat=0
split_feature=37 0 32 36 3 3 30 36 30 32 4 37 0 0 36 4 4 4 32 9 32 37 3 0 14 37 30 37 36 26 37 37 18 37 33 33 33 32 17 29 12 30 22 37
split_gain=0.221831 5.15614 0.172481 0.267628 7.85754 3.91697 2.62776 1.27025 2.04283 0.10963 0.0673634 0.0644615 0.0171595 0.0211784 0.014648 0.259906 0.221556 0.0168073 0.00866131 0.00222475 0.00183603 0.00180936 0.00774607 0.00354524 0.00314968 0.00217967 0.00225675 0.00157146 0.00151072 0.00118471 0.0011456 0.00110322 0.00457116 0.00114452 0.00322372 0.00273174 0.00169928 0.00118692 0.00182396 0.00126175 0.00121552 0.00106713 0.00139897 0.00225725
threshold=16.425000000000004 16.465000000000003 1.0000000180025095e-35 2.5000000000000004 16.415000000000003 16.415000000000003 1.0000000180025095e-35 1.5000000000000002 1.0000000180025095e-35 0.70000000000000007 16.525000000000002 7.8750000000000009 16.590000000000003 17.220000000000002 2.5000000000000004 17.935000000000006 17.965000000000003 17.890000000000004 2.5000000000000004 11.345000000000002 4.6000000000000005 9.9450000000000021 17.630000000000006 17.795000000000005 7.8350000000000009 10.105000000000002 11.900000000000002 9.8750000000000018 1.5000000000000002 7.5000000000000009 15.4 4.745000000000001 3.0000000000000004 7.4800000000000013 10.300000000000002 14.100000000000003 10.800000000000002 3.1000000000000005 0.90000000000000013 5.1000000000000005 7.5750000000000002 1.0000000000000002 10.200000000000001 7.7300000000000013
decision_type=2 2 2 2 2 2 2 2 2 2 2 2 2 2 2 2 2 2 2 2 2 2 2 2 2 2 2 2 2 2 2 2 2 2 2 2 2 2 2 2 2 2 2 2
left_child=2 -2 3 5 6 7 -5 8 -1 -3 -11 -9 -12 -14 16 19 17 21 -15 31 -20 23 24 27 25 -23 30 41 -26 -22 -27 32 -16 34 -33 36 37 38 -35 -39 -41 42 -4 -44
right_child=1 9 14 4 -6 -7 -8 11 -10 10 12 -13 13 18 15 -17 -18 -19 20 -21 29 22 -24 -25 28 26 -28 -29 -30 -31 -32 33 -34 35 -36 -37 -38 39 -40 40 -42 -43 43 -45
leaf_value=-0.033006775322491709 -0.041206741509959101 0.0052260489247014956 -0.00033286047041795013 0.036938008434851385 -0.029829586444243994 0.017604617351800009 0.00079456396374063415 -0.00013906777194090959 -0.00027617436045637494 0.0046810487861789407 -0.0021052327665771978 0.0055672182341416675 0.0025532930567749735 -0.0016751014960685834 0.0011798479003747079 -0.0074064751545942966 0.0056605884523855312 -0.0017592166496130327 0.00072090858515972897 0.00045332048380491784 -0.00036790555043678195 0.00074200994731654646 0.001070615401212126 -0.00072119244569912545 -0.00090796514173909534 -0.00019877607733024679 0.00064554619064438156 -0.00050215404170254863 -0.00011816675264027811 0.00025750871799472307 0.00031118644766845843 6.4298382028937347e-05 -0.000491249134298414 1.6695342264833979e-05 -0.0010017964217746468 0.0005912209350777709 -0.00056230695583881472 -7.6038155319149448e-05 -0.00063323353336733074 0.00072428183296500753 0.00011507286690175534 5.951304685019193e-05 -0.00026484680888445481 0.00059477235738407169
leaf_weight=23 20 36 118 25.5 36.5 76.5 26 29 26 21 24 22.5 21 21 22 31.5 45 36 24 76.5 42 32 50 50 31 130 32 42 31 36 36 50 20 87 28.5 46 39 94.5 40.5 33.5 56 537 46 34
leaf_count=22 20 36 66 23 18 38 21 26 21 21 24 18 21 21 22 14 20 16 24 34 42 16 24 20 20 98 24 20 20 36 36 35 20 46 15 25 21 52 28 20 26 280 40 16
internal_value=4.6352e-12 -0.00228024 0.000261055 0.00217149 -0.00143411 0.0039641 0.0186908 -0.00641897 -0.0156395 0.00117989 0.000409199 0.00235397 -0.000124783 0.000205292 -8.9524e-06 -0.000325176 0.000149159 -5.66617e-05 -0.000195586 5.06639e-05 0.00010902 -4.23055e-06 0.000150539 -6.82344e-05 -7.00846e-06 0.000129407 3.04005e-05 -2.62165e-05 -0.000513066 -7.92528e-05 -8.81818e-05 -8.91676e-06 0.000384087 -4.36666e-05 -0.000322755 1.1588e-05 -6.44836e-05 -2.15585e-06 -0.000189753 0.000127837 0.000343101 9.7997e-07 -0.000157769 0.000100491
internal_weight=2385 245 2140 265 88 177 51.5 100.5 49 225 189 51.5 168 144 1875 625 1250 1205 123 593.5 102 1169 342 827 292 230 198 777 62 78 166 517 42 475 78.5 396.5 350.5 311.5 127.5 184 89.5 735 198 80
internal_count=1506 245 1261 187 62 125 44 87 43 225 189 44 168 144 1074 358 716 696 123 344 102 680 238 442 214 174 158 422 40 78 134 310 42 268 50 218 193 172 74 98 46 402 122 56
is_linear=0
shrinkage=0.08


Tree=95
num_leaves=45
num_cat=0
split_feature=34 1 37 37 0 33 4 7 11 30 10 36 31 16 31 16 34 13 29 29 36 29 6 17 19 31 29 31 37 34 20 37 37 34 37 37 37 30 37 22 37 33 16 18
split_gain=0.197402 2.81949 0.751472 0.0792098 0.15228 0.0786918 0.0926165 0.0147822 0.0119054 0.00853771 0.0055757 0.00751689 0.0143142 0.0475028 0.0108919 0.0290459 0.00955492 0.00324443 0.00313664 0.00370336 0.00297689 0.00275198 0.00486722 0.00254966 0.00229035 0.00218321 0.0020976 0.00187441 0.00173349 0.0058103 0.00176684 0.00663855 0.00175377 0.00133574 0.00120658 0.00302526 0.00271989 0.00110382 0.00146644 0.00122706 0.00119116 0.00559365 0.0017678 0.00101392
threshold=1.0000000180025095e-35 16.415000000000003 9.7850000000000019 16.425000000000004 17.150000000000002 0.50000000000000011 16.515000000000004 10.145000000000001 9.9550000000000018 3.9000000000000004 9.8950000000000014 2.5000000000000004 1.0000000180025095e-35 7.0250000000000012 1.0000000180025095e-35 6.6350000000000016 0.80000000000000016 9.5600000000000005 0.3000000000000001 1.3 1.5000000000000002 1.0000000000000002 10.105000000000002 2.3000000000000003 0.3000000000000001 2.1000000000000005 1.9000000000000001 3.3000000000000003 11.575000000000001 74.200000000000017 7.0000000000000009 4.1100000000000003 15.280000000000003 74.200000000000017 3.8950000000000005 4.1100000000000003 5.2400000000000011 4.6000000000000005 7.2450000000000001 26.300000000000008 11.760384615384618 5.5000000000000009 6.0350000000000028 1.3
decision_type=2 2 2 2 2 2 2 2 2 2 2 2 2 2 2 2 2 2 2 2 2 2 2 2 2 2 2 2 2 2 2 2 2 2 2 2 2 2 2 2 2 2 2 2
left_child=1 2 -1 8 5 -5 -7 -6 10 -8 11 14 13 -13 15 -2 -16 18 24 23 -17 22 25 -20 -14 -18 -9 -27 30 32 31 -21 -30 -33 -23 -36 -37 38 -38 43 42 -42 -39 -40
right_child=3 -3 -4 4 7 6 9 26 -10 -11 -12 12 17 -15 16 20 21 -19 19 28 -22 34 -24 -25 -26 27 -28 -29 29 -31 -32 33 -34 -35 35 36 37 40 39 -41 41 -43 -44 -45
leaf_value=-0.0013779092271413121 -0.0024907098122110422 -0.02570012867450714 0.017237071317175161 0.0081810897021066583 -0.0021962038303414981 0.0060082363056470503 0.0015449634215070141 0.00077572737917459269 -0.0011943973249031439 -0.00052879525008999427 0.00081124114769476439 0.0036035374155448329 -0.0010766701426758779 -0.00071145531060039138 0.0031378787259260816 0.00049946956539890554 6.8831439738949903e-05 0.00081931279868715351 0.00013185135410590605 -0.0020508369397033346 -0.00043645662215441978 0.00056378465451416564 -0.001102225890965201 0.0011822349106660112 -0.00010646935741533526 -0.00092261473507140618 -6.3147636140466377e-05 -0.0001783448219158879 -0.00061394109886706526 0.0014609642659144644 0.00037714040446504255 4.0418323228115461e-05 0.00039724127433839299 -0.00037534871153415198 -0.0015597509779036046 0.0011991564991573494 -0.00063127307249515345 -0.00058037839457392691 -8.7389183438759543e-05 0.00019303883167814059 -0.00050812964593725547 0.0009516354244191289 5.5907881092827982e-05 -0.00052646511643216376
leaf_weight=35 44 26 23 21 21 33 27 24 54 24 54 31 25.5 34.5 5.9999999999999991 43.5 130 36 27.5 10.999999999999998 43.5 24 40 32 40 33 93 63 23 22 53.5 230 21 63 7.9999999999999991 11.999999999999998 33 30 188 83 28 42 408 41
leaf_count=32 24 14 20 21 21 33 27 24 24 24 24 16 18 27 6 31 100 16 15 11 31 24 20 27 30 18 93 38 20 13 32 110 21 27 8 12 24 12 88 56 28 28 194 24
internal_value=7.32416e-13 -0.00380926 0.00600389 0.00013906 0.00150503 0.00380093 0.00270589 -0.000241852 -2.22277e-05 0.000569077 9.35775e-06 -1.28483e-05 0.000209281 0.00133075 -0.000123913 -0.00081565 -4.6396e-05 8.36074e-05 3.53204e-05 0.00010577 3.15065e-05 -6.28239e-05 -0.000288808 0.000696764 -0.000484181 -0.00014484 0.000108929 -0.000434188 2.27383e-05 0.000399434 -4.68055e-05 -0.000121414 -0.000131331 -4.89787e-05 4.19041e-06 -1.11936e-05 3.12829e-06 -1.36974e-05 -0.000124128 -7.04872e-05 6.12995e-05 0.000367729 1.23266e-05 -0.000166001
internal_weight=2385 84 58 2301 243 105 84 138 2058 51 2004 1950 650 65.5 1300 131 1169 584.5 548.5 483 87 1163 266 59.5 65.5 226 117 96 423.5 66 357.5 304 44 293 897 873 865 853 345 312 508 70 438 229
internal_count=1506 66 52 1440 243 105 84 138 1197 51 1173 1149 383 43 766 86 680 340 324 276 62 674 176 42 48 156 117 56 234 54 180 148 41 137 498 474 466 454 192 168 262 56 206 112
is_linear=0
shrinkage=0.08


Tree=96
num_leaves=45
num_cat=0
split_feature=34 2 0 11 13 33 0 36 4 11 36 33 34 0 14 13 31 24 29 34 22 17 22 17 36 22 17 34 0 1 27 16 33 36 14 13 31 36 17 10 19 33 36 34
split_gain=0.167081 2.76754 0.131541 0.0200568 0.0117139 0.0379625 0.0238885 0.0392159 0.192058 0.14755 0.0196298 0.0103479 0.00945744 0.00862345 0.00782027 0.0059717 0.00353359 0.00178946 0.00160664 0.00125259 0.000901141 0.00205201 0.00154858 0.00113407 0.00109032 0.0095638 0.00792165 0.00273341 0.00214905 0.000686266 0.000599416 0.000535831 0.000487263 0.000648081 0.000462714 0.000424934 0.000828054 0.000394672 0.00033042 0.000301833 0.000301542 0.000271837 0.000399742 0.000489207
threshold=1.0000000180025095e-35 16.415000000000003 11.984999656677248 9.9550000000000018 8.2800000000000011 0.3000000000000001 16.465000000000003 1.5000000000000002 17.890000000000004 9.8950000000000014 2.5000000000000004 0.70000000000000007 121.60000000000001 16.765000000000004 8.0300000000000029 9.7450000000000028 3.1000000000000005 8.7000000000000011 32.100000000000001 0.80000000000000016 15.100000000000001 1.0000000180025095e-35 12.100000000000003 25.300000000000001 2.5000000000000004 11.100000000000001 1.9000000000000001 29.900000000000006 14.055000000000001 14.160000000000002 9.5000000000000018 6.1600000000000019 9.1000000000000014 2.5000000000000004 8.9450000000000021 9.4050000000000029 3.9000000000000004 1.5000000000000002 4.7000000000000002 7.7950000000000008 21.000000000000004 1.7000000000000004 1.5000000000000002 50.000000000000007
decision_type=2 2 2 2 2 2 2 2 2 2 2 2 2 2 2 2 2 2 2 2 2 2 2 2 2 2 2 2 2 2 2 2 2 2 2 2 2 2 2 2 2 2 2 2
left_child=1 2 -1 4 12 13 10 8 16 11 -7 -9 14 -6 18 17 -8 35 19 -2 22 31 24 32 25 28 27 29 -21 -26 -19 -22 38 37 -18 36 -13 -34 40 -29 -23 -30 43 -43
right_child=3 -3 -4 -5 5 6 7 9 -10 -11 -12 15 -14 -15 -16 -17 34 30 -20 20 21 23 -24 -25 26 -27 -28 39 41 -31 -32 -33 33 -35 -36 -37 -38 -39 -40 -41 -42 42 -44 -45
leaf_value=0.0032395215435988374 0.0009626076949967279 -0.025192768619610714 0.011091357157988981 -0.0012465167126025666 0.0011308864571831444 0.00052513122673497181 -0.00069580722443915747 -0.0010651921095665205 0.0060025849640853229 -0.0048205396016551688 0.0027375311017423481 -0.00035682875950905413 0.00085953722724860368 0.0026241717656904999 -0.0012393453197948861 0.0011088615935295821 -9.7601632502945977e-05 0.00015708554620769889 -0.00054326135241849853 0.00074728811664196359 -0.00019286207403197434 5.935768184383797e-05 0.00048093953098242095 0.00051021241444956377 -0.00081973704354216647 -0.0013302833671596918 0.0013118411266981667 8.228895871283172e-05 -6.1073422357769665e-05 -0.00024789137490948695 0.00055323969516691499 -0.00062035886335304411 -0.00018288857149846346 -0.0003738630155228006 0.00026400835319821323 0.00016732589167077095 4.9595498894159866e-05 0.00013030972643710166 -3.6195346953201237e-05 0.00039906914746948194 0.00033630514162359757 0.00043284382138933451 -2.6582849647414373e-05 2.95505855329238e-05
leaf_weight=36 8.9999999999999982 26 22 66 49.5 77 71.5 44 38.5 44 38.5 55 82.5 49.5 33 44 55 44 33 30 33 156 58.5 27 24 33 33.5 38.5 113 30.5 55 43.5 51.5 51.5 38.5 44 77 51.5 255 38.5 30 38.5 77 38.5
leaf_count=36 9 14 16 36 27 42 39 24 21 24 21 30 45 27 18 24 30 24 18 30 18 117 36 27 24 18 21 21 78 18 30 36 33 33 21 24 42 33 189 21 27 21 42 21
internal_value=-1.20311e-11 -0.00350452 0.0062178 0.000127935 0.000168523 0.000407957 0.00020756 7.95874e-06 0.00091472 -0.000445422 0.0012626 8.48954e-05 2.84292e-05 0.00187753 -2.32216e-05 0.000243528 -0.000272448 0.000105075 7.78042e-06 2.21953e-05 1.54379e-05 -4.49456e-05 9.16944e-05 3.10541e-06 4.56927e-05 -3.82627e-05 0.000213604 -6.61756e-05 0.000105295 -0.000499713 0.000377171 -0.000435948 -1.98868e-05 -0.000142147 5.12966e-05 -4.79795e-05 -0.000119748 -2.62894e-05 2.29459e-05 0.000240679 0.000104027 3.31611e-05 0.000102307 0.000231197
internal_weight=2385 84 58 2301 2235 825 726 610.5 203.5 407 115.5 363 1410 99 1327.5 319 165 275 1294.5 1261.5 1252.5 699 553.5 622.5 495 330 165 131.5 297 54.5 99 76.5 595.5 154.5 93.5 176 132 103 441 77 186 267 154 77
internal_count=1506 66 52 1440 1404 450 396 333 111 222 63 198 954 54 909 174 90 150 891 873 864 513 351 459 315 210 105 84 192 42 54 54 432 99 51 96 72 66 333 42 144 162 84 42
is_linear=0
shrinkage=0.08


Tree=97
num_leaves=45
num_cat=0
split_feature=37 32 34 36 1 0 16 32 31 32 11 10 36 32 16 32 0 36 0 25 2 25 16 35 0 16 34 37 0 0 29 37 36 23 37 34 15 2 6 37 34 19 14 30
split_gain=0.206899 4.92337 0.666644 1.44141 7.66097 0.0974745 0.0515501 0.0758019 0.0425044 0.0112357 0.00814256 0.00572538 0.00611204 0.0241978 0.0739032 0.019122 0.0496859 0.0152971 0.013071 0.00298752 0.00204881 0.00196429 0.0014574 0.00230768 0.00757383 0.00262985 0.00179068 0.00143303 0.00737781 0.00265536 0.00233925 0.00156626 0.00122249 0.00190058 0.00102956 0.00129675 0.00099656 0.00090618 0.00110335 0.0014729 0.00160959 0.001064 0.000901711 0.00151768
threshold=16.425000000000004 0.3000000000000001 1.0000000180025095e-35 2.5000000000000004 16.375000000000004 17.150000000000002 6.6750000000000016 3.1000000000000005 8.9000000000000021 1.7000000000000004 9.9550000000000018 9.8950000000000014 2.5000000000000004 1.0000000180025095e-35 7.1300000000000008 1.0000000180025095e-35 16.185000000000006 1.5000000000000002 16.625000000000004 1.1000000000000003 17.955000000000002 6.2000000000000011 7.0850000000000017 1.5000000000000002 14.875000000000002 8.6850000000000005 25.600000000000005 9.9200000000000017 17.795000000000005 17.795000000000005 19.000000000000004 10.085000000000003 2.5000000000000004 8.7000000000000011 11.470000000000001 72.800000000000026 2.1350000000000002 17.400000000000002 10.105000000000002 9.7050000000000018 3.5000000000000004 13.900000000000002 7.7750000000000012 11.900000000000002
decision_type=2 2 2 2 2 2 2 2 2 2 2 2 2 2 2 2 2 2 2 2 2 2 2 2 2 2 2 2 2 2 2 2 2 2 2 2 2 2 2 2 2 2 2 2
left_child=2 -2 3 4 -1 6 -3 -8 -9 -7 11 12 15 14 -14 16 17 -4 -18 -11 27 22 26 24 36 -25 -15 29 30 37 31 -29 33 -21 35 -28 -24 38 39 40 -17 -42 43 -33
right_child=1 5 10 -5 -6 9 7 8 -10 19 -12 -13 13 21 -16 20 18 -19 -20 32 -22 -23 23 25 -26 -27 34 28 -30 -31 -32 42 -34 -35 -36 -37 -38 -39 -40 -41 41 -43 -44 -45
leaf_value=-0.01249854988232255 -0.040239858299493794 0.0066888595904622764 0.0026752505872753409 -0.0078124614115114566 0.047464360594749455 -0.0018810457093752034 0.0057928880711551759 -0.0020742648648592876 0.002854044269770384 0.0009944873728922434 -0.00099912425158200447 0.00080896543890789704 0.0044302169905014099 -0.0004846086061692664 -0.0011396510271200291 -0.00052123838842942798 -0.0031744176369499079 -0.0003782617132223788 -0.0011189441618302629 0.00049514543988104706 -0.00050886517356115357 0.00039524420608882032 0.00033368245512247082 -0.00075508438849023406 0.0017602775454343784 0.00041374275672503494 -1.2697875978779543e-05 0.00048329237185848446 0.0012893725535832346 -0.00069843391817994412 -0.00063468375854426997 -3.5591603225664785e-05 -0.00047214809775112141 -0.00041420606973891459 0.00035345312183428755 -0.00048080338717816954 -0.00030812078330200166 0.00034601499636967981 -0.00032047372021000176 -0.00023077425641001553 0.00013551074399363093 -0.00027484431119066558 -0.00033832703356719799 0.00057273750629974532
leaf_weight=30 20 21 21 27 25 21 24 24 21 21 54 54 31 70 30 29 44 21 36 38 54 76.5 30 28 21 22 226 52 32 40 32 146 31 24 38 45.5 32 39 85 151 399 45 42 32
leaf_count=30 20 21 21 21 13 21 24 24 21 21 24 24 16 35 25 26 24 21 16 38 24 34 30 19 14 22 104 26 16 16 22 118 31 24 32 20 32 16 34 74 220 38 30 24
internal_value=5.72802e-13 -0.00220216 0.000252116 0.00732581 0.0147573 0.00117897 0.00321831 0.00216206 0.000225613 -0.000180591 -2.97313e-05 -3.60997e-06 -2.61121e-05 0.000174188 0.00169094 -0.000126262 -0.00107967 0.00114849 -0.00224945 0.000132651 -2.75221e-05 1.71052e-05 -3.9339e-05 0.000188544 0.000447186 -0.0002408 -0.000119203 -4.3971e-06 0.000133937 -6.33821e-05 1.23119e-05 8.8429e-05 -6.19571e-05 0.000143138 -3.65591e-05 -9.11465e-05 2.42917e-06 -2.94221e-05 -5.00738e-05 -1.32404e-05 5.62048e-05 9.39207e-05 -4.90231e-06 7.37709e-05
internal_weight=2385 245 2140 82 55 225 90 69 45 135 2058 2004 1950 650 61 1300 122 42 80 114 1178 589 512.5 133 83 50 379.5 1124 336 788 304 272 93 62 309.5 271.5 62 748 709 624 473 444 220 178
internal_count=1506 245 1261 64 43 225 90 69 45 135 1197 1173 1149 383 41 766 82 42 40 114 684 342 308 117 76 41 191 660 236 424 220 198 93 62 156 124 62 408 392 358 284 258 172 142
is_linear=0
shrinkage=0.08


Tree=98
num_leaves=45
num_cat=0
split_feature=34 2 37 37 32 4 33 37 12 12 31 28 36 32 14 32 16 16 34 30 1 37 18 29 14 36 18 18 30 30 18 32 34 28 33 31 32 1 15 33 34 14 36 33
split_gain=0.188221 2.74751 0.539771 0.0810402 0.139208 0.115132 0.0172278 0.00873348 0.15405 0.0452092 0.0189699 0.00726212 0.00647093 0.01619 0.0138188 0.0246913 0.0100035 0.00540259 0.00490862 0.00487222 0.00239563 0.00515391 0.00571207 0.00213637 0.00213722 0.00233153 0.003811 0.00212633 0.00161965 0.00215555 0.00160015 0.00306346 0.00156775 0.00176899 0.00138247 0.00087435 0.000786101 0.00077308 0.000762083 0.000687492 0.00129104 0.000686229 0.00228088 0.000679346
threshold=1.0000000180025095e-35 16.415000000000003 7.9350000000000014 16.425000000000004 0.70000000000000007 16.515000000000004 0.70000000000000007 11.345000000000002 9.8000000000000025 9.8950000000000014 1.3 55.699999999999996 2.5000000000000004 1.0000000180025095e-35 8.1850000000000023 1.0000000180025095e-35 6.0350000000000028 6.0057692307692303 1.9000000000000006 1.9000000000000001 15.195000000000002 5.3900000000000015 3.0000000000000004 22.000000000000004 7.8650000000000011 1.5000000000000002 0.50000000000000011 12.900000000000002 1.5000000000000002 4.2000000000000011 0.3000000000000001 1.0000000180025095e-35 71.100000000000023 20.400000000000002 11.100000000000001 0.3000000000000001 12.300000000000002 13.955000000000002 0.99499999999999933 1.0000000180025095e-35 10.900000000000004 7.6950000000000012 1.5000000000000002 0.3000000000000001
decision_type=2 2 2 2 2 2 2 2 2 2 2 2 2 2 2 2 2 2 2 2 2 2 2 2 2 2 2 2 2 2 2 2 2 2 2 2 2 2 2 2 2 2 2 2
left_child=1 2 -1 7 -5 -6 -7 9 11 12 -11 23 14 -14 18 -16 -17 -15 -2 -8 21 22 -19 24 25 26 -9 28 37 -30 36 -32 33 35 -21 -22 -20 -27 -37 -33 -41 -42 -43 -18
right_child=3 -3 -4 4 5 6 19 8 -10 10 -12 -13 13 17 15 16 43 20 30 34 32 -23 -24 -25 -26 27 -28 -29 29 -31 31 39 -34 -35 -36 38 -38 -39 -40 40 41 42 -44 -45
leaf_value=-0.0014884298263738553 0.0010765995471073049 -0.025329240422982437 0.013955903393881662 0.0061089356095504225 0.0050512501464056022 -0.0022513688089592118 0.0011063073639913151 0.0010468349898861641 -0.0065773297846317292 0.00061227820658435429 0.0028614182731447118 0.00080162417261762486 0.0015472962617874145 0.0011789760649204256 -0.0021495999933944811 -0.0011250793380396707 -0.00030876892536050747 0.00071672416540483638 0.00011422799621847854 -0.00023447491956922492 -0.0004741934926053624 0.0014841543808579445 -0.00093911217991262677 -0.00080565071664750576 0.00039034622540822498 -0.001101165329754232 -0.00020990531980753579 0.00040124600194394589 0.00038458117225673052 -0.00057442894991254433 -0.00098871481689539824 -0.00042622639439426939 -0.00051408258916915586 0.00035561099865249004 0.00032234753572588998 0.00024385869043108859 0.00053912391227374718 -0.00050668396628420203 -0.00013909053878911261 0.00047929648394611754 -8.5846339299933938e-05 0.00056275061373081475 -0.00024271972353259724 3.8562480254788264e-05
leaf_weight=30 28 26 28 36 33 21 30 23 24 48 48 66 50 25 54 70 45 30 87 78 40.5 20 24 27 54 28 47 20 24 40 22 26 53 58 45 40.5 41 28 186 33 377 45 45 181
leaf_count=30 28 14 22 36 33 21 30 21 12 21 21 33 30 10 24 28 20 30 50 78 18 18 24 21 39 28 47 20 24 36 12 16 23 25 45 18 18 28 86 28 220 20 20 80
internal_value=1.07292e-11 -0.00371962 0.00596746 0.000135788 0.00151745 0.000718929 -0.000102718 -2.73528e-05 -0.000373105 5.11991e-05 0.00173685 4.39857e-05 -5.11553e-05 0.000177732 -0.000165599 -0.000576425 -0.000289427 3.41723e-05 3.86466e-05 0.000192195 -2.91465e-05 0.00038711 -1.92031e-05 -0.00012785 -5.85292e-05 -0.000173954 0.000203024 -0.000362443 -0.000489725 -0.0002148 -4.34555e-06 -6.38312e-05 -0.000110636 -4.4843e-05 -3.07594e-05 -0.000131833 0.000250327 -0.000803925 -7.06162e-05 -2.51479e-05 -4.29179e-06 -3.8464e-05 0.000160015 -3.05964e-05
internal_weight=2385 84 58 2301 243 207 174 2058 381 1677 96 357 1581 527 1054 350 296 477 704 153 452 74 54 291 264 210 70 140 120 64 676 548 378 325 123 267 128 56 226.5 526 500 467 90 226
internal_count=1506 66 52 1440 243 207 174 1197 309 888 42 297 846 282 564 152 128 252 412 153 242 72 54 264 243 204 68 136 116 60 384 316 170 147 123 122 68 56 104 304 288 260 40 100
is_linear=0
shrinkage=0.08


Tree=99
num_leaves=45
num_cat=0
split_feature=34 1 1 35 15 0 34 16 15 0 16 11 36 16 11 34 29 16 16 29 15 32 35 30 18 18 22 31 31 22 16 32 22 22 22 36 1 36 19 18 0 10 15 32
split_gain=0.15931 2.53563 0.0862052 0.0280725 0.0742863 0.11203 0.0215571 0.0136966 0.0442295 0.0352501 0.013335 0.00870731 0.00752061 0.181443 0.162145 0.00988015 0.00880634 0.0202834 0.00542016 0.00436739 0.00323602 0.00483741 0.00308251 0.00622602 0.00559302 0.00472138 0.00883974 0.00345613 0.00303278 0.00281815 0.00263235 0.00253563 0.00210696 0.00462781 0.00196533 0.0065359 0.0032884 0.00167434 0.00282666 0.00238628 0.00179469 0.00159188 0.00208992 0.00152144
threshold=1.0000000180025095e-35 16.415000000000003 11.984999656677248 1.0000000180025095e-35 0.72499999999999976 17.100000000000005 119.60000000000004 6.785000000000001 1.7299999999999995 16.465000000000003 7.0650000000000013 9.9550000000000018 1.5000000000000002 6.0057692307692303 9.8950000000000014 0.80000000000000016 1.5000000000000002 6.6350000000000016 6.0850000000000017 0.70000000000000007 0.15999999999999928 1.0000000180025095e-35 1.5000000000000002 1.0000000180025095e-35 11.800000000000002 11.800000000000002 39.100000000000016 1.0000000180025095e-35 2.1000000000000005 2.7000000000000006 6.8350000000000017 17.100000000000005 7.7000000000000002 14.300000000000002 6.1000000000000005 2.5000000000000004 17.650000000000002 1.5000000000000002 2.1000000000000005 3.0000000000000004 14.005000000000001 8.9450000000000021 2.4450000000000007 2.5000000000000004
decision_type=2 2 2 2 2 2 2 2 2 2 2 2 2 2 2 2 2 2 2 2 2 2 2 2 2 2 2 2 2 2 2 2 2 2 2 2 2 2 2 2 2 2 2 2
left_child=1 2 -1 4 5 -2 7 8 9 -6 -9 12 13 -5 18 -15 17 -17 19 -14 -19 -22 23 -20 32 26 27 -24 29 -29 -30 34 -25 -34 35 36 -10 38 -12 40 -39 42 -18 -23
right_child=3 -3 -4 11 6 -7 -8 10 31 -11 37 -13 14 15 -16 16 41 20 22 -21 21 43 25 24 -26 -27 -28 28 30 -31 -32 -33 33 -35 -36 -37 -38 39 -40 -41 -42 -43 -44 -45
leaf_value=0.0025792440661677606 0.0063712921795068371 -0.024181733406507054 0.0087623686331414416 0.0048809339384538958 0.0051935706394059325 -0.0011033013199145596 0.002814034358376548 -0.0022778499498963358 -0.00082198869995772834 0.00082339214505972686 0.00099653575813863434 -0.0010192250080958561 0.0011412770001010763 0.0054325586557388309 -0.0053909517255508231 -0.0017537268587836513 0.00030967553820272211 -0.00095894940611388954 0.00094389823567191209 0.00023836701343599189 0.0012618444348837055 -0.00042088668872943013 -0.00082285075448453428 -0.00027967563581355589 0.00094886431936174636 -0.00098388312011957169 0.00081157476123001784 -0.00010423922339421615 -0.00010054068756209825 0.00077173254499211905 -0.000656016801412289 -0.00060864648908715349 0.00069018409183869761 -0.00016567124542029153 -6.1706476479622666e-05 0.0016244178413498131 0.00056696547331133241 -0.0011619850079296157 -0.0002794570928439498 0.00019451059892566666 -0.00023384134296793491 -0.00042209893216689428 -0.00010171588926140025 0.00036141915067743795
leaf_weight=27 33 26 31 49.5 21 21 21 21 20 27 20 54 45 1.9999999999999989 36 67.5 145.5 18 54 144 21.5 41 52 166 38 40 62 57 182 40 78 33 60 124 102 22 24 24 25 36 30 45 173 26
leaf_count=27 33 14 25 22 21 21 21 21 20 27 20 24 20 2 16 30 78 8 34 64 14 36 28 92 28 28 38 30 74 28 36 33 30 78 102 22 24 24 25 36 30 20 86 16
internal_value=1.43243e-12 -0.00342205 0.00588402 0.000124925 0.000669185 0.00346451 0.000314848 0.000185261 0.000553501 0.00273535 -0.000402507 -1.85374e-05 1.20438e-05 0.000245451 -0.00010466 -0.000179863 -0.000200746 -0.000668778 6.19837e-05 0.000453346 1.88649e-05 0.000217742 -1.56317e-05 0.00013907 2.7058e-05 -0.000149444 -7.85789e-05 -0.000213517 -0.000124762 0.000256986 -0.000267184 3.24637e-05 -7.30238e-05 0.000113412 0.000158396 0.000498554 -6.43773e-05 -0.000110787 0.000287651 -0.000310006 -0.00064635 2.32916e-05 8.62196e-05 -0.000117305
internal_weight=2385 84 58 2301 480 54 426 405 249 48 156 1821 1767 589 1178 539.5 537.5 174 1142 189 106.5 88.5 953 442 388 511 471 409 357 97 260 201 350 184 168 66 44 135 45 90 54 363.5 318.5 67
internal_count=1506 66 52 1440 480 54 426 405 249 48 156 960 936 312 624 290 288 104 608 84 74 66 524 262 228 262 234 196 168 58 110 201 200 108 168 66 44 135 45 90 54 184 164 52
is_linear=0
shrinkage=0.08


Tree=100
num_leaves=45
num_cat=0
split_feature=37 33 34 15 2 33 37 4 34 16 35 10 16 36 32 16 36 32 16 4 4 33 26 15 37 18 33 37 18 34 37 37 14 15 37 37 37 37 37 22 19 15 31 33
split_gain=0.212746 5.74269 0.711524 0.953545 0.6533 0.0779607 0.0551699 0.0280192 0.0225352 0.0113222 0.0900436 0.01467 0.00355166 0.0036462 0.0131203 0.0377249 0.0165275 0.0128001 0.05068 0.00234656 0.00206089 0.00126343 0.00184069 0.00138425 0.00121117 0.00279027 0.0011812 0.00115189 0.00361803 0.00111651 0.00144385 0.00142573 0.00170191 0.00130687 0.000872301 0.00110581 0.000941509 0.00148095 0.00112398 0.00369798 0.00141831 0.000717744 0.000706022 0.00127271
threshold=16.415000000000003 0.3000000000000001 1.0000000180025095e-35 1.7950000762939455 16.455000000000002 1.0000000000000002 7.995000000000001 16.515000000000004 11.200000000000005 5.9665384615384607 1.5000000000000002 9.9450000000000021 6.0273076923076916 2.5000000000000004 1.0000000180025095e-35 6.8350000000000017 1.5000000000000002 1.0000000180025095e-35 7.1300000000000008 17.745000000000001 17.545000000000005 5.3000000000000016 1.1000000000000003 2.2746153846153851 4.745000000000001 3.0000000000000004 11.100000000000001 6.9350000000000014 11.800000000000002 29.900000000000006 7.4050000000000011 11.470000000000001 7.6650000000000009 2.1500000000000008 2.3250000000000006 2.5300000000000007 3.1100000000000008 3.7450000000000006 5.535000000000001 65.700000000000017 17.200000000000006 2.8750000000000004 0.70000000000000007 0.3000000000000001
decision_type=2 2 2 2 2 2 2 2 2 2 2 2 2 2 2 2 2 2 2 2 2 2 2 2 2 2 2 2 2 2 2 2 2 2 2 2 2 2 2 2 2 2 2 2
left_child=2 -2 3 6 -3 -6 -1 -7 -9 10 -4 12 -11 14 15 -14 -17 18 -15 34 24 22 -10 -23 25 -19 -25 -26 29 33 -31 32 41 -29 -16 -36 -37 -38 39 -39 42 -32 43 -40
right_child=1 4 9 -5 5 7 -8 8 21 11 -12 -13 13 17 19 16 -18 20 -20 -21 -22 23 -24 26 27 -27 -28 28 -30 30 31 -33 -34 -35 35 36 37 38 40 -41 -42 -43 -44 -45
leaf_value=-0.0021058372656504311 -0.041253793510523711 0.01532960105035454 -0.0032076054276829521 0.018652338503349214 -0.0040877523490538198 0.0035077140356103583 0.0033771923313970155 0.0028596683843283071 0.00089029058193167046 0.00062548623178844106 0.0011752356980685834 0.0013235136397458888 -0.0028400109087427456 0.0035615012273192406 -0.0008337743842275813 0.0012983806421741461 -0.0010306549294350239 0.0009977369780906221 -0.0010886026817218712 -0.00059153933140138786 0.00059066394757893357 -0.00068177125904531706 -0.00010051736588745067 -0.00026134639067981296 -0.00048871116855969796 -0.00030786795355379585 0.00036128954317134155 -6.8947167748101355e-05 0.00075106557863562008 -0.00067197517305612564 0.00045743391180739682 0.00051642272950095291 -0.00023325192753049568 -0.00060983585408673838 0.0013323886785656213 -0.00049556209841587892 0.00069298448879271757 0.00013407683155188958 -0.00012300355427970108 -0.0012226736936718225 0.00047860048075274727 2.3069247790293674e-05 -3.5628303380782896e-05 0.00033640147282398841
leaf_weight=24 22 20 54 31 24 21 23 21 24 54 67.5 54 42 30 7.9999999999999991 39 39 22 30 45 36 21 24 39 39 20 39 63.5 34.5 20 42.5 34 127 52 3.9999999999999991 24 20 36 65 20 41 57 737 95
leaf_count=24 22 20 27 19 24 21 17 21 24 24 27 24 22 15 8 29 29 22 25 20 16 21 24 39 33 20 39 36 25 8 20 30 56 31 4 24 20 36 40 20 32 26 392 50
internal_value=9.90995e-13 -0.00218371 0.000261431 0.007761 0.00150531 0.000207249 0.000577347 0.000752646 0.000408263 -2.36406e-05 -0.000772694 2.35026e-05 -1.39078e-05 -3.28528e-05 -0.000112866 -0.000906993 0.000133863 0.000127173 0.00123645 -2.58383e-05 5.60902e-06 5.80622e-05 0.000394887 -0.000105247 -3.55679e-05 0.00037602 4.99716e-05 -7.23873e-05 -3.46715e-05 -0.000103126 -1.69278e-05 3.33638e-05 -3.91484e-05 -0.000312464 -1.59398e-06 4.79512e-06 -3.20847e-07 1.14008e-05 -2.31312e-06 -0.000350477 1.84728e-05 0.000208602 -2.5587e-06 0.000149768
internal_weight=2385 255 2130 78 233 213 47 189 168 2052 121.5 1930.5 1876.5 1822.5 1215 120 78 607.5 60 1095 547.5 147 48 99 511.5 42 78 469.5 430.5 396 280.5 260.5 226.5 115.5 1050 1042 1038 1014 994 56 938 99.5 897 160
internal_count=1506 255 1251 60 233 213 41 189 168 1191 54 1137 1113 1089 726 80 58 363 40 646 323 147 48 99 307 42 78 265 232 207 140 132 102 67 626 618 614 590 570 56 514 46 482 90
is_linear=0
shrinkage=0.08


Tree=101
num_leaves=45
num_cat=0
split_feature=37 33 34 15 0 33 37 0 16 35 16 30 4 15 36 14 15 13 30 29 34 36 37 0 33 29 37 33 15 16 4 28 29 20 31 37 37 14 1 23 35 20 37 36
split_gain=0.180068 4.86062 0.602234 0.807081 0.565958 0.0655204 0.0466958 0.021864 0.00958307 0.0762129 0.0103217 0.00924499 0.0135406 0.00362534 0.00308614 0.00743501 0.020513 0.00678776 0.0160156 0.00492666 0.00343809 0.00323084 0.00213127 0.00206531 0.00196026 0.00227032 0.00174493 0.00204807 0.00306076 0.00343517 0.00326923 0.00122827 0.0010516 0.00250493 0.00179723 0.000927222 0.000839342 0.00116528 0.000695066 0.000770416 0.000451844 0.00151041 0.000874275 0.000837048
threshold=16.415000000000003 0.3000000000000001 1.0000000180025095e-35 1.7950000762939455 16.455000000000002 1.0000000000000002 7.995000000000001 17.150000000000002 5.9665384615384607 1.5000000000000002 6.0273076923076916 3.9000000000000004 16.545000000000005 -0.15000000000000033 2.5000000000000004 8.3850000000000033 1.6600000000000001 7.7550000000000008 0.3000000000000001 1.0000000180025095e-35 1.9000000000000006 1.5000000000000002 10.085000000000003 16.920000000000005 2.5000000000000004 5.1000000000000005 14.240000000000002 0.50000000000000011 2.3450000000000006 9.1350000000000033 14.875000000000002 11.799999999999997 1.0000000000000002 0.3000000000000001 0.3000000000000001 9.0550000000000015 7.4800000000000013 7.3800000000000017 17.835000000000004 8.7000000000000011 1.5000000000000002 5.0000000000000009 13.425000000000002 1.5000000000000002
decision_type=2 2 2 2 2 2 2 2 2 2 2 2 2 2 2 2 2 2 2 2 2 2 2 2 2 2 2 2 2 2 2 2 2 2 2 2 2 2 2 2 2 2 2 2
left_child=2 -2 3 6 -3 -6 -1 11 9 -4 -10 -7 -13 -12 15 20 24 19 -19 -16 21 -15 23 35 25 -17 27 -21 29 -29 -30 -9 33 -22 -34 -20 -32 -38 39 -33 42 -42 43 -35
right_child=1 4 8 -5 5 7 -8 31 10 -11 13 12 -14 14 17 16 -18 18 22 26 32 -23 -24 -25 -26 -27 -28 28 30 -31 36 38 34 40 -36 -37 37 -39 -40 -41 41 -43 -44 -45
leaf_value=-0.0019373703437546889 -0.037953493486751214 0.014251930393278598 -0.0029509969159132905 0.017160152831385216 -0.0037607320498985546 0.0032640838228343502 0.0031070165012193761 0.00062678926225219456 0.0009934423323030826 0.0010812168678751698 0.00073503644010167071 0.0026447217219642233 -0.00022813776596671061 0.0014262443208800895 -0.0010734894865890964 -0.000535477242040172 -0.0018218859301746956 0.0016654736963765961 4.1562311315479193e-05 0.00060957415186813177 -0.00080608124138534026 2.2937062063387464e-05 0.0006158311830156229 0.00042023239302493279 8.9550433867049243e-05 0.00014085698034614323 -0.00054217742554642061 -0.0011503124562234192 0.00096665773168206216 0.00013860196825892976 -0.00028722046994336762 -1.5292132447939367e-05 0.00054998517478816215 -6.1511515523307028e-05 -3.449244035946559e-06 -0.00038332830190210417 -0.0001545096853071075 0.00041073174816038874 0.00024152635098693685 -0.00059625291775557252 0.00023247924597504047 -0.00058842028071012461 -0.00030816182855882549 0.000517124015459558
leaf_weight=24 22 20 54 31 24 21 23 21 67.5 67.5 40.5 21 21 21 32 108 56 52.5 65 35.5 34 21 44 52.5 126 45 37 29.5 25 24 50.5 48 40 32 614 66.5 48.5 45 36 21 26 32 28 32
leaf_count=24 22 20 27 19 24 21 17 21 30 27 18 21 21 21 27 48 26 25 26 32 24 21 28 22 56 20 37 22 22 24 22 48 30 26 360 32 23 21 36 21 20 20 28 26
internal_value=-5.34305e-12 -0.00200902 0.000240516 0.00714012 0.00138488 0.000176707 0.000531159 0.0006767 -2.17493e-05 -0.000710878 2.16224e-05 0.00189356 0.00120829 -1.35885e-05 -3.02246e-05 -0.000103837 -0.000424583 0.000117 0.000405727 -0.00013067 1.82656e-05 0.000724591 0.000115653 -3.95425e-06 -0.000144121 -0.000336555 -2.83981e-05 4.52835e-05 -4.47494e-05 -0.000572108 0.000122195 6.82713e-05 -1.7135e-05 -0.000186091 3.04e-05 -0.000173306 -2.44127e-05 0.000117532 -4.34322e-05 -0.000192106 -4.55595e-05 -0.000220431 6.46855e-05 0.000227806
internal_weight=2385 255 2130 78 233 213 47 189 2052 121.5 1930.5 63 42 1863 1822.5 1215 335 607.5 280.5 327 880 42 228 184 279 153 295 258 222.5 53.5 169 126 838 184 654 131.5 144 93.5 105 69 150 58 92 64
internal_count=1506 255 1251 60 233 213 41 189 1191 54 1137 63 42 1107 1089 726 150 363 133 230 576 42 108 80 124 68 203 166 134 46 88 126 534 144 390 58 66 44 105 69 120 40 80 52
is_linear=0
shrinkage=0.08


Tree=102
num_leaves=45
num_cat=0
split_feature=34 37 37 33 2 11 15 10 2 36 32 16 32 10 37 27 37 16 16 32 25 23 17 37 2 37 37 16 17 31 27 16 37 6 37 20 17 17 34 17 32 16 0 32
split_gain=0.218737 2.53064 0.0906471 0.277715 0.0324159 0.00875819 0.00829209 0.00801239 0.00472347 0.00359562 0.0142884 0.047989 0.0119662 0.0323978 0.00625818 0.0031815 0.00141987 0.00695167 0.00628302 0.00372287 0.00141464 0.0013451 0.00170646 0.00205064 0.00115386 0.00110267 0.0019447 0.00173517 0.00292322 0.00140616 0.00103763 0.00149241 0.00100542 0.00123701 0.0013193 0.00113793 0.00193871 0.00111554 0.000968385 0.00135601 0.000812967 0.000787285 0.000691524 0.000567197
threshold=1.0000000180025095e-35 9.7850000000000019 16.425000000000004 0.50000000000000011 16.495000000000001 9.9550000000000018 0.22999999999999957 9.8950000000000014 16.805000000000003 2.5000000000000004 1.0000000180025095e-35 7.1300000000000008 1.0000000180025095e-35 7.8650000000000011 7.8500000000000005 1.6000000000000003 9.9050000000000029 6.0350000000000028 5.9461538461538463 19.000000000000004 6.2000000000000011 7.5000000000000009 0.3000000000000001 10.105000000000002 17.400000000000002 4.745000000000001 5.6350000000000007 7.280000000000002 6.4000000000000012 0.3000000000000001 5.4000000000000012 5.9761538461538457 9.7850000000000019 10.105000000000002 7.0900000000000007 8.9000000000000021 12.900000000000002 1.1000000000000003 3.5000000000000004 4.7000000000000002 10.800000000000002 7.4750000000000023 13.835000000000003 19.000000000000004
decision_type=2 2 2 2 2 2 2 2 2 2 2 2 2 2 2 2 2 2 2 2 2 2 2 2 2 2 2 2 2 2 2 2 2 2 2 2 2 2 2 2 2 2 2 2
left_child=1 -1 5 -4 -5 7 -6 9 -8 12 11 -11 13 14 -2 -10 17 -14 -18 21 25 22 -20 -24 32 42 -27 29 -29 -28 -17 -32 33 34 35 36 38 -36 -19 -40 -25 -37 -12 -31
right_child=2 -3 3 4 6 -7 8 -9 15 10 20 -13 16 -15 -16 30 18 24 19 -21 -22 -23 23 40 -26 26 27 28 -30 43 31 -33 -34 -35 37 41 -38 -39 39 -41 -42 -43 -44 -45
leaf_value=0.0089169808725516001 0.0014522098809746759 -0.018925377008242487 0.0097772781550884251 0.003307810624440511 0.0017383324385931095 -0.0010315284705548376 0.00092012956213110533 0.0009621972076732803 -0.00085679613140032254 0.003500830308804589 4.2582480236887935e-05 -0.00098749578728650998 -0.00091189115226734431 -0.001999269986282224 -0.00028920790851116179 0.0004069809826194412 0.0012583184189030104 -0.00062297158137274286 -0.00027586564086193809 -0.00078263662330915827 0.00032813758327583084 0.00062850702321156856 0.00068175459955818946 -4.0005112607490668e-05 0.00035821017980271457 -0.00094257215503603222 -0.00053000913995705291 -3.7085571977378867e-05 0.0011450196499936283 -1.2113778902617105e-05 0.00032458879570994108 -0.00049525192178164921 -0.00024139147050743502 -0.00027879788996318665 1.9247548036338364e-05 -0.00084547350835055112 0.00054543161344143651 0.0003223954688895632 0.00024918957879500734 -0.00048593995362842597 0.00044941447070763946 -0.00017784742763839089 0.00069255023030564185 -0.00030950635004984705
leaf_weight=45 28 39 24 27 24 54 39 54 27 31 22 30 60 69 25 45 28 24 76 34 76.5 28 40 132 49 15.999999999999998 44.5 40.5 20 302 27 30 133 85 183 20 31 135 42 26 26 26 20 47.5
leaf_count=36 28 30 24 27 24 24 39 24 27 16 22 25 24 34 20 45 14 24 50 22 34 14 20 110 20 16 22 33 20 151 27 30 66 34 74 14 28 62 42 20 20 26 20 24
internal_value=9.58867e-12 -0.00400983 0.000146382 0.00160764 0.000712342 -2.61574e-05 0.000347354 9.33404e-07 0.000148643 -2.56862e-05 0.000127943 0.00129346 -0.000102501 -0.000856705 0.000630786 -8.4597e-05 -2.43916e-05 -8.31244e-05 0.00010695 1.10031e-05 7.2365e-06 0.000100353 4.63814e-05 0.000170072 -1.71748e-05 -4.06639e-05 -7.57238e-05 -4.52077e-05 0.000353693 -0.00010646 0.000119809 -0.000106906 -4.32654e-05 2.80236e-06 5.19523e-05 -0.000128668 -1.71882e-06 0.000147942 -0.000186085 -3.18894e-05 4.05323e-05 -0.00046812 0.000352091 -5.25319e-05
internal_weight=2385 84 2301 243 219 2058 192 2004 168 1950 650 61 1300 122 53 129 1178 814 364 336 589 302 274 198 754 512.5 470.5 454.5 60.5 394 102 57 705 572 487 169 123 318 92 68 158 46 42 349.5
internal_count=1506 66 1440 243 219 1197 192 1173 168 1149 383 41 766 82 48 129 684 434 250 236 342 214 200 150 410 308 266 250 53 197 102 57 390 324 290 154 114 136 86 62 130 40 42 175
is_linear=0
shrinkage=0.08


Tree=103
num_leaves=45
num_cat=0
split_feature=34 36 15 37 33 4 16 35 10 15 16 36 32 16 32 16 36 4 30 4 33 4 32 37 18 37 18 34 37 15 34 37 37 15 33 31 30 36 5 1 36 4 10 37
split_gain=0.185139 2.32664 11.5044 0.0767237 0.235058 0.0335178 0.00791918 0.0645446 0.0120631 0.00769243 0.00363737 0.00310902 0.0122533 0.0406179 0.00983089 0.0300146 0.0135567 0.00205195 0.00504381 0.00381658 0.00162063 0.00141188 0.00130418 0.000942905 0.00231204 0.000887962 0.00297572 0.00088336 0.00116068 0.00100447 0.00092127 0.000721304 0.000932551 0.000734308 0.000772645 0.00113077 0.00091246 0.000653712 0.000639948 0.00104453 0.000460743 0.00199797 0.00116297 0.000885508
threshold=1.0000000180025095e-35 1.5000000000000002 1.7950000762939455 16.425000000000004 0.50000000000000011 16.505000000000006 5.9761538461538457 1.5000000000000002 9.9450000000000021 0.22999999999999957 6.0273076923076916 2.5000000000000004 1.0000000180025095e-35 7.1300000000000008 1.0000000180025095e-35 6.8350000000000017 1.5000000000000002 17.020000000000003 6.9000000000000012 17.335000000000004 5.5000000000000009 17.545000000000005 23.000000000000004 4.745000000000001 3.0000000000000004 6.9350000000000014 11.800000000000002 29.900000000000006 11.575000000000001 2.1500000000000008 74.200000000000017 2.3250000000000006 2.5300000000000007 -0.11500000000000109 0.3000000000000001 1.0000000180025095e-35 0.70000000000000007 1.5000000000000002 11.992692307692311 17.680000000000003 1.5000000000000002 17.400000000000002 9.3250000000000011 5.535000000000001
decision_type=2 2 2 2 2 2 2 2 2 2 2 2 2 2 2 2 2 2 2 2 2 2 2 2 2 2 2 2 2 2 2 2 2 2 2 2 2 2 2 2 2 2 2 2
left_child=1 -1 -3 6 -5 -6 7 -2 10 -7 -8 14 13 -13 15 -12 -17 18 -11 -19 -21 23 31 24 -14 -25 27 29 30 -27 -29 -16 -33 -34 36 -36 37 -35 39 -22 42 43 -37 -42
right_child=3 2 -4 4 5 9 8 -9 -10 17 11 12 21 -15 22 16 -18 19 -20 20 38 -23 -24 25 -26 26 -28 28 -30 -31 -32 32 33 34 35 40 -38 -39 -40 -41 41 -43 -44 -45
leaf_value=0.015140089818409511 -0.0025720757929763444 0.018874695438241204 -0.054218569105985215 0.0089950959384441382 0.0031394957366089027 0.0015992658135170737 0.00073334912125619107 0.00094823222756385797 0.0011963095371094014 0.0013353003359710177 -0.0024588638019155374 0.003220763831369339 0.00088985888372090731 -0.00090849613739798466 -0.00076504821598064152 0.0012089538877495588 -0.00090040278931458788 -0.0011015061768037933 -0.00022066513371343414 0.00061478072018535048 9.2644916259728018e-05 0.00047903265648831928 -0.00036526318386729276 -0.00043725137909253443 -0.00029860507510602477 -7.3383091435599054e-05 0.00067401274471827173 -9.0045180716892578e-06 0.00043763818099133429 -0.00054758296634715336 -0.000406932777592114 0.0012166693154722452 -0.00072664862705601593 -0.00061822468441137123 0.00054971276388431978 -4.2912419814206326e-06 3.627754564053918e-06 -0.00013273041590418616 0.00023456398996391466 -0.00070527002664415956 -0.00041874685566182493 0.0006859391496058494 -0.00048053842852823435 5.6816048457833753e-05
leaf_weight=28 60 31.5 24.5 24 30 24 40.5 75 54 24 44 31 22 30 7.9999999999999991 39 39 21 30 27 21 36 70 39 20 63.5 34.5 205 31 52 45.5 3.9999999999999991 8.9999999999999982 35.5 26 371 95 35.5 21 21 27 31.5 36 348.5
leaf_count=22 30 28 16 24 30 24 18 30 24 24 24 16 22 25 8 29 29 21 30 27 21 16 38 33 20 36 25 92 29 31 20 4 4 28 16 215 60 28 21 21 27 14 16 190
internal_value=3.30476e-12 -0.00368904 -0.0131036 0.000134672 0.00147903 0.000655355 -2.40648e-05 -0.000616349 1.75152e-05 0.000261047 -1.65431e-05 -3.31527e-05 0.000114374 0.00118998 -0.000106916 -0.000788168 0.000154276 6.63965e-05 0.000470875 -0.000130377 9.622e-05 -5.24725e-06 -3.11521e-05 -3.9265e-05 0.000323924 -7.16856e-05 -3.86449e-05 -0.000100576 -2.41371e-05 -0.000286876 -8.12829e-05 -8.37917e-06 -2.43869e-06 -7.24305e-06 -8.07019e-07 3.036e-05 -0.00015852 -0.000375478 -0.00012602 -0.000306313 1.37713e-05 7.3959e-05 -4.64163e-05 2.26211e-05
internal_weight=2385 84 56 2301 243 219 2058 135 1923 189 1869 1828.5 609.5 61 1219 122 78 165 54 111 90 548.5 1097 512.5 42 470.5 431.5 397 281.5 115.5 250.5 1027 1019 1015 1006 840 166 71 63 42 814 407 407 375.5
internal_count=1506 66 44 1440 243 219 1197 60 1137 189 1113 1095 365 41 730 82 58 165 54 111 90 324 648 308 42 266 233 208 141 67 112 610 602 598 594 478 116 56 63 42 462 231 231 217
is_linear=0
shrinkage=0.08


Tree=104
num_leaves=45
num_cat=0
split_feature=37 4 36 34 12 34 15 37 34 4 32 16 35 36 4 16 9 35 4 24 0 32 32 16 32 36 32 30 37 14 35 18 18 16 19 28 37 15 15 12 31 37 21 34
split_gain=0.180425 4.26895 0.905049 2.97098 2.05376 0.577865 1.1173 0.0750447 0.0578367 0.011725 0.0208137 0.00694734 0.0687037 0.00806753 0.222117 0.180925 0.00880082 0.0112136 0.00652059 0.00493496 0.004108 0.0237255 0.0100722 0.00289031 0.00976148 0.0194966 0.00704568 0.00425655 0.0019744 0.00547179 0.00197437 0.00613723 0.00551178 0.00608346 0.00487584 0.00314467 0.00232975 0.00192689 0.00243194 0.00181591 0.00165651 0.00162852 0.00112803 0.00105106
threshold=16.415000000000003 16.440000000000001 2.5000000000000004 9.5000000000000053 8.1900000000000031 1.0000000180025095e-35 1.7950000762939455 7.995000000000001 13.900000000000004 17.220000000000002 2.8000000000000003 5.9461538461538463 1.5000000000000002 1.5000000000000002 17.910000000000004 6.0057692307692303 11.345000000000002 1.5000000000000002 17.845000000000002 4.4000000000000012 14.240000000000002 1.0000000180025095e-35 1.0000000180025095e-35 6.6350000000000016 0.50000000000000011 2.5000000000000004 1.0000000180025095e-35 0.3000000000000001 11.575000000000001 7.8650000000000011 1.5000000000000002 17.200000000000006 3.0000000000000004 7.3100000000000014 5.0000000000000009 13.700000000000001 14.240000000000002 -0.15000000000000033 1.0000000180025095e-35 8.490000000000002 1.0000000180025095e-35 8.3150000000000013 0.90000000000000013 43.900000000000013
decision_type=2 2 2 2 2 2 2 2 2 2 2 2 2 2 2 2 2 2 2 2 2 2 2 2 2 2 2 2 2 2 2 2 2 2 2 2 2 2 2 2 2 2 2 2
left_child=5 -2 3 -3 -4 6 7 -1 -6 10 -5 12 -7 14 20 -15 23 -18 19 -11 22 -22 -13 24 25 -17 27 -25 41 -30 31 35 33 39 -34 36 43 -23 -39 -32 -40 42 -26 -28
right_child=1 2 4 9 8 11 -8 -9 -10 18 -12 13 -14 15 -16 16 17 -19 -20 -21 21 37 -24 26 28 -27 30 -29 29 -31 32 -33 34 -35 -36 -37 -38 38 40 -41 -42 -43 -44 -45
leaf_value=-0.0039061254992460211 -0.034885592938441297 0.032747897706216292 -0.027897937819827349 0.003337667032610625 0.0053641303167678411 -0.0028965877477700516 0.018788829217514683 0.0024887100509975268 2.4473902744215892e-05 -0.0017335897367447613 0.00011887945073087596 0.0019572310130821454 0.0011640628747797261 -0.0056887389143877145 0.006801488452724048 -0.00030686258251468338 0.001665000229064996 2.4492617851744097e-05 0.00084837197190305847 -0.00014988495403325515 -0.0020606849337808596 0.0011469240900543001 -0.00014338325589316508 -0.0015178497369880929 -0.00023404120677150787 0.0022728369235992434 9.4843347220697019e-05 -0.00032165282757745851 -0.00015947506153392361 0.0014258822053670884 -0.00053928607655689118 0.0012079800848538676 -0.00023358643624103734 0.00092307842557485674 -0.0016713006113870785 0.00080605405781950272 -0.00074931282530693968 -0.001093276799828918 0.00065050057115706992 2.2881502812532218e-05 -3.8017157762235884e-05 -0.00023923350098057391 0.00020821334107230742 -0.00033620542057020508
leaf_weight=24 23 21 20 20 20 48 31 23 37 20 36 21 60 36 31.5 37.5 48 60 24 34 39 8.9999999999999982 48 33 50 37.5 170 45 38 22 60 30 36 39 26 28 30 13.499999999999998 23.5 95 462.5 188 141 46
leaf_count=24 23 21 20 20 20 24 19 17 37 20 36 21 24 16 14 20 24 24 24 34 19 4 48 28 20 20 124 30 38 18 24 28 24 36 26 14 30 6 11 38 258 92 60 28
internal_value=-3.63338e-12 -0.00201101 0.00124811 0.00476988 -0.00584118 0.000240755 0.00699932 -0.000776738 0.00189804 0.000385269 0.00126845 -1.61499e-05 -0.000640671 1.85457e-05 0.000249022 -9.66927e-05 6.308e-05 0.000753607 -0.000248807 -0.000736442 -8.57751e-05 -0.000159086 0.000495934 -1.65689e-06 0.00013952 0.000982987 -0.000115395 -0.000827736 -4.57978e-06 0.000421823 -1.61765e-05 0.000121669 -0.000179868 2.99827e-05 -0.000836499 2.7301e-06 -8.87051e-05 -1.32411e-05 -3.4145e-05 -0.000194732 -4.72463e-06 -7.20841e-05 9.24399e-05 3.04592e-06
internal_weight=2385 255 232 155 77 2130 78 47 57 134 56 2052 108 1944 648 1296 1260 108 78 54 616.5 547.5 69 1152 514 75 638 78 439 60 560 304 256 194 62 274 246 508.5 499.5 155 486 379 191 216
internal_count=1506 255 232 155 77 1251 60 41 57 134 56 1191 48 1143 381 762 746 48 78 54 367 298 69 698 268 40 430 58 228 56 372 224 148 98 50 196 182 279 275 62 269 172 80 152
is_linear=0
shrinkage=0.08


Tree=105
num_leaves=45
num_cat=0
split_feature=34 37 37 33 4 11 11 10 13 34 35 0 2 29 29 18 14 33 20 18 28 32 31 34 18 22 34 32 34 22 19 37 33 28 7 22 31 33 29 12 32 33 17 29
split_gain=0.208451 2.11301 0.0780964 0.148582 0.0737272 0.00990507 0.00630047 0.00608693 0.00451962 0.00545241 0.0041116 0.0157271 0.0135396 0.00628453 0.00631678 0.00400675 0.00555472 0.00555709 0.00514116 0.00372158 0.00365855 0.00282594 0.00243434 0.00476946 0.00211519 0.00205282 0.00184222 0.00120936 0.00135936 0.00162028 0.0016103 0.00127108 0.00153226 0.00154637 0.00138151 0.00118425 0.00126358 0.0018391 0.00117979 0.00111435 0.0010965 0.00109356 0.00104589 0.000913598
threshold=1.0000000180025095e-35 9.7850000000000019 16.425000000000004 0.50000000000000011 16.505000000000006 9.9550000000000018 9.9200000000000017 8.5500000000000025 9.7700000000000014 34.100000000000009 1.5000000000000002 17.795000000000005 17.935000000000006 1.0000000000000002 1.3 0.50000000000000011 9.7050000000000018 2.1000000000000005 5.0000000000000009 21.000000000000004 55.699999999999996 26.500000000000004 1.0000000180025095e-35 10.700000000000005 8.9000000000000021 40.300000000000004 4.6000000000000023 15.100000000000001 72.000000000000014 57.000000000000007 12.900000000000002 5.0400000000000009 0.3000000000000001 23.300000000000001 10.115 7.7000000000000002 2.5000000000000004 3.5000000000000004 6.1000000000000005 8.8450000000000006 8.4000000000000004 2.5000000000000004 0.90000000000000013 4.6000000000000005
decision_type=2 2 2 2 2 2 2 2 2 2 2 2 2 2 2 2 2 2 2 2 2 2 2 2 2 2 2 2 2 2 2 2 2 2 2 2 2 2 2 2 2 2 2 2
left_child=1 -1 5 -4 -5 6 10 40 9 -9 11 19 -13 15 -15 16 17 -12 -17 21 24 22 23 26 25 35 -2 28 29 31 -31 -24 42 34 -34 41 -37 -38 -27 -11 -6 43 -33 -16
right_child=2 -3 3 4 7 -7 -8 8 -10 39 13 12 -14 14 20 18 -18 -19 -20 -21 -22 -23 27 -25 -26 38 -28 -29 -30 30 -32 32 33 -35 -36 36 37 -39 -40 -41 -42 -43 -44 -45
leaf_value=0.0078976894156076016 0.00042623662709956989 -0.017543766070634893 0.00747489499549071 0.0045286413871993619 0.0010690500740440458 -0.0010864243176938208 0.00099923722583938521 -0.001539650278254634 0.00068049303763969378 -0.00051173123331474401 -0.00039181518897011473 0.0020293933502398432 6.2556962338497954e-05 0.0013584769109175319 -0.00029849160630423746 0.00054442455034909979 5.8666486137857045e-05 -0.0014779490150624154 -0.00080759935701886824 0.00076977707970982937 -0.00057711104179422059 -0.00075506449281943571 0.00039490699638716049 0.0010617527356132483 -0.0004615276225376874 0.00082138919130419238 -0.00040762104476109527 0.00029351044915771734 0.00031704713006083872 -0.00076520075211818854 -2.9454763950497815e-05 -0.00064840189889461429 -2.8218982970920972e-05 -0.00040917922370135786 0.00044404513492352429 0.00028932914500021275 -0.00068045049049388409 -7.524514598279767e-05 0.00013691005814406607 0.0002110974580192795 0.00044465714010099569 0.00026811007938037316 -0.00012811303051992083 0.00012965813472886416
leaf_weight=45 30 39 24 30 45 54 40.5 21 33 21 55.5 48 42 21 55.5 45 45 66 30 39 75 33 36 39 54 33 39 60 51 45 33 48 333 60 45 36 43.5 123 31.5 39 30 142.5 51 75
leaf_count=36 30 30 24 30 45 24 18 21 33 21 42 24 21 12 24 27 18 30 21 36 30 21 36 24 36 24 27 36 33 36 24 36 216 30 24 18 21 51 18 39 30 57 42 30
internal_value=9.7921e-12 -0.00391441 0.000142899 0.00149923 0.000844367 -1.72512e-05 1.15589e-05 0.000259561 -0.000108684 -0.0004302 -8.81338e-06 0.000101171 0.00111154 -0.000130664 -7.73106e-06 -0.000481902 -0.000700603 -0.000981814 3.61499e-06 4.63944e-06 -5.06165e-05 -2.84064e-05 -8.43475e-07 0.000354613 1.58601e-05 6.35988e-05 -4.50742e-05 -5.12232e-05 -8.06876e-05 -0.000111847 -0.000453924 -6.52811e-05 -9.61317e-05 -3.1885e-05 2.80029e-05 6.15113e-06 -0.000140439 -0.000233362 0.000487109 -4.18926e-05 0.000819293 0.000114886 -0.000380374 -5.24285e-05
internal_weight=2385 84 2301 243 219 2058 2004 189 114 81 1963.5 1032 90 931.5 690 241.5 166.5 121.5 75 942 669 903 870 108 594 540 69 762 702 651 78 573 537 438 378 475.5 202.5 166.5 64.5 60 75 273 99 130.5
internal_count=1506 66 1440 243 219 1197 1173 189 114 81 1155 696 45 459 321 138 90 72 48 651 309 615 594 81 279 243 57 513 477 444 60 384 348 270 240 201 90 72 42 60 75 111 78 54
is_linear=0
shrinkage=0.08


Tree=106
num_leaves=45
num_cat=0
split_feature=37 0 32 37 36 0 0 36 3 33 4 36 10 4 4 30 33 10 0 36 37 3 0 14 37 30 4 36 37 37 30 20 37 29 37 37 37 37 30 33 5 36 37 14
split_gain=0.170135 4.6087 0.133373 0.206141 1.2996 2.03449 5.93653 0.836508 0.252268 0.131762 0.0457885 0.0129506 0.233184 0.165696 0.0140501 0.00834555 0.00593923 0.00463466 0.00460622 0.00452639 0.00223483 0.00895571 0.00466472 0.00224956 0.00135903 0.0014508 0.00131315 0.00123842 0.00105219 0.00103456 0.000940151 0.00123174 0.00159262 0.000913944 0.000907314 0.00231673 0.0023297 0.00091181 0.00113611 0.00104733 0.000798864 0.000749795 0.000736571 0.000721012
threshold=16.425000000000004 16.465000000000003 1.0000000180025095e-35 7.8750000000000009 2.5000000000000004 16.425000000000004 16.415000000000003 1.5000000000000002 13.425000000000002 0.50000000000000011 16.525000000000002 2.5000000000000004 9.9200000000000017 17.965000000000003 17.890000000000004 0.70000000000000007 1.7000000000000004 8.490000000000002 17.795000000000005 2.5000000000000004 9.9450000000000021 17.630000000000006 17.795000000000005 7.8350000000000009 10.105000000000002 11.900000000000002 17.335000000000004 1.5000000000000002 9.8750000000000018 15.4 1.0000000000000002 1.1000000000000003 7.7300000000000013 1.0000000180025095e-35 2.5300000000000007 2.9600000238418587 3.6250000000000004 5.2400000000000011 0.70000000000000007 14.100000000000003 11.992692307692311 1.5000000000000002 14.485000000000001 7.6650000000000009
decision_type=2 2 2 2 2 2 2 2 2 2 2 2 2 2 2 2 2 2 2 2 2 2 2 2 2 2 2 2 2 2 2 2 2 2 2 2 2 2 2 2 2 2 2 2
left_child=2 -2 3 7 5 6 -5 -1 -9 -3 -11 13 18 14 20 -12 -17 19 34 26 22 23 28 24 -22 29 -18 -25 30 -26 31 33 -33 -4 -13 -36 -37 -38 -39 42 -19 -35 -40 -32
right_child=1 9 11 4 -6 -7 -8 8 -10 10 15 12 -14 -15 -16 16 17 40 -20 -21 21 -23 -24 27 25 -27 -28 -29 -30 -31 43 32 -34 41 35 36 37 38 39 -41 -42 -43 -44 -45
leaf_value=-0.012376769539611093 -0.038799026928842066 0.0068769032259782164 -1.6463620381222831e-06 -0.0015774382785596747 -0.0062395776088460019 -0.0057522712371805137 0.044207952456959222 0.010543661729898304 -0.00016880947569220822 0.0041404511965811254 -0.0011958274121085803 0.00094815155180792015 -0.0070135523319717445 0.0049061203996340437 -0.0015947902568020961 0.0016581822647934868 0.00070304680953267964 -0.00037013312236888816 0.00067199439445027602 0.0017186729009263219 0.00061141867830883712 0.0011711219422519208 -0.00081031771794660024 -0.00077281246682809257 -0.00015066014580392779 0.00054273641668260101 -0.00021369426650926469 -5.7726847045424005e-05 -0.00040257565100632964 0.00033395707561996663 -2.5745819943506499e-05 -0.00023182223391670146 0.0005218466534279287 -0.0006947073879663224 -0.001604179528852304 0.0009948064173970904 -0.0005326542786012093 -0.0002886176549283595 -5.8258923345360501e-05 0.00037495024556369344 0.00021136798807198091 -0.0002079095684543804 0.00033427050268715791 0.00015974480045798163
leaf_weight=29 20 24 45 47 59 42.5 29.5 24 34 21 24 5.9999999999999991 31.5 45 36 21 20 54 67.5 20 32 50 50 31 130 32 20 31 42 36 277 38 34 40.5 5.9999999999999991 13.999999999999998 24 87 305.5 49.5 21 40.5 34 260
leaf_count=26 20 24 20 38 36 19 16 24 28 21 24 6 14 20 16 21 20 54 30 20 16 24 20 20 98 24 20 20 20 36 168 32 16 27 6 14 24 51 153 26 21 27 34 112
internal_value=5.40068e-12 -0.00199694 0.000228622 0.00190857 0.00346847 0.00828171 0.0160784 -0.00128297 0.00426394 0.00127435 0.000605391 -8.81016e-06 -0.000306148 0.000139859 -3.81344e-05 0.000192967 0.000406627 0.000211941 4.98474e-05 0.000736008 9.80363e-06 0.00018181 -6.13283e-05 1.24071e-05 0.000127694 4.95162e-05 0.000244676 -0.00041527 -1.31308e-05 -4.55624e-05 9.12316e-06 -0.000139881 0.000124077 -0.000290715 -2.99908e-05 -4.12771e-05 -2.30331e-05 -5.15326e-05 -2.72744e-05 3.11751e-05 -0.000207313 -0.000451308 -1.89482e-05 6.40634e-05
internal_weight=2385 245 2140 265 178 119 76.5 87 58 225 201 1875 625 1250 1205 180 156 135 593.5 60 1169 342 827 292 230 198 40 62 777 166 735 198 72 126 526 520 514 500 476 389 75 81 339.5 537
internal_count=1506 245 1261 187 109 73 54 78 52 225 201 1074 358 716 696 180 156 135 344 60 680 238 442 214 174 158 40 40 422 134 402 122 48 74 314 308 302 288 264 213 75 54 187 280
is_linear=0
shrinkage=0.08


Tree=107
num_leaves=45
num_cat=0
split_feature=34 36 0 33 0 33 0 33 30 13 36 36 36 32 30 32 13 0 4 30 30 21 3 21 34 29 32 32 0 36 32 36 16 36 33 29 32 0 29 22 29 0 28 30
split_gain=0.244289 1.85903 10.1957 0.0195272 0.0514281 0.0179422 0.0219266 0.0116675 0.00878724 0.00709762 0.265953 0.0774171 0.0131214 0.0323172 0.045974 0.0300825 0.0078374 0.00466635 0.00617186 0.00289658 0.00244118 0.00164237 0.00613587 0.00117236 0.00107526 0.00101369 0.000960801 0.000900852 0.000877711 0.000859598 0.000826576 0.000821779 0.00113849 0.000801702 0.000970369 0.000768759 0.000669389 0.000930009 0.000649587 0.00055082 0.000888106 0.000492633 0.000464858 0.000297199
threshold=1.0000000180025095e-35 1.5000000000000002 16.415000000000003 0.3000000000000001 16.565000000000001 1.3 17.630000000000006 0.50000000000000011 2.1000000000000005 9.7700000000000014 1.5000000000000002 2.5000000000000004 2.5000000000000004 1.0000000180025095e-35 0.3000000000000001 1.0000000180025095e-35 9.5150000000000023 16.425000000000004 16.505000000000006 1.0000000000000002 1.9000000000000001 1.0000000180025095e-35 16.485000000000003 2.3000000000000003 54.70000000000001 23.000000000000004 7.3000000000000016 0.70000000000000007 16.515000000000004 1.5000000000000002 1.9000000000000001 1.5000000000000002 6.6850000000000014 1.5000000000000002 1.0000000180025095e-35 26.500000000000004 6.1000000000000005 17.795000000000005 6.3000000000000016 16.300000000000004 2.8000000000000003 16.140000000000004 10.6 9.9000000000000004
decision_type=2 2 2 2 2 2 2 2 2 2 2 2 2 2 2 2 2 2 2 2 2 2 2 2 2 2 2 2 2 2 2 2 2 2 2 2 2 2 2 2 2 2 2 2
left_child=1 -1 -3 4 27 6 7 -5 -6 12 -11 -12 13 14 -7 -14 21 24 -19 -9 -20 22 29 36 26 31 30 33 -21 -15 -17 38 -33 -2 -35 39 -22 -38 -24 40 -23 -29 -42 -44
right_child=3 2 -4 5 8 9 -8 19 -10 10 11 -13 15 16 -16 17 -18 18 20 28 23 35 25 -25 -26 -27 -28 41 -30 -31 -32 32 -34 34 -36 -37 37 -39 -40 -41 42 -43 43 -45
leaf_value=0.012593400265489305 0.00053702618764229831 0.019125307335207859 -0.049320379999967717 -0.0013210408965608589 0.0030032050553144831 -0.0038670210650360044 -0.0024369407527741384 -0.00055088479692737258 0.0014958045917628992 0.0062026274547754947 0.00059585337291241853 -0.0044774753440703667 0.0027708445560993321 0.0010840783187780869 0.0003246480577132281 -0.00025434030907724159 -0.0011349708488154592 0.001242071981118484 0.00089926337151993794 2.4609827997024966e-05 -0.00012833725034513258 0.00050692931104164853 -0.0003156745264475996 0.00051123424902681474 0.00034563648042039598 0.00041848428362176166 -0.00056270334484248325 -0.000324778462967111 0.00041842673058536923 0.00058401338025842878 0.00020093546341134544 0.00034744241521563509 -0.00016976697899570518 -0.00018609695551099212 0.00045440065136062916 -0.00030770574684421985 2.3550531424751335e-05 0.0004983733530918306 6.7701636004553298e-05 -3.5302993209098446e-06 0.0002723426500504667 1.84908103211924e-05 -0.00014400355001403526 0.00011899119513955984
leaf_weight=28 32.5 30 26 54 49.5 33 33 51 49.5 38.5 38.5 38.5 33.5 44 34 54.5 33 55 38.5 135 55 39 66 60.5 34.5 44 29 45 49.5 44 48 71.5 44 41 24 39 66 44 49.5 331 55 66 55 55
leaf_count=22 30 30 14 36 27 18 18 36 27 21 21 21 21 24 24 36 18 30 21 99 30 24 36 33 27 24 18 45 27 24 36 39 24 36 24 24 36 24 27 228 30 36 30 30
internal_value=-1.89869e-11 -0.00423756 -0.012653 0.000154696 0.000748082 6.31653e-05 -0.00048315 -0.000260438 0.0022495 0.000168603 0.000773668 -0.00194081 0.000123676 -4.06219e-05 -0.00173991 0.00045227 7.67513e-05 0.000292121 0.000471127 -1.72428e-05 0.000310513 0.000119427 0.000252613 0.000209995 -5.1871e-05 6.65542e-05 -0.00015616 3.51768e-05 0.000130268 0.000834046 -4.1138e-05 -4.80096e-07 0.00015041 0.000212605 5.03945e-05 3.51992e-05 9.95407e-05 0.00021348 -0.00015137 6.0196e-05 0.000163595 -0.000120672 8.24434e-05 -1.25062e-05
internal_weight=2385 84 56 2301 307.5 1993.5 322.5 289.5 99 1671 115.5 77 1555.5 1037 67 518.5 970 485 319 235.5 264 937 363 225.5 166 275 131.5 208.5 184.5 88 102.5 231 115.5 97.5 65 574 165 110 115.5 535 204 111 165 110
internal_count=1506 66 44 1440 225 1215 216 198 54 999 63 42 936 624 42 312 582 291 174 162 144 564 198 123 117 150 90 171 126 48 72 126 63 90 60 366 90 60 63 342 114 81 90 60
is_linear=0
shrinkage=0.08


Tree=108
num_leaves=45
num_cat=0
split_feature=34 35 2 35 33 14 33 34 2 2 4 10 35 28 31 30 17 32 28 19 22 21 33 34 34 2 32 34 31 31 17 34 10 33 17 17 30 30 32 29 2 20 21 33
split_gain=0.206766 1.70956 3.63549 0.0305989 0.0820271 0.328317 0.0657371 0.0241799 0.0136151 0.0527358 0.0052718 0.00419855 0.0031567 0.00963848 0.00541831 0.00636206 0.0050147 0.00516699 0.00376995 0.00335407 0.00368754 0.00310048 0.00277617 0.0024863 0.00251612 0.0019849 0.00149114 0.00130926 0.00350249 0.00129236 0.00112976 0.00177523 0.0010829 0.00104274 0.00236521 0.00201536 0.00169429 0.00113079 0.00108529 0.0010059 0.000986202 0.000977052 0.00144734 0.000911903
threshold=1.0000000180025095e-35 1.5000000000000002 16.375000000000004 1.0000000180025095e-35 0.3000000000000001 7.8950000000000005 0.70000000000000007 119.60000000000004 16.440000000000001 16.495000000000001 17.955000000000002 9.9450000000000021 1.5000000000000002 55.699999999999996 1.0000000180025095e-35 0.3000000000000001 15.500000000000002 1.0000000180025095e-35 55.699999999999996 12.900000000000002 53.300000000000004 1.1000000000000003 2.3000000000000003 9.5000000000000053 3.5000000000000004 16.185000000000006 2.8000000000000003 25.100000000000005 2.1000000000000005 0.70000000000000007 12.900000000000002 45.000000000000007 8.8000000000000025 6.9000000000000012 1.3 0.90000000000000013 3.3000000000000003 1.0000000000000002 6.7000000000000002 0.3000000000000001 17.255000000000006 4.7000000000000002 5.0000000000000009 13.300000000000002
decision_type=2 2 2 2 2 2 2 2 2 2 2 2 2 2 2 2 2 2 2 2 2 2 2 2 2 2 2 2 2 2 2 2 2 2 2 2 2 2 2 2 2 2 2 2
left_child=1 2 -1 4 5 29 -6 8 25 -10 11 12 13 16 15 -14 17 39 19 20 23 22 -11 24 -16 30 -24 28 -25 -2 31 41 -29 35 -35 38 37 -37 40 -5 -19 42 -8 -23
right_child=3 -3 -4 10 6 -7 7 -9 9 21 -12 -13 14 -15 18 -17 -18 33 -20 -21 -22 43 26 27 -26 -27 -28 32 -30 -31 -32 -33 -34 34 -36 36 -38 -39 -40 -41 -42 -43 -44 -45
leaf_value=0.0061608984097838403 0.00015216475578420089 0.011413316346704961 -0.035612726807594301 0.00093794230423453783 -0.0031615138705819845 0.011628527804499579 -0.0002405648588534893 0.0032009438017294523 0.0046514734271026793 0.00099386284526969721 -0.00063833812596621338 0.00082691405428412525 -0.0012547061294317246 0.0010458118353871572 -9.0395150473341352e-05 0.00012609015518036257 0.00099874419315407669 -0.00038986153707307631 -0.00054760127029184142 -0.00061395907586421624 0.00073306344872848552 0.00063047074479982256 -0.00042760979139226641 3.1274985660005505e-05 0.00078859734602949828 -0.00074999820992902478 0.00023005045300937798 -3.1165130259434787e-05 -0.00095959596207662338 -0.00065064491349316775 -0.00046407876036095398 0.00077524574030013308 0.00035491817497781345 -1.0041162308808122e-05 -0.00055807781516618675 0.00087840250879526148 1.0599471783886354e-05 0.00019977041096849875 0.00012933779571189038 0.00032646011758708594 5.9129576908335796e-05 -0.0003644440630968246 0.00058777532807585816 0.0013178225664333219
leaf_weight=30 33 30 24 36 33 21 27 21 21 21 81 40.5 52.5 66 36 36 33 123 82.5 49.5 49.5 30 36 67.5 49.5 27 57 406.5 34.5 21 27 21 52.5 126 84 30 120 33 57 33 42 36 27 21
leaf_count=30 33 21 15 24 33 21 27 21 21 21 36 18 30 33 27 18 27 75 33 36 36 30 36 36 27 27 57 168 21 21 27 21 21 63 45 21 69 24 30 21 21 36 27 21
internal_value=-1.05983e-11 -0.00389856 -0.0124052 0.00014232 0.000710544 0.00314076 0.000260504 0.00056407 0.000406308 0.000875588 -7.45855e-06 2.191e-05 2.7263e-06 0.000120685 -9.80506e-05 -0.000693026 3.55273e-05 -1.09436e-05 -3.44571e-05 2.23294e-05 6.75827e-05 0.000395021 0.000163071 1.66294e-05 0.000418495 -0.000122698 -2.45277e-05 -4.46175e-05 -0.000303873 -0.000160039 3.42784e-08 0.000112927 1.29947e-05 -8.45928e-05 -0.000229256 -9.58231e-06 0.000186975 0.000522929 -0.000171609 0.000645494 -0.000275573 -4.16145e-05 0.000173605 0.000913498
internal_weight=2385 84 54 2301 480 75 405 372 351 186 1821 1740 1699.5 783 916.5 88.5 717 684 828 745.5 696 165 114 646.5 85.5 165 93 561 102 54 138 111 459 615 210 405 183 63 222 69 165 90 54 51
internal_count=1506 66 45 1440 480 75 405 372 351 186 960 924 906 453 453 48 420 393 405 372 336 165 114 300 54 165 93 246 57 54 138 111 189 348 108 240 114 45 126 45 96 90 54 51
is_linear=0
shrinkage=0.08


Tree=109
num_leaves=45
num_cat=0
split_feature=34 36 15 37 37 32 4 32 37 11 10 28 16 15 37 36 26 34 36 32 31 16 15 14 16 5 29 36 14 14 22 22 32 37 14 12 33 37 4 15 34 34 25 37
split_gain=0.175007 1.57349 8.58352 0.0645567 0.103762 0.108815 0.079549 0.0183674 0.00607794 0.126369 0.0722364 0.0102132 0.00680288 0.00383438 0.00263148 0.00425795 0.00233355 0.00196006 0.00199717 0.0124869 0.00645067 0.0184618 0.00273083 0.00212827 0.00180396 0.00162201 0.0014249 0.00137414 0.0140433 0.00763932 0.00127246 0.00214506 0.00113089 0.000816611 0.00124235 0.000929258 0.000827487 0.000812407 0.000801965 0.0013331 0.001039 0.00133133 0.000725479 0.000653708
threshold=1.0000000180025095e-35 1.5000000000000002 1.7950000762939455 16.425000000000004 17.070000000000004 1.3 16.545000000000005 1.3 10.875000000000002 9.8550000000000022 9.9550000000000018 55.699999999999996 6.0350000000000028 -0.15000000000000033 17.775000000000002 2.5000000000000004 10.400000000000002 0.80000000000000016 2.5000000000000004 1.0000000180025095e-35 1.0000000180025095e-35 6.6350000000000016 -0.065000000000001265 7.4800000000000013 8.9650000000000016 10.770000000000001 22.000000000000004 2.5000000000000004 7.8200000000000012 7.8800000000000008 65.700000000000017 48.300000000000004 3.5000000000000004 7.8950000000000005 7.8200000000000012 8.4550000000000018 2.5000000000000004 14.240000000000002 13.835000000000003 1.4549999999999998 16.900000000000009 10.700000000000005 10.400000000000002 4.1950000000000012
decision_type=2 2 2 2 2 2 2 2 2 2 2 2 2 2 2 2 2 2 2 2 2 2 2 2 2 2 2 2 2 2 2 2 2 2 2 2 2 2 2 2 2 2 2 2
left_child=1 -1 -3 8 5 -5 -7 -6 10 11 12 26 16 -14 15 25 -2 -15 20 -20 21 -19 -21 30 -23 -9 27 29 32 -10 31 -24 37 -25 -35 -36 -37 -29 39 -22 41 -40 -16 -42
right_child=3 2 -4 4 7 6 -8 14 9 -11 -12 -13 13 17 42 -17 -18 18 19 22 38 24 23 33 -26 -27 -28 28 -30 -31 -32 -33 -34 34 35 36 -38 -39 40 -41 43 -43 -44 -45
leaf_value=0.011897811506475722 -0.00027591116478045783 0.01629316618045171 -0.046843025027489181 0.0080464356796195111 -0.0021932288163918115 0.0043606991970386259 -0.000854303381509251 0.00071324271654399742 1.0666267603482994e-05 -0.0059229002916254105 0.003330578160516563 0.00096214687423498344 0.0013553995142380395 0.0014439432819684348 -0.00047963259306492374 0.0014534634729433391 -0.0010301940153752054 -0.0021336696959204145 0.0013524060277268291 0.0013726363745000627 -0.00020582990534603597 -0.00023362610427041849 0.00010809662763817096 -0.00051378686222083424 0.00058423604525160045 -0.00016911922674626111 -0.00068313743160278704 0.00029515681734968287 0.0020652509406208991 -0.0013330809117178433 -0.00027893878114612208 0.00083675056352065173 -0.00061648164067025241 0.00024451696805739674 -0.00053621625689708678 -0.00034117340495941616 0.00011066847387380865 -0.00037787987427278 -1.2822004497894963e-05 0.00062676501071109666 -0.00047658761264756321 -0.00047483866780318997 0.00018534613163432198 4.1209371533929691e-05
leaf_weight=28 52.5 31.5 24.5 24 21 39 36 24 176 24 42 66 13.499999999999998 5.9999999999999991 21 27 52.5 36 48 8.9999999999999982 20 45 126.5 42.5 28 30 27 24 20 32 34.5 32.5 38 44.5 46 49.5 54.5 22 101 32 15.999999999999998 66 21 631
leaf_count=22 21 28 16 24 21 39 36 24 156 12 18 33 6 6 21 27 21 16 28 4 20 20 80 17 28 30 21 22 15 22 28 20 30 20 21 22 24 22 56 32 16 36 21 304
internal_value=1.22617e-11 -0.00358667 -0.0113289 0.000130935 0.0013641 0.00335785 0.0018575 -6.59763e-06 -1.46725e-05 -0.000282575 5.58802e-05 5.16661e-05 -3.07848e-05 1.3303e-05 0.00036673 0.000633182 -0.000653053 9.65008e-07 -4.9549e-06 0.000127255 -7.106e-05 -0.00065107 -6.54967e-06 -3.53828e-05 8.00744e-05 0.000223042 -0.000125596 -7.73468e-05 0.000160088 -0.000196064 0.000161474 0.000257035 -0.000293523 -0.000196108 -0.000126692 -0.000236817 -0.000104391 -2.67303e-05 1.94367e-06 0.000306536 -1.75143e-05 -0.000195415 -0.000147143 2.84045e-05
internal_weight=2385 84 56 2301 243 99 75 144 2058 429 1629 405 1587 1482 123 81 105 1468.5 1462.5 487.5 975 109 439.5 430.5 73 54 339 312 104 208 193.5 159 84 237 194.5 150 104 46 866 52 814 167 42 647
internal_count=1506 66 44 1440 243 99 75 144 1197 333 864 321 846 804 123 81 42 798 792 264 528 64 236 232 48 54 288 267 89 178 128 100 74 104 87 67 46 44 464 52 412 92 42 320
is_linear=0
shrinkage=0.08


Tree=110
num_leaves=45
num_cat=0
split_feature=37 34 34 37 1 1 16 5 11 10 36 32 16 30 32 34 12 0 36 37 37 34 16 37 19 16 37 20 9 5 37 29 17 20 37 33 0 0 15 22 0 0 30 10
split_gain=0.17217 4.10216 0.497517 1.2995 0.0959272 0.0565279 0.070015 0.0270423 0.00705442 0.00651694 0.00252217 0.0120314 0.0306836 0.00821092 0.0261347 0.00412735 0.00244058 0.00189771 0.00394065 0.00135584 0.00221479 0.00558897 0.00306726 0.00129028 0.00262212 0.00510148 0.00189422 0.00124197 0.00113036 0.00089005 0.000822882 0.00270125 0.00215612 0.00151105 0.00247414 0.00149002 0.00120272 0.0016602 0.00118385 0.000811149 0.000786101 0.000651037 0.000570493 0.000560785
threshold=16.425000000000004 8.7000000000000046 1.0000000180025095e-35 7.8750000000000009 16.920000000000005 16.625000000000004 6.6750000000000016 9.9950000000000028 9.9550000000000018 9.8950000000000014 2.5000000000000004 1.0000000180025095e-35 7.1300000000000008 1.0000000180025095e-35 1.0000000180025095e-35 1.3000000000000005 9.6700000000000017 17.775000000000002 2.5000000000000004 16.115000000000006 11.760384615384618 72.000000000000014 6.0388461538461549 5.0400000000000009 3.0000000000000004 8.9950000000000028 5.535000000000001 1.1000000000000003 11.345000000000002 10.975000000000003 7.9050000000000011 6.1000000000000005 0.3000000000000001 2.3000000000000003 11.575000000000001 10.800000000000002 15.765000000000002 14.390000000000002 2.4026923076923081 68.500000000000014 15.625000000000002 17.890000000000004 2.5000000000000004 8.3150000000000013
decision_type=2 2 2 2 2 2 2 2 2 2 2 2 2 2 2 2 2 2 2 2 2 2 2 2 2 2 2 2 2 2 2 2 2 2 2 2 2 2 2 2 2 2 2 2
left_child=2 -2 3 -1 5 6 -3 -6 9 10 13 12 -12 14 -4 -15 19 18 29 20 22 -22 -17 24 25 -24 -25 -16 30 -9 31 32 -13 34 38 -35 37 -34 43 40 -28 -19 -26 -32
right_child=1 4 8 -5 7 -7 -8 17 -10 -11 11 28 -14 15 27 16 -18 41 -20 -21 21 -23 23 26 42 -27 39 -29 -30 -31 33 -33 36 35 -36 -37 -38 -39 -40 -41 -42 -43 -44 -45
leaf_value=-0.006918198296179374 -0.036729655102360995 0.0053965803413164046 -0.0025862205521587061 0.01399030319773234 -0.0028146688134542538 0.0062686803352294696 -0.00051244323452313747 0.00054627649579197166 -0.00091579660238629143 0.00087774356654672723 0.0029500383282861403 -0.00031125169470906259 -0.00063890339992940428 0.0020851020763317744 -0.00022539438249724399 -0.00060172968391667715 -0.00054365068751697739 -0.00043532422086995905 0.0013630140408873558 -0.00047563907354035309 8.916720310926908e-06 0.0011187281566672027 0.0015264110872521997 -0.00074984471522673791 0.00013745258645609615 -0.0002035799976438284 -0.00040465681657224194 0.0003612736968652291 0.00030168728301456819 -0.0001427035511781772 -0.0004501468244563328 -0.0002822365501397771 0.00037325939306846029 -0.00017525756501554122 0.0006736518983398715 -0.00083155395835638054 0.00020795732177793978 0.0013234495129003081 0.00024663480743765832 0.0003406397579237819 1.0756309801603066e-06 0.0001585874560771993 -0.00045290262531489137 -0.00010571787285337609
leaf_weight=30 20 21 34 52 21 27 33 20 54 54 31 25 30 5.9999999999999991 72 55 54 21 25 36 106 40 24 22 22 20 32 34 72 30 44.5 72.5 26 84.5 31 30 40 21.5 47.5 43 680 27 20 94.5
leaf_count=30 20 21 24 34 21 27 33 20 24 24 16 19 25 6 42 22 24 21 25 36 100 22 24 22 22 20 26 24 32 30 21 38 26 58 29 19 16 20 22 30 302 27 20 42
internal_value=2.21146e-11 -0.00200885 0.000229986 0.00634085 0.00107744 0.0032799 0.00178551 -0.000161446 -1.34987e-05 1.08147e-05 -1.31926e-05 0.000115477 0.00118499 -7.75273e-05 -0.000656261 -7.68005e-06 -1.85611e-05 0.000291543 0.00054293 7.21606e-06 2.35533e-05 0.000312975 -2.24767e-05 1.44398e-05 0.000308467 0.000740052 -1.81038e-05 -3.72178e-05 4.71282e-06 0.000132888 -3.66453e-05 9.85609e-05 0.000343964 -0.000111986 1.18459e-05 -0.000347213 0.000531168 0.000803345 -9.81594e-05 3.21844e-06 -1.71595e-05 -0.000101249 -0.000143669 -0.000215985
internal_weight=2385 245 2140 82 225 81 54 144 2058 2004 1950 650 61 1300 140 1160 1154 123 75 1100 1064 146 918 863 86 44 777 106 589 50 517 185 112.5 332 217.5 114.5 87.5 47.5 186.5 755 712 48 42 139
internal_count=1506 245 1261 64 225 81 54 144 1197 1173 1149 383 41 766 90 676 670 123 75 646 610 122 488 466 86 44 380 66 342 50 310 119 81 191 114 77 62 46 85 358 328 48 42 63
is_linear=0
shrinkage=0.08


Tree=111
num_leaves=45
num_cat=0
split_feature=34 37 37 34 4 29 7 0 16 37 10 36 32 0 13 0 10 34 12 36 0 37 37 37 32 32 32 19 33 37 37 37 37 34 33 16 22 30 37 34 37 20 17 0
split_gain=0.188763 1.44469 0.0670588 0.130909 0.0650419 0.0183436 0.0256506 0.0173409 0.00592442 0.0740677 0.0093213 0.00389979 0.00934738 0.0267144 0.00822207 0.0341212 0.00744761 0.00429507 0.00423549 0.00565 0.00195842 0.00143814 0.00413154 0.00198863 0.00180887 0.000835491 0.0012292 0.000866549 0.000800196 0.00072146 0.00179002 0.00179531 0.000886435 0.00298478 0.00167473 0.00149449 0.00321423 0.0013581 0.000934484 0.00162213 0.000633233 0.00124979 0.000596323 0.000557239
threshold=1.0000000180025095e-35 7.995000000000001 16.425000000000004 9.5000000000000053 16.515000000000004 6.9000000000000012 9.8750000000000018 17.150000000000002 5.9461538461538463 11.703076923076924 9.9350000000000005 2.5000000000000004 1.0000000180025095e-35 16.375000000000004 8.1900000000000031 16.440000000000001 9.7700000000000014 1.3000000000000005 9.6700000000000017 1.5000000000000002 17.795000000000005 5.0400000000000009 4.1950000000000012 5.1700000000000008 0.50000000000000011 14.100000000000003 11.900000000000002 3.0000000000000004 10.800000000000002 2.5300000000000007 2.9600000238418587 3.6250000000000004 5.2400000000000011 1.9000000000000006 0.3000000000000001 7.1000000000000005 67.200000000000017 1.0000000000000002 11.130000000000001 74.200000000000017 7.7950000000000008 0.70000000000000007 3.0000000000000004 16.505000000000006
decision_type=2 2 2 2 2 2 2 2 2 2 2 2 2 2 2 2 2 2 2 2 2 2 2 2 2 2 2 2 2 2 2 2 2 2 2 2 2 2 2 2 2 2 2 2
left_child=1 -1 8 -4 -5 6 -6 -7 9 -2 11 14 13 -13 17 -16 29 -10 -17 -20 28 22 24 -23 -19 26 -25 -27 -8 -14 -31 -32 -33 -34 -35 37 -37 -36 39 40 -39 43 -26 -42
right_child=2 -3 3 4 5 7 20 -9 10 -11 -12 12 16 -15 15 18 -18 21 19 -21 -22 23 -24 25 42 27 -28 -29 -30 30 31 32 33 34 35 36 -38 38 -40 -41 41 -43 -44 -45
leaf_value=0.0072786226775497197 0.0012846822387849292 -0.013728235743262552 0.0066447315051185868 0.0040054334451754886 -0.0023446039188032351 0.0031114766693540979 0.00086354589066468172 0.00032739598122942775 0.0011001259634940653 -0.0029315065563423558 0.00094321524434619482 -0.00050356901308987287 0.00084985087315241504 0.0028488126297577703 -0.0026110178511589764 1.033221770841111e-05 0.0012433423744218927 0.00054733275352711124 -0.0012572361771017312 1.0482177966170842e-05 -0.00019251430661163549 -0.0014752259167532126 0.0012668368829922242 -8.7967344796606275e-06 -0.00050103434087109884 -0.00039293678571565956 0.00041300468534852068 5.6641820676462804e-05 0.00021966893580697831 -0.0014062888547778129 0.00087713139796895647 -0.00051576543133705858 0.0024978918582201004 -0.00041444462694926191 -0.00041024290426981214 -0.0001655555199930801 0.0012142691621556878 0.00027880444440726691 0.00034462461919667058 -0.00044752218605329598 -3.4929697311864321e-05 -0.00028151619696506746 4.2401100508868693e-05 0.00035824385729675979
leaf_weight=40 60 44 27 33 33 21 30 45 24 48 67.5 32 5.9999999999999991 29 40 270 31.5 28 45 45 33 5.9999999999999991 22 561 28 68 48 46 21 5.9999999999999991 13.999999999999998 24 2.9999999999999991 64 51 23.5 20 63.5 52 48 44 67.5 24 48.5
leaf_count=34 24 32 27 33 33 21 30 45 24 24 30 27 6 14 20 120 14 28 20 20 33 6 22 344 28 38 28 24 21 6 14 24 3 39 26 21 19 29 37 21 20 32 24 21
internal_value=1.20217e-12 -0.00372497 0.000135983 0.00139282 0.000736332 0.000146822 -0.000454748 0.00121324 -1.24188e-05 -0.000589179 1.95248e-05 -1.35955e-05 0.000149243 0.00109019 -9.5015e-05 -0.000394387 4.79238e-05 4.50423e-05 -0.000148095 -0.000623377 0.000287696 1.45705e-05 0.000295925 -2.4796e-05 2.89248e-05 -1.27592e-05 2.44487e-05 -0.000211528 0.00059842 -2.24606e-05 -3.23545e-05 -1.65923e-05 -4.11741e-05 -1.76892e-05 -3.33464e-05 2.50036e-05 0.000468847 -2.65509e-05 3.39384e-05 -2.55669e-05 6.50544e-05 -1.97776e-05 -0.000250218 0.000171221
internal_weight=2385 84 2301 243 216 183 117 66 2058 108 1950 1882.5 627.5 61 1255 400 566.5 855 360 90 84 831 102 729 80 723 609 114 51 535 529 523 509 485 482 418 43.5 374.5 323.5 271.5 223.5 160 52 92.5
internal_count=1506 66 1440 243 216 183 117 66 1197 48 1149 1119 373 41 746 180 332 566 160 40 84 542 102 440 80 434 372 62 51 318 312 306 292 268 265 226 40 186 160 123 102 73 52 41
is_linear=0
shrinkage=0.08


Tree=112
num_leaves=45
num_cat=0
split_feature=37 4 34 37 32 0 0 16 34 16 35 10 35 16 29 36 32 37 4 16 13 19 29 16 37 0 18 12 33 19 33 37 31 36 16 16 18 37 0 33 22 36 17 33
split_gain=0.162179 4.03957 0.462022 1.2606 0.123981 0.0423628 0.0237274 0.0174226 0.0185302 0.00501443 0.0626909 0.00803629 0.00145416 0.0105114 0.00470722 0.00392976 0.015536 0.00815239 0.00383538 0.0103089 0.00365784 0.00304553 0.00268046 0.00260316 0.00375783 0.00348048 0.00220979 0.0021 0.001991 0.00165161 0.00161434 0.00223002 0.00150096 0.00534989 0.0124428 0.00922673 0.00181522 0.00147666 0.00144522 0.00141404 0.00154649 0.0018508 0.00153984 0.00125827
threshold=16.425000000000004 16.455000000000002 1.0000000180025095e-35 7.8750000000000009 0.70000000000000007 16.475000000000005 16.590000000000003 7.0850000000000017 33.100000000000016 5.9461538461538463 1.5000000000000002 9.9450000000000021 1.5000000000000002 6.0273076923076916 1.0000000000000002 2.5000000000000004 1.0000000180025095e-35 16.175000000000004 16.195000000000004 6.955000000000001 7.9050000000000011 0.70000000000000007 0.3000000000000001 6.955000000000001 14.160000000000002 14.875000000000002 3.7000000000000006 8.2450000000000028 3.5000000000000004 15.500000000000002 0.50000000000000011 10.105000000000002 3.9000000000000004 1.5000000000000002 6.0550000000000024 6.0453846153846165 2.1000000000000005 11.470000000000001 14.695000000000002 3.3000000000000003 21.900000000000002 1.5000000000000002 0.90000000000000013 1.5000000000000002
decision_type=2 2 2 2 2 2 2 2 2 2 2 2 2 2 2 2 2 2 2 2 2 2 2 2 2 2 2 2 2 2 2 2 2 2 2 2 2 2 2 2 2 2 2 2
left_child=2 -2 3 -1 -3 -6 -7 8 -8 10 -4 12 13 -11 18 17 -17 20 22 -20 21 30 28 26 25 43 37 -22 -14 -23 -15 -32 33 34 -16 -35 -37 -18 -34 42 41 -41 -40 -25
right_child=1 4 9 -5 5 6 7 -9 -10 11 -12 -13 14 15 32 16 23 -19 19 -21 27 29 -24 24 -26 -27 -28 -29 -30 -31 31 -33 38 35 -36 36 -38 -39 39 40 -42 -43 -44 -45
leaf_value=-0.0069470323820908864 -0.036404563745483759 0.0054157988568315175 -0.0026969860284589233 0.013646153784715212 0.0036810026646015193 -0.0024589063491051396 0.0027857060814719826 -0.0018715997694414997 0.00017611013444633606 0.0015316227894897265 0.0011819076344060401 0.00098029035902409646 -0.00027064226991073653 5.9819901362061505e-05 -0.0024358191490173342 0.0018565792080891483 -0.00010972278399858624 -0.0014377792635267333 -0.0013600917977315409 0.00013461386540993339 -0.00086648159629763356 -0.00013104771066082321 -0.00058549095311069067 0.00055725058075040579 -0.00057553711835117564 0.0012252295271360449 -0.00055871872162377391 -0.00020157216303663228 0.0005418613058344651 0.00041021339091262886 0.0010144429736432027 0.00016543428234096308 -0.00072029946610287199 0.0018482396882027389 8.4076084020042347e-05 1.7772066377539626e-05 0.00061093331334438725 0.00049403492254870276 1.3313249063988527e-05 0.00031952283397316937 0.00044994264634119139 -0.00021365919832140207 -0.00057133778040339284 -0.00029069610294841586
leaf_weight=30 20 36 48 52 21 24 21 21 102 30 60 54 33 52 14.999999999999998 34 100 28 67.5 52.5 38 256 42 24 21 35 54 152 46.5 42 44 36 21 25 76.5 111 47 35 60 62.5 54 125 55.5 21
leaf_count=30 20 36 24 34 21 24 21 21 102 15 24 24 33 48 6 26 50 28 27 21 22 182 33 24 21 19 34 76 24 34 28 26 21 10 39 48 32 27 24 25 27 50 24 21
internal_value=-1.52547e-11 -0.0019497 0.000223213 0.00611206 0.00111296 0.000293369 -0.000130085 0.000258052 0.000621651 -1.14253e-05 -0.000542045 1.79628e-05 -9.44521e-06 5.67326e-05 -8.36177e-05 1.12113e-05 0.000238697 -0.000102532 -0.000385359 -0.000706158 -4.22303e-05 8.69361e-05 -6.85207e-05 4.90148e-05 0.000376893 0.000626905 -0.0001262 -0.000334554 0.000204596 -5.47626e-05 0.000406832 0.000632389 2.80613e-05 0.000170445 -0.000329021 0.000420178 0.000194219 4.6807e-05 -7.53361e-05 -3.73971e-05 7.27109e-05 -3.59319e-05 -0.000267623 0.000161542
internal_weight=2385 245 2140 82 225 189 168 144 123 2058 108 1950 1896 1002 894 972 324 648 241.5 120 620 430 121.5 290 101 80 189 190 79.5 298 132 80 652.5 274.5 91.5 183 158 135 378 357 241.5 187.5 115.5 45
internal_count=1506 245 1261 64 225 189 168 144 123 1197 48 1149 1125 681 444 666 222 444 138 48 416 318 90 196 85 64 111 98 57 216 102 54 306 135 45 90 80 77 171 150 102 75 48 45
is_linear=0
shrinkage=0.08


Tree=113
num_leaves=45
num_cat=0
split_feature=34 35 0 37 0 32 4 31 32 11 36 11 13 14 0 14 16 37 16 37 32 37 28 37 37 17 37 31 31 37 37 34 11 37 13 37 13 33 0 17 35 32 37 37
split_gain=0.200074 1.40788 2.84256 0.068977 0.112457 0.0983069 0.0835131 0.0335478 0.0154439 0.00741078 0.00611384 0.240974 0.16904 0.00638634 0.0273833 0.00625902 0.0152805 0.00558122 0.00944559 0.00366834 0.00343034 0.00815461 0.00183819 0.00126904 0.00744676 0.00133001 0.00133852 0.00210035 0.000916228 0.000838172 0.00100293 0.00124179 0.000678144 0.00160523 0.00069861 0.000670422 0.000837481 0.000665375 0.000606227 0.000603898 0.000547691 0.000702131 0.000405259 0.00121981
threshold=1.0000000180025095e-35 1.5000000000000002 16.415000000000003 16.425000000000004 17.150000000000002 1.3 16.505000000000006 6.1000000000000005 1.3 9.9550000000000018 2.5000000000000004 9.8950000000000014 9.8000000000000025 8.3850000000000033 16.440000000000001 8.1850000000000023 6.6350000000000016 11.802307692307695 6.0350000000000028 3.0500000000000003 1.0000000180025095e-35 7.8650000000000011 44.100000000000001 4.580000000000001 5.1700000000000008 4.2000000000000011 10.675000000000002 4.2000000000000011 3.1000000000000005 13.835000000000003 10.230000000000002 71.100000000000023 7.7750000000000012 11.575000000000001 7.8500000000000005 15.695000000000002 7.6950000000000012 1.0000000180025095e-35 17.775000000000002 1.1000000000000003 1.5000000000000002 3.3000000000000003 10.435000000000002 9.8750000000000018
decision_type=2 2 2 2 2 2 2 2 2 2 2 2 2 2 2 2 2 2 2 2 2 2 2 2 2 2 2 2 2 2 2 2 2 2 2 2 2 2 2 2 2 2 2 2
left_child=1 2 -1 9 5 -5 -7 -8 -6 10 11 13 15 20 -15 19 -17 18 -16 -12 21 -2 -10 -21 -25 29 27 -27 -18 30 31 39 35 34 -34 36 37 -22 -24 -26 41 -20 43 -39
right_child=3 -3 -4 4 8 6 7 -9 22 -11 12 -13 -14 14 17 16 28 -19 40 23 32 -23 38 24 25 26 -28 -29 -30 -31 -32 -33 33 -35 -36 -37 -38 42 -40 -41 -42 -43 -44 -45
leaf_value=0.0048623713230093318 0.0014906467347772737 0.010060409449040891 -0.03207581122716268 0.0078846869656505683 -0.0020841230974266572 0.0054044880103319886 -0.0018493928634389131 0.0022613413582439536 0.00061454820318397618 -0.00093531870421160155 -0.0010287817786245243 0.0065696486023565136 -0.0055153719361664523 -0.0023191416207118893 -0.0012416504532098769 0.0013596865636812652 -0.00033227358565286351 0.00069156672960768147 -0.00033116351826773845 0.00053941839253874842 -0.00045440336805768311 -0.00031629352920478388 0.00026502355174333963 -0.0019897321425378324 -4.7749812297660145e-05 0.00092303711483116035 -0.00014930271517692341 9.9374080153623811e-05 0.00012470225039391947 0.00028098678510440022 -0.0004939970236796981 -0.00037196809634844834 0.00027114223439841429 0.00057121764092395698 -6.691833820606378e-05 -0.00040565324369041872 0.0003558639493874378 -4.8778379215956496e-06 -0.00023644611768961315 0.00030763604858776138 6.3251976923342672e-05 9.1239136221702211e-05 0.00011432649310100479 -0.00040677628612944059
leaf_weight=30 33 30 24 24 21 30 27 24 54 54 23 36 36 40 50 78.5 54 48 68 27 24 31 27 11.999999999999998 81.5 33.5 36 48.5 58.5 38 39 53.5 54 42 142 30 36 353 36 49 145 40 108 56
leaf_count=30 30 21 15 24 21 30 27 24 54 24 23 16 16 20 20 36 24 24 34 27 24 24 27 12 38 20 32 24 26 38 25 25 24 32 62 30 16 228 36 25 58 20 92 28
internal_value=1.87039e-12 -0.00383495 -0.0115546 0.000139998 0.00141468 0.00338767 0.00205523 8.50703e-05 -8.65029e-05 -1.05113e-05 1.44087e-05 0.000113215 -0.000183203 -6.55789e-05 -0.000335936 0.000120528 0.000503077 -0.00010993 -0.000236899 -4.51567e-05 5.07133e-05 0.00061541 0.000272044 8.96621e-06 -2.76635e-05 3.44601e-05 0.000257343 0.000435871 -9.46462e-05 -6.6307e-05 -0.000125487 -4.7379e-05 7.94338e-06 0.000122397 2.62208e-05 -3.69329e-05 -1.7762e-05 -4.26243e-05 -2.15305e-05 8.56901e-05 -3.83321e-05 -0.000174718 -2.35089e-05 -5.99055e-05
internal_weight=2385 84 54 2301 243 105 81 51 138 2058 2004 1336 668 1300 391 632 191 351 303 441 909 64 117 418 391 379 118 82 112.5 261 223 184 845 238 196 607 577 541 63 130.5 253 108 517 409
internal_count=1506 66 45 1440 243 105 81 51 138 1197 1173 782 391 766 176 375 86 156 132 289 590 54 117 266 239 227 76 44 50 151 113 88 536 118 86 418 388 372 63 63 112 54 348 256
is_linear=0
shrinkage=0.08


Tree=114
num_leaves=45
num_cat=0
split_feature=34 36 0 35 33 4 33 34 0 4 11 36 12 16 16 11 14 32 0 32 31 32 36 14 3 34 16 35 0 22 0 22 31 29 23 0 29 0 31 25 31 1 33 35
split_gain=0.169343 1.30539 7.19849 0.0239672 0.0516518 0.225862 0.0498482 0.0413756 0.00828446 0.0218996 0.00638533 0.00913375 0.183442 0.12796 0.0116204 0.00613645 0.00558413 0.00542408 0.00357946 0.00680449 0.0142645 0.00581712 0.00198529 0.00232562 0.00188803 0.00153466 0.00135012 0.00268425 0.00421304 0.0013834 0.00107538 0.00101134 0.00150906 0.0010218 0.000861133 0.000807722 0.000773643 0.000691438 0.000569382 0.00053081 0.000518679 0.000449999 0.00044554 0.000406872
threshold=1.0000000180025095e-35 1.5000000000000002 16.415000000000003 1.0000000180025095e-35 0.3000000000000001 16.195000000000004 0.70000000000000007 119.60000000000004 16.425000000000004 16.545000000000005 9.9450000000000021 2.5000000000000004 9.8550000000000022 6.0057692307692303 6.0273076923076916 9.7450000000000028 9.7450000000000028 1.0000000180025095e-35 14.005000000000001 0.3000000000000001 1.0000000180025095e-35 1.0000000180025095e-35 2.5000000000000004 8.6700000000000017 16.185000000000006 33.100000000000016 7.0850000000000017 1.5000000000000002 14.695000000000002 26.300000000000008 14.420000000000002 14.300000000000002 1.5000000000000002 6.9000000000000012 6.6000000000000005 14.485000000000001 2.3000000000000003 14.820000000000002 0.70000000000000007 5.4000000000000012 1.0000000180025095e-35 17.355000000000004 1.3 1.5000000000000002
decision_type=2 2 2 2 2 2 2 2 2 2 2 2 2 2 2 2 2 2 2 2 2 2 2 2 2 2 2 2 2 2 2 2 2 2 2 2 2 2 2 2 2 2 2 2
left_child=1 -1 -3 4 5 38 -6 8 24 -10 11 12 15 -13 -15 18 22 -16 21 20 -20 -5 25 -24 31 -11 39 28 -28 -29 -21 -8 -33 36 41 -32 -34 -37 -2 -19 -39 -27 -22 -42
right_child=3 2 -4 10 6 -7 7 -9 9 16 -12 13 -14 14 17 -17 -18 26 19 30 42 -23 23 -25 -26 34 27 29 -30 -31 35 32 33 -35 -36 37 -38 40 -40 -41 43 -43 -44 -45
leaf_value=0.01057564262832914 5.4743268837531407e-05 0.016121868122369053 -0.041389971455702418 0.0015502418228425085 -0.0027053324326477717 0.0096000676123159275 0.00049730568115289014 0.0039882424660027029 0.0028051411498475958 -0.00067855453863739971 -0.00076729211721707268 -0.004124014802051313 0.0051632480192153407 0.0029778032956851853 0.00087134364917874343 -0.0010733907959527438 0.0015562370250977221 -0.00010996471069500849 -0.0018474112646654248 -0.0005503500793129205 0.00017205018825878045 2.4840737072130045e-05 0.0010839621066294897 -6.3494187081232666e-05 -0.00078874310212475912 4.7317909775301814e-05 5.3929723965536268e-05 0.00020790884207034935 0.0015741780996322632 -0.00064468171525125701 0.0008431415830273181 -0.00048042619009860434 0.00019172985381576128 0.00060555837344422581 -0.00030349602488885551 -0.00038779413589509206 -0.00039464993586686128 0.00034477223540307022 -0.00046804097442266845 0.0001710539318696417 9.6630577240180827e-05 0.00052770157416279499 -0.00018550116266986285 -1.818029434852414e-05
leaf_weight=28 30 30 26 24 33 21 24 21 27 20 67.5 49.5 45 8.9999999999999982 50 36 21 328.5 40 20 38 48 26 20 21 24 28 29 20 21 7.9999999999999991 39 36 21 22 24 24 36 24 49.5 364 26 54 432
leaf_count=22 30 30 14 24 33 21 24 21 27 20 30 22 20 4 30 16 21 150 20 20 28 48 26 20 21 24 28 20 13 21 8 39 36 21 22 24 24 16 24 22 186 26 24 186
internal_value=-1.96563e-11 -0.00352816 -0.0105801 0.000128798 0.00063169 0.00256014 0.000274569 0.000538915 0.000332545 0.000698606 -3.75946e-06 2.56323e-05 0.000154738 -0.00023258 0.000127469 -4.57802e-05 0.000340893 7.86988e-05 -1.17784e-05 -5.04066e-05 -0.000586179 0.000533308 0.000155949 0.000585068 -8.0106e-05 -5.86101e-05 -4.56219e-06 0.000260047 0.000687367 -0.000150179 2.95956e-05 2.32369e-05 -7.15768e-05 0.000125277 0.000113597 4.30203e-05 -4.28221e-05 3.55425e-05 -0.000177605 -7.31647e-05 4.77541e-05 0.000297117 -3.78169e-05 3.43212e-05
internal_weight=2385 84 56 2301 480 75 405 372 351 186 1821 1753.5 1169 584.5 535 1124 159 526 1088 1016 132 72 138 46 165 92 476 98 48 50 884 144 120 81 72 864 60 856 54 378 832 50 92 796
internal_count=1506 66 44 1440 480 75 405 372 351 186 960 930 620 310 288 600 159 284 584 512 72 72 138 46 165 92 254 82 41 41 440 144 120 81 72 420 60 412 54 172 388 50 52 372
is_linear=0
shrinkage=0.08


Tree=115
num_leaves=45
num_cat=0
split_feature=34 3 0 35 33 14 33 34 0 4 11 36 11 16 16 0 32 15 11 0 16 0 0 34 29 32 15 36 21 22 30 17 36 15 31 33 31 33 14 17 13 35 16 16
split_gain=0.143332 1.41837 0.956542 0.0202858 0.0437181 0.194886 0.0421916 0.0350203 0.00701196 0.0185359 0.00550469 0.0066284 0.183211 0.109181 0.00972654 0.00535775 0.0196087 0.00496855 0.00462908 0.00407135 0.00303651 0.00314221 0.00302966 0.00585946 0.0144446 0.00492361 0.00173319 0.00168511 0.00754256 0.00637139 0.00141106 0.0012995 0.00113922 0.00145678 0.0010061 0.000943303 0.00071204 0.000648481 0.00109335 0.000622501 0.000621483 0.0016266 0.00626615 0.00383074
threshold=1.0000000180025095e-35 16.415000000000003 11.984999656677248 1.0000000180025095e-35 0.3000000000000001 7.8950000000000005 0.70000000000000007 119.60000000000004 16.425000000000004 16.545000000000005 9.9550000000000018 2.5000000000000004 9.8950000000000014 6.0057692307692303 6.0273076923076916 14.200000000000001 1.0000000180025095e-35 0.58499999999999919 9.7450000000000028 13.485000000000001 7.4350000000000032 14.640000000000002 14.005000000000001 12.500000000000005 1.0000000180025095e-35 1.0000000180025095e-35 1.8342307692307702 1.5000000000000002 3.0000000000000004 6.8000000000000007 0.70000000000000007 11.000000000000002 2.5000000000000004 3.1099999999999999 1.0000000180025095e-35 4.2000000000000011 0.70000000000000007 0.3000000000000001 9.2200000000000006 3.7000000000000006 7.5750000000000002 1.5000000000000002 6.0350000000000028 6.0350000000000028
decision_type=2 2 2 2 2 2 2 2 2 2 2 2 2 2 2 2 2 2 2 2 2 2 2 2 2 2 2 2 2 2 2 2 2 2 2 2 2 2 2 2 2 2 2 2
left_child=1 2 -1 4 5 36 -6 8 27 -10 11 12 18 -13 -15 19 -17 -11 22 -16 37 -22 25 24 -24 -5 -19 28 -8 -29 -31 35 33 -28 -25 -32 -2 -18 39 -39 -36 42 -42 -43
right_child=3 -3 -4 10 6 -7 7 -9 9 17 -12 13 -14 14 15 16 20 26 -20 -21 21 -23 23 34 -26 -27 32 29 -30 30 31 -33 -34 -35 40 -37 -38 38 -40 -41 41 43 -44 -45
leaf_value=-0.0021746947533554501 4.3974635050152285e-05 0.01228054505128127 -0.023348231329159305 0.0014262224711516561 -0.0024889058094810356 0.0088947198327098582 -0.0015826511581491847 0.0036691831109956618 0.0025807298623301369 0.0013742600606443981 -0.00079910992713714093 -0.003794093957227288 0.0057496271199650242 0.0027395789987511104 8.5019762627780446e-05 0.0019605441293161778 -0.00033523986881805795 -0.00044822831551923802 -0.00076969200193330095 -0.0014604660635814072 1.8445843597874045e-05 0.0013584257573980029 -0.0018988340109353885 0.00051935156203668426 -8.9521800436235914e-05 2.2853481544492147e-05 0.00042504555410950593 0.0013986485390923918 0.00032967672833227415 -0.00070523418743202162 0.00062353427096571647 -0.00052727181324735287 0.00063583490154188547 -0.00029576603841954184 -5.8743728459745212e-05 -0.00010169852389177928 -0.00055192403391369485 -0.00013538223109973939 0.00035575078469183712 0.00011562617378575462 0.0011492726160213351 -0.00068065422791987659 3.7633001037499714e-05 9.6755177429660636e-05
leaf_weight=36 33 26 22 24 33 21 22 21 27 24 54 49.5 36 8.9999999999999982 20 36 45 27 54 24 24 21 36 27 131 48 38 20 33 24 22 20 36 34 345 24 21 228 45 87.5 40 50 172 215
leaf_count=36 33 14 16 24 33 21 22 21 27 24 24 22 16 4 20 16 20 27 24 24 24 16 16 12 76 48 38 20 33 24 22 20 36 34 196 24 21 104 20 42 20 20 86 86
internal_value=1.60324e-12 -0.0032459 -0.010206 0.000118495 0.000581155 0.00235533 0.000252603 0.000495802 0.000305941 0.000642718 -3.45872e-06 2.08566e-05 0.000130419 -0.000198268 0.000131655 8.74111e-05 0.000163869 0.000313622 -4.6719e-05 -0.000757973 2.02947e-05 0.00064377 -1.08362e-05 -4.63741e-05 -0.000479553 0.000490643 0.000125064 -7.36975e-05 -0.000435254 0.000107081 -0.000179934 1.10841e-05 0.000268387 8.46623e-05 3.88331e-05 0.000245152 -0.000187764 -4.88949e-05 -1.31514e-05 -6.57682e-05 2.30497e-05 8.22085e-05 0.000247376 -4.99258e-05
internal_weight=2385 84 58 2301 480 75 405 372 351 186 1821 1767 1178 589 539.5 530.5 486.5 159 1142 44 450.5 45 1088 1016 167 72 135 165 55 110 90 66 108 72 849 46 54 405.5 360.5 315.5 822 477 212 265
internal_count=1506 66 52 1440 480 75 405 372 351 186 960 936 624 312 290 286 242 159 608 44 226 40 584 512 92 72 135 165 55 110 90 66 108 72 420 46 54 186 166 146 408 212 106 106
is_linear=0
shrinkage=0.08


Tree=116
num_leaves=45
num_cat=0
split_feature=37 37 34 37 34 4 15 12 36 12 12 16 35 16 32 32 16 37 37 31 16 35 16 28 21 32 34 32 34 37 37 18 34 27 37 37 32 36 37 19 1 22 32 16
split_gain=0.180152 3.8101 0.490619 1.43247 0.083886 0.0542075 0.019594 0.005752 0.00574388 0.175706 0.157276 0.00789423 0.00909649 0.00599857 0.0225537 0.0137546 0.00439529 0.00262606 0.00421739 0.00232178 0.0107964 0.00222664 0.0062807 0.00370856 0.00302702 0.00186648 0.00161151 0.00233804 0.0016054 0.00235147 0.00360183 0.00150813 0.00144471 0.00144316 0.00142522 0.00224496 0.00210662 0.00135079 0.00127524 0.00249926 0.00138908 0.00123287 0.0011611 0.000973632
threshold=16.425000000000004 16.465000000000003 1.0000000180025095e-35 7.8750000000000009 9.5000000000000053 16.525000000000002 0.78999999999999926 9.9350000000000005 1.5000000000000002 9.7700000000000014 9.8550000000000022 6.0273076923076916 1.5000000000000002 6.6350000000000016 0.50000000000000011 1.0000000180025095e-35 6.7750000000000004 3.0500000000000003 3.1100000000000008 1.0000000180025095e-35 6.6350000000000016 1.5000000000000002 6.0850000000000017 45.899999999999999 1.9000000000000001 0.3000000000000001 14.700000000000005 1.0000000180025095e-35 23.700000000000006 4.1100000000000003 5.9750000000000005 15.500000000000002 8.9000000000000057 7.5000000000000009 7.7300000000000013 9.7850000000000019 1.5000000000000002 2.5000000000000004 15.4 1.1000000000000003 15.280000000000003 16.300000000000004 8.4000000000000004 6.8650000000000011
decision_type=2 2 2 2 2 2 2 2 2 2 2 2 2 2 2 2 2 2 2 2 2 2 2 2 2 2 2 2 2 2 2 2 2 2 2 2 2 2 2 2 2 2 2 2
left_child=2 -2 3 -1 -3 -6 -7 8 9 13 11 12 -10 14 -4 -15 33 25 -19 20 -20 23 -23 24 -16 -13 27 -21 -28 -30 -31 38 -22 37 -29 -36 -37 42 40 -40 -32 -24 -8 -17
right_child=1 4 7 -5 5 6 16 -9 10 -11 -12 17 -14 15 21 43 -18 18 19 26 32 22 41 -25 -26 -27 28 34 29 30 31 -33 -34 -35 35 36 -38 -39 39 -41 -42 -43 -44 -45
leaf_value=-0.0076172792452077077 -0.03551685932278633 0.0051025626623865082 -0.002137063273361751 0.014334897433335965 0.0041920283170683043 -0.0019700727878759305 -0.00024755201809217826 -0.00066728463810351163 0.0016141614919020374 0.0060436987403839348 -0.0052909036705063453 -0.0010673515459833046 7.0909195325591349e-05 0.0016791130621256172 -0.00059750758447787826 0.00018458486282817868 0.0013449118503679833 0.0026301887631416322 0.001355281209742481 -0.00074439803105887288 0.00011035336107995949 -0.0010788832421207593 0.00038847465144799037 0.00080249369377270339 0.0002768635208284932 -4.7202088277448312e-05 0.00045275079679082736 -0.00052866296238789805 -0.0011056168152329823 0.0010318839003924619 -0.00054618850641418248 0.00045924000530725434 -0.00060203289845958349 -0.00030957524315454064 0.00057862651962283494 0.00018749007179091374 -0.00075752981007099157 0.00072187676616334196 0.0010471142614260317 -0.00012379255777757083 -3.5182737255267703e-05 -0.00018991145235047025 0.00047921197236670799 -0.00013101434678302248
leaf_weight=30 20 27 38.5 52 21 30 34 81 44 31.5 36 24 55 34.5 45 98 21 3.9999999999999991 44 43 38 45 42.5 40 58 22 55 32 11.999999999999998 22 36 42 35 39 37 36 26 29 20 28 627 53 24 173
leaf_count=30 20 27 21 34 21 30 34 36 22 14 16 24 22 27 28 46 21 4 24 28 28 18 17 20 37 22 40 32 12 22 32 30 20 39 16 30 18 29 20 28 284 23 24 136
internal_value=-9.20706e-13 -0.00205489 0.000235257 0.00630361 0.000919502 0.000349085 -0.000106857 -6.53409e-06 2.05376e-05 0.000213381 -7.58839e-05 7.05597e-05 0.000756799 -7.92966e-05 -0.000320223 0.000174642 0.000273391 1.31314e-05 3.71058e-05 2.7951e-05 0.000365424 -7.34917e-05 -0.000299679 0.000148741 -0.000105143 -0.000579454 -1.09115e-05 -0.000232548 3.48897e-05 5.68724e-06 2.28945e-05 -6.58458e-06 -0.000231202 9.48041e-05 -6.45356e-05 8.54853e-05 -0.000208809 0.000276078 -3.41016e-05 0.000364085 -6.29297e-05 6.74855e-05 5.31779e-05 -1.68862e-05
internal_weight=2385 245 2140 82 225 198 177 2058 1977 659 1318 1282 99 627.5 322 305.5 147 1183 1137 1133 117 283.5 140.5 143 103 46 1016 174 842 787 775 753 73 126 131 99 62 87 711 48 663 95.5 58 271
internal_count=1506 245 1261 64 225 198 177 1197 1161 387 774 758 44 373 164 209 147 714 668 664 72 143 58 85 65 46 592 124 468 428 416 394 48 126 96 64 48 87 364 48 316 40 58 182
is_linear=0
shrinkage=0.08


Tree=117
num_leaves=45
num_cat=0
split_feature=33 35 15 16 36 36 36 31 31 15 4 4 0 11 35 13 4 15 13 29 15 33 16 35 16 16 25 2 28 33 20 0 17 0 0 33 35 16 16 30 20 22 11 21
split_gain=0.0660113 1.47267 4.31514 1.19812 0.51142 0.167921 0.0925608 0.435201 0.347979 0.823183 0.154928 0.094854 0.0302237 0.0142572 0.00514391 0.0119355 0.0267815 0.00823999 0.00525114 0.00273072 0.00527136 0.00336234 0.00263204 0.00190355 0.00944702 0.0206826 0.00548 0.00220403 0.00305024 0.00150661 0.00129881 0.00164399 0.00187657 0.00109827 0.000988734 0.00065363 0.000573632 0.00686152 0.00324333 0.00212765 0.00124477 0.00133975 0.00115778 0.0010259
threshold=1.0000000180025095e-35 1.0000000180025095e-35 1.8150000357627867 6.7750000000000004 1.5000000000000002 2.5000000000000004 2.5000000000000004 1.0000000180025095e-35 1.0000000180025095e-35 1.7630769230769225 17.935000000000006 17.965000000000003 16.425000000000004 9.8550000000000022 1.0000000180025095e-35 7.4200000000000008 16.545000000000005 0.22999999999999957 8.9750000000000032 1.0000000180025095e-35 0.84499999999999897 3.1000000000000005 6.0388461538461549 1.0000000180025095e-35 6.4850000000000021 6.6850000000000014 1.1000000000000003 16.185000000000006 38.399999999999999 1.0000000000000002 11.500000000000002 14.695000000000002 4.2000000000000011 14.695000000000002 14.875000000000002 10.800000000000002 1.5000000000000002 5.9461538461538463 5.9461538461538463 1.0000000000000002 8.2000000000000011 38.100000000000009 3.0500000000000003 1.5000000000000002
decision_type=2 2 2 2 2 2 2 2 2 2 2 2 2 2 2 2 2 2 2 2 2 2 2 2 2 2 2 2 2 2 2 2 2 2 2 2 2 2 2 2 2 2 2 2
left_child=1 2 -1 -3 -5 -6 8 -8 9 12 14 13 -2 19 15 33 -17 -16 -18 21 -21 -10 -19 24 27 -26 29 -22 -29 -27 31 -24 -33 -9 -31 -30 37 -25 -38 -39 41 42 -40 -41
right_child=6 3 -4 4 5 -7 7 10 11 -11 -12 -13 -14 -15 17 16 18 22 -20 20 23 -23 30 36 25 26 -28 28 35 34 -32 32 -34 -35 -36 -37 38 39 40 43 -42 -43 -44 -45
leaf_value=0.0087543093145747361 -0.0025042713174651212 0.01299712192609298 -0.03491355246764475 -0.0089534117324676903 -0.0017184372716361569 0.0054353078328893481 -0.0076165608242154126 0.00023461590598647793 0.0011228423091747305 0.013159231659438875 -0.0049749002760493908 0.0033992327341640541 0.00089436846566527629 -0.0010492914520179879 0.0013023975346651343 0.003378150396876865 0.00098753169849514957 0.00062656809637943903 -0.00072846334028456891 -0.00072505690910938116 0.00021746664932127007 0.00013002816923573369 -0.00056577230106708346 0.0013003703978444849 0.0031180726378224788 0.00055313371468483554 0.001476512958528474 -0.0013280834628279659 -0.00046617561534565707 0.00010795874146944178 0.00038559759972146254 -0.00010401870080878647 0.00037697277051692673 -0.00048129278980923117 -0.00056434519256332093 0.00016573292482644322 -0.00077803848577397215 0.0005489556296379305 -0.00064428738303831776 6.5985549078603466e-05 -0.00031543286671167458 0.00046517589059658348 5.5208665945290758e-05 -0.00022369666956070138
leaf_weight=30 34 49 28 42 42 42 52.5 24 34 45 38.5 55 33 77 36 27 25 45 21 55 36 61 38 28 20 22 20 22 22 28 45.5 266 64.5 32 28 20 35 40 15.999999999999998 166 59 50 283 148
leaf_count=30 24 22 28 32 32 32 34 24 24 30 21 30 18 42 16 27 25 20 21 30 36 36 38 14 20 22 20 22 22 28 30 122 32 32 28 20 14 28 16 88 38 32 118 88
internal_value=-1.49774e-11 -0.00127908 -0.0123267 0.00238242 -0.00174551 0.00185844 0.000138488 -0.000605315 0.000508578 0.00479049 -4.97066e-05 0.000146635 -0.000830314 5.77467e-06 0.000254172 0.000704109 0.00137809 0.000136915 0.000204143 7.3872e-05 3.82704e-05 0.000485351 4.55047e-05 7.85226e-05 0.000288769 0.000773575 0.000295106 -0.000283302 -0.000564985 -7.81896e-06 -1.76543e-05 -6.74453e-05 -1.0149e-05 -0.000174475 -0.000228193 -0.000165267 2.29666e-05 9.48039e-05 -3.89789e-05 -5.51641e-07 2.44209e-05 8.18746e-05 1.77774e-05 -7.05526e-05
internal_weight=2385 233 58 175 126 84 2152 715 1437 112 662.5 1325 67 1270 624 129 73 495 46 1193 1098 95 459 1043 218 118 98 100 64 78 414 368.5 330.5 56 56 42 825 382 443 354 408 349 299 314
internal_count=1506 176 58 118 96 64 1330 442 888 72 408 816 42 786 387 129 73 258 46 744 684 60 242 654 218 118 98 100 64 78 222 192 154 56 56 42 436 218 218 204 204 166 134 176
is_linear=0
shrinkage=0.08


Tree=118
num_leaves=45
num_cat=0
split_feature=34 37 37 4 34 15 33 37 37 11 22 2 33 16 33 31 12 15 18 22 34 34 4 18 37 0 15 32 0 0 32 17 37 11 11 37 30 30 4 32 33 2 16 32
split_gain=0.191178 1.23216 0.0458232 0.0952041 0.0788739 0.0176125 0.0207028 0.00823264 0.0926164 0.0617808 0.0129377 0.01222 0.00477839 0.00437911 0.00732916 0.00359547 0.00297478 0.0027495 0.00152509 0.00159673 0.00146473 0.00129182 0.00096374 0.000992603 0.00116962 0.00603311 0.000854819 0.00157357 0.00117245 0.00084328 0.000731857 0.000721453 0.00116226 0.000708061 0.000534272 0.000897979 0.00512862 0.0030645 0.00409127 0.00154453 0.00133293 0.00142261 0.00124766 0.00134675
threshold=1.0000000180025095e-35 7.995000000000001 16.425000000000004 16.515000000000004 9.5000000000000053 0.78999999999999926 1.9000000000000001 11.760384615384618 11.345000000000002 9.9550000000000018 3.4000000000000004 17.955000000000002 3.5000000000000004 6.0550000000000024 3.5000000000000004 6.3000000000000016 7.8650000000000011 1.8342307692307702 2.5000000000000004 17.300000000000004 86.000000000000014 0.80000000000000016 17.475000000000005 21.000000000000004 4.580000000000001 14.280000000000003 2.4650000000000012 3.5000000000000004 15.345000000000001 13.645000000000001 14.900000000000002 0.90000000000000013 3.3550000000000004 9.5600000000000005 9.1350000000000016 8.7750000000000004 0.70000000000000007 0.70000000000000007 16.185000000000006 1.7000000000000004 6.3000000000000016 16.545000000000005 6.5150000000000006 7.5000000000000009
decision_type=2 2 2 2 2 2 2 2 2 2 2 2 2 2 2 2 2 2 2 2 2 2 2 2 2 2 2 2 2 2 2 2 2 2 2 2 2 2 2 2 2 2 2 2
left_child=1 -1 7 -4 -5 -6 -7 8 9 13 11 12 -9 14 -2 -16 18 -8 19 -12 30 -15 23 24 25 29 27 -20 -28 31 -19 -23 -33 34 35 37 -37 38 -26 -38 41 -41 -39 -44
right_child=2 -3 3 4 5 6 17 10 -10 -11 16 -13 -14 21 15 -17 -18 20 26 -21 -22 22 -24 -25 33 -27 28 -29 -30 -31 -32 32 -34 -35 -36 36 39 42 -40 40 -42 -43 43 -45
leaf_value=0.0064132924648001785 -0.0012480139687205806 -0.012986914380030199 0.0051703437513700035 0.0045844511680856901 -0.0018198400652036071 0.0026331950847192538 -0.00091051945642491429 0.0020727984950922075 -0.0035209825993418537 0.0028717687174988288 -0.00098551756236702208 -0.0002960669528692961 0.00096022067576025929 0.0011736218507091205 0.00040094425564720515 -0.00053533002893839561 0.00085828808651837929 0.00035394709887981847 -0.00010812359386666989 -0.00012792472726494341 -0.00051389982968214011 0.00040035779518075284 -0.00029788853131510596 -0.00038634384540506663 -7.0773441906249706e-05 0.0011873127436829787 -0.00058868508035730992 0.00072815534736340244 0.00013797487427170079 -0.00038764486036432739 -0.00018542696677503132 -0.00053414066277799157 0.00030753814704006626 0.0003270165645229964 -0.00019562741682406455 0.00081988221688704844 -0.00037915355306330736 0.00013475341490382138 -0.001126171765724818 3.3490570243813243e-06 -0.0001105754718252825 0.00045013978089572803 9.77700313587235e-05 -0.00027706434016406373
leaf_weight=40 49.5 44 33 27 30 21 21 42 48 48 24 36 60 5.9999999999999991 52.5 52.5 21 69 36 33 21 30 67.5 39 63 33 27 24 30 33 21 21 21 40.5 94.5 54 61.5 276 37.5 102 163.5 82.5 109.5 139.5
leaf_count=34 21 32 33 27 30 21 21 39 24 21 24 18 33 6 21 21 21 69 36 33 21 30 30 36 45 33 27 24 30 33 21 21 21 18 42 27 30 114 15 51 81 39 63 69
internal_value=-1.37583e-11 -0.00374872 0.00013685 0.0011758 0.000548084 -4.74455e-05 0.000300083 1.41757e-05 -5.61258e-05 4.30472e-05 0.00037835 0.000971104 0.00141834 -4.03037e-05 -0.000445514 -6.71929e-05 -4.11377e-05 -7.10941e-05 -0.000149689 -0.000489016 8.77161e-05 2.15477e-06 -2.63161e-06 1.15938e-05 2.29885e-05 0.000243776 1.56242e-05 0.000226388 -0.000206232 -5.27638e-05 0.000228093 0.000100723 -0.000113301 -1.90422e-06 -1.31601e-05 2.67388e-06 8.70652e-05 -5.98607e-05 -0.000464579 -9.56996e-06 5.57444e-05 0.000203134 1.76139e-05 -0.000112228
internal_weight=2385 84 2301 243 210 183 153 2058 1725 1677 333 138 102 1629 154.5 105 195 132 174 57 111 1474.5 1468.5 1401 1362 138 117 60 57 105 90 72 42 1224 1183.5 1089 463.5 625.5 100.5 409.5 348 184.5 525 249
internal_count=1506 66 1440 243 210 183 153 1197 912 888 285 90 72 867 63 42 195 132 174 57 111 804 798 768 732 138 117 60 57 105 90 72 42 594 576 534 228 306 60 201 171 90 246 132
is_linear=0
shrinkage=0.08


Tree=119
num_leaves=45
num_cat=0
split_feature=3 3 36 3 4 10 36 0 10 36 4 30 33 32 0 22 12 14 29 36 35 30 29 16 0 22 32 31 35 16 16 29 12 9 10 35 30 29 17 0 35 0 29 32
split_gain=0.0611951 1.27279 0.617701 5.56638 3.15283 0.163688 0.157722 2.17453 0.920029 0.841891 0.0796434 0.0287768 0.026774 0.018174 0.0106517 0.00992239 0.00797575 0.00707176 0.00727679 0.00512991 0.00393731 0.0063632 0.00259494 0.00249757 0.00226817 0.00216674 0.0013549 0.00120291 0.000875219 0.00233039 0.00179489 0.00116869 0.000893047 0.000972105 0.00085989 0.000910246 0.000813722 0.000761644 0.00166495 0.00112844 0.001322 0.00100967 0.000986274 0.00066643
threshold=16.415000000000003 16.330000000000002 2.5000000000000004 16.440000000000001 16.465000000000003 9.9200000000000017 2.5000000000000004 12.329999885559085 2.2750000000000004 1.5000000000000002 17.965000000000003 0.3000000000000001 0.3000000000000001 0.50000000000000011 16.465000000000003 0.70000000000000018 9.6700000000000017 9.3600000000000012 0.50000000000000011 1.5000000000000002 1.0000000180025095e-35 6.3000000000000016 1.0000000180025095e-35 6.0350000000000028 16.185000000000006 0.3000000000000001 1.0000000180025095e-35 2.8000000000000003 1.5000000000000002 5.9461538461538463 6.0350000000000028 8.4000000000000004 7.4800000000000013 9.9200000000000017 8.7350000000000012 1.0000000180025095e-35 26.500000000000004 7.1000000000000005 0.3000000000000001 15.280000000000003 1.0000000180025095e-35 14.280000000000003 11.700000000000001 15.100000000000001
decision_type=2 2 2 2 2 2 2 2 2 2 2 2 2 2 2 2 2 2 2 2 2 2 2 2 2 2 2 2 2 2 2 2 2 2 2 2 2 2 2 2 2 2 2 2
left_child=1 6 3 -2 -4 11 8 -8 9 -1 12 -6 -5 -14 -15 19 20 28 -19 -10 21 -13 -9 -22 25 -24 -17 -25 29 -16 -30 -32 33 -31 35 -34 43 38 -27 40 -40 -42 -39 -28
right_child=2 -3 4 10 5 -7 7 22 15 -11 -12 16 13 14 17 26 -18 18 -20 -21 23 -23 24 27 -26 37 36 -29 30 32 31 -33 34 -35 -36 -37 -38 42 39 -41 41 -43 -44 -45
leaf_value=-0.023479286920988846 0.030543805173149818 -0.016843475469593274 -0.023362358688940238 0.0015475957383486358 0.0026115507279317104 -0.0049382602636303223 0.03120619018872579 -0.00065112711512483657 0.0020138372952351346 -0.00082641938701272016 0.0031484444314105941 0.0015860769351751642 -0.0012973556538148749 0.00096533775400144584 0.0006607480450544418 -0.00045972511102445419 0.0013856762405726817 4.350066946988756e-05 -0.001336787467145107 0.00035976544425163104 0.00056254384583897057 -0.00015555241778492928 0.0010444273054599762 -0.00040221062779394732 0.00057010679402049976 -0.0007385433849788481 2.9243993047111272e-05 2.9979155264965068e-05 -0.00052328197993338108 -7.3417158486942447e-05 -0.00016379137141630054 0.00024644150325912049 -0.00051045649475418029 0.00054318735156104795 0.00020178139425600723 -4.3060553492978214e-05 0.00044283016884167281 -0.00062821213282265908 -0.00013656852012943653 -8.9927609287091152e-05 0.0002294367547146976 0.0010148150759447493 -2.4671982280865664e-05 -0.00028711163808846786
leaf_weight=21 40.5 29.5 40.5 66 38.5 38.5 14.999999999999998 32 24 21 55 29 77 66 42 40 38.5 44 55 24 45 25 11.999999999999998 58.5 55 15.499999999999998 457 139.5 50 30 100 80 40 36 48 80 28 29.5 21 67 20 22 42 47
leaf_count=21 22 16 22 36 21 21 15 27 24 21 30 29 42 36 28 30 21 24 30 24 20 25 12 26 30 12 330 62 20 20 40 32 40 24 32 40 18 21 21 39 20 22 30 30
internal_value=2.23235e-11 -0.000467779 0.000351049 0.0015532 -0.00206254 2.87149e-05 1.87096e-05 0.00144457 -0.000694219 -0.0121529 0.000202083 0.000540021 3.00501e-06 -0.000133282 2.99769e-07 8.20112e-05 0.000302305 -0.000104977 -0.000723326 0.0011868 0.000161868 0.000779767 3.1831e-05 2.45566e-05 0.000108784 -2.01396e-06 -1.06984e-05 -9.77133e-05 1.60042e-05 0.000112051 -9.92518e-05 1.85344e-05 1.35668e-05 0.000262913 -8.43905e-05 -0.000198859 2.3063e-05 -5.98817e-05 4.51832e-05 0.000138628 0.000381694 0.000640825 -0.000273685 -2.57425e-07
internal_weight=2385 1022.5 1362.5 909.5 453 412.5 993 331 662 42 869 374 814 748 671 620 335.5 605 99 48 297 54 316 243 284 229 572 198 506 276 230 180 234 66 168 120 532 217 145.5 130 63 42 71.5 504
internal_count=1506 763 743 496 247 225 747 249 498 42 474 204 444 408 366 456 183 330 54 48 162 54 234 108 207 177 408 88 276 184 92 72 156 44 112 80 378 165 114 102 63 42 51 360
is_linear=0
shrinkage=0.08


Tree=120
num_leaves=45
num_cat=0
split_feature=34 36 15 37 0 32 10 32 37 37 10 36 37 9 19 37 36 10 11 30 34 30 32 34 18 3 36 5 14 14 36 18 32 14 28 20 37 20 34 29 34 5 34 32
split_gain=0.187263 1.14575 6.13828 0.0391065 0.0775525 0.04465 0.089755 0.0108782 0.00585628 0.0780345 0.0608272 0.0327092 0.533851 0.168362 0.0175964 0.0132836 0.00993172 0.0238908 0.0121606 0.00927441 0.00631783 0.00613148 0.013519 0.0043249 0.00299694 0.00541639 0.00285437 0.00254988 0.00229578 0.00505795 0.00228951 0.00227575 0.00213305 0.0018993 0.00150419 0.00136195 0.00124831 0.00171844 0.00207229 0.00106504 0.000984467 0.00198658 0.000923113 0.00092034
threshold=1.0000000180025095e-35 1.5000000000000002 1.7950000762939455 16.425000000000004 17.070000000000004 1.3 8.5500000000000025 1.3 11.760384615384618 11.345000000000002 9.9450000000000021 2.5000000000000004 11.802307692307695 11.784230769230772 1.0000000180025095e-35 16.175000000000004 2.5000000000000004 9.8000000000000025 9.6300000000000008 1.0000000180025095e-35 13.700000000000005 1.0000000180025095e-35 0.3000000000000001 32.20000000000001 0.50000000000000011 17.935000000000006 1.5000000000000002 5.1650000000000009 7.8200000000000012 7.5250000000000012 1.5000000000000002 0.3000000000000001 26.000000000000004 8.4200000000000017 57.20000000000001 7.0000000000000009 8.5250000000000004 11.500000000000002 50.000000000000007 3.3000000000000003 23.700000000000006 10.085000000000003 86.000000000000014 3.1000000000000005
decision_type=2 2 2 2 2 2 2 2 2 2 2 2 2 2 2 2 2 2 2 2 2 2 2 2 2 2 2 2 2 2 2 2 2 2 2 2 2 2 2 2 2 2 2 2
left_child=1 -1 -3 8 5 -5 -7 -6 9 10 16 12 -10 14 -13 24 17 21 19 -18 31 22 -2 -9 25 26 -14 30 29 36 -23 -21 34 -30 40 39 37 38 -22 -16 41 -29 -25 -24
right_child=3 2 -4 4 7 6 -8 23 11 -11 -12 13 15 -15 35 -17 18 -19 -20 20 28 27 43 42 -26 -27 -28 32 33 -31 -32 -33 -34 -35 -36 -37 -38 -39 -40 -41 -42 -43 -44 -45
leaf_value=0.0095031367880957472 -0.0019565156038318363 0.013041824717370292 -0.040349273005766531 0.0058222422886562222 -0.0017725663929290714 0.0045167349952344709 -0.0010227116364209604 0.0012430094055543167 0.021180071961134674 -0.0032176001045445446 0.0026581124518368694 0.0022549232636423161 0.0016408163905725815 -0.0074379642375279218 -0.00024542279408446379 -0.001493094566810344 0.0011649879613891245 -0.0019393047191044119 0.001519401342269372 -0.0010782439966136829 -0.00026513408175764643 0.0010094110281871898 -0.00040162762606461697 0.00010482443113204804 5.8255775126026689e-05 -0.00022748900045241631 0.00057229117781389506 -3.5011906125065356e-05 -0.00043032862149178978 0.00094698343931113259 -1.3640524453616569e-05 -0.00019295710729251445 -0.0005892398178010532 0.00015357233309018685 -0.00054234596075756212 -0.00065275711473077535 -0.00020669287567337357 0.00076890041033532159 0.00058809547017705784 0.00057029368961229916 4.1454503593980149e-05 -0.00070385213475674389 -0.00049037883412979895 0.0001400809271299109
leaf_weight=28 35 31.5 24.5 24 21 39 36 21 7.9999999999999991 48 55.5 30 32 20 21 28 50 47 44 39 49 28 34 81 94 28 32 135 62.5 59 28 35.5 46 83 35 20 60 29.5 29 20 608 36 21 49
leaf_count=22 20 28 16 24 21 39 36 21 4 24 24 24 25 10 21 28 30 20 19 24 31 28 24 81 94 14 25 80 27 26 28 28 22 36 14 20 30 20 17 20 300 16 21 24
internal_value=6.86149e-12 -0.00371014 -0.0103168 0.000135442 0.00109523 0.00281888 0.0018578 -8.97769e-05 2.21141e-05 -3.71792e-05 5.38526e-05 0.000329264 0.000889909 -0.000792025 0.000668621 0.000131398 -3.52849e-05 -0.000175285 0.000244716 0.000131752 1.60486e-05 -9.51024e-05 -0.000637876 0.000197529 0.000375945 0.000700541 0.00110655 -2.51818e-05 0.000150718 0.000310005 0.000497885 -0.000656396 -5.9242e-05 -9.72442e-05 -2.92912e-05 -0.000111527 8.56369e-05 0.000248798 5.20923e-05 0.000152488 -6.23998e-06 -0.00017582 -1.77174e-05 -8.18238e-05
internal_weight=2385 84 56 2301 243 99 75 144 2058 1725 1677 333 222 111 91 214 1621.5 1081 540.5 496.5 446.5 1034 118 123 186 92 64 916 372 226.5 56 74.5 860 145.5 814 61 167.5 107.5 78 41 779 171 102 83
internal_count=1506 66 44 1440 243 99 75 144 1197 912 888 285 190 95 85 186 864 576 288 269 239 556 68 123 158 64 50 488 187 124 56 52 432 63 410 61 98 68 48 41 396 96 102 48
is_linear=0
shrinkage=0.08


Tree=121
num_leaves=45
num_cat=0
split_feature=34 35 1 35 33 1 33 34 15 16 19 16 12 36 12 14 1 32 16 33 36 31 31 16 36 14 16 32 34 32 13 15 34 32 5 18 31 15 3 33 15 20 19 19
split_gain=0.158499 1.12236 1.8658 0.0209759 0.0583223 0.113329 0.0389132 0.0177599 0.0144219 0.0439785 0.0118085 0.00488731 0.00471719 0.0047565 0.135639 0.112636 0.00858917 0.028638 0.00822683 0.00615134 0.00542655 0.0160457 0.00620393 0.0059801 0.00420933 0.0106618 0.0142378 0.00648845 0.00379309 0.00277121 0.00251926 0.00247751 0.00197541 0.00165881 0.00161764 0.00135878 0.00134596 0.00133158 0.0013295 0.00118475 0.00113444 0.000878423 0.00116835 0.00130757
threshold=1.0000000180025095e-35 1.5000000000000002 16.375000000000004 1.0000000180025095e-35 0.3000000000000001 16.175000000000004 0.70000000000000007 119.60000000000004 1.6600000000000001 6.6850000000000014 0.50000000000000011 7.1300000000000008 9.9350000000000005 1.5000000000000002 9.8550000000000022 9.5600000000000005 14.200000000000001 1.0000000180025095e-35 6.0550000000000024 1.0000000180025095e-35 2.5000000000000004 1.0000000180025095e-35 1.0000000180025095e-35 6.0350000000000028 2.5000000000000004 7.4400000000000004 6.0950000000000015 0.3000000000000001 80.600000000000009 16.100000000000005 7.6250000000000009 1.2849999999999999 0.80000000000000016 0.3000000000000001 11.893461538461539 4.7000000000000002 0.70000000000000007 0.22999999999999957 16.455000000000002 12.800000000000002 2.6600000000000006 11.800000000000002 5.9000000000000012 2.7000000000000006
decision_type=2 2 2 2 2 2 2 2 2 2 2 2 2 2 2 2 2 2 2 2 2 2 2 2 2 2 2 2 2 2 2 2 2 2 2 2 2 2 2 2 2 2 2 2
left_child=1 2 -1 4 5 10 -6 8 9 -8 -2 -11 13 15 19 16 33 -18 -19 36 22 -22 -21 -23 27 -26 -27 -10 32 -29 35 -13 -25 -5 39 40 -15 -34 -32 -24 -20 42 43 -39
right_child=3 -3 -4 12 6 -7 7 -9 24 11 -12 31 -14 14 -16 -17 17 18 30 20 21 23 34 28 25 26 -28 29 -30 -31 38 -33 37 -35 -36 -37 -38 41 -40 -41 -42 -43 -44 -45
leaf_value=0.0029946831266085307 0.0018879895878058891 0.0089932946215073271 -0.026931628584861755 0.0013458389542453611 -0.002417258293452588 0.0076310117799966107 0.0043893119071920714 0.0027090151162285892 -0.0015770033327862621 -0.00062238582021867243 -0.00047803678135904999 0.0012943282746709884 -0.00059617612062505001 -0.00029778099163098537 -0.0048989071112333074 0.0035440515039058835 -0.0030447022683090636 -0.00087689985636792145 -0.00069195925780549279 -0.0010042363244898711 0.001874798831022993 0.000955693101287525 4.1466872549897561e-05 -0.0024949458986520769 -0.00042769999178343036 -6.8452758608724586e-05 0.0028437739532507422 0.00011097440936571239 0.00080952778743470413 -0.00079616629088727331 0.00050969571916438224 0.00010448679821344004 0.0013938642541567485 0.00038411506994055929 0.00047185404847065605 7.362489701358613e-05 -0.00095306593658668658 -6.5604226777831367e-05 7.2771186261780114e-05 -0.00034572085110932336 -0.00015615093895713942 0.00036878551416194598 -0.00042698516266509185 0.0003422766116758188
leaf_weight=30 27 30 24 24 33 21 21 21 20 27 27 24 81 47 36 58.5 22.5 76.5 41 39.5 39.5 58.5 373.5 1.9999999999999989 43 22 21 126 42.5 26 72 21 4.4999999999999991 22 49.5 80.5 35 228.5 117 58.5 66 39 42 64.5
leaf_count=30 27 21 15 24 33 21 21 21 20 27 27 24 36 32 16 26 10 34 26 22 22 26 200 2 43 22 21 126 20 26 32 21 2 22 22 50 20 114 52 30 32 26 26 36
internal_value=-1.16659e-11 -0.00341333 -0.0103059 0.000124607 0.00059507 0.00264427 0.000215589 0.000449148 0.000313942 0.00116806 0.000704976 0.000228523 5.96456e-07 2.83772e-05 -6.51513e-05 0.000215434 -0.000157958 -0.00025894 -0.000120574 8.96665e-05 0.000142167 0.000324732 -4.0398e-05 0.000197572 6.06426e-06 0.000463049 0.0013538 -0.000222428 9.27257e-05 -4.41944e-05 3.31018e-05 0.000739069 1.26624e-05 0.000885884 3.86708e-05 -0.000174664 -0.000577476 2.59126e-05 0.000239219 -1.09648e-05 -0.000361461 9.4533e-06 -3.23794e-05 2.41852e-05
internal_weight=2385 84 54 2301 480 75 405 372 351 93 54 72 1821 1740 1160 580 521.5 475.5 453 1124 1042 521 521 481.5 258 86 43 172 423 152 376.5 45 380.5 46 481.5 187.5 82 378.5 189 432 107 374 335 293
internal_count=1506 66 45 1440 480 75 405 372 351 93 54 72 960 924 616 308 282 236 226 600 548 274 274 252 258 86 43 172 226 152 192 45 206 46 252 108 52 204 84 230 58 202 176 150
is_linear=0
shrinkage=0.08


Tree=122
num_leaves=45
num_cat=0
split_feature=37 32 34 37 4 34 16 15 4 36 30 32 32 37 10 34 36 34 37 14 1 30 32 37 16 16 36 14 22 37 37 18 34 1 20 29 29 34 21 15 37 37 6 34
split_gain=0.190817 3.49253 0.414354 1.49958 0.0786119 0.0205609 0.0323859 0.00761177 0.00571272 0.00642637 0.00985114 0.0262632 0.00862544 0.0250454 0.00561646 0.00414449 0.00400533 0.00396307 0.00659065 0.00221328 0.0020868 0.00194477 0.00164284 0.00132998 0.00267897 0.00259227 0.00119301 0.00116046 0.000977933 0.00291347 0.00279392 0.0055269 0.00262421 0.00119867 0.000959473 0.000940297 0.00104441 0.000787997 0.000786846 0.000769863 0.000739908 0.000672901 0.000653225 0.000648976
threshold=16.425000000000004 0.3000000000000001 1.0000000180025095e-35 7.8750000000000009 16.515000000000004 13.900000000000004 6.785000000000001 1.3149999999999993 17.955000000000002 2.5000000000000004 1.0000000180025095e-35 1.0000000180025095e-35 1.0000000180025095e-35 9.6200000000000028 9.7700000000000014 3.5000000000000004 1.5000000000000002 72.000000000000014 9.5050000000000008 9.9200000000000017 12.720000000000001 17.600000000000005 26.500000000000004 10.435000000000002 5.9461538461538463 6.0850000000000017 2.5000000000000004 9.4400000000000031 9.3000000000000025 7.9050000000000011 6.9350000000000014 11.000000000000002 28.100000000000005 15.825000000000001 0.50000000000000011 5.5000000000000009 11.4 74.200000000000017 1.7000000000000004 2.5157692307692314 15.280000000000003 8.4550000000000018 10.085000000000003 41.300000000000011
decision_type=2 2 2 2 2 2 2 2 2 2 2 2 2 2 2 2 2 2 2 2 2 2 2 2 2 2 2 2 2 2 2 2 2 2 2 2 2 2 2 2 2 2 2 2
left_child=2 -2 3 -1 -3 -6 7 -7 9 10 11 -4 13 -11 17 16 -12 27 -19 20 -17 26 23 25 -25 -22 38 28 32 30 31 -30 -14 -31 39 40 -37 -27 -9 -26 -36 -34 -35 -43
right_child=1 4 8 -5 5 6 -8 21 -10 12 15 -13 14 -15 -16 19 -18 18 -20 -21 22 -23 -24 24 34 37 -28 -29 29 33 -32 -33 41 42 35 36 -38 -39 -40 -41 -42 43 -44 -45
leaf_value=-0.0084243269336099422 -0.03415193923097104 0.0043398216022460748 -0.0026242231621804151 0.014036168209635293 0.0018363053307661581 0.0014370270736981184 -0.0028042576922948852 0.0001449970573594328 -0.00063857560080510592 -0.00041164544366654901 0.0013329470182879496 -6.896264677568567e-05 0.00086450010693321633 0.0028321421821996319 0.0011981521404924847 0.0010579372259477775 1.4650805584960065e-05 -6.3053410267457371e-05 0.0012149285340700487 -0.00056380547810759812 -0.00043049045551854834 -0.00070330587972421198 -0.00043711909883708324 0.00099098460127909974 -0.00041944597957327087 -3.3072700165285716e-06 0.00056267533881159933 -0.00046818113516247466 0.00038679935370704961 -2.2841050321685858e-05 0.00062305032216422888 -0.0012027229142508337 -0.00023787525761872531 -0.00074124744094565109 -0.00017278963634136902 0.00076251783266798154 0.00011616988471359946 0.00029337024700547021 -0.00049465895787579944 0.0001365690075714762 0.00037516358269688984 -5.0187935145115667e-05 -0.00029727272689342502 0.00036704773922020226
leaf_weight=30 20 33 34 52 36 27 27 32 81 31.5 29.5 106 30 29.5 31.5 11.999999999999998 29.5 54 49.5 45 91 24 53 24 34 633 26 31.5 42 58 59 21 40 38 46 32 32 63 20 30 24 49 48 46.5
leaf_count=30 20 33 24 34 36 27 27 32 36 21 27 66 25 20 14 12 27 24 27 20 38 24 28 12 28 336 26 14 39 47 26 18 16 25 36 24 26 30 20 16 24 23 24 24
internal_value=2.45894e-12 -0.00211484 0.00024212 0.00581891 0.000732901 0.000112962 -0.000284733 0.00024261 1.9915e-05 4.68941e-05 -5.50952e-05 -0.000689526 0.000250873 0.00115707 0.000158434 2.0304e-05 0.000673799 0.000100621 0.000548155 -1.41519e-05 8.87828e-06 -7.35594e-05 -2.97549e-06 1.98289e-05 0.000192762 -2.89527e-05 0.000120209 5.78584e-07 3.47986e-05 -6.01989e-05 0.000227446 -0.000143041 0.000187483 -0.000303898 9.60077e-05 0.000217714 0.000439344 2.35472e-05 -0.000101024 -0.000158814 1.508e-05 3.75904e-05 -0.000493448 0.000152969
internal_weight=2385 245 2140 82 225 192 156 129 2058 1977 1318 140 659 61 598 1178 59 566.5 103.5 1119 1074 102 1062 1009 222 787 78 463 431.5 266 122 63 165.5 144 198 134 64 696 52 64 70 135.5 86 95.5
internal_count=1506 245 1261 64 225 192 156 129 1197 1161 774 90 387 41 346 684 54 332 51 630 610 102 598 570 166 404 78 281 267 179 83 57 88 96 154 110 50 366 52 44 60 63 49 47
is_linear=0
shrinkage=0.08


Tree=123
num_leaves=45
num_cat=0
split_feature=37 30 37 33 30 37 0 32 4 31 33 15 33 37 37 32 11 26 31 0 7 15 27 2 37 0 32 33 0 5 37 37 22 21 18 0 31 30 31 15 16 21 19 29
split_gain=0.161507 3.36256 0.128142 0.310757 0.814322 0.18779 0.177786 0.0588058 0.0609204 0.035682 0.0727572 0.014076 0.0118605 0.00709743 0.00635264 0.130076 0.0504552 0.00743999 0.0054653 0.00351753 0.00450248 0.00267385 0.00225606 0.00173128 0.00155062 0.00151019 0.00131114 0.00128738 0.00123466 0.00134964 0.00120833 0.00199116 0.00827387 0.00391618 0.00188001 0.00153127 0.00120189 0.00101586 0.000822248 0.000742898 0.000650966 0.00060735 0.000583553 0.000504687
threshold=16.425000000000004 1.0000000180025095e-35 2.9600000238418587 1.0000000180025095e-35 1.0000000180025095e-35 16.185000000000006 11.984999656677248 0.50000000000000011 16.515000000000004 1.0000000180025095e-35 4.6000000000000005 0.78999999999999926 2.3000000000000003 10.105000000000002 11.703076923076924 0.50000000000000011 9.9550000000000018 9.5000000000000018 1.0000000180025095e-35 17.795000000000005 11.974615384615387 1.8342307692307702 14.400000000000002 17.845000000000002 14.695000000000002 17.680000000000003 4.2000000000000011 1.7000000000000004 17.775000000000002 11.974615384615387 3.7450000000000006 5.535000000000001 69.90000000000002 5.0000000000000009 15.500000000000002 14.280000000000003 1.5000000000000002 24.800000000000004 23.900000000000002 2.5850000000000009 7.0250000000000012 15.500000000000002 0.50000000000000011 1.9000000000000001
decision_type=2 2 2 2 2 2 2 2 2 2 2 2 2 2 2 2 2 2 2 2 2 2 2 2 2 2 2 2 2 2 2 2 2 2 2 2 2 2 2 2 2 2 2 2
left_child=2 -2 6 4 -4 9 -1 -3 -9 10 27 -10 -13 40 16 -16 19 22 -8 25 -21 -14 23 24 26 30 -17 -5 42 -30 35 32 33 -32 37 -11 -26 38 41 -38 -6 43 -23 -33
right_child=1 7 3 5 13 -7 18 8 11 14 -12 12 21 -15 15 17 -18 -19 -20 20 -22 28 -24 -25 36 -27 -28 -29 29 -31 31 34 -34 -35 -36 -37 39 -39 -40 -41 -42 -43 -44 -45
leaf_value=-0.0086744094112267099 -0.033381002890295351 0.0048796124845033604 0.012078726591140617 -0.00033260210008264924 -0.00038823838639366734 0.0056080437914198759 -0.0013849686598405243 0.0039732985751254968 -0.0017878429908995276 -3.7425777520097441e-05 -0.0039972646890038795 0.0019594904944478047 -0.00091661999645155107 0.0011497310244224289 -0.0048095557724688364 8.4271874589224657e-05 0.0026401943160453811 0.0012439095267715555 0.00020164687045370086 -0.00096776058489368071 4.6703977500631792e-05 0.00064289454725526636 0.0008506411041404742 -0.00060758911771699789 -0.0005712716615137955 0.00051163456402719026 0.00085271128216171991 0.00029065490890574711 -0.00071845899624306531 0.0001597341783538771 -0.00043501504712427656 -5.8780493413063665e-05 -0.0017352483377215408 0.00098939904543970318 0.00050974464847468868 0.00092867163941264159 -0.00023506204675262173 0.00032430778087545487 -0.00031506634299598992 0.00034990247578896359 3.358501343079555e-05 -0.00023634263174608351 0.00012639943831821993 6.8676575860790508e-05
leaf_weight=24 20 21 51 39 55.5 38 24 27 27 21 44 21 21 33 36 30 48 48 33 52.5 60 21 24 24 24 42 27 46.5 21 24 30 297 21 21 51 21 24 63 52.5 33 40.5 60 42 601.5
leaf_count=24 20 21 39 24 24 38 24 27 27 21 23 21 21 27 33 30 21 24 33 21 24 21 12 12 24 18 24 24 21 24 30 132 21 21 33 21 24 30 27 33 33 36 42 276
internal_value=3.27232e-12 -0.00194565 0.00022275 0.000345535 0.00352094 4.13447e-05 -0.0028984 0.0008486 0.000433643 -7.35573e-05 -0.00135394 -0.000106305 0.000196372 0.000137629 2.33226e-05 -0.000332804 9.00268e-05 0.000355928 -0.000466402 2.18465e-06 -0.000426713 -9.06471e-05 0.000126771 1.95308e-05 0.000128595 3.98513e-05 0.000448269 6.36224e-06 6.99587e-05 -0.000250089 2.38586e-05 9.05989e-06 -0.000398796 0.000151508 3.51626e-05 0.000445623 -9.63608e-05 1.26266e-05 -6.79564e-06 0.000103602 -0.000210282 1.00893e-05 0.000298564 2.65455e-05
internal_weight=2385 245 2140 2059 180 1879 81 225 204 1841 129.5 177 150 129 1711.5 270 1441.5 234 57 1393.5 112.5 129 186 162 138 1281 57 85.5 108 45 1239 1197 72 51 1125 42 81 1074 1011 57 96 958.5 63 898.5
internal_count=1506 245 1261 1180 123 1057 81 225 204 1019 71 177 150 84 948 216 732 183 57 711 45 129 159 147 135 666 54 48 108 45 648 606 72 51 534 42 81 501 471 57 57 444 63 408
is_linear=0
shrinkage=0.08


Tree=124
num_leaves=45
num_cat=0
split_feature=34 35 1 35 14 33 33 34 16 16 9 11 34 33 29 34 30 34 34 35 16 29 29 30 17 32 33 4 18 30 5 29 34 18 32 29 21 2 20 23 17 13 32 1
split_gain=0.183964 1.00611 1.65833 0.0260963 0.0598682 0.042205 0.0148685 0.0315224 0.0158137 0.0516473 0.0131668 0.00661615 0.00396047 0.0032427 0.0045448 0.00311046 0.00246889 0.00206329 0.00232487 0.00182162 0.00559667 0.00352105 0.00515831 0.00319433 0.00272051 0.00249604 0.00211563 0.00178216 0.00182167 0.00176459 0.00171768 0.00165857 0.00194052 0.00155963 0.00152541 0.00133525 0.00127642 0.00113775 0.00113761 0.00110579 0.000961459 0.000729144 0.000727788 0.000720779
threshold=1.0000000180025095e-35 1.5000000000000002 16.375000000000004 1.0000000180025095e-35 9.9200000000000017 1.0000000180025095e-35 0.50000000000000011 13.900000000000004 6.6250000000000018 6.6750000000000016 9.9200000000000017 9.9550000000000018 7.5000000000000027 23.000000000000004 3.9000000000000004 127.10000000000002 1.3 87.000000000000014 26.100000000000005 1.5000000000000002 6.0273076923076916 0.70000000000000007 0.3000000000000001 1.0000000180025095e-35 15.500000000000002 1.0000000180025095e-35 11.700000000000001 17.475000000000005 11.800000000000002 0.3000000000000001 9.9800000000000022 8.1000000000000014 43.100000000000009 0.50000000000000011 11.700000000000001 12.300000000000002 2.3000000000000003 12.620000000000003 1.9000000000000001 1.1000000000000003 2.1000000000000005 7.9050000000000011 5.5000000000000009 16.525000000000002
decision_type=2 2 2 2 2 2 2 2 2 2 2 2 2 2 2 2 2 2 2 2 2 2 2 2 2 2 2 2 2 2 2 2 2 2 2 2 2 2 2 2 2 2 2 2
left_child=1 2 -1 4 5 -2 7 -7 17 -10 12 13 -11 15 -15 19 -14 18 -8 20 -5 22 23 -21 25 29 27 28 30 -22 40 32 -18 -25 -20 37 -37 -27 39 -39 43 -32 -42 -23
right_child=3 -3 -4 11 -6 6 8 -9 9 10 -12 -13 16 14 -16 -17 31 -19 34 21 24 26 -24 33 -26 35 -28 -29 -30 -31 41 -33 -34 -35 -36 36 -38 38 -40 -41 42 -43 -44 -45
leaf_value=0.0023361466377973556 0.0029853256194828414 0.0080692159781853359 -0.025877311825752258 0.00085186397122150221 0.0048359957512556792 0.0011236104812650453 -0.00067210145480930809 -0.0031205368129303681 0.0041497734258020367 0.0010709307205286763 0.0019910802968122342 -0.00087636362649155439 -0.00079317991414831746 0.00091708684565188978 -5.5781555258565479e-05 0.00068533947553347662 0.00018120767718011685 -0.00087920177362060966 0.00028419708707920651 -0.00064368351832741781 0.00081413000822067266 -0.00010238961796517951 -0.0010398783482480467 -0.00013783081711546795 0.00075081762248494974 0.00095624156684304281 0.00031851289472160276 -0.00043811596805850666 -0.00051279931147208161 4.2362192603336143e-06 -0.00025030601416774852 0.00049966148249546273 -0.00080253073629830312 0.00052231109438416283 -0.0003118713874107179 -5.1286084695704399e-05 0.00051807425295313206 -0.00011810948114269919 -0.00030862926058293082 0.00032565089120041758 0.00064339240826367852 8.4868879057466983e-05 0.00017122774157259199 0.00023740382663284742
leaf_weight=30 39 30 24 54 21 21 30 24 27 21 27 54 27 60 63 40.5 33 21 93 52.5 36 85.5 57 55.5 30 5.9999999999999991 103.5 75 43.5 33 135 36 21 39 39 63 42 249 183 42 39 60 45 75
leaf_count=30 39 21 15 27 21 21 30 24 27 21 27 24 27 30 30 18 33 21 93 30 24 45 30 33 24 6 45 30 30 21 54 36 21 21 39 33 24 141 108 21 30 24 27 30
internal_value=5.02235e-12 -0.00367732 -0.0102032 0.000134244 0.000658998 0.000467893 0.000234132 -0.00113993 0.00039902 0.000906204 0.000375439 -4.07702e-06 5.93348e-05 2.25803e-05 0.000418788 -7.06301e-06 -0.000122234 -0.000133109 -3.63932e-05 -2.45512e-05 6.77888e-05 -0.000103288 -0.000393853 -0.000143353 5.88812e-06 -2.8283e-05 -1.36811e-05 -7.52977e-05 -1.89595e-05 0.00042679 2.99189e-05 7.90502e-05 -0.000201357 0.000134609 0.000108086 -8.19582e-05 0.000176458 -0.000138487 -0.000152344 -5.40616e-05 0.00017116 -0.000147175 0.000390447 5.63924e-05
internal_weight=2385 84 54 2301 480 459 420 45 375 192 165 1821 138 1767 123 1644 117 183 162 1603.5 738 865.5 204 147 684 654 661.5 558 483 69 439.5 90 54 94.5 132 585 105 480 474 291 244.5 195 84 160.5
internal_count=1506 66 45 1440 480 459 420 45 375 192 165 960 138 936 60 876 117 183 162 858 429 429 114 84 402 378 315 270 240 45 210 90 54 54 132 333 57 276 270 162 132 78 57 75
is_linear=0
shrinkage=0.08


Tree=125
num_leaves=45
num_cat=0
split_feature=34 4 37 37 34 4 15 33 12 37 37 18 32 21 15 26 34 34 33 34 15 34 34 34 37 1 33 18 33 34 1 1 35 18 37 17 34 21 28 21 26 20 25 37
split_gain=0.155707 1.04544 1.10988 0.0417392 0.101236 0.0714709 0.00961111 0.0102861 0.00472578 0.00337611 0.00599803 0.00599066 0.00585692 0.00692845 0.00381689 0.00336547 0.00250523 0.00244384 0.00336399 0.00226065 0.00218159 0.00147239 0.00127385 0.00256871 0.00127541 0.00746398 0.00129503 0.00111424 0.00138038 0.00108524 0.000946176 0.000933681 0.000770729 0.000714258 0.00253402 0.00234099 0.00120162 0.000901646 0.000535952 0.000451909 0.000450924 0.000437289 0.000404661 0.000389628
threshold=1.0000000180025095e-35 16.440000000000001 9.7850000000000019 16.425000000000004 9.5000000000000053 16.515000000000004 0.78999999999999926 1.9000000000000001 9.9350000000000005 16.185000000000006 11.470000000000001 0.50000000000000011 2.3000000000000003 1.0000000180025095e-35 2.6388461538461545 9.5000000000000018 127.10000000000002 112.70000000000003 23.000000000000004 10.900000000000004 1.8342307692307702 0.80000000000000016 13.700000000000005 10.900000000000004 9.2250000000000032 16.415000000000003 1.7000000000000004 0.50000000000000011 0.3000000000000001 51.400000000000013 14.640000000000002 15.195000000000002 1.5000000000000002 19.300000000000004 6.3850000000000007 5.9000000000000012 19.600000000000005 17.200000000000006 27.699999999999999 3.5000000000000004 3.4000000000000004 5.0000000000000009 8.7000000000000011 7.9050000000000011
decision_type=2 2 2 2 2 2 2 2 2 2 2 2 2 2 2 2 2 2 2 2 2 2 2 2 2 2 2 2 2 2 2 2 2 2 2 2 2 2 2 2 2 2 2 2
left_child=1 2 -1 8 -5 -6 -7 -8 9 10 15 12 13 -12 -14 16 17 18 21 -13 -9 -2 23 24 25 27 -26 28 -23 40 39 -32 -25 34 35 41 -36 38 43 -21 -22 -24 -31 -38
right_child=3 -3 -4 4 5 6 7 20 -10 -11 11 19 14 -15 -16 -17 -18 -19 -20 30 29 22 33 32 26 -27 -28 -29 -30 42 31 -33 -34 -35 36 -37 37 -39 -40 -41 -42 -43 -44 -45
leaf_value=-0.00038757312510694775 0.0012330937385559083 0.0099468034964341374 -0.023010213025238202 0.0057335549344619116 0.0039646233550526874 -0.001389486135914922 0.001821081190414372 -0.00083282840792976687 -0.00059249080470360723 -0.00073667591825748492 0.0018267594223014183 -0.0007897355074861221 -0.00032208318469854885 6.695580447003956e-05 0.00065365715945760411 -0.0004977187391444199 0.00063051232861147989 -0.00060875661377351553 0.00054924886171699421 0.00016378262948516447 0.00058813473985840884 0.00011882196597677344 0.00045210056234888419 -0.00028488515672506768 -7.4130119053676487e-05 -0.0015525885290569731 0.00039084888316055603 0.00035809108709124312 -0.00057293809213054684 -0.000355303536423228 -0.0004751752559483672 0.00011964920538798253 -0.00078932845388494791 -0.00028089806030664631 0.00052775563465224371 0.0012072377419099212 5.6496448434048625e-05 -0.00036911067428420591 0.00015116588774787731 0.00067194983806638498 9.7734107791135701e-05 -1.7222347669303417e-05 5.0661105973025163e-05 -7.0946038259283892e-05
leaf_weight=35 5.9999999999999991 26 23 27 33 30 21 21 81 36 45 21 39 21 75 88.5 40.5 42 70.5 24 24 48 24 36 94.5 22.5 64.5 43.5 30 33 24 57 42 46.5 27 21 241.5 43.5 133.5 21 24 27 30 421.5
leaf_count=32 6 14 20 27 33 30 21 21 36 36 36 21 21 21 39 36 18 18 36 24 24 48 24 24 42 9 30 39 30 33 24 57 24 36 12 21 102 24 57 21 24 27 30 198
internal_value=-1.07889e-11 -0.00338313 -0.00935862 0.000123504 0.00111507 0.000537764 -8.01946e-05 0.000176529 6.42376e-06 3.0962e-05 4.51995e-05 0.000357634 0.000667074 0.00126682 0.000319851 -1.81005e-05 9.72397e-06 -7.20662e-06 1.03021e-05 -2.12715e-05 -8.5104e-05 -1.73815e-05 -2.28721e-05 -0.000147098 -4.17047e-05 -0.000214173 0.000114493 3.36813e-05 -0.00014724 5.63574e-05 0.000106806 -5.65951e-05 -0.000556508 2.51543e-05 4.03102e-05 0.000496353 2.43814e-06 -1.44471e-05 4.92251e-06 0.000400927 0.000342934 0.000203635 -0.000161987 -2.45247e-05
internal_weight=2385 84 58 2301 243 216 183 153 2058 1977 1941 327 180 66 114 1614 1525.5 1485 1443 147 132 1372.5 1366.5 381 303 144 159 121.5 78 111 126 81 78 985.5 939 72 867 840 796.5 45 48 51 63 663
internal_count=1506 66 52 1440 243 216 183 153 1197 1161 1125 264 117 57 60 861 825 807 789 147 132 753 747 246 198 126 72 117 78 111 126 81 48 501 465 72 393 381 357 45 48 51 63 300
is_linear=0
shrinkage=0.08


Tree=126
num_leaves=45
num_cat=0
split_feature=37 1 34 37 34 3 33 29 11 0 37 26 34 30 34 26 33 34 34 33 18 21 34 33 34 16 29 30 27 33 34 35 30 21 37 19 34 17 16 34 29 29 37 34
split_gain=0.159033 3.19794 0.38838 1.28376 0.0962427 0.0158234 0.0187812 0.00726504 0.00506778 0.00329916 0.00291575 0.00538288 0.00385862 0.0056986 0.00320694 0.00281943 0.00264715 0.00216892 0.0020189 0.00247568 0.00138628 0.00129476 0.00125972 0.00114827 0.0010352 0.00358534 0.00129536 0.000671545 0.000657985 0.00089141 0.000644569 0.00104518 0.000881577 0.000612563 0.000644953 0.00125208 0.000783588 0.000496838 0.000883211 0.000727421 0.000387907 0.000319443 0.000694914 0.000488275
threshold=16.425000000000004 16.465000000000003 1.0000000180025095e-35 7.8750000000000009 9.5000000000000053 16.660000000000004 1.0000000000000002 8.9000000000000021 9.9550000000000018 17.310000000000006 11.245000000000003 9.5000000000000018 4.6000000000000023 0.50000000000000011 13.100000000000001 11.400000000000002 11.700000000000001 127.10000000000002 112.70000000000003 23.000000000000004 1.0000000180025095e-35 3.0000000000000004 0.80000000000000016 7.8000000000000007 13.700000000000005 6.6250000000000018 1.0000000180025095e-35 0.3000000000000001 7.5000000000000009 3.5000000000000004 8.9000000000000057 1.5000000000000002 1.0000000180025095e-35 23.100000000000005 4.745000000000001 4.7000000000000002 19.600000000000005 2.7000000000000006 6.1450000000000005 34.100000000000009 0.70000000000000007 7.5000000000000009 10.115 55.900000000000013
decision_type=2 2 2 2 2 2 2 2 2 2 2 2 2 2 2 2 2 2 2 2 2 2 2 2 2 2 2 2 2 2 2 2 2 2 2 2 2 2 2 2 2 2 2 2
left_child=2 -2 3 -1 -3 7 -7 -6 10 -8 15 12 20 21 -15 17 23 18 19 22 -12 -14 -4 37 25 -24 27 -27 29 -11 32 -32 -28 34 35 -26 -36 38 -16 -39 -34 42 43 -38
right_child=1 4 8 -5 5 6 9 -9 -10 28 11 -13 13 14 16 -17 -18 -19 -20 -21 -22 -23 24 -25 33 26 30 -29 -30 -31 31 -33 40 -35 36 -37 41 39 -40 -41 -42 -43 -44 -45
leaf_value=-0.0075582679013411203 -0.03258687486499548 0.0052748705681275442 0.0011344462384780248 0.013223180782336455 0.00050944882910698654 -0.0024133674465563327 0.0010798770342288274 0.0026137817633293927 -0.00075885511331122229 -0.00031497533677057139 0.0011992518080660376 0.00092029748639712737 -0.0012405295258698364 0.0010866865143179894 1.638127164672672e-05 -0.00050477989093989739 -0.00047281409128724285 0.00058007133733711119 -0.00056005609266105154 0.00044102083617009419 0.00030921748351483118 -0.0003803777816661057 -0.00074135177768766883 0.00071314205337936684 0.00078113445457780655 0.00040329904998561333 -0.00023964093241872443 -4.2998160213409438e-06 -0.0002778309775898472 0.00029928556117401632 -1.6756037356364621e-05 -0.00048199931846034749 5.268290018041929e-06 -0.00029285541974390165 0.00041655182838439941 -2.4283974431455136e-05 -3.8661150697077207e-05 0.00028077677670808044 0.00054057282641426559 -0.00028781648463336749 0.00038968240132644064 5.8770991226076975e-05 0.00027052663798843112 -0.00029191520202460257
leaf_weight=30 20 27 5.9999999999999991 52 21 21 21 21 54 21 24 60 24 21 48 73.5 48 40.5 42 78 21 21 54 24 21 51 58.5 52.5 39 54 57 67.5 36 39 30 30 399 24 36 36 31.5 352.5 42 55.5
leaf_count=30 20 27 6 34 21 21 21 21 24 21 24 30 21 18 33 30 33 18 18 39 21 21 24 18 21 36 36 30 39 54 36 36 36 30 15 30 183 24 33 36 24 165 21 27
internal_value=-2.19925e-11 -0.00193069 0.000221037 0.00562021 0.0007943 0.000183314 -0.000187768 0.00156162 5.90986e-06 0.000158437 2.65173e-05 0.000223767 9.5963e-05 -1.38146e-05 0.00014289 -2.06908e-05 5.1132e-05 2.36104e-06 -1.3206e-05 2.51453e-06 0.000783902 -0.000839125 -2.22168e-05 0.000200831 -2.72568e-05 -0.000134154 -4.15307e-05 0.000196546 -1.13024e-05 0.000127293 -0.000139898 -0.000268996 -1.2336e-05 1.77526e-05 3.07781e-05 0.000307359 1.47308e-05 0.000115446 0.000241035 -6.03792e-05 0.000184662 5.32156e-07 -4.08157e-05 -6.95866e-05
internal_weight=2385 245 2140 82 225 198 156 42 2058 135 2004 387 327 282 237 1617 216 1543.5 1503 1461 45 45 1383 168 1377 408 354 103.5 114 75 250.5 124.5 126 969 930 51 879 144 84 60 67.5 849 496.5 454.5
internal_count=1506 245 1261 64 225 198 156 42 1197 135 1173 312 282 237 195 861 177 831 813 795 45 42 756 144 750 258 234 66 114 75 168 72 96 492 462 51 411 126 66 60 60 396 231 210
is_linear=0
shrinkage=0.08


Tree=127
num_leaves=45
num_cat=0
split_feature=37 32 1 37 32 37 0 37 30 1 0 32 31 32 37 37 10 26 18 16 5 32 25 30 30 2 0 18 30 37 29 37 20 37 18 31 27 30 0 31 10 31 37 30
split_gain=0.134606 2.93379 0.108879 0.102823 0.254167 0.345159 0.142355 0.112665 0.0921806 0.17743 0.0119911 0.0379313 0.0326029 0.00882601 0.00496576 0.150427 0.0523406 0.00529797 0.00398523 0.00333647 0.00341569 0.00256753 0.00235168 0.00214096 0.00180063 0.00155287 0.000837577 0.00116022 0.000821908 0.000639084 0.00199972 0.00130765 0.00328973 0.00228884 0.00174991 0.000636313 0.000620803 0.000465233 0.000462325 0.000461641 0.000416244 0.00108404 0.000395483 0.000929658
threshold=16.425000000000004 0.3000000000000001 16.475000000000005 2.9600000238418587 1.0000000180025095e-35 7.995000000000001 11.984999656677248 9.6200000000000028 1.0000000180025095e-35 16.415000000000003 17.150000000000002 3.1000000000000005 8.9000000000000021 1.7000000000000004 11.703076923076924 11.802307692307695 9.9550000000000018 10.400000000000002 1.0000000180025095e-35 6.0550000000000024 11.868846153846155 7.1000000000000005 1.1000000000000003 4.6000000000000005 0.3000000000000001 17.545000000000005 17.890000000000004 3.3000000000000003 32.100000000000001 3.7450000000000006 1.0000000000000002 5.535000000000001 4.7000000000000002 4.8450000000000006 15.500000000000002 0.70000000000000007 7.5000000000000009 6.5000000000000009 14.875000000000002 23.900000000000002 9.0900000000000016 1.0000000000000002 9.9050000000000029 0.70000000000000007
decision_type=2 2 2 2 2 2 2 2 2 2 2 2 2 2 2 2 2 2 2 2 2 2 2 2 2 2 2 2 2 2 2 2 2 2 2 2 2 2 2 2 2 2 2 2
left_child=3 -2 -3 6 5 -5 -1 -7 9 -9 11 -4 -13 -12 16 -16 19 21 -8 20 -6 24 -15 -23 -17 28 27 37 29 30 -21 32 33 -31 39 -10 -24 -26 -29 40 41 -33 43 -43
right_child=1 2 10 4 14 7 18 8 35 -11 13 12 -14 22 15 17 -18 -19 -20 25 -22 23 36 -25 26 -27 -28 38 -30 31 -32 34 -34 -35 -36 -37 -38 -39 -40 -41 -42 42 -44 -45
leaf_value=-0.0077610041821996366 -0.031139064957387746 0.0063187842052762535 0.0034664949969953375 0.0085787737548637839 -0.00085977495370203997 -0.0024398476951481667 -0.0012006637849844993 0.0090875577554106711 0.00045163355038865756 0.00044793064735131337 -0.0016764541459269823 -0.0026057441525959542 0.0018520848765703184 0.00087293716724075017 -0.0063699960196390753 0.00076706038145912868 0.0028503587988338301 0.0010525861990061545 0.00015418735156400186 -0.00023041972715873271 -6.8314315854675243e-05 -0.00080474740130629275 6.7833990747617057e-05 0.00012903774549098064 0.00029387171319858343 0.0005141317703542702 -0.00026374041785796486 0.00024561896322605514 0.00036581075937130753 0.00074378192956958493 0.00080230312480125579 0.0002901906458842943 -0.0008942819245405392 -0.00036981146161754931 0.00046889507782408132 -5.2139635294831048e-05 -0.00038752562383672701 0.00079593005279699966 -0.00016557324516941748 -0.0002420691030676521 -0.00012264279786635329 -0.00040303891851744129 9.0370881459393517e-05 -1.2450498492958456e-05
leaf_weight=24 20 21 27 52 57 42.5 24 29 34.5 32 21 21 21 21 24 33 42 42 33 24 90 33 66 30 27 40.5 30 30 40.5 21 24 87 36 27 51 30 27 21 42 52.5 148.5 42 198 546
leaf_count=24 20 21 27 37 24 17 24 26 24 20 21 21 21 21 12 33 18 21 33 24 36 33 66 27 27 18 15 30 18 21 24 39 36 27 33 18 27 18 42 27 66 18 99 252
internal_value=6.72097e-12 -0.00177624 0.000833791 0.000203354 0.000313342 0.00288315 -0.00259249 0.00112022 0.00232582 0.00455529 0.000269159 0.00112708 -0.00037683 -0.000169333 5.91482e-06 -0.000284912 6.53371e-05 0.000222179 -0.000416276 -1.34311e-05 -0.000375207 8.04017e-05 0.000108294 -0.000360088 0.000232046 2.63156e-05 0.000114342 0.000208863 1.10889e-05 -3.40061e-07 0.000285942 -1.17061e-05 -0.000316186 0.000117386 1.10284e-05 0.00021732 -6.43672e-05 0.000513522 5.75684e-06 -1.07138e-05 1.17666e-06 2.22387e-05 -7.42007e-06 -4.03497e-05
internal_weight=2385 245 225 2140 2059 220 81 168 125.5 61 204 69 42 135 1839 312 1527 288 57 1485 147 246 114 63 183 1338 150 120 1297.5 1257 48 1209 84 48 1125 64.5 93 48 72 1074 1021.5 873 786 588
internal_count=1506 245 225 1261 1180 142 81 105 88 46 204 69 42 135 1038 258 780 246 57 762 60 225 114 60 165 702 132 117 684 666 48 618 84 48 534 42 93 45 72 501 474 408 369 270
is_linear=0
shrinkage=0.08


Tree=128
num_leaves=45
num_cat=0
split_feature=34 37 37 32 2 33 11 36 28 37 36 10 4 36 4 11 37 34 31 33 22 36 37 32 1 22 0 0 30 34 32 16 37 34 10 0 0 31 36 21 30 21 31 32
split_gain=0.168644 1.05966 0.0565703 0.111765 0.100964 0.0156994 0.00540392 0.00535467 0.00654341 0.00263124 0.0940898 0.418705 0.245545 0.0107053 0.0496659 0.026547 0.00845091 0.00593358 0.00524256 0.00512151 0.00399302 0.00691506 0.00316587 0.00444373 0.00341012 0.00299405 0.00276924 0.00243103 0.0022621 0.00224254 0.00217871 0.00171788 0.00267561 0.00153438 0.0014474 0.00141368 0.00324594 0.0019853 0.00258884 0.00428366 0.00288566 0.00178836 0.00162355 0.00140986
threshold=1.0000000180025095e-35 7.995000000000001 16.425000000000004 0.70000000000000007 16.495000000000001 0.70000000000000007 9.9550000000000018 2.5000000000000004 36.700000000000003 11.245000000000003 1.5000000000000002 9.4050000000000029 17.890000000000004 1.5000000000000002 17.630000000000006 9.8550000000000022 16.115000000000006 0.80000000000000016 1.0000000180025095e-35 1.0000000180025095e-35 5.4000000000000012 2.5000000000000004 8.8800000000000008 0.50000000000000011 16.425000000000004 13.600000000000003 12.820000000000002 16.960000000000004 0.70000000000000007 63.300000000000004 1.0000000180025095e-35 6.8000000000000025 9.7450000000000028 66.100000000000009 9.4850000000000012 14.200000000000001 13.645000000000001 4.6000000000000005 2.5000000000000004 1.9000000000000001 1.0000000000000002 3.5000000000000004 5.5000000000000009 0.3000000000000001
decision_type=2 2 2 2 2 2 2 2 2 2 2 2 2 2 2 2 2 2 2 2 2 2 2 2 2 2 2 2 2 2 2 2 2 2 2 2 2 2 2 2 2 2 2 2
left_child=1 -1 6 -4 -5 -6 9 27 -9 13 11 16 20 14 17 19 25 -2 -19 43 21 -12 35 -24 -25 -11 -20 -7 -22 -26 -28 33 -33 -32 -29 36 41 38 39 -37 -40 -21 -39 -15
right_child=2 -3 3 4 5 7 -8 8 -10 10 12 -13 -14 15 -16 -17 -18 18 26 22 28 -23 23 24 29 -27 30 34 -30 -31 31 32 -34 -35 -36 37 -38 42 40 -41 -42 -43 -44 -45
leaf_value=0.005903020709753036 0.0042676019668579099 -0.012088047895919194 0.0053969981935289169 0.0051292803400644548 -0.0021726868053277334 -0.00096807656990131365 -0.00079749227208257816 0.0016511427831781994 -0.00012951715085655452 0.00087560465879505506 -0.00010519315216010817 0.012605116821825505 -0.007754600308835507 -0.00096656395697637513 -0.0027645980013707252 0.0020859278459101917 -0.0013881433489520781 -0.00083833259555998198 0.0020893226191401482 0.00054772066604346042 -0.0006926960704731755 0.0012388242009376195 0.00088860702957026672 -0.00023098462815849215 0.00017526644381177903 -6.606867318933314e-05 0.00071526369771163451 -0.00018129510881408352 8.0087128991726786e-05 0.00074289604250727032 -4.4011348577032049e-05 -9.9139710631432755e-05 -0.00093784443518290161 0.00044952000496072732 0.00057090413714335723 -0.00060953030555574883 -0.0012401433934282977 -0.00075993790213639545 0.0011715814229427723 0.00045684432358223396 0.00021262403974747833 -0.00047656930352483562 -7.1682228286768879e-05 -0.00029323774060079208
leaf_weight=40 1.9999999999999989 44 36 27 21 20 54 28 25 40 49 20 28 34 48.5 42 22 54.5 3.9999999999999991 20 32 49 60 108 192 47 24 64 100 58 227.5 97 32.5 49 22 49.5 20 24 28.5 47 68 24 255 48
leaf_count=34 2 32 36 27 21 20 24 28 25 26 34 10 14 24 20 18 22 32 4 20 32 34 28 54 90 46 14 64 94 26 104 74 16 21 22 27 20 12 17 27 37 24 122 28
internal_value=-5.92083e-12 -0.00352087 0.000128532 0.0012829 0.000567409 -0.000116872 -7.77083e-06 0.000154651 0.000811209 1.35091e-05 0.000200888 0.00196498 -0.000681157 -3.13367e-05 -0.000322441 0.000114216 1.26588e-05 -8.09641e-05 -9.87679e-05 3.42813e-05 0.000179958 0.000566816 8.64298e-05 0.000251457 0.000144673 0.000366885 -5.89626e-06 -0.000173628 -0.000107254 0.000306957 -2.53867e-05 -6.9169e-05 -0.000309625 4.34499e-05 1.1128e-05 -4.22671e-05 -0.000395096 5.57407e-06 0.000202842 -9.01561e-05 0.000495839 -1.0983e-05 -0.000130887 -0.000572422
internal_weight=2385 84 2301 243 207 180 2058 159 53 2004 387 129 258 1617 539 1078 109 490.5 488.5 1036 230 98 954 418 358 87 434 106 132 250 430 406 129.5 276.5 86 536 64 472 193 96.5 96.5 44 279 82
internal_count=1506 66 1440 243 207 180 1197 159 53 1173 312 104 208 861 287 574 94 267 265 556 194 68 504 198 170 72 233 106 126 116 229 215 90 125 86 306 64 242 108 54 54 44 134 52
is_linear=0
shrinkage=0.08


Tree=129
num_leaves=45
num_cat=0
split_feature=34 36 0 35 15 32 13 15 16 34 15 33 11 36 11 16 11 10 34 33 32 36 29 34 0 30 33 32 34 22 32 18 29 0 30 3 16 10 0 33 21 15 0 34
split_gain=0.14274 0.917438 5.33145 0.0237035 0.0633258 0.0851594 0.0158629 0.0159634 0.0437373 0.00852223 0.00519358 0.00822526 0.00450912 0.00238489 0.11315 0.106997 0.0186013 0.00805295 0.00494834 0.00436445 0.00344272 0.00246226 0.00932496 0.00251471 0.00231866 0.00229507 0.00227869 0.00176694 0.00149576 0.00146586 0.00119331 0.00108783 0.00180911 0.00106147 0.00162176 0.00200752 0.00104876 0.00142453 0.00096587 0.00154351 0.000847993 0.000759639 0.000719924 0.00068543
threshold=1.0000000180025095e-35 1.5000000000000002 16.415000000000003 1.0000000180025095e-35 0.72499999999999976 0.70000000000000007 9.2200000000000006 1.6349999999999998 6.6850000000000014 119.60000000000004 1.9399999999999999 1.0000000180025095e-35 9.9550000000000018 1.5000000000000002 9.8950000000000014 6.0057692307692303 9.6700000000000017 9.7450000000000028 0.80000000000000016 1.0000000180025095e-35 1.0000000180025095e-35 2.5000000000000004 1.0000000180025095e-35 78.300000000000026 12.820000000000002 1.0000000180025095e-35 2.1000000000000005 17.100000000000005 72.000000000000014 10.600000000000003 0.3000000000000001 4.7000000000000002 7.8000000000000007 14.200000000000001 3.9000000000000004 15.100000000000003 6.8000000000000025 8.1900000000000031 17.680000000000003 14.900000000000002 13.900000000000002 0.42999999999999888 16.185000000000006 46.100000000000009
decision_type=2 2 2 2 2 2 2 2 2 2 2 2 2 2 2 2 2 2 2 2 2 2 2 2 2 2 2 2 2 2 2 2 2 2 2 2 2 2 2 2 2 2 2 2
left_child=1 -1 -3 4 5 -2 7 8 -6 10 -9 -12 13 15 17 -5 18 19 -17 30 -20 25 -23 33 -22 -21 -10 28 40 36 -15 32 -31 -24 35 -35 37 -26 39 41 -13 -27 -37 -36
right_child=3 2 -4 12 6 -7 -8 9 26 -11 11 27 -14 14 -16 16 -18 -19 20 21 24 22 23 -25 29 38 -28 -29 -30 31 -32 -33 -34 34 43 42 -38 -39 -40 -41 -42 -43 -44 -45
leaf_value=0.0085845077037811288 0.0063761892007594854 0.013828657299280168 -0.035666112246421668 0.0036995434791150723 0.004574330742692664 2.2304590653490136e-05 -0.0014824163642091057 -0.0011422620345616624 0.00092309427048478806 0.0017380530085592044 0.0015782059372092287 -2.9513825245789792e-05 -0.00073369280148957228 -0.0008892388448721785 -0.0044732674894233547 0.0039261937141418461 -0.0017439302570290036 0.0010354880300453967 -0.00074070100340692478 -0.00055634653523084845 0.0019221768155694009 0.0012365760299201944 -0.00053226502612233159 0.00051694534058254718 0.00051402458807246558 -0.0007009792659017775 -0.00014291856302103649 -0.0005171345610340888 0.00066831305223146321 -0.00011745270058813998 -0.00026977872825227677 4.7717440122275448e-05 -0.00078763422732417657 0.00091610716331912124 1.0184403189955509e-05 -0.00015409198858671718 -0.00015262456794130051 4.163393346988708e-05 0.00031559261358064464 -0.00047099158613031711 0.00047829444209734597 4.3673747365221664e-05 0.00023182204397715101 -0.00029786755313398317
leaf_weight=28 27 30 26 49.5 21 27 30 21 21 21 24 171 54 34 36 1.9999999999999989 45 54 43.5 50.5 3.9999999999999991 50.5 22 74 67.5 8.9999999999999982 33 33 27 85 48 88.5 37 23 109.5 45 63.5 103.5 58.5 45.5 24 339.5 99 80
leaf_count=22 27 30 14 22 21 27 30 21 21 21 24 171 24 24 16 2 20 24 26 28 4 28 22 34 30 4 33 33 27 48 28 58 20 22 54 22 36 46 26 22 24 186 44 40
internal_value=1.50591e-11 -0.0032392 -0.00915106 0.00011825 0.000618367 0.00319925 0.000291213 0.000425579 0.00147639 0.000180062 7.10022e-05 0.000162323 -1.35767e-05 8.43023e-06 -5.72887e-05 0.000139868 -0.000186738 8.1919e-05 -4.50318e-05 3.45912e-05 -6.11586e-05 8.03367e-05 0.000205494 9.04235e-05 4.67676e-06 -4.48211e-05 0.000271642 2.90636e-05 0.000110255 -1.25592e-05 -0.000526628 -0.00016581 -0.000320704 7.03478e-06 4.03156e-05 0.000222076 0.000125007 0.000228104 1.22662e-05 -3.27708e-05 3.29857e-05 2.44431e-05 0.000111224 -0.000119864
internal_weight=2385 84 56 2301 480 54 426 396 75 321 300 279 1821 1767 1178 589 539.5 1142 494.5 1088 492.5 1006 503 452.5 449 503 54 255 222 445 82 210.5 122 378.5 356.5 167 234.5 171 452.5 394 195 348.5 144 189.5
internal_count=1506 66 44 1440 480 54 426 396 75 321 300 279 960 936 624 312 290 608 270 584 268 532 266 238 242 266 54 255 222 238 52 126 68 204 182 88 112 76 238 212 195 190 66 94
is_linear=0
shrinkage=0.08


Tree=130
num_leaves=45
num_cat=0
split_feature=37 4 34 37 34 0 34 16 37 37 10 37 30 16 34 18 0 34 34 26 30 0 29 0 0 22 10 18 37 37 0 3 1 4 0 0 37 30 17 22 21 34 37 30
split_gain=0.137123 3.24734 0.378931 1.33019 0.0956986 0.0548159 0.00962989 0.0222893 0.00523755 0.119654 0.0487538 0.00504852 0.00361292 0.00277846 0.00257938 0.00407019 0.00238917 0.00177791 0.00161113 0.00142796 0.00130285 0.00157732 0.000989835 0.00108108 0.000978613 0.000880285 0.000835996 0.000739136 0.00763141 0.000740058 0.00379792 0.00108317 0.00283924 0.00240737 0.000663138 0.000557783 0.000843637 0.000766087 0.000714065 0.000547086 0.000512018 0.00048079 0.0004438 0.00101131
threshold=16.425000000000004 16.455000000000002 1.0000000180025095e-35 7.8750000000000009 9.5000000000000053 16.475000000000005 13.900000000000004 6.785000000000001 11.703076923076924 11.802307692307695 9.9450000000000021 11.868846153846155 1.0000000180025095e-35 6.0550000000000024 13.100000000000001 0.50000000000000011 17.890000000000004 43.100000000000009 127.10000000000002 1.0000000180025095e-35 4.6000000000000005 16.185000000000006 10.300000000000002 16.210000000000004 17.845000000000002 52.000000000000007 8.4200000000000017 19.300000000000004 6.1500000000000012 4.580000000000001 14.280000000000003 16.440000000000001 16.415000000000003 16.485000000000003 13.955000000000002 14.950000000000001 7.7300000000000013 6.9000000000000012 2.5000000000000004 59.70000000000001 4.7000000000000002 36.800000000000004 9.4550000000000018 1.7000000000000004
decision_type=2 2 2 2 2 2 2 2 2 2 2 2 2 2 2 2 2 2 2 2 2 2 2 2 2 2 2 2 2 2 2 2 2 2 2 2 2 2 2 2 2 2 2 2
left_child=2 -2 3 -1 -3 -6 -7 17 10 -10 13 -11 -13 16 15 -14 -4 19 27 -8 21 25 23 -22 26 -16 -19 29 -29 30 34 32 35 -33 40 38 37 41 -31 42 -15 -37 -38 -44
right_child=1 4 8 -5 5 6 7 -9 9 11 -12 12 14 18 20 -17 -18 24 -20 -21 22 -23 -24 -25 -26 -27 -28 28 -30 31 -32 33 -34 -35 -36 36 39 -39 -40 -41 -42 -43 43 -45
leaf_value=-0.0078763816667099789 -0.032684865159913902 0.005421080964582937 -0.00065727393066733139 0.013277594513044909 0.0042083842670988473 0.0012762835485584758 0.00095150345448581945 -0.0024463485407263596 -0.0057403149300565325 0.0017256849507490794 0.0023823893216212053 -0.00073788295697533733 0.001268524735273483 0.00020631279969843581 0.00033582894765357999 -8.5392936512275984e-05 -1.0076930677449262e-05 -6.1723149958110997e-05 0.00050200903765213346 0.00010762924582443455 9.6191036514937884e-05 -0.00055802164067115102 -4.3599976183317022e-05 0.00077535196704169116 0.00019868421435131932 -0.00025093283259775489 -0.00077555760031654719 -0.0013553013073396868 0.00058087103983812168 -5.6430762716835104e-05 0.00092648828797268145 0.00055909083505092125 -0.00074858928398217688 4.3877583881738654e-06 -0.00045762502765726479 -0.00018136098895264768 -0.00014809250646734729 0.0003942630697251754 -0.00058375410019868509 -0.00035946923003177202 -0.00018774141264859482 0.00021854753349570259 0.00038040357217791358 -0.00010650940651360612
leaf_weight=30 20 27 79.5 52 21 27 21 27 24 11.999999999999998 55.5 33 30 51 36 27 67.5 21 40.5 33 30 42 51 30 27 30 21 24 28.5 42 33 54 40.5 688.5 21 43.5 133.5 51 27 42 36 34.5 42 78
leaf_count=30 20 27 33 34 21 27 21 27 12 6 24 33 30 51 36 27 27 21 18 33 30 27 42 18 27 30 21 24 18 42 33 24 18 306 21 21 57 24 27 21 36 21 21 39
internal_value=1.69944e-11 -0.00179277 0.000205247 0.00553833 0.000953193 0.000343936 -0.000114558 -0.00036491 -7.2471e-06 -0.000291628 5.00275e-05 0.00011575 5.32286e-05 -2.80696e-05 0.000147818 0.000627195 -0.000360092 9.19912e-05 4.24232e-06 0.000435803 2.30486e-05 -0.000174769 0.00021552 0.000435772 -0.000177079 6.9119e-05 -0.00041864 -9.47166e-06 -0.000304236 1.44555e-06 0.000175371 -1.77659e-05 -0.000104663 4.47298e-05 -5.41376e-05 -5.1818e-05 -1.75282e-05 0.000153164 -0.000262775 -9.20435e-05 4.32559e-05 -4.47837e-06 -4.77362e-05 6.39101e-05
internal_weight=2385 245 2140 82 225 198 177 150 2058 345 1713 321 309 1657.5 276 57 147 123 1510.5 54 219 108 111 60 69 66 42 1470 52.5 1417.5 141 1276.5 534 742.5 108 493.5 424.5 129 69 295.5 87 78 253.5 120
internal_count=1506 245 1261 64 225 198 177 150 1197 291 906 279 273 882 240 57 60 123 822 54 183 93 90 48 69 66 42 804 42 762 141 621 291 330 108 273 204 66 69 138 87 42 117 60
is_linear=0
shrinkage=0.08


Tree=131
num_leaves=45
num_cat=0
split_feature=34 37 37 4 32 33 37 37 10 36 10 10 31 31 16 37 34 37 33 15 15 34 31 37 18 16 16 15 23 16 32 37 16 34 37 31 34 35 34 31 37 33 37 9
split_gain=0.152702 0.914651 0.05065 0.106914 0.0963784 0.0137126 0.00443307 0.101276 0.042202 0.00631716 0.0140786 0.0109742 0.00806214 0.00546956 0.0176119 0.00427307 0.00411948 0.0026218 0.00221079 0.00180176 0.00427978 0.00159961 0.00148863 0.00202417 0.00167038 0.00148798 0.00144814 0.00181317 0.00152926 0.00128301 0.000879941 0.000865229 0.00166103 0.000761395 0.000891425 0.00128182 0.000840352 0.000906019 0.000719226 0.000692249 0.0013775 0.000656323 0.000554373 0.00048229
threshold=1.0000000180025095e-35 7.995000000000001 16.425000000000004 16.505000000000006 0.70000000000000007 0.70000000000000007 11.703076923076924 11.802307692307695 9.9550000000000018 2.5000000000000004 9.5600000000000005 9.8550000000000022 1.0000000180025095e-35 1.0000000180025095e-35 6.6350000000000016 11.868846153846155 1.9000000000000006 16.195000000000004 26.500000000000004 2.3550000000000009 2.6050000000000004 4.2000000000000011 2.5000000000000004 15.4 0.90000000000000013 6.0550000000000024 7.0000000000000018 1.2450000000000001 2.3000000000000003 8.9950000000000028 12.800000000000002 3.6250000000000004 6.8000000000000025 10.900000000000004 9.5600000000000005 0.3000000000000001 21.900000000000006 1.5000000000000002 8.9000000000000057 24.800000000000004 3.8950000000000005 8.4000000000000004 8.9450000000000021 10.025
decision_type=2 2 2 2 2 2 2 2 2 2 2 2 2 2 2 2 2 2 2 2 2 2 2 2 2 2 2 2 2 2 2 2 2 2 2 2 2 2 2 2 2 2 2 2
left_child=1 -1 6 -4 -5 -6 8 -8 9 11 12 13 -11 14 -2 -9 -14 21 25 31 -21 29 23 24 -23 -15 27 -7 -29 -17 -24 -18 43 34 35 -27 37 -35 -16 40 -38 42 -22 -33
right_child=2 -3 3 4 5 26 7 15 -10 10 -12 -13 16 18 38 17 19 -19 -20 20 41 22 30 -25 -26 33 -28 28 -30 -31 -32 32 -34 36 -36 -37 39 -39 -40 -41 -42 -43 -44 -45
leaf_value=0.0054050428345799447 -0.0020624050790340538 -0.011309753524308854 0.0056858907171990726 0.004358181106185334 -0.0021017945806185404 -0.00070349528886643907 -0.0052810901217162608 0.0015876302123069763 0.002550644168098058 0.0010875915011370576 0.0014369052899218051 -0.0013954609207853319 -0.002111392359559735 -0.00033744899556040767 -0.00014120657413609717 0.0010146353030688175 0.00030400010068779406 -0.00075405177039404711 -0.00059123009443283079 0.0007759734728253969 -6.9481511719715898e-05 -0.00096757977235096485 8.6345305254154311e-05 0.00023687964787360471 -0.00010023388251041373 2.2409863852183611e-06 0.0006937415356792155 0.00051176804070098285 -0.00010585123905912041 0.00013031514896456861 0.00054150390619825991 2.1995965984057299e-05 -0.00061402928745374081 4.8472209891770034e-05 -4.7897979487007594e-05 0.00064426433702465143 0.00086268684302922335 -0.0005365695059299469 0.00036143485509923523 0.00037037612769652057 -2.9841656112524125e-06 -0.00022743294538139441 0.00030762894293186307 -0.00027522208356660686
leaf_weight=40 36 44 30 36 21 21 24 11.999999999999998 42 45.5 53.5 42 5.9999999999999991 73 38 21 23 24 41 54.5 58.5 27 111 39 30 34 21 39 75 21 36 99 50 32 51 48 11.999999999999998 36 35 37 599 69.5 43.5 54
leaf_count=34 16 32 30 36 21 21 12 6 18 28 23 18 6 30 28 21 23 24 20 33 28 21 93 39 30 28 21 39 75 21 24 44 35 24 24 36 12 24 20 20 292 31 21 24
internal_value=8.69967e-12 -0.00335033 0.000122307 0.0012146 0.000584846 -0.000182612 -6.66733e-06 -0.000268298 4.60253e-05 -1.69274e-05 0.00020305 -0.000126916 7.19451e-05 -7.72156e-05 -0.000614332 0.00010649 -2.89543e-05 4.89703e-05 -1.64204e-05 -1.31128e-06 0.000158412 0.000116593 3.77988e-05 -0.000207223 -0.000511082 9.14052e-06 7.5739e-05 -2.03947e-05 0.00010544 0.000572475 0.000197813 -0.000161035 -0.000213723 3.89415e-05 0.000214722 0.00037806 6.28946e-06 -0.000261256 9.97859e-05 3.43652e-05 1.40176e-05 -3.78391e-05 9.1345e-05 -8.29045e-05
internal_weight=2385 84 2301 243 213 177 2058 345 1713 1671 557 1114 503.5 1072 109 321 458 309 963 452 226 285 243 96 57 922 156 135 114 42 147 226 203 849 133 82 716 68 73 648 611 171.5 102 153
internal_count=1506 66 1440 243 213 177 1197 291 906 888 296 592 273 574 64 279 245 273 510 239 113 249 207 90 51 490 156 135 114 42 117 126 103 460 88 64 372 48 48 324 304 80 49 68
is_linear=0
shrinkage=0.08


Tree=132
num_leaves=45
num_cat=0
split_feature=34 3 37 37 4 34 33 37 37 4 36 2 37 30 2 36 0 32 31 32 0 37 4 33 33 18 34 12 12 13 19 19 3 17 30 37 0 36 31 1 36 3 14 18
split_gain=0.129247 0.916023 0.903338 0.0428702 0.0904917 0.0890412 0.00759904 0.00375215 0.0857197 0.027322 0.00418759 0.0128381 0.00935504 0.00345766 0.003144 0.0024776 0.00622455 0.0157234 0.00446186 0.00810031 0.00445929 0.00328073 0.00303092 0.00194719 0.00179001 0.0015108 0.00126616 0.00232404 0.00261264 0.00126644 0.00118456 0.00115517 0.00103202 0.000823707 0.000793279 0.000751832 0.000719226 0.00176775 0.000704929 0.000553563 0.000575455 0.00171282 0.00141474 0.00135135
threshold=1.0000000180025095e-35 16.415000000000003 9.7850000000000019 16.425000000000004 16.505000000000006 9.5000000000000053 1.0000000000000002 11.703076923076924 11.802307692307695 17.955000000000002 2.5000000000000004 16.195000000000004 16.175000000000004 1.7000000000000004 17.935000000000006 2.5000000000000004 14.200000000000001 1.0000000180025095e-35 1.0000000180025095e-35 1.0000000180025095e-35 13.485000000000001 3.1100000000000008 17.545000000000005 17.100000000000005 26.500000000000004 0.50000000000000011 15.800000000000002 3.4800000000000004 4.0600000000000014 7.6500000000000012 3.3000000000000003 0.50000000000000011 17.680000000000003 4.7000000000000002 11.4 13.710000000000003 14.160000000000002 1.5000000000000002 24.800000000000004 17.475000000000005 1.5000000000000002 17.310000000000006 7.8200000000000012 3.3000000000000003
decision_type=2 2 2 2 2 2 2 2 2 2 2 2 2 2 2 2 2 2 2 2 2 2 2 2 2 2 2 2 2 2 2 2 2 2 2 2 2 2 2 2 2 2 2 2
left_child=1 2 -1 7 -5 -6 -7 9 -9 15 12 25 14 -8 31 18 20 -18 19 -2 -17 -19 23 26 32 -12 -23 -28 -29 30 -30 35 36 -27 -15 -10 37 -20 39 40 41 42 43 -38
right_child=3 -3 -4 4 5 6 13 8 10 -11 11 -13 -14 34 -16 16 17 21 24 -21 -22 22 -24 -25 -26 33 27 28 29 -31 -32 -33 -34 -35 -36 -37 38 -39 -40 -41 -42 -43 -44 -45
leaf_value=-0.00058230449685028624 -0.0013426346590858884 0.0093952952898465666 -0.02099175308709559 0.0052310195515553161 0.0048311495325631566 -0.0013260118459799775 0.0010103803940000944 -0.0048586029248933 0.00023677029173995833 0.0019875205908384589 0.0004451732714053081 0.0017906199102563894 -0.0014696210163778493 9.1889231989625847e-05 -0.00068243384361267091 9.689918858930469e-05 0.0018182764859456155 0.0027214946349461873 0.00074485097471291989 4.65775333100655e-05 -0.0015205423644511029 -0.00042261596838081325 0.00061740644923122853 0.00051646656856485984 -0.00054393169095330845 -0.00069007676965354584 0.0015557502023875714 -0.0011913875257596373 0.00054042211051510524 -0.00013559389708864831 3.3086943614451003e-05 6.3500452591445833e-05 -0.00031719511020041649 -3.8575255484492695e-05 -0.00033597087995029795 0.00079422647606891897 -0.00043400572037836851 -0.00015410051747624364 0.00034074604435748351 0.00024143028436228635 3.637744261015936e-05 -0.0004684566063116546 0.00016524786822244152 1.9549881252870352e-05
leaf_weight=35 48 26 23 30 27 27 24 24 32 45 23 34 28 96 28 20 36 2.9999999999999991 28 61 24 54 56.5 41 41 23 5.9999999999999991 11.999999999999998 43 167 93.5 96 63 27 39 30 74.5 28 37 50 378 67.5 139.5 96.5
leaf_count=32 28 14 20 30 27 27 24 12 18 18 23 20 28 96 14 20 16 3 28 36 24 29 24 20 20 23 6 12 22 74 46 96 26 27 39 30 44 28 20 22 192 30 62 56
internal_value=-1.46095e-11 -0.0030823 -0.00867571 0.000112522 0.00111744 0.000538058 -8.51327e-05 -6.13395e-06 -0.000246834 4.23433e-05 9.79711e-05 0.000506605 -0.000106346 0.000125583 9.88782e-05 -1.01345e-05 0.000127752 0.000206221 -7.90778e-05 -0.000565186 -0.000785342 8.4301e-05 6.75746e-05 -7.01244e-06 -2.62505e-05 -9.14289e-05 -6.41699e-05 -3.96439e-06 -3.36262e-05 1.21502e-05 0.000192907 0.000237339 -4.18721e-06 -0.000338266 -3.17148e-05 0.000506507 1.77477e-05 0.000295375 -6.94917e-07 -1.6369e-05 -3.34192e-05 -0.000103216 -2.38157e-05 -0.000178052
internal_weight=2385 84 58 2301 243 213 186 2058 345 1713 321 107 214 159 186 1668 556 512 1112 109 44 476 473 416.5 1003 73 375.5 321.5 315.5 303.5 136.5 158 962 50 135 62 899 56 843 806 756 378 310.5 171
internal_count=1506 66 52 1440 243 213 186 1197 291 906 279 93 186 159 158 888 296 252 592 64 44 236 233 209 528 73 189 160 154 142 68 144 508 50 135 48 482 56 426 406 384 192 162 100
is_linear=0
shrinkage=0.08


Tree=133
num_leaves=45
num_cat=0
split_feature=37 0 37 36 33 36 16 29 16 36 37 36 31 31 35 16 36 37 9 13 0 0 4 29 33 15 0 37 33 0 29 16 37 29 37 3 19 31 3 31 27 24 13 21
split_gain=0.140281 2.90345 0.120937 0.691285 0.298973 0.882505 5.20457 2.55884 2.09282 0.202055 0.175575 0.0808346 0.547193 0.118786 0.324691 0.849608 0.206146 0.105995 0.391696 0.0515722 0.0438438 0.0491728 0.0281024 0.0183009 0.00579847 0.00303274 0.0024087 0.00131773 0.00126456 0.00110312 0.00110151 0.00182434 0.0025081 0.00192128 0.00104003 0.000928373 0.000840111 0.000799458 0.000797294 0.000840182 0.000660966 0.000534132 0.000500937 0.000867477
threshold=16.425000000000004 16.465000000000003 2.9600000238418587 1.5000000000000002 1.0000000180025095e-35 1.5000000000000002 6.6350000000000016 1.0000000180025095e-35 6.9750000000000023 2.5000000000000004 16.185000000000006 2.5000000000000004 1.0000000180025095e-35 0.70000000000000007 1.5000000000000002 6.6350000000000016 1.5000000000000002 11.703076923076924 11.911538461538465 9.7700000000000014 17.150000000000002 16.590000000000003 17.955000000000002 3.3000000000000003 1.9000000000000001 2.745000000000001 17.345000000000002 14.695000000000002 26.000000000000004 16.685000000000006 0.70000000000000007 6.7500000000000018 7.4050000000000011 6.1000000000000005 9.9950000000000028 17.680000000000003 0.3000000000000001 1.0000000180025095e-35 17.400000000000002 23.900000000000002 7.5000000000000009 2.8000000000000003 8.6200000000000028 3.8000000000000003
decision_type=2 2 2 2 2 2 2 2 2 2 2 2 2 2 2 2 2 2 2 2 2 2 2 2 2 2 2 2 2 2 2 2 2 2 2 2 2 2 2 2 2 2 2 2
left_child=2 -2 3 -1 5 8 -7 -8 -4 -5 11 13 -13 14 15 -6 -16 19 25 30 21 -3 28 -23 -22 27 -26 -19 34 36 -14 42 33 -33 35 38 -17 -9 39 41 -28 -15 43 -32
right_child=1 20 4 9 10 6 7 37 -10 -11 -12 12 17 22 16 29 -18 18 -20 -21 24 23 -24 -25 26 -27 40 -29 -30 -31 31 32 -34 -35 -36 -37 -38 -39 -40 -41 -42 -43 -44 -45
leaf_value=-0.013276331799225535 -0.031023863772163169 -0.00024327001280405306 0.027597898627208038 -0.0024922321943773164 0.013314091327964612 -0.029695750049047044 0.028586542940345305 7.4975705356337133e-05 -0.0024956558732083067 0.0072949617819136215 0.0054111179603128935 -0.0097030795042414263 -0.00030947052166863744 -3.6860904539136101e-05 -0.0049325215367374024 0.00042245627526426687 0.002090357457435577 0.00015829758543986827 -0.012581858799792827 0.0029102341984880383 -0.0013275174379703545 0.0048513267115887363 -0.0022929438881369103 0.0018302884746697688 0.00089229968886467672 0.00091717793650570364 0.00010903402499388904 -0.00067298824858406318 -0.00037129999704969428 -0.00046766741434112191 -0.00024567060475237667 0.00039111550329095225 0.00067370057472680505 -0.0005383768078278411 0.00014966040180959019 -0.00035010734123402633 -0.00016681927690903345 -0.00049986584166375296 0.00029782192471126717 0.00032562273013329992 -0.00032456498987610557 -0.00027788741435335186 0.00015207918650913434 9.5063947703478472e-05
leaf_weight=27 20 33 27.5 27 46 29.5 29 32 32 27 38 41.5 56 437 53.5 32 53.5 26 20 43.5 21 33 36 21 21 21 60 23 60 28 120 29.5 63.5 27.5 242 58 30 30 48 37 36 68 61 79.5
leaf_count=27 20 33 14 27 26 16 24 22 27 27 38 23 33 234 25 28 25 25 10 19 21 33 16 21 21 14 60 23 30 14 53 25 30 20 162 24 28 20 20 20 36 28 26 38
internal_value=-8.50106e-12 -0.00181329 0.000207597 -0.00282453 0.000326879 0.0034415 -0.000494702 0.00897157 0.0114131 0.00240136 2.85124e-05 -8.25897e-05 -0.000833801 0.000291488 0.00187577 0.00446961 -0.00142108 -0.000188621 -0.00270822 0.000283312 0.0007832 0.00218968 -9.89589e-05 0.00367648 -0.000103492 0.000112825 0.000116205 -0.000231898 -1.58184e-05 -5.08963e-05 2.18218e-05 7.05157e-05 0.000327905 -5.73238e-05 8.14666e-06 -4.47026e-05 0.000137323 -0.000203173 -1.46798e-05 -4.23552e-05 -5.35656e-05 -6.9316e-05 -4.85453e-05 -0.000109889
internal_weight=2385 245 2140 81 2059 180 120.5 91 59.5 54 1879 1841 612 1229 243 136 107 570.5 90 480.5 225 87 986 54 138 70 117 49 950 90 437 381 120.5 57 890 648 62 62 590 542 96 505 260.5 199.5
internal_count=1506 245 1261 81 1180 123 82 66 41 54 1057 1019 339 680 146 96 50 316 72 244 225 87 534 54 138 62 117 48 518 70 225 192 75 45 488 326 56 42 302 282 96 262 117 91
is_linear=0
shrinkage=0.08


Tree=134
num_leaves=45
num_cat=0
split_feature=34 3 37 37 4 32 15 11 30 37 37 36 9 15 37 36 16 12 37 0 32 32 16 32 36 19 0 29 3 37 29 16 37 37 19 37 0 37 22 0 22 10 34 0
split_gain=0.141238 0.84279 0.864724 0.0455851 0.111003 0.0686099 0.0153209 0.00618435 0.00610732 0.00529834 0.00471405 0.116489 0.319726 0.240926 0.0212307 0.00983525 0.047315 0.0248465 0.00965288 0.00587256 0.00568662 0.004801 0.0121475 0.00436114 0.014331 0.00233574 0.00208493 0.00195638 0.00185712 0.00176583 0.00196389 0.00151881 0.00261514 0.00140961 0.00153649 0.00121624 0.00176861 0.00124811 0.001123 0.000960563 0.000760403 0.00101471 0.000688726 0.00154162
threshold=1.0000000180025095e-35 16.415000000000003 9.7850000000000019 16.425000000000004 16.505000000000006 0.70000000000000007 0.89499999999999968 9.9550000000000018 1.9000000000000001 16.175000000000004 11.703076923076924 1.5000000000000002 11.893461538461539 1.8492307692307708 11.911538461538465 1.5000000000000002 6.0550000000000024 9.8550000000000022 3.0300000000000007 14.200000000000001 1.0000000180025095e-35 1.0000000000000002 6.9000000000000012 0.3000000000000001 2.5000000000000004 0.50000000000000011 17.875000000000004 0.50000000000000011 16.185000000000006 11.992692307692311 12.800000000000002 6.8000000000000025 9.7450000000000028 15.4 1.0000000180025095e-35 4.1100000000000003 15.280000000000003 6.6650000000000009 26.300000000000008 16.740000000000006 16.300000000000004 8.1900000000000031 19.600000000000005 16.660000000000004
decision_type=2 2 2 2 2 2 2 2 2 2 2 2 2 2 2 2 2 2 2 2 2 2 2 2 2 2 2 2 2 2 2 2 2 2 2 2 2 2 2 2 2 2 2 2
left_child=1 2 -1 7 -5 -6 -7 9 -8 10 15 12 25 -13 -15 16 -2 19 -18 20 -17 22 -20 24 -21 -12 35 -24 -11 -16 33 40 39 34 -31 -25 37 -37 -22 -33 41 -23 43 -38
right_child=3 -3 -4 4 5 6 8 -9 -10 28 11 13 -14 14 29 17 18 -19 21 23 38 31 27 26 -26 -27 -28 -29 -30 30 -32 32 -34 -35 -36 36 42 -39 -40 -41 -42 -43 -44 -45
leaf_value=-0.00066874140075274884 -0.0025998910313960416 0.0087463256028982306 -0.020637216574471928 0.0057098678530504311 0.0036958573329158957 -0.001690129961705569 0.0013859407551353798 -0.00084955382600633643 -1.2037107245608544e-05 -0.00033906691774193736 0.00082508011931373224 -0.0069185269669876162 0.011606969002634287 0.0029233821369707585 0.0010708971647545695 -0.0015238302124531142 0.0016249846569484189 0.0019425215149986681 -0.0014746202432683536 -0.00032267762910729892 0.00010161498188972473 0.00044859145014520944 0.00068388163012621749 -0.00061056516761891547 0.0014258306852231422 -6.5788972072671937e-05 0.00053788132108747956 -0.00022362296414725922 -0.0014030029252171516 0.00038908791183904913 -0.00059729404787503884 -0.00020341199880931528 -0.00078398429549525722 0.00061149336420284167 -0.00035118111507280876 0.00017294721807249719 0.00052625517547130588 0.00096116223651915788 -0.00063257968844845892 0.00038928647711873056 -5.8021255374814454e-05 4.5659703965712747e-05 -4.1197512045982877e-05 -0.00013594187051057816
leaf_weight=35 51.5 26 23 30 36 33 24 54 120 21 31 34 20 20 11.999999999999998 28 21 46 52.5 60 40 72 27.5 20 60 48 50 34 21 34 24 42 37 36 38 36 45 20 20 30 97.5 90 640 45
leaf_count=32 21 14 20 30 36 33 24 24 120 21 24 30 10 10 6 28 21 20 24 30 40 32 20 20 30 48 20 23 21 26 18 38 18 36 38 36 20 16 20 12 46 40 290 20
internal_value=-1.15675e-11 -0.00322211 -0.00858727 0.000117626 0.00115387 0.000512182 -0.000135346 -4.72949e-06 0.000220959 1.80352e-05 3.70673e-05 0.000330674 0.0025713 -0.00078964 0.000480983 -1.53058e-05 -0.000290279 0.000122181 -5.40428e-05 4.34819e-05 -0.000582435 -0.00012712 -0.000580825 9.9917e-05 0.000551577 0.000283793 3.66002e-05 0.000182172 -0.000871035 0.000141761 5.7294e-05 1.32395e-05 -0.000237359 0.000202758 -1.60963e-06 5.50339e-06 2.11794e-05 0.000454453 -0.000143117 4.35457e-05 0.000118501 0.00022474 -1.2058e-05 0.000195157
internal_weight=2385 84 58 2301 243 213 177 2058 144 2004 1962 297 99 198 164 1665 555 1110 503.5 1064 88 482.5 114 976 120 79 856 61.5 42 144 132 368.5 109 108 72 806 786 56 60 72 259.5 162 730 90
internal_count=1506 66 52 1440 243 213 177 1197 144 1173 1131 246 82 164 134 885 295 590 274 570 88 253 67 482 60 72 422 43 42 124 118 186 68 100 64 402 382 52 60 50 118 72 330 40
is_linear=0
shrinkage=0.08


Tree=135
num_leaves=45
num_cat=0
split_feature=37 31 37 36 33 36 16 29 16 36 37 2 36 32 31 35 33 36 37 9 10 32 33 9 37 16 37 0 36 37 33 33 1 22 37 10 32 32 19 31 16 32 37 33
split_gain=0.130108 2.64704 0.102105 0.5942 0.280363 0.747067 4.52733 2.30912 1.75346 0.17102 0.150704 0.0785615 0.0684891 0.546438 0.0985596 0.276874 0.762047 0.170812 0.085144 0.337419 0.0399013 0.0387699 0.0162474 0.0161476 0.0627072 0.00727408 0.00351548 0.00275116 0.00165925 0.00149081 0.00145717 0.00143875 0.00117384 0.00100887 0.0021782 0.000874014 0.000839425 0.000698018 0.000734633 0.000687419 0.000684737 0.00110219 0.000838662 0.000759302
threshold=16.425000000000004 0.3000000000000001 2.9600000238418587 1.5000000000000002 1.0000000180025095e-35 1.5000000000000002 6.6350000000000016 1.0000000180025095e-35 6.9750000000000023 2.5000000000000004 16.185000000000006 16.495000000000001 2.5000000000000004 1.0000000180025095e-35 0.70000000000000007 1.5000000000000002 3.5000000000000004 1.5000000000000002 11.703076923076924 11.911538461538465 9.8000000000000025 0.70000000000000007 1.3 11.868846153846155 9.9650000000000016 6.8850000000000025 14.240000000000002 16.155000000000005 2.5000000000000004 9.9050000000000029 18.200000000000003 24.800000000000004 17.860000000000003 63.400000000000013 5.0400000000000009 8.6200000000000028 6.3000000000000016 3.1000000000000005 0.50000000000000011 1.0000000180025095e-35 6.7500000000000018 3.1000000000000005 7.9050000000000011 7.8000000000000007
decision_type=2 2 2 2 2 2 2 2 2 2 2 2 2 2 2 2 2 2 2 2 2 2 2 2 2 2 2 2 2 2 2 2 2 2 2 2 2 2 2 2 2 2 2 2
left_child=2 -2 3 -1 5 8 -7 -8 -4 -5 12 -3 14 -14 15 16 27 -17 20 26 30 -13 -23 29 -25 28 -20 -6 32 31 33 -16 36 34 -15 -30 -24 38 -31 -9 42 -42 -36 -44
right_child=1 11 4 9 10 6 7 39 -10 -11 -12 21 13 18 23 17 -18 -19 19 -21 -22 22 25 24 -26 -27 -28 -29 35 37 -32 -33 -34 -35 40 -37 -38 -39 -40 -41 41 -43 43 -45
leaf_value=-0.012276261758611158 -0.027580776405115814 0.0052528381440788505 0.025474665452133529 -0.0022431998405847008 6.7574140289798388e-05 -0.027530920240333524 0.027166280363895127 7.5353637803345926e-05 -0.0020711293211206792 0.0067610187145570912 0.0050074169078939837 0.0032235024869441986 -0.0096369620403611508 0.0008483898892466511 -2.8584164260470009e-05 -0.0045356965858149821 0.012208692953378585 0.0018570468143916854 0.00090512359835978216 -0.011551338475197554 0.0026494784777363139 -0.0021226517971427669 -0.0007118215023850401 0.00081645882840515399 -0.0034236790816776635 0.0013674333680149479 -0.00024578311571442498 -0.00083547655989317906 0.00076933546690270303 0.00070519510622101813 0.0004794501794540152 -0.00053058612136504593 0.00029510794763336893 -0.00038084435295565307 0.00017187647922481928 2.1425629267469047e-05 -0.00011336107909058532 8.5753118501760505e-05 0.00018357604528622081 -0.00045768780152623853 -6.7298639862036164e-05 0.00051681733308121184 -4.7776738785413418e-05 -0.00041602375898510215
leaf_weight=27 23 24 27.5 27 50 29.5 29 32 32 27 38 27 41.5 21 579 53.5 48 53.5 29 20 42 21 30 49 41 30 41 38 20 27 49 39 20 37 72 20 30 203 48 30 44 39 126.5 50
leaf_count=27 23 24 14 27 48 16 24 22 27 27 38 27 23 21 294 25 28 25 21 10 18 21 30 20 20 30 41 20 20 16 23 20 20 28 30 20 30 126 38 20 24 19 58 23
internal_value=-7.04959e-12 -0.00174631 0.000199928 -0.00258615 0.000309531 0.00332565 -0.000295928 0.008533 0.0106601 0.00225891 2.05993e-05 0.000930234 -8.23334e-05 -0.000773804 0.000261995 0.0017051 0.00410035 -0.00133932 -0.00012907 -0.00238728 0.000293904 0.000406282 -3.85426e-05 -9.36589e-05 -0.00111516 0.000253233 0.000231021 -0.00032238 -2.53175e-05 8.94722e-06 6.82848e-05 -6.02639e-05 -0.000235666 1.65593e-05 5.82726e-05 0.000395381 -0.000412591 0.000162805 0.000371359 -0.00018257 8.2199e-06 0.000207165 -5.82287e-05 -0.000152096
internal_weight=2385 245 2140 81 2059 180 120.5 91 59.5 54 1879 222 1841 612 1229 243 136 107 570.5 90 480.5 198 171 986 90 150 70 88 120 896 438.5 618 80 389.5 352.5 40 60 278 75 62 331.5 83 248.5 176.5
internal_count=1506 245 1261 81 1180 123 82 66 41 54 1057 222 1019 339 680 146 96 50 316 72 244 198 171 534 40 150 62 68 120 494 226 314 80 203 175 40 60 180 54 42 154 43 111 81
is_linear=0
shrinkage=0.08


Tree=136
num_leaves=45
num_cat=0
split_feature=34 36 0 35 15 32 13 15 16 34 29 33 11 16 36 26 36 33 34 36 31 31 16 16 36 29 0 33 15 33 16 34 34 31 34 11 33 20 21 21 31 20 35 6
split_gain=0.151423 0.821898 3.33045 0.0178107 0.0470208 0.0436521 0.0161481 0.0271019 0.0536878 0.0174919 0.00760776 0.0140368 0.00540542 0.00356812 0.0233697 0.11294 0.00914836 0.00575881 0.00575506 0.00448406 0.0319255 0.0104801 0.0192156 0.00411428 0.00283958 0.00257006 0.00217291 0.00182342 0.00177408 0.00164549 0.00150673 0.00239234 0.00178064 0.00132042 0.00110413 0.000943774 0.000928311 0.000878699 0.000632361 0.000533803 0.000486799 0.00044449 0.000670419 0.00164044
threshold=1.0000000180025095e-35 2.5000000000000004 16.415000000000003 1.0000000180025095e-35 0.72499999999999976 0.70000000000000007 9.2200000000000006 1.6349999999999998 6.6850000000000014 119.60000000000004 1.0000000180025095e-35 1.0000000180025095e-35 9.9550000000000018 6.0550000000000024 2.5000000000000004 1.6000000000000003 1.5000000000000002 1.0000000180025095e-35 10.700000000000005 2.5000000000000004 1.0000000180025095e-35 1.0000000180025095e-35 6.6350000000000016 9.0050000000000026 1.5000000000000002 22.000000000000004 14.200000000000001 13.300000000000002 2.0249999999999999 2.1000000000000005 6.7500000000000018 59.500000000000007 37.600000000000001 0.50000000000000011 12.700000000000003 9.6300000000000008 24.800000000000004 0.3000000000000001 4.2000000000000011 13.900000000000002 24.800000000000004 13.900000000000002 1.5000000000000002 10.105000000000002
decision_type=2 2 2 2 2 2 2 2 2 2 2 2 2 2 2 2 2 2 2 2 2 2 2 2 2 2 2 2 2 2 2 2 2 2 2 2 2 2 2 2 2 2 2 2
left_child=1 2 -1 4 5 -2 7 8 -6 10 -9 -12 13 14 15 -5 -17 18 28 21 -21 22 -19 35 -25 27 -22 33 -15 -10 38 32 34 -13 -32 36 40 -35 -28 -39 41 42 43 -23
right_child=3 -3 -4 12 6 -7 -8 9 29 -11 11 25 -14 17 -16 16 -18 19 -20 20 26 23 -24 24 -26 -27 30 -29 -30 -31 31 -33 -34 37 -36 -37 -38 39 -40 -41 -42 -43 -44 -45
leaf_value=-0.015903112967809042 0.0050537958481625001 -0.014527401924133302 0.02321594712825922 0.004287734591298633 0.0052104562223844585 0.00050469413020268628 -0.0015161032062023878 -0.0013482007204934402 0.00099697152542787431 0.0023211302368768626 0.0020466789273944283 -0.00068541393673513082 -0.00078092291787335716 0.00016649503642931964 -0.00077242089446350848 -0.0010629040594138796 0.00030044283747436513 -0.0023208368404044047 -0.0014706695226557327 0.0024039144271725339 -0.00071191802669394141 -0.00019647111448189506 0.00018437867073158105 0.0014717761315405371 0.00012369235476944595 -0.00095341898545268033 -0.00013367731734339534 0.00046965922384212413 -0.00070770197936023281 9.1096566034001161e-05 2.8514413423435665e-05 0.00078835913838526937 -0.00042706386884674432 -0.00042110767768463122 0.00063357576389204374 -0.00038929656307057792 -0.00040357812609825589 -4.562734005351861e-05 0.0001369211786961252 0.00033701426753153399 0.00028985667044007397 -0.00023775035394355657 8.3658620211327084e-05 0.00022071713149281487
leaf_weight=30 27 28 26 45 21 27 30 27 21 21 21 24 54 39 85.5 63 63 36 33 39.5 24 214 43 20 20 21 174 39 24 33 46.5 41.5 32 33 33 45 37 105 81 30 37 50 357 84
leaf_count=30 27 22 14 20 21 27 30 27 21 21 21 24 24 24 38 28 28 16 18 22 24 120 28 20 20 21 78 39 24 33 24 24 20 33 22 20 20 105 38 30 20 36 162 42
internal_value=1.11276e-11 -0.00333626 0.00225931 0.000121793 0.00055531 0.00277924 0.000273403 0.000408972 0.00177816 8.90671e-05 -6.71773e-05 5.95174e-05 7.52179e-06 3.16169e-05 0.000307489 0.000847444 -0.000381231 -1.52294e-05 -0.00061483 2.54646e-05 0.000226902 -7.5254e-05 -0.000957239 5.39046e-06 0.000797734 -0.000106079 2.78461e-05 -2.90486e-05 -0.000166532 0.000443381 7.13616e-05 0.000269835 7.68419e-05 -0.000130349 0.000279672 -3.30728e-05 -1.24951e-05 -5.10535e-05 -4.77225e-05 3.94041e-05 7.00637e-06 -7.83825e-06 9.71229e-06 -7.88744e-05
internal_weight=2385 84 56 2301 480 54 426 396 75 321 300 273 1821 1767 256.5 171 126 1510.5 96 1414.5 471.5 943 79 864 40 252 432 231 63 54 408 153 111.5 192 79.5 824 779 168 255 135 742 705 655 298
internal_count=1506 66 44 1440 480 54 426 396 75 321 300 273 960 936 114 76 56 822 66 756 252 504 44 460 40 252 230 231 48 54 206 90 66 192 46 420 400 168 116 135 380 360 324 162
is_linear=0
shrinkage=0.08


Tree=137
num_leaves=45
num_cat=0
split_feature=37 33 31 33 36 30 16 36 32 37 36 30 15 30 37 15 36 33 5 16 0 27 10 1 37 0 16 25 37 31 0 37 31 33 33 23 32 1 9 16 6 33 15 37
split_gain=0.125245 3.98954 0.375459 0.23282 1.5243 2.25811 0.972207 0.868014 0.955658 0.146464 0.0638679 0.352225 0.893296 0.0907267 0.256862 0.607827 0.0885261 0.0487153 0.047604 0.0299535 0.0172107 0.0158952 0.0168908 0.0118684 0.0241942 0.0547231 0.0198188 0.00425008 0.00275449 0.00379762 0.00219644 0.00227814 0.00304935 0.00148156 0.000817887 0.000891196 0.000812466 0.000793127 0.000719533 0.00100936 0.000711912 0.000607431 0.00054405 0.000490806
threshold=16.185000000000006 0.3000000000000001 1.0000000180025095e-35 1.0000000180025095e-35 2.5000000000000004 1.0000000180025095e-35 6.6350000000000016 1.5000000000000002 1.0000000180025095e-35 9.4550000000000018 2.5000000000000004 0.50000000000000011 1.7630769230769225 0.50000000000000011 9.7850000000000019 1.7630769230769225 1.5000000000000002 1.3 9.9350000000000005 6.6750000000000016 16.625000000000004 19.500000000000004 9.8550000000000022 17.875000000000004 11.703076923076924 16.155000000000005 6.0700000000000012 1.0000000180025095e-35 5.3900000000000015 0.50000000000000011 12.820000000000002 3.3550000000000004 0.3000000000000001 13.300000000000002 11.100000000000001 8.7000000000000011 26.500000000000004 17.955000000000002 10.025 6.8850000000000025 10.675000000000002 0.3000000000000001 2.4650000000000012 9.9050000000000029
decision_type=2 2 2 2 2 2 2 2 2 2 2 2 2 2 2 2 2 2 2 2 2 2 2 2 2 2 2 2 2 2 2 2 2 2 2 2 2 2 2 2 2 2 2 2
left_child=3 -2 -3 4 6 -6 -1 8 -8 -9 13 12 -12 14 16 -16 -5 -4 19 -19 -21 22 30 24 26 42 -13 -20 -28 -30 -15 -32 -33 38 35 -29 37 41 39 -31 -40 -34 -26 -43
right_child=1 2 17 10 5 -7 7 9 -10 -11 11 23 -14 21 15 -17 -18 18 27 20 -22 -23 -24 -25 25 -27 28 34 29 33 31 32 36 -35 -36 -37 -38 -39 40 -41 -42 43 -44 -45
leaf_value=0.011093140281083292 -0.034299878786233341 0.011700023343611974 -0.0027214921116828915 -0.0029309368542202847 0.028939957667763038 0.00047626490979878742 -0.022094394872423082 -0.0020023008572923788 -0.0011090937227595087 0.0061112353296912452 0.0015849504167246714 0.0025397273728793319 -0.013540323459532823 0.0010546546777671514 -0.00063851956000226498 0.012519897736179142 0.0014891066618970242 0.0048489409507740111 -0.0011102415506158852 -0.00050801982304879596 0.0023326645850036769 0.0016056836241235338 -0.0013734739996670259 0.0013444099645647739 0.00045507597249178663 -0.0049335868638008835 -0.00060477986688160204 4.432546666875068e-05 0.0010797059594416152 1.1254567484222892e-06 0.00085675151811705696 -0.00064706993916143602 -0.00022035547599737204 0.00046882440382614728 0.00030559540105362735 -0.00058682472101368366 -0.00035960563513938156 -0.0003254932328644726 -0.00037023066525795949 0.00047943442745108 3.2583297604424322e-05 -2.6911214236114509e-06 -0.00012793511082418265 0.00014148664735128276
leaf_weight=28.5 22 20 30 58 30 44 30.5 34 25.5 24.5 57 22 44.5 11.999999999999998 53 39 58 21 27 21 39 36 63 45 21 20 35 45 25.5 138 18 52 62 50 39 21 42 45 54 35.5 58.5 503 20 216
leaf_count=15 22 20 30 35 25 29 27 28 18 18 32 9 30 12 30 26 35 21 27 21 39 16 28 20 21 13 35 45 12 64 18 32 42 24 39 21 22 20 24 23 26 252 20 140
internal_value=-4.29992e-12 -0.00157367 0.00116389 0.000213569 0.00269491 0.0120156 -0.00212839 -0.00541934 -0.0125386 0.00139568 -7.23843e-05 -0.000732601 -0.00504633 0.000256411 0.00178273 0.00493951 -0.000720915 0.000296714 0.000721814 0.00224856 0.00133843 -4.62342e-05 -0.00010494 0.000102181 -1.43994e-05 -0.00150285 0.000202555 -0.000215053 7.2876e-05 0.000138486 -2.08163e-05 -3.45749e-05 -5.20139e-05 6.70539e-05 1.51385e-05 -0.000156495 -1.63654e-05 1.08747e-06 -3.18566e-06 9.89927e-05 -0.000160767 1.99045e-05 0.00017068 4.06224e-05
internal_weight=2385 285 263 2100 217 74 143 114.5 56 58.5 1883 626 101.5 1257 208 92 116 243 213 81 60 1049 1013 524.5 479.5 61 418.5 132 396.5 361.5 950 938 920 336 105 66 868 826 286 173.5 112.5 781 41 719
internal_count=1506 285 263 1221 160 54 106 91 45 46 1061 353 62 708 126 56 70 243 213 81 60 582 566 291 271 54 217 132 208 173 538 526 508 161 105 66 476 454 137 87 50 434 41 392
is_linear=0
shrinkage=0.08


Tree=138
num_leaves=45
num_cat=0
split_feature=34 36 0 37 0 32 16 0 37 32 10 11 37 36 9 37 36 10 31 16 37 31 16 0 2 0 31 37 19 21 31 16 0 31 2 22 22 32 36 33 33 37 33 37
split_gain=0.15439 0.902727 4.67034 0.0534446 0.0915954 0.0724772 0.0660278 0.0348804 0.0118771 0.00915158 0.00524327 0.0039658 0.00364991 0.0893413 0.270466 0.220343 0.0117029 0.0270692 0.0211891 0.0657373 0.0152434 0.0107035 0.0111646 0.00872334 0.00588694 0.00451631 0.00394946 0.00462667 0.00338362 0.00298801 0.00234108 0.00230821 0.00194972 0.00183913 0.00161022 0.00212028 0.00329379 0.00132455 0.00621169 0.0021137 0.00112829 0.000918524 0.000901517 0.00165511
threshold=1.0000000180025095e-35 1.5000000000000002 16.415000000000003 16.425000000000004 17.070000000000004 1.3 6.6750000000000016 16.590000000000003 16.175000000000004 1.3 9.7700000000000014 9.9550000000000018 11.703076923076924 1.5000000000000002 11.893461538461539 11.868846153846155 2.5000000000000004 9.8550000000000022 0.70000000000000007 6.785000000000001 2.9600000238418587 1.0000000180025095e-35 7.0250000000000012 14.200000000000001 16.175000000000004 14.240000000000002 1.3 3.6250000000000004 0.3000000000000001 1.0000000180025095e-35 4.6000000000000005 6.0700000000000012 13.645000000000001 1.0000000000000002 14.485000000000001 11.100000000000001 16.300000000000004 0.50000000000000011 1.5000000000000002 0.3000000000000001 1.5000000000000002 7.9350000000000014 3.9000000000000004 9.7850000000000019
decision_type=2 2 2 2 2 2 2 2 2 2 2 2 2 2 2 2 2 2 2 2 2 2 2 2 2 2 2 2 2 2 2 2 2 2 2 2 2 2 2 2 2 2 2 2
left_child=1 -1 -3 8 5 -5 -7 -8 11 -6 -11 12 16 14 28 -15 17 20 19 -18 -2 22 -22 -20 29 -21 -25 -28 -14 -17 -10 -23 -31 -34 -29 -36 -37 38 -33 -39 -30 -38 -41 -44
right_child=3 2 -4 4 9 6 7 -9 30 10 -12 -13 13 15 -16 24 18 -19 23 25 21 31 -24 26 -26 -27 27 34 40 32 -32 37 33 -35 35 36 41 39 -40 42 -42 -43 43 -45
leaf_value=0.0083597327343055191 0.0015820081152624504 0.012274765980740388 -0.034049779428885533 0.0069446869547634075 -0.001586302907339164 0.005700111186930111 -0.0016197172269501068 0.0024467159517937236 -0.0019382812180334613 -1.63069466704174e-05 0.0013718354599993854 -0.00065810024289897199 0.00088010599215825394 -0.0086475487500429146 0.010567950740456583 -0.00093394585504111922 0.0036344548355747054 -0.0022575277499364398 -0.001702907371541692 -0.0010286120563530578 -0.0017054435721150151 -0.00043756533920279015 2.2247475247050442e-05 0.0010606399309985779 0.00092480259338537086 0.00024726282306281581 0.0031618996461232501 -0.0010494885138339466 -0.00067650710321253251 0.00076100501189516349 -0.00074373413243197979 0.00089302353810217952 -0.00075421644002199165 0.00012803529314095937 -0.00012006521548465949 0.00099552127990930805 0.00027304130839183926 -0.00054405071898005325 -0.00037435724280040827 9.7075482449524681e-05 8.2964701681292714e-05 -0.00018331311274283002 3.2456485857430821e-05 -0.00029575678024020116
leaf_weight=28 34 30 26 24 21 21 27 27 21 102 21 54 27 20 20 22 45.5 38 18 26 54 92 43 25.5 52 56 2.9999999999999991 8.9999999999999982 21 22 21 49.5 20 62 226 31.5 64 52 49.5 276 31 50.5 266 156
leaf_count=22 34 30 14 24 21 21 27 27 21 102 21 24 20 10 10 22 20 16 18 26 24 38 28 14 28 30 3 9 21 22 21 31 20 62 99 14 37 32 31 146 31 25 132 78
internal_value=-1.84445e-11 -0.00336879 -0.00923306 0.000122981 0.00124501 0.00311822 0.00189375 0.000413499 -9.50337e-06 -4.28273e-05 0.000220693 1.82363e-05 3.68511e-05 0.000295202 0.00225745 -0.00068592 -9.23319e-06 -0.000159207 0.000290714 0.00119585 -8.4826e-05 -0.000139424 -0.00093956 2.07621e-05 0.000208645 -0.000157283 9.65278e-05 3.25047e-05 0.00015352 -8.69114e-05 -0.00134101 -5.69442e-05 9.22689e-05 -8.71481e-05 7.86382e-06 3.34449e-05 0.00027107 -1.5699e-05 0.000259333 -5.20032e-05 -0.000223745 7.17671e-05 -1.53464e-05 -8.88735e-05
internal_weight=2385 84 56 2301 243 99 75 54 2058 144 123 2016 1962 297 99 198 1665 1110 555 127.5 1072 1038 97 427.5 178 82 409.5 384 79 126 42 941 104 82 381 372 146 849 99 750 52 114.5 698 422
internal_count=1506 66 44 1440 243 99 75 54 1197 144 123 1155 1131 246 82 164 885 590 295 76 574 540 52 219 154 56 201 187 72 126 42 488 104 82 184 175 76 450 62 388 52 62 356 210
is_linear=0
shrinkage=0.08


Tree=139
num_leaves=45
num_cat=0
split_feature=34 36 0 37 0 30 4 37 31 30 33 37 15 0 36 15 15 11 16 31 36 10 31 16 37 0 31 16 15 14 30 0 37 15 1 30 31 34 36 36 34 37 1 16
split_gain=0.130676 0.828848 2.95928 0.0452355 0.0775263 0.0906632 0.0214766 0.0100528 0.00625737 0.00803435 0.0051823 0.00378329 0.078937 0.11888 0.0393022 0.308972 0.220528 0.0384823 0.0153378 0.0139732 0.00840486 0.0234367 0.0176975 0.0655804 0.0125032 0.00730994 0.00712674 0.00782531 0.00463826 0.00335601 0.00713362 0.00318808 0.00313967 0.0029903 0.00223642 0.00157741 0.00150421 0.0014424 0.00353301 0.00151557 0.00726221 0.00345144 0.00371364 0.00317953
threshold=1.0000000180025095e-35 2.5000000000000004 16.415000000000003 16.425000000000004 17.070000000000004 1.3 16.505000000000006 16.175000000000004 1.0000000000000002 1.9000000000000001 1.7000000000000004 10.085000000000003 1.781153891453376 13.350000000000003 1.5000000000000002 2.1715384615384621 2.0534615384615376 9.9550000000000018 6.0550000000000024 2.8000000000000003 2.5000000000000004 9.8550000000000022 0.70000000000000007 6.785000000000001 2.9600000238418587 14.200000000000001 1.0000000180025095e-35 7.0250000000000012 0.29999999999999899 7.7950000000000008 0.50000000000000011 14.110000000000001 7.4050000000000011 2.6899999999999999 16.195000000000004 6.5000000000000009 1.0000000000000002 10.700000000000005 1.5000000000000002 1.5000000000000002 13.100000000000001 8.9450000000000021 16.575000000000003 6.1050000000000013
decision_type=2 2 2 2 2 2 2 2 2 2 2 2 2 2 2 2 2 2 2 2 2 2 2 2 2 2 2 2 2 2 2 2 2 2 2 2 2 2 2 2 2 2 2 2
left_child=1 2 -1 7 5 -5 -7 11 -6 -10 -8 17 13 -13 15 -14 -16 20 -18 -17 21 24 23 -22 -2 -24 27 -26 -25 30 -27 -20 -32 -34 -9 -21 -33 38 -28 40 -39 -42 -43 -41
right_child=3 -3 -4 4 8 6 10 34 9 -11 -12 12 14 -15 16 19 18 -19 31 35 22 -23 25 28 26 29 37 -29 -30 -31 32 36 33 -35 -36 -37 -38 39 -40 43 41 42 -44 -45
leaf_value=-0.014600556413332622 0.0014554474744791685 -0.014337646748338427 0.022274248118583976 0.0071484579145908358 0.0012368841203750068 0.003472690857791652 0.0014259335216290007 -0.00064995614637155088 -0.0016822650749790705 3.6071027105779149e-05 -0.00018972182689510562 0.00047855068667558955 0.009514684325549751 -0.0077634880567590391 -0.0074067585865178935 -0.0016909650168739831 0.0014000300300540402 0.0023066226082300999 0.0022027257434092461 -0.00018977221465693453 0.0038939710788428784 -0.00207692561279002 -0.0015666748123799657 0.00083372487127780922 -0.0014513801788911223 0.0017174154626471655 0.00070499706306639733 2.0467679146244084e-05 -0.00051469293078642436 -0.00015384359186361039 -0.00028685472018771081 -0.00056098281501737587 0.00088301150884944951 -1.9623291192819242e-05 -0.0018174979658353897 0.00053447019712429638 2.7643759324411419e-05 -0.0016699747797101737 -0.00021872134070913745 0.00059435056242267646 8.7150631984380441e-05 -0.00011529433207761031 -0.0010303121013566852 -5.8346245873758636e-05
leaf_weight=30 34 28 26 24 21 24 24 21 21 102 27 24 24 21 26 39 64 48 3.9999999999999991 39 37.5 38 18 22.5 50 21 53 43 59.5 185 63.5 34 48 46 21 38 152 20 53 56.5 221.5 80 44 309
leaf_count=30 34 22 14 24 21 24 24 21 21 102 27 24 18 18 18 28 34 21 4 26 16 16 18 10 22 11 34 28 46 80 44 28 23 20 21 24 108 12 34 23 113 40 19 161
internal_value=2.14106e-11 -0.00309929 0.00251989 0.000113142 0.00114541 0.00286876 0.00149926 -8.74311e-06 -3.94011e-05 -0.000257303 0.000570587 1.67774e-05 -0.000183374 -0.00336773 0.000157807 0.00125224 -0.000389409 7.67841e-05 0.000328903 -0.000457232 5.57171e-06 -0.000128199 0.000273113 0.00112267 -5.13819e-05 7.00162e-06 -0.00010647 -0.000770848 -0.0001447 8.49278e-05 0.000332394 -3.18982e-05 0.000147724 0.000441297 -0.00123373 0.000167646 -7.99546e-05 -3.26505e-05 0.000243138 -7.26417e-05 -0.000187833 -0.000102036 -0.000439978 4.25494e-05
internal_weight=2385 84 56 2301 243 99 75 2058 144 123 51 2016 465 45 420 140 280 1551 254 116 1503 1002 501 119.5 964 381.5 930 93 82 363.5 178.5 190 157.5 94 42 77 186 837 106 731 365.5 345.5 124 365.5
internal_count=1506 66 44 1440 243 99 75 1197 144 123 51 1155 330 42 288 96 192 825 174 78 804 536 268 72 520 196 486 50 56 178 98 140 87 43 42 50 136 436 68 368 184 172 59 184
is_linear=0
shrinkage=0.08


Tree=140
num_leaves=45
num_cat=0
split_feature=34 36 15 35 33 1 33 15 16 36 31 34 31 32 11 22 32 11 36 1 32 16 16 33 36 33 1 31 32 36 29 35 16 33 12 16 16 35 18 19 18 19 31 32
split_gain=0.110604 0.70173 4.26171 0.0134135 0.0521139 0.16243 0.0201053 0.0178319 0.0267595 0.0116848 0.0160545 0.0104461 0.00929086 0.0078051 0.00432663 0.00400705 0.00373274 0.00318533 0.0030809 0.0217591 0.0209938 0.0296292 0.0131398 0.027977 0.0563487 0.0101294 0.0087376 0.00590606 0.005369 0.0221992 0.00464265 0.00409723 0.00277652 0.0020097 0.00162214 0.0015696 0.000807375 0.0015122 0.00559941 0.00258057 0.00236988 0.00231369 0.00147845 0.000957079
threshold=1.0000000180025095e-35 1.5000000000000002 1.7950000762939455 1.0000000180025095e-35 0.3000000000000001 16.175000000000004 0.70000000000000007 1.6600000000000001 6.6850000000000014 2.5000000000000004 0.50000000000000011 74.200000000000017 0.50000000000000011 0.50000000000000011 9.9550000000000018 9.8000000000000025 18.200000000000003 9.9200000000000017 1.5000000000000002 14.110000000000001 1.3 6.9000000000000012 6.0550000000000024 3.5000000000000004 2.5000000000000004 1.0000000180025095e-35 17.845000000000002 0.70000000000000007 1.0000000180025095e-35 2.5000000000000004 0.50000000000000011 1.5000000000000002 7.5050000000000017 16.100000000000005 7.6950000000000012 6.1050000000000013 6.6750000000000016 1.5000000000000002 3.3000000000000003 5.9000000000000012 0.50000000000000011 3.7000000000000006 0.70000000000000007 1.7000000000000004
decision_type=2 2 2 2 2 2 2 2 2 2 2 2 2 2 2 2 2 2 2 2 2 2 2 2 2 2 2 2 2 2 2 2 2 2 2 2 2 2 2 2 2 2 2 2
left_child=1 -1 -3 4 5 12 -6 8 -8 10 -9 15 -2 -10 17 -11 33 18 19 31 21 -21 23 -20 -25 30 27 -22 29 -27 -24 -5 -15 34 -12 -36 42 41 40 -40 43 -38 -30 -39
right_child=3 2 -4 14 6 -7 7 9 13 11 16 -13 -14 32 -16 -17 -18 -19 22 20 26 -23 25 24 -26 28 -28 -29 36 -31 -32 -33 -34 -35 35 -37 37 38 39 -41 -42 -43 -44 -45
leaf_value=0.0074893634234155931 0.0012688815508348247 0.011441558623124683 -0.033045896401210709 0.00082193932119047357 -0.0017708925448470948 0.0083874402550004785 0.0037615460352528663 -0.0023274031262068696 0.0018139920219601619 0.0010094668450100082 0.00016962506915367537 0.0023217036787536926 -0.00084289837830389539 -0.00057505455799400807 -0.00070046992844759691 -0.00020946285138941475 -0.00095040080137550828 0.00072778178861847634 0.0024486533883545133 -0.0021861199560264748 0.00095899671316146851 0.00039277344921846751 -0.0016371752781903044 0.0018571153220235028 -0.0016541918625052161 -0.00066678610217722159 -0.0010595209487817352 -1.2979537554451391e-06 -0.0005229654738472567 0.0020153153718366654 -0.0002717661845187346 0.0024022418730670499 0.00060754560052979887 0.00066802112333659482 1.2303861175579104e-05 -0.00094332152025096807 7.205033810654034e-05 -0.00040073839096086371 -0.00031811991165722574 -0.0014510254838122902 0.00059823844507160898 0.00072718885998018898 -3.9964674562986238e-05 0.00011814919515297963
leaf_weight=28 24 31.5 24.5 21 33 21 21 24 21 28 62 20 30 27 54 45 28 40.5 45 75 47 46 34 58.5 58.5 39.5 45 320.5 45 39.5 30 21 24 28 22 22 138 35 31 22 53 46 411 65
leaf_count=22 24 28 16 21 33 21 21 24 21 28 62 20 30 27 24 45 28 18 20 34 22 30 24 26 26 22 20 158 20 22 20 21 24 28 22 22 86 20 22 22 32 36 188 26
internal_value=-2.7321e-12 -0.00285135 -0.0080217 0.000104091 0.000480307 0.00241737 0.000121592 0.000289474 0.00124883 -3.03105e-05 -0.000396398 0.000701864 9.56705e-05 0.000515951 4.92361e-06 0.000258072 -0.000110323 2.64806e-05 1.00296e-05 -0.000141104 -0.000279125 -0.00120571 8.55963e-05 0.000753459 0.000101462 -2.38009e-05 -7.32507e-06 0.000121515 4.35436e-05 0.000674265 -0.00099714 0.00161209 -1.85368e-05 6.52161e-05 -9.40154e-05 -0.000465509 -1.53535e-05 6.91535e-05 -7.97271e-05 -0.000788383 0.000165755 0.000235835 -8.76292e-05 -6.34615e-05
internal_weight=2385 84 56 2301 480 75 405 372 93 279 186 93 54 72 1821 73 162 1767 1726.5 575.5 533.5 121 1151 162 117 989 412.5 367.5 925 79 64 42 51 134 106 44 846 390 206 53 153 184 456 100
internal_count=1506 66 44 1440 480 75 405 372 93 279 186 93 54 72 960 73 162 936 918 306 264 64 612 72 52 540 200 180 496 44 44 42 51 134 106 44 452 244 122 44 78 122 208 46
is_linear=0
shrinkage=0.08


Tree=141
num_leaves=45
num_cat=0
split_feature=37 4 34 37 30 15 31 1 37 11 37 37 31 21 4 1 31 37 34 33 32 29 1 34 31 1 33 34 37 34 34 37 37 22 22 34 1 20 37 31 13 34 31 37
split_gain=0.131507 2.87129 0.365792 0.983033 0.0629217 0.0150152 0.016774 0.00907383 0.00771214 0.00376518 0.00314108 0.0126883 0.00203446 0.00325559 0.00203324 0.00196068 0.00183268 0.00215826 0.00149948 0.00137497 0.00388657 0.00217313 0.00104041 0.00103902 0.00286495 0.00269438 0.0020687 0.000964721 0.000895604 0.000685033 0.000993948 0.00111596 0.00152553 0.00573984 0.00184915 0.00116687 0.000915655 0.000544272 0.000485251 0.000423566 0.000376434 0.000588546 0.000424535 0.00034327
threshold=16.425000000000004 16.455000000000002 1.0000000180025095e-35 7.8750000000000009 0.3000000000000001 0.72499999999999976 1.7000000000000004 16.960000000000004 16.175000000000004 9.9550000000000018 11.575000000000001 11.868846153846155 0.3000000000000001 1.0000000180025095e-35 17.965000000000003 16.195000000000004 1.7000000000000004 14.310000000000002 0.80000000000000016 1.0000000180025095e-35 0.3000000000000001 0.70000000000000007 17.860000000000003 6.0000000000000044 1.0000000180025095e-35 16.425000000000004 5.9000000000000012 86.000000000000014 5.2800000000000002 127.10000000000002 112.70000000000003 3.7450000000000006 5.2400000000000011 67.200000000000017 67.200000000000017 37.600000000000001 15.345000000000001 4.7000000000000002 14.695000000000002 4.2000000000000011 9.0900000000000016 13.500000000000002 1.0000000000000002 9.9050000000000029
decision_type=2 2 2 2 2 2 2 2 2 2 2 2 2 2 2 2 2 2 2 2 2 2 2 2 2 2 2 2 2 2 2 2 2 2 2 2 2 2 2 2 2 2 2 2
left_child=2 -2 3 -1 -3 -6 -7 -8 9 10 14 -12 13 -13 18 -10 17 -14 -4 20 -20 -22 38 26 25 -25 28 -9 -21 30 31 37 33 -33 36 -36 -34 -26 -18 -40 42 -42 -38 -44
right_child=1 4 8 -5 5 6 7 27 15 -11 11 12 16 -15 -16 -17 22 -19 19 23 21 -23 -24 24 29 -27 -28 -29 -30 -31 -32 32 34 -35 35 -37 40 -39 39 -41 41 -43 43 -45
leaf_value=-0.0060912734021743142 -0.030804057046771052 0.0046980109003682928 0.0012648054026067257 0.012093947051236262 0.001844415034995311 -0.0019139540990969787 0.0015349284440956332 0.00013665460579996479 -0.00053411914856128751 -0.00064443234000699946 0.0015593692700245551 0.001282268092923221 -0.0010072617859502014 -4.5842574478161553e-05 -0.00059340431075543165 -0.0016273161591518492 0.00040293526874544716 -1.0213293170443539e-05 0.00027502893680231831 0.00034248441483618482 -0.00023348030084982898 -0.0011155647795760271 -0.00021503864370364073 2.9954671000058832e-05 0.00016127793164923788 0.00096158447932670422 -0.00062383007638717211 -0.00046747958376294096 -0.0002345002562541402 0.00033356782922774186 -0.00035205216288115035 0.00045947049966170678 -0.00053496663637426015 -0.0014109755289696514 0.00080371141237647913 0.00014950161380693317 -0.00027551278667409479 0.00069230032596914542 0.00033270084667795649 -0.00010117886439224498 -2.1200663848686471e-05 0.00028422927689500789 -4.2164023420836964e-05 7.4634503097030091e-05
leaf_weight=30 20 24 5.9999999999999991 52 36 24 33 87 21 54 42 21 24 27 37.5 21 54 33 51 36 39 33 48 39 30 40.5 46.5 21 33 40.5 49.5 21 21 21 28.5 45 40.5 21 24 36 94.5 70.5 586.5 222
leaf_count=30 20 24 6 34 36 24 33 87 21 24 21 21 21 27 15 21 45 33 36 36 24 18 24 24 30 18 24 21 18 18 21 21 21 21 18 36 18 21 24 36 42 30 252 111
internal_value=-2.25704e-11 -0.00175567 0.000201 0.00544082 0.000826404 0.000364122 4.11492e-05 0.000373933 -7.77783e-06 1.45751e-05 3.27129e-05 0.000266832 6.35116e-05 0.000535206 -1.10517e-05 -0.00108072 -3.98735e-05 -0.000430023 2.46628e-06 -2.23955e-06 -0.000259292 -0.000637769 9.74014e-05 1.90302e-05 3.84431e-05 0.000504559 -0.000211404 1.91841e-05 6.65352e-05 9.75075e-06 -7.32535e-07 1.37413e-05 -2.49149e-06 -0.000475753 1.54399e-05 0.000403175 -1.20949e-05 0.000379934 0.000228955 7.2373e-05 -1.26618e-06 0.000109301 -2.27545e-05 -1.00932e-05
internal_weight=2385 245 2140 82 225 201 165 141 2058 2016 1962 309 267 48 1653 42 219 57 1615.5 1609.5 123 72 162 1486.5 1371 79.5 115.5 108 69 1291.5 1251 1201.5 1150.5 42 1108.5 73.5 1035 51 114 60 1014 165 849 808.5
internal_count=1506 245 1261 64 225 201 165 141 1197 1155 1131 252 231 48 879 42 183 54 864 858 78 42 129 780 702 42 78 108 54 660 642 621 570 42 528 54 474 51 105 60 453 72 381 363
is_linear=0
shrinkage=0.08


Tree=142
num_leaves=45
num_cat=0
split_feature=37 33 31 33 36 30 0 36 36 30 10 31 35 0 36 33 7 4 4 3 0 30 0 9 37 32 31 37 37 32 37 37 15 37 10 15 27 37 30 9 37 21 37 33
split_gain=0.112327 3.50592 0.297737 0.231336 1.44353 2.17617 0.827844 0.455012 0.054288 0.324139 0.114428 0.0721732 0.21541 0.653768 0.11506 0.04405 0.0414034 0.0537544 0.0218173 0.0130289 0.0117265 0.00840397 0.00311658 0.00192986 0.00159672 0.00475065 0.00120989 0.00119638 0.00193856 0.00112145 0.00110853 0.00392235 0.00188523 0.00108775 0.00172305 0.00237691 0.000739962 0.000661861 0.000494709 0.000365956 0.00040515 0.000336273 0.000299854 0.000784785
threshold=16.185000000000006 0.3000000000000001 1.0000000180025095e-35 1.0000000180025095e-35 2.5000000000000004 1.0000000180025095e-35 13.485000000000001 1.5000000000000002 2.5000000000000004 1.0000000180025095e-35 9.9200000000000017 0.70000000000000007 1.5000000000000002 16.415000000000003 1.5000000000000002 1.0000000000000002 9.9550000000000018 16.505000000000006 17.955000000000002 17.935000000000006 15.995000000000003 3.9000000000000004 17.220000000000002 11.868846153846155 4.0150000000000015 1.0000000180025095e-35 0.3000000000000001 3.7450000000000006 4.1950000000000012 27.500000000000004 11.470000000000001 4.745000000000001 2.8750000000000004 6.9350000000000014 7.5750000000000002 2.6488461538461547 7.5000000000000009 14.695000000000002 26.500000000000004 10.025 8.490000000000002 3.0000000000000004 9.9050000000000029 5.5000000000000009
decision_type=2 2 2 2 2 2 2 2 2 2 2 2 2 2 2 2 2 2 2 2 2 2 2 2 2 2 2 2 2 2 2 2 2 2 2 2 2 2 2 2 2 2 2 2
left_child=3 -2 -3 4 6 -6 -1 -8 11 -10 19 12 13 20 -14 -4 17 -17 23 24 41 -19 -18 27 -11 -26 -27 -13 -29 38 31 -28 37 -33 35 -35 -24 -32 42 -36 -41 -5 -30 -44
right_child=1 2 15 8 5 -7 7 -9 9 10 -12 18 14 -15 -16 16 22 21 -20 -21 -22 -23 36 -25 25 26 30 28 29 -31 32 33 -34 34 39 -37 -38 -39 -40 40 -42 -43 43 -45
leaf_value=-0.013831486447791879 -0.032168861024759035 0.010458420908835251 -0.0029499486663068335 -0.000282021460783047 0.028360512075324855 0.00041799096200107177 0.0061946841804063424 -0.0039582593427080889 -0.006181976859638047 -0.00050838755616159357 -0.0047730314997690071 0.00049330660389387045 -0.0035062965030266237 0.010650447253630353 0.0014275922781733935 0.0050106069973359499 -0.0010797944771392006 0.0016368153248051251 -0.0020206069753557028 0.0017673854627424763 -0.0020314977820574619 -0.00035920661253233756 0.00012090630942764573 -0.00047941168201052483 0.001164859882995205 -0.00053788052281228513 0.001909268121567688 -0.0010145230296378335 -2.0471893152360685e-05 -0.00039393008775299505 0.00041198190386322413 -0.0004404000841984243 0.00097586906393584997 0.0007321294184814217 4.346175686139735e-05 -1.6989320946427491e-05 -0.00030587751298951797 -0.00018966395407915115 0.00027638067367809769 -1.2930478731339628e-05 -0.00029960936149330561 0.00011973855101192992 0.0002295236575094262 -5.179567314469471e-05
leaf_weight=30 22 20 24 24 30 44 56.5 56.5 62 27 31.5 32 60.5 52 60.5 27 21 27 36 31.5 30 27 78 54 26.5 20.5 6.9999999999999991 11.999999999999998 521 42 22 33 23 46.5 76.5 65 39 25 49 55 74 30 124 130
leaf_count=30 22 20 24 24 25 29 38 38 36 27 14 32 32 26 32 27 21 27 16 14 18 27 78 24 14 13 7 12 252 22 20 27 13 23 34 30 39 25 24 22 34 28 88 78
internal_value=9.5281e-12 -0.00149031 0.00107596 0.000202256 0.00267567 0.011746 -0.00201809 0.00111821 -8.27842e-05 -0.000691476 -8.79098e-05 0.000220351 0.00141611 0.00360075 -0.00103935 0.00030374 0.000660309 0.00209607 -8.69593e-05 0.000189238 -0.000763349 0.000638804 -0.000182422 -1.47484e-05 9.00134e-05 0.0001241 6.24679e-05 1.2825e-05 -4.68684e-06 9.30627e-06 9.12902e-05 3.42127e-05 0.000382386 -3.28839e-06 4.22154e-05 0.000295423 -2.1355e-05 9.19575e-05 2.98596e-05 -9.517e-05 -0.000177382 -5.88215e-05 1.42731e-05 8.55413e-05
internal_weight=2385 285 263 2100 217 74 143 113 1883 626 564 1257 257 136 121 243 219 81 1000 532.5 84 54 138 964 501 474 447.5 910 878 866 427 357 70 350 317 111.5 117 47 824 205.5 129 54 775 254
internal_count=1506 285 263 1221 160 54 106 76 1061 353 317 708 160 96 64 243 219 81 548 303 70 54 138 532 289 262 248 508 476 464 235 177 58 170 143 53 117 45 442 90 56 52 418 166
is_linear=0
shrinkage=0.08


Tree=143
num_leaves=45
num_cat=0
split_feature=34 37 37 0 33 10 37 31 26 29 35 11 10 10 31 13 27 18 18 17 31 31 21 16 18 22 22 20 31 18 10 21 3 20 14 18 34 21 10 33 10 0 37 34
split_gain=0.137362 0.940041 0.0526156 0.0909565 0.0866984 0.063091 0.00883642 0.00496047 0.00775655 0.00466745 0.00453812 0.0800778 0.0377349 0.00602279 0.00386416 0.00361115 0.00244377 0.00258997 0.00224467 0.00699381 0.00387038 0.00301924 0.00326319 0.00203915 0.00316218 0.00237846 0.00185232 0.00182499 0.00171993 0.00152745 0.00126874 0.00114933 0.0011324 0.00115448 0.00107928 0.00119839 0.00206066 0.00127935 0.00102707 0.000996582 0.00147382 0.000922711 0.000891537 0.000737915
threshold=1.0000000180025095e-35 7.995000000000001 16.425000000000004 17.070000000000004 0.50000000000000011 8.3850000000000033 16.175000000000004 1.0000000000000002 0.50000000000000011 2.5000000000000004 1.5000000000000002 9.9450000000000021 9.9350000000000005 9.8550000000000022 4.6000000000000005 9.1350000000000016 9.5000000000000018 21.000000000000004 0.50000000000000011 1.0000000180025095e-35 0.3000000000000001 0.70000000000000007 1.0000000180025095e-35 6.0350000000000028 15.500000000000002 57.000000000000007 39.100000000000016 10.000000000000002 2.5000000000000004 1.5000000000000002 9.2600000000000016 6.4000000000000012 16.415000000000003 7.6000000000000005 7.7950000000000008 3.3000000000000003 3.5000000000000004 4.7000000000000002 7.3250000000000011 6.3000000000000016 8.0600000000000023 17.020000000000003 9.9800000000000022 66.100000000000009
decision_type=2 2 2 2 2 2 2 2 2 2 2 2 2 2 2 2 2 2 2 2 2 2 2 2 2 2 2 2 2 2 2 2 2 2 2 2 2 2 2 2 2 2 2 2
left_child=1 -1 6 4 -4 -6 10 -5 -9 -7 11 13 23 15 -8 16 17 18 21 -20 -21 22 -2 -12 25 30 29 42 -17 -22 32 -24 33 34 35 36 -25 -38 -23 40 -34 -32 -28 -31
right_child=2 -3 3 7 5 9 14 8 -10 -11 12 -13 -14 -15 -16 28 -18 -19 19 20 26 38 31 24 -26 -27 27 -29 -30 43 41 -33 39 -35 -36 -37 37 -39 -40 -41 -42 -43 -44 -45
leaf_value=0.0056984706789371554 0.00090023308673775507 -0.011246732139790602 0.0076585934701420008 0.001082309383921148 0.0047455312777310611 -0.00082567522910678584 -0.0019312883637446379 -0.0016481644895282529 4.0203015246958123e-05 0.00076455145384426472 -0.00032339992318063593 -0.004181399545321862 0.002394427420364486 0.0011296267316987117 -0.00039658988315966869 -0.00065436918154143946 0.00074583123562236631 0.00064701823469920036 -0.0013864538040770976 -0.00081721256463191446 -0.00012606632153409116 -0.00049008471908530704 -0.00038648748421110212 -9.1981538430307852e-05 -0.00067049105030794938 0.0006512490930336137 -0.0007650402960169947 7.7444674576529197e-05 -1.9382522219703311e-05 0.00023742812771902042 0.00055712034588768365 0.00039643926216134185 -0.00055754976897012625 -0.00028114835458497206 -3.1697195437219412e-05 -9.8462837437788647e-06 0.00097987066816400598 0.00036934009791972735 3.4964313276492143e-05 7.9321889301839588e-05 -6.5056835345361224e-05 8.2814888407786692e-05 -0.00023138937777748294 0.0006859257143611709
leaf_weight=40 57 44 21 21 30 21 21 21 102 27 97.5 30 45 30 21 78 30 39 27 39 69 27 24 33 36 46.5 33 90 42 108 52.5 24 52.5 37.5 90 52.5 40.5 48 204 150 150 52.5 51 30
leaf_count=34 45 32 21 21 30 21 21 21 102 27 39 15 18 15 21 39 15 36 21 30 42 21 24 33 27 33 24 69 21 78 21 21 21 24 36 30 27 30 105 60 60 21 39 15
internal_value=5.56521e-12 -0.00317759 0.000116001 0.00122929 0.00309596 0.00186756 -1.54521e-05 -5.40434e-05 -0.000248055 6.88273e-05 8.47469e-06 -0.000108729 0.000131395 1.32075e-05 -0.00116394 -2.12499e-05 3.66196e-05 1.0736e-05 -2.09562e-05 -0.000138392 -5.81596e-05 0.000135275 0.000490973 2.29434e-05 6.30723e-05 9.58573e-05 1.95388e-05 -0.000172857 -0.000432124 0.000181263 6.18313e-05 4.97589e-06 2.03874e-05 0.000134212 0.000193212 0.000309545 0.000447553 0.000648735 -2.64051e-05 -7.69691e-05 -0.00019274 0.000319968 -0.000441038 0.000334928
internal_weight=2385 84 2301 243 99 78 2058 144 123 48 2016 1032 984 1002 42 972 852 822 783 447 420 336 105 939 841.5 805.5 381 174 120 207 759 48 654 301.5 264 174 121.5 88.5 231 352.5 202.5 105 84 138
internal_count=1506 66 1440 243 99 78 1197 144 123 48 1155 675 480 660 42 645 585 570 534 318 297 216 90 462 423 396 267 132 60 135 363 45 321 180 156 120 90 57 126 141 81 42 63 93
is_linear=0
shrinkage=0.08


Tree=144
num_leaves=45
num_cat=0
split_feature=34 36 0 35 33 4 34 33 0 4 2 35 16 12 10 36 10 16 31 0 36 31 21 10 21 16 36 16 12 10 30 16 36 34 34 34 30 31 34 20 0 28 34 29
split_gain=0.116263 0.835078 2.40868 0.0153244 0.0572439 0.204463 0.0244515 0.0168067 0.00774554 0.0221985 0.0102946 0.00482963 0.0544982 0.0329543 0.012822 0.0179314 0.0104604 0.0198625 0.010084 0.0140385 0.0114199 0.00423787 0.00402242 0.00313847 0.00282136 0.00215264 0.00214062 0.0188339 0.0154547 0.00891071 0.00921182 0.0058999 0.00579192 0.00468911 0.00253518 0.0049267 0.00196036 0.00163789 0.00151227 0.00120602 0.00119083 0.00112038 0.00111174 0.000933339
threshold=1.0000000180025095e-35 2.5000000000000004 16.415000000000003 1.0000000180025095e-35 0.3000000000000001 16.195000000000004 119.60000000000004 0.70000000000000007 16.425000000000004 16.545000000000005 16.175000000000004 1.5000000000000002 5.9461538461538463 9.9350000000000005 9.8950000000000014 2.5000000000000004 7.9050000000000011 6.6500000000000012 1.3 15.995000000000003 1.5000000000000002 0.70000000000000007 1.3 8.9450000000000021 5.6000000000000005 7.0650000000000013 2.5000000000000004 6.0057692307692303 9.6700000000000017 4.0150000000000015 0.50000000000000011 8.8300000000000018 1.5000000000000002 5.400000000000003 10.700000000000005 15.800000000000002 2.8000000000000003 0.70000000000000007 25.100000000000005 1.3 13.645000000000001 13.700000000000001 26.100000000000005 1.5000000000000002
decision_type=2 2 2 2 2 2 2 2 2 2 2 2 2 2 2 2 2 2 2 2 2 2 2 2 2 2 2 2 2 2 2 2 2 2 2 2 2 2 2 2 2 2 2 2
left_child=1 2 -1 4 5 21 7 -6 10 -10 40 12 -5 26 15 18 22 -18 19 -14 -21 -2 -17 38 -24 41 28 -28 31 -29 -31 33 -33 -13 -35 -36 -32 -37 -20 -38 -9 -11 -39 -40
right_child=3 -3 -4 11 6 -7 -8 8 9 25 -12 13 14 -15 -16 16 17 -19 23 20 -22 -23 24 -25 -26 -27 27 29 -30 30 36 32 -34 34 35 37 39 42 43 -41 -42 -43 -44 -45
leaf_value=-0.012728973299264907 0.00056806450523436071 -0.014203891541276659 0.020539005605074077 -0.0027577335499033022 -0.0017385649957665891 0.0092371384657564618 0.0027909879173551289 0.00052388528729487146 0.0026246172391499083 -0.00036268440165763928 -0.0015896752756088973 -0.0017467869073152544 7.2364632686567972e-05 0.0022357106554425424 0.0013787671027793772 -0.00049271621126330126 0.0023507450681949115 0.00010720507474616171 0.00054775980035109181 -0.0024421125387942251 -0.00061943423119373623 -0.00085818223907457045 0.00073986798591379609 -0.00073511079631068501 -0.00015322666316550519 0.00084174510013932985 0.0021898724138736726 -0.0012385221336488471 -0.0014150230981409551 0.0012985534811174714 -0.00046240978772941701 0.0016758083341712202 1.876234145904029e-05 0.00078809055984020227 -0.00086618234181687944 0.00062153481525079957 -9.018720964338373e-05 -0.00063387768671793092 -0.00049050428450573235 0.00035547936463000291 -7.0117462029749603e-05 0.00015847598376561597 2.6706198921437632e-05 -1.8269425804610366e-05
leaf_weight=30 30 28 26 48 33 21 21 27 27 36 30 9.9999999999999982 58 45 42 53 46 56 28 44 44 24 56 44 38 24 27.5 33 50 38.5 54 27 27 25 42 29 93.5 17 30 66.5 108 99 399 250
leaf_count=30 30 22 14 24 33 21 21 27 27 36 30 4 52 18 21 35 23 28 22 22 22 24 34 22 25 24 11 33 20 16 24 27 27 10 18 14 38 8 16 32 108 99 180 134
internal_value=-1.39082e-12 -0.00292338 0.00271687 0.000106721 0.000508843 0.00253901 0.000132887 -1.24783e-05 0.000149803 0.000503758 -0.0002492 7.24576e-07 -0.000140538 0.000120884 1.86832e-05 -5.77874e-05 0.000496521 0.001119 -0.000334942 -0.00089391 -0.00153077 -6.58229e-05 6.45989e-05 -0.000103097 0.00037883 0.000143612 1.95343e-05 0.000190356 -6.58764e-05 -2.2423e-06 0.000159331 5.1237e-05 0.000847285 -3.11128e-05 2.39642e-06 -3.7937e-05 -4.56227e-05 4.02345e-05 -1.28091e-05 9.5043e-05 4.86831e-05 1.94999e-05 -2.88816e-07 -6.8866e-05
internal_weight=2385 84 56 2301 480 75 405 384 351 186 165 1821 837 984 789 747 249 102 498 146 88 54 147 352 94 159 939 313 626 285.5 252.5 576 54 522 512 487 214 445 308 160 135 135 416 280
internal_count=1506 66 44 1440 480 75 405 384 351 186 165 960 480 480 456 435 145 51 290 96 44 54 94 194 59 159 462 154 308 143 110 288 54 234 230 220 94 202 172 70 135 135 188 150
is_linear=0
shrinkage=0.08


Tree=145
num_leaves=45
num_cat=0
split_feature=37 0 34 37 33 4 37 10 10 30 16 34 33 32 37 16 37 30 34 16 34 29 23 31 12 10 26 1 29 0 37 37 37 17 31 37 30 30 30 32 37 17 37 17
split_gain=0.115603 2.70847 0.33921 0.777376 0.0624249 0.0351509 0.00649855 0.0460598 0.0332245 0.00795965 0.00469202 0.00405639 0.00321426 0.00487075 0.00253349 0.00207668 0.00203472 0.00162537 0.00169097 0.00202492 0.00173776 0.00128938 0.00354829 0.00254337 0.00116299 0.00145902 0.000899765 0.000886051 0.0012344 0.00100152 0.000841548 0.000536235 0.000775614 0.00168835 0.00153773 0.00175587 0.00103358 0.000565508 0.000737022 0.00174916 0.000779232 0.000788113 0.000635712 0.00296021
threshold=16.425000000000004 16.465000000000003 1.0000000180025095e-35 7.8750000000000009 0.50000000000000011 16.525000000000002 10.085000000000003 9.8550000000000022 9.9550000000000018 1.0000000180025095e-35 7.1300000000000008 30.700000000000006 1.0000000180025095e-35 0.3000000000000001 10.115 6.0273076923076916 16.175000000000004 0.3000000000000001 7.5000000000000027 8.9150000000000009 14.700000000000005 8.4000000000000004 8.7000000000000011 0.50000000000000011 8.8450000000000006 8.5500000000000025 3.4000000000000004 13.895000000000001 5.5000000000000009 15.020000000000001 12.049615384615388 9.9950000000000028 9.7850000000000019 2.7000000000000006 1.0000000000000002 7.0900000000000007 3.3000000000000003 22.000000000000004 11.900000000000002 8.1000000000000014 4.745000000000001 2.1000000000000005 7.2450000000000001 14.600000000000001
decision_type=2 2 2 2 2 2 2 2 2 2 2 2 2 2 2 2 2 2 2 2 2 2 2 2 2 2 2 2 2 2 2 2 2 2 2 2 2 2 2 2 2 2 2 2
left_child=2 -2 3 -1 -3 -6 8 9 12 -8 11 -7 13 -4 -11 -14 21 18 19 -17 -20 22 23 -16 25 -13 -26 -25 29 -29 -31 32 34 36 35 -19 -34 38 40 -40 41 -36 43 -42
right_child=1 4 6 -5 5 10 7 -9 -10 14 -12 24 15 -15 16 17 -18 31 20 -21 -22 -23 -24 27 26 -27 -28 28 -30 30 -32 -33 33 -35 37 -37 -38 -39 39 -41 42 -43 -44 -45
leaf_value=-0.0050208010946710905 -0.029858840521890667 0.0047179980824391052 0.00023434059487448798 0.011150692856082549 0.0034985756625731785 -0.0011546274585028488 -0.0012687161612451414 -0.0033017408580829702 0.0022880728917551185 -0.00069081839484473064 0.0010812323346423606 6.879042918709191e-05 -0.00033189817607247584 -0.00084503171984000465 0.00084409211106874324 -0.00031450651275614894 -0.00056399950819710899 -2.8840611302839208e-05 0.00070597629800128443 0.00050523261229197178 0.00014096992432044956 -9.3445895576652725e-05 0.0010392423818508783 0.00051003325489416189 0.00075507746942873519 -0.00065960081449399394 3.803408413659781e-05 -0.0005740940859541297 0.00029564646047576531 -0.00026491109868166624 0.00019546414512054374 0.00028631026099901647 -0.00020791572211237508 -0.00057294610887765891 -6.038996623829007e-05 0.00057272158100778333 0.00015168900900777135 0.00024037462921689873 0.00011654770620298958 -0.00055599075939619178 0.00021204530800997208 0.00057860733168975766 2.5218970484331306e-05 -0.0008605807080145991
leaf_weight=30 20 24 45 52 21 21 33 30 42 30 24 66 90 66 27 54 30 55.5 72 30 67.5 123 30 21 21 24 24 30 51 54 48 48 96 42 21 70.5 109.5 58.5 49.5 49.5 39 30 387 28.5
leaf_count=30 20 24 33 34 21 21 33 15 18 15 24 66 36 39 27 24 30 51 42 30 30 81 15 21 21 24 24 30 36 27 42 24 45 21 21 30 54 27 24 27 30 30 165 24
internal_value=-1.45789e-12 -0.00164609 0.000188455 0.00523429 0.000861705 0.000401252 -1.25942e-05 -0.000261238 6.86839e-05 -7.00112e-05 3.98977e-05 -0.000120308 6.91164e-06 -0.000407448 1.90818e-05 3.98115e-05 7.05238e-05 6.53878e-05 0.000261832 -2.17425e-05 0.000432586 0.000120096 0.000220731 0.00011443 4.05866e-05 -0.000125447 0.000372654 1.78575e-05 -3.86217e-05 -0.000167771 -4.82639e-05 2.49035e-05 1.27979e-05 -0.000110762 5.15573e-05 0.000307748 -1.63015e-05 2.86949e-06 -2.01149e-05 -0.000219722 1.89772e-05 0.000315491 -1.42949e-05 -0.000240841
internal_weight=2385 245 2140 82 225 201 2058 507 1551 477 180 156 1509 111 444 1398 414 1308 223.5 84 139.5 384 261 231 135 90 45 204 183 132 102 1084.5 1036.5 247.5 789 126 205.5 663 604.5 99 505.5 51 454.5 67.5
internal_count=1506 245 1261 64 225 201 1197 372 825 357 180 156 807 72 324 735 309 699 126 54 72 279 198 183 135 90 45 156 135 99 69 573 549 120 429 81 99 348 321 51 270 51 219 54
is_linear=0
shrinkage=0.08


Tree=146
num_leaves=45
num_cat=0
split_feature=34 37 37 0 30 4 29 32 37 15 0 10 36 15 15 16 15 36 0 30 16 37 31 16 37 36 10 30 28 34 13 34 16 15 15 19 15 31 22 22 15 32 15 31
split_gain=0.125841 0.986364 0.0457794 0.0850818 0.0662381 0.0357758 0.0139751 0.00733625 0.00550037 0.0666559 0.120586 0.0281212 0.0271574 0.339393 0.280381 0.0156899 0.0136547 0.00600775 0.0175572 0.0318927 0.0237876 0.0100815 0.0164537 0.00597034 0.00444247 0.00583069 0.0035397 0.00240549 0.00229364 0.00188451 0.00187647 0.00299651 0.00690009 0.00178333 0.00156535 0.00152757 0.00126574 0.0012252 0.00106838 0.00195515 0.00181024 0.00103261 0.00186673 0.00139624
threshold=1.0000000180025095e-35 7.995000000000001 16.425000000000004 17.070000000000004 1.3 16.515000000000004 6.9000000000000012 1.3 10.085000000000003 1.78 13.425000000000002 9.9550000000000018 1.5000000000000002 2.1350000000000002 1.9399999999999999 6.0550000000000024 2.4199999999999999 2.5000000000000004 14.005000000000001 0.50000000000000011 6.9000000000000012 9.7850000000000019 1.0000000000000002 6.1300000000000008 3.4700000000000002 1.5000000000000002 9.7700000000000014 8.1000000000000014 3.1000000000000005 39.70000000000001 9.4050000000000029 16.900000000000009 6.6350000000000016 0.29999999999999899 2.4900000000000007 0.90000000000000013 0.72499999999999976 0.70000000000000007 59.70000000000001 10.200000000000001 2.6250000000000004 1.3 2.3550000000000009 0.70000000000000007
decision_type=2 2 2 2 2 2 2 2 2 2 2 2 2 2 2 2 2 2 2 2 2 2 2 2 2 2 2 2 2 2 2 2 2 2 2 2 2 2 2 2 2 2 2 2
left_child=1 -1 8 4 -4 -6 -7 -5 11 10 -10 17 13 -11 -14 -16 23 21 -19 20 -20 24 -23 -15 25 -2 -9 -18 -24 41 31 32 -26 -21 -31 -34 -35 -33 39 -38 -41 43 -43 -17
right_child=2 -3 3 7 5 6 -8 26 9 12 -12 -13 14 16 15 29 27 18 19 33 -22 22 28 -25 30 -27 -28 -29 -30 34 -32 37 35 36 -36 -37 38 -39 -40 40 -42 42 -44 -45
leaf_value=0.0060507125649601227 0.0015230770648360767 -0.011306976286525076 0.0066129244918314125 -0.0014736577380625975 0.0041139413857901536 -0.00073000923902900123 0.0020216628572060948 -5.0506945927718696e-05 0.00045937775571709845 0.010642965185455978 -0.0076235245416561761 0.0021050271431782416 -0.010065256724548008 -0.0024001165082747186 0.0012886600374408506 0.00038759164356937017 -0.00028150132782757284 -0.0014702161492702241 0.0031500088513215503 0.0007412530862622791 0.00047899593316604581 -0.0015295757330954073 -9.1145784723796415e-08 -0.00060158327044475648 -0.001463668982187907 -8.1150705187485128e-05 0.0010900469944768009 0.00058323274047247006 -0.00065909462450288749 0.00068036992926723695 0.00043898065591400318 0.0005181991184250482 0.00021107847856071134 -0.00064676594610015557 -3.4154953085817399e-05 -0.00058415316087617123 -6.3744033770191062e-05 -6.5844477344153616e-07 -0.00034415465923325143 0.00067140189384150772 2.7922949659715007e-05 -0.0011286016363142566 -0.00023868931069349249 -0.00051746452413499358
leaf_weight=40 29 44 24 21 27 27 21 102 27 20 21 42 18 27 68 24 50 36 41 22.5 44.5 75 158 21 30 29 21 35 43 26 55 31 52 18 80 22 188.5 482 40.5 57.5 54.5 22 48 20
leaf_count=34 29 32 24 21 27 27 21 102 27 15 18 18 12 19 36 22 33 36 18 10 26 36 78 21 12 29 21 21 20 26 22 14 40 8 50 22 83 236 30 33 25 18 34 20
internal_value=-1.32646e-11 -0.00304141 0.000111029 0.00114948 0.00295486 0.00178428 0.000473847 -9.1719e-05 -1.15866e-05 -0.000240339 -0.00307689 6.31892e-05 5.62942e-05 0.000926542 -0.00037883 0.000226572 -0.000534574 6.35871e-06 0.000232103 0.000363331 0.00175983 -0.000106513 -0.000518383 -0.00161326 4.92072e-05 0.000720963 0.000144222 7.45656e-05 -0.000141072 -0.00010171 -8.77176e-06 -4.86849e-05 -0.000440244 5.03533e-05 0.000141106 -2.53417e-05 7.05183e-06 3.06955e-05 4.15642e-05 9.35496e-05 0.00035828 -0.000327486 -0.000518376 -2.37975e-05
internal_weight=2385 84 2301 243 99 75 48 144 2058 507 48 1551 459 153 306 288 133 1509 503 467 85.5 1006 276 48 730 58 123 85 201 220 672 617 104 381.5 106 74 359 513 341 300.5 112 114 70 44
internal_count=1506 66 1440 243 99 75 48 144 1197 372 45 825 327 109 218 206 94 807 269 233 44 538 134 40 404 58 123 54 98 170 346 324 74 189 76 62 179 250 171 141 58 94 52 42
is_linear=0
shrinkage=0.08


Tree=147
num_leaves=45
num_cat=0
split_feature=37 34 34 15 37 1 16 0 30 37 15 0 11 36 15 15 21 36 4 31 16 37 0 31 15 36 5 30 15 6 5 32 14 30 37 21 37 31 37 12 31 22 16 13
split_gain=0.108978 2.61794 0.314653 0.77082 0.228849 0.0748057 0.0346433 0.0734152 0.0133421 0.00465551 0.0564175 0.102064 0.0279338 0.0246987 0.426871 0.185764 0.00946814 0.00713472 0.0181674 0.0176076 0.0509605 0.00732798 0.00671152 0.0060237 0.00587676 0.00968069 0.0276946 0.00491813 0.00403876 0.00350115 0.00237185 0.00232327 0.00217431 0.00370735 0.00207355 0.00239945 0.00162198 0.00126479 0.0012423 0.00202098 0.0019993 0.00190985 0.00122722 0.00108299
threshold=16.425000000000004 8.7000000000000046 1.0000000180025095e-35 1.7950000762939455 7.995000000000001 16.920000000000005 6.6750000000000016 16.590000000000003 1.0000000000000002 10.085000000000003 1.78 13.425000000000002 9.9550000000000018 2.5000000000000004 1.9399999999999999 2.1350000000000002 1.0000000180025095e-35 2.5000000000000004 17.890000000000004 0.70000000000000007 6.785000000000001 2.9600000238418587 14.200000000000001 1.0000000180025095e-35 2.5850000000000009 1.5000000000000002 10.105000000000002 1.0000000180025095e-35 0.29999999999999899 10.085000000000003 10.435000000000002 0.70000000000000007 7.7950000000000008 0.50000000000000011 7.4050000000000011 4.2000000000000011 14.950000000000001 1.7000000000000004 9.7850000000000019 9.3600000000000012 1.3 11.100000000000001 6.0550000000000024 7.9050000000000011
decision_type=2 2 2 2 2 2 2 2 2 2 2 2 2 2 2 2 2 2 2 2 2 2 2 2 2 2 2 2 2 2 2 2 2 2 2 2 2 2 2 2 2 2 2 2
left_child=2 -2 3 4 -1 6 -3 -8 -7 12 11 -11 17 14 -12 -15 -17 18 21 20 -19 -4 -21 27 25 26 36 -23 -22 37 -10 -30 33 -24 -35 -36 -16 -27 39 42 -40 43 -25 -42
right_child=1 5 9 -5 -6 8 7 -9 30 10 13 -13 -14 15 24 16 -18 19 -20 22 28 23 32 38 -26 29 -28 -29 31 -31 -32 -33 -34 34 35 -37 -38 -39 40 -41 41 -43 -44 -45
leaf_value=-0.0069025232891241706 -0.029335450321435929 0.0056087863374324077 0.0010926598877481677 0.014494232752106406 0.0040342018961906437 -0.001948616320732981 -0.00096494525236388048 0.004631824608562359 0.00088989106583453354 0.00042262753190664592 0.012418664394774371 -0.0070136424118564245 0.0019579361216165124 -0.0079665797064080827 0.00014318972623355135 0.0012793667574391462 -0.00016372088529169559 0.0035342983126640322 -0.0019163194181663649 -0.0015293629043218163 0.00088715772413545187 -0.0012418775919222217 0.0012508492632990792 -0.00037321032199013812 6.6378206943045362e-05 -0.00074164055225152804 -0.0037501688443479088 -7.2857924914431011e-05 -0.00081907244229858568 0.00087458882835649314 -4.6154679777571051e-05 0.00018674237987483449 -0.00013899653599396146 -0.00023391608559475169 0.00076201808975732077 -4.6354430390799297e-05 -0.00079424612756286346 8.2537551325830556e-05 -0.00069637813915808988 0.00061231845670512743 0.00041993812954751775 -0.00053618781014599579 2.3633528830185445e-05 -8.1217523763646906e-05
leaf_weight=24 20 21 34 33 25 24 30 30 21 27 18 21 48 20 27 43 90 37.5 35 18 22.5 51 21 55 150 26 21 42 33 21 99 26.5 185 63.5 47 47 21 22 42 35 40 44 535 89
leaf_count=24 20 21 34 21 19 24 30 30 21 27 12 18 21 15 25 25 69 16 14 18 10 26 11 22 90 23 12 24 28 13 99 18 80 44 22 21 21 22 20 14 20 22 296 44
internal_value=-1.37243e-11 -0.00159823 0.000182975 0.00504273 -0.00132256 0.0008673 0.00281223 0.00183344 -0.000226725 -1.06597e-05 -0.000221112 -0.00283074 5.81341e-05 5.17907e-05 0.00046675 -0.000778129 0.000302841 -2.53827e-06 -0.000125787 0.00024396 0.00109135 -6.09802e-05 -2.14745e-05 -0.000103021 -0.000280244 -0.000657008 -0.00132705 -0.000713933 -2.58496e-05 1.30368e-05 0.000117653 -0.000371104 5.31939e-05 0.000252383 0.000119254 0.000357832 -0.000266938 -0.000363892 -3.53839e-05 2.16776e-05 -0.00020126 -8.10584e-05 -1.33604e-05 7.41796e-05
internal_weight=2385 245 2140 82 49 225 81 60 144 2058 507 48 1551 459 306 153 133 1503 1002 501 119.5 967 381.5 933 288 138 69 93 82 69 120 59.5 363.5 178.5 157.5 94 48 48 840 625 215 173 590 129
internal_count=1506 245 1261 64 43 225 81 60 144 1197 372 45 825 327 218 109 94 804 536 268 72 522 196 488 206 116 58 50 56 58 120 46 178 98 87 43 46 45 438 332 106 86 318 64
is_linear=0
shrinkage=0.08


Tree=148
num_leaves=45
num_cat=0
split_feature=34 2 37 37 34 4 34 16 33 37 15 2 36 15 15 4 16 15 16 15 33 32 36 31 31 29 15 30 33 37 37 34 30 19 36 30 34 33 5 33 14 22 9 31
split_gain=0.133793 0.892353 0.514318 0.0470383 0.090908 0.0681411 0.00691803 0.0242178 0.00944011 0.00394042 0.0477518 0.0863869 0.0224709 0.263487 0.246914 0.0224643 0.0122421 0.00997709 0.00412576 0.00265137 0.00268412 0.00382248 0.00363528 0.0177215 0.00459322 0.00525151 0.00307462 0.00199178 0.00179992 0.0015978 0.00166803 0.00156795 0.00141957 0.00137256 0.001372 0.00130753 0.00119401 0.00118858 0.00116059 0.00103681 0.00100082 0.000899 0.000894241 0.000890589
threshold=1.0000000180025095e-35 16.415000000000003 7.9350000000000014 16.425000000000004 9.5000000000000053 16.505000000000006 13.900000000000004 6.785000000000001 2.3000000000000003 10.085000000000003 1.78 13.265000000000002 1.5000000000000002 2.1350000000000002 1.9399999999999999 17.955000000000002 6.0550000000000024 2.4199999999999999 6.1300000000000008 -0.1650000000000009 1.0000000180025095e-35 0.3000000000000001 2.5000000000000004 1.0000000180025095e-35 1.0000000180025095e-35 1.0000000180025095e-35 -0.11500000000000109 6.5000000000000009 11.700000000000001 3.7450000000000006 4.1950000000000012 43.900000000000013 3.5000000000000004 1.0000000180025095e-35 1.5000000000000002 0.50000000000000011 0.80000000000000016 10.800000000000002 10.065000000000003 11.900000000000002 8.1100000000000012 55.300000000000004 10.025 1.7000000000000004
decision_type=2 2 2 2 2 2 2 2 2 2 2 2 2 2 2 2 2 2 2 2 2 2 2 2 2 2 2 2 2 2 2 2 2 2 2 2 2 2 2 2 2 2 2 2
left_child=1 2 -1 9 -5 -6 -7 8 -8 15 11 -11 13 -12 -14 19 -16 18 -15 -2 21 -21 24 -24 25 -22 -25 -19 31 34 -31 33 -10 -18 -26 -28 -32 40 -33 41 -34 42 -37 -35
right_child=3 -3 -4 4 5 6 7 -9 32 10 12 -13 14 17 16 -17 28 27 -20 20 22 -23 23 26 29 -27 35 -29 -30 30 36 38 37 43 -36 39 -38 -39 -40 -41 -42 -43 -44 -45
leaf_value=-0.0048933402101198828 -0.00078476931140930562 -0.015451360207337599 0.010182457055364335 0.0055436780945294431 0.0041580923739820723 0.0012333667439546575 0.0018502806907608397 -0.0023347074276319256 0.00054531541245523847 0.0003888173321158522 0.0094004494287073612 -0.0064525509554715392 -0.0094381192078193035 -0.0020243035197361476 0.0011581327386621151 0.0018147985448853838 0.0002588570876704419 -0.0002840353680126693 -0.00052919996104070118 0.00020539861048261325 -0.0013617324664124419 -0.00075079552125482062 0.0018963804031411808 0.0015436973339981502 0.00088326256062525022 -1.9898246391676367e-05 0.00043663301087003579 0.00049312209053776969 -0.0005031719877539823 -0.00082834411994554108 0.0019490564987063408 0.00071556764158109832 5.0928468283798014e-05 -0.00070915961821031357 2.7849591375949482e-05 9.931534187342583e-05 -8.1685063430384752e-06 0.00022860062195721902 6.4074864466896379e-05 0.0002827753448350863 -0.00065555062398991797 -0.00042579772500082473 -0.00021210574570137102 -0.00011455296587787177
leaf_weight=30 27 26 28 27 30 27 21 27 24 27 20 21 18 27 68 45 34 46 21 45 35 66 37.5 8.9999999999999982 24 40 49 39 48 15.999999999999998 1.9999999999999989 30 21 28 24 163 771 33 42 66 33 39 92.5 38
leaf_count=30 12 14 22 27 30 27 21 27 24 27 15 18 12 19 36 18 26 30 21 33 20 39 21 4 24 22 28 24 34 16 2 30 21 26 24 90 374 33 22 33 33 26 39 32
internal_value=2.24435e-11 -0.00313603 0.00238463 0.000114484 0.00116712 0.000620047 4.93947e-05 -0.000151657 0.000294876 -9.80693e-06 -0.000203423 -0.00260428 4.76475e-05 0.000839253 -0.000348155 5.34833e-05 0.000219967 -0.000448145 -0.0013702 8.54393e-07 1.51964e-05 -0.000363149 4.58955e-05 0.000230325 -4.63193e-05 -0.000646088 8.1037e-05 7.25428e-05 -7.0011e-05 7.42339e-06 -1.98394e-05 5.08711e-05 6.10069e-07 -0.000154083 0.000455556 4.88906e-05 -3.10453e-06 -0.000149653 0.00033553 -3.81226e-06 -0.000380809 -6.8039e-05 -1.34301e-05 -0.00036681
internal_weight=2385 84 58 2301 243 216 186 159 132 2058 507 48 459 153 306 1551 288 133 48 1506 1479 111 1368 456 912 75 418.5 85 220 837 789 172 111 100 48 409.5 773 87 72 360.5 54 294.5 255.5 66
internal_count=1506 66 52 1440 243 216 186 159 132 1197 372 45 327 109 218 825 206 94 40 807 795 72 723 241 482 42 220 54 170 440 392 136 111 84 48 216 376 87 52 188 54 155 129 58
is_linear=0
shrinkage=0.08


Tree=149
num_leaves=45
num_cat=0
split_feature=34 37 37 34 2 4 34 6 2 37 16 10 36 4 5 32 32 32 36 1 31 16 37 31 37 36 14 36 29 28 12 34 34 37 37 31 16 37 9 23 14 12 31 15
split_gain=0.113242 0.895992 0.0398133 0.0769446 0.0579615 0.00597637 0.00892483 0.0220605 0.00429908 0.00333518 0.0430988 0.020626 0.0127069 0.198013 0.144036 0.0187767 0.00749546 0.00686537 0.00365644 0.0133071 0.0168512 0.0188531 0.00797069 0.0122594 0.00297301 0.00465512 0.0024628 0.0050185 0.00197711 0.00187579 0.0017814 0.00207093 0.00531411 0.00171785 0.00555889 0.00159667 0.00137454 0.00266595 0.00115163 0.00107338 0.000987089 0.00134223 0.000761661 0.000701737
threshold=1.0000000180025095e-35 7.995000000000001 16.425000000000004 9.5000000000000053 16.495000000000001 16.765000000000004 13.900000000000004 10.675000000000002 16.590000000000003 10.085000000000003 5.9461538461538463 9.9550000000000018 2.5000000000000004 17.890000000000004 11.72423076923077 1.0000000000000002 0.50000000000000011 1.0000000180025095e-35 2.5000000000000004 13.955000000000002 1.0000000000000002 6.6350000000000016 9.7850000000000019 1.0000000000000002 3.4700000000000002 1.5000000000000002 7.8050000000000006 1.5000000000000002 1.9000000000000001 3.1000000000000005 9.3600000000000012 12.500000000000005 4.6000000000000023 3.6250000000000004 4.0150000000000015 0.3000000000000001 7.0000000000000018 7.3800000000000017 10.065000000000003 3.4000000000000004 7.7950000000000008 7.4400000000000004 3.1000000000000005 2.5750000000000002
decision_type=2 2 2 2 2 2 2 2 2 2 2 2 2 2 2 2 2 2 2 2 2 2 2 2 2 2 2 2 2 2 2 2 2 2 2 2 2 2 2 2 2 2 2 2
left_child=1 -1 9 -4 -5 8 -7 -8 -6 11 -11 18 13 16 15 -14 17 -12 22 -20 21 -21 24 -24 25 -2 42 -28 -17 38 31 32 -26 -22 -35 -33 40 -38 -25 -9 41 -36 -18 -30
right_child=2 -3 3 4 5 6 7 39 -10 10 12 -13 14 -15 -16 28 26 -19 19 20 33 -23 23 29 30 -27 27 -29 43 -31 -32 35 -34 34 36 -37 37 -39 -40 -41 -42 -43 -44 -45
leaf_value=0.0057804507901892069 0.0013171840007898622 -0.010762970654124564 0.0051001838829230388 0.0040376673528441679 0.00014842534049724541 0.0011346974841284531 -0.0028276215130019757 0.00038022513669501575 0.0017157858133404738 -0.0024680378897755872 -0.0020789733357154407 0.0017978893488734252 0.0018836731972316138 0.006761392484019909 -0.0068737002611160281 -0.00084894327639156708 -0.00014793812402785989 -0.00027365709344199526 -0.001305379066357596 0.0025397816207259893 0.0016702843829989433 0.00037090290689489229 -0.0013265929664174716 -0.00014752021292224526 0.00038480149575854852 -0.00011622985696484303 -0.001263084448253115 0.00020020901039242744 0.00039258428405792938 -0.00059652282520695479 0.00041950310735652845 0.00072255231160670518 -0.00091807430270516004 -0.0034259589016437529 -0.00012352809554240743 -6.1799481526699184e-06 -0.0001098086623780763 0.00094279917185766658 0.00031686557894572615 -0.00017233072795594731 -0.00016520938194031725 0.00041764188425994555 0.00020549127634149046 -0.00015849215798079968
leaf_weight=40 29 44 27 27 24 27 21 36 21 48 26 42 39 28 20 23 64 28 36 40 3.9999999999999991 71.5 75 108 33 29 30 30 21 43 60 20 51 2.9999999999999991 61 508 33.5 28.5 50 60 169 56.5 100 50
leaf_count=34 29 32 27 27 24 27 21 36 21 24 24 18 36 14 10 20 54 26 36 17 4 42 36 54 30 29 20 20 21 20 24 8 30 3 30 254 26 14 24 60 73 24 74 29
internal_value=-6.82994e-13 -0.00288515 0.000105325 0.00107375 0.000570443 7.51257e-05 -0.000176354 -0.000478904 0.00087986 -9.02238e-06 -0.000187149 4.92047e-05 5.13754e-05 0.000349013 -0.000543901 0.000407949 -0.000296838 -0.00114288 5.3352e-07 0.000176646 0.000290892 0.00114898 -8.75226e-05 -0.000453746 5.09399e-05 0.000600477 -9.28802e-05 -0.000531438 -0.00020432 -0.000128057 3.50964e-06 -3.7274e-05 -0.00040623 2.17598e-05 2.99993e-06 2.14235e-05 3.25175e-05 0.000374051 -5.62684e-07 3.48777e-05 -4.13921e-05 0.000136694 6.75676e-05 4.50228e-06
internal_weight=2385 84 2301 243 216 189 144 117 45 2058 507 1551 459 306 153 133 278 54 1509 503 467 111.5 1006 276 730 58 224 60 94 201 672 612 84 355.5 351.5 528 348.5 62 158 96 286.5 117.5 164 71
internal_count=1506 66 1440 243 216 189 144 117 45 1197 372 825 348 232 116 106 218 50 807 269 233 59 538 134 404 58 168 40 70 98 346 322 60 174 170 262 167 40 78 96 127 54 128 50
is_linear=0
shrinkage=0.08


Tree=150
num_leaves=45
num_cat=0
split_feature=37 4 34 37 34 37 34 16 10 36 3 16 33 36 37 32 16 33 31 32 37 5 16 36 31 31 14 22 30 35 31 16 33 12 19 33 30 20 35 16 1 34 34 18
split_gain=0.113501 2.64259 0.319217 0.745987 0.0709162 0.0353752 0.00592169 0.0171981 0.00342755 0.00633942 0.019622 0.0139607 0.0310746 0.047364 0.0107496 0.0129832 0.0310553 0.00840243 0.0167669 0.00761407 0.00534717 0.0224129 0.014357 0.00494256 0.0249078 0.00655981 0.00283826 0.00271794 0.00228366 0.00122091 0.00329479 0.00163058 0.00112998 0.00109228 0.00101862 0.000925196 0.000920266 0.000807199 0.000793991 0.002321 0.00298219 0.00168557 0.00217007 0.0015303
threshold=16.425000000000004 16.455000000000002 1.0000000180025095e-35 7.8750000000000009 9.5000000000000053 16.475000000000005 13.900000000000004 6.785000000000001 9.9550000000000018 1.5000000000000002 17.935000000000006 6.0550000000000024 3.5000000000000004 2.5000000000000004 2.9900000000000007 1.0000000000000002 6.785000000000001 1.0000000180025095e-35 0.70000000000000007 1.0000000180025095e-35 11.760384615384618 10.085000000000003 6.0057692307692303 2.5000000000000004 1.0000000180025095e-35 1.0000000180025095e-35 9.0900000000000016 0.3000000000000001 0.3000000000000001 1.5000000000000002 1.3 6.8000000000000025 11.4 8.4200000000000017 2.3000000000000003 12.300000000000002 7.3000000000000016 3.3000000000000003 1.5000000000000002 7.0000000000000018 14.820000000000002 13.500000000000002 21.900000000000006 5.0000000000000009
decision_type=2 2 2 2 2 2 2 2 2 2 2 2 2 2 2 2 2 2 2 2 2 2 2 2 2 2 2 2 2 2 2 2 2 2 2 2 2 2 2 2 2 2 2 2
left_child=2 -2 3 -1 -3 -6 -7 26 9 10 14 12 -11 -14 -4 16 -16 18 -13 -18 22 37 -17 25 -25 -19 32 -21 -26 31 -31 36 33 -8 -32 -27 -24 -22 39 -30 43 -40 -43 -41
right_child=1 4 8 -5 5 6 7 -9 -10 11 -12 17 13 -15 15 20 19 23 -20 27 21 -23 29 24 28 35 -28 -29 38 30 34 -33 -34 -35 -36 -37 -38 -39 41 40 -42 42 -44 -45
leaf_value=-0.004964309235413869 -0.029498571675270795 0.0046921690932854457 0.0017781333990493104 0.010877330211492687 0.0034260257723785583 0.00104392163110552 3.606845094408426e-05 -0.0020713928120245258 -0.00063724299478862018 0.0024871722608804702 -0.0021416012505217205 0.00013696144393179565 0.0016970880570001581 -0.0015221348878505648 -0.0022227067262435159 -0.0021334012681618335 0.0010747330212457615 -0.00099935849638361682 -0.0022739567769070467 -0.00091226092375376643 -0.00064140005590161307 0.0029638481214642525 -0.00010101691755052243 0.0019897842119006733 0.00056381386508561537 2.8595244543205259e-05 0.00083490141946822403 8.5137173648238077e-05 -5.4945419140068102e-05 0.00091905142509323703 0.00020840169418856358 -0.00045318907592445612 0.00034412257970931629 -0.0006370537777224349 -0.0002020133830486767 -0.00028510508812697871 0.00035706443831061375 4.6754482270140828e-05 -0.0007099193374640034 -0.00039854947773909031 0.0011181885572471495 0.0011955857049259875 -7.8197424482537563e-05 0.00054503622676499864
leaf_weight=30 20 27 19 52 21 27 36 27 54 49 31.5 48 58.5 58.5 59.5 20 33 47.5 30 34 20 20 72 47.5 54 428.5 30 36 162 34 103 54 30 27 62 70 46 24 25.5 22 29 8.9999999999999982 175 22
leaf_count=30 20 27 19 34 21 27 36 27 24 24 14 38 26 26 32 8 23 30 20 19 20 11 36 30 34 255 30 34 95 16 43 37 30 27 32 39 23 24 15 22 18 6 82 22
internal_value=-2.04534e-11 -0.00163106 0.000186733 0.00508161 0.000846054 0.000321584 -4.67401e-05 -0.000243059 -8.3006e-06 8.64695e-06 -0.000192578 0.000109259 0.00079582 8.74766e-05 -9.61216e-05 -0.000153791 -0.000767611 1.18497e-05 -0.000790315 7.29539e-05 6.54305e-05 0.000743298 -4.55248e-05 6.91471e-05 0.000239345 -0.000101051 0.000158282 -0.000399313 7.25532e-05 6.70292e-05 0.000201951 -8.90725e-05 -5.99818e-05 -0.000252413 5.41851e-05 -1.5455e-05 7.75572e-05 -0.000266043 1.28724e-05 0.000113826 0.000488359 -0.000100369 -1.58928e-05 7.32434e-05
internal_weight=2385 245 2140 82 225 198 177 150 2058 2004 668 1336 166 117 636.5 617.5 162.5 1170 78 103 455 64 391 1092 546 546 123 70 498.5 371 199 172 93 63 165 498.5 118 44 444.5 235 73 209.5 184 44
internal_count=1506 245 1261 64 225 198 177 150 1197 1173 391 782 76 52 377 358 108 706 58 76 250 55 195 648 324 324 123 53 294 187 91 96 93 63 75 294 59 44 260 157 62 103 88 44
is_linear=0
shrinkage=0.08


Tree=151
num_leaves=45
num_cat=0
split_feature=34 2 1 35 33 15 34 33 15 16 34 11 16 31 31 33 33 15 34 30 11 29 12 34 15 31 31 33 31 15 35 30 30 30 26 34 34 11 16 29 1 29 29 33
split_gain=0.122029 0.74272 0.210118 0.0191009 0.0362188 0.127814 0.0303874 0.0175273 0.0112399 0.0193192 0.00541421 0.00424981 0.00380462 0.00329052 0.00315397 0.00182127 0.00181888 0.00192912 0.0028323 0.00118145 0.00104193 0.00093213 0.000755277 0.00125753 0.000637383 0.00242294 0.000733676 0.0010575 0.000512258 0.000602495 0.000522037 0.00775266 0.00526195 0.000843119 0.000913612 0.000878148 0.000818993 0.000912415 0.000736737 0.000936968 0.00111326 0.000602129 0.000474761 0.000467237
threshold=1.0000000180025095e-35 16.415000000000003 11.984999656677248 1.0000000180025095e-35 0.3000000000000001 1.6349999999999998 119.60000000000004 0.70000000000000007 1.6600000000000001 6.6850000000000014 9.5000000000000053 9.9550000000000018 7.4350000000000032 0.50000000000000011 0.50000000000000011 24.800000000000004 1.0000000180025095e-35 2.100000000000001 10.700000000000005 37.000000000000007 9.9200000000000017 23.000000000000004 9.8250000000000011 0.80000000000000016 1.7299999999999995 1.0000000180025095e-35 0.3000000000000001 4.2000000000000011 23.000000000000004 2.9300000000000006 1.5000000000000002 1.0000000000000002 1.0000000000000002 3.7000000000000006 1.9000000000000001 50.300000000000004 39.70000000000001 7.3250000000000011 6.5150000000000006 8.1000000000000014 15.345000000000001 6.1000000000000005 13.300000000000002 6.1000000000000005
decision_type=2 2 2 2 2 2 2 2 2 2 2 2 2 2 2 2 2 2 2 2 2 2 2 2 2 2 2 2 2 2 2 2 2 2 2 2 2 2 2 2 2 2 2 2
left_child=1 2 -1 4 5 -2 7 -6 9 -9 -11 16 -12 -7 -10 21 17 18 -5 20 22 -16 23 -18 25 -25 27 -26 30 -30 31 -28 -32 34 35 -34 -35 -38 41 40 -40 -33 -43 -39
right_child=3 -3 -4 11 6 13 -8 8 14 10 12 -13 -14 -15 15 -17 19 -19 -20 -21 -22 -23 -24 24 26 -27 28 -29 29 -31 32 38 33 36 -36 -37 37 43 39 -41 -42 42 -44 -45
leaf_value=-0.0031179111947615941 0.0074689876696183571 -0.014230447411537171 0.006535330121555636 -0.00011219814833667543 -0.001665517543019219 0.00081183563529824219 0.0032224607650849584 0.0031519437368427005 -0.00070349306437290373 0.0014753234477358915 -0.0007838254608213902 -0.00070810614326209925 0.00060051631152250424 -0.00044492611723641556 8.8522669438841862e-05 0.00081264971422829806 0.0011797914778192838 0.00013274170241008203 -0.0010879589278589596 0.00046129375121291776 0.00042439884816606845 -0.00047470035031437873 -0.00028057147990222329 0.00061358816425005603 3.102820352925097e-05 2.7731056607193257e-05 0.00096087847930264843 -0.00049647115123388106 -0.00037368131420945609 2.7345184385517817e-05 -0.00070285735572435599 -0.00025132831453811381 0.00018546496376040437 0.00019364449562672429 -5.2507736202743323e-05 0.00070503512539131486 -0.00049841266466925545 -0.00017437890147169432 -6.6066056567554678e-05 -0.00011631463384551425 0.00057200591235111154 0.00014603581618178975 -0.00017381636736293633 8.7059506702990758e-05
leaf_weight=27 21 26 31 45 33 24 21 21 36 21 24 54 27 30 180 21 5.9999999999999991 45 33 40.5 40.5 21 54 52.5 51 324 57 46.5 46.5 49.5 64.5 120 52.5 94.5 45 34.5 30 75 30 63 42 66 54 105
leaf_count=27 21 14 25 30 33 24 21 21 36 21 24 24 27 30 180 21 6 30 18 18 18 21 24 30 36 174 33 24 24 24 33 60 30 45 18 21 21 30 27 39 21 33 27 42
internal_value=1.91063e-11 -0.002995 0.00204158 0.000109335 0.00055828 0.00217313 0.000259234 9.71821e-05 0.000262906 0.00101693 0.000394221 -9.00306e-06 -5.09386e-05 0.000113635 -8.89431e-06 0.000103743 1.23617e-05 -0.000284375 -0.00052502 3.45629e-05 2.37848e-05 2.96785e-05 1.34042e-05 2.39242e-05 1.931e-05 0.000109424 -1.08081e-05 -0.000220548 9.06524e-06 -0.000166902 2.71712e-05 9.16144e-05 -2.83965e-05 7.1266e-05 0.000240135 0.000391501 -1.93808e-06 -8.99502e-05 -4.05138e-05 0.000108996 0.000306143 -0.000124613 2.10233e-06 -2.18732e-05
internal_weight=2385 84 58 2301 480 75 405 384 351 93 72 1821 51 54 258 222 1767 123 78 1644 1603.5 201 1563 1509 1503 376.5 1126.5 97.5 1029 96 933 432 501 436.5 132 87 304.5 210 375 135 72 240 120 180
internal_count=1506 66 52 1440 480 75 405 384 351 93 72 960 51 54 258 222 936 78 48 858 840 201 822 798 792 204 588 60 528 48 480 240 240 207 69 51 138 93 207 87 48 120 60 72
is_linear=0
shrinkage=0.08


Tree=152
num_leaves=45
num_cat=0
split_feature=37 0 34 37 34 4 34 11 37 37 37 16 4 21 15 0 30 34 15 30 34 0 32 16 30 32 37 32 17 35 19 0 37 37 37 37 5 34 15 15 34 16 30 16
split_gain=0.105845 2.4327 0.295864 0.669839 0.0519908 0.04873 0.0053805 0.00359384 0.0024352 0.00247675 0.0100319 0.00237943 0.0018434 0.00139052 0.00120329 0.00420633 0.0016959 0.00111607 0.00110581 0.000982085 0.000862739 0.000783912 0.000698906 0.00103863 0.000998191 0.000867658 0.0010283 0.000678765 0.000602731 0.00171824 0.000546656 0.00206874 0.000714472 0.000662948 0.000556614 0.000530349 0.000628249 0.000511718 0.000448999 0.000446821 0.000406031 0.00037888 0.000350147 0.000340417
threshold=16.425000000000004 16.465000000000003 1.0000000180025095e-35 7.8750000000000009 9.5000000000000053 16.525000000000002 28.100000000000005 9.9550000000000018 16.185000000000006 11.703076923076924 11.868846153846155 6.7150000000000025 17.965000000000003 11.500000000000002 2.0784615384615379 13.485000000000001 0.3000000000000001 0.80000000000000016 2.4650000000000012 8.7000000000000011 2.9000000000000021 14.005000000000001 0.3000000000000001 6.6250000000000018 0.70000000000000007 0.70000000000000007 9.2250000000000032 6.3000000000000016 17.200000000000006 1.5000000000000002 6.4000000000000012 14.640000000000002 6.3050000000000006 9.4050000000000029 10.065000000000003 7.4800000000000013 9.8850000000000033 34.600000000000009 2.7669230769230779 1.4549999999999998 9.2000000000000046 7.0000000000000018 7.8000000000000007 6.785000000000001
decision_type=2 2 2 2 2 2 2 2 2 2 2 2 2 2 2 2 2 2 2 2 2 2 2 2 2 2 2 2 2 2 2 2 2 2 2 2 2 2 2 2 2 2 2 2
left_child=2 -2 3 -1 -3 -6 -7 8 9 12 -11 19 17 14 15 -12 -16 -4 -15 -8 21 -19 23 -22 40 26 -24 37 30 -30 32 -32 39 -33 35 36 -34 -18 -29 -27 -25 43 -36 -37
right_child=1 4 7 -5 5 6 11 -9 -10 10 13 -13 -14 18 16 -17 27 20 -20 -21 22 -23 25 24 -26 28 -28 38 29 -31 31 33 34 -35 42 41 -38 -39 -40 -41 -42 -43 -44 -45
leaf_value=-0.0046266352304567895 -0.028313012020662429 0.0040947758475387537 0.0010854082678755125 0.010384714070421 0.0039961635170593143 -0.00095266092258195086 0.00011633627258965539 -0.0006514576441366915 -0.00064211780257109139 0.001620836009581884 0.00037557897364927666 0.00070438306028437292 -0.0005709884623686473 0.00090998661660012751 0.00077594227290579253 -0.0010365511242438246 3.5104979121801901e-05 -0.00065861605806276206 0.00011507061511413971 -0.00041069459838609243 -9.0015998317135703e-05 -7.3098453631003702e-05 6.9555380097072978e-05 0.00029471973282477215 6.6834497079576574e-05 3.5845580666015542e-05 -0.00048557006000053319 7.0357895244590259e-06 0.00075885597674641759 -0.0001842459868274483 -0.00074849490363461282 0.00011771833671839657 -0.0004047716283597625 -0.0002704116948215025 -0.00026732740111840079 4.1632455671752613e-05 -1.4546910921732584e-06 -0.0003498493352881036 0.00043466304304699106 0.00045388445782009514 0.00069626744385018499 0.00023724741817842055 -2.2676214252391627e-05 -0.00017061658070555757
leaf_weight=30 20 27 5.9999999999999991 52 21 36 72 54 36 30 27 36 37.5 21 21 27 51 24 24 33 81 37.5 36 31.5 72 30 52.5 33 24 25.5 30 85.5 39 42 78 613.5 67.5 39 30 36 33 58.5 72 52.5
leaf_count=30 20 27 6 34 21 36 72 24 36 15 27 36 15 21 21 24 48 24 24 33 36 30 24 24 42 30 24 27 21 21 30 45 21 21 39 264 27 30 15 36 18 27 36 24
internal_value=1.67741e-12 -0.00157509 0.000180326 0.00489276 0.000801616 0.000352549 -7.97441e-05 -7.43902e-06 9.91478e-06 2.18422e-05 0.000232222 0.000143128 -1.64432e-05 7.96273e-05 -5.84027e-07 -0.000330486 0.000101799 -3.66563e-06 0.000486031 -4.9302e-05 -7.69551e-06 -0.000301593 3.89084e-06 0.000136925 0.000271594 -1.76623e-05 -0.000259756 9.26995e-06 -5.76664e-07 0.000273016 -1.18202e-05 -0.000150776 9.08292e-06 -1.01363e-05 -8.05851e-06 1.75437e-05 -0.000149148 -0.000131709 0.000210668 0.000263867 0.000500163 4.20471e-05 -0.000149895 2.49011e-05
internal_weight=2385 245 2140 82 225 198 177 2058 2004 1968 303 141 1665 273 228 54 174 1627.5 45 105 1621.5 61.5 1560 217.5 136.5 1342.5 88.5 153 1254 49.5 1204.5 157.5 1047 127.5 981 831 106.5 90 63 66 64.5 724.5 150 666
internal_count=1506 245 1261 64 225 198 177 1197 1173 1137 252 141 885 237 192 51 141 870 45 105 864 54 810 120 84 690 48 120 642 42 600 96 504 66 438 363 48 78 42 66 42 315 75 288
is_linear=0
shrinkage=0.08


Tree=153
num_leaves=45
num_cat=0
split_feature=34 37 37 4 34 31 30 30 15 37 15 0 11 36 15 15 16 15 36 10 16 0 30 37 30 10 31 30 33 34 14 14 0 19 34 36 33 36 10 16 22 37 24 27
split_gain=0.129354 0.879228 0.0434185 0.0984663 0.0521369 0.00663213 0.0195936 0.0147106 0.00351492 0.0033948 0.0416048 0.0690913 0.0246095 0.019041 0.214204 0.210325 0.0109912 0.00744445 0.00423655 0.0196739 0.0150004 0.0103562 0.0116999 0.00469661 0.00399334 0.0033462 0.00308175 0.00153103 0.00136631 0.00141331 0.00120111 0.00342722 0.00115888 0.000969301 0.000941883 0.00176381 0.00147612 0.0118284 0.000940114 0.000886191 0.000806815 0.00124915 0.000752234 0.000951763
threshold=1.0000000180025095e-35 7.995000000000001 16.425000000000004 16.515000000000004 9.5000000000000053 6.9000000000000012 2.3000000000000003 3.9000000000000004 1.3149999999999993 10.085000000000003 1.78 13.425000000000002 9.9550000000000018 1.5000000000000002 1.9399999999999999 2.1350000000000002 6.0550000000000024 2.4199999999999999 2.5000000000000004 9.8550000000000022 6.0057692307692303 14.005000000000001 1.0000000180025095e-35 2.9600000238418587 1.0000000180025095e-35 7.8650000000000011 1.0000000180025095e-35 8.1000000000000014 11.700000000000001 44.500000000000007 7.8200000000000012 7.6650000000000009 17.345000000000002 1.0000000180025095e-35 10.900000000000004 1.5000000000000002 0.50000000000000011 1.5000000000000002 8.5500000000000025 6.9300000000000015 59.70000000000001 6.3050000000000006 3.9000000000000004 1.9000000000000001
decision_type=2 2 2 2 2 2 2 2 2 2 2 2 2 2 2 2 2 2 2 2 2 2 2 2 2 2 2 2 2 2 2 2 2 2 2 2 2 2 2 2 2 2 2 2
left_child=1 -1 9 -4 -5 6 -6 -7 -8 12 11 -11 18 15 -15 -12 -16 25 19 23 -20 -22 -23 -2 26 -17 -25 -19 29 33 31 40 -31 -18 35 -26 37 -36 -9 -35 41 -24 -38 -44
right_child=2 -3 3 4 5 7 8 38 -10 10 13 -13 -14 14 16 17 28 27 20 -21 21 22 30 24 34 -27 -28 -29 -30 32 -32 -33 -34 39 36 -37 42 -39 -40 -41 -42 -43 43 -45
leaf_value=0.0055005790898576381 0.00089387972702217443 -0.010887345099313692 0.0051862934096293016 0.0037671937641722188 -0.002118214769444118 0.0023948246577665919 0.0011488029706690993 0.00018008624957430931 -3.3244263394263345e-05 0.00024919265294792475 0.0084254177715629344 -0.0058691076756942837 0.0018350786584702898 -0.0087830329551878902 0.0011015487154466374 -0.00058111682672191555 0.00020817223196739658 -0.00020802201103651896 0.0020013224468989808 -0.0018854711797719479 -0.0012248674676650102 0.00137921403142366 0.00062885320996149228 -0.00097355157940411097 0.00053431162418035626 -0.0019275820308497975 -0.00011022553999315609 0.0004818569807934442 -0.00043955022472800918 0.00067705769208259881 -0.00010813261057221825 0.00089594333512442448 1.5392517929689751e-05 -0.00011977359798038379 -0.0013096971697656504 -0.00010638034209577282 4.9342242857099071e-05 0.00060034547449953587 -0.00057689600901323409 -0.00073292911925818775 -0.00025066132385594147 7.0520870313786049e-06 -0.00044960414100690595 -3.9990266018054068e-06
leaf_weight=40 34 44 33 27 30 21 21 21 69 27 20 21 48 18 68 27 34 50 27.5 38 36 47 26 51 55 21 55 35 48 32 180.5 35 36 48 41.5 55 498 41.5 21 22 48 101 48 85
leaf_count=34 34 32 33 27 30 21 21 21 69 27 15 18 21 12 36 26 26 33 11 16 36 22 26 26 36 14 30 21 34 30 79 15 18 40 21 36 262 21 21 22 34 45 20 34
internal_value=9.87068e-12 -0.00308357 0.000112568 0.00112389 0.00048551 1.3272e-06 -0.000347629 0.000666005 0.000242567 -6.8439e-06 -0.000186555 -0.00242756 5.19013e-05 4.77983e-05 -0.000316547 0.000776489 0.000212608 -0.000373725 -5.04651e-06 -0.00010002 0.0001849 7.94057e-05 0.000186729 -2.9639e-05 -6.3402e-05 -0.0011702 -0.000525599 7.60458e-05 -6.21552e-05 4.31643e-05 4.3203e-05 0.00017328 0.000326764 -0.000142267 -3.9446e-06 0.000213966 -3.75162e-05 -0.000354676 -0.000198405 -0.00031248 2.87469e-05 0.00013435 4.20209e-06 -0.000164819
internal_weight=2385 84 2301 243 210 183 120 63 90 2058 507 48 1551 459 306 153 288 133 1503 1002 501 473.5 437.5 964 930 48 106 85 220 172 390.5 210 68 104 824 110 714 83 42 70 175 127 631 133
internal_count=1506 66 1440 243 210 183 120 63 90 1197 372 45 825 327 218 109 206 94 804 536 268 257 221 520 486 40 56 54 170 136 199 120 48 88 430 72 358 42 42 62 105 71 316 54
is_linear=0
shrinkage=0.08


Tree=154
num_leaves=45
num_cat=0
split_feature=34 36 0 35 33 1 33 16 16 34 32 11 33 34 34 0 11 11 36 16 3 0 0 21 32 16 3 36 14 16 32 16 35 16 21 30 33 35 36 1 19 16 34 35
split_gain=0.109485 0.749352 2.1054 0.017769 0.0267487 0.100752 0.021062 0.0184488 0.0647831 0.0161927 0.00492583 0.00386952 0.00208861 0.00173844 0.00202373 0.00160823 0.00164869 0.00146489 0.00215731 0.0178972 0.0103273 0.00705579 0.00617303 0.00707639 0.00671164 0.00783438 0.0142324 0.00485394 0.0416924 0.0299966 0.00313018 0.00830185 0.00178091 0.00214849 0.00328858 0.00117015 0.00118472 0.00116563 0.00115894 0.00107403 0.00162735 0.000875569 0.00201202 0.00135748
threshold=1.0000000180025095e-35 2.5000000000000004 16.415000000000003 1.0000000180025095e-35 0.3000000000000001 16.175000000000004 0.70000000000000007 6.6250000000000018 6.6750000000000016 72.000000000000014 0.3000000000000001 9.9550000000000018 1.0000000180025095e-35 26.100000000000005 87.000000000000014 17.220000000000002 8.490000000000002 9.9200000000000017 1.5000000000000002 6.0550000000000024 17.955000000000002 14.005000000000001 14.005000000000001 0.90000000000000013 1.0000000000000002 6.7750000000000004 16.185000000000006 2.5000000000000004 9.1350000000000016 6.0057692307692303 0.70000000000000007 6.9000000000000012 1.5000000000000002 6.8850000000000025 1.0000000180025095e-35 0.50000000000000011 0.70000000000000007 1.5000000000000002 2.5000000000000004 17.875000000000004 0.50000000000000011 6.8000000000000025 29.400000000000002 1.5000000000000002
decision_type=2 2 2 2 2 2 2 2 2 2 2 2 2 2 2 2 2 2 2 2 2 2 2 2 2 2 2 2 2 2 2 2 2 2 2 2 2 2 2 2 2 2 2 2
left_child=1 2 -1 4 5 12 -6 13 -9 10 -10 17 -2 -8 38 16 -12 18 19 -5 22 -21 23 -20 25 26 -24 29 32 -26 31 -23 33 34 -29 -27 -37 -25 39 40 -15 42 -32 -43
right_child=3 -3 -4 11 6 -7 7 8 9 -11 15 -13 -14 14 -16 -17 -18 -19 20 21 -22 30 24 37 27 35 -28 28 -30 -31 41 -33 -34 -35 -36 36 -38 -39 -40 -41 -42 43 -44 -45
leaf_value=-0.011934688242773215 -0.00046042836736887694 -0.013522719038384302 0.01916839952652271 -0.0012301134844713004 -0.0016574088557425772 0.0066262321795026455 -0.00068637695598105597 0.0046296065286905684 0.00095793889454481277 0.002477747275094901 -6.0287363536190247e-05 -0.00067766569882493329 0.00054083677412321166 -0.00078767893518405876 -0.00074755582160183367 0.00047508705385206713 -0.0007866348833777011 0.00048539861852740063 -0.0019861487336456777 0.0011311928638153607 0.001141957868929711 -0.0011752102285875784 1.8576631425983375e-05 0.00016331818904011293 0.0022135395093326581 -0.00028866770038337905 0.0020306188952591685 0.00057588392980741684 -0.0025391090756489171 -8.2066231595095379e-05 0.00070520585868507626 0.0003553249012289006 -0.00011957626362552042 0.00082663877779850733 -0.00023626724923722062 0.000548412195012833 -4.8027277547628319e-05 -0.00059421079913870645 0.00043840481271577433 0.00044331739586777984 5.5006038798058978e-05 -0.00043068122023678555 6.1645253866261465e-05 0.00014959027435322968
leaf_weight=30 24 28 26 81 33 21 30 27 33 21 60 54 30 22 21 21 30 40.5 20 36 54 48 45 26 40.5 43 45 54 45 362.5 36 43 194 32 78 39 47 26 43 20 44 49 228 54.5
leaf_count=30 24 22 14 36 33 21 30 27 33 21 60 24 30 22 21 21 30 18 20 36 24 22 20 26 18 28 20 27 20 180 16 28 89 23 39 24 28 26 43 20 44 32 104 32
internal_value=1.82154e-11 -0.00283689 0.00250603 0.000103563 0.000536573 0.00192434 0.000279578 0.000451408 0.000996899 0.000402456 9.98092e-05 -1.05747e-05 9.583e-05 -0.000130449 -1.92639e-05 -0.00015531 -0.000302403 9.81182e-06 -1.34443e-06 -0.000127812 6.18891e-05 5.27475e-05 8.72257e-06 -0.000707308 5.90194e-05 0.000451744 0.0010246 -4.76886e-05 -0.000244011 0.000148634 -3.19287e-05 -0.00045199 4.44791e-05 0.000238545 9.59764e-05 5.20782e-05 0.000222451 -0.000215446 9.92952e-05 -7.02596e-05 -0.000225889 7.20866e-05 0.000149404 -0.000125128
internal_weight=2385 84 56 2301 480 75 405 372 192 165 144 1821 54 180 150 111 90 1767 1726.5 575.5 1151 494.5 1097 72 1025 219 90 806 403 403 458.5 91 358 164 132 129 86 52 129 86 66 367.5 264 103.5
internal_count=1506 66 44 1440 480 75 405 372 192 165 144 960 54 180 150 111 90 936 918 306 612 270 588 72 516 120 40 396 198 198 234 50 178 89 66 80 52 52 129 86 66 184 120 64
is_linear=0
shrinkage=0.08


Tree=155
num_leaves=45
num_cat=0
split_feature=37 32 34 37 4 34 16 30 37 16 4 36 5 4 32 32 36 18 20 31 29 15 21 10 30 15 20 34 36 0 32 37 29 0 30 32 31 36 34 36 32 10 37 18
split_gain=0.109611 2.42184 0.305338 0.555663 0.0832028 0.0115176 0.0146335 0.00426985 0.00332185 0.0396291 0.0201557 0.0112278 0.197762 0.110356 0.0111088 0.00858711 0.00699448 0.0108629 0.00522164 0.00435277 0.00367305 0.00274713 0.00217971 0.00164851 0.00144153 0.00107615 0.00100282 0.000908879 0.000883832 0.00786169 0.00998189 0.00294603 0.00428456 0.00471955 0.00125082 0.000800717 0.00140855 0.0014634 0.000936263 0.00235438 0.000793272 0.000766937 0.000672165 0.0015475
threshold=16.425000000000004 0.3000000000000001 1.0000000180025095e-35 7.8750000000000009 16.515000000000004 13.900000000000004 6.785000000000001 1.9000000000000001 10.085000000000003 5.9461538461538463 17.955000000000002 1.5000000000000002 11.72423076923077 17.890000000000004 1.3 1.3 2.5000000000000004 0.90000000000000013 0.90000000000000013 1.0000000000000002 9.1000000000000014 -0.1650000000000009 1.0000000180025095e-35 8.9450000000000021 11.4 -0.15000000000000033 3.7000000000000006 0.80000000000000016 2.5000000000000004 14.005000000000001 1.0000000180025095e-35 2.9600000238418587 1.0000000180025095e-35 16.425000000000004 0.50000000000000011 0.3000000000000001 2.1000000000000005 1.5000000000000002 16.900000000000009 1.5000000000000002 17.100000000000005 7.5750000000000002 7.4050000000000011 8.9000000000000021
decision_type=2 2 2 2 2 2 2 2 2 2 2 2 2 2 2 2 2 2 2 2 2 2 2 2 2 2 2 2 2 2 2 2 2 2 2 2 2 2 2 2 2 2 2 2
left_child=2 -2 3 -1 -3 -6 7 -7 10 -10 21 12 14 15 -11 16 18 -18 -13 -17 26 -4 -21 24 -9 -23 -16 -27 31 -30 -31 -29 33 -33 -32 36 37 -34 39 -37 -40 -42 43 -36
right_child=1 4 8 -5 5 6 -8 23 9 11 -12 13 -14 -15 20 19 17 -19 -20 22 -22 25 -24 -25 -26 27 -28 28 29 30 34 32 35 -35 42 38 -38 -39 40 -41 41 -43 -44 -45
leaf_value=-0.0036994281609853109 -0.028281004793592728 0.0044792708370721699 -0.00079866741749423534 0.0099728380430203229 0.0014205674720384801 0.0012313318381174691 -0.0018605293710371134 2.0050556367668498e-05 -0.0023721636280727883 -0.0015882668087613724 0.0017192283123731614 -0.00060938747522110745 0.0080202472507953648 -0.005023154488631657 0.0006517088376550061 -0.00094079916217985253 0.0027601135584215323 0.00023564748000353574 0.0011408591014915146 0.0008488304714079607 -0.00070549145723362015 0.00072661332510135792 -8.5997711310325115e-06 0.00048858657797488079 -0.0007251042171264999 0.00099166658086081343 -1.2622736125754623e-05 0.00071587599348276853 -0.0010801423294469715 0.0014592591466175188 0.00041371498097721334 -0.0011070961507037283 -0.00033585830149240788 -6.615921692360961e-05 9.438140235923148e-05 -0.00068369784454504646 0.00060887190306352249 0.00034845851513091476 4.2953644794228956e-05 0.00013464766960694558 -0.00046279657055579479 -2.5490996371390242e-05 7.1145052073010018e-05 -0.0006495272109316568
leaf_weight=30 20 33 27 52 36 21 27 54 48 42 45 24 20 28 33 30 24 20 20 22 32 13.499999999999998 138 30 24 5.9999999999999991 26 32 34 36 58.5 50 40 63 45.5 45 36 40 514 45 42 66 283 29.5
leaf_count=30 20 33 12 34 36 21 27 54 24 39 18 22 10 14 24 24 21 19 18 12 22 6 102 30 24 6 21 32 34 17 31 30 27 28 32 27 16 27 258 27 22 28 125 22
internal_value=-1.31522e-11 -0.00160287 0.000183506 0.00497079 0.000768524 0.000130739 -0.000166913 0.000187564 -7.24127e-06 -0.000185012 5.08693e-05 4.37102e-05 0.000603269 -0.000236069 -0.000512066 0.000246083 0.000899404 0.00161263 0.000186179 -5.65078e-05 -1.53574e-05 1.01798e-06 0.000109297 -1.53905e-05 -0.000209228 1.56167e-05 0.000358953 9.06708e-06 5.02762e-06 9.30692e-05 0.000181222 -3.89932e-05 -6.46635e-05 -0.000526751 7.07555e-05 -1.6009e-06 0.000193305 6.30011e-06 -3.33553e-05 -0.000274525 1.54069e-06 -0.000195554 1.47133e-05 -0.000198223
internal_weight=2385 245 2140 82 225 192 156 129 2058 507 1551 459 153 306 133 278 88 44 44 190 91 1506 160 108 78 1479 59 1465.5 1459.5 486.5 452.5 973 941 113 416.5 828 116 80 712 90 622 108 358 75
internal_count=1506 245 1261 64 225 192 156 129 1197 372 825 348 116 232 106 218 80 40 40 138 67 807 114 108 78 795 45 789 783 261 227 522 490 58 210 432 70 54 362 54 308 50 179 54
is_linear=0
shrinkage=0.08


Tree=156
num_leaves=45
num_cat=0
split_feature=37 4 32 37 15 37 16 32 37 1 37 7 29 25 37 32 0 27 32 15 4 31 16 29 21 15 15 31 27 21 22 14 18 20 32 32 37 16 18 37 37 29 37 32
split_gain=0.092775 2.3759 0.0756947 0.137131 0.283564 1.11068 0.459158 0.0652518 0.0645236 0.050138 0.0473301 0.00847744 0.0135756 0.00274028 0.00222925 0.0439662 0.0443456 0.0188293 0.00950883 0.0172684 0.00340126 0.00328339 0.00159835 0.00101779 0.000977289 0.000932782 0.000777241 0.000909735 0.00076238 0.000728761 0.00101571 0.000560118 0.000550355 0.000527807 0.00039009 0.00105016 0.000358371 0.00229175 0.00196181 0.00138546 0.0014545 0.000947322 0.000693518 0.000934183
threshold=16.425000000000004 16.455000000000002 1.0000000180025095e-35 7.8750000000000009 1.7800000452995304 10.105000000000002 9.0050000000000026 0.70000000000000007 9.6200000000000028 16.485000000000003 2.8800000000000003 9.8750000000000018 2.1000000000000005 1.6000000000000003 10.085000000000003 0.50000000000000011 15.280000000000003 11.900000000000002 1.3 2.0784615384615379 17.875000000000004 1.3 6.0311538461538472 1.0000000180025095e-35 0.70000000000000007 -0.15000000000000033 2.2450000000000001 8.1000000000000014 7.5000000000000009 0.3000000000000001 11.100000000000001 7.3450000000000015 5.3000000000000016 1.1000000000000003 0.70000000000000007 0.3000000000000001 7.4050000000000011 6.7750000000000004 17.200000000000006 4.8450000000000006 3.9500000000000006 4.2000000000000011 7.9050000000000011 3.7000000000000006
decision_type=2 2 2 2 2 2 2 2 2 2 2 2 2 2 2 2 2 2 2 2 2 2 2 2 2 2 2 2 2 2 2 2 2 2 2 2 2 2 2 2 2 2 2 2
left_child=2 -2 3 10 8 -6 -7 -3 -5 -9 -1 12 -11 -13 17 16 -16 20 19 -17 25 33 -23 -12 -24 -4 -26 31 -15 30 34 32 -28 -20 35 -27 38 42 39 40 -31 -41 -38 -44
right_child=1 7 14 4 5 6 -8 9 -10 11 23 13 -14 28 15 18 -18 -19 21 -21 -22 22 24 -25 26 29 27 -29 -30 36 -32 -33 -34 -35 -36 -37 37 -39 -40 41 -42 -43 43 -45
leaf_value=-0.0041918306456257895 -0.027898537759669124 0.0039957363220552607 0.00066848420296554216 -0.0023375078115393136 0.019036632983812266 -0.0091542348472158537 0.0072072903226528852 0.0039649937053521473 0.0016898575285816287 0.00017912628866421682 -0.00035421242285519836 0.00078621253145463529 -0.0026061048121413305 9.8613591243823363e-05 -2.3347661287213365e-05 0.002880074382715282 -0.0048865767975803465 0.0014269187016567836 -0.00036239374090324747 7.0423970353745272e-05 -0.00058836142034378162 0.00047552119101358891 -0.00030091636503736181 0.0002896179930504524 0.00056357284438692857 7.2768400741629624e-05 0.00061687631862393272 -0.00027090029179246402 -0.00039531107541794578 9.2021723736136673e-05 -0.00037907891254872081 -7.6136586131474034e-06 5.6083739646488708e-05 -0.00082603288211006054 7.0300080697052184e-06 -0.00041646870611994352 0.0001362929733713036 0.00052191953259128805 -0.00066531120868468729 -0.00034601352696951761 0.0007938249109105931 6.3615481667319142e-05 -0.00029164606159162005 6.3681091026713445e-05
leaf_weight=24 20 36 13.499999999999998 42.5 28 23 21 21 63.5 24 30 33 21 60 24 21 24 60 33 42 64.5 48 63 33 18 58.5 24 51 30 63 60 69 21 30 390 54 172.5 69 27 58.5 27 94.5 81 114
leaf_count=24 20 36 6 17 13 20 21 21 38 24 30 33 21 60 24 15 18 24 21 36 27 24 36 24 18 39 21 39 30 63 36 36 21 27 177 24 69 36 27 36 27 54 39 54
internal_value=8.65842e-12 -0.00147464 0.000168825 0.00143442 0.0027067 0.00658099 -0.00134533 0.000874154 7.5112e-05 0.000279567 -0.00116865 -0.000181111 -0.00112065 0.000162622 -1.0045e-05 -0.000161294 -0.00245496 4.02639e-05 0.000100839 0.00100697 -2.15024e-05 -5.90668e-05 5.32419e-05 -1.69679e-05 -2.9154e-05 7.00628e-06 6.44035e-05 9.94868e-06 -6.6028e-05 -3.07179e-08 -6.7974e-05 0.000135592 0.000355173 -0.000583174 -3.08272e-05 -0.000162065 5.40643e-05 9.88758e-05 -1.83811e-05 5.35001e-05 0.000302563 -9.30074e-05 1.94472e-05 -8.39163e-05
internal_weight=2385 245 2140 265 178 72 44 225 106 189 87 168 45 123 1875 468 48 1407 420 63 1347 357 294 63 246 1282.5 183 165 90 1269 562.5 114 45 63 502.5 112.5 706.5 436.5 270 243 90 153 367.5 195
internal_count=1506 245 1261 187 109 54 41 225 55 189 78 168 45 123 1074 336 42 738 294 51 714 243 195 54 171 687 135 117 90 681 276 78 42 48 240 63 405 198 207 180 90 90 162 93
is_linear=0
shrinkage=0.08


Tree=157
num_leaves=45
num_cat=0
split_feature=34 37 37 4 32 31 30 30 16 11 37 36 37 27 37 29 31 32 36 17 36 4 16 0 31 37 31 32 32 16 20 31 37 37 17 20 32 16 37 9 32 11 11 31
split_gain=0.149256 0.932922 0.0471466 0.101353 0.0656597 0.00822649 0.0244012 0.0119629 0.00281221 0.00274448 0.00136796 0.0211487 0.441074 0.159393 0.0425569 0.0171744 0.0111601 0.00509283 0.00621512 0.00940042 0.00395051 0.0170039 0.0120337 0.00656614 0.0107607 0.00406442 0.0028963 0.00412914 0.00260798 0.0019228 0.00158559 0.00155204 0.00142709 0.00236667 0.00114568 0.00112689 0.00111835 0.00100816 0.000936503 0.00166741 0.0021746 0.00151624 0.000806849 0.000796644
threshold=1.0000000180025095e-35 7.995000000000001 16.425000000000004 16.505000000000006 0.70000000000000007 6.9000000000000012 2.1000000000000005 2.8000000000000003 6.6950000000000012 9.9550000000000018 11.703076923076924 1.5000000000000002 11.802307692307695 8.7000000000000011 11.868846153846155 1.0000000000000002 4.6000000000000005 5.7000000000000002 2.5000000000000004 0.3000000000000001 2.5000000000000004 17.890000000000004 6.0057692307692303 14.005000000000001 1.0000000180025095e-35 2.9600000238418587 1.0000000180025095e-35 1.0000000180025095e-35 12.800000000000002 6.0550000000000024 1.0000000180025095e-35 1.0000000000000002 3.6250000000000004 4.1100000000000003 2.3000000000000003 1.9000000000000001 8.7000000000000011 6.0850000000000017 9.7850000000000019 9.9950000000000028 1.7000000000000004 9.2200000000000006 8.5900000000000016 2.8000000000000003
decision_type=2 2 2 2 2 2 2 2 2 2 2 2 2 2 2 2 2 2 2 2 2 2 2 2 2 2 2 2 2 2 2 2 2 2 2 2 2 2 2 2 2 2 2 2
left_child=1 -1 9 -4 -5 6 -6 -7 36 10 20 13 -13 15 -14 -12 -17 18 30 -20 21 25 -22 -24 -25 -2 27 -27 -19 -28 -16 35 -33 -34 -32 -26 -8 -35 41 40 -40 -31 -9 -39
right_child=2 -3 3 4 5 7 8 42 -10 -11 11 12 14 -15 17 16 -18 28 19 -21 22 -23 23 24 31 26 29 -29 -30 38 34 32 33 37 -36 -37 -38 43 39 -41 -42 -43 -44 -45
leaf_value=0.0055300756692886355 0.00081192593870903641 -0.011350842558524825 0.0055282187933723137 0.0036760774704938134 -0.0024414238187794885 0.0022120833208429673 0.00022176814901952942 0.00021654780798902113 0.00089608514319277472 -0.00056630830354320268 -0.0016790712891599617 -0.015213446492950122 0.0062729865591973069 0.0075308054666966195 -0.00044392322384131455 0.0017996701810508967 -0.00047211773661641227 -0.00066760743073628916 0.0024357041418746426 0.00045095644848992209 0.0017876029105179689 -0.0018406009168497155 -0.00097186208418053059 0.0013641120906480971 0.00010568149130919883 -0.0010905022697434538 -0.00044394605334245547 -3.7087372080846263e-05 0.00028259270682206585 2.5352294162247451e-05 0.0008094280259683728 0.0014691833034157754 -0.0017787423823028804 -0.00058608544250138294 -2.7176512574607679e-05 0.00073991873255762903 -0.00051090404352483658 -0.00022969218374334425 -0.00077028910629451275 8.182764363785585e-05 -0.00011280582936888096 0.00056901068453277855 -0.00046246366935693439 6.777124378746767e-05
leaf_weight=40 34 44 30 36 30 21 30 24 27 54 37 11.999999999999998 7.9999999999999991 20 24 25 31 38 24 42 27.5 35 36 42.5 43.5 42 68 55 36 530 20 3.9999999999999991 4.9999999999999991 19.5 22 30.5 24 73 44 147 120 35 21 273.5
leaf_count=34 34 32 30 36 30 21 30 24 27 24 35 6 4 10 20 24 27 32 20 42 11 14 36 20 26 22 28 30 26 294 20 4 5 8 22 16 24 36 22 72 60 14 21 133
internal_value=-2.8865e-12 -0.00331231 0.000120919 0.00117476 0.0005616 -7.18526e-05 -0.000492406 0.000635442 0.000229452 -3.51477e-06 1.16503e-05 0.000158133 -0.000288671 0.00105174 0.000548232 -0.000341608 0.000542073 0.000325912 0.000623739 0.00117268 -1.8174e-05 -0.000105309 0.000156097 7.1042e-05 0.00014743 -4.88116e-05 -7.6924e-05 -0.000493205 -0.000205348 -3.41494e-05 7.47958e-05 3.22649e-05 -3.38073e-05 -5.00121e-05 0.000371207 0.00036709 -0.000103864 -2.63955e-05 -2.33866e-06 -0.000113829 -0.000289204 5.90302e-05 -0.000100324 5.10218e-06
internal_weight=2385 84 2301 243 213 177 111 66 81 2058 2004 339 226 113 214 93 56 206 132 66 1665 1110 555 527.5 491.5 1075 1041 97 74 944 66 449 375 371 42 74 54 366 876 311 164 565 45 346.5
internal_count=1506 66 1440 243 213 177 111 66 81 1197 1173 288 192 96 186 86 51 182 124 62 885 590 295 284 248 576 542 52 58 490 62 228 186 182 42 42 54 177 462 154 82 308 45 169
is_linear=0
shrinkage=0.08


Tree=158
num_leaves=45
num_cat=0
split_feature=34 2 7 35 14 34 33 2 15 15 16 36 34 17 16 31 11 10 36 16 33 31 2 0 31 32 0 32 31 16 16 21 3 17 19 35 15 15 33 32 21 30 22 32
split_gain=0.126331 0.736704 0.126621 0.0198999 0.0323147 0.0296654 0.0123375 0.0336928 0.0234547 0.0101114 0.0237372 0.00467931 0.0121755 0.00462806 0.0101445 0.00246501 0.00227464 0.00214496 0.00302339 0.00728301 0.0109775 0.0102253 0.00595552 0.00237735 0.00377657 0.00380826 0.00290784 0.00167215 0.00127507 0.00127012 0.00121349 0.000883114 0.000826578 0.000887925 0.00101214 0.000741809 0.00197071 0.00148371 0.00107464 0.00120756 0.00117474 0.000980476 0.00127958 0.000897121
threshold=1.0000000180025095e-35 16.415000000000003 2.9550000429153447 1.0000000180025095e-35 9.9200000000000017 119.60000000000004 0.3000000000000001 16.175000000000004 0.84499999999999897 1.6600000000000001 6.6850000000000014 2.5000000000000004 12.700000000000003 2.7000000000000006 6.1450000000000005 0.50000000000000011 9.9550000000000018 9.8950000000000014 2.5000000000000004 6.0550000000000024 1.0000000180025095e-35 1.0000000180025095e-35 17.935000000000006 13.955000000000002 1.0000000180025095e-35 0.3000000000000001 13.56 18.200000000000003 7.1000000000000005 6.6850000000000014 6.0550000000000024 2.5000000000000004 16.740000000000006 4.7000000000000002 0.3000000000000001 1.5000000000000002 0.65499999999999947 0.22999999999999957 3.1000000000000005 0.3000000000000001 5.3000000000000016 1.0000000000000002 53.300000000000004 12.100000000000001
decision_type=2 2 2 2 2 2 2 2 2 2 2 2 2 2 2 2 2 2 2 2 2 2 2 2 2 2 2 2 2 2 2 2 2 2 2 2 2 2 2 2 2 2 2 2
left_child=1 2 -1 4 5 6 7 15 -8 10 -10 12 -11 14 -13 -2 17 18 22 -20 -21 -22 23 26 25 -25 -5 28 31 -23 -26 -14 33 34 -31 37 -37 -32 39 -39 43 -38 -43 -40
right_child=3 -3 -4 16 -6 -7 8 -9 9 11 -12 13 27 -15 -16 -17 -18 -19 19 20 21 29 -24 24 30 -27 -28 -29 -30 32 35 -33 -34 -35 -36 36 41 38 40 -41 -42 42 -44 -45
leaf_value=-0.0020364170162766068 0.00079980539778868362 -0.014237171778312097 0.0054572393721149812 3.0937915964221414e-05 0.0036382649657094764 0.0033663004885117215 -0.0023175911186262966 0.0039424556609065761 0.0033781534823633377 -0.0020455592684447766 0.00015338285094912863 -4.4910513378422837e-06 0.00026666349341051979 -0.00015447577682176704 0.0022190218312304446 -0.00033028800537188846 -0.00052100363929100612 0.00050252368328747928 0.00089290550822624943 -0.0014012089103925974 0.0013619490071565292 -0.00011233967614539882 -0.00084077611718962476 -0.0011496687489561737 -0.00032031436238069965 -7.6849746621317338e-05 0.0011256447389314417 -0.00063824355229735372 0.00044014662400253919 0.00014711308828805404 -0.00083153972402215002 -0.00025766877208717725 -6.3654792671850708e-05 -4.582621083643876e-05 0.00067216352619671905 0.00057578124519851474 -0.00028670015144590598 0.00064455028157681224 3.3581388973250564e-05 2.2924225466946761e-05 -0.00052388479340482845 1.1389587940286519e-05 0.00047717093402075821 -0.00037984800863672389
leaf_weight=27 21 26 31 44 21 21 24 21 21 20 48 29 34 38 24 30 54 54 72 32 39.5 228 63 40 81 45 24 20 56 46.5 15.999999999999998 52 67.5 38 47.5 45 58 24 142 120 44 309 43 44
leaf_count=27 21 14 25 44 21 21 24 21 21 20 48 29 34 38 24 30 24 24 32 22 22 104 28 20 36 20 24 20 56 24 8 52 30 36 34 18 34 18 74 68 28 132 34 22
internal_value=-9.47032e-13 -0.00304733 0.00196881 0.000111245 0.000569484 0.000429082 0.000288257 0.00124554 9.99387e-05 0.00026959 0.00113483 5.09016e-05 -0.000183297 0.000519299 0.00100238 0.000135045 -9.54254e-06 6.08785e-06 -9.56162e-06 0.000140743 3.2215e-05 0.000130437 -8.47141e-05 -4.05696e-05 -7.13663e-05 -0.000581706 0.000417305 4.66119e-05 0.00014307 1.66479e-05 -2.45209e-05 -5.03746e-05 0.000164062 0.000280509 0.000412431 3.83322e-06 7.32292e-05 -7.71287e-05 -4.48545e-05 0.000126529 -0.000152155 1.8071e-05 6.8289e-05 -6.42191e-05
internal_weight=2385 84 58 2301 480 459 438 72 366 342 69 273 182 91 53 51 1821 1767 1713 571 499 467 1142 1079 1011 85 68 162 142 427.5 926 86 199.5 132 94 845 455 390 374 144 230 410 352 186
internal_count=1506 66 52 1440 480 459 438 72 366 342 69 273 182 91 53 51 960 936 912 304 272 250 608 580 512 40 68 162 142 228 472 86 124 94 58 436 218 218 210 86 124 200 166 96
is_linear=0
shrinkage=0.08


Tree=159
num_leaves=45
num_cat=0
split_feature=34 37 37 0 32 10 31 32 27 37 16 11 16 14 16 30 33 15 37 27 33 32 30 33 14 37 37 37 22 34 31 37 32 19 16 37 2 33 37 32 22 34 37 32
split_gain=0.106926 0.748694 0.0343637 0.0618454 0.0393891 0.0798172 0.0310611 0.00558845 0.00365694 0.00241478 0.0362683 0.0341588 0.0105502 0.00266493 0.00197007 0.00157334 0.00166579 0.0010752 0.00105081 0.000982847 0.000967347 0.00213336 0.000873143 0.000719922 0.000716909 0.000502437 0.00197615 0.00144387 0.000650127 0.000575479 0.00179461 0.00051499 0.000471453 0.000641909 0.00056126 0.000722251 0.0013968 0.00105999 0.000580747 0.00134588 0.000449375 0.000466667 0.000419575 0.000387665
threshold=1.0000000180025095e-35 7.995000000000001 16.425000000000004 17.070000000000004 1.3 8.3850000000000033 6.9000000000000012 1.3 0.50000000000000011 9.9650000000000016 5.9461538461538463 9.9550000000000018 6.0273076923076916 8.3850000000000033 6.0273076923076916 1.0000000180025095e-35 1.9000000000000001 2.1715384615384621 14.485000000000001 7.5000000000000009 1.0000000180025095e-35 0.3000000000000001 9.1000000000000014 0.70000000000000007 7.6750000000000007 4.8450000000000006 4.1950000000000012 3.7450000000000006 15.100000000000001 6.7000000000000037 1.0000000180025095e-35 3.1100000000000008 14.100000000000003 1.3 6.7250000000000023 7.2450000000000001 16.545000000000005 3.3000000000000003 7.9050000000000011 1.7000000000000004 9.5000000000000018 26.700000000000006 9.4550000000000018 1.7000000000000004
decision_type=2 2 2 2 2 2 2 2 2 2 2 2 2 2 2 2 2 2 2 2 2 2 2 2 2 2 2 2 2 2 2 2 2 2 2 2 2 2 2 2 2 2 2 2
left_child=1 -1 9 4 -4 -6 -7 -5 -9 11 -11 14 -12 15 -2 -14 17 -17 -19 -10 21 -16 24 -20 40 26 27 28 -22 -27 -31 -30 34 -34 38 37 -37 -36 43 -40 -18 -42 -41 -32
right_child=2 -3 3 7 5 6 -8 8 19 10 12 -13 13 -15 20 16 22 18 23 -21 25 -23 -24 -25 -26 29 -28 -29 31 30 32 -33 33 -35 35 36 -38 -39 39 42 41 -43 -44 -45
leaf_value=0.0051178060490638024 -0.00036081259226641404 -0.010004761598326943 0.005362172585325121 -0.0012623078908239091 0.0048349434283251561 -0.0024583487903388837 0.0017546292039610091 0.0011111180905607485 0.00011212719187218076 -0.0022482280723882773 0.0013686627563503054 0.0023424868064898033 -0.00048381753247947647 -0.00069731760993599888 0.00021053633155922093 0.00061419167746909161 0.00025114690762988867 -3.869170334512069e-05 0.00074278287356719372 -0.00043288481600272164 0.00057599615316749329 -0.00050380495676742587 0.00012419766511127193 0.0001013905684729772 -0.00046708522830158473 -0.00017955779958154179 0.00079005367777965681 -0.00048199445768087 -0.00015607050422466163 0.00047367677830898006 0.00029024541885074641 0.00030190498102456332 6.2216873131027184e-05 -0.00027966821897165771 0.00018579482217319311 0.00060068356476862127 8.6957196899631244e-05 -0.00059247656725347042 -0.00043163984629791227 -9.4633391845297624e-05 8.8892418619555743e-05 -0.00025728033182216971 0.0001232201330826948 2.2829829042058183e-05
leaf_weight=40 97.5 44 24 21 30 24 21 21 72 48 36 40.5 39 37.5 45 39 21 81 24 30 21 66 93 21 42 90 27 27 33 55.5 45 30 63 79.5 24 40.5 207 21 60 141 36 81 94.5 151.5
leaf_count=34 39 32 24 21 30 24 21 21 72 24 18 18 33 21 33 36 12 51 24 30 21 39 60 21 27 48 27 27 33 24 18 30 27 39 24 24 90 21 27 60 33 57 45 66
internal_value=2.00731e-12 -0.00280354 0.000102346 0.00100205 0.00254129 0.0016386 -0.000492292 -5.61693e-05 0.000149757 -3.88807e-06 -0.000139212 5.16047e-05 4.46799e-05 -4.79602e-05 -1.37799e-05 3.08986e-06 4.64446e-05 0.000247124 0.000133508 -4.81705e-05 1.18241e-05 -0.000214207 -7.4845e-05 0.000443466 -0.000177684 3.25506e-05 0.000176234 2.6927e-05 0.000190509 1.40626e-05 3.17988e-05 6.20131e-05 5.34336e-06 -0.000128519 2.96587e-05 0.000117418 0.000171022 -0.000177398 -2.25155e-05 -9.33922e-05 -8.9605e-05 -0.000150766 -7.21446e-06 8.407e-05
internal_weight=2385 84 2301 243 99 75 45 144 123 2058 598.5 1459.5 550.5 514.5 1419 477 438 165 126 102 1321.5 111 273 45 180 1210.5 138 111 84 1072.5 982.5 63 927 142.5 784.5 292.5 247.5 45 492 295.5 138 117 235.5 196.5
internal_count=1506 66 1440 243 99 75 45 144 123 1197 417 780 393 375 762 354 321 132 96 102 723 72 189 45 129 651 138 111 84 513 465 63 441 66 375 159 114 45 216 132 102 90 105 84
is_linear=0
shrinkage=0.08


Tree=160
num_leaves=45
num_cat=0
split_feature=37 0 32 37 36 16 36 36 3 0 0 29 32 27 11 33 36 15 36 12 11 3 10 37 37 33 32 37 17 31 37 31 35 27 36 31 20 12 16 32 16 0 29 35
split_gain=0.107077 2.25506 0.0861951 0.17543 0.604946 2.08569 0.581813 0.382243 0.129707 0.035695 0.048632 0.024623 0.00473006 0.00309523 0.0029492 0.00184634 0.0325646 0.0198239 0.00353327 0.0949532 0.0755963 0.025984 0.0101246 0.00241228 0.00632282 0.00301406 0.00157896 0.0015258 0.00142898 0.000992086 0.00143239 0.00098057 0.00392556 0.000831881 0.000682533 0.00100948 0.00062708 0.000735894 0.000891267 0.000578546 0.000770337 0.000549826 0.00228691 0.00260851
threshold=16.425000000000004 16.465000000000003 1.0000000180025095e-35 7.8750000000000009 2.5000000000000004 6.6350000000000016 1.5000000000000002 1.5000000000000002 13.425000000000002 17.070000000000004 16.765000000000004 8.7000000000000011 1.3 0.50000000000000011 9.9550000000000018 1.0000000180025095e-35 1.5000000000000002 2.100000000000001 1.5000000000000002 9.8250000000000011 9.8950000000000014 17.935000000000006 9.8000000000000025 11.575000000000001 11.984999656677248 1.0000000000000002 14.100000000000003 9.3000000000000025 1.3 0.3000000000000001 8.1550000000000029 1.0000000000000002 1.5000000000000002 7.5000000000000009 2.5000000000000004 6.3000000000000016 13.900000000000002 8.8950000000000014 6.0950000000000015 6.1000000000000005 6.1600000000000019 14.760000000000003 0.70000000000000007 1.5000000000000002
decision_type=2 2 2 2 2 2 2 2 2 2 2 2 2 2 2 2 2 2 2 2 2 2 2 2 2 2 2 2 2 2 2 2 2 2 2 2 2 2 2 2 2 2 2 2
left_child=2 -2 3 7 5 -5 -7 -1 -9 10 11 -3 -11 -14 15 16 -4 -18 19 21 22 26 23 29 -25 28 31 -28 -26 30 -20 32 -17 34 35 -15 37 38 -31 40 -33 42 -40 -44
right_child=1 9 14 4 -6 6 -8 8 -10 12 -12 -13 13 33 -16 18 17 -19 20 -21 -22 -23 -24 24 25 -27 27 -29 -30 36 -32 39 -34 -35 -36 -37 -38 -39 41 -41 -42 -43 43 -45
leaf_value=-0.0089115251035525884 -0.027327397017739716 -0.00070128705006826549 -0.0022617571140090896 0.018174737299127237 -0.0036525488750598694 -0.010925342686241494 0.0040510698619798044 0.0068401777104008946 -0.00084123647415681796 -0.0011613232722239835 0.0048197552478975716 0.0028029308432624455 0.0010222286220994733 -0.00038107719887713233 -0.00059214028150395112 -7.144223615926292e-05 -0.00056608759869749734 0.0020767725950709597 3.6213445501067698e-05 0.004460001372628742 -0.0036608021054416896 -0.0022883138844663913 0.0013839866581838579 0.0014958743091362217 0.001178057279670611 -0.00010542427793301739 0.00011208861719794748 -0.0005620303467466412 0.00022173692774958909 -0.0003465449109470712 -0.00064943797456530421 0.00048026842912076968 0.0010425357462541349 -0.00039825402402008574 0.00045149468894427027 0.00036307968187611551 0.00026366140564456221 0.00016835163670557193 0.0004412150694988668 -5.1382371402723948e-05 9.0069929319296912e-05 -1.7756496673614741e-06 3.952986397780478e-05 -0.0012525411006063223
leaf_weight=29 20 33 36.5 52.5 59 32 34.5 24 34 21 27 21 21 28 54 49 39 34 39 31.5 36 31.5 36 24 20 116 42 44 20 62 39 40 34.5 30 24 20 51 107 20 128 170 531 20 20
leaf_count=26 20 33 24 30 36 21 22 24 28 21 27 21 21 28 24 38 24 24 30 14 16 14 16 12 20 100 20 25 20 26 18 20 21 30 24 20 40 46 20 67 107 248 20 20
internal_value=-5.92675e-12 -0.00158423 0.000181372 0.0015319 0.00297092 0.00625483 -0.00315562 -0.00141232 0.00233728 0.00070405 0.00204756 0.000661464 -5.16757e-05 0.000137776 -9.5016e-06 7.77599e-06 -0.000310697 0.000664834 2.81515e-05 0.000190708 -5.31268e-05 -5.87959e-05 6.44083e-05 1.99698e-05 0.000287043 0.000101068 7.95879e-05 -0.000232809 0.000699897 -3.41057e-05 -0.000306612 0.000143327 0.000388824 -4.43168e-05 0.000103157 -7.10118e-05 -7.8967e-06 -2.61197e-05 -5.79856e-05 8.26795e-05 0.000164393 -2.77137e-05 -0.000257265 -0.000606506
internal_weight=2385 245 2140 265 178 119 66.5 87 58 225 81 54 144 123 1875 1821 109.5 73 1711.5 570.5 1141 539 1105 1069 180 156 507.5 86 40 889 78 421.5 83.5 102 72 48 811 760 653 338 210 591 60 40
internal_count=1506 245 1261 187 109 73 43 78 52 225 81 54 144 123 1074 1050 72 48 978 326 652 312 636 620 152 140 298 45 40 468 48 253 59 102 72 48 420 380 334 194 127 308 60 40
is_linear=0
shrinkage=0.08


Tree=161
num_leaves=45
num_cat=0
split_feature=34 37 37 4 34 30 30 16 37 16 11 16 36 14 21 31 32 36 10 31 16 30 16 32 36 37 34 32 0 36 34 4 34 34 11 10 10 21 36 32 32 14 11 22
split_gain=0.106468 0.64212 0.0366813 0.0933082 0.0438123 0.00531245 0.011994 0.00312212 0.00289777 0.0295631 0.0216078 0.00984059 0.0110857 0.019798 0.0109438 0.00377773 0.00436121 0.00314552 0.0175805 0.0107114 0.0318758 0.00446431 0.016815 0.00515306 0.0184145 0.00326706 0.00275093 0.00261646 0.0025537 0.00201039 0.00178596 0.00174759 0.00128336 0.00281053 0.000988795 0.002329 0.000966309 0.000829676 0.00318875 0.008856 0.00370477 0.000783268 0.000677691 0.000644504
threshold=1.0000000180025095e-35 7.995000000000001 16.425000000000004 16.515000000000004 9.5000000000000053 1.7000000000000004 2.8000000000000003 6.7750000000000004 10.065000000000003 5.9461538461538463 9.9550000000000018 6.0273076923076916 2.5000000000000004 8.0300000000000029 1.0000000180025095e-35 1.9000000000000001 1.0000000180025095e-35 2.5000000000000004 9.8550000000000022 0.70000000000000007 6.785000000000001 1.0000000180025095e-35 6.6350000000000016 1.0000000180025095e-35 1.5000000000000002 9.5050000000000008 6.7000000000000037 2.5000000000000004 14.240000000000002 1.5000000000000002 25.100000000000005 17.365000000000006 8.7000000000000046 10.900000000000004 8.6700000000000017 8.3600000000000012 9.4400000000000031 0.3000000000000001 1.5000000000000002 1.5000000000000002 1.7000000000000004 7.8050000000000006 8.6200000000000028 59.70000000000001
decision_type=2 2 2 2 2 2 2 2 2 2 2 2 2 2 2 2 2 2 2 2 2 2 2 2 2 2 2 2 2 2 2 2 2 2 2 2 2 2 2 2 2 2 2 2
left_child=1 -1 8 -4 -5 -6 -7 34 10 -10 17 -11 13 15 -14 16 -13 18 21 20 -19 22 -2 24 -23 -24 -21 -16 -22 -18 -17 32 -28 -34 35 -8 37 38 39 -25 -40 -32 -42 -35
right_child=2 -3 3 4 5 6 7 -9 9 11 -12 12 14 -15 27 30 29 19 -20 26 28 23 25 36 -26 -27 31 -29 -30 -31 41 -33 33 43 -36 -37 -38 -39 40 -41 42 -43 -44 -45
leaf_value=0.0045384010653942829 -0.0020451490848790855 -0.0094665451212362813 0.0049862489763252207 0.0034185491284976404 0.00079464488140402881 -0.0020249108415806576 3.3623997940484324e-05 0.00086236414092127239 -0.0020619685499696063 0.0012916211825278071 0.0017191401490708814 -0.0014234966665613825 0.0016943428487866186 -0.0023886837459368899 0.00058075907640159135 0.00079629640885286795 -0.00062919960933781804 0.002828463063850789 -0.0017754365802791559 -0.0021366154961287975 -0.00069631913032096164 0.002058549234787961 0.00059802201229992304 -0.0016183695757425712 -0.00061401395423507155 -0.00041311227249724865 0.0011556316582629314 -0.00020436927148232789 0.00026308425259360642 0.00015354555632386888 8.5235569848711695e-05 -0.00045722263086085706 -0.00096505158540925815 0.00012599638537154074 0.00012227010814886956 -0.0010440946831589653 0.00035389188243899238 3.3293750329149142e-05 0.00081427042435451948 -8.2177126839905315e-05 -0.00033563985844555589 -0.00037418806490798791 6.9584788600031037e-05 -0.00021773492224675455
leaf_weight=40 32 44 33 27 39 21 33 24 48 36 48 26 36 28 44 20 42 35.5 38 3.9999999999999991 26 33 43 30.5 33 39 6.4999999999999991 71 56 42 114 52 17.5 253 45 21 43 434 37 113 48.5 30 58 40.5
leaf_count=34 14 32 33 27 39 21 33 24 24 18 21 22 26 16 37 18 36 15 16 4 26 20 34 20 20 18 4 52 30 36 80 21 10 123 45 21 18 246 24 50 21 22 25 30
internal_value=5.88459e-12 -0.00279752 0.000102126 0.00103168 0.000410245 -3.36037e-05 -0.000257921 4.37601e-05 -7.63149e-06 -0.000167395 4.87741e-05 1.85757e-05 -8.25935e-05 -0.000362432 0.000477083 -0.000155369 -0.000518076 -5.65739e-06 -8.8322e-05 0.000159672 0.000825863 -2.04085e-05 -0.000489835 4.4067e-05 0.000722268 0.000117117 -4.99063e-05 9.60277e-05 -4.11168e-05 -0.000237827 8.79094e-05 -2.73168e-05 4.3093e-05 1.98406e-05 -0.000154689 -0.000385489 -1.4521e-05 -3.64929e-05 -0.000142024 -0.000408685 0.000124637 -1.04777e-05 -0.000114954 7.8565e-05
internal_weight=2385 84 2301 243 210 183 144 123 2058 537 1521 489 453 302 151 274 110 1473 982 491 117.5 944 114 830 66 82 373.5 115 82 84 164 369.5 317.5 311 99 54 764 721 287 143.5 143.5 144 106.5 293.5
internal_count=1506 66 1440 243 210 183 144 123 1197 387 810 363 345 230 115 214 94 789 526 263 71 510 66 444 40 52 192 89 56 72 120 188 167 163 99 54 404 386 140 70 70 102 46 153
is_linear=0
shrinkage=0.08


Tree=162
num_leaves=45
num_cat=0
split_feature=34 36 0 35 14 34 29 0 15 36 19 15 29 15 35 12 13 16 36 16 14 32 16 22 20 33 32 16 36 16 32 15 16 19 15 33 31 15 33 34 14 29 31 34
split_gain=0.0901144 0.63855 1.81176 0.0142782 0.0187746 0.0137171 0.0123656 0.0461265 0.015335 0.00933748 0.00934062 0.00620316 0.0129813 0.0027569 0.00274698 0.0383495 0.0272469 0.00427437 0.00708987 0.0122922 0.00576108 0.00471071 0.00364405 0.00170873 0.00232404 0.00167717 0.00142468 0.00135653 0.00153748 0.00588704 0.00760701 0.00570259 0.00240755 0.00369968 0.00318782 0.00312795 0.00180082 0.00163216 0.00128562 0.000898295 0.000794631 0.000748297 0.000730914 0.00102316
threshold=1.0000000180025095e-35 2.5000000000000004 16.415000000000003 1.0000000180025095e-35 9.9200000000000017 119.60000000000004 0.50000000000000011 16.425000000000004 0.78999999999999926 2.5000000000000004 0.3000000000000001 1.4750000000000001 4.6000000000000005 -0.1650000000000009 1.5000000000000002 9.9200000000000017 9.8550000000000022 6.0273076923076916 2.5000000000000004 6.0350000000000028 8.3850000000000033 1.0000000180025095e-35 6.0550000000000024 6.8000000000000007 2.3000000000000003 24.800000000000004 6.1000000000000005 6.0273076923076916 1.5000000000000002 6.8850000000000025 1.5000000000000002 2.1715384615384621 7.0000000000000018 5.9000000000000012 2.1950000000000003 0.50000000000000011 3.1000000000000005 1.7000000000000002 1.0000000000000002 29.400000000000002 7.7550000000000008 22.000000000000004 2.1000000000000005 29.900000000000006
decision_type=2 2 2 2 2 2 2 2 2 2 2 2 2 2 2 2 2 2 2 2 2 2 2 2 2 2 2 2 2 2 2 2 2 2 2 2 2 2 2 2 2 2 2 2
left_child=1 2 -1 4 5 6 7 9 -8 10 -2 12 -10 -5 16 27 17 -15 19 -19 23 -21 -23 -20 -25 38 -26 -16 29 30 -29 -31 35 34 37 -30 -32 -34 -13 -40 -38 -41 -24 -44
right_child=3 -3 -4 13 -6 -7 8 -9 11 -11 -12 25 -14 14 15 -17 -18 18 20 21 -22 22 42 24 26 -27 -28 28 32 31 36 -33 33 -35 -36 -37 40 -39 39 41 -42 -43 43 -45
leaf_value=-0.011037521059935291 -0.0018014603724110533 -0.012437946242945535 0.017815211002643293 -0.00081072786753928218 0.0028212227002673207 0.0023723815789534934 -0.0018919677265997357 0.0041189803571129845 -0.00027244245914819962 0.0013633932904137866 0.00048066629504319282 0.00031274279335602407 0.0023587819200474769 0.00059784554177895195 -0.0002882729238854387 0.0026033858896543582 -0.0019533104239962996 -0.0033377330005168915 -0.00038311341484985887 -0.00094302440143149827 0.00095698467146576149 -0.0012737417686730624 -0.00020015577322283207 0.00069034707537570666 0.0002700675400023527 0.00074390236898103643 -0.00037950736854691061 -0.0010313557875740182 0.00062869175587995695 0.0013314367362087774 0.00064232199729996771 1.9689284217281221e-05 -0.00018695654965046306 -0.0011951635132293002 0.00037925775851244516 -3.5075003468793712e-05 -0.00021111509362894179 -0.00097995428713217665 -0.00056185896508395669 3.2249898142305701e-05 0.00022189852199517191 -0.00045097986934356036 0.00042893819488300428 -2.8929028402810709e-05
leaf_weight=30 22 28 26 27 21 21 24 24 24 23 24 63 24 72 97.5 37.5 48 7.9999999999999991 41 46 64 15.999999999999998 128 43 47 21 40 41 52 46.5 42 39 46 26 46 360 49.5 26 24 141 60 24 36 236
leaf_count=30 22 22 14 12 21 21 24 24 24 23 24 63 24 36 39 15 24 4 26 30 32 8 82 26 31 21 23 17 22 33 18 27 28 26 28 150 21 26 24 141 24 24 24 128
internal_value=-2.02007e-11 -0.00257372 0.00235839 9.39559e-05 0.000482108 0.00037509 0.000279329 0.00109804 5.86341e-05 4.7274e-05 -0.000610786 0.000204474 0.00104317 -8.35766e-06 3.71814e-06 9.50603e-05 -0.000103567 1.07024e-05 -4.92611e-05 -0.000228652 0.00030952 -0.000174815 -8.98685e-05 6.71939e-05 0.000209214 5.70104e-05 -2.85876e-05 -5.91895e-06 2.70901e-05 0.000180703 -6.4646e-05 0.000733096 -4.97163e-05 -0.0003313 -0.000140957 4.87014e-05 0.000196972 -0.000473317 -2.30557e-07 -0.000104555 2.61526e-05 -3.80381e-05 -4.25135e-05 3.1671e-05
internal_weight=2385 84 56 2301 480 459 438 93 345 69 46 321 48 1821 1794 969 825 777 705 470 235 462 416 171 130 273 87 931.5 834 278 192.5 85.5 556 144 118 412 151.5 72 252 189 109.5 165 400 272
internal_count=1506 66 44 1440 480 459 438 93 345 69 46 321 48 960 948 474 474 450 414 276 138 272 242 106 80 273 54 459 420 140 80 60 280 108 82 172 63 54 252 189 45 165 234 152
is_linear=0
shrinkage=0.08


Tree=163
num_leaves=45
num_cat=0
split_feature=37 34 34 37 4 15 30 14 11 37 37 36 15 31 37 9 36 10 16 0 32 37 30 32 15 34 36 34 36 19 30 11 11 15 30 29 34 16 15 32 31 19 7 16
split_gain=0.11029 2.24437 0.305572 0.558643 0.0825633 0.00760445 0.0386432 0.00901003 0.00346798 0.00218722 0.00255122 0.0388286 0.152531 0.141432 0.0343446 0.0143857 0.00307443 0.0148714 0.0107256 0.00508329 0.010406 0.00356016 0.00599741 0.00787815 0.00171272 0.00157077 0.00417326 0.00220801 0.00955225 0.00127336 0.00123654 0.00119223 0.00279573 0.000942203 0.000820002 0.000772941 0.00087117 0.00109674 0.000633429 0.000591247 0.000664631 0.000584129 0.000767067 0.000724374
threshold=16.425000000000004 8.7000000000000046 1.0000000180025095e-35 7.8750000000000009 16.515000000000004 0.29999999999999899 1.7000000000000004 9.3600000000000012 9.9550000000000018 16.185000000000006 11.703076923076924 1.5000000000000002 1.8492307692307708 1.0000000000000002 11.911538461538465 11.575000000000001 2.5000000000000004 9.8550000000000022 6.0057692307692303 14.005000000000001 1.0000000180025095e-35 2.9600000238418587 1.0000000180025095e-35 0.70000000000000007 2.2350000000000008 10.900000000000004 1.5000000000000002 25.600000000000005 1.5000000000000002 1.0000000180025095e-35 0.50000000000000011 8.8000000000000025 8.490000000000002 0.84499999999999897 12.300000000000002 0.50000000000000011 23.700000000000006 6.0850000000000017 2.5850000000000009 6.3000000000000016 20.700000000000006 5.9000000000000012 9.9050000000000029 6.7650000000000006
decision_type=2 2 2 2 2 2 2 2 2 2 2 2 2 2 2 2 2 2 2 2 2 2 2 2 2 2 2 2 2 2 2 2 2 2 2 2 2 2 2 2 2 2 2 2
left_child=2 -2 3 -1 -3 -6 -7 31 9 10 16 13 -13 -12 -14 -15 17 21 -18 -20 -21 -4 23 -23 29 26 -24 28 -27 -16 -22 32 -8 -29 38 -32 -37 -38 -26 -35 -41 42 43 -39
right_child=1 4 8 -5 5 6 7 -9 -10 -11 11 12 14 15 24 -17 18 -19 19 20 30 22 25 -25 34 27 -28 33 -30 -31 35 -33 -34 39 -36 36 37 41 -40 40 -42 -43 -44 -45
leaf_value=-0.0037202409654855731 -0.027289911109372039 0.0043714922418196999 0.00076654871213523786 0.0099886353428547212 -0.0013969811150759816 0.0029934712630886309 7.6554390603661651e-05 -0.0018361017124836855 -0.00063938882581337727 -0.00060764289959075143 0.00562680252566601 -0.0052918687694096557 0.0036952922381460669 0.00011460120041232111 0.00099969417809254741 -0.00245540227368474 0.0016767608137293298 -0.0016494046183499068 -0.00086143147730682467 0.00139504582964276 0.00035352722326031894 -0.0014869403998766626 0.00076171244707023879 -7.6870923221576961e-05 -0.00015324245645281147 -0.0011234218015446576 -0.00020635482577378291 -0.00080109159151713061 0.00037439788102146683 0.00018637663984139052 -0.00040251966732651441 0.00034405529191846858 -0.00093810820428188893 9.6219075721455725e-05 -0.00043750352769469225 0.00036692797171732262 -0.00059492498549611075 3.5060112950978458e-05 0.00031641943304566668 -7.9443803387173253e-06 -0.00033423038887912815 -0.00026930582823438777 -7.8896598618788028e-05 0.00045082564068058234
leaf_weight=30 20 33 34 52 21 27 63 21 54 36 35 34 20 46 22 20 27.5 38 36 38 60.5 42 57 64 34 54.5 57 8.9999999999999982 54.5 28 33.5 36 24 350 24 37 21.5 67.5 40 304 46 45 144 44.5
leaf_count=30 20 33 34 34 21 27 63 21 24 36 32 30 10 42 20 10 11 16 36 18 32 22 37 34 28 32 37 4 32 28 17 36 24 172 18 22 9 32 34 148 22 28 64 26
internal_value=1.98668e-11 -0.00160782 0.000184073 0.00497319 0.000675034 3.97047e-05 0.00021614 -0.00030461 -6.74737e-06 1.02999e-05 2.16037e-05 0.000235123 -0.000405245 0.00151586 0.000583715 -0.000664188 -1.7253e-05 -9.41218e-05 0.000136485 5.61859e-05 0.000123397 -3.89905e-05 -6.53762e-05 -0.000635578 0.000163232 -5.24953e-07 0.000277679 -3.92966e-05 -0.000374512 0.000544236 1.6842e-05 -4.31356e-05 -0.000203353 1.22386e-05 -3.11587e-05 -3.49886e-05 -7.40267e-07 -4.29224e-05 0.000100629 2.26957e-05 -5.08277e-05 -3.4936e-06 4.32312e-05 0.000200253
internal_weight=2385 245 2140 82 225 192 171 144 2058 2004 1968 303 202 101 168 66 1665 1110 555 527.5 491.5 1072 1038 106 148 932 114 818 109 50 453.5 123 87 709 98 393 359.5 322.5 74 700 350 301 256 112
internal_count=1506 245 1261 64 225 192 171 144 1197 1173 1137 252 168 84 138 52 885 590 295 284 248 574 540 56 128 484 74 410 64 48 230 123 87 346 80 198 181 159 62 342 170 150 122 58
is_linear=0
shrinkage=0.08


Tree=164
num_leaves=45
num_cat=0
split_feature=34 2 9 35 15 34 13 15 16 34 36 15 18 13 11 10 36 34 31 16 35 10 31 16 33 34 34 34 33 13 36 18 34 34 31 34 22 34 16 4 17 16 22 29
split_gain=0.0994848 0.704677 0.081319 0.0148705 0.0360358 0.0332255 0.0104023 0.0137979 0.0308181 0.0117017 0.00498642 0.00782706 0.0073707 0.00347168 0.00295083 0.00263769 0.00193808 0.00507102 0.00580915 0.00578926 0.00345492 0.0090415 0.00422171 0.00636825 0.00292647 0.00271744 0.00235874 0.00217105 0.00177065 0.00170678 0.00303273 0.00157393 0.00153596 0.00133826 0.0012689 0.00153222 0.0010828 0.00102457 0.000977997 0.000666769 0.00120932 0.000655958 0.000597 0.000563625
threshold=1.0000000180025095e-35 16.415000000000003 2.9650000333786015 1.0000000180025095e-35 0.72499999999999976 9.5000000000000053 9.2200000000000006 1.6349999999999998 6.6850000000000014 119.60000000000004 2.5000000000000004 2.100000000000001 0.3000000000000001 7.4200000000000008 9.9550000000000018 9.8950000000000014 2.5000000000000004 1.9000000000000006 1.0000000180025095e-35 6.0550000000000024 1.5000000000000002 9.4850000000000012 2.1000000000000005 6.6350000000000016 1.0000000180025095e-35 1.9000000000000006 5.400000000000003 10.700000000000005 2.1000000000000005 7.6050000000000013 1.5000000000000002 5.3000000000000016 25.100000000000005 12.000000000000004 1.3 25.100000000000005 37.500000000000007 6.0000000000000044 6.6850000000000014 16.525000000000002 4.7000000000000002 7.0650000000000013 42.500000000000007 16.100000000000005
decision_type=2 2 2 2 2 2 2 2 2 2 2 2 2 2 2 2 2 2 2 2 2 2 2 2 2 2 2 2 2 2 2 2 2 2 2 2 2 2 2 2 2 2 2 2
left_child=1 2 -1 4 5 -2 7 8 -6 10 11 -9 -12 31 15 16 20 -18 -19 -20 21 22 23 -5 -21 -22 -27 -28 -10 36 -31 -14 -24 -29 -35 -36 41 -25 -26 40 -40 -13 43 -37
right_child=3 -3 -4 14 6 -7 -8 9 28 -11 12 29 13 -15 -16 -17 17 18 19 24 25 -23 32 37 38 26 27 33 -30 30 -32 -33 -34 34 35 42 -38 -39 39 -41 -42 -43 -44 -45
leaf_value=-0.0010080783676218103 0.004426142387781982 -0.013648143364832952 0.0049972557949443022 -0.0010261987331357566 0.0039342617279007324 0.00045734596206953201 -0.0011882181490461032 -0.0016533703581345352 0.00089677752283889617 0.0019542339719122366 0.0013980404199766261 0.00073304103163536645 -0.0009243143971649591 0.00080436183671866144 -0.00058823760836040255 0.00056261857074719893 -0.0013886814870472466 0.001008923977152795 0.0007397657406464633 -0.0011323889585522313 0.0011649931569783284 -0.0012173918559430885 0.00063407852098212717 0.00033629212446291656 -0.00010792590275390498 -0.00064208315565220781 0.00054749878322971719 -0.00051482615716979911 -4.2917727647970126e-05 -0.00088814985086875303 0.00016499390845586145 3.2630612735043874e-05 1.2641796559494522e-05 0.0003829540638611294 -0.0005289299841388129 -4.335857745169984e-05 -6.447065858992573e-05 -0.0002071396240376089 0.00053595183210240467 -3.3562706900391606e-06 -5.3117546148745247e-05 0.00011269543739035725 0.00031757964671629924 0.00020464485237995785
leaf_weight=27 27 26 31 68 21 27 30 22 21 21 35 24 22 21 54 54 13.999999999999998 46.5 72 14.999999999999998 13.999999999999998 52 28 34 228 31 56 28 33 35 35 22 280 65 32 269 64 64 54 103.5 38 20 46 75
leaf_count=27 27 14 25 34 21 27 30 22 21 21 35 24 22 21 24 24 14 24 32 10 14 26 20 32 104 22 26 16 33 35 35 22 150 32 20 110 64 42 38 46 36 20 34 30
internal_value=8.86263e-12 -0.00270423 0.00220167 9.87201e-05 0.000494842 0.00244174 0.000248052 0.00035686 0.00133381 0.000128601 8.07118e-07 -0.000229819 0.00046206 -4.19299e-05 -5.69429e-06 1.21084e-05 -5.24569e-06 0.000115095 0.000152892 7.49182e-05 -6.5416e-05 -0.000215998 -0.000106141 -0.000431353 -3.42472e-05 6.31655e-05 3.75416e-05 7.44389e-05 0.000322519 -5.38746e-05 -0.000361578 -0.000445842 6.9136e-05 2.29994e-05 5.39216e-05 3.24126e-06 0.000145563 -1.86021e-05 4.64806e-06 0.000135936 0.000292641 0.000451066 4.69066e-05 1.07119e-05
internal_weight=2385 84 58 2301 480 54 426 396 75 321 300 200 100 65 1821 1767 1713 571 557 510.5 1142 526 474 166 438.5 616 602 571 54 178 70 44 308 515 487 422 108 98 423.5 195.5 92 44 390 344
internal_count=1506 66 52 1440 480 54 426 396 75 321 300 200 100 65 960 936 912 304 290 266 608 304 278 108 234 304 290 268 54 178 70 44 170 242 226 194 108 74 224 120 74 44 174 140
is_linear=0
shrinkage=0.08


Tree=165
num_leaves=45
num_cat=0
split_feature=34 1 1 14 0 14 14 16 15 16 34 32 29 11 29 32 11 32 0 29 32 0 15 33 33 15 32 32 5 32 33 29 32 32 34 33 16 32 16 33 34 18 0 30
split_gain=0.084204 0.488761 0.0503353 0.00678705 0.00973051 0.0043431 0.00610712 0.00319419 0.00741338 0.00728076 0.00270265 0.00247284 0.00232613 0.0062113 0.00279691 0.00243826 0.00149743 0.00116394 0.00107511 0.00244184 0.00319092 0.00176188 0.0017662 0.00121746 0.000908194 0.000510092 0.000440885 0.000362786 0.000344975 0.000343235 0.000323883 0.000303451 0.000300114 0.000263822 0.000218145 0.000171446 0.000205175 0.000204891 0.000149545 0.00010496 0.000103815 9.77085e-05 7.3257e-05 7.39352e-05
threshold=1.0000000180025095e-35 16.415000000000003 11.984999656677248 9.9200000000000017 17.100000000000005 9.8550000000000022 9.7700000000000014 6.6250000000000018 1.781153891453376 6.6750000000000016 127.10000000000002 4.6000000000000005 2.8000000000000003 9.0900000000000016 2.5000000000000004 8.7000000000000011 9.8550000000000022 1.0000000180025095e-35 13.835000000000003 1.0000000180025095e-35 1.0000000180025095e-35 16.525000000000002 2.0784615384615379 1.5000000000000002 7.5000000000000009 2.1500000000000008 12.800000000000002 0.70000000000000007 5.6350000000000007 1.7000000000000004 1.7000000000000004 32.100000000000001 1.0000000000000002 5.5000000000000009 26.100000000000005 11.4 5.8842307692307685 18.200000000000003 8.9950000000000028 1.3 40.70000000000001 4.7000000000000002 17.335000000000004 18.200000000000003
decision_type=2 2 2 2 2 2 2 2 2 2 2 2 2 2 2 2 2 2 2 2 2 2 2 2 2 2 2 2 2 2 2 2 2 2 2 2 2 2 2 2 2 2 2 2
left_child=1 2 -1 5 -5 6 7 8 -2 11 12 -9 14 26 15 18 17 -10 23 -20 -21 22 -22 -11 -13 -19 28 -27 -14 32 33 34 -29 -30 -31 36 -36 39 -24 -38 -32 -25 -37 -44
right_child=3 -3 -4 4 -6 -7 -8 9 16 10 -12 24 13 -15 -16 -17 -18 25 19 20 21 -23 38 41 -26 27 -28 29 30 31 40 -33 -34 -35 35 42 37 -39 -40 -41 -42 -43 43 -45
leaf_value=-0.00092743199180673672 -0.0012196954475207763 -0.011602244560535139 0.0037973058283809692 0.00153636934289784 5.2573046740497269e-05 -0.00068158289097776316 0.00095464689638277494 0.00022729011379521002 -0.00049044442052642502 0.00069674230550622772 0.00064389283608908606 0.0006651704490003693 -0.0002456746038687588 -0.0011519191328041029 0.00087778639612775861 -0.0005312473892295004 0.00042750552430692492 -0.00031653564253991304 -0.00066605503652610032 0.00086310129612684246 -0.00072318028937112171 0.00052759282389712155 0.00010899084979635581 0.00023848854295081563 0.0011617471122493347 0.00018432611133903265 -0.00022522057123555272 -1.1177614491169501e-05 4.8322384861513863e-05 -0.00011800599153943811 9.5229709854092057e-05 -0.00018399390373190845 -0.00028975460974668915 0.00036118312077461806 0.00020072702036210983 2.5757797198688113e-05 9.2150868615135565e-05 -0.00013601601155559446 -9.9280457684977182e-05 -7.1399781937833795e-06 -2.6701422753575257e-05 4.5986967506232089e-05 0.00017784847158261319 5.417597616524107e-05
leaf_weight=27 33 26 31 49.5 66 49.5 49.5 49.5 33 45 49.5 45 27 33 33 34.5 49.5 33 25.5 34.5 25.5 33 57 45 49.5 66 51 49.5 34.5 66 61.5 49.5 49.5 34.5 33 61.5 90 66 36 280.5 163.5 27 82.5 49.5
leaf_count=27 18 14 25 27 36 27 27 27 18 45 27 27 27 18 18 27 27 18 18 27 18 18 54 45 27 36 36 27 27 36 36 27 27 27 18 36 54 36 36 153 108 27 45 27
internal_value=-3.23658e-13 -0.00248789 0.00159786 9.08225e-05 0.000688486 5.9237e-05 7.64049e-05 5.55695e-05 -3.88914e-05 0.000159291 7.02236e-05 0.000685347 3.47721e-05 -0.000100034 0.000172642 0.000108538 -2.09582e-06 -2.3161e-05 0.000175731 6.80872e-05 0.000168736 1.06129e-05 -0.000133356 0.000370317 0.000925282 -7.36951e-06 -6.72199e-06 3.44393e-06 2.79927e-05 -1.01609e-05 5.31255e-05 7.6814e-06 -0.000150466 0.000204753 2.06964e-05 3.45039e-05 8.38711e-06 -6.15405e-06 2.83697e-05 1.69793e-05 6.62642e-06 0.0001663 9.78724e-05 0.000131471
internal_weight=2385 84 58 2301 115.5 2185.5 2136 2086.5 1092 994.5 850.5 144 801 405 396 363 1059 1009.5 328.5 211.5 186 151.5 118.5 117 94.5 976.5 372 943.5 321 877.5 294 778.5 99 69 729 663 469.5 436.5 93 370.5 225 72 193.5 132
internal_count=1506 66 52 1440 63 1377 1350 1323 603 720 639 81 612 279 333 315 585 558 288 171 153 126 108 117 54 540 261 522 225 486 198 432 54 54 405 369 261 243 90 207 144 72 108 72
is_linear=0
shrinkage=0.08


Tree=166
num_leaves=45
num_cat=0
split_feature=37 4 34 37 34 1 0 32 34 37 15 0 11 36 15 15 16 15 3 5 36 10 13 0 30 30 16 32 36 37 15 34 16 17 17 14 17 36 32 34 11 32 15 30
split_gain=0.103146 2.18931 0.303589 0.541969 0.0527786 0.0432832 0.00496238 0.00378794 0.00802072 0.00221763 0.0316771 0.0566132 0.0212899 0.0154855 0.203351 0.120445 0.0078777 0.00423116 0.0106556 0.00245149 0.00187249 0.0134729 0.0103042 0.00384741 0.0104895 0.00306943 0.0120893 0.00376076 0.0147405 0.00225844 0.0011029 0.00103348 0.00164335 0.000982289 0.00163073 0.000754422 0.00108525 0.000687079 0.00619494 0.00303649 0.00101121 0.000965948 0.00108429 0.00137777
threshold=16.425000000000004 16.455000000000002 1.0000000180025095e-35 7.8750000000000009 9.5000000000000053 16.485000000000003 16.590000000000003 1.0000000000000002 32.20000000000001 10.065000000000003 1.78 13.425000000000002 9.9550000000000018 2.5000000000000004 1.9903846153846161 2.1500000000000008 6.0700000000000012 2.5850000000000009 16.195000000000004 10.085000000000003 2.5000000000000004 9.8550000000000022 9.7050000000000018 14.005000000000001 1.0000000180025095e-35 1.0000000180025095e-35 6.6350000000000016 1.0000000180025095e-35 1.5000000000000002 9.5050000000000008 0.72499999999999976 12.700000000000003 6.0950000000000015 2.5000000000000004 0.3000000000000001 7.5250000000000012 4.5000000000000009 1.5000000000000002 1.0000000000000002 12.700000000000003 8.8450000000000006 8.1000000000000014 2.6899999999999999 1.5000000000000002
decision_type=2 2 2 2 2 2 2 2 2 2 2 2 2 2 2 2 2 2 2 2 2 2 2 2 2 2 2 2 2 2 2 2 2 2 2 2 2 2 2 2 2 2 2 2
left_child=2 -2 3 -1 -3 -6 -7 -8 -9 12 11 -11 20 14 -12 -15 -17 18 19 33 21 25 23 -22 -25 26 -4 28 -27 -28 -26 -32 -33 34 -16 36 -18 38 -29 -39 -41 42 43 -40
right_child=1 4 9 -5 5 6 7 8 -10 10 13 -13 -14 15 17 16 35 -19 -20 -21 22 -23 -24 24 30 27 29 37 -30 -31 31 32 -34 -35 -36 -37 -38 39 41 40 -42 -43 -44 -45
leaf_value=-0.0036111431804796063 -0.026920002915896479 0.0040178187727966967 -0.0017292161867953836 0.0098915934562683102 0.0036812943362054375 -0.0011584899866971278 -0.00090149749361444263 0.0016223362122573667 -9.0349579720558327e-05 0.00030992191129674515 0.0074465434863608005 -0.0052283982764042558 0.0016951881539231787 -0.0061015116025439717 -0.00013029471917044638 0.0013446538071289207 -0.00050541651482956533 9.706573033084473e-05 -0.0018525898282726605 -0.00079768274014350028 -0.00079664728688334839 -0.0015575823626530014 0.0012861448790792418 0.00146867888077857 -0.00054328778931112204 0.0018072067364118993 0.00050403857213813207 -0.00083269026374719181 -0.00058392574276888004 -0.00033664819187460805 0.00052470314641331524 -0.00047029108721762891 2.7415185921112504e-05 -0.00025011930736668764 0.00079010417727245531 0.00020802525803446771 0.00014080056021439617 0.00063927964959293606 -0.00020174987810222728 -8.6503799594300421e-05 0.00031223719777833476 -0.00012197448426145615 -0.00011921020178509153 0.00042707552497343323
leaf_weight=30 20 27 32 52 21 27 24 21 105 27 24 21 48 22 28 33 39 150 30 30 36 38 43.5 31.5 27 33 43 61 33 39 21.5 50 281.5 42 22 40 29 50 28.5 284.5 47.5 129.5 60.5 102.5
leaf_count=30 20 27 14 34 21 27 24 21 105 27 16 18 21 17 24 18 28 90 18 20 36 16 19 15 12 20 34 39 20 18 17 20 144 40 20 26 25 33 18 149 20 64 27 54
internal_value=9.17587e-12 -0.00155488 0.000178011 0.00495157 0.000699802 0.000247345 -0.000160072 1.96428e-05 0.000195098 -1.21885e-05 -0.00015195 -0.00211309 3.71555e-05 4.05543e-05 0.000358889 -0.000596115 0.000262883 -0.000204369 -0.000501837 -0.000169684 -1.68741e-05 -8.06539e-05 0.000110685 -3.57709e-06 6.58045e-05 -2.12013e-05 -0.000410443 3.22609e-05 0.00061164 0.0001042 -5.04864e-05 -1.27934e-05 -4.76536e-05 3.50981e-05 0.000274681 -6.76576e-05 -0.000229824 -1.77902e-05 -9.36561e-05 5.80757e-05 -2.9455e-05 4.67834e-05 0.000160904 0.00029027
internal_weight=2385 245 2140 82 225 198 177 150 126 2058 537 48 1521 489 326 163 141 302 152 122 1473 982 491 447.5 411.5 944 114 830 66 82 380 353 331.5 92 50 108 68 764 382 382 332 321 191.5 131
internal_count=1506 245 1261 64 225 198 177 150 126 1197 387 45 810 342 228 114 97 212 122 104 789 526 263 244 208 510 66 444 40 52 193 181 164 84 44 79 53 404 202 202 169 163 99 72
is_linear=0
shrinkage=0.08


Tree=167
num_leaves=45
num_cat=0
split_feature=34 37 37 4 34 31 0 30 37 10 4 36 32 32 14 1 34 30 34 17 23 0 3 0 0 31 36 21 30 36 16 37 16 10 8 30 6 8 36 32 32 32 16 37
split_gain=0.0936892 0.69929 0.0348709 0.0889724 0.0516199 0.00425065 0.00829886 0.00200135 0.001877 0.0292728 0.0203626 0.0100556 0.0133737 0.00846965 0.00663352 0.00383737 0.00227413 0.0015158 0.00119816 0.00116369 0.00106104 0.00126735 0.00101589 0.00181337 0.000931757 0.00134832 0.00272211 0.000879219 0.000778802 0.0045669 0.00897884 0.00117287 0.000663645 0.00098958 0.000797539 0.000546663 0.000431519 0.000572817 0.000621165 0.00625645 0.00524479 0.00221047 0.00185743 0.00242544
threshold=1.0000000180025095e-35 7.995000000000001 16.425000000000004 16.505000000000006 9.5000000000000053 1.7000000000000004 16.625000000000004 2.5000000000000004 10.065000000000003 9.8550000000000022 17.955000000000002 2.5000000000000004 1.0000000180025095e-35 1.0000000000000002 7.8650000000000011 17.935000000000006 1.3000000000000005 0.70000000000000007 0.80000000000000016 4.5000000000000009 6.6000000000000005 17.820000000000004 17.650000000000002 17.860000000000003 14.055000000000001 1.3 1.5000000000000002 4.2000000000000011 1.0000000180025095e-35 2.5000000000000004 6.6350000000000016 9.5050000000000008 6.2250000000000005 7.5750000000000002 10.105000000000002 4.2000000000000011 10.105000000000002 10.065000000000003 1.5000000000000002 0.3000000000000001 1.0000000180025095e-35 3.3000000000000003 7.1300000000000008 7.2450000000000001
decision_type=2 2 2 2 2 2 2 2 2 2 2 2 2 2 2 2 2 2 2 2 2 2 2 2 2 2 2 2 2 2 2 2 2 2 2 2 2 2 2 2 2 2 2 2
left_child=1 -1 8 -4 -5 -6 -7 -8 10 11 18 12 -10 17 19 16 -14 -13 -2 27 -9 -22 28 -24 -18 26 -26 -15 29 30 -20 -32 34 -34 -27 36 37 38 39 -30 -40 -41 -42 -44
right_child=2 -3 3 4 5 6 7 20 9 -11 -12 13 15 14 -16 -17 24 -19 22 -21 21 -23 23 -25 25 32 -28 -29 35 -31 31 -33 33 -35 -36 -37 -38 -39 40 41 42 -43 43 -45
leaf_value=0.005031257182359695 0.0011112771121164163 -0.0095838474956425751 0.0050810315540681288 0.003696393260076918 -0.00078935173316261708 0.0013371786475181581 -0.00086168712082629404 0.00023505158497115459 -0.0018604376732061308 -0.0025679618120193481 0.0017105865867601501 0.0018284955871506379 -0.0018955331807956101 -0.00072066896645992526 0.0010332800371964511 -0.00098395050769405708 0.00052520183380693202 0.00091467034759088644 -0.0015908788796514272 0.00020418333462797678 -0.00074053203720333321 0.0001383751011010082 -0.00061546972181384611 2.2017534891212431e-05 -0.00092185379546468288 0.00060983441196955164 0.0001936708320863545 -9.4356920140293931e-05 0.0010695056384429336 0.00043037766726179558 0.00031072100337881309 -0.0003097163286740677 7.6647418766067585e-05 -0.00051079122552134012 9.095579119665283e-05 -3.3486045116604027e-05 -0.00016308981614808244 0.00037315578264152181 -0.00077598036266863352 -0.00048857243860712149 -2.7264394018195822e-05 0.00019163328823783705 0.00012975132484969339 0.00091955076966031984
leaf_weight=40 5.9999999999999991 44 30 27 39 30 21 54 30 30 45 26 3.9999999999999991 32 38 28 22 21 32 26 21 21 49.5 67.5 28 26 28 26 40 55 39 39 78 24 70 595.5 45 43.5 47 50.5 176 77.5 76 37
leaf_count=34 6 32 30 27 39 30 21 54 26 15 18 23 4 22 22 14 22 17 14 22 21 21 21 27 23 22 23 18 30 31 30 18 62 16 36 294 18 18 32 32 82 43 76 20
internal_value=1.07638e-11 -0.00262427 9.58014e-05 0.00100212 0.000427631 -4.68672e-05 0.000150119 -0.000154256 -1.12134e-05 -0.000139794 3.4183e-05 3.88409e-06 -0.000248043 0.000507738 0.000156219 -9.09913e-05 -1.69538e-06 0.00142019 -1.69268e-05 -0.000240547 4.94687e-07 -0.000301078 -2.15318e-05 -0.000247689 2.57515e-05 -1.75079e-05 -0.000364091 -0.000439908 -1.97495e-06 -0.000164837 -0.000462445 5.02337e-07 8.05157e-05 -6.15734e-05 0.000231485 2.06448e-05 7.50498e-05 9.46229e-05 7.05829e-05 0.000196184 7.78235e-06 -7.67291e-05 0.000135245 0.000388358
internal_weight=2385 84 2301 243 213 186 147 117 2058 537 1521 507 338 169 122 308 280 47 1476 84 96 42 1470 117 276 254 56 58 1353 165 110 78 198 102 96 1188 592.5 547.5 504 168 336 128 289 113
internal_count=1506 66 1440 243 213 186 147 117 1197 387 810 372 248 124 84 222 208 40 792 62 96 42 786 48 204 182 46 40 738 93 62 48 136 78 58 645 351 333 315 105 210 75 178 96
is_linear=0
shrinkage=0.08


Tree=168
num_leaves=45
num_cat=0
split_feature=34 2 1 34 11 15 33 33 24 33 36 32 36 9 31 4 34 10 32 36 36 34 30 33 36 10 34 15 0 36 31 32 15 29 20 30 20 34 29 30 30 3 22 12
split_gain=0.0792985 0.571156 0.0682056 0.00573197 0.00341139 0.00512926 0.0153129 0.00796507 0.00279335 0.0021023 0.0753662 0.0495815 0.00411558 0.0116081 0.00815743 0.0281906 0.00666132 0.00557785 0.0143869 0.0123461 0.0118987 0.0464576 0.0330551 0.0046163 0.00351466 0.00307324 0.00492984 0.00180359 0.00167656 0.00204715 0.00176046 0.00160973 0.00118052 0.00111789 0.00110688 0.000988125 0.000790134 0.000745472 0.000724125 0.00067262 0.000631907 0.00056223 0.000533906 0.000482878
threshold=1.0000000180025095e-35 16.415000000000003 11.984999656677248 121.60000000000001 9.9550000000000018 0.42999999999999888 0.50000000000000011 1.3 3.9000000000000004 22.000000000000004 1.5000000000000002 4.6000000000000005 1.5000000000000002 12.01346153846154 0.3000000000000001 16.195000000000004 1.9000000000000006 7.9050000000000011 1.3 2.5000000000000004 2.5000000000000004 32.20000000000001 1.5000000000000002 1.0000000180025095e-35 2.5000000000000004 9.0550000000000015 17.700000000000006 0.89499999999999968 14.160000000000002 2.5000000000000004 0.70000000000000007 1.5000000000000002 2.2450000000000001 0.3000000000000001 0.90000000000000013 3.1000000000000005 4.7000000000000002 35.500000000000007 0.3000000000000001 7.5000000000000009 3.9000000000000004 16.475000000000005 39.100000000000016 8.5500000000000025
decision_type=2 2 2 2 2 2 2 2 2 2 2 2 2 2 2 2 2 2 2 2 2 2 2 2 2 2 2 2 2 2 2 2 2 2 2 2 2 2 2 2 2 2 2 2
left_child=1 2 -1 4 5 6 -2 -8 -5 12 -11 -12 13 14 15 34 -16 23 19 -19 22 -22 -20 24 -14 26 -18 -28 29 38 31 -30 35 -31 -7 -29 42 -24 -25 -39 -23 -37 -34 -42
right_child=3 -3 -4 8 -6 9 7 -9 -10 10 11 -13 17 -15 16 -17 25 18 20 -21 21 40 37 28 -26 -27 27 32 30 33 -32 -33 36 -35 -36 41 -38 39 -40 -41 43 -43 -44 -45
leaf_value=-0.00093718331721093923 0.0016845757008125686 -0.01226702855183528 0.0045626715029920299 0.0011085752431641924 -0.00050510410120654286 -9.2418452343308788e-05 -0.00076431583086348544 0.00057814345132404317 0.00025867993614137774 0.0028388070121553601 -0.003315898426808417 0.00037495395927125528 -0.00012270717970317319 -0.0017570970681580632 0.0027044852077960967 -0.0029100872183387932 -0.0008205141800065194 0.00026870243907482788 0.0026244700667387866 0.0019637756933542816 -0.0028507121541089826 0.00046505839326842262 -0.00024509988104303679 0.00024997744372133942 -0.0015863556336123674 0.00065959395777264785 -0.00095898086205124854 0.00060384908469305156 -2.3418254581778203e-05 0.001085856209974736 1.9179061045322769e-05 -0.00071169805247336623 -4.053119941243342e-05 0.0002866118182871668 0.00060439198091626165 0.00035523814032785596 0.0001845250952722771 0.00030767949273009316 -0.00039328434637614661 -8.9961238807500008e-05 0.00033170038569633938 -9.2950127595527618e-05 -0.00038913343720404164 -1.6607258176384878e-05
leaf_weight=27 49.5 26 31 49.5 66 41.5 49.5 66 49.5 51 36 66 21 27.5 5.9999999999999991 27.5 46.5 55 38.5 55 38.5 55 49.5 24 21 44 10.999999999999998 42 43 24 487 44 143 21 22.5 33.5 87.5 60.5 21 49.5 44 38.5 35 60.5
leaf_count=27 27 14 25 27 36 39 27 36 27 30 24 36 21 15 6 15 39 30 21 30 21 30 27 24 21 24 6 27 36 24 312 24 78 21 15 21 60 33 21 27 24 21 24 33
internal_value=7.28847e-12 -0.00241433 0.00200239 8.81373e-05 6.13646e-05 7.88678e-05 0.000507335 2.80376e-06 0.000683628 4.29991e-05 0.000327802 -0.0009277 1.90305e-05 -0.000151195 -7.48552e-05 -0.000767912 5.53598e-05 0.000104143 0.000306864 0.00111624 8.2038e-05 -0.000356485 0.000520562 -4.115e-05 -0.000854531 2.23146e-05 -4.18509e-05 5.08709e-05 1.02988e-05 0.000331332 -4.00375e-05 -0.000371514 8.0142e-05 0.000712875 0.000152554 0.00029547 -1.23152e-05 1.27215e-05 -5.02114e-05 0.000128741 0.000245569 0.000115582 -0.000109077 0.000130049
internal_weight=2385 84 58 2301 2202 2136 165 115.5 99 1971 153 102 1818 606 578.5 91.5 487 1212 506 110 396 198 198 706 42 481 437 390.5 664 90 574 87 379.5 45 64 114 265.5 159.5 45 110 159.5 72 178 104.5
internal_count=1506 66 52 1440 1386 1350 90 63 54 1260 90 60 1170 390 375 69 306 780 276 60 216 108 108 504 42 300 276 237 462 90 372 60 231 45 54 69 162 87 45 60 87 42 102 57
is_linear=0
shrinkage=0.08


Tree=169
num_leaves=45
num_cat=0
split_feature=37 30 34 37 4 32 34 30 11 11 36 3 16 36 37 32 16 32 37 5 16 22 37 31 36 32 30 31 2 3 31 21 37 25 32 37 2 31 30 37 37 22 10 25
split_gain=0.0970478 2.06819 0.300987 0.566131 0.0615927 0.0314352 0.00684403 0.00299551 0.00220616 0.00204505 0.00259949 0.0153854 0.00811325 0.0259064 0.00560065 0.00697357 0.0191838 0.00820319 0.0032563 0.0162928 0.0105716 0.00279123 0.00277788 0.00241581 0.014493 0.00190366 0.00135933 0.00116629 0.00113316 0.00895403 0.000918856 0.000706936 0.000697219 0.000640568 0.000856849 0.00140903 0.000614725 0.00114769 0.000807371 0.00175246 0.00200639 0.00207053 0.000741673 0.000599345
threshold=16.425000000000004 1.0000000180025095e-35 1.0000000180025095e-35 7.8750000000000009 16.505000000000006 0.50000000000000011 28.100000000000005 1.9000000000000001 9.9550000000000018 9.9200000000000017 1.5000000000000002 17.935000000000006 6.0550000000000024 2.5000000000000004 3.0300000000000007 1.0000000000000002 6.785000000000001 1.0000000180025095e-35 11.760384615384618 10.065000000000003 6.0057692307692303 0.3000000000000001 2.9900000000000007 1.0000000180025095e-35 2.5000000000000004 1.0000000180025095e-35 17.600000000000005 0.70000000000000007 13.350000000000003 13.835000000000003 5.1000000000000005 3.5000000000000004 17.345000000000002 5.4000000000000012 7.3000000000000016 9.4050000000000029 15.695000000000002 0.50000000000000011 8.1000000000000014 4.745000000000001 5.6350000000000007 71.40000000000002 8.8000000000000025 1.6000000000000003
decision_type=2 2 2 2 2 2 2 2 2 2 2 2 2 2 2 2 2 2 2 2 2 2 2 2 2 2 2 2 2 2 2 2 2 2 2 2 2 2 2 2 2 2 2 2
left_child=2 -2 3 -1 -3 -6 -7 -8 9 10 11 14 13 -12 -4 16 -16 -18 20 31 -17 -19 -14 24 -24 -25 30 -22 -27 -30 43 -20 -32 34 -29 -36 38 -38 39 -31 -41 -42 -39 -9
right_child=1 4 8 -5 5 6 7 26 -10 -11 12 -13 22 -15 15 18 17 21 19 -21 27 -23 23 25 -26 28 -28 33 29 36 32 -33 -34 -35 35 -37 37 42 -40 40 41 -43 -44 -45
leaf_value=-0.0038257729920248189 -0.026161684762686491 0.0045137109964465101 0.0012265791451292378 0.0099746679056149264 0.0031548841413487462 -0.0012189367326597372 0.00092386342633593208 0.00065850850327738703 -0.00052130269379025177 0.00055958802225413145 0.0015723849002675838 -0.001869858419522643 -0.00069806836168649362 -0.00042641455161733082 -0.0016914132930839262 -0.0018231582622975113 0.0011863502004416659 -0.0010680071768971783 -0.0006680572459784646 0.002347612936996897 0.00044951872214716806 4.5791412833043273e-05 -0.00054478714414754831 -0.00049649814384922924 0.0012209499638308496 0.0004515708947292296 -0.00059300900960806762 9.2317278246981449e-05 -0.0038094850815832615 0.00086313001557507306 -0.0005035263049094716 -1.1631663600426343e-05 7.6504407463491792e-05 0.00029999468887094839 2.0209297756938371e-05 -0.00054007471751664645 -0.00046884420828428121 -5.9882392549687729e-05 -0.00013771353160134622 -0.00060504549542780622 3.2922415997745705e-05 0.00085469562211073938 0.00019911108666421546 7.3288112034788355e-05
leaf_weight=30 20 24 21 52 21 30 24 21 54 40.5 83 31.5 38 83 59.5 20 32 24 21 22 44.5 36 59.5 56 59.5 32 24 156.5 3.9999999999999991 22 21 21 36 43 76.5 46 40 560 63 22 80 26 81 24
leaf_count=30 20 24 21 34 21 30 24 21 24 18 38 14 38 38 32 8 22 14 21 13 22 34 37 36 37 32 24 81 4 22 21 21 36 19 40 23 20 270 54 22 64 22 36 24
internal_value=-8.93451e-12 -0.00150821 0.000172669 0.00492573 0.000683208 0.000225834 -0.000115888 0.000104721 -1.67141e-05 -3.11739e-06 -1.4724e-05 -0.000144901 5.03644e-05 0.000572985 -5.76837e-05 -0.000102484 -0.00057201 0.000151951 5.5415e-05 0.000583969 -3.21076e-05 -0.000399728 -2.55368e-05 -2.40905e-06 0.000338081 -4.35027e-05 -5.13057e-05 6.56305e-05 -1.62256e-05 -3.28954e-05 7.61539e-05 -0.000339844 -0.000137191 1.25776e-05 -3.17196e-05 -0.000190183 -1.59979e-05 -5.30983e-05 0.000102619 0.000203558 9.01944e-05 0.000234489 -2.71547e-05 0.000346391
internal_weight=2385 245 2140 82 225 201 180 150 2058 2004 1963.5 654.5 1309 166 623 602 151.5 92 450.5 64 386.5 60 1143 1105 119 986 126 366.5 930 898 102 42 57 322 279 122.5 894 681 213 150 128 106 641 45
internal_count=1506 245 1261 64 225 201 180 150 1197 1173 1155 385 770 76 371 350 102 70 248 55 193 48 694 656 74 582 126 185 546 514 102 42 57 163 144 63 510 326 184 130 108 86 306 45
is_linear=0
shrinkage=0.08


Tree=170
num_leaves=45
num_cat=0
split_feature=34 37 37 30 3 16 0 30 11 11 36 3 37 37 37 32 16 15 36 32 37 14 12 36 16 16 32 37 32 16 16 15 14 14 5 13 11 29 30 34 15 32 8 10
split_gain=0.0888798 0.621318 0.0359692 0.0702005 0.0309713 0.0178674 0.0119543 0.00676167 0.00186729 0.00173093 0.00220021 0.0130222 0.0072387 0.0308 0.00497076 0.0117204 0.0194354 0.00416491 0.00616012 0.00406768 0.00370853 0.0131542 0.00447715 0.00357275 0.0740839 0.0524167 0.0059122 0.00358326 0.00522641 0.00322733 0.00314334 0.00151265 0.00140354 0.00131622 0.00218141 0.00130159 0.00122332 0.00111745 0.00110072 0.00223017 0.00108775 0.000929835 0.000897562 0.000874365
threshold=1.0000000180025095e-35 7.995000000000001 16.425000000000004 0.3000000000000001 16.505000000000006 6.8000000000000025 16.985000000000003 1.9000000000000001 9.9550000000000018 9.9200000000000017 1.5000000000000002 17.935000000000006 11.802307692307695 11.868846153846155 7.9050000000000011 1.3 6.785000000000001 2.1715384615384621 2.5000000000000004 0.50000000000000011 11.760384615384618 7.9050000000000011 8.9450000000000021 2.5000000000000004 6.0057692307692303 6.0057692307692303 1.0000000180025095e-35 3.0500000000000003 1.0000000180025095e-35 6.0550000000000024 7.3600000000000021 1.0000000180025095e-35 9.4050000000000029 7.7750000000000012 11.992692307692311 7.455000000000001 8.6700000000000017 9.1000000000000014 1.0000000180025095e-35 12.700000000000003 3.1550000000000007 9.1000000000000014 9.9950000000000028 8.6700000000000017
decision_type=2 2 2 2 2 2 2 2 2 2 2 2 2 2 2 2 2 2 2 2 2 2 2 2 2 2 2 2 2 2 2 2 2 2 2 2 2 2 2 2 2 2 2 2
left_child=1 -1 8 -4 -5 7 -7 -6 9 10 11 14 23 -14 19 16 -16 18 -15 -2 22 -22 37 25 -25 -12 -27 -26 -29 -28 -18 -31 38 -19 -35 41 40 42 -30 -40 -9 -21 -17 -41
right_child=2 -3 3 4 5 6 -8 36 -10 -11 12 -13 13 17 15 20 30 33 -20 35 21 -23 -24 24 27 26 29 28 32 31 -32 -33 -34 34 -36 -37 -38 -39 39 43 -42 -43 -44 -45
leaf_value=0.0046600876857992267 0.0010114415695999641 -0.0091161368448625917 0.0051212564172844087 0.0032754735273677698 -0.0015137449452110256 0.0026108397203885641 0.00038400243495642725 -0.00069990016442413136 -0.00047959850212835053 0.00051482082982720048 0.0035445280117845095 -0.0017202697304033098 0.0053420881740748882 3.3535558970705155e-05 -0.0020844674326479435 4.0348035271291605e-05 0.00047503231238428653 -0.00016359346578449885 0.0016283808354355936 7.8685388894407626e-05 -0.00021332457051158132 0.0022892141742631793 -0.00080113266372000395 -0.0042672423680347425 -0.00094561599012788226 -0.0008976896685082465 0.00088361246869541135 0.00091874464741247431 -0.00049476860657982199 0.0014259116517172921 -0.00065707934985183324 -4.8311264643085785e-05 -0.00042550635043081346 0.00075549909351941419 -0.00019803403452637474 0.00040595955660809643 0.00024002156108272849 -0.00018700075520695569 0.00078317321274640433 -2.3584106166547629e-05 2.2677063262866188e-05 -0.00044813072087906177 0.00047054756916343018 0.00035897420275014363
leaf_weight=40 38.5 44 24 24 24 27 36 24 54 40.5 27 31.5 7.9999999999999991 31 50 77 38.5 82 31 78.5 41 20 46 27 23 50 26 43 23 4.4999999999999991 26.5 440 45.5 34 28 57.5 54 68 26.5 316 30 29.5 52 43.5
leaf_count=34 34 32 24 24 24 27 36 24 24 18 11 14 4 29 29 36 19 82 29 59 41 11 20 11 23 30 11 23 13 2 24 238 20 28 14 23 54 32 19 164 30 19 24 19
internal_value=-1.56064e-11 -0.00255603 9.33101e-05 0.0010138 0.000563663 0.000229901 0.00133836 -0.000299136 -1.5377e-05 -2.868e-06 -1.35461e-05 -0.000133309 4.63352e-05 0.000471885 -5.3069e-05 -0.000210745 -0.000898672 0.000282751 0.000830958 0.000270785 4.94904e-05 0.00060718 -9.05057e-05 -3.68317e-05 -0.000181337 0.000107674 -7.06069e-05 3.0612e-05 7.57441e-05 1.72871e-05 1.34791e-05 -3.33866e-05 -4.01172e-06 4.67177e-05 0.000324871 9.84871e-05 -2.92234e-05 7.54275e-05 4.28783e-05 7.49142e-05 -0.000298468 -6.52135e-05 0.000213762 2.2706e-05
internal_weight=2385 84 2301 243 219 195 63 132 2058 2004 1963.5 654.5 1309 214 623 419 115 206 62 204 304 61 243 1095 547.5 547.5 520.5 520.5 497.5 470.5 65 444.5 454.5 144 62 165.5 108 197 409 386 54 108 129 359.5
internal_count=1506 66 1440 243 219 195 63 132 1197 1173 1155 385 770 186 371 236 72 182 58 135 164 52 112 584 292 292 281 281 258 251 43 240 235 124 42 101 108 92 215 202 54 78 60 183
is_linear=0
shrinkage=0.08


Tree=171
num_leaves=45
num_cat=0
split_feature=37 1 34 37 34 4 33 37 37 10 36 37 37 8 5 22 32 36 19 31 27 32 20 36 13 0 30 33 37 29 32 13 10 17 37 37 37 37 37 34 36 33 22 29
split_gain=0.0911971 1.97837 0.276543 0.548719 0.0505004 0.0339417 0.00484505 0.00187735 0.0305617 0.0187188 0.00555782 0.0185171 0.0260691 0.015973 0.0114167 0.00548084 0.00323909 0.0037518 0.00858831 0.0015867 0.00151317 0.00149324 0.00148148 0.00124151 0.00468775 0.00376321 0.0108538 0.00521149 0.00222217 0.00438374 0.0053748 0.00178911 0.00108784 0.000998479 0.000896805 0.00184103 0.00107746 0.00148441 0.0032842 0.00088451 0.00460344 0.000942899 0.000765645 0.00109517
threshold=16.425000000000004 16.465000000000003 1.0000000180025095e-35 7.8750000000000009 9.5000000000000053 16.545000000000005 1.0000000000000002 11.470000000000001 11.760384615384618 9.9550000000000018 1.5000000000000002 11.802307692307695 11.868846153846155 11.911538461538465 10.045000000000002 17.300000000000004 5.7000000000000002 2.5000000000000004 1.0000000180025095e-35 5.1000000000000005 1.9000000000000001 12.800000000000002 1.0000000180025095e-35 2.5000000000000004 9.7450000000000028 14.005000000000001 0.50000000000000011 1.7000000000000004 2.9600000238418587 1.0000000180025095e-35 2.1000000000000005 9.3000000000000025 8.5500000000000025 2.3000000000000003 3.0500000000000003 3.1100000000000008 3.3550000000000004 3.6250000000000004 4.0150000000000015 15.800000000000002 1.5000000000000002 24.800000000000004 11.100000000000001 1.3
decision_type=2 2 2 2 2 2 2 2 2 2 2 2 2 2 2 2 2 2 2 2 2 2 2 2 2 2 2 2 2 2 2 2 2 2 2 2 2 2 2 2 2 2 2 2
left_child=2 -2 3 -1 -3 -6 -7 9 -9 23 13 -12 -13 14 15 -10 17 22 -19 20 -8 -18 -14 24 28 -25 27 -27 -4 30 -30 39 -21 -24 -28 -36 -37 -38 -39 40 -31 -41 43 -40
right_child=1 4 7 -5 5 6 19 8 10 -11 11 12 16 -15 -16 -17 21 18 -20 32 -22 -23 33 25 -26 26 34 -29 29 31 -32 -33 -34 -35 35 36 37 38 42 41 -42 -43 -44 -45
leaf_value=-0.0038925181807329258 -0.025574256516993046 0.0039268791372025456 0.00061272450640578475 0.0096940435297214068 0.0030589655249787032 -0.0011353352320966899 0.00077729791858776784 -0.0023919188893503614 -0.0014762942533454169 0.0016893395049763576 -0.0034859991446137429 0.0049147209525108341 -0.00043025548763883615 -0.0024474820345640183 0.0015902045164662209 4.1797452244079777e-05 -0.00051333220994198006 0.0021313851955346765 0.0002343060842914773 8.2153619628232456e-05 9.6682556683108915e-06 0.00020566490090762575 0.00076676187361590566 -0.0007133965339744464 -0.0006519264962542631 0.00022292041647675877 -0.0024270384013652803 0.0014726856630295515 -0.0012532783677892351 -0.0007890208023093125 6.9389377344161905e-08 0.00037140021578090484 -0.00051536987425210192 -1.4250107950911943e-05 0.0034000506997108461 -0.0018890361487865449 0.0017454006616026163 -0.0026779353618621828 -0.00045274477136748225 2.8414420053611387e-05 0.00029117017312408749 -0.00034231731648299294 0.00011336507521881594 -2.8032584976993828e-05
leaf_weight=30 20 27 34 52 24 27 27 36 23 42 7.9999999999999991 7.9999999999999991 24 20 23 45 38 24 42 39 42 36 20 36 82 37 0.999999999999999 50.5 41 50.5 47 79 39 22 0.999999999999999 1.9999999999999989 2.9999999999999991 2.9999999999999991 48 667 50.5 47 163.5 204
leaf_count=30 20 27 34 34 24 27 27 18 23 18 4 4 20 10 17 45 32 20 42 39 42 26 20 36 36 22 1 23 26 38 22 34 39 22 1 2 3 3 22 332 38 24 90 89
internal_value=-7.67011e-12 -0.00146204 0.000167383 0.00472335 0.000681265 0.000238681 -0.000150324 -1.41468e-05 -0.000177618 2.15672e-05 6.17657e-05 0.000292868 0.000434135 -0.00040044 4.94596e-05 -0.000471675 0.000260131 0.000497649 0.000924153 3.05964e-05 0.000310045 -0.00016355 7.11455e-05 -2.09625e-05 -7.00763e-05 7.72651e-05 0.00013275 0.000944214 -2.3116e-05 -4.51308e-05 -0.000583877 7.90007e-06 -0.000216608 0.00035766 -3.41196e-05 -2.84825e-05 -3.65782e-05 -2.77884e-05 -4.04994e-05 -2.73349e-05 -0.000248925 4.01051e-06 -2.14566e-05 -0.00010893
internal_weight=2385 245 2140 82 225 198 174 2058 369 1689 333 222 214 111 91 68 206 132 66 147 69 74 66 1647 1098 549 513 87.5 1016 982 88 894 78 42 425.5 424.5 423.5 421.5 418.5 815 101 714 415.5 252
internal_count=1506 245 1261 64 225 198 174 1197 303 894 285 190 186 95 85 68 182 124 62 147 69 58 62 876 584 292 256 45 548 514 48 466 78 42 211 210 209 207 204 432 76 356 201 111
is_linear=0
shrinkage=0.08


Tree=172
num_leaves=45
num_cat=0
split_feature=37 32 4 32 37 36 3 3 36 15 31 0 24 11 36 11 12 3 4 30 37 37 3 32 37 28 37 15 20 18 37 36 32 1 32 1 31 31 31 37 0 31 3 14
split_gain=0.0771893 1.95748 0.113381 0.0693352 0.12229 0.225023 5.16487 1.57431 0.701528 0.0138462 0.0110196 0.00658032 0.00293023 0.00201759 0.00263762 0.102792 0.0960096 0.00893284 0.00774065 0.00322759 0.00122397 0.00121446 0.00371939 0.000854562 0.00101532 0.000760227 0.00075515 0.00177529 0.000863944 0.00119947 0.000973734 0.000629742 0.00464086 0.0135061 0.00290981 0.00346716 0.00239231 0.0009561 0.000790302 0.00155608 0.00055812 0.000535247 0.000463419 0.000551543
threshold=16.425000000000004 0.3000000000000001 16.505000000000006 1.0000000180025095e-35 2.8800000000000003 2.5000000000000004 16.415000000000003 16.415000000000003 1.5000000000000002 0.22999999999999957 1.0000000000000002 16.895000000000003 1.1000000000000003 9.9550000000000018 2.5000000000000004 9.8950000000000014 9.8250000000000011 17.935000000000006 17.935000000000006 1.0000000180025095e-35 4.745000000000001 11.760384615384618 16.185000000000006 18.200000000000003 8.8450000000000006 57.20000000000001 7.4050000000000011 2.6899999999999999 0.90000000000000013 1.3 8.5250000000000004 1.5000000000000002 1.0000000000000002 16.165000000000003 1.0000000000000002 16.165000000000003 0.50000000000000011 1.0000000000000002 1.0000000000000002 9.7850000000000019 14.200000000000001 0.50000000000000011 12.620000000000003 7.3050000000000006
decision_type=2 2 2 2 2 2 2 2 2 2 2 2 2 2 2 2 2 2 2 2 2 2 2 2 2 2 2 2 2 2 2 2 2 2 2 2 2 2 2 2 2 2 2 2
left_child=3 -2 -3 4 -1 7 -7 8 -6 -4 -11 -12 -13 14 15 18 17 19 23 -16 -21 26 -23 31 -25 -14 27 -22 -28 -30 -31 32 33 36 35 40 -5 41 39 -34 -33 -36 -39 -44
right_child=1 2 9 13 5 6 -8 -9 -10 10 11 12 25 -15 16 -17 -18 -19 -20 20 21 22 -24 24 -26 -27 28 -29 29 30 -32 34 38 -35 37 -37 -38 42 -40 -41 -42 -43 43 -45
leaf_value=-0.0040805821460283675 -0.02532967135030776 0.0053654079722861448 0.0020229490422865467 -0.00045945068156080587 -0.01140451122529623 0.01705957399523314 -0.023751096616256726 0.011944921237410477 0.0031804205562642393 -0.0018701394026478134 0.001029989865104047 -0.0010628552883419962 0.0001103720091770002 -0.000499106907216763 -0.00063640889754010873 0.0042761334616483919 -0.0044395847843279913 0.001406122376284902 -0.0012185309309926298 0.00054166877888800469 -0.00060019183114076713 -1.6897958788004788e-05 0.0012138771883804691 5.9530990570783623e-05 -0.00040227874677676038 -0.00040953452456354475 -8.3337015150872275e-05 0.00024150388591267445 0.00050583787147224569 0.00029149793283305249 -0.0002093828249619239 0.00038588231567431383 0.00064805952341933 -0.001745584485562224 -0.00054620523993490324 0.0010428613809084423 0.00048648095483341342 -0.00055111750960350041 1.143992450819815e-05 -0.00013791287351133568 -7.4196320699734813e-05 -9.0562000193379131e-05 0.00019095959061626443 -3.7584956371413336e-05
leaf_weight=24 20 30 21 28 41 43.5 36.5 76.5 43.5 21 36 21 72 54 44 36 31.5 31.5 36 34 39.5 55 22 50 78 24 174 27 48.5 46 54 27 38 38 33 38 44 8.9999999999999982 331 28 45 33 96.5 225.5
leaf_count=24 20 30 21 27 35 36 18 38 36 21 36 21 72 24 29 16 14 14 16 34 29 55 14 24 42 24 77 15 22 20 27 27 21 18 18 18 33 9 183 19 33 22 71 103
internal_value=-7.12568e-12 -0.00134508 0.000786884 0.000153993 0.00136525 0.00190758 -0.00156029 0.00363074 -0.00389629 8.24956e-05 -0.000151697 8.41675e-05 -0.000206855 -1.71988e-05 -2.90827e-06 6.51727e-05 -0.00013907 9.63185e-05 -6.35154e-05 2.0475e-05 7.82808e-05 4.44714e-05 0.000334752 -2.71051e-05 -0.000221884 -1.96046e-05 -1.29878e-05 -0.000258451 3.76271e-05 0.000179363 2.10223e-05 -2.51757e-06 -6.55628e-05 -0.000525379 6.05277e-05 0.000424625 0.000118619 -4.03556e-05 6.18421e-05 0.000314617 9.83332e-05 -0.000318384 1.5082e-05 3.09074e-05
internal_weight=2385 245 225 2140 265 241 80 161 84.5 195 174 153 117 1875 1821 1214 607 575.5 1178 544 500 466 77 1142 128 96 389 66.5 322.5 148.5 100 1014 507 110 507 110 72 397 397 66 72 66 331 322
internal_count=1506 245 225 1261 187 163 54 109 71 195 174 153 117 1074 1050 700 350 336 684 322 293 259 69 668 66 96 190 44 146 69 47 602 301 78 301 78 60 223 223 40 60 40 183 174
is_linear=0
shrinkage=0.08


Tree=173
num_leaves=45
num_cat=0
split_feature=34 37 37 4 32 34 30 37 37 11 36 14 0 36 13 13 34 32 37 32 32 30 30 18 30 10 16 31 31 25 18 16 37 37 1 32 32 16 37 16 20 16 20 31
split_gain=0.103266 0.597083 0.0446023 0.0776516 0.0780765 0.00592434 0.00236452 0.00220138 0.0316784 0.0200556 0.0122871 0.0204805 0.0113924 0.00451611 0.0181346 0.0176744 0.00761144 0.00978268 0.00322016 0.0202528 0.008115 0.00158254 0.0014144 0.00134079 0.00125603 0.000982933 0.00139277 0.000963209 0.000839154 0.00116891 0.0014093 0.000674435 0.000592005 0.00106643 0.000676328 0.00051714 0.000986125 0.000644384 0.000529712 0.00149741 0.00116892 0.000503181 0.000430891 0.000422361
threshold=1.0000000180025095e-35 7.995000000000001 16.425000000000004 16.505000000000006 0.70000000000000007 29.400000000000002 1.9000000000000001 11.703076923076924 11.802307692307695 9.9550000000000018 2.5000000000000004 8.3600000000000012 16.295000000000005 2.5000000000000004 9.7050000000000018 9.7450000000000028 1.9000000000000006 1.0000000180025095e-35 7.9050000000000011 1.0000000180025095e-35 1.0000000180025095e-35 1.0000000180025095e-35 0.3000000000000001 0.50000000000000011 4.6000000000000005 9.4400000000000031 6.0700000000000012 1.9000000000000001 5.1000000000000005 7.5000000000000009 0.70000000000000007 6.1950000000000012 9.9050000000000029 9.7850000000000019 16.565000000000001 0.50000000000000011 1.0000000000000002 6.0850000000000017 7.4800000000000013 6.7250000000000023 3.7000000000000006 8.9800000000000022 0.50000000000000011 3.3000000000000003
decision_type=2 2 2 2 2 2 2 2 2 2 2 2 2 2 2 2 2 2 2 2 2 2 2 2 2 2 2 2 2 2 2 2 2 2 2 2 2 2 2 2 2 2 2 2
left_child=1 -1 7 -4 -5 -6 -7 9 -9 13 12 23 27 15 16 18 -15 -18 20 -20 -2 -19 -23 -12 -25 26 -21 41 -8 30 -30 -22 33 43 -35 -24 -37 -38 40 -40 -39 -10 -34 -28
right_child=2 -3 3 4 5 6 28 8 10 -11 11 -13 -14 14 -16 -17 17 21 19 25 31 22 35 24 -26 -27 32 -29 29 -31 -32 -33 42 34 -36 36 37 38 39 -41 -42 -43 -44 -45
leaf_value=0.0043188444073311979 0.001252867415743439 -0.0091860330443490641 0.0049361752793192866 0.0039851106915415992 -0.0011263878829777241 0.00083357765572145582 0.00022668973567003075 -0.0030083702380458515 -0.00030937482809349602 0.0016288698515563738 0.0005163903849629255 0.0025638586588736089 -0.0012192660468545826 -0.0018164670627032007 0.0017246411975751492 -0.0012841234353776925 0.0014058826750878131 -0.00059716912738063874 -0.0018041988110847093 -0.00041160966679003211 0.0002707332742866129 0.00073348652133170295 -0.00036752059523548398 -0.00048818591389466418 0.00031525871017947795 0.00032277982342444981 0.00018792783633830981 0.0002600373992546728 -0.00087832925036006304 0.00018513498975274465 1.9063972757153569e-05 -2.229160714271148e-05 0.0002956812928563782 -0.00012209139855044401 -0.00053665956995246238 0.00049752710163593295 -0.0003017987331132526 7.7673433103946722e-05 -3.903429250355687e-05 0.00041618894665471968 -0.0005551795990516742 0.0001082805475840966 2.0433958699623664e-05 -5.216915755227092e-05
leaf_weight=40 38 44 30 36 30 24 48 24 48 48 26 28 66 13.999999999999998 43.5 78 33 28.5 44 62 60 17 24.5 33 20 48 74 70 24 30 21 310 56 68 40 25 46 49.5 182 62 30 30 104 128
leaf_count=34 32 32 30 36 30 24 48 12 48 21 25 15 38 14 19 34 18 16 20 26 24 12 16 33 20 20 32 70 24 30 21 214 28 34 20 15 19 30 82 30 24 30 52 54
internal_value=7.49595e-12 -0.00275514 0.000100579 0.00112559 0.000588891 -0.000101865 0.000107221 -2.04506e-05 -0.000204818 1.66811e-05 4.7935e-06 0.000704759 -0.000345189 -2.97964e-05 0.000156532 -0.000122961 2.31743e-05 7.49431e-05 -3.51985e-05 -0.000149467 0.000139565 -1.96124e-05 1.81408e-05 4.58378e-05 -0.000184999 -2.39356e-05 -5.52182e-05 4.46016e-05 -3.45073e-05 -0.000201673 -0.000459546 2.52259e-05 -8.20491e-06 -7.27084e-05 -0.000275635 -1.08828e-05 1.12658e-05 -2.16342e-05 1.82038e-05 7.66372e-05 -0.000161139 -0.000148738 0.000116771 3.57872e-05
internal_weight=2385 84 2301 243 213 177 147 2058 345 1713 321 107 214 1665 555 1110 511.5 497.5 1032 624 408 464.5 436 79 53 580 532 148 123 75 45 370 470 310 108 419 394.5 369.5 323.5 244 79.5 78 160 202
internal_count=1506 66 1440 243 213 177 147 1197 291 906 279 93 186 885 295 590 276 262 556 286 270 244 228 78 53 266 246 148 123 75 45 238 220 140 54 216 200 185 166 112 54 78 80 86
is_linear=0
shrinkage=0.08


Tree=174
num_leaves=45
num_cat=0
split_feature=34 36 0 37 30 1 16 0 30 11 36 12 11 16 16 5 37 31 33 31 36 32 32 32 9 23 36 37 16 31 30 0 16 30 33 37 33 34 21 10 32 30 30 29
split_gain=0.0874045 0.547667 1.5535 0.0377514 0.0722589 0.0199114 0.0145152 0.00796137 0.00691827 0.00242894 0.00155188 0.0805643 0.0598126 0.0136662 0.00791943 0.0177874 0.00497924 0.00567661 0.00450527 0.00740383 0.00400289 0.0204752 0.0114817 0.00389677 0.00240297 0.00133682 0.00108681 0.000915299 0.00111263 0.00155624 0.0010651 0.000884742 0.000843621 0.000842105 0.000836662 0.000763384 0.00119406 0.000679619 0.000655854 0.000666701 0.000566905 0.000527342 0.00173898 0.000506022
threshold=1.0000000180025095e-35 2.5000000000000004 16.415000000000003 16.425000000000004 0.3000000000000001 16.495000000000001 6.8000000000000025 17.070000000000004 1.9000000000000001 9.9550000000000018 1.5000000000000002 9.8250000000000011 9.8950000000000014 6.0550000000000024 6.0550000000000024 11.832692307692311 3.0300000000000007 1.0000000180025095e-35 1.0000000180025095e-35 0.70000000000000007 2.5000000000000004 1.0000000180025095e-35 1.0000000180025095e-35 0.3000000000000001 5.0400000000000009 6.6000000000000005 2.5000000000000004 3.0500000000000003 7.280000000000002 0.70000000000000007 8.1000000000000014 17.820000000000004 6.2400000000000002 1.3 1.5000000000000002 13.095000000000002 0.3000000000000001 49.500000000000007 1.0000000180025095e-35 8.5500000000000025 4.6000000000000005 5.5000000000000009 7.5000000000000009 17.100000000000005
decision_type=2 2 2 2 2 2 2 2 2 2 2 2 2 2 2 2 2 2 2 2 2 2 2 2 2 2 2 2 2 2 2 2 2 2 2 2 2 2 2 2 2 2 2 2
left_child=1 2 -1 9 -5 -6 8 -8 -7 10 11 13 14 -2 15 -12 -15 -18 19 -16 22 -22 -20 -19 -23 37 -17 -24 29 -29 34 -27 40 -26 -30 36 -34 -10 39 -31 -25 -38 -43 -35
right_child=3 -3 -4 4 5 6 7 -9 25 -11 12 -13 -14 16 18 26 17 23 20 -21 21 24 27 32 33 31 -28 28 30 38 -32 -33 35 43 -36 -37 41 -39 -40 -41 -42 42 -44 -45
leaf_value=-0.01037150901556015 -0.0010887544721981902 -0.011670041212013789 0.016345742023908174 0.0052027905577172844 0.0029211560002572481 -0.001382500674808398 0.0021777638416229325 0.00042048041135510144 0.00013003989240715805 -0.00054826796943045872 0.0020238458067178729 0.004044284669771081 -0.0032709767563372022 0.0012470622276443809 -9.1339897577806071e-06 -0.00017419494522345435 -0.00078655558569287818 0.00070263002562311896 -0.0013375627521523519 -0.0016112147349243364 0.0017447909916702071 0.00060658497353776914 -0.00069650673808959818 0.00037569011557095035 -0.00025540332633013627 -0.00060088862099551732 0.00031344904307610333 -0.00049776887319521199 0.00071598057224715153 -0.00037184418514847161 -0.00026727138587739321 0.00013346239037456968 -0.0006771958811099038 5.2551195721539763e-05 0.00014307953111112936 -0.00041970625012052352 0.00013423756788661967 0.00065217205392265759 5.9230115713159507e-05 4.336595659454664e-05 2.0691593603570333e-05 -0.00060935518020414751 6.6992624759160244e-05 -0.00020903872107608918
leaf_weight=30 78.5 28 26 24 21 24 33 33 39 54 40 31.5 36 21 48 58.5 54 56.5 47.5 30 47.5 39 12.999999999999998 52 98 21 58.5 48.5 29.5 55 20 21 17 291.5 36.5 36 123.5 27 237.5 45 64.5 32 101.5 56.5
leaf_count=30 36 22 14 24 21 24 33 33 39 24 20 14 16 21 38 26 34 39 30 20 30 39 13 27 57 21 26 25 27 25 20 21 12 163 34 36 72 27 124 20 32 16 52 29
internal_value=1.60965e-11 -0.00253473 0.00203293 9.25325e-05 0.00103555 0.000578861 0.000330436 0.00129912 -0.000153907 -1.88146e-05 -4.54786e-06 9.50121e-05 -5.43279e-05 -0.000100435 3.47486e-05 0.000567517 3.86028e-05 -8.65538e-06 -3.84314e-05 -0.000625319 4.55195e-06 0.000159649 -0.000150545 7.83148e-05 4.40263e-06 0.000119113 6.9627e-05 -3.42903e-05 -1.60513e-05 -7.40275e-05 0.000244167 -0.000233713 -4.39047e-06 -4.82546e-05 0.000399149 -7.33646e-05 -2.78599e-05 0.000343639 -1.31343e-05 -0.000185 0.000179146 1.50923e-05 -9.51282e-05 1.00804e-05
internal_weight=2385 84 56 2301 243 219 198 66 132 2058 2004 668 1336 636.5 1300 157 558 537 1143 78 1065 532.5 532.5 483 485 108 117 485 472 386 86 42 426.5 446 66 310 274 66 337.5 100 116.5 257 133.5 348
internal_count=1506 66 44 1440 243 219 198 66 132 1197 1173 391 782 377 766 72 341 320 694 58 636 318 318 286 288 108 52 288 275 194 81 42 247 249 61 188 152 66 169 45 59 140 68 192
is_linear=0
shrinkage=0.08


Tree=175
num_leaves=45
num_cat=0
split_feature=37 0 34 37 34 34 33 15 11 10 36 14 32 14 14 37 35 20 0 13 32 36 32 33 29 35 19 16 6 11 19 28 16 29 16 32 15 37 30 25 17 10 18 35
split_gain=0.0841574 1.85062 0.266199 0.432316 0.0556105 0.0134954 0.00655637 0.00322281 0.00205586 0.00192242 0.00434863 0.0134562 0.0232846 0.00727718 0.0205626 0.00651962 0.0059595 0.0038796 0.00375927 0.0019465 0.00185857 0.00939145 0.00137461 0.00377188 0.00129745 0.0012885 0.00113792 0.00121442 0.00288141 0.0011142 0.00108735 0.0010609 0.000910361 0.000789204 0.000730986 0.000886505 0.000603569 0.0004395 0.000509109 0.000410205 0.000393874 0.000388763 0.000335028 0.000730522
threshold=16.425000000000004 16.465000000000003 1.0000000180025095e-35 7.8750000000000009 9.5000000000000053 93.300000000000026 1.0000000000000002 1.0549999999999999 9.9550000000000018 9.9200000000000017 2.5000000000000004 8.1850000000000023 0.50000000000000011 8.3600000000000012 8.490000000000002 9.9050000000000029 1.5000000000000002 1.0000000180025095e-35 16.210000000000004 9.7700000000000014 1.0000000180025095e-35 1.5000000000000002 1.0000000000000002 0.70000000000000007 0.3000000000000001 1.5000000000000002 0.70000000000000007 6.8350000000000017 6.9750000000000005 9.3600000000000012 4.7000000000000002 16.900000000000002 6.0700000000000012 1.0000000180025095e-35 6.1050000000000013 26.500000000000004 2.1850000000000001 5.1300000000000017 0.3000000000000001 1.9000000000000001 15.500000000000002 9.0900000000000016 0.3000000000000001 1.5000000000000002
decision_type=2 2 2 2 2 2 2 2 2 2 2 2 2 2 2 2 2 2 2 2 2 2 2 2 2 2 2 2 2 2 2 2 2 2 2 2 2 2 2 2 2 2 2 2
left_child=2 -2 3 -1 -3 6 -6 -8 9 10 13 17 -13 20 -15 19 -14 18 -12 29 21 -4 23 -19 -24 26 -26 -28 -29 41 -27 -9 -22 -34 -35 36 42 -38 -39 -33 -40 -16 -36 -44
right_child=1 4 8 -5 5 -7 7 31 -10 -11 11 12 16 14 15 -17 -18 22 -20 -21 32 -23 24 -25 25 30 27 28 -30 -31 -32 39 33 34 35 -37 37 38 40 -41 -42 -43 43 -45
leaf_value=-0.0030168591663241387 -0.024725170197896659 0.0040743368829566015 0.0014121306047309189 0.0090428127806920274 -0.0012314209469628556 0.0016808766823713528 0.0010442620169903551 -0.00041640559161985012 -0.00050440659401593388 0.00054138973148332701 -0.0010957337673541834 0.0023500933415968629 0.00078578444421413887 -0.0021022924564313146 -9.8730324948794105e-07 -0.0010520111853066757 -0.00016465491492693361 0.0011036474766353002 -7.1995538213135048e-05 -0.00049899633008020897 -0.00033179775866515494 -0.00052605884236982096 -0.00054571288127091622 -0.00010668673097259468 -0.00028425039357638784 -4.475867204322405e-05 5.0062694198762381e-05 3.0170062986704019e-05 0.0012900962245406672 0.00031283346872607417 -0.00060471500926574727 0.0004251311836941611 0.000338514142678595 0.0002646511673616866 -0.00041578620478200415 -0.00041876635966556414 0.00034697014229515428 0.00035523311485751314 1.4683861700177658e-05 1.6858579225039907e-05 -0.00023093342257197948 -0.00025688672693921071 0.00010902770505708759 -0.00048313002847135067
leaf_weight=30 20 27 32 52 27 33 21 33 54 40.5 44 42.5 76 40 149 49 95 26 48 54 51 32 31 45 28 81.5 60 26 21 66 30.5 21 46 60 30 35 26 26 456 63 46 51 40 20
leaf_count=30 20 27 27 34 27 33 21 33 24 18 39 20 38 20 66 24 38 21 23 24 26 27 21 33 18 38 36 26 14 28 20 21 36 30 30 20 26 16 252 63 36 22 40 20
internal_value=-1.36479e-11 -0.00140448 0.000160793 0.00463074 0.000668469 0.000204033 -9.13358e-05 0.000131724 -1.73094e-05 -4.18402e-06 -1.54373e-05 0.000152933 0.000674269 -9.96224e-05 -0.000379431 -0.000192671 0.000257763 -9.94596e-05 -0.000561609 -6.10848e-05 2.75351e-05 0.000443036 2.23679e-05 0.000336534 -5.78689e-05 3.35852e-06 0.000169787 0.0002886 0.000593116 2.78146e-05 -0.000197247 -3.20644e-05 -4.27354e-06 1.70051e-05 -3.00764e-06 -2.66594e-05 -5.34921e-06 2.58668e-05 1.00549e-05 0.000118927 -7.8229e-06 -6.62417e-05 -0.000197501 -8.83582e-05
internal_weight=2385 245 2140 82 225 198 165 138 2058 2004 1963.5 654.5 213.5 1309 409 369 171 441 92 320 900 64 349 71 278 247 135 107 47 266 112 117 836 785 739 679 644 554 528 84 502 200 90 60
internal_count=1506 245 1261 64 225 198 165 138 1197 1173 1155 385 96 770 184 164 76 289 62 140 586 54 227 54 173 152 94 76 40 116 58 117 532 506 470 440 420 330 304 84 288 88 90 60
is_linear=0
shrinkage=0.08


Tree=176
num_leaves=45
num_cat=0
split_feature=37 4 2 33 37 36 29 10 36 37 32 36 31 33 31 37 16 36 10 33 4 33 0 37 27 36 37 32 12 10 2 10 32 16 21 32 37 33 29 37 13 37 15 17
split_gain=0.0712308 1.99403 0.0794064 0.0716034 0.24276 1.38771 2.04 0.529496 1.30895 0.148118 0.0618442 0.0525074 0.278965 0.678952 0.0542186 0.152644 0.327578 0.0611558 0.173897 0.0291343 0.01299 0.010397 0.00697627 0.0064105 0.0100908 0.00414353 0.00369433 0.00763245 0.00206617 0.00170128 0.000956431 0.000884775 0.00208968 0.000852708 0.000847928 0.000714688 0.000634876 0.000612265 0.000541623 0.000505509 0.000832727 0.000503956 0.000499529 0.000496917
threshold=16.425000000000004 16.455000000000002 16.495000000000001 1.0000000180025095e-35 11.984999656677248 2.5000000000000004 1.0000000180025095e-35 7.9050000000000011 1.5000000000000002 16.185000000000006 0.70000000000000007 2.5000000000000004 0.70000000000000007 3.5000000000000004 0.70000000000000007 9.7850000000000019 6.6350000000000016 1.5000000000000002 8.0000000000000018 3.1000000000000005 17.955000000000002 0.70000000000000007 16.415000000000003 11.760384615384618 1.1000000000000003 1.5000000000000002 10.230000000000002 0.50000000000000011 9.7050000000000018 9.5600000000000005 17.590000000000003 8.5500000000000025 6.3000000000000016 7.4750000000000023 3.5000000000000004 1.0000000180025095e-35 12.049615384615388 26.000000000000004 7.1000000000000005 7.4800000000000013 7.6250000000000009 9.7850000000000019 2.1350000000000002 10.000000000000002
decision_type=2 2 2 2 2 2 2 2 2 2 2 2 2 2 2 2 2 2 2 2 2 2 2 2 2 2 2 2 2 2 2 2 2 2 2 2 2 2 2 2 2 2 2 2
left_child=3 -2 -3 4 5 7 -7 8 -1 11 -4 14 13 22 15 17 -17 18 -5 -19 28 -12 42 26 -25 -18 27 -14 35 31 33 -23 -33 39 -35 -16 37 38 -37 -29 -41 -42 -13 -38
right_child=1 2 10 9 -6 6 -8 -9 -10 -11 21 12 23 -15 20 16 25 19 -20 -21 -22 29 -24 24 -26 -27 -28 30 -30 -31 -32 32 -34 34 -36 36 43 -39 -40 40 41 -43 -44 -45
leaf_value=-0.019565265729402505 -0.025499551225453616 0.0055438105257538464 0.0033864945472062875 0.00084711741011359878 -0.0049202972989587576 0.028894138623166969 -2.6822060698995717e-05 0.0029841062826804878 0.0036081418489607481 0.0049366527695306819 -0.001932434496425447 0.00013511652291830009 0.0012842676005675457 -0.01162029456739363 -0.0004938392092784246 0.0077726655719535685 -0.00099238270790212688 -0.00043963591785664113 -0.0076789268940687183 0.0029983578835698693 -0.0015683871673213112 2.6107901940122248e-05 0.001418422425077075 8.3930724385109803e-05 0.00202666678798518 0.00022139442696546513 -0.00068898669022711965 -0.00023887062176447557 -0.00054990342528455792 0.00050799923064187168 -0.0003245731715329932 -0.0010296059555063646 1.089932913115869e-05 0.00071749171097245474 1.5829680487513543e-06 -4.7404502280571263e-05 0.00030212928158923603 -0.00026908508413557515 9.1309515837387659e-05 0.00027318265541855777 5.893156028297895e-05 -0.0002493381370023816 -0.00038661798786209975 -0.0001017157648367664
leaf_weight=30 20 21 36 39.5 32 27 37 60.5 32.5 38 21 24 32 47.5 18 56 36 37 25 27.5 36 66 31.5 44 28 36 42 48.5 45 30 51.5 21 30 22.5 20 436 78 54 307 70 85 56.5 23 26
leaf_count=29 20 21 36 31 32 22 22 27 30 38 21 24 17 24 8 30 24 28 10 13 16 66 14 43 14 24 21 23 20 30 21 21 30 20 20 232 68 26 152 33 34 28 17 26
internal_value=5.14366e-12 -0.00129212 0.000859649 0.00014793 0.00151847 0.00262029 0.0121742 -0.00235085 -0.00751509 -8.31593e-06 0.000377456 -0.000108108 -0.000706734 -0.0040709 0.000190014 0.00122642 0.0031837 -0.000715688 -0.00245755 0.00102618 -7.63422e-05 -0.000267338 0.000497209 0.000141035 0.000839439 -0.000385494 2.35466e-05 0.000101076 -2.06226e-05 -2.9467e-05 -5.87897e-06 -0.000167279 -0.000417544 4.83781e-05 0.000380593 5.29427e-06 1.52659e-05 -8.99239e-06 9.91071e-06 -5.92639e-06 4.74911e-05 -6.41585e-05 -0.0001202 0.000201168
internal_weight=2385 245 225 2140 219 187 64 123 62.5 1921 204 1883 626 126 1257 257 128 129 64.5 64.5 1000 168 78.5 500 72 72 428 386 964 147 354 117 51 302.5 42.5 919 901 797 743 260 211.5 141.5 47 104
internal_count=1506 245 225 1261 162 130 44 86 59 1099 204 1061 353 79 708 160 78 82 41 41 548 168 55 274 57 48 217 196 532 147 179 117 51 158 40 512 504 410 384 118 95 62 41 94
is_linear=0
shrinkage=0.08


Tree=177
num_leaves=45
num_cat=0
split_feature=34 36 1 37 4 34 31 30 30 37 36 27 27 16 1 32 37 32 19 32 16 36 32 32 37 31 32 1 32 36 30 16 15 37 31 17 34 4 34 31 31 31 37 32
split_gain=0.122197 0.624251 1.19503 0.0448386 0.130133 0.0493017 0.00455159 0.0117185 0.0101537 0.00330474 0.00256788 0.0731483 0.0565582 0.0120054 0.00890255 0.013858 0.00530337 0.00630775 0.00833482 0.00500029 0.0112708 0.00841012 0.0142736 0.0138912 0.00348038 0.0074848 0.00623638 0.00311757 0.00308735 0.0028782 0.0431695 0.0325295 0.00199679 0.00192274 0.00182369 0.0016802 0.00162174 0.00114163 0.00113221 0.00344378 0.00107118 0.000910585 0.000813562 0.00079517
threshold=1.0000000180025095e-35 2.5000000000000004 16.375000000000004 16.425000000000004 16.505000000000006 9.5000000000000053 6.9000000000000012 2.8000000000000003 2.3000000000000003 16.175000000000004 1.5000000000000002 13.000000000000002 19.500000000000004 6.0550000000000024 14.110000000000001 1.0000000180025095e-35 5.1700000000000008 1.0000000180025095e-35 5.9000000000000012 1.5000000000000002 6.0700000000000012 2.5000000000000004 1.0000000180025095e-35 1.0000000180025095e-35 9.7850000000000019 2.1000000000000005 1.5000000000000002 14.160000000000002 0.70000000000000007 2.5000000000000004 0.50000000000000011 6.0057692307692303 0.52999999999999947 11.760384615384618 1.0000000000000002 2.7000000000000006 13.100000000000001 17.845000000000002 12.500000000000005 1.3 10.800000000000002 4.6000000000000005 9.9950000000000028 6.5000000000000009
decision_type=2 2 2 2 2 2 2 2 2 2 2 2 2 2 2 2 2 2 2 2 2 2 2 2 2 2 2 2 2 2 2 2 2 2 2 2 2 2 2 2 2 2 2 2
left_child=1 2 -1 9 -5 -6 8 -8 -7 10 11 13 16 -2 15 -15 17 -12 27 20 -18 23 -23 -22 32 26 -26 -19 -24 31 -31 -21 -16 -32 -33 -35 -25 -10 -34 -40 42 -41 -27 -9
right_child=3 -3 -4 4 5 6 7 43 37 -11 12 -13 -14 14 24 -17 19 18 -20 29 21 22 28 36 25 40 -28 -29 -30 30 33 34 38 35 -36 -37 -38 -39 39 41 -42 -43 -44 -45
leaf_value=-0.0090000567585229868 -0.0010853053938884001 -0.012750206291675567 0.014432881336945754 0.006070122983306646 0.0036368699847824045 -0.0015894618643602979 0.00207270541228354 -0.00053053260218196858 -4.7185117399077055e-05 -0.00071429449133574962 -0.00152933032016985 0.003894050618012746 -0.0031893246840182755 0.0026370856086058276 0.00086059247785144383 0.00012012576717617256 0.0016021844744682312 -4.8036047210916876e-05 -0.0013877818287493517 0.0024244448883433099 -0.0014681007715245319 0.0018202060036534486 -0.00025944923862400578 0.00060867136365009677 -0.0016566746681928636 -3.7002822081016937e-05 -0.00027455894130980598 0.0011337717399001121 0.00067208655955742157 -0.0026905106453672997 1.3638513140590726e-05 -0.00049190706427185995 -0.00043677109330892561 0.0008838657715894056 -1.4501178345323234e-05 -3.1511890480206124e-05 -4.1600933893480236e-05 0.0006264738685318402 0.00087458096855484388 -0.0002394637303906634 -0.00024962046007729238 0.00012182455848180351 0.00042937744771026902 0.000143546478800653
leaf_weight=30 65 28 26 30 27 30 21 24 69 42 28 31.5 36 21 22.5 42 40 50 26 36 43 43 63.5 45 37 43 48 20 35.5 39.5 336.5 60.5 25 33 333.5 21 54 21 34 66 45 138 54 21
leaf_count=30 30 22 14 30 27 30 21 24 69 42 28 14 16 21 9 42 20 50 26 16 23 23 40 30 22 21 28 20 22 21 157 32 16 21 172 21 32 21 19 34 27 67 35 21
internal_value=8.81321e-12 -0.00299705 0.00187952 0.00010941 0.00113714 0.000442349 -2.13719e-05 0.00051225 -0.000314864 -1.19395e-05 2.69293e-06 0.00013038 -6.11506e-05 -5.47186e-05 6.16814e-05 0.000959112 2.49459e-05 -0.000472822 -0.000164674 7.7077e-05 0.000344925 0.000167846 0.000603189 -0.000267497 -4.8637e-05 -0.000282438 -0.000876186 0.000289623 7.45863e-05 -2.38331e-05 -0.000170186 0.00012252 0.000137257 8.47508e-05 -8.78084e-05 0.000527886 0.000253977 0.000110002 7.53751e-05 0.000129172 7.29742e-05 4.93717e-06 0.000222632 -0.000215962
internal_weight=2385 84 56 2301 243 213 186 66 120 2058 2016 672 1344 640.5 575.5 63 1308 124 96 1184 324 284 142 142 512.5 227 85 70 99 860 430 430 285.5 390.5 394 54 99 90 263 238 142 204 97 45
internal_count=1506 66 44 1440 243 213 186 66 120 1197 1155 385 770 371 341 63 754 124 96 630 190 170 85 85 278 133 50 70 62 440 220 220 145 199 204 42 62 90 136 120 83 101 56 45
is_linear=0
shrinkage=0.08


Tree=178
num_leaves=45
num_cat=0
split_feature=34 2 1 16 16 36 32 32 36 33 0 34 34 0 10 19 32 36 15 33 32 34 15 31 31 31 16 34 33 31 33 30 31 32 34 0 34 34 31 32 36 34 33 19
split_gain=0.103428 0.689529 0.0270319 0.00635832 0.0115514 0.0104834 0.00652735 0.00645749 0.00965735 0.0100273 0.00965139 0.00564454 0.00570763 0.005777 0.003996 0.00348642 0.00313632 0.00247152 0.0700401 0.0565499 0.0072613 0.00507028 0.00286168 0.00201586 0.00167663 0.00188735 0.00129916 0.00116362 0.0011266 0.000519986 0.000495906 0.000584932 0.000488067 0.000452562 0.00193515 0.00145764 0.000355366 0.000309109 0.000366013 0.000306075 0.000322747 0.000685368 0.000304353 0.000234452
threshold=1.0000000180025095e-35 16.415000000000003 11.984999656677248 6.6250000000000018 6.6750000000000016 2.5000000000000004 5.9000000000000012 0.3000000000000001 1.5000000000000002 0.50000000000000011 16.685000000000006 93.300000000000026 6.0000000000000044 17.020000000000003 9.0050000000000008 1.0000000180025095e-35 1.0000000180025095e-35 1.5000000000000002 1.8823076923076927 20.700000000000006 1.5000000000000002 19.600000000000005 2.1500000000000008 0.70000000000000007 3.7000000000000006 0.50000000000000011 8.9800000000000022 31.500000000000004 12.100000000000001 4.6000000000000005 20.700000000000006 1.0000000000000002 8.4000000000000004 6.1000000000000005 12.700000000000003 14.640000000000002 45.000000000000007 60.100000000000009 3.5000000000000004 4.2000000000000011 1.5000000000000002 35.800000000000004 5.7000000000000002 4.7000000000000002
decision_type=2 2 2 2 2 2 2 2 2 2 2 2 2 2 2 2 2 2 2 2 2 2 2 2 2 2 2 2 2 2 2 2 2 2 2 2 2 2 2 2 2 2 2 2
left_child=1 2 -1 16 5 6 -5 8 9 -6 15 12 13 -9 33 26 -2 19 -19 20 -18 -20 -23 -24 25 -16 -10 -22 29 -29 31 -25 -31 34 -14 -35 -33 38 -37 40 41 -36 -34 -42
right_child=3 -3 -4 4 7 -7 -8 11 10 -11 -12 -13 14 -15 24 -17 17 18 21 -21 27 22 23 30 -26 -27 -28 28 -30 32 -32 36 42 35 39 37 -38 -39 -40 -41 43 -43 -44 -45
leaf_value=0.00024498330222235787 -0.00066146228688232836 -0.013582936433645396 0.0037074000532588652 -0.00030025771226395258 0.0025093603643746871 0.0018648647254788861 0.0010236757362368874 -4.1449501489599544e-05 0.00050609081133228288 0.0005741910846452661 0.00098950537565079596 0.00066255239306977297 0.00071858128429287021 0.0014239543518333726 -0.00027230730710664031 -0.00096256669959984722 -0.0010216518924148245 -0.0036938499029951569 0.0010490766794166782 0.0031208402265769405 0.00043498970547013662 0.000756940238290664 -0.00061609116763892502 -0.00027797197150489824 -2.8854551715682253e-05 -0.00087731324329400767 -0.0002636291692680162 -0.00034279443981451179 0.00031946934082291342 0.00017582441643848048 0.00023875561105212131 0.00011216653396380458 -2.5399929674511604e-05 -0.00062968057347461586 -0.00038432233175823843 -3.300205359912732e-05 -3.1419842292772793e-05 -0.00014198903269910563 0.00026909996347967535 0.00018441737558515299 -3.2705390120594249e-05 9.2687646586758407e-05 -0.00033339877915266269 0.00017567788109702702
leaf_weight=27 49.5 26 31 44 26.5 48 52 36 23 48.5 55 82.5 27 33 66 36 55 33 33 37 33 33 33 44 49.5 66 36 63 38.5 38.5 63 187 44 27 41.5 66 269 60 42 52.5 103 36 38.5 52
leaf_count=27 27 14 25 24 24 27 30 36 18 36 30 45 27 18 36 36 30 18 18 21 18 18 18 24 27 36 36 36 21 21 36 102 24 27 33 36 150 45 27 45 66 24 21 48
internal_value=-9.27531e-12 -0.00275729 0.00209559 0.000100657 0.000227044 0.000899537 0.000416873 0.000136115 0.000516738 0.00125795 0.000146132 3.41626e-05 -3.42759e-05 0.000659396 -0.000103794 -0.000342136 -3.92707e-05 -9.72782e-06 -9.6828e-05 0.000164473 -0.000187816 8.24797e-05 3.1768e-05 -8.38417e-06 -0.000425913 -0.00057481 3.64312e-05 -8.32106e-06 -7.40705e-05 -0.000156414 2.72363e-05 5.84875e-07 -5.93736e-05 1.15206e-05 7.12743e-05 -8.40854e-05 2.74632e-05 3.59953e-06 8.44821e-05 9.95047e-06 -2.94453e-05 -0.000162744 -0.000169133 3.72038e-05
internal_weight=2385 84 58 2301 1209 144 96 1065 225 75 150 840 757.5 69 688.5 95 1092 1042.5 695 347.5 310.5 662 629 596 181.5 132 59 255.5 222.5 184 563 500 121 507 312 195 456 168 108 285 232.5 77.5 82.5 155
internal_count=1506 66 52 1440 837 81 54 756 180 60 120 576 531 54 477 90 603 576 384 192 171 366 348 330 99 72 54 141 123 102 312 276 66 378 243 135 252 108 63 216 171 57 45 114
is_linear=0
shrinkage=0.08


Tree=179
num_leaves=45
num_cat=0
split_feature=34 37 37 4 34 31 30 30 37 36 27 27 16 37 17 37 17 36 29 36 31 37 36 8 6 12 22 29 29 30 34 15 34 34 17 30 35 31 30 20 22 22 30 30
split_gain=0.0875411 0.60661 0.0376281 0.107613 0.0404897 0.00369807 0.00973352 0.00815632 0.00271488 0.00186706 0.0567853 0.0457147 0.00938645 0.00729997 0.00861998 0.00423738 0.00492505 0.00465325 0.00403876 0.0137175 0.0136629 0.00767227 0.0458196 0.145851 0.0579957 0.0308292 0.00666925 0.00649974 0.00529243 0.00456549 0.00400257 0.00270147 0.00210173 0.0046762 0.00205863 0.0020166 0.00153359 0.00385961 0.00254609 0.00125923 0.00227476 0.00171632 0.00116279 0.0020299
threshold=1.0000000180025095e-35 7.995000000000001 16.425000000000004 16.505000000000006 9.5000000000000053 6.9000000000000012 2.8000000000000003 2.3000000000000003 16.175000000000004 1.5000000000000002 13.000000000000002 19.500000000000004 6.0550000000000024 5.2800000000000002 0.50000000000000011 5.1700000000000008 0.50000000000000011 2.5000000000000004 0.70000000000000007 2.5000000000000004 1.0000000180025095e-35 11.703076923076924 2.5000000000000004 11.802307692307695 11.802307692307695 9.7700000000000014 11.300000000000002 4.2000000000000011 0.3000000000000001 0.3000000000000001 1.3000000000000005 0.034999999999999261 3.5000000000000004 5.1000000000000023 3.0000000000000004 4.6000000000000005 1.5000000000000002 0.3000000000000001 2.1000000000000005 5.9000000000000012 10.900000000000002 23.300000000000004 11.4 6.7000000000000002
decision_type=2 2 2 2 2 2 2 2 2 2 2 2 2 2 2 2 2 2 2 2 2 2 2 2 2 2 2 2 2 2 2 2 2 2 2 2 2 2 2 2 2 2 2 2
left_child=1 -1 8 -4 -5 7 -7 -6 9 10 12 15 -2 14 -14 16 17 -11 19 26 -21 25 24 35 27 -20 29 -23 -22 -17 -15 -32 -33 -34 -18 -24 37 -35 -38 40 -39 -42 43 -9
right_child=2 -3 3 4 5 6 -8 42 -10 11 -12 -13 13 30 -16 18 34 -19 21 20 28 22 23 -25 -26 -27 -28 -29 -30 -31 31 32 33 36 -36 -37 38 39 -40 -41 41 -43 -44 -45
leaf_value=0.0045934915337711574 -0.00097077703397147931 -0.0090187061510302799 0.0055199701053400829 0.0032972509558829998 -0.0014248971467216809 0.0018851780498932516 -0.0002006619423886554 -3.010636918285551e-05 -0.0006551552611303382 -0.00026376140877031366 0.0034196789108867209 -0.0028720954298559163 0.0019001410662895068 -0.0025798127800226211 5.0258333672230178e-05 -0.0012480030883150765 0.00053743993996509482 -0.0017773102721772517 -4.072693198543112e-05 0.0025102486705238171 4.4392383191734553e-05 -0.0015073538334884993 -0.00021437389937301095 -0.0077818020824342972 0.0045335282732266932 0.0020938164149613483 0.00069324696357821072 0.00030205015024101293 0.0012367534535852346 -0.0001140380756729326 -0.00075658907729481888 0.0010767975967863332 -0.0017746534825939882 -0.0010599494069814682 -0.00034004559803923426 0.00079192712642252446 0.00061218146998129905 0.00014450567120567282 -8.140040251115958e-07 0.00034195810378296303 -0.00092854191195862056 -0.00013581142967185851 -0.00042297095459486756 0.00091291613368195521
leaf_weight=40 65 44 30 27 30 21 45 48 42 26 31.5 36 28 3.9999999999999991 38 39.5 28 26 739 27.5 62.5 24 26 20 20 46 35.5 27 38.5 53.5 31.5 11.499999999999998 9.4999999999999982 25 44 25 61 94 150 50 29 44 21 21
leaf_count=34 30 32 30 27 30 21 45 48 42 26 14 16 28 4 38 22 28 26 352 15 35 23 26 10 10 20 23 25 21 26 14 9 7 15 44 22 25 49 63 39 17 33 21 21
internal_value=-1.19938e-11 -0.00253671 9.26047e-05 0.00103408 0.000402261 -1.79797e-05 0.000463014 -0.000282526 -1.85604e-05 -5.29799e-06 0.00010358 -5.97368e-05 -5.95072e-05 4.34165e-05 0.000835057 1.76675e-05 -0.000427271 -0.00102054 6.42658e-05 0.000344881 0.000929349 -1.35316e-05 -0.000554663 -0.00199171 0.000882386 8.43546e-05 -0.000239587 -0.000549434 0.000498906 -0.000595668 -5.91317e-05 -3.91856e-05 8.48991e-06 -1.80734e-05 1.19878e-06 0.000278911 1.87644e-05 -0.000118681 0.000176403 -1.02395e-05 -0.000115688 -0.000450732 9.82638e-05 0.0002569
internal_weight=2385 84 2301 243 213 186 66 120 2058 2016 672 1344 640.5 575.5 66 1308 124 52 1184 257 128.5 927 142 71 71 785 128.5 51 101 93 509.5 505.5 474 462.5 72 51 453 242 211 217 167 73 90 69
internal_count=1506 66 1440 243 213 186 66 120 1197 1155 385 770 371 341 66 754 124 52 630 142 71 488 116 58 58 372 71 48 56 48 275 271 257 248 72 48 241 153 88 138 99 50 90 69
is_linear=0
shrinkage=0.08


Tree=180
num_leaves=45
num_cat=0
split_feature=37 34 34 36 2 4 14 30 31 37 36 10 10 16 37 17 10 36 34 37 33 36 29 34 33 16 19 16 29 0 30 31 22 20 31 35 34 16 22 18 30 10 34 22
split_gain=0.0787732 1.80014 0.250121 0.442558 2.98775 0.104364 0.00798457 0.0260955 0.00651667 0.00229787 0.00158028 0.0663569 0.0569336 0.0126811 0.00599389 0.00729595 0.00456711 0.0410071 0.00342112 0.00317875 0.00792978 0.00367488 0.0107053 0.0051094 0.0069371 0.00541894 0.00304095 0.00272232 0.00230747 0.00208316 0.00206662 0.00169709 0.00142048 0.0012104 0.00115055 0.000976523 0.00152486 0.000931135 0.00156206 0.00175623 0.000903621 0.000922582 0.000893543 0.000723197
threshold=16.425000000000004 8.7000000000000046 1.0000000180025095e-35 2.5000000000000004 16.375000000000004 16.505000000000006 9.8250000000000011 1.7000000000000004 1.5000000000000002 16.175000000000004 1.5000000000000002 9.9200000000000017 9.9550000000000018 6.0550000000000024 5.2800000000000002 0.50000000000000011 9.7450000000000028 2.5000000000000004 1.3000000000000005 5.1700000000000008 1.0000000180025095e-35 2.5000000000000004 1.0000000180025095e-35 10.900000000000004 1.0000000180025095e-35 7.2300000000000013 5.9000000000000012 6.0550000000000024 1.0000000180025095e-35 14.005000000000001 1.3 0.3000000000000001 10.200000000000001 2.1000000000000005 4.6000000000000005 1.5000000000000002 39.70000000000001 7.1000000000000005 67.200000000000017 2.1000000000000005 8.7000000000000011 8.4550000000000018 25.100000000000005 9.3000000000000025
decision_type=2 2 2 2 2 2 2 2 2 2 2 2 2 2 2 2 2 2 2 2 2 2 2 2 2 2 2 2 2 2 2 2 2 2 2 2 2 2 2 2 2 2 2 2
left_child=2 -2 3 4 -1 -3 7 -7 -9 10 11 13 16 -4 15 -15 19 -18 -16 20 -12 23 -23 25 -25 -21 29 -24 -20 -22 32 -26 -30 43 35 36 -32 42 39 -39 -10 -42 -29 -33
right_child=1 5 9 -5 -6 6 -8 8 40 -11 12 -13 -14 14 18 -17 17 -19 28 21 26 22 27 24 31 -27 -28 37 30 -31 34 33 -34 -35 -36 -37 -38 38 -40 -41 41 -43 -44 -45
leaf_value=-0.0084149353976051017 -0.024359232975170016 0.0050783725120127198 -0.001033453544613662 -0.0038997662950445108 0.029031672096252441 0.0023341545447086295 -0.0014636737796744066 -0.0015619224363139696 0.00014540374655755132 -0.00060274282969268302 -0.0016351301932277587 0.0036799932903950178 -0.0031934965215623381 0.0017481297810029769 -0.0023734277486801149 4.6237653617649091e-05 0.0022890035551455285 -0.0011262908440290225 -0.00051519352524037208 -0.0012189209559048066 -0.00010005057653567443 0.0013285892852336954 0.00057487578554586932 0.0014458713438361883 -0.00079724057181738322 0.00015084771257904123 -0.00080515264103618947 -0.00034314641030505302 0.0007366097088397285 0.00081278141898413498 -0.00071126750597937246 -8.0795366920845203e-05 6.6577989915615797e-05 0.00011925743011310804 8.1077102688141176e-05 9.3626580038270755e-06 -3.2409682637080551e-05 0.00047000481256029828 0.00086662850622087721 -0.00046650442903531565 0.00011195536470040679 -0.00057940933829134646 3.9525548000881647e-06 -0.00040141044845247372
leaf_weight=30 20 30 78.5 27 25 30 21 21 72 42 26 31.5 36 28 3.9999999999999991 38 45 45 54.5 49.5 48 47.5 60.5 20 20 29.5 26 56 40.5 24 45 195.5 40.5 174 200 71.5 40 27.5 20 24 21 30 311.5 58.5
leaf_count=30 20 30 36 21 13 30 21 21 72 42 26 14 16 28 4 38 20 20 27 22 48 25 28 10 10 27 26 26 23 24 30 88 27 108 103 31 24 20 19 24 21 30 153 30
internal_value=1.75688e-11 -0.00135881 0.000155565 0.00448842 0.00860625 0.000685672 9.87163e-06 0.000187713 -0.000259462 -1.70756e-05 -4.87415e-06 9.52933e-05 -5.49579e-05 -8.10034e-05 5.20346e-05 0.000768252 3.14239e-05 0.000581356 -4.32686e-05 -9.2115e-06 -0.000393089 3.42993e-05 0.000180922 -0.000112324 -1.18688e-05 -0.000707425 -6.35678e-05 7.1785e-05 -2.43242e-05 0.000204227 3.68241e-05 -7.69465e-05 0.000401594 -4.32879e-05 -4.60549e-05 -0.000208524 -0.000391805 2.45243e-06 0.000266596 3.35733e-05 -3.70906e-05 -0.00029473 -4.89387e-05 -0.000154638
internal_weight=2385 245 2140 82 55 225 195 174 144 2058 2016 672 1344 640.5 562 66 1308 90 496 1218 124 1094 547 547 468 79 98 499.5 492 72 437.5 448 81 428 356.5 156.5 85 439 71.5 51.5 123 51 367.5 254
internal_count=1506 245 1261 64 43 225 195 174 144 1197 1155 385 770 371 335 66 754 40 269 714 124 590 295 295 246 49 98 270 265 72 238 236 50 226 188 85 54 242 63 44 123 51 179 118
is_linear=0
shrinkage=0.08


Tree=181
num_leaves=45
num_cat=0
split_feature=10 33 35 0 36 10 36 35 30 0 32 36 36 8 9 0 0 0 7 36 33 27 10 3 35 2 2 9 15 10 10 0 0 29 22 32 33 22 15 12 0 0 15 14
split_gain=0.0853927 0.0527201 1.01934 2.88985 0.795254 0.414591 0.817121 0.06282 0.243114 0.31786 0.0555971 0.500245 0.468021 0.00898994 0.0225506 0.0119381 0.00798495 0.0121617 0.00485555 0.00279383 0.0437884 0.0368987 0.0111296 0.00377799 0.00196137 0.039828 0.0233532 0.00573312 0.00388408 0.00133026 0.00129632 0.0011117 0.00445776 0.00107576 0.00114909 0.000855328 0.000825491 0.00117568 0.00185811 0.000811158 0.000685817 0.00074162 0.000771961 0.000897135
threshold=1.1549999713897707 1.0000000180025095e-35 1.0000000180025095e-35 16.155000000000005 2.5000000000000004 7.9050000000000011 1.5000000000000002 1.0000000180025095e-35 1.0000000180025095e-35 16.415000000000003 1.0000000180025095e-35 2.5000000000000004 1.5000000000000002 9.9800000000000022 9.9200000000000017 16.590000000000003 16.465000000000003 16.115000000000006 10.065000000000003 1.5000000000000002 22.000000000000004 19.500000000000004 9.7450000000000028 17.955000000000002 1.5000000000000002 17.710000000000004 17.710000000000004 11.130000000000001 -0.1650000000000009 8.9750000000000032 9.8550000000000022 12.915000000000001 13.095000000000002 1.0000000000000002 19.300000000000004 1.7000000000000004 14.100000000000003 39.100000000000016 2.4650000000000012 7.4800000000000013 12.820000000000002 14.455000000000002 2.475000000000001 7.8800000000000008
decision_type=2 2 2 2 2 2 2 2 2 2 2 2 2 2 2 2 2 2 2 2 2 2 2 2 2 2 2 2 2 2 2 2 2 2 2 2 2 2 2 2 2 2 2 2
left_child=-1 2 3 -2 5 6 -4 8 9 -3 11 12 -9 14 15 16 17 -10 -15 20 22 23 29 24 25 27 28 33 -26 40 -20 -30 -33 34 -21 -35 37 -34 -39 -37 -12 -42 43 -43
right_child=1 7 4 -5 -6 -7 -8 10 13 -11 19 -13 -14 18 -16 -17 -18 -19 30 21 -22 -23 -24 -25 26 -27 -28 -29 31 -31 -32 32 36 35 -36 39 -38 38 -40 -41 41 42 -44 -45
leaf_value=0.0077778237395816378 0.0043153108419342473 -5.9480839020883043e-05 -0.018130287762420875 -0.033116481551180847 0.0094730253373112149 0.002381180069786458 0.00224718547689746 -0.004141192592161877 5.0190990437167108e-05 0.013101469718891642 0.0010594615060836078 -0.0089619347919900737 0.0075272031525276941 -0.0012975651841788066 0.0027871108343673835 0.0020065685274312274 -0.0011612900660407765 0.0021197296204488905 -9.5129246794385848e-05 -2.495353090732048e-05 0.0025252982020214365 -0.0025895714313567924 -0.001105386893081869 0.00073318802792992851 -0.0023029066324234009 -0.002548555408138782 0.0017328494634479285 0.0010062709125922993 -0.0011433002228538197 0.00044280158252351813 0.00058619766041547773 0.0026117771491408347 -0.00010067842550107833 -0.00034928279156572114 0.00063390961091499773 0.00016108024149313375 -0.00034453343951189124 -0.00033149124687322634 0.00047818725869486423 -0.00013258754345930784 -0.00034957251833368314 0.00037011997280827423 -7.3148489664790457e-05 -1.3198874787324006e-05
leaf_weight=8.9999999999999982 33 24 24 22 58 60.5 26.5 44 135 23 3.9999999999999991 41.5 44 21 27 24 27 21 120 36 45.5 36 58.5 45 4.9999999999999991 40 50 40 5.9999999999999991 54 21 3.9999999999999991 312 56 32 108 61 26 60 136 34 75.5 174 81
leaf_count=9 33 24 23 22 38 27 24 24 135 23 4 23 24 21 27 24 27 21 120 24 22 16 26 20 2 20 20 20 6 24 21 4 138 32 24 66 28 20 36 68 34 38 88 36
internal_value=-1.53576e-12 -2.94615e-05 -0.00119749 -0.0106574 0.00188119 -0.00208572 -0.00743716 9.21174e-05 0.000941077 0.00638098 -0.000127946 -0.00172151 0.00169301 0.000295431 0.000612585 0.000328951 0.000108936 0.000328783 -0.00016268 2.70682e-06 0.000153175 -7.25273e-05 -7.12149e-05 1.65716e-05 -1.66051e-05 -0.000139508 8.84723e-05 9.66729e-05 -8.49852e-05 7.19782e-05 6.34497e-06 -6.134e-05 -4.73189e-05 -2.19646e-06 0.0002851 -6.73169e-05 -7.04918e-05 -2.84905e-05 0.000233401 -2.60344e-06 1.76377e-05 6.20479e-06 4.28052e-05 0.000171725
internal_weight=2385 2376 224 55 169 111 50.5 2152 443 47 1709 129.5 88 396 234 207 183 156 162 1579.5 526.5 1053 481 1017 972 448 524 408 474 422.5 141 469 463 368 68 300 459 398 86 244 368.5 364.5 330.5 156.5
internal_count=1506 1497 167 55 112 74 47 1330 443 47 887 71 48 396 234 207 183 156 162 816 272 544 250 528 508 254 254 234 234 224 141 232 226 214 48 166 222 194 56 134 200 196 162 74
is_linear=0
shrinkage=0.08


Tree=182
num_leaves=45
num_cat=0
split_feature=34 2 37 37 0 29 4 0 31 33 37 36 10 10 37 17 16 37 37 33 16 34 13 10 36 31 31 15 15 31 29 34 34 33 34 34 0 31 5 5 37 15 27 16
split_gain=0.0971508 0.656915 0.17934 0.039303 0.0681619 0.0280811 0.0194605 0.0206262 0.00907196 0.0058336 0.00224047 0.00256883 0.0565366 0.0451494 0.0138141 0.0119445 0.00833908 0.0047756 0.0125074 0.00613135 0.0108102 0.00311869 0.00234612 0.00309433 0.00683164 0.0196094 0.0113879 0.00376135 0.00216225 0.00187224 0.00155518 0.00127585 0.001507 0.00151957 0.00168621 0.00118353 0.000986611 0.00118474 0.00115175 0.00111929 0.000879564 0.000765464 0.000743404 0.000962375
threshold=1.0000000180025095e-35 16.415000000000003 7.9350000000000014 16.425000000000004 17.070000000000004 0.50000000000000011 16.505000000000006 16.590000000000003 1.0000000000000002 2.5000000000000004 16.175000000000004 1.5000000000000002 9.9200000000000017 9.9550000000000018 5.2800000000000002 0.50000000000000011 6.0550000000000024 11.802307692307695 11.911538461538465 1.0000000180025095e-35 6.9750000000000023 1.3000000000000005 9.9200000000000017 9.7050000000000018 2.5000000000000004 1.0000000180025095e-35 1.0000000180025095e-35 0.22999999999999957 0.22999999999999957 0.3000000000000001 1.0000000180025095e-35 9.9000000000000039 10.700000000000005 0.3000000000000001 26.100000000000005 25.100000000000005 15.4 1.9000000000000001 11.992692307692311 10.065000000000003 6.8050000000000006 3.1650000000000005 6.2000000000000011 6.6850000000000014
decision_type=2 2 2 2 2 2 2 2 2 2 2 2 2 2 2 2 2 2 2 2 2 2 2 2 2 2 2 2 2 2 2 2 2 2 2 2 2 2 2 2 2 2 2 2
left_child=1 2 -1 10 5 -5 -7 -8 -6 -10 11 12 14 17 15 -2 -16 19 -19 20 -13 -18 23 24 26 -26 -21 -27 -28 -20 -23 -32 -33 -34 -35 -30 37 -31 39 -38 -37 -42 43 -29
right_child=3 -3 -4 4 8 6 7 -9 9 -11 -12 13 -14 -15 16 -17 21 18 29 22 -22 30 -24 -25 25 27 28 42 35 36 31 32 33 34 -36 40 38 -39 -40 -41 41 -43 -44 -45
leaf_value=-0.0022332707941532135 0.002310868920592059 -0.013238841386941763 0.0066690545635563992 0.0052723507441225503 0.0014855501312939895 0.0040584153739646788 4.7273369968429007e-05 0.0032021023172308649 -0.0015277837766777902 -6.3581873523527939e-05 -0.00059436325371886296 0.00031912158605539135 0.0034325309975871015 -0.0028627821532427335 -0.00093109782478492144 0.00013328323925012038 -0.002268484365195036 0.0025228629726916554 0.00073457073263853093 -0.0016011116025703295 -0.0015317812568062675 -0.00042859673277910698 0.0005643410232668329 -0.00073420713110336738 0.002038671015894839 0.0023728979958428276 -0.001846921443939209 -0.00010426104548243438 -0.00035637069684986297 -0.00062147075329752023 0.00043574233849843347 -0.0013357675617391412 -0.00051307535285184929 0.0005133325014070704 -1.844391170245299e-05 0.0003758233544201805 0.00015996470951774557 9.6488762095472532e-05 -0.00015915984820042336 0.00094355334620922803 -0.00011022889704060619 0.00024537829930583634 0.00034883281483532902 0.00014712485505945303
leaf_weight=30 28 26 28 21 21 21 36 21 21 102 42 36 31.5 36 78.5 38 3.9999999999999991 15.999999999999998 32 35 46 54.5 45 38 35 4.4999999999999991 4.4999999999999991 210.5 83 24 43.5 5.4999999999999991 34 43.5 311 32.5 28 38 28 20 278.5 45 47 181.5
leaf_count=30 28 14 22 21 21 21 36 21 21 102 42 16 14 16 36 38 4 8 32 20 36 27 20 16 20 2 2 96 58 24 26 3 19 26 164 28 28 38 14 14 126 20 20 116
internal_value=-5.00742e-12 -0.00267232 0.0020644 9.75552e-05 0.00105975 0.00267568 0.00197657 0.00120958 -5.11962e-05 -0.000313568 -1.6057e-05 -4.00898e-06 0.000123702 -6.78644e-05 -3.90275e-05 0.00105711 -0.000164954 9.05998e-06 0.0003845 -5.31787e-05 -0.00071919 -4.36997e-05 -6.6628e-07 -2.62194e-05 1.89299e-06 0.000215638 -0.000211852 7.17686e-05 -0.000102215 0.000183242 -2.5612e-05 2.45884e-05 -2.08055e-05 -2.18959e-06 4.68093e-05 -8.43308e-05 5.53977e-05 -0.000181431 0.0002486 0.00048646 -2.09058e-05 -6.07627e-05 4.81808e-05 1.21332e-05
internal_weight=2385 84 58 2301 243 99 78 57 144 123 2058 2016 672 1344 640.5 66 574.5 1308 186 1122 82 496 1040 995 957 478.5 478.5 443.5 443.5 170 492 437.5 394 388.5 354.5 439 138 62 76 48 356 323.5 439 392
internal_count=1506 66 52 1440 243 99 78 57 144 123 1197 1155 385 770 371 66 305 754 158 596 52 269 544 524 508 254 254 234 234 150 265 238 212 209 190 232 118 62 56 42 174 146 232 212
is_linear=0
shrinkage=0.08


Tree=183
num_leaves=45
num_cat=0
split_feature=34 1 37 37 0 30 34 31 30 27 37 4 27 37 37 16 33 33 34 37 0 34 21 15 34 37 37 31 17 34 34 13 30 0 0 37 19 7 34 15 0 35 31 33
split_gain=0.0822284 0.605708 0.65536 0.0332661 0.0576922 0.0353759 0.0218589 0.00767851 0.00568298 0.00218314 0.00240788 0.0389749 0.0276908 0.00257668 0.0024723 0.00214512 0.00169753 0.00146289 0.00440137 0.00166416 0.00381855 0.00127512 0.000942895 0.000872183 0.00075817 0.0011006 0.00124727 0.0010824 0.000809847 0.000747698 0.000689497 0.000675001 0.000594239 0.00164179 0.000842068 0.000562979 0.00168315 0.000727726 0.000713364 0.000398804 0.000353806 0.000350519 0.000343807 0.000329703
threshold=1.0000000180025095e-35 16.415000000000003 9.7850000000000019 16.425000000000004 17.070000000000004 1.3 46.100000000000009 1.0000000000000002 1.9000000000000001 21.400000000000002 10.065000000000003 17.955000000000002 11.900000000000002 16.185000000000006 10.230000000000002 6.0550000000000024 2.1000000000000005 1.0000000180025095e-35 8.9000000000000057 9.8850000000000033 17.310000000000006 36.300000000000004 11.500000000000002 2.5750000000000002 6.0000000000000044 7.0900000000000007 7.8500000000000005 1.3 11.500000000000002 4.6000000000000023 86.000000000000014 7.9050000000000011 0.70000000000000007 14.005000000000001 14.160000000000002 6.6650000000000009 4.7000000000000002 9.9350000000000005 55.300000000000011 2.5850000000000009 16.455000000000002 1.5000000000000002 9.1000000000000014 10.800000000000002
decision_type=2 2 2 2 2 2 2 2 2 2 2 2 2 2 2 2 2 2 2 2 2 2 2 2 2 2 2 2 2 2 2 2 2 2 2 2 2 2 2 2 2 2 2 2
left_child=1 2 -1 9 5 -5 16 -6 -9 10 12 13 17 14 -12 -16 -7 18 -2 21 -21 24 32 -24 29 28 -27 41 -26 -19 -10 -29 33 -17 -34 36 -23 38 40 -36 -37 -28 -41 -39
right_child=3 -3 -4 4 7 6 -8 8 30 -11 11 -13 -14 -15 15 22 -18 19 -20 20 -22 35 23 -25 25 26 27 31 -30 -31 -32 -33 34 -35 39 37 -38 43 -40 42 -42 -43 -44 -45
leaf_value=-0.0048037674767630444 0.00041783006758325632 -0.012604866578028753 0.012580082934835684 0.0051349449126670754 0.001366706150473051 0.0009506411161176705 0.0032788656745105981 -0.0014869215691994345 6.4161992308476733e-05 0.0005667782252953376 -0.00038139060007880393 -0.0029738884270191189 0.0021715264260768891 -0.00065466390518445733 0.00052302155375299564 -0.0007008532853797078 -3.425354557250449e-05 8.4033457602819678e-05 -0.00065829653218388556 2.7235351477025282e-05 -0.00087533014929956859 0.0006892254828320195 0.00070607918061796229 1.1161413221132188e-07 6.2990478102922979e-05 0.00061592519283294679 0.00020358760142698883 -0.00014670144335753252 -0.00038891911884580835 -0.0003310094166907572 -0.00045024169520253225 0.00015458854803539538 0.00052363343315110322 0.00015903790978093944 -0.00020137408638701718 -0.00018865031099723787 -0.00017568247913408817 -4.0204705274914218e-05 -0.00037893079136316698 0.00015148795754228356 2.3930925286590718e-05 0.00046933757155029864 -0.00011933577650537094 0.00017546375002712011
leaf_weight=35 36 26 23 24 21 24 30 21 81 40.5 72 30 37.5 36 72 27 21 69 75 90 45 24 24 21 96 43.5 60 73.5 34.5 46.5 21 135 21 30 51 115.5 36 186 79.5 90 88.5 67.5 45 60
leaf_count=32 36 14 20 24 21 24 30 21 81 18 36 15 15 36 39 27 21 57 36 45 18 24 24 21 87 21 30 33 21 24 21 60 21 30 51 54 36 75 39 54 39 27 24 24
internal_value=1.04615e-11 -0.00245853 0.00208983 8.97508e-05 0.000974972 0.00246162 0.00160616 -4.71005e-05 -0.000288482 -1.47725e-05 -2.64467e-05 -0.000174953 2.4988e-05 -3.23947e-06 4.85294e-05 0.000129774 0.000491024 -3.0108e-05 -0.000309282 -7.15361e-06 -0.00027362 2.24537e-05 3.81436e-05 0.000376628 0.000102016 0.000143931 0.000212846 0.000160662 -5.64799e-05 -8.30617e-05 -4.17446e-05 4.83784e-05 -1.95525e-05 -0.000248279 4.34301e-05 -6.19671e-05 0.000170281 -8.82842e-05 -0.000175648 -1.07864e-05 -9.64276e-05 0.000344279 6.12134e-05 1.23974e-05
internal_weight=2385 84 58 2301 243 99 75 144 123 2058 2017.5 519 1498.5 489 453 381 45 1461 111 1350 135 1215 309 45 625.5 510 379.5 336 130.5 115.5 102 208.5 264 57 207 589.5 60 529.5 283.5 186 204 127.5 135 246
internal_count=1506 66 52 1440 243 99 75 144 123 1197 1179 378 801 363 327 291 45 786 72 714 63 651 252 45 360 279 171 150 108 81 102 93 207 57 150 291 60 231 132 129 93 57 78 99
is_linear=0
shrinkage=0.08


Tree=184
num_leaves=45
num_cat=0
split_feature=37 4 34 36 1 32 1 30 29 31 37 36 10 10 37 19 11 37 17 36 34 15 18 11 36 32 32 37 18 32 0 34 31 15 31 31 10 18 34 34 19 1 37 34
split_gain=0.0787175 1.83864 0.239969 0.409109 2.67845 0.0594627 0.0367139 0.00782297 0.0127035 0.0028828 0.00161648 0.00217426 0.04892 0.0380094 0.0115426 0.011064 0.00520089 0.00431259 0.0052357 0.00417954 0.00371918 0.00768489 0.00357568 0.00347325 0.00438016 0.0201993 0.017061 0.00358814 0.00764032 0.00265048 0.00260938 0.00228943 0.00214925 0.00177703 0.00140391 0.00121294 0.00131638 0.00119547 0.000870186 0.00124036 0.000807298 0.00068784 0.000577561 0.000841855
threshold=16.425000000000004 16.455000000000002 1.0000000180025095e-35 2.5000000000000004 16.375000000000004 0.70000000000000007 16.485000000000003 1.9000000000000001 2.1000000000000005 2.5000000000000004 16.175000000000004 1.5000000000000002 9.9200000000000017 9.9550000000000018 5.2800000000000002 0.3000000000000001 9.6300000000000008 5.1700000000000008 0.50000000000000011 2.5000000000000004 12.500000000000005 1.6600000000000001 8.9000000000000021 9.8250000000000011 2.5000000000000004 1.0000000180025095e-35 1.0000000180025095e-35 11.760384615384618 0.50000000000000011 1.3 13.425000000000002 13.100000000000001 1.0000000180025095e-35 0.65499999999999947 1.9000000000000001 0.70000000000000007 8.9750000000000032 5.9000000000000012 25.100000000000005 29.400000000000002 3.0000000000000004 16.195000000000004 9.9200000000000017 50.000000000000007
decision_type=2 2 2 2 2 2 2 2 2 2 2 2 2 2 2 2 2 2 2 2 2 2 2 2 2 2 2 2 2 2 2 2 2 2 2 2 2 2 2 2 2 2 2 2
left_child=2 -2 3 4 -1 -3 -7 8 -8 -9 11 12 14 17 15 -4 20 18 19 -13 21 -16 30 24 26 -26 -19 33 -29 31 -20 -28 -22 -27 -17 -31 42 -30 -34 -40 -35 -12 43 -37
right_child=1 5 10 -5 -6 6 7 9 -10 -11 41 13 -14 -15 16 34 -18 23 22 -21 32 -23 -24 -25 25 27 29 28 37 35 -32 -33 38 40 -36 36 -38 -39 39 -41 -42 -43 -44 -45
leaf_value=-0.0077574078241984049 -0.024603437440469861 0.0036877941792934307 0.0023349687067093327 -0.0036654439237382673 0.027697986125946046 0.0032939954492307846 0.00019186503786061492 0.00085014535119019754 -0.0025907700049823952 -0.00012434401170478441 -0.00018105756380550918 -0.00033486237997959294 0.0031920243362112649 -0.0026265209113868577 0.0001807691446278071 0.00066684929560869937 -0.00097802145779132842 -0.0016663079192763097 -0.00013693213629137194 -0.0017693024460011379 0.0010041961487796572 -0.0013453164131167423 -0.00084853492867709558 0.00063346878359360362 0.0018472037855995994 -0.00067972223722824346 0.00081214994915268003 0.0013231831495650113 -0.00057905743985126414 -0.00051140705193392934 0.0010273371569134971 1.1669908170447205e-05 0.00038053111989029277 -8.6511347921180499e-05 -0.00025924977888776497 6.5580628738425871e-05 -0.00041486146566630514 0.00023737791798670183 -0.00063695123694329102 -1.900316220677353e-05 0.00015623908812123087 -0.00082855646426434673 0.00016617434531716362 -0.00024901473926697542
leaf_weight=30 20 36 24 27 25 21 21 24 21 102 21 26 31.5 36 43 20 45 43 28 26 13.499999999999998 41.5 22 63 43 27 42.5 40 24 40 22 49.5 32 276 22 135.5 54 22 22 377.5 128.5 21 105 91
leaf_count=30 20 36 24 21 13 21 21 24 21 102 21 26 14 16 23 20 20 23 28 26 6 29 22 28 23 12 30 26 24 20 22 30 22 128 22 64 24 22 12 193 66 21 68 42
internal_value=-1.03148e-11 -0.00135833 0.00015551 0.00439952 0.00835868 0.000707902 0.000140303 -0.000253908 -0.00119945 6.1273e-05 -1.35907e-05 -3.357e-06 0.000114137 -6.2104e-05 -3.72346e-05 0.000964738 -0.000152344 8.47633e-06 -0.000440393 -0.00105208 -8.21729e-05 -0.000568728 1.38263e-06 5.54863e-05 2.30038e-05 0.00018114 -0.000135133 4.27041e-05 0.000514561 -7.90459e-06 0.000375346 0.000381457 1.0218e-05 -5.13393e-05 0.00018175 -9.20909e-05 -4.8582e-05 -0.000188588 -2.08798e-05 -5.30328e-05 -9.39533e-06 -0.000504807 1.10834e-05 -6.08131e-05
internal_weight=2385 245 2140 82 55 225 189 168 42 126 2058 2016 672 1344 640.5 66 574.5 1308 124 52 529.5 84.5 72 1184 1121 560.5 560.5 517.5 86 517.5 50 92 445 431.5 42 425.5 385.5 46 431.5 399.5 404.5 42 331.5 226.5
internal_count=1506 245 1261 64 43 225 189 168 42 126 1197 1155 385 770 371 66 305 754 124 52 285 52 72 630 602 301 301 278 72 278 50 60 233 206 42 218 198 46 227 205 194 42 174 106
is_linear=0
shrinkage=0.08


Tree=185
num_leaves=45
num_cat=0
split_feature=34 37 37 0 32 10 31 31 6 27 37 27 27 36 15 16 14 16 36 33 32 10 16 0 33 32 37 33 16 35 22 32 36 33 36 27 37 20 34 37 35 36 36 33
split_gain=0.0890562 0.711579 0.0341521 0.0603178 0.0440079 0.0797368 0.0232186 0.00554835 0.00554445 0.00191963 0.002123 0.0348407 0.0240006 0.00664402 0.107734 0.10033 0.013201 0.0113906 0.00267708 0.0186699 0.0161586 0.0152091 0.00877212 0.00485056 0.00996857 0.00795302 0.00255308 0.00223385 0.00197369 0.00209832 0.00148179 0.00125967 0.00108834 0.00101872 0.00249604 0.000769263 0.00070246 0.000934333 0.000566471 0.000671813 0.000678788 0.0013649 0.0012158 0.000578677
threshold=1.0000000180025095e-35 7.995000000000001 16.425000000000004 17.070000000000004 1.3 8.3850000000000033 6.9000000000000012 1.0000000000000002 10.335000000000003 21.400000000000002 10.065000000000003 11.900000000000002 11.900000000000002 2.5000000000000004 1.8492307692307708 6.0226923076923082 8.0300000000000029 6.0700000000000012 2.5000000000000004 1.0000000180025095e-35 1.0000000180025095e-35 9.8950000000000014 6.0226923076923082 14.160000000000002 1.0000000180025095e-35 1.0000000180025095e-35 10.230000000000002 0.70000000000000007 7.3100000000000014 1.5000000000000002 10.600000000000003 1.3 1.5000000000000002 0.3000000000000001 1.5000000000000002 7.5000000000000009 13.56 0.90000000000000013 36.300000000000004 6.6650000000000009 1.5000000000000002 1.5000000000000002 1.5000000000000002 19.000000000000004
decision_type=2 2 2 2 2 2 2 2 2 2 2 2 2 2 2 2 2 2 2 2 2 2 2 2 2 2 2 2 2 2 2 2 2 2 2 2 2 2 2 2 2 2 2 2
left_child=1 -1 9 4 -4 -6 -7 -5 -9 10 12 13 18 15 -15 -12 26 -16 21 -20 -21 23 -22 24 -2 -25 -17 30 31 -30 -28 -24 -26 34 -27 -10 -29 -38 39 -35 42 -42 -41 -40
right_child=2 -3 3 7 5 6 -8 8 35 -11 11 -13 -14 14 17 16 -18 -19 19 20 22 -23 28 25 32 33 27 36 29 -31 -32 -33 -34 38 -36 -37 37 -39 43 40 41 -43 -44 -45
leaf_value=0.0051639381628483536 0.0019250760976380359 -0.0095790228857235479 0.0054921303307249522 0.0011470670989226729 0.0047510300213471062 -0.0022733530799450819 0.0013691414697539238 -0.0014436646751571625 0.00013572500551505812 0.0005328211156122478 0.0047865022968367806 -0.0028092235741205515 0.0020232434247930845 -0.0064448901520603721 0.0017035577979324194 -0.00057980866986326871 -0.0018756673179034676 -6.7559214777504221e-05 -0.0016007357657371038 0.0019068087794831101 0.0018813362735589701 -0.0015229210848717587 -0.0004762667233712579 -0.00094765779795125127 0.00033665035571902994 -0.00065145383890850622 0.00010230232806255421 9.2942137565588321e-05 0.00078461979385898556 9.3076090198210488e-06 0.00099128460045903931 1.5739070440893942e-05 -0.00034478824585676193 -0.00025692413311584718 0.00014003659192217039 -0.00033389429801679923 -0.00063110051049779237 -5.9753839464505181e-05 -7.4605759088323493e-06 -0.00032366946539176365 0.00052471003774553538 1.5961075408591164e-05 0.00028504202718890851 -0.00030485456669300629
leaf_weight=40 24 44 24 21 30 24 21 21 69 40.5 28 30 37.5 17 29 48 28 117 37 35.5 17.5 46 38 64 30 51 24 86 43 46.5 24 269.5 30 28 51 33 26 62 384 42 67.5 67.5 42 47
leaf_count=34 24 32 24 21 30 24 21 21 69 18 14 15 15 16 16 24 16 89 24 20 7 20 19 28 30 29 24 52 36 36 24 120 30 22 29 33 26 62 192 22 27 27 22 22
internal_value=-7.23358e-12 -0.00255857 9.34026e-05 0.000990335 0.00251044 0.0015563 -0.000573522 -5.47364e-05 -0.000259922 -1.25034e-05 -2.34504e-05 -0.000162896 2.48458e-05 -5.44095e-07 -0.000417573 0.00020797 -0.000222227 0.000284238 -2.64477e-05 0.0001267 0.000268734 -0.000103022 0.00012844 -3.26386e-05 0.000547115 -9.03393e-05 -5.07595e-05 6.36295e-05 5.11713e-05 0.000381804 0.000546793 -4.50616e-05 -4.06895e-06 -1.99952e-05 -0.000255709 -1.62107e-05 -6.96571e-05 -0.000228561 1.54661e-05 0.000112061 0.000159237 0.000270336 -1.93137e-05 -3.9891e-05
internal_weight=2385 84 2301 243 99 75 45 144 123 2058 2017.5 519 1498.5 489 163 326 298 146 1461 487 450 974 414.5 928 84 844 270 222 397 89.5 48 307.5 60 780 102 102 174 88 678 247 219 135 84 431
internal_count=1506 66 1440 243 99 75 45 144 123 1197 1179 378 801 363 121 242 228 105 786 262 238 524 218 504 84 420 212 188 211 72 48 139 60 392 58 102 140 88 334 120 98 54 44 214
is_linear=0
shrinkage=0.08


Tree=186
num_leaves=45
num_cat=0
split_feature=10 34 37 37 0 32 10 31 33 27 37 10 10 36 32 14 16 32 33 36 37 36 32 32 29 34 37 16 14 31 37 33 16 29 17 17 32 10 34 37 37 36 0 29
split_gain=0.079594 0.148997 0.752495 0.0289063 0.051053 0.0372483 0.0682131 0.00469612 0.00524677 0.00162477 0.00179691 0.0320636 0.0225192 0.0034305 0.00680591 0.00512775 0.00244007 0.00186969 0.00120044 0.0127472 0.0117763 0.00280987 0.0149556 0.00435325 0.00802185 0.00150217 0.00116078 0.00115177 0.000964094 0.00102141 0.000914997 0.00107159 0.000853579 0.00133077 0.000850468 0.000780498 0.00075871 0.000703404 0.000651173 0.000642634 0.00109308 0.00126175 0.000699277 0.000483854
threshold=1.1549999713897707 1.0000000180025095e-35 7.995000000000001 16.425000000000004 17.070000000000004 1.3 8.5500000000000025 1.0000000000000002 2.5000000000000004 21.400000000000002 10.065000000000003 9.8000000000000025 9.9450000000000021 2.5000000000000004 1.0000000180025095e-35 7.8650000000000011 6.0273076923076916 2.8000000000000003 1.0000000180025095e-35 2.5000000000000004 7.9050000000000011 2.5000000000000004 1.0000000180025095e-35 1.0000000180025095e-35 1.0000000180025095e-35 4.2000000000000011 13.835000000000003 6.8000000000000025 7.8350000000000009 5.7000000000000002 10.435000000000002 0.3000000000000001 7.4350000000000032 2.1000000000000005 4.2000000000000011 13.900000000000002 1.0000000000000002 8.8450000000000006 86.000000000000014 5.535000000000001 9.7850000000000019 1.5000000000000002 14.005000000000001 5.1000000000000005
decision_type=2 2 2 2 2 2 2 2 2 2 2 2 2 2 2 2 2 2 2 2 2 2 2 2 2 2 2 2 2 2 2 2 2 2 2 2 2 2 2 2 2 2 2 2
left_child=-1 2 -2 9 5 -5 -7 -6 -9 10 12 13 16 14 -12 17 -3 26 19 20 -18 23 -23 24 -20 -24 -15 37 30 -30 -16 -32 36 -34 -19 39 -27 -25 -10 42 41 -41 -29 -38
right_child=1 3 -4 4 7 6 -8 8 38 -11 11 -13 -14 15 28 -17 18 34 21 -21 -22 22 25 27 -26 32 -28 35 29 -31 31 -33 33 -35 -36 -37 43 -39 -40 40 -42 -43 -44 -45
leaf_value=0.0075091007020738386 0.0052621756187256645 -0.00045607837831432172 -0.010834677451994361 0.0050527599244378505 0.0010553017117005464 0.0037497890227211591 -0.0010793657061488678 -0.0013906548518155301 0.00010087168730944856 0.00049019523838787901 -0.0012921257465301702 -0.0026885353078444801 0.0017276679010925968 0.00074726879276568073 -0.00027944230148568746 0.0010795550782051755 0.0016394764221539454 -0.0004917735673409066 -0.0015320951782965234 -0.0014726768928655497 -0.00044142640479232956 0.0017542641001924034 0.00077308422721484129 2.8426823827216415e-05 0.00016877544914475746 -0.000408090585981732 2.5122384059018103e-05 -0.00016440482367761431 -0.00069632179647063214 -8.1656429984216261e-05 0.00059813693787353782 5.6628419791797549e-05 0.00064232452682429751 -0.00013376365469482083 9.5447803744011446e-05 0.00020488823437416512 -0.00011717988901699965 0.00035413268686054235 -0.00039903161426385245 0.00033970404279363509 -0.0003504641327849576 -0.00022303397114406908 -0.00065787510823129723 9.5024061233183214e-05
leaf_weight=8.9999999999999982 34 82.5 41 24 21 39 36 21 81 40.5 30 30 48 28 40 41 28 38 35 37 46 35.5 17 437 36 33.5 29 40 24 62 28 142 31 26 27 36 130 47 21 51 71 51 34 146
leaf_count=9 28 33 29 24 21 39 36 21 81 18 26 15 21 20 20 25 28 26 20 24 20 20 13 196 20 16 29 40 16 36 28 116 26 26 21 36 59 20 21 25 34 25 34 65
internal_value=2.29841e-12 -2.84436e-05 -0.00353744 8.59304e-05 0.000911109 0.0023096 0.00143179 -5.03575e-05 -0.000239129 -1.15031e-05 -2.15744e-05 -0.000149864 2.28582e-05 5.88285e-06 -0.000143947 0.000305543 -3.35575e-05 4.54243e-05 -8.07648e-06 -0.000260264 0.000345942 1.41931e-05 0.000183346 -7.03835e-05 -0.000669682 3.79289e-05 0.000379861 -1.49074e-05 -2.75779e-05 -0.000253191 6.48161e-05 0.000145818 3.82892e-06 0.000288319 -0.000247851 -0.000143112 -4.85651e-05 6.00553e-05 -2.04958e-06 -0.000193833 -0.000109438 5.8335e-05 -0.000391134 -4.92707e-06
internal_weight=2385 2376 75 2301 243 99 75 144 123 2058 2017.5 519 1498.5 489 326 163 1450.5 122 1368 111 74 1257 419 838 71 383.5 57 767 296 86 210 170 366.5 57 65 283 309.5 484 102 247 173 102 74 276
internal_count=1506 1497 57 1440 243 99 75 144 123 1197 1179 378 801 363 242 121 780 96 747 72 48 675 225 450 40 205 49 410 216 52 164 144 192 52 47 194 140 216 102 158 84 50 74 124
is_linear=0
shrinkage=0.08


Tree=187
num_leaves=45
num_cat=0
split_feature=10 34 2 34 34 36 34 7 16 33 16 15 31 36 34 32 16 34 16 18 16 29 36 31 10 14 27 36 33 1 34 27 31 36 33 16 12 15 33 4 31 33 16 1
split_gain=0.0673684 0.126111 0.477701 0.00416534 0.00403737 0.0118111 0.0521804 0.0465891 0.0300039 0.0186626 0.0139892 0.00817506 0.015452 0.00581113 0.00380067 0.0034231 0.00358298 0.00288865 0.0026016 0.00248539 0.00201957 0.00143353 0.00114671 0.0490869 0.0262049 0.00306116 0.00177693 0.00106229 0.000961896 0.000737095 0.000637877 0.000601691 0.000463431 0.000618788 0.000459978 0.000510788 0.000357463 0.000448456 0.00072055 0.000341599 0.000469238 0.000269977 0.000245521 0.000350704
threshold=1.1549999713897707 1.0000000180025095e-35 16.415000000000003 121.60000000000001 12.700000000000003 1.5000000000000002 11.200000000000005 10.105000000000002 6.8350000000000017 1.0000000180025095e-35 6.6350000000000016 1.6349999999999998 0.50000000000000011 2.5000000000000004 8.7000000000000046 0.70000000000000007 7.3600000000000021 19.600000000000005 7.2300000000000013 1.3 7.280000000000002 0.3000000000000001 2.5000000000000004 0.70000000000000007 9.8550000000000022 9.1850000000000005 6.6000000000000005 2.5000000000000004 22.000000000000004 17.935000000000006 13.900000000000004 6.6000000000000005 1.0000000000000002 1.5000000000000002 1.7000000000000004 6.0950000000000015 9.0050000000000008 2.25 7.8000000000000007 17.335000000000004 4.6000000000000005 5.3000000000000016 6.705000000000001 16.440000000000001
decision_type=2 2 2 2 2 2 2 2 2 2 2 2 2 2 2 2 2 2 2 2 2 2 2 2 2 2 2 2 2 2 2 2 2 2 2 2 2 2 2 2 2 2 2 2
left_child=-1 2 -2 4 5 6 8 10 -3 -10 -7 13 21 18 -15 16 -11 20 -12 -5 -6 -13 24 -24 26 28 32 30 31 -28 -22 34 33 -19 -25 -36 37 38 42 40 -37 -42 43 -34
right_child=1 3 -4 19 17 7 -8 -9 9 15 11 12 -14 14 -16 -17 -18 22 -20 -21 27 -23 23 25 -26 -27 29 -29 -30 -31 -32 -33 36 -35 35 39 -38 -39 -40 -41 41 -43 -44 -45
leaf_value=0.0069083723757002091 0.0013963388012988227 -0.0021981847367503428 -0.012019375562667847 0.00018584782013086356 -0.00089879782108420682 0.0015909599558323285 0.0039789994101632727 -0.0028882874703655644 0.0023881156696006658 0.0011923157850449735 -0.0004085668592044145 0.0003428362470142366 -0.0023027918110892641 0.0013633183868868009 0.00036584678902012161 -0.00052177802112603948 1.1996892280876637e-05 8.1194902993213957e-05 0.00042297720955684779 0.00098752594806931224 -0.00014442653548030649 -0.0003812233128895362 -0.0031299402298671859 0.00015893092096916269 0.0022921063310720707 0.00081610402116527798 -0.00050348602980375293 0.00016402380781663529 0.00044500082521699367 -0.00010694236385240926 -0.00061573463492095473 0.00033322263363893927 0.00018230963985181668 -0.00039115261063504391 -0.00037907595915550533 0.00011379518782576689 -0.00019902870274205326 2.9961135119030473e-05 -8.3428226919336757e-05 0.00018628738439557227 -9.6327632900725288e-06 -0.00024751613650781415 0.0001443020263301347 0.00050171988275410102
leaf_weight=8.9999999999999982 49 27.5 26 49.5 33 44 27.5 33 32 27.5 60.5 42 24 42 58.5 31.5 41 35.5 40 49.5 40 30 31.5 87.5 33 38.5 55 37 40 66 34 38.5 44 35.5 27.5 65 33 523 55 44 51.5 75 74 44
leaf_count=9 43 15 14 27 18 24 15 18 27 15 33 42 24 27 36 24 36 21 30 27 30 30 18 57 18 21 30 27 24 36 24 21 24 21 15 39 18 318 30 24 33 45 54 24
internal_value=1.25766e-11 -2.61681e-05 -0.00325444 7.9056e-05 5.62334e-05 0.000241503 0.000760624 -1.80578e-05 0.000205731 0.000706547 0.000259706 6.24836e-05 -0.000544839 0.000352548 0.000782701 0.000168445 0.000485848 -7.10371e-06 -7.7604e-05 0.000586687 -0.00034933 4.11448e-05 2.58158e-05 -7.32036e-05 7.53256e-05 0.000132758 -4.81454e-07 -0.000185974 7.14324e-05 -0.000287189 -0.000360974 3.30192e-05 4.06224e-05 -0.000154979 4.39409e-08 -5.28177e-05 5.85884e-05 7.00767e-05 0.000166761 -1.47196e-05 -6.0904e-05 -0.00015067 0.000251702 0.000342015
internal_weight=2385 2376 75 2301 2202 561 187 374 159.5 132 341 297 96 201 100.5 100 68.5 1641 100.5 99 144 72 1497 499 998 467.5 965 111 429 121 74 389 844 71 350.5 263 773 740 217 235.5 191.5 126.5 162 88
internal_count=1506 1497 57 1440 1386 396 132 264 117 102 246 222 96 126 63 75 51 990 63 54 99 72 891 297 594 279 576 81 258 66 54 234 510 42 213 156 468 450 132 141 117 78 102 48
is_linear=0
shrinkage=0.08


Tree=188
num_leaves=45
num_cat=0
split_feature=37 0 34 36 1 4 32 33 27 37 27 4 36 15 15 15 15 37 33 33 36 37 36 32 34 32 31 34 34 33 15 17 4 15 1 31 37 25 18 13 37 18 15 30
split_gain=0.0829009 1.7899 0.258489 0.367525 2.57021 0.0341186 0.042096 0.00936419 0.00152976 0.0012797 0.0279822 0.024166 0.0057824 0.0919657 0.0591858 0.00889085 0.00498345 0.00166411 0.00144282 0.0012042 0.010037 0.0100802 0.0029299 0.0121792 0.0038406 0.00319636 0.00183557 0.00144854 0.00137479 0.0012886 0.00116619 0.000991019 0.000958216 0.000906561 0.000953492 0.00083067 0.000744575 0.000720337 0.000785821 0.000676869 0.000645439 0.000654907 0.000590402 0.000518032
threshold=16.425000000000004 16.465000000000003 1.0000000180025095e-35 2.5000000000000004 16.375000000000004 16.525000000000002 0.70000000000000007 0.70000000000000007 21.400000000000002 10.065000000000003 11.900000000000002 17.955000000000002 2.5000000000000004 1.8492307692307708 1.8492307692307708 2.1850000000000001 2.100000000000001 10.230000000000002 1.0000000000000002 1.0000000180025095e-35 2.5000000000000004 7.9050000000000011 2.5000000000000004 1.0000000180025095e-35 14.700000000000005 1.0000000180025095e-35 1.0000000180025095e-35 13.500000000000002 3.5000000000000004 24.800000000000004 -0.065000000000001265 1.1000000000000003 17.345000000000002 2.5850000000000009 16.185000000000006 5.1000000000000005 4.745000000000001 6.6000000000000005 0.70000000000000007 7.7550000000000008 6.9350000000000014 4.5000000000000009 1.8823076923076927 8.1000000000000014
decision_type=2 2 2 2 2 2 2 2 2 2 2 2 2 2 2 2 2 2 2 2 2 2 2 2 2 2 2 2 2 2 2 2 2 2 2 2 2 2 2 2 2 2 2 2
left_child=2 -2 3 4 -1 -3 -7 -8 9 11 12 19 14 -14 -11 -15 -16 -18 31 20 21 -4 24 -24 25 -21 -26 -27 -25 -28 -30 -19 36 34 -20 42 -32 38 -37 43 -38 -42 -9 -17
right_child=1 5 8 -5 -6 6 7 35 -10 10 -12 -13 13 15 16 39 17 18 33 22 -22 -23 23 28 26 27 29 -29 30 -31 32 -33 -34 -35 -36 37 40 -39 -40 -41 41 -43 -44 -45
leaf_value=-0.0074702096730470662 -0.024328916016966105 0.0037151413730212618 0.0014417284633964301 -0.0030797657701704239 0.027261379146575927 0.0028111852389863796 -0.0017835703385727748 0.00058833902169551171 0.00047089279295853623 0.0033650146176617403 -0.0025055512807642421 0.0020170795182387034 -0.0059462981901186353 0.0017530411748554221 -0.001266150563994112 -0.00033062746667108221 -0.00048963151445301873 0.0008595994194038212 -4.9852562660817057e-05 -0.00087676853605652934 -0.0013687849857819242 -0.00048350096072839657 0.0015699713027865533 0.00083572423228850737 0.0010728369355201722 -8.2871617227995195e-05 1.2074848075145979e-05 -0.00062963033374398942 0.00055939962978785232 -0.00042280857441352406 0.00037514771875815796 8.1510551046283741e-05 -0.00032964377525909722 5.3065096974739288e-05 -0.00071690806342909741 -0.00067310023431976632 -0.0003536187722629896 0.00010935699582123796 -2.9954130132821211e-06 0.0002106021256431153 -4.37081896176096e-05 0.00027258302387122484 6.8821942827309535e-05 0.00013331697671674193
leaf_weight=30 20 21 28 27 25 36 21 21 40.5 34 30 37.5 17 22 24 43 48 20 32 61 37 46 35.5 12.999999999999998 9.9999999999999982 138 604 40 22.5 47 34 22 59 122 24 24 33 39 21 57 200 53 42 24
leaf_count=30 20 21 28 21 13 36 21 21 18 32 15 15 16 18 18 35 24 20 32 36 24 20 20 9 4 90 302 20 10 24 34 22 24 74 20 24 27 39 21 35 88 26 42 17
internal_value=-3.06952e-11 -0.00139396 0.000159588 0.00456432 0.00831688 0.000644706 0.000328632 -0.000203344 -1.5916e-05 -2.56884e-05 -0.000133952 1.18083e-05 1.15449e-05 -0.000377504 0.00020607 0.000270917 -0.000161753 -6.28516e-05 3.0264e-05 -3.96617e-05 -0.000292952 0.000244964 -1.88356e-05 0.000147837 -0.000102172 -0.000377006 -2.79943e-06 -0.000205739 2.60381e-05 -1.93223e-05 -1.78395e-07 0.000452029 -3.33987e-05 -6.92536e-05 -0.000335733 2.24031e-05 2.12215e-05 -0.00014229 -0.000360385 7.95925e-06 -2.08537e-05 2.25504e-05 0.000241994 -0.000164438
internal_weight=2385 245 2140 82 55 225 204 168 2058 2017.5 519 1498.5 489 163 326 146 292 268 220 1461 111 74 1350 450 900 239 661 178 414.5 651 401.5 42 379 178 56 147 320 84 45 124 286 253 63 67
internal_count=1506 245 1261 64 43 225 204 168 1197 1179 378 801 363 121 242 105 210 192 168 786 72 48 714 238 476 146 330 110 218 326 209 42 199 126 52 147 175 84 45 87 141 114 63 52
is_linear=0
shrinkage=0.08


Tree=189
num_leaves=45
num_cat=0
split_feature=0 34 37 37 4 34 29 4 32 25 5 27 37 4 27 36 32 31 4 30 33 36 37 36 32 31 29 34 14 34 32 31 37 32 23 34 0 37 37 37 34 31 29 29
split_gain=0.0789468 0.471747 0.205125 0.0296597 0.0746984 0.0369755 0.00469986 0.00528686 0.00507787 0.00439405 0.00300929 0.00134627 0.00129254 0.0266894 0.024935 0.00349028 0.00593804 0.00540969 0.00246103 0.00158675 0.00118155 0.00849529 0.00853188 0.00239645 0.0100234 0.00291276 0.00565512 0.00111383 0.000799948 0.000781544 0.000919624 0.00121844 0.000897041 0.000648378 0.000582616 0.000612374 0.000435846 0.00108415 0.00115395 0.00156256 0.000775709 0.000735888 0.000522446 0.000966635
threshold=12.329999885559085 1.0000000180025095e-35 2.9500000238418584 16.425000000000004 16.515000000000004 9.5000000000000053 6.7000000000000002 16.805000000000003 1.0000000000000002 1.6000000000000003 10.105000000000002 19.500000000000004 10.065000000000003 17.955000000000002 11.400000000000002 2.5000000000000004 1.0000000180025095e-35 0.3000000000000001 17.875000000000004 8.1000000000000014 1.0000000180025095e-35 2.5000000000000004 7.9050000000000011 2.5000000000000004 1.0000000180025095e-35 1.0000000180025095e-35 1.0000000180025095e-35 3.5000000000000004 9.9200000000000017 1.3000000000000005 1.0000000000000002 1.3 14.310000000000002 6.1000000000000005 13.000000000000002 74.200000000000017 14.310000000000002 3.3550000000000004 3.5200000000000005 4.0150000000000015 6.0000000000000044 1.0000000000000002 0.3000000000000001 1.3
decision_type=2 2 2 2 2 2 2 2 2 2 2 2 2 2 2 2 2 2 2 2 2 2 2 2 2 2 2 2 2 2 2 2 2 2 2 2 2 2 2 2 2 2 2 2
left_child=2 -2 -1 11 -5 -6 7 -7 -9 -10 -8 12 14 15 18 16 -14 -17 20 33 21 22 -3 25 -25 26 -22 -26 -27 -18 32 -32 -31 -19 35 -33 -29 -38 -39 -40 -41 -42 -43 -44
right_child=1 3 -4 4 5 6 10 8 9 -11 -12 -13 13 -15 -16 17 29 19 -20 -21 23 -23 -24 24 27 28 -28 36 -30 30 31 34 -34 -35 -36 -37 37 38 39 40 41 42 43 -45
leaf_value=-0.0024551052777540116 -0.0087887720572642786 0.0013263901455294609 0.0083714505967994544 0.0044582197205586867 0.0031275317735142178 -0.00150575193465643 0.0012006955811132986 -0.0011949593599309169 0.0011928069347604401 -0.0001821648507247315 9.1431294179831956e-05 0.00037952886497670855 -0.0012148540867492556 -0.0024501325388749441 0.002049217338611682 0.0013024970283230029 -0.001143494863063097 6.8206207707841355e-05 -0.00055538409749013296 0.00044534154001203387 -0.0012895308379083873 -0.0012592821991121448 -0.00044482087311537369 0.0014443735752753179 0.0007688662839623597 -1.0493358714360236e-05 0.00013855711463192064 0.00036141727267849171 -0.0003578829657700327 1.5901322442326036e-05 -0.00048941517295315862 1.4466893472038491e-05 0.00067150190980596973 -0.0003904194232167998 0.00033320182402219091 -0.0003756172458815854 -0.0018628259003162385 0.0019212164188502356 -0.0015780401602387428 -0.00068231784552335738 0.00033010742151299899 -0.00040351899840482855 0.00059043845747198378 -2.4116723736824496e-05
leaf_weight=21 39 28 24 33 27 21 24 21 21 51 45 54 30 30 37.5 29 3.9999999999999991 47 57 51 35 37 46 35.5 12.999999999999998 741 36 22 45 34 40 132 22 34 28 32 1.9999999999999989 1.9999999999999989 3.9999999999999991 9.9999999999999982 46 20.5 17.5 256
leaf_count=21 21 28 24 33 27 21 24 21 21 51 45 24 26 15 15 25 4 37 24 34 20 24 20 20 9 398 20 22 20 26 32 96 22 24 14 20 2 2 4 5 22 9 11 123
internal_value=1.74051e-11 -6.3828e-05 0.00331906 8.40524e-05 0.000919915 0.000363896 -4.38541e-05 -0.000359267 -0.000100383 0.000218869 0.000477262 -1.46427e-05 -2.52641e-05 -0.000134797 1.24221e-05 9.01298e-06 -0.000143053 0.000313144 -4.01268e-05 9.57867e-05 -1.90959e-05 -0.000269516 0.000225367 2.52735e-06 0.000157001 -7.47093e-05 -0.00056543 4.07111e-05 -3.03821e-05 -3.29362e-05 -1.75118e-05 -8.7746e-05 0.000273459 -0.000124303 -4.06495e-06 -6.16471e-05 1.58006e-05 -5.43845e-06 4.99631e-06 -5.82979e-06 1.21383e-05 3.25635e-05 -1.3991e-05 1.52058e-05
internal_weight=2385 2340 45 2301 243 210 183 114 93 72 69 2058 2004 513 1491 483 322 161 1453.5 132 1396.5 111 74 1285.5 428.5 857 71 393 786 292 288 232 56 81 192 164 380 358 356 354 350 340 294 273.5
internal_count=1506 1461 45 1440 243 210 183 114 93 72 69 1197 1173 375 798 360 240 120 783 95 759 72 48 687 229 458 40 209 418 214 210 162 48 61 130 116 200 178 176 174 170 165 143 134
is_linear=0
shrinkage=0.08


Tree=190
num_leaves=45
num_cat=0
split_feature=37 4 33 37 36 29 10 36 37 32 36 36 1 32 33 4 37 4 10 15 15 27 10 27 32 10 36 18 31 37 17 37 32 37 31 11 19 36 29 37 33 2 10 37
split_gain=0.0777196 1.64749 0.0775868 0.1864 1.27261 2.00357 0.336211 1.00258 0.135761 0.0433403 0.431487 0.385438 0.0381374 0.034084 0.00861648 0.00138822 0.00323529 0.0515535 0.0195773 0.0014889 0.00174261 0.00138337 0.00057283 0.000660758 0.000740312 0.000494383 0.000408889 0.000981053 0.000953548 0.000573089 0.000269184 0.000749741 0.000272713 0.000591498 0.000775298 0.000744268 0.00072076 0.000648192 0.00110073 0.000544508 0.000828751 0.000607862 0.000533187 0.000494323
threshold=16.425000000000004 16.455000000000002 1.0000000180025095e-35 11.984999656677248 2.5000000000000004 1.0000000180025095e-35 7.9050000000000011 1.5000000000000002 16.185000000000006 1.0000000180025095e-35 2.5000000000000004 1.5000000000000002 16.485000000000003 0.70000000000000007 0.70000000000000007 17.965000000000003 11.703076923076924 17.860000000000003 9.9450000000000021 2.1200000000000006 3.0700000000000007 13.000000000000002 9.5600000000000005 7.5000000000000009 4.6000000000000005 8.3600000000000012 1.5000000000000002 12.900000000000002 6.5000000000000009 15.280000000000003 17.200000000000006 7.2450000000000001 7.5000000000000009 9.7050000000000018 0.50000000000000011 8.8950000000000014 0.50000000000000011 2.5000000000000004 1.9000000000000001 7.5750000000000002 10.500000000000002 16.715000000000003 8.1300000000000008 7.0900000000000007
decision_type=2 2 2 2 2 2 2 2 2 2 2 2 2 2 2 2 2 2 2 2 2 2 2 2 2 2 2 2 2 2 2 2 2 2 2 2 2 2 2 2 2 2 2 2
left_child=2 -2 3 4 6 -6 7 -1 9 10 11 -4 -3 -14 -15 16 18 19 21 -18 26 30 23 24 -16 -26 28 29 -21 -28 32 -32 33 35 -35 36 -11 38 -36 40 41 -34 -39 -38
right_child=1 12 8 -5 5 -7 -8 -9 -10 15 -12 -13 13 14 22 -17 17 -19 -20 20 -22 -23 -24 -25 25 -27 27 -29 -30 -31 31 -33 39 34 37 -37 43 42 -40 -41 -42 -43 -44 -45
leaf_value=-0.016875025437989584 -0.023353328564669935 0.0038524171000435237 -0.003477891114501593 -0.0040608644160602123 0.028265741158414771 -0.00039582591201808002 0.0020372884455791191 0.0034058573509638122 0.0047260835442054826 -0.00010027033187009887 -0.0078670279857712792 0.0066603330573707358 0.0025058621000627885 -0.0017224922314995812 -0.0003264039163305252 0.00036144090747391734 0.00060498870189555664 -0.0037979618102932972 0.0016252702234972581 -0.00019041298096999525 0.0006566008913796395 -0.00042702545877546075 0.00032175165663162869 -0.00044433092916733584 -1.1321695317000818e-05 0.00043400591894708298 -0.0004892294331115078 0.00031012528959598219 0.0004942465668706143 -7.0836569459061134e-05 -7.2797515119115523e-05 0.00052608820547660185 0.00016507716956906595 -0.00033739486337525023 -0.00017957165866853701 0.0003169164185119034 -1.5184675906008731e-05 -0.00040239384712185711 0.00024735517161898318 -1.0018121634198325e-05 -0.00049390619730166644 -0.00031391042222579316 6.9182900801660065e-06 0.00019740699331686345
leaf_weight=30 20 21 48 32 27 37 60.5 32.5 38 166.5 45.5 48 36 21 27 67.5 33 24 48 30 24 51 30 24 39 27 44 22 23 40 33 22.5 39 57 63 67.5 120 40 100 345 42 30 41.5 168
leaf_count=29 20 21 28 32 22 22 27 30 38 87 27 28 36 21 27 30 33 12 21 29 12 21 30 24 39 27 34 22 19 40 33 15 30 27 30 27 102 20 50 156 24 12 20 72
internal_value=8.19788e-13 -0.00134969 0.000154521 0.00158118 0.00254666 0.0116958 -0.00221386 -0.00632897 -8.12209e-06 -0.000103661 -0.00145012 0.00159122 0.000606186 0.000272015 -0.000206667 5.74151e-06 -8.60121e-06 -0.000280456 3.68976e-05 0.000110377 2.11853e-05 -1.8111e-05 9.8797e-06 -7.00875e-05 2.64915e-05 0.000170858 -7.47265e-05 -0.000165442 0.000106703 -0.000289995 -2.48954e-06 0.000169994 -9.97124e-06 1.75123e-05 -7.17003e-05 6.90403e-05 3.22271e-05 -9.75927e-06 8.23466e-05 -5.96044e-05 -0.000213724 -4.31783e-05 -0.000193971 0.000108827
internal_weight=2385 245 2140 219 187 64 123 62.5 1921 1883 141.5 96 225 204 168 1741.5 1674 240 1434 216 183 1386 147 117 93 66 159 106 53 84 1335 55.5 1279.5 823.5 301.5 522 454.5 244.5 163 456 111 69 81.5 288
internal_count=1506 245 1261 162 130 44 86 59 1099 1061 83 56 225 204 168 978 948 201 747 189 156 726 147 117 93 66 144 96 48 74 705 48 657 435 147 288 261 120 80 222 66 42 40 174
is_linear=0
shrinkage=0.08


Tree=191
num_leaves=45
num_cat=0
split_feature=34 36 15 37 3 34 31 0 33 37 36 27 27 37 19 11 37 33 33 37 37 37 11 15 36 32 32 0 19 35 32 31 33 16 0 31 31 18 22 13 14 31 16 15
split_gain=0.0848021 0.566343 3.85523 0.0305752 0.0761336 0.0252381 0.0112653 0.0205177 0.0108562 0.00286499 0.00273217 0.0410307 0.0305125 0.0142179 0.0132995 0.00948102 0.00608755 0.0148726 0.00485359 0.00395059 0.0200029 0.0167871 0.0279485 0.00404749 0.00347337 0.0250965 0.0197251 0.00270486 0.00247094 0.00241817 0.00405072 0.00387785 0.00212967 0.0019695 0.00189906 0.0015742 0.00144494 0.00111676 0.00128161 0.0015117 0.00100217 0.000984937 0.00121068 0.000953634
threshold=1.0000000180025095e-35 1.5000000000000002 1.7950000762939455 16.425000000000004 16.475000000000005 9.5000000000000053 6.9000000000000012 17.280000000000005 1.3 16.175000000000004 1.5000000000000002 13.000000000000002 19.500000000000004 5.2800000000000002 0.3000000000000001 9.8000000000000025 5.1700000000000008 1.0000000180025095e-35 1.0000000180025095e-35 11.802307692307695 11.868846153846155 11.245000000000003 9.8950000000000014 2.2350000000000008 2.5000000000000004 1.0000000180025095e-35 1.0000000180025095e-35 14.485000000000001 5.9000000000000012 1.5000000000000002 1.0000000180025095e-35 1.0000000000000002 1.0000000180025095e-35 6.0388461538461549 14.005000000000001 1.9000000000000001 0.3000000000000001 11.500000000000002 28.600000000000005 7.6950000000000012 8.7350000000000012 0.50000000000000011 6.0700000000000012 1.3149999999999993
decision_type=2 2 2 2 2 2 2 2 2 2 2 2 2 2 2 2 2 2 2 2 2 2 2 2 2 2 2 2 2 2 2 2 2 2 2 2 2 2 2 2 2 2 2 2
left_child=1 -1 -3 9 -5 -6 8 -8 -7 10 11 13 16 14 -2 18 17 -12 -15 21 -21 22 24 27 26 -26 -18 36 34 30 -20 -31 -28 -27 -19 -16 -22 38 39 -32 -41 -34 -43 -10
right_child=3 2 -4 4 5 6 7 -9 43 -11 12 -13 -14 15 35 -17 19 28 29 20 23 -23 -24 -25 25 33 32 -29 -30 31 37 -33 41 -35 -36 -37 -38 -39 -40 40 -42 42 -44 -45
leaf_value=0.0067930678810392111 0.0026119732064156169 0.011370207085495902 -0.030942484359351961 0.0055438777662458871 0.0027966210259883491 -0.0019347391809735979 0.0027251014517861659 -6.4436363082172134e-05 0.00054310631383919998 -0.00066301994779635045 -0.0022323365516674059 0.0029550682333490202 -0.0023589318735240442 -0.00092681063339114186 0.00076490859501063822 -0.0011885124414858191 -0.0019932703259918426 -0.00012920158990406587 -0.0012875464915608368 0.0043145683780312543 0.00078640367002942818 -0.0015317275978899982 0.0018172913422300058 -0.00013819670269383453 0.0021432654559612276 -0.00068264123052358633 0.00069824161047631116 0.0013967903500253505 -0.00074855311988638001 0.000958900176179172 -0.00043661083155139175 7.7427691947668789e-05 -0.0004815717226800139 -9.8207141481144671e-06 0.0007423633554329474 -0.00021575104995546015 -2.8416844453507412e-05 -0.00046962366457378003 0.00034850575967299702 0.00029544665711000561 -0.00022151210764423013 -0.00047859053102296755 4.7218551472964146e-06 -6.1856675760124899e-05
leaf_weight=28 24 31.5 24.5 21 27 21 27 45 21 42 26 31.5 36 36 20 49.5 36 48 18 7.9999999999999991 26 44 55 92 36 30 23.5 22 26 38.5 54 187.5 36.5 387.5 24 22 30 34 57 60 40 37 320.5 81
leaf_count=22 24 28 16 21 27 21 27 45 21 42 26 14 16 21 20 22 16 48 11 4 26 22 24 76 16 12 11 18 26 16 35 78 18 187 24 22 30 28 42 32 20 15 155 81
internal_value=-2.75977e-12 -0.00249671 -0.0071416 9.11445e-05 0.000939809 0.000504289 0.000186889 0.00098164 -0.000278331 -9.06229e-06 4.56183e-06 0.00013627 -6.12924e-05 -2.35921e-06 0.00110968 -0.000130113 1.94543e-06 -0.000531356 -3.03214e-05 5.77979e-05 0.000405201 -3.67109e-06 6.62192e-05 0.000221231 -3.99649e-05 0.000116588 -0.000196518 0.000645172 -8.00749e-05 3.56778e-05 -0.000129235 0.00022759 -4.15885e-05 -5.81671e-05 0.00016132 0.00025123 0.000349893 -4.41349e-05 2.44273e-05 -9.55238e-05 8.86632e-05 -8.57154e-05 -4.52993e-05 6.26945e-05
internal_weight=2385 84 56 2301 243 222 195 72 123 2058 2016 672 1344 640.5 66 574.5 1308 124 525 1184 178 1006 962 170 907 453.5 453.5 78 98 489 263 226 417.5 417.5 72 42 56 245 211 154 100 394 357.5 102
internal_count=1506 66 44 1440 243 222 195 72 123 1197 1155 385 770 371 66 305 754 124 283 630 154 476 454 150 430 215 215 74 98 262 168 94 199 199 72 42 56 157 129 87 52 188 170 102
is_linear=0
shrinkage=0.08


Tree=192
num_leaves=45
num_cat=0
split_feature=37 33 34 34 15 4 37 33 4 37 37 11 37 16 5 34 34 16 34 34 31 33 33 31 21 34 34 34 37 29 37 37 18 6 37 20 7 34 37 37 37 29 21 21
split_gain=0.072303 2.81679 0.325734 0.210427 1.18471 0.0407692 0.0635949 0.0265567 0.0153473 0.00242649 0.0105991 0.0157412 0.00367404 0.00294156 0.00328686 0.0020837 0.00395432 0.00142069 0.000938927 0.0007158 0.0029205 0.0027943 0.00199303 0.000608668 0.000526966 0.000496394 0.000482214 0.00061604 0.000639454 0.00117931 0.000903955 0.00124588 0.000982769 0.000639619 0.0005143 0.00108681 0.000597976 0.00048275 0.000596374 0.000424553 0.000403088 0.00044187 0.000355934 0.000289731
threshold=16.185000000000006 0.3000000000000001 8.7000000000000046 1.0000000180025095e-35 1.7950000762939455 16.545000000000005 16.425000000000004 1.0000000000000002 16.465000000000003 11.760384615384618 11.345000000000002 9.9550000000000018 11.868846153846155 6.0550000000000024 11.832692307692311 13.100000000000001 10.500000000000005 6.955000000000001 33.100000000000016 3.5000000000000004 0.50000000000000011 1.0000000180025095e-35 0.3000000000000001 1.5000000000000002 1.0000000180025095e-35 86.000000000000014 36.300000000000004 6.0000000000000044 9.8250000000000011 1.9000000000000001 7.3050000000000006 7.8500000000000005 12.900000000000002 10.105000000000002 6.6650000000000009 5.9000000000000012 9.9350000000000005 55.300000000000011 9.7850000000000019 9.0550000000000015 11.992692307692311 2.3000000000000003 13.900000000000002 4.7000000000000002
decision_type=2 2 2 2 2 2 2 2 2 2 2 2 2 2 2 2 2 2 2 2 2 2 2 2 2 2 2 2 2 2 2 2 2 2 2 2 2 2 2 2 2 2 2 2
left_child=3 -2 -3 4 -1 6 -4 -7 -8 10 11 13 -11 14 -5 16 24 18 -9 20 22 -21 -15 -17 -14 -20 27 -23 30 -30 32 -32 43 39 35 -28 37 -36 -39 -33 -25 -42 -43 -29
right_child=1 2 5 9 -6 7 8 17 -10 12 -12 -13 15 19 -16 23 -18 -19 25 21 -22 26 -24 40 -26 -27 34 28 29 -31 31 33 -34 -35 36 -37 -38 38 -40 -41 41 42 -44 -45
leaf_value=-0.0037676318413875204 -0.028694310727190565 0.010918273588642478 -0.00078031627009763867 -0.00085460206134277481 0.01637954886882536 -0.003056630947227989 0.0054419387557676857 -0.0005350078964881875 0.0023834226883593062 0.0011651746059457462 -0.0012035089571145363 0.0014300199679564685 0.00035239163027317438 0.00097128858339662349 -8.987763490623389e-05 -0.00032017895274541594 0.001336639430373907 0.00059389420205705054 9.0162307458693903e-05 -0.00055352759733796127 -0.00051966255384625179 -0.00017951832302708841 9.6460979664698236e-05 0.00032147353049367667 -0.00014742932058180926 -0.00034802922358115519 0.00052234308840706941 0.00018114169394331322 -0.00033409996037809262 0.00022152838186316546 0.00063619478398727048 0.00035305556872872271 -0.00041112991024015678 -0.00011549696228688672 -7.1951200079638515e-05 -0.00015861774290290971 1.9726061261348903e-05 -0.00043897900071631117 -4.7906337283729088e-05 0.00012314793065752649 0.00023563087497475662 -0.00017453325159149245 0.00019809008864242407 -9.6308567608969348e-05
leaf_weight=47 22 20 33 57 31 21 21 27 21 24 48 48 27 30 97.5 33 24 21 78 60 25.5 64.5 37.5 30 27 21 30 63 58.5 42 36 73.5 36 52.5 228 30 294 61.5 42 171 36 75 21 39
leaf_count=41 22 20 33 24 19 21 21 27 21 12 24 21 27 30 39 30 24 21 78 30 18 42 30 15 27 21 30 54 27 21 18 30 27 21 105 30 129 30 21 81 33 60 21 30
internal_value=-2.61494e-11 -0.00119567 0.0011046 0.000162269 0.00423958 0.000296887 0.00184776 -0.000395468 0.00391268 4.98441e-06 -3.13797e-05 2.16963e-06 0.00021619 -3.99033e-05 -0.000372009 0.000132763 0.000482222 -1.5302e-05 -0.000116835 -5.10485e-06 0.000209726 -1.95669e-05 0.000485273 -7.02097e-06 0.000102481 -2.78741e-06 4.67651e-06 5.48474e-05 8.12981e-05 -0.000101897 0.000120388 0.000191734 -5.17738e-05 0.00013786 -4.18715e-05 0.000181863 -6.33328e-05 -0.000136996 -0.000280283 0.000192261 5.67705e-05 -3.38932e-06 -9.30219e-05 7.50578e-05
internal_weight=2385 285 263 2100 78 243 75 168 42 2022 1725 1677 297 1629 154.5 273 78 147 126 1474.5 93 1381.5 67.5 195 54 99 1321.5 636 571.5 100.5 471 333 138 297 685.5 60 625.5 331.5 103.5 244.5 162 132 96 102
internal_count=1506 285 263 1221 60 243 75 168 42 1161 912 888 249 867 63 237 78 147 126 804 78 726 60 159 54 99 696 351 309 48 261 150 111 132 345 60 285 156 51 111 129 114 81 84
is_linear=0
shrinkage=0.08


Tree=193
num_leaves=45
num_cat=0
split_feature=34 36 0 37 4 33 30 33 37 36 27 27 32 11 37 33 37 37 37 11 15 36 32 32 32 33 0 19 33 31 21 0 0 13 33 25 23 31 21 6 36 31 9 33
split_gain=0.0866247 0.480503 3.57934 0.0311352 0.0703581 0.0482594 0.00955796 0.00896208 0.00253235 0.00231251 0.035046 0.0253252 0.0127486 0.00860789 0.00534481 0.0130846 0.00304327 0.0161994 0.0134409 0.0219899 0.00320426 0.00293986 0.0212061 0.0167268 0.00255461 0.00904199 0.00229465 0.00206528 0.00204226 0.00179691 0.00178954 0.001626 0.00161731 0.00142557 0.00134774 0.00162697 0.00114264 0.000849386 0.000800195 0.00126433 0.000788351 0.000735408 0.000521928 0.000516581
threshold=1.0000000180025095e-35 1.5000000000000002 16.415000000000003 16.425000000000004 16.505000000000006 0.50000000000000011 0.70000000000000007 1.9000000000000001 16.175000000000004 1.5000000000000002 13.000000000000002 19.500000000000004 1.0000000180025095e-35 9.8000000000000025 5.1700000000000008 1.0000000180025095e-35 11.802307692307695 11.868846153846155 11.245000000000003 9.8950000000000014 2.2350000000000008 2.5000000000000004 1.0000000180025095e-35 1.0000000180025095e-35 1.0000000000000002 1.0000000180025095e-35 14.485000000000001 5.9000000000000012 1.0000000180025095e-35 1.0000000000000002 0.50000000000000011 14.160000000000002 14.310000000000002 9.3600000000000012 5.3000000000000016 1.0000000180025095e-35 6.6000000000000005 0.50000000000000011 1.0000000180025095e-35 9.8350000000000026 2.5000000000000004 1.3 10.010000000000002 17.100000000000005
decision_type=2 2 2 2 2 2 2 2 2 2 2 2 2 2 2 2 2 2 2 2 2 2 2 2 2 2 2 2 2 2 2 2 2 2 2 2 2 2 2 2 2 2 2 2
left_child=1 -1 -3 8 -5 -6 -7 -8 9 10 12 14 -2 24 15 -11 18 -18 19 21 26 23 -23 -16 25 -14 30 31 -25 -26 -19 40 -27 41 -9 -36 43 -30 39 -39 -17 -24 -10 -31
right_child=3 2 -4 4 5 6 7 34 42 11 -12 -13 13 -15 16 27 17 20 -20 -21 -22 22 33 28 29 32 -28 -29 37 36 -32 -33 -34 -35 35 -37 -38 38 -40 -41 -42 -43 -44 -45
leaf_value=0.0060334404770817076 0.0011388000333477466 0.012027032194348673 -0.02852740471179669 0.0045757321435958148 0.0038168640776226922 -0.0014831517031416298 0.0015584478701499325 0.00036304308204517628 -0.00090583812268007363 -0.0020943355975983793 0.0027301076137357288 -0.0021500186901539566 -0.001669037978236492 -0.0011239143769548397 -0.0018310314478973547 -0.00040216535293998627 0.0038761888071894646 -0.00018802390542427581 -0.0013680899407799271 0.0016149890234439888 -0.00012728177035055326 0.0019745815421144167 0.00025958003910173745 0.00069069804187784798 0.00045468614298442843 -0.00043309649642280955 0.0012620083003738812 -0.00068673810581318471 -0.00044461187836395143 -1.987558080839856e-05 0.00071876694130090378 0.00075811683572828777 0.0003408577831093377 -0.00045679714775538632 -0.0008172286275796415 -2.3922325822357568e-05 0.00037323758461409146 1.1442967335737887e-05 5.7685330956893395e-05 -0.0004741934365352038 0.00022082047966810373 -4.5463646572638706e-05 -0.00034180998846533751 -0.0003320507269788098
leaf_weight=28 57 30 26 30 24 24 27 39 21 26 31.5 36 26 49.5 36 26 7.9999999999999991 26 44 55 92 36 60.5 23.5 64 27 22 26 36.5 285.5 30 20 48 48.5 21 78 45 84 215.5 58 26 308.5 21 38.5
leaf_count=22 37 30 14 30 24 24 27 39 21 26 14 16 16 22 16 26 4 26 22 24 76 16 32 11 38 27 18 26 18 160 30 20 31 21 21 78 20 39 107 24 26 146 21 20
internal_value=2.79609e-11 -0.0025234 -0.00680181 9.21188e-05 0.000948519 0.000437644 8.53645e-06 0.000225509 -9.00136e-06 3.80744e-06 0.000124979 -5.67784e-05 -3.14193e-06 -0.000114694 8.33714e-07 -0.000498875 5.31681e-05 0.00035808 -7.82418e-07 6.17556e-05 0.000192521 -3.24317e-05 0.000111597 -0.000176461 -2.11428e-05 -0.00038344 0.000569725 -7.559e-05 -3.3791e-05 6.33653e-05 0.000297757 0.000145102 6.22342e-05 -4.90434e-05 -3.52831e-05 -0.000192199 -4.50607e-06 -7.70029e-05 -3.94708e-05 -0.000186916 -9.06724e-05 4.55029e-06 -0.000623824 -5.69705e-05
internal_weight=2385 84 56 2301 243 213 189 165 2058 2016 672 1344 640.5 583.5 1308 124 1184 178 1006 962 170 907 453.5 453.5 534 101 78 98 417.5 433 56 72 75 417.5 138 99 369 394 357.5 142 52 369 42 324
internal_count=1506 66 44 1440 243 213 189 165 1197 1155 385 770 371 334 754 124 630 154 476 454 150 430 215 215 312 74 74 98 199 238 56 72 58 199 138 99 200 188 170 63 52 178 42 180
is_linear=0
shrinkage=0.08


Tree=194
num_leaves=45
num_cat=0
split_feature=34 36 0 37 4 34 0 34 6 12 37 36 12 11 37 19 37 37 0 0 1 34 34 36 30 31 10 10 31 15 31 20 13 34 30 30 31 30 0 15 24 20 20 34
split_gain=0.0733192 0.427068 0.902947 0.0263528 0.0596733 0.0264751 0.0063932 0.0033069 0.00868671 0.00223496 0.00303267 0.00270468 0.0524793 0.029393 0.0118465 0.0107338 0.00673974 0.00707054 0.00577777 0.00827703 0.00453021 0.00228924 0.00299115 0.00227121 0.00986921 0.00654237 0.00165787 0.0024635 0.00496529 0.00161761 0.00138348 0.00104962 0.000943766 0.000922398 0.00130338 0.000834477 0.00110762 0.000780212 0.000776606 0.000857375 0.000717207 0.000712755 0.000769625 0.000670713
threshold=1.0000000180025095e-35 2.5000000000000004 16.415000000000003 16.425000000000004 16.485000000000003 9.5000000000000053 16.575000000000003 13.900000000000004 10.335000000000003 9.9550000000000018 16.185000000000006 1.5000000000000002 9.8250000000000011 9.8950000000000014 5.2800000000000002 0.3000000000000001 11.130000000000001 11.992692307692311 14.005000000000001 13.485000000000001 17.875000000000004 19.600000000000005 9.9000000000000039 2.5000000000000004 1.0000000180025095e-35 1.0000000180025095e-35 8.9750000000000032 7.9050000000000011 1.9000000000000001 0.29999999999999899 1.9000000000000001 1.9000000000000001 7.6950000000000012 34.600000000000009 7.1000000000000005 0.3000000000000001 2.5000000000000004 3.5000000000000004 17.590000000000003 0.58499999999999919 1.9000000000000001 5.9000000000000012 14.600000000000001 53.900000000000013
decision_type=2 2 2 2 2 2 2 2 2 2 2 2 2 2 2 2 2 2 2 2 2 2 2 2 2 2 2 2 2 2 2 2 2 2 2 2 2 2 2 2 2 2 2 2
left_child=1 2 -1 9 -5 -6 -7 -8 -9 10 11 12 14 16 15 -2 18 -18 19 -13 26 22 -19 25 -25 -20 27 32 -29 -26 -17 35 41 -33 -35 -27 -37 -38 39 -31 -30 -16 -43 -23
right_child=3 -3 -4 4 5 6 7 8 -10 -11 -12 13 -14 -15 20 30 17 21 23 -21 -22 43 -24 24 29 31 -28 28 40 38 -32 33 -34 34 -36 36 37 -39 -40 -41 -42 42 -44 -45
leaf_value=-0.0077450034072001775 0.0023538528856200478 -0.010388558528253012 0.012623909069941595 0.0046596197826632609 0.002803231870272645 0.0010421233120350502 0.00069815429134501353 -0.0017627727645005854 1.9600023637481389e-05 -0.0005161530111002288 -0.00072223293465665638 4.6247885475168004e-06 0.0033373260208302076 -0.0023019385658618477 -0.00014743093141979534 0.00071456442121416326 0.0010636115168583477 8.9713344213498003e-06 -0.0010903077195672428 -0.0017215653706807643 -0.00089879828178608375 3.8238141642068512e-05 0.0011488503740670589 0.0012042717408846154 0.00084650406062051098 -0.00051169610515769035 0.00033920290521704237 -0.0011117436412502737 9.6097905658373327e-05 -0.00054339912668284452 -0.00020477112424983221 0.00034442085953241634 0.00029291823610663417 0.00020330916741926575 -0.00037684790887545014 0.00021452029482788295 -0.00046637164346369296 -9.1392108385925325e-05 -0.00034786483390550864 2.2400408954530842e-05 -0.00032716059022479585 0.00035398953462667434 -0.00016173176888015963 -0.00038606552952459377
leaf_weight=30 24 28 26 24 27 39 27 21 105 54 36 40 31.5 36 168.5 20 72 34 42.5 32 45 64 26 47 13.499999999999998 35 58.5 42.5 59.5 18 22 64.5 62.5 58.5 43 57 48 136.5 47.5 359 45 46 31 38
leaf_count=30 24 22 14 24 27 39 27 21 105 24 36 40 14 16 103 20 36 34 20 32 20 62 26 22 6 20 26 20 27 8 22 35 30 32 26 29 21 60 19 188 20 30 23 26
internal_value=-1.7623e-11 -0.00232153 0.00171199 8.47493e-05 0.000872637 0.000457626 0.000127775 -0.000105295 -0.000277462 -8.28125e-06 5.40391e-06 1.87143e-05 0.000151347 -4.7602e-05 -9.35493e-06 0.00100422 1.6e-05 0.000403983 -7.11285e-05 -0.000762571 -0.000129133 0.000110814 0.000502919 -1.9805e-05 0.000102609 -0.000142219 -6.16846e-05 -0.000113227 -0.000382677 -1.56055e-05 0.000233008 -5.116e-05 1.53737e-05 0.000107857 -4.24717e-05 -0.000146628 -9.37193e-05 -0.000188948 -4.30224e-05 -4.61389e-06 -8.61665e-05 -5.52842e-05 0.000146361 -0.000119836
internal_weight=2385 84 56 2301 243 219 192 153 126 2058 2004 1968 656 1312 624.5 66 1276 234 1042 72 558.5 162 60 970 485 485 513.5 455 147 438 42 442.5 308 166 101.5 276.5 241.5 184.5 424.5 377 104.5 245.5 77 102
internal_count=1506 66 44 1440 243 219 192 153 126 1197 1173 1137 379 758 365 66 742 184 558 72 299 148 60 486 243 243 279 253 67 221 42 223 186 93 58 130 110 81 215 196 47 156 53 88
is_linear=0
shrinkage=0.08


Tree=195
num_leaves=45
num_cat=0
split_feature=37 30 34 37 4 32 31 0 27 37 37 37 4 37 15 16 34 34 33 5 34 31 33 33 27 34 21 27 23 34 34 34 17 34 0 5 33 37 0 31 22 31 31 37
split_gain=0.0744205 1.65151 0.21169 0.343102 0.0404085 0.0177348 0.00550344 0.00936508 0.00227873 0.00238198 0.00206221 0.0214397 0.0207309 0.00261927 0.00217012 0.00149328 0.00148929 0.00295914 0.00100545 0.000963044 0.000693271 0.00265479 0.00220972 0.00192827 0.000683383 0.000569568 0.000532028 0.000439674 0.000431685 0.000407184 0.0007751 0.000419025 0.000478084 0.000500285 0.00039 0.0003276 0.000355134 0.000514795 0.000503179 0.000321495 0.000273557 0.000214256 0.000207897 0.00018241
threshold=16.425000000000004 1.0000000180025095e-35 1.0000000180025095e-35 7.8750000000000009 16.505000000000006 0.50000000000000011 1.7000000000000004 17.070000000000004 21.400000000000002 16.185000000000006 11.760384615384618 11.345000000000002 17.955000000000002 11.868846153846155 -0.1650000000000009 6.0550000000000024 13.100000000000001 10.500000000000005 3.5000000000000004 11.941153846153847 3.5000000000000004 0.50000000000000011 0.3000000000000001 1.0000000180025095e-35 11.400000000000002 50.000000000000007 1.0000000180025095e-35 7.5000000000000009 3.4000000000000004 6.0000000000000044 10.900000000000004 15.800000000000002 17.200000000000006 36.300000000000004 16.625000000000004 9.9050000000000029 10.500000000000002 7.3800000000000017 16.475000000000005 1.7000000000000004 5.4000000000000012 1.0000000000000002 1.0000000180025095e-35 7.8950000000000005
decision_type=2 2 2 2 2 2 2 2 2 2 2 2 2 2 2 2 2 2 2 2 2 2 2 2 2 2 2 2 2 2 2 2 2 2 2 2 2 2 2 2 2 2 2 2
left_child=2 -2 3 -1 -3 -6 -7 -8 9 10 11 12 14 -12 -4 19 17 26 -9 -16 21 22 -17 -22 28 -20 -15 -27 39 42 34 41 33 40 -31 36 37 -35 -39 -18 -33 -32 -25 -42
right_child=1 4 8 -5 5 6 7 18 -10 -11 13 -13 -14 16 15 20 24 -19 25 -21 23 -23 -24 29 -26 27 -28 -29 -30 30 31 32 -34 35 -36 -37 -38 38 -40 -41 43 -43 -44 -45
leaf_value=-0.0026756464894860982 -0.023351195380091668 0.0037401391152525323 -0.00075067813508212567 0.0080678640879117518 0.0024671146149436631 -0.00083070683937806354 0.0014971536221322216 -0.00059435788797037236 0.00058652670939027523 -0.00066445426750255546 0.00098941991726557411 -0.0018265824648967413 0.0018632422566413878 0.00033363652519053885 -0.00057361442177095493 0.00097968234230453775 -0.00024145314809478197 0.0011501506452138226 0.00026687709847465156 -9.6917967156817504e-05 -0.0004640055626320342 -0.00049020283809844776 5.8524344240625701e-05 -0.00033666434895360107 0.00039440797835898898 3.8172359592422394e-05 -0.00016857937719948866 -0.00043008610251403989 -0.0003761182104547819 0.0004114442348480225 -2.501456683370261e-05 0.00020568042506153385 0.00026281828777971624 0.00019354242003626296 0.00010652994397022421 3.5428636506733074e-06 -0.00028194288639881744 -0.00024135233106649512 1.3975138288168679e-05 5.3711467238220697e-05 9.9979766853002092e-05 -0.00026708855158370787 -4.9333544891505014e-05 -3.3788231702408557e-05
leaf_weight=30 20 24 27 52 21 39 30 21 40.5 36 24 42 37.5 27 49.5 30 30 24 36 60 60 25.5 37.5 33 24 33 27 21 24 37.5 39 75 43.5 40.5 94.5 348 61.5 103.5 94.5 111 129 58.5 31.5 132
leaf_count=30 20 24 12 34 21 39 30 21 18 36 12 21 15 27 21 30 30 24 36 24 30 18 30 18 12 33 27 21 12 30 24 33 36 36 42 153 36 48 42 102 75 36 24 63
internal_value=-1.52662e-11 -0.00132074 0.000151206 0.00413731 0.000637528 0.000267067 1.03943e-05 0.000243039 -7.61875e-06 -1.95458e-05 -7.82911e-06 -4.169e-05 3.78497e-06 0.000188878 -3.94985e-05 -2.73761e-05 0.000116919 0.000411028 -9.59105e-05 -0.000312411 -6.20872e-06 0.000205215 0.000467928 -2.04413e-05 -4.45856e-06 2.03939e-05 8.25286e-05 -0.000143928 -6.24755e-05 -3.02223e-07 9.75699e-06 -1.17615e-05 3.2784e-06 -8.19517e-06 0.000193153 -4.92707e-05 -0.000110534 -6.63348e-05 -0.000119491 -9.08951e-06 7.1022e-05 -0.000170259 -0.00019634 3.2327e-05
internal_weight=2385 245 2140 82 225 201 180 141 2058 2017.5 1981.5 1690.5 1648.5 291 1611 1584 267 78 111 109.5 1474.5 93 67.5 1381.5 189 90 54 54 165 1321.5 1257 1125 1027.5 984 132 648 300 238.5 198 141 336 97.5 64.5 261
internal_count=1506 245 1261 64 225 201 180 141 1197 1179 1143 897 876 246 861 849 234 78 111 45 804 78 60 726 156 90 54 54 144 696 654 582 522 486 72 315 162 126 90 132 171 60 42 138
is_linear=0
shrinkage=0.08


Tree=196
num_leaves=45
num_cat=0
split_feature=34 37 37 4 34 0 7 27 37 27 12 37 37 13 16 5 32 37 34 20 4 34 21 34 19 32 21 34 37 37 34 0 20 32 3 18 37 34 37 29 37 37 37 21
split_gain=0.0793049 0.49481 0.0275673 0.0549944 0.0394332 0.0042673 0.00308764 0.00193922 0.00200431 0.00172949 0.00160452 0.0013079 0.0184727 0.0239599 0.00261265 0.00279082 0.00231977 0.00380284 0.00156729 0.00472277 0.00117694 0.000831057 0.000585201 0.000582141 0.00213181 0.00143912 0.000340141 0.000286407 0.000257451 0.0012948 0.000521858 0.000499862 0.000432188 0.000369936 0.00119851 0.00022942 0.000481644 0.000252145 0.000383959 0.000377888 0.000481502 0.000346295 0.000329566 0.000259788
threshold=1.0000000180025095e-35 7.995000000000001 16.425000000000004 16.485000000000003 9.5000000000000053 16.575000000000003 9.8750000000000018 19.500000000000004 16.185000000000006 7.5000000000000009 9.9550000000000018 11.760384615384618 11.345000000000002 9.8950000000000014 6.0550000000000024 11.832692307692311 7.1000000000000005 11.911538461538465 12.700000000000003 1.9000000000000001 17.680000000000003 42.20000000000001 1.0000000180025095e-35 3.5000000000000004 1.0000000180025095e-35 1.0000000180025095e-35 11.500000000000002 6.0000000000000044 4.4500000000000011 3.7450000000000006 12.000000000000004 16.765000000000004 5.0000000000000009 0.70000000000000007 16.195000000000004 14.600000000000001 7.2450000000000001 36.300000000000004 9.9050000000000029 7.5000000000000009 9.7850000000000019 7.6250000000000009 9.7050000000000018 0.3000000000000001
decision_type=2 2 2 2 2 2 2 2 2 2 2 2 2 2 2 2 2 2 2 2 2 2 2 2 2 2 2 2 2 2 2 2 2 2 2 2 2 2 2 2 2 2 2 2
left_child=1 -1 7 -4 -5 -6 -7 8 10 20 11 12 13 14 15 -2 17 -13 19 22 -8 -18 -19 24 25 -16 -20 -25 29 32 31 -30 -29 34 -32 37 -37 42 39 41 43 -39 -35 -41
right_child=2 -3 3 4 5 6 9 -9 -10 -11 -12 16 -14 -15 23 -17 21 18 26 -21 -22 -23 -24 27 -26 -27 -28 28 30 -31 33 -33 -34 35 -36 36 -38 38 -40 40 -42 -43 -44 -45
leaf_value=0.0040252756909467278 -0.00085073228135253446 -0.0082687049426815734 0.0045294657696892202 0.0033582164997372917 0.0008400257709077917 -0.00093060094164684412 9.0834136261010848e-05 0.00046606922798134664 -0.00061129796590345597 -0.00038737432673000374 -0.00043899157050031204 0.0012425921391695739 -0.0016804559010779486 0.0017794831958599388 0.00095308603272618105 -9.0907600454308781e-05 -0.00061563929038432744 0.00030694558802578186 -7.0973609587478382e-05 0.0014769265674320715 0.00077483212740238133 -3.9078083451992523e-05 -0.00023597987359001612 -0.00018063281005782674 -0.00039617878766091285 0.0001219548419273148 0.00028446708273674763 0.00026077131520853275 0.00036682296544313434 -0.00053841719290975362 4.838497025311749e-05 2.5952633815231149e-05 -0.0001775021480716532 0.00012138072269223323 -0.0004998480638972035 -6.9975305341886005e-05 0.00035275048265854517 -0.00029329134266929213 8.031844192202328e-05 -8.8201892329379907e-05 -0.00021699283151300968 -7.9964440803797471e-05 -7.2406608073617376e-05 0.00010993171615862391
leaf_weight=40 49.5 44 24 27 39 24 69 54 36 39 54 24 42 48 24 82.5 24 27 96 21 21 48 24 64.5 25.5 30 21 36 46.5 33 69 67.5 24 169.5 40.5 34.5 34.5 70.5 138 60 54 157.5 84 144
leaf_count=34 21 32 24 27 39 24 69 24 36 39 24 12 21 21 24 33 21 27 81 21 21 36 24 42 18 30 21 36 24 33 36 30 24 72 18 30 21 39 69 24 27 69 42 66
internal_value=3.12438e-12 -0.00241443 8.81408e-05 0.00089398 0.00049557 9.30105e-05 -9.74052e-05 -7.00925e-06 -1.97569e-05 5.7608e-05 -8.936e-06 3.19723e-06 -2.44637e-05 1.93621e-05 -3.55344e-05 -0.000375842 0.000161302 0.000294 0.000173544 0.000467215 0.000250434 -0.000231265 5.14513e-05 -3.60793e-06 0.000206669 0.000491346 -7.17656e-06 -1.62008e-05 -7.8034e-06 -0.000135915 2.37979e-06 0.000164992 8.54619e-05 -1.51749e-05 -0.000154386 9.30341e-07 0.000141388 -1.01142e-05 -3.74472e-05 -7.08868e-05 -4.57194e-06 -0.000145927 5.71672e-05 5.16571e-05
internal_weight=2385 84 2301 243 219 192 153 2058 2004 129 1968 1914 1629 1587 1539 132 285 213 189 72 90 72 51 1407 79.5 54 117 1327.5 1263 93 1170 114 60 1056 109.5 946.5 69 877.5 624 486 258 228 253.5 204
internal_count=1506 66 1440 243 219 192 153 1197 1173 129 1137 1113 870 849 828 54 243 186 174 72 90 57 51 774 72 54 102 702 660 93 567 54 60 513 54 459 51 408 294 225 117 108 114 90
is_linear=0
shrinkage=0.08


Tree=197
num_leaves=45
num_cat=0
split_feature=37 32 34 37 4 33 34 33 27 37 15 15 28 37 37 13 36 37 31 27 16 33 36 34 33 37 36 31 32 0 0 15 15 34 34 15 37 15 20 33 16 23 13 18
split_gain=0.0699673 1.57631 0.196604 0.338957 0.052443 0.0183414 0.0161202 0.00554797 0.00167088 0.0017057 0.00149833 0.001421 0.0019861 0.00121773 0.0157463 0.0242135 0.0123363 0.10154 0.0621337 0.0107788 0.00204966 0.00195099 0.00182846 0.0139642 0.00738069 0.00680823 0.00255346 0.0123017 0.00869113 0.00245627 0.00179732 0.00110074 0.00102763 0.00197719 0.0017067 0.000894842 0.00056343 0.000537301 0.000689312 0.000769079 0.00041845 0.000631998 0.0003885 0.000521713
threshold=16.425000000000004 0.3000000000000001 1.0000000180025095e-35 7.8750000000000009 16.485000000000003 0.50000000000000011 13.700000000000005 2.3000000000000003 21.400000000000002 16.185000000000006 0.094999999999998877 1.3899999999999995 14.300000000000001 11.760384615384618 11.345000000000002 9.7700000000000014 2.5000000000000004 11.868846153846155 1.0000000000000002 1.1000000000000003 6.0550000000000024 0.3000000000000001 1.5000000000000002 1.9000000000000006 1.0000000180025095e-35 5.2400000000000011 2.5000000000000004 1.0000000180025095e-35 1.0000000180025095e-35 14.160000000000002 17.845000000000002 2.1350000000000002 0.52999999999999947 12.500000000000005 25.100000000000005 0.89499999999999968 4.745000000000001 2.4900000000000007 4.7000000000000002 6.3000000000000016 6.0057692307692303 6.6000000000000005 7.6950000000000012 3.0000000000000004
decision_type=2 2 2 2 2 2 2 2 2 2 2 2 2 2 2 2 2 2 2 2 2 2 2 2 2 2 2 2 2 2 2 2 2 2 2 2 2 2 2 2 2 2 2 2
left_child=2 -2 3 -1 -3 -6 -7 -8 9 10 -4 -9 -13 14 15 20 17 -15 -18 -20 30 -19 23 -22 25 -24 28 -28 -26 -25 -12 -23 -31 -34 -35 -36 -29 -30 39 -39 -14 -42 43 -37
right_child=1 4 8 -5 5 6 7 11 -10 -11 13 12 40 16 -16 -17 18 21 19 -21 22 31 24 29 26 -27 27 36 37 32 -32 -33 33 34 35 42 -38 38 -40 -41 41 -43 -44 -45
leaf_value=-0.0027836168495317297 -0.022803698444738982 0.0041671085179162525 -0.00029648871493042896 0.0078947938233613971 0.00244787066376635 -0.0021336909553169138 0.0014360302818074292 -0.0005656570391285987 0.0005023191432342118 -0.0005623941335620152 -0.00071127100678330111 0.00085377474803300128 0.00024261820844064156 0.00663329241797328 -0.0015460193738163937 0.0019184527479644334 -0.0033959567789552791 0.0004883176179014539 7.3437794751953343e-05 0.0022179514123126863 0.0026182747073471547 -0.00058757891800875468 -0.0018913930274832708 0.00077708005888520604 -0.0014427108079439306 -0.00021135631752641575 0.0016837289785874671 0.00031753742349489281 -0.00011753787778000883 0.00052857320010662079 -0.00010150988783800241 -4.0891451242383817e-05 -0.00058386656732575316 0.00056105305034933348 -0.00081381079844302599 -0.00025711674327240852 -1.4525922819944647e-05 -2.8531697761511136e-05 -0.00017233972125686703 0.00039845283416638135 5.1389995102201485e-05 -0.0004801107273392734 0.0001058165983266644 2.2023262135313509e-05
leaf_weight=30 20 24 108 52 21 21 21 21 40.5 36 49.5 21 30 15.999999999999998 42 42 33 38 40 24 13.999999999999998 30 26 28 30.5 38 30.5 36 235 22.5 82.5 110 37 35 8.9999999999999982 66.5 357 53.5 50 54.5 45 21 123 120.5
leaf_count=30 20 24 48 34 21 21 21 21 18 36 21 21 30 8 21 18 31 38 39 12 14 28 26 28 18 18 18 36 130 10 33 90 22 20 4 36 176 25 30 27 45 21 54 64
internal_value=1.15703e-11 -0.00128061 0.000146612 0.00398806 0.000632552 0.000210516 -5.05091e-05 0.000224628 -6.44851e-06 -1.66617e-05 -6.74679e-06 4.02844e-05 0.000149043 9.9557e-06 -1.77018e-05 2.39661e-05 0.000160361 0.000528677 -0.00057627 0.00087763 -2.91327e-05 -2.00526e-05 -5.32771e-08 0.000130818 -6.54888e-05 -0.000893871 -2.89552e-06 0.000136008 -0.000141799 5.19402e-05 -0.00033017 -0.000158039 2.83767e-06 -2.74157e-05 3.07445e-05 -2.74399e-05 1.58921e-05 -4.08375e-05 7.32421e-05 0.000186937 -5.11697e-06 -0.000117724 -4.60974e-06 -7.72431e-05
internal_weight=2385 245 2140 82 225 201 180 159 2058 2017.5 1981.5 138 117 1873.5 1582.5 1540.5 291 194 97 64 1498.5 178 1366.5 455.5 911 64 847 423.5 423.5 441.5 132 140 413.5 391 354 319 393 393 158 108 96 66 310 187
internal_count=1506 245 1261 64 225 201 180 159 1197 1179 1143 138 117 1095 849 828 246 164 82 51 810 156 756 252 504 44 460 230 230 238 54 118 210 200 178 158 212 212 82 52 96 66 154 100
is_linear=0
shrinkage=0.08


Tree=198
num_leaves=45
num_cat=0
split_feature=10 36 0 33 3 33 16 35 30 32 36 31 32 10 10 11 4 35 6 4 31 12 33 9 10 33 35 21 14 33 30 22 21 0 30 0 19 32 33 20 0 32 20 30
split_gain=0.0504529 0.0335203 0.445627 0.820216 3.47739 0.346323 3.23513 1.00074 1.10638 0.0615887 0.0570102 0.608442 0.285686 0.0391374 0.0352923 0.0332613 0.0258033 0.0075998 0.0114008 0.0222776 0.0053501 0.00557761 0.00347891 0.00324831 0.00171215 0.0015292 0.00127831 0.00293566 0.00116885 0.00177978 0.0012623 0.0012872 0.00101399 0.00100281 0.000946608 0.000669411 0.00062934 0.000589648 0.00057359 0.000566988 0.000490023 0.00090746 0.000541296 0.000647573
threshold=1.1549999713897707 1.5000000000000002 12.329999885559085 1.0000000180025095e-35 16.415000000000003 1.0000000180025095e-35 6.6350000000000016 1.0000000180025095e-35 1.0000000180025095e-35 1.0000000180025095e-35 2.5000000000000004 1.0000000180025095e-35 1.0000000180025095e-35 9.9200000000000017 9.9200000000000017 9.9200000000000017 17.860000000000003 1.0000000180025095e-35 9.9800000000000022 16.155000000000005 1.0000000180025095e-35 9.5600000000000005 22.000000000000004 11.72423076923077 9.3250000000000011 12.100000000000001 1.0000000180025095e-35 1.0000000180025095e-35 7.7550000000000008 8.4000000000000004 7.3000000000000016 19.300000000000004 1.1000000000000003 14.640000000000002 1.7000000000000004 17.365000000000006 3.7000000000000006 0.3000000000000001 3.5000000000000004 2.3000000000000003 15.280000000000003 1.0000000000000002 11.800000000000002 1.0000000000000002
decision_type=2 2 2 2 2 2 2 2 2 2 2 2 2 2 2 2 2 2 2 2 2 2 2 2 2 2 2 2 2 2 2 2 2 2 2 2 2 2 2 2 2 2 2 2
left_child=-1 2 -2 4 -4 6 -3 -8 -9 -5 11 -7 -12 17 20 16 24 18 19 33 -11 22 25 35 26 28 27 -13 30 34 31 -22 -20 -14 -30 40 -32 -28 -36 -29 42 -42 43 -19
right_child=1 5 3 9 -6 10 7 8 -10 14 12 15 13 -15 -16 -17 -18 23 32 -21 21 -23 -24 -25 -26 -27 37 39 29 -31 36 -33 -34 -35 38 -37 -38 -39 -40 -41 41 -43 -44 -45
leaf_value=0.0059784799151950405 -0.01489692856868108 -0.027640561981884353 -0.0076034841146867937 -0.0026688750117942355 0.030656846078959379 0.0086587263226309535 -0.010227701369658462 0.017887473637802583 -0.00057908891168023853 0.0011601701043546201 -0.0060381826245713803 0.00085557534152434929 0.00069214743359581295 -0.0023828667685292758 0.0024447443878108806 -0.0023074689930812878 0.0021215736908330161 0.00038461528159677979 -0.00049926025132243429 0.0030622064196054012 -0.00064068029337859423 -0.00096345184497873893 -0.00069824358581432281 0.0007508555743843318 -0.00053217274542027089 0.00037348772334452304 -0.00035098134603810636 0.00025786099613954623 0.00052332564347042619 -0.00037343679915194389 -0.00013993061776720704 -0.00013088651567376688 0.00022184633378249903 -3.9810065925121312e-05 -0.00012207774699411609 0.00026155626362500093 0.00029374151265150624 -1.4927560686076109e-05 0.00024503738586823426 -0.00018374191383280014 -0.00043343395615617431 1.6168266766062762e-06 0.00054090166254900393 -0.00022088098518836956
leaf_weight=8.9999999999999982 11.999999999999998 29.5 34 56 27.5 56 32 33 56 22.5 52.5 36 23 38.5 38.5 38.5 38.5 20 26 31 45.5 44 45.5 45 38.5 72 36.5 30 49.5 38.5 39 104.5 24 25 44 72 47.5 395.5 71.5 49 34.5 277.5 20 26
leaf_count=9 12 16 28 36 15 36 32 28 36 15 34 36 23 21 21 21 21 20 26 31 33 24 27 20 21 42 24 30 27 21 24 78 24 25 24 32 33 206 39 49 16 126 18 26
internal_value=8.28934e-12 -2.26457e-05 0.000402302 0.000637675 0.00950479 -0.00023512 -0.00388588 0.00190555 0.00626806 -0.000121306 0.000148166 0.000651443 -0.000357574 9.2587e-05 9.40355e-05 -2.53994e-05 0.000115401 0.000245319 0.000792218 0.00139054 -5.10002e-05 -9.63058e-05 -2.78674e-05 0.000102794 -1.6516e-05 3.1707e-05 1.97779e-05 0.00025681 -2.42207e-05 0.000116344 -0.000145172 -0.000285524 -0.000153129 0.00031092 0.000230626 3.79882e-05 9.8213e-05 -4.3321e-05 0.000105184 -1.60446e-05 -4.59621e-06 -4.64898e-05 0.000193446 4.23783e-05
internal_weight=2385 2376 792 780 61.5 1584 150.5 121 89 718.5 1433.5 718.5 715 662.5 662.5 662.5 624 624 129 79 624 601.5 557.5 495 585.5 512 547 115 440 203.5 236.5 150 50 48 165 450 86.5 432 115.5 79 378 312 66 46
internal_count=1506 1497 499 487 43 998 112 96 64 444 886 444 442 408 408 408 387 387 129 79 387 372 348 258 366 321 345 115 279 111 168 111 50 48 90 238 57 230 63 79 206 142 64 46
is_linear=0
shrinkage=0.08


Tree=199
num_leaves=45
num_cat=0
split_feature=34 2 37 37 30 4 15 31 34 5 36 33 32 1 31 33 36 33 33 32 14 35 37 30 37 37 36 37 27 36 13 34 30 33 33 10 34 30 30 35 32 31 33 31
split_gain=0.0967871 0.446921 0.183027 0.0249831 0.0534175 0.0227136 0.0120571 0.00631028 0.00386909 0.0155428 0.00867293 0.0275368 0.0289404 0.0169965 0.0172712 0.0144832 0.0212748 0.00598474 0.00345741 0.00249234 0.00166364 0.00296832 0.000727443 0.000828073 0.00059108 0.00239874 0.00131192 0.00128568 0.00109964 0.000690319 0.0012777 0.000872556 0.000807789 0.00074928 0.000539247 0.00130017 0.000507037 0.000500234 0.00121864 0.000478712 0.000439374 0.000418847 0.000364255 0.000360683
threshold=1.0000000180025095e-35 16.415000000000003 7.9350000000000014 16.425000000000004 0.3000000000000001 16.505000000000006 0.72499999999999976 1.7000000000000004 12.000000000000004 10.105000000000002 2.5000000000000004 1.0000000180025095e-35 1.0000000180025095e-35 16.415000000000003 1.0000000180025095e-35 1.0000000180025095e-35 1.5000000000000002 1.0000000180025095e-35 2.5000000000000004 0.70000000000000007 9.4050000000000029 1.5000000000000002 16.155000000000005 7.3000000000000016 11.245000000000003 11.868846153846155 2.5000000000000004 12.049615384615388 13.000000000000002 1.5000000000000002 7.6950000000000012 32.800000000000011 0.70000000000000007 4.6000000000000005 11.100000000000001 8.5500000000000025 54.70000000000001 7.3000000000000016 5.5000000000000009 1.5000000000000002 6.3000000000000016 20.700000000000006 1.9000000000000001 0.3000000000000001
decision_type=2 2 2 2 2 2 2 2 2 2 2 2 2 2 2 2 2 2 2 2 2 2 2 2 2 2 2 2 2 2 2 2 2 2 2 2 2 2 2 2 2 2 2 2
left_child=1 2 -1 8 -5 -6 -7 -8 9 10 13 -12 -13 15 -15 16 -2 -10 -9 -14 22 -22 24 -24 28 -26 27 -27 29 30 37 -32 -31 -33 35 -20 -28 38 -19 42 -29 -34 43 -17
right_child=3 -3 -4 4 5 6 7 18 17 -11 11 12 19 14 -16 39 -18 20 34 -21 21 -23 23 -25 25 26 36 40 -30 32 31 33 41 -35 -36 -37 -38 -39 -40 -41 -42 -43 -44 -45
leaf_value=-0.003101980971793334 0.0034229083641964409 -0.011382819964335515 0.0058913870368685044 0.0044474979843168215 0.0027941789757460356 0.0015080616519682938 -0.0013085962661231556 0.0010424827775430113 -0.0012337286970405667 0.0014110661223530768 -0.0015878570125593494 0.0029823926698467501 -0.00026008729666096369 -0.0020755710962171458 -0.00017281593743389772 -0.00036082978302147238 -0.00017812960559413546 -3.3338756378119192e-06 0.00010526466541565381 0.0006950195051510544 0.00013355336540068189 -0.00071048246213467798 -0.00064755894398937626 4.0325073503135217e-05 0.00058395042411845039 -0.00065013435120428247 0.00046585099790497005 -0.00018799554746902478 -0.00038640743961521225 -0.00030375659634831223 0.00054614259769300837 -9.99132366931656e-05 -1.2800849245636506e-06 0.00030439344274678403 0.00015324944982282994 -0.00057702163121465481 -6.2862985456983249e-06 9.8261820035476006e-05 -0.00057812736602500078 9.3875496116067693e-05 0.0001598966687119433 -0.00020182123482227323 -0.00050523677142336968 0.00011962500663958054
leaf_weight=30 21 26 28 24 24 36 24 21 27 60 30 36.5 36 49 81 20 21 90 39 34 48 60 24 21 54 28 37 52 51 73 45.5 50.5 599 70 42 33 24 85.5 32 35 42 75 26 20
leaf_count=30 21 14 22 24 24 36 24 21 12 30 25 24 26 24 36 20 21 56 39 24 24 24 24 21 27 14 34 50 21 36 20 22 308 30 42 33 15 46 16 32 34 36 24 20
internal_value=-1.46918e-11 -0.00266731 0.00123964 9.73724e-05 0.000864512 0.000471856 0.000186031 -0.000113296 6.79179e-06 0.000208558 3.23658e-05 0.000553034 0.0011561 -0.000227968 -0.000890008 0.000373886 0.00162239 -5.28425e-05 9.92017e-05 0.000203822 -3.24237e-05 -0.000335355 -9.91484e-06 -0.000326546 2.01183e-07 0.000115422 -2.2832e-05 -0.000174294 -2.31086e-05 -6.57289e-06 8.22294e-05 0.000247659 -5.0974e-05 0.000134954 -7.45607e-05 -0.00020745 0.000280092 -5.01144e-05 -0.000154099 -0.000145293 -3.25543e-05 -2.35955e-05 -0.000272125 -0.000120602
internal_weight=2385 84 58 2301 243 219 195 159 2058 469.5 409.5 136.5 106.5 273 130 143 42 1588.5 135 70 1561.5 108 1453.5 45 1408.5 237 183 122 1171.5 1120.5 373.5 166 747 120.5 114 72 61 207.5 122 101 94 674 66 40
internal_count=1506 66 52 1440 243 219 195 159 1197 327 297 99 74 198 60 138 42 870 135 50 858 48 810 45 765 174 147 98 591 570 190 72 380 52 114 72 49 118 72 96 84 344 64 40
is_linear=0
shrinkage=0.08


end of trees

feature_importances:
current_level=1337
rain_SLA003_roll6h=695
horizon=606
water_level_X.173A_current=537
water_diff_173_90=517
rain_SLA003_lag3h=500
rain_SLA003_lag6h=452
rain_SLA003_lag2h=373
water_diff_90_44=346
rain_SLA003_lag1h=294
station_id=271
water_level_X.173A_lag6h=234
water_level_X.44_current=214
rain_SLA003_current=204
water_level_X.173A_lag1h=192
water_level_X.44_lag6h=181
rain_SLA001_roll6h=177
water_level_X.44_lag1h=164
rain_SLA001_lag1h=143
rain_SLA001_lag6h=138
rain_SLA001_current=136
rain_SLA001_lag2h=117
rain_SLA001_lag3h=106
water_level_X.173A_lag2h=104
water_level_X.44_lag3h=102
water_level_X.44_lag2h=97
water_level_X.90_current=96
water_level_X.173A_lag3h=84
rain_SLA002_lag6h=72
water_level_X.90_lag6h=53
rain_SLA002_roll6h=43
rain_SLA002_current=39
rain_SLA002_lag2h=38
rain_SLA002_lag3h=36
water_level_X.90_lag1h=35
water_level_X.90_lag2h=31
water_level_X.90_lag3h=19
rain_SLA002_lag1h=17

parameters:
[boosting: gbdt]
[objective: regression]
[metric: l2]
[tree_learner: serial]
[device_type: cpu]
[data_sample_strategy: bagging]
[data: ]
[valid: ]
[num_iterations: 200]
[learning_rate: 0.08]
[num_leaves: 45]
[num_threads: 12]
[seed: 42]
[deterministic: 0]
[force_col_wise: 0]
[force_row_wise: 0]
[histogram_pool_size: -1]
[max_depth: -1]
[min_data_in_leaf: 20]
[min_sum_hessian_in_leaf: 0.001]
[bagging_fraction: 0.8]
[pos_bagging_fraction: 1]
[neg_bagging_fraction: 1]
[bagging_freq: 0]
[bagging_seed: 400]
[bagging_by_query: 0]
[feature_fraction: 0.8]
[feature_fraction_bynode: 1]
[feature_fraction_seed: 30056]
[extra_trees: 0]
[extra_seed: 12879]
[early_stopping_round: 0]
[early_stopping_min_delta: 0]
[first_metric_only: 0]
[max_delta_step: 0]
[lambda_l1: 0]
[lambda_l2: 0]
[linear_lambda: 0]
[min_gain_to_split: 0]
[drop_rate: 0.1]
[max_drop: 50]
[skip_drop: 0.5]
[xgboost_dart_mode: 0]
[uniform_drop: 0]
[drop_seed: 17869]
[top_rate: 0.2]
[other_rate: 0.1]
[min_data_per_group: 100]
[max_cat_threshold: 32]
[cat_l2: 10]
[cat_smooth: 10]
[max_cat_to_onehot: 4]
[top_k: 20]
[monotone_constraints: ]
[monotone_constraints_method: basic]
[monotone_penalty: 0]
[feature_contri: ]
[forcedsplits_filename: ]
[refit_decay_rate: 0.9]
[cegb_tradeoff: 1]
[cegb_penalty_split: 0]
[cegb_penalty_feature_lazy: ]
[cegb_penalty_feature_coupled: ]
[path_smooth: 0]
[interaction_constraints: ]
[verbosity: -1]
[saved_feature_importance_type: 0]
[use_quantized_grad: 0]
[num_grad_quant_bins: 4]
[quant_train_renew_leaf: 0]
[stochastic_rounding: 1]
[linear_tree: 0]
[max_bin: 255]
[max_bin_by_feature: ]
[min_data_in_bin: 3]
[bin_construct_sample_cnt: 200000]
[data_random_seed: 175]
[is_enable_sparse: 1]
[enable_bundle: 1]
[use_missing: 1]
[zero_as_missing: 0]
[feature_pre_filter: 1]
[pre_partition: 0]
[two_round: 0]
[header: 0]
[label_column: ]
[weight_column: ]
[group_column: ]
[ignore_column: ]
[categorical_feature: ]
[forcedbins_filename: ]
[precise_float_parser: 0]
[parser_config_file: ]
[objective_seed: 16083]
[num_class: 1]
[is_unbalance: 0]
[scale_pos_weight: 1]
[sigmoid: 1]
[boost_from_average: 1]
[reg_sqrt: 0]
[alpha: 0.9]
[fair_c: 1]
[poisson_max_delta_step: 0.7]
[tweedie_variance_power: 1.5]
[lambdarank_truncation_level: 30]
[lambdarank_norm: 1]
[label_gain: ]
[lambdarank_position_bias_regularization: 0]
[eval_at: ]
[multi_error_top_k: 1]
[auc_mu_weights: ]
[num_machines: 1]
[local_listen_port: 12400]
[time_out: 120]
[machine_list_filename: ]
[machines: ]
[gpu_platform_id: -1]
[gpu_device_id: -1]
[gpu_device_id_list: ]
[gpu_use_dp: 0]
[num_gpu: 1]

end of parameters

pandas_categorical:[]
