tree
version=v4
num_class=1
num_tree_per_iteration=1
label_index=0
max_feature_idx=37
objective=regression
feature_names=water_level_X.173A_current water_level_X.173A_lag1h water_level_X.173A_lag2h water_level_X.173A_lag3h water_level_X.173A_lag6h water_level_X.90_current water_level_X.90_lag1h water_level_X.90_lag2h water_level_X.90_lag3h water_level_X.90_lag6h water_level_X.44_current water_level_X.44_lag1h water_level_X.44_lag2h water_level_X.44_lag3h water_level_X.44_lag6h water_diff_90_44 water_diff_173_90 rain_SLA001_current rain_SLA001_lag1h rain_SLA001_lag2h rain_SLA001_lag3h rain_SLA001_lag6h rain_SLA001_roll6h rain_SLA002_current rain_SLA002_lag1h rain_SLA002_lag2h rain_SLA002_lag3h rain_SLA002_lag6h rain_SLA002_roll6h rain_SLA003_current rain_SLA003_lag1h rain_SLA003_lag2h rain_SLA003_lag3h rain_SLA003_lag6h rain_SLA003_roll6h station_id horizon current_level
feature_infos=[12.67:18] [12.57:18] [12.460000000000001:18] [12.33:18] [11.890000000000001:18] [3.3700000000000001:12.140000000000001] [3.2599999999999998:12.140000000000001] [3.1499999999999999:12.140000000000001] [3.0600000000000001:12.140000000000001] [2.79:12.140000000000001] [2.2000000000000002:9.9700000000000006] [2.2000000000000002:9.9700000000000006] [2.1699999999999999:9.9700000000000006] [2.1699999999999999:9.9700000000000006] [1.8300000000000001:9.9700000000000006] [-0.18000000000000149:3.3500000000000005] [5.7699999999999978:9.3000000000000007] [0:28.399999999999999] [0:28.399999999999999] [0:28.399999999999999] [0:28.399999999999999] [0:28.399999999999999] [0:115.59999999999999] [0:26.800000000000001] [0:26.800000000000001] [0:26.800000000000001] [0:26.800000000000001] [0:26.800000000000001] [0:81.199999999999989] [0:43.600000000000001] [0:43.600000000000001] [0:43.600000000000001] [0:43.600000000000001] [0:43.600000000000001] [0.40000000000000002:138.19999999999999] [0:2] [1:3] [2.2000000000000002:18]
tree_sizes=3970 4090 4098 4072 4095 4081 4129 4120 4129 4106 4125 4144 4159 4129 4156 4106 4201 4154 4143 4193 4175 4197 4184 4185 4187 4192 4167 4178 4149 4154 4191 4235 4169 4179 4224 4198 4215 4208 4220 4249 4229 4247 4242 4225 4361 4241 4225 4212 4228 4209 4230 4235 4276 4278 4263 4280 4273 4273 4209 4285 4242 4311 3928 4291 4256 4303 4247 4264 4304 4245 4262 4260 4290 4238 4240 4253 4302 4275 4277 4322 4258 4270 4305 4310 4237 4299 4213 4320 4315 4260 4262 4241 4303 4268 4342 4263 4318 4283 4309 4305 4283 4263 4323 4252 4315 4320 4298 4297 4340 4306 4266 4266 4295 4276 4332 4336 4345 4317 4336 4319 4296 4291 4359 4290 4297 4341 4305 4311 4287 4299 4292 4244 4346 4286 4274 4292 4317 4278 4257 4277 4324 4317 4346 4325 4328 4352 4335 4299 4275 4314 4298 4323 4368 4336 4317 4318 4332 4328 4345 4370 4316 4297 4313 4312 4317 4365 4332 4310 4347 4302 4341 4285 4326 4285 4326 4298 4287 4286 4317 4262 4310 4261 4291 4326 4271 4304 4302 4354 4312 4300 4296 4370 4302 4299 4304 4331 4337 4316 4325 4289

Tree=0
num_leaves=45
num_cat=0
split_feature=14 0 10 15 36 15 37 37 36 37 36 37 37 37 0 34 36 14 37 37 36 37 14 0 15 37 37 36 15 17 12 36 37 15 37 0 34 37 33 25 36 36 37 0
split_gain=17.5288 5.6535 4.2505 3.38806 2.62033 1.9597 2.20003 1.22034 1.11605 0.737904 0.621075 0.530645 0.821602 0.915024 0.596892 0.480886 0.368299 0.361495 0.338346 0.263117 0.239494 0.226963 0.216288 0.213661 0.172902 0.178216 0.125344 0.11644 0.114092 0.111598 0.095444 0.0949819 0.0878597 0.0738731 0.0725465 0.0478185 0.046039 0.0446881 0.0409001 0.0397377 0.034513 0.0316606 0.030741 0.0260896
threshold=8.9200000000000017 16.115000000000006 9.9550000000000018 2.5457692307692312 1.5000000000000002 2.4900000000000007 8.8800000000000008 12.01346153846154 2.5000000000000004 16.210000000000004 2.5000000000000004 9.5600000000000005 9.9450000000000021 11.802307692307695 17.745000000000001 3.5000000000000004 1.5000000000000002 7.6950000000000012 13.645000000000001 7.8950000000000005 2.5000000000000004 8.2800000000000011 9.9200000000000017 17.890000000000004 2.5050000000000003 9.0050000000000008 8.2800000000000011 2.5000000000000004 2.1715384615384621 3.0000000000000004 9.4400000000000031 1.5000000000000002 3.0500000000000003 2.1715384615384621 9.8850000000000033 17.775000000000002 3.5000000000000004 3.9500000000000006 3.1000000000000005 5.4000000000000012 2.5000000000000004 2.5000000000000004 13.180000000000001 16.210000000000004
decision_type=2 2 2 2 2 2 2 2 2 2 2 2 2 2 2 2 2 2 2 2 2 2 2 2 2 2 2 2 2 2 2 2 2 2 2 2 2 2 2 2 2 2 2 2
left_child=1 4 11 9 24 15 10 8 16 17 -7 -2 14 -14 22 32 39 38 20 -19 33 -10 -13 29 36 -26 -18 -8 37 35 -15 -32 -6 -17 -21 -9 -1 -22 -3 -5 -34 -33 -38 -36
right_child=2 3 -4 7 5 6 27 23 21 -11 -12 12 13 30 -16 18 26 19 -20 34 28 -23 -24 -25 25 -27 -28 -29 -30 -31 31 41 40 -35 43 -37 42 -39 -40 -41 -42 -43 -44 -45
leaf_value=0.057374906597964515 0.044791573374809462 0.058320361116265838 0.027873741035457637 0.058607499188192996 0.05801490655476018 0.081349100739071159 0.066896857822159622 0.062384430389374711 0.067614906510056694 0.065690058279467181 0.094424370289476672 0.054174906610788547 0.026211374224785831 0.051074735849441728 0.061222525564743155 0.066746335206342808 0.06273490673536225 0.04795268452102109 0.062205675851186221 0.055896118944891604 0.070403478485543319 0.074422525961539782 0.048862737426028105 0.051689436670980499 0.067981358157037111 0.060595959236093323 0.067793954255381011 0.072926126223584686 0.079838907074274268 0.054678610380498878 0.050313368311296118 0.046508972686726636 0.062174906535634865 0.072238907050432399 0.053152684487990182 0.057708972521536624 0.061774906579283237 0.07562252586730768 0.055473831415483739 0.061362876606857256 0.066557515366563666 0.042704577360180379 0.058174906588436805 0.050643771304316673
leaf_weight=33 120 49.5 66 67.5 20 46.5 41 42 50 33 46.5 102 13.499999999999998 45 52.5 42 50 90 26 49.5 21 84 94.5 36 46.5 38 84 41 25 27 28 28 23 25 72 21 63 21 93 66.5 23 28 20 42
leaf_count=33 48 27 36 30 20 32 31 42 20 33 32 51 6 42 21 42 20 36 26 21 21 39 42 24 31 29 39 31 20 27 23 23 23 20 48 18 58 21 48 29 23 23 20 21
internal_value=0.0588858 0.0632973 0.0469804 0.0594773 0.0693749 0.0731086 0.079464 0.063768 0.0659212 0.0541966 0.0878867 0.0494458 0.0508723 0.0460279 0.0536448 0.0681873 0.0629406 0.0532388 0.0705574 0.0514266 0.0721779 0.0718824 0.0516202 0.0568982 0.0619076 0.0646601 0.0659062 0.0699115 0.07556 0.0589817 0.0481017 0.046509 0.0624416 0.0687958 0.0533388 0.0608259 0.0599025 0.073013 0.0564626 0.0599749 0.0643662 0.0446068 0.0609074 0.0522283
internal_weight=2136 1558.5 577.5 957 601.5 401 175 528 402 429 93 511.5 391.5 142.5 249 226 268 396 160 253.5 134 134 196.5 126 200.5 84.5 134 82 67 90 129 84 66 67 163.5 63 116 42 142.5 134 46 56 83 114
internal_count=1350 1035 315 522 513 342 126 288 177 234 64 279 231 117 114 216 118 201 150 126 124 59 93 111 171 60 59 62 62 87 111 69 66 62 90 60 111 42 75 59 46 46 78 69
is_linear=0
shrinkage=1


Tree=1
num_leaves=45
num_cat=0
split_feature=14 16 0 15 15 35 0 34 35 35 5 14 15 0 35 35 35 35 35 15 35 0 10 0 0 31 14 35 32 35 27 5 33 19 31 35 25 27 0 0 34 0 0 18
split_gain=14.8364 5.26563 4.78512 2.86765 1.60705 1.08763 1.11183 0.402815 0.381187 0.367455 0.361278 0.360149 0.314799 0.256463 0.712702 0.385238 0.235571 0.184906 0.155663 0.149635 0.228315 0.141998 0.132987 0.117166 0.0972929 0.0924862 0.0877376 0.0723917 0.057181 0.054865 0.0463329 0.0412906 0.0373373 0.0324097 0.0318164 0.0682486 0.157452 0.0825888 0.0217509 0.0153876 0.0141832 0.00864603 0.0049743 0.00357661
threshold=8.9200000000000017 6.0226923076923082 16.115000000000006 2.5457692307692312 2.4900000000000007 1.0000000180025095e-35 15.345000000000001 3.5000000000000004 1.0000000180025095e-35 1.0000000180025095e-35 9.9800000000000022 7.6950000000000012 2.9550000000000005 17.475000000000005 1.5000000000000002 1.5000000000000002 1.0000000180025095e-35 1.0000000180025095e-35 1.5000000000000002 2.1715384615384621 1.5000000000000002 14.515000000000002 7.8950000000000005 14.280000000000003 16.805000000000003 8.1000000000000014 7.4200000000000008 1.5000000000000002 17.100000000000005 1.5000000000000002 5.4000000000000012 10.065000000000003 1.9000000000000001 2.7000000000000006 14.900000000000002 1.5000000000000002 4.1000000000000005 4.1000000000000005 13.955000000000002 15.625000000000002 13.500000000000002 16.575000000000003 13.265000000000002 4.7000000000000002
decision_type=2 2 2 2 2 2 2 2 2 2 2 2 2 2 2 2 2 2 2 2 2 2 2 2 2 2 2 2 2 2 2 2 2 2 2 2 2 2 2 2 2 2 2 2
left_child=2 -2 4 8 7 39 25 29 10 26 -4 33 -11 14 16 -15 24 23 -8 20 42 -21 27 -9 41 -7 -5 -13 34 38 -28 -12 -22 -10 35 36 -14 -37 -1 43 -16 -3 -19 -6
right_child=1 13 3 9 5 6 18 17 11 12 31 22 28 15 40 -17 -18 19 -20 21 32 -23 -24 -25 -26 -27 30 -29 -30 -31 -32 -33 -34 -35 -36 37 -38 -39 -40 -41 -42 -43 -44 -45
leaf_value=0.0049704713777949409 -0.032219142374215706 -0.0061812170914241253 0.0089114621592064711 -0.0041742888310303287 0.0053313845608915604 0.027804632988714037 0.010168897925001202 0.0075267457766219591 -0.0030849324773859093 0.0014053262034973142 -0.00011200048029422761 -0.0066551040123320297 0.0079780272212589074 -0.0091096658176845983 -0.013494337218148368 0.00016921786112444743 -0.0042100419476628305 0.012008791934876216 0.015695219991743104 0.015541705570131955 0.00089534083876060318 0.0085741839025360658 -0.0043193808705718432 0.0011976997947527304 -0.013294051051139833 0.021803316758531661 0.0034404152072966101 -0.010058436844083998 0.0090151680516148067 -0.0009458291767673059 -0.00061839251779019836 -0.0046498038021452496 0.0055143885571686995 -0.00045547141659039038 0.0079219319450634495 0.0045640179741950259 0.0015915218194325765 0.0087011108738680679 0.0019514236510509537 0.0034173995750911889 -0.012053920380274455 -0.0084768567908377872 0.010322832837700843 0.0068078760603176693
leaf_weight=24 66 21 24 24 21 42 66 39 67.5 94.5 21 72 42 63 105 52.5 144 21 64.5 36 24 39 67.5 36 30 27 36 90 54 33 36 33 21 54 54 52.5 60 75 42 21 75 21 24 21
leaf_count=24 36 21 24 24 21 36 33 39 30 42 21 36 21 42 42 21 72 21 33 36 24 24 30 36 30 24 36 36 24 33 36 33 21 24 24 21 30 30 42 21 30 21 24 21
internal_value=3.96008e-12 -0.0109529 0.0040586 0.000544248 0.00965001 0.0143492 0.017243 0.00601126 -0.00431406 0.00449163 0.00074461 -0.00543821 0.0054865 -0.00820892 -0.00917635 -0.00489199 -0.00607818 0.00778241 0.0129003 0.0092795 0.00708026 0.0119186 -0.00730277 0.0044888 -0.00981446 0.0254563 1.46863e-05 -0.00854584 0.00662923 0.00171756 0.00141101 -0.0028851 0.0030509 -0.00191628 0.00617477 0.00576367 0.00422126 0.0069976 0.00304926 0.00518555 -0.0128942 -0.00732904 0.0111096 0.00606963
internal_weight=2136 577.5 1558.5 957 601.5 262.5 199.5 339 429 528 78 351 432 511.5 396 115.5 216 240 130.5 165 90 75 229.5 75 72 69 96 162 337.5 99 72 54 45 121.5 283.5 229.5 102 127.5 66 63 180 42 45 42
internal_count=1350 315 1035 522 513 189 126 324 234 288 78 156 192 279 216 63 144 225 66 150 90 60 102 75 72 60 96 72 150 99 72 54 45 54 126 102 51 51 66 63 72 42 45 42
is_linear=0
shrinkage=0.08


Tree=2
num_leaves=45
num_cat=0
split_feature=14 16 12 1 36 22 37 37 36 37 37 36 34 37 14 37 36 36 1 1 21 37 14 35 21 22 37 16 35 17 37 18 33 16 35 36 36 37 37 22 21 36 37 1
split_gain=12.5659 7.4114 4.24184 2.40674 2.29051 1.32741 1.88414 1.11821 0.898076 0.572567 0.571166 0.505774 0.397236 0.369691 0.328978 0.305357 0.294591 0.291763 0.286066 0.258187 0.229955 0.112398 0.107872 0.107386 0.105772 0.0962821 0.139304 0.085688 0.172903 0.0812706 0.0667867 0.049448 0.04669 0.0450932 0.0841848 0.0443194 0.0441542 0.0351526 0.0363398 0.0351058 0.032342 0.0292118 0.025764 0.0245125
threshold=9.0050000000000008 6.0226923076923082 7.3250000000000011 16.860000000000003 1.5000000000000002 53.300000000000004 9.4550000000000018 11.974615384615387 2.5000000000000004 9.6700000000000017 16.210000000000004 2.5000000000000004 3.5000000000000004 9.9200000000000017 7.7550000000000008 13.645000000000001 2.5000000000000004 1.5000000000000002 17.860000000000003 17.545000000000005 0.50000000000000011 16.895000000000003 9.9550000000000018 1.5000000000000002 0.50000000000000011 53.300000000000004 9.6200000000000028 6.8650000000000011 1.5000000000000002 3.0000000000000004 3.0500000000000003 12.900000000000002 3.1000000000000005 6.8650000000000011 1.5000000000000002 1.5000000000000002 2.5000000000000004 7.8650000000000011 10.025 14.300000000000002 0.50000000000000011 2.5000000000000004 10.105000000000002 17.590000000000003
decision_type=2 2 2 2 2 2 2 2 2 2 2 2 2 2 2 2 2 2 2 2 2 2 2 2 2 2 2 2 2 2 2 2 2 2 2 2 2 2 2 2 2 2 2 2
left_child=2 -2 4 10 25 12 11 8 17 -3 14 -7 30 19 32 16 33 40 29 22 -10 36 -11 42 -19 39 -27 -18 -29 35 -6 -8 -4 -14 -35 -9 -15 -34 -39 -1 -5 -32 -16 -37
right_child=1 9 3 7 5 6 31 18 20 13 -12 -13 15 21 23 -17 27 24 -20 -21 -22 -23 -24 -25 -26 26 -28 28 -30 -31 41 -33 37 34 -36 43 -38 38 -40 -41 -42 -43 -44 -45
leaf_value=-0.0010654329205197948 -0.04000526397366716 -0.012158172130584717 -0.00040936110973960224 0.0022837038385741253 -0.00072552627976983782 0.018912962546053621 0.0049145366256642675 -0.00091787405989386824 0.016140920253510171 -0.0039300880463499768 0.005845853732616613 0.03046643162511059 0.011015071581911158 -0.0063124457133166938 -0.0061618143778580884 0.0030614925443660469 0.018574059451067892 0.0091179900981010285 -0.0067780225932667108 0.0012487123266916084 0.0090309896695068455 -0.012183961520592373 -0.0082706914786939267 -0.0088762912750244144 0.0042959756905736482 0.006596286072589384 -0.0003605284704023908 0.016737768418259091 0.008127688344056699 -0.0037000321774255662 0.0027959626410966332 0.0094930281088902412 -0.0050995761321650616 0.0095842446221245658 0.0035763380968687579 0.0053680226676674049 -0.0098433210218653953 -0.00027533604791670136 -0.0037704840964741179 0.0015656922341269605 -0.00038271012035384167 0.0068279627548611692 -0.0034952411484537706 0.0015915414911102166
leaf_weight=52.5 49.5 127.5 49.5 47 20 48.5 36 22 47 114 33 48.5 27 68 78 32 27 47 54 49.5 76.5 48 54 112.5 76.5 50.5 29 36 25.5 21 23 26 45 36 25.5 22 34 33 45 85 76.5 23 33 22
leaf_count=45 27 51 27 20 20 37 30 20 20 57 33 37 14 46 39 32 14 20 36 21 34 48 24 45 34 38 25 33 21 21 23 22 18 33 21 22 23 15 30 72 34 23 27 18
internal_value=1.12269e-11 -0.0104904 0.00358908 0.000152903 0.00855331 0.0119088 0.0177273 0.00385912 0.00616664 -0.00753889 -0.00426605 0.0246897 0.00854458 -0.00593629 -0.00510871 0.0102532 0.0115534 0.00338156 -0.00220423 -0.00382913 0.0117368 -0.00899166 -0.00532528 -0.00713444 0.00613107 0.00184242 0.00405858 0.0148171 0.0131677 0.000634672 0.00313394 0.00683455 -0.00248407 0.00828968 0.00709316 0.0020139 -0.0074894 -0.00331901 -0.00229177 0.000561081 0.000632039 0.00481196 -0.00536905 0.00347978
internal_weight=2136 544.5 1591.5 940.5 651 434 159 511.5 370.5 495 429 97 275 367.5 396 209 177 247 141 217.5 123.5 150 168 223.5 123.5 217 79.5 88.5 61.5 87 66 62 172.5 88.5 61.5 66 102 123 78 137.5 123.5 46 111 44
internal_count=1350 297 1053 513 540 360 126 279 162 270 234 74 234 219 201 168 136 108 117 102 54 117 81 111 54 180 63 68 54 81 66 52 90 68 54 60 69 63 45 117 54 46 66 40
is_linear=0
shrinkage=0.08


Tree=3
num_leaves=45
num_cat=0
split_feature=14 16 12 15 22 35 0 0 34 35 5 35 14 0 35 35 35 35 10 15 16 35 0 0 31 35 32 16 32 35 14 5 16 35 35 35 0 27 0 22 17 34 34 31
split_gain=10.6379 3.76241 3.43187 1.94973 1.06146 0.948934 0.569523 0.358542 0.321004 0.294609 0.32021 0.248924 0.246237 0.185678 0.529851 0.28961 0.17571 0.174998 0.153468 0.127606 0.106092 0.249547 0.0816834 0.0703868 0.0684407 0.0646185 0.121969 0.0807549 0.0544153 0.0525568 0.051988 0.0504065 0.050015 0.0479121 0.0399012 0.0376105 0.02294 0.0190057 0.0184099 0.0161385 0.0147702 0.0117865 0.00890896 0.0076644
threshold=8.9200000000000017 6.0226923076923082 7.3250000000000011 2.6600000000000006 53.300000000000004 1.0000000180025095e-35 15.825000000000001 14.695000000000002 3.5000000000000004 1.0000000180025095e-35 9.9550000000000018 1.0000000180025095e-35 7.6950000000000012 17.475000000000005 1.5000000000000002 1.5000000000000002 1.0000000180025095e-35 1.0000000180025095e-35 7.8950000000000005 3.035000000000001 6.8650000000000011 1.5000000000000002 14.280000000000003 16.805000000000003 11.4 1.5000000000000002 8.4000000000000004 6.1050000000000013 2.5000000000000004 1.5000000000000002 7.455000000000001 10.045000000000002 6.8650000000000011 1.5000000000000002 1.5000000000000002 1.5000000000000002 17.775000000000002 4.1000000000000005 13.955000000000002 65.700000000000017 2.5000000000000004 13.500000000000002 21.500000000000007 5.5000000000000009
decision_type=2 2 2 2 2 2 2 2 2 2 2 2 2 2 2 2 2 2 2 2 2 2 2 2 2 2 2 2 2 2 2 2 2 2 2 2 2 2 2 2 2 2 2 2
left_child=2 -2 4 9 8 39 7 -7 34 10 -4 30 35 14 16 -15 23 22 29 -13 33 42 -10 -3 -9 26 -21 -27 40 -14 -5 -12 -24 -19 38 -11 -32 -29 -1 -6 -23 -16 -22 -41
right_child=1 13 3 11 5 6 -8 24 17 12 31 19 18 15 41 -17 -18 20 -20 25 21 28 32 -25 -26 27 -28 37 -30 -31 36 -33 -34 -35 -36 -37 -38 -39 -40 43 -42 -43 -44 -45
leaf_value=0.0043446069645384951 -0.027250816198912533 -0.0062197629539739521 0.0087110413717649254 -0.0034040295829375583 0.0018842721153937635 0.012224904462281201 0.009376211306977052 0.024087577857786702 0.0062223677432689918 -0.00010419920117904743 0.00093732470912592748 0.0017849246556008304 -0.0056689937309258509 -0.0077897043644435827 -0.011530993200483777 0.00025551172523271469 -0.0034935176869233448 0.0082643873209045059 -0.003015191122705554 0.0020991013297397229 0.0092310884810156285 0.0037919934393305867 0.0040714178314166412 -0.011293366571267447 0.019084603339433671 0.0090350372244914368 0.0069829203762734925 0.0042795892230102 0.0010042995707118425 -0.0085688367817136988 0.0024980503951923718 -0.0039241375277439755 -0.0012746072583831847 0.012158408195544512 -0.00082990502712853025 -0.0027914299199978511 -0.00069499454810284078 0.0064322092575686317 0.0015670832020363637 0.0056811479816124555 0.006792455116464269 -0.010217908382415772 0.01106924154692226 0.0035197517750341269
leaf_weight=24 66 42 24 21 21 36 67.5 42 39 60 21 67.5 72 63 105 52.5 144 42 81 72 45 21 21 30 30 60 60 52.5 34.5 90 36 39 24 39 33 75 24 52.5 42 21 21 75 27 21
leaf_count=24 36 42 24 21 21 36 30 36 39 30 21 30 36 42 42 21 72 21 36 36 45 21 21 30 24 24 30 21 21 36 36 39 24 21 33 30 24 21 42 21 21 30 18 21
internal_value=-3.38367e-11 -0.00927461 0.00343669 0.000257118 0.00786905 0.0121174 0.0151408 0.0187436 0.00541274 -0.00338419 0.000901279 0.00403329 -0.00433651 -0.0069551 -0.00777827 -0.00413279 -0.00510693 0.00666684 -0.00585841 0.00492473 0.00781034 0.00654 0.00354264 -0.00833376 0.022003 0.00563832 0.00431902 0.00669377 0.00335845 -0.00728002 2.17941e-05 -0.00222263 0.0012202 0.0101393 0.00144143 -0.00159711 0.00122083 0.0053559 0.00257709 0.00369506 0.00529222 -0.0109839 0.0099204 0.00460045
internal_weight=2136 577.5 1558.5 907.5 651 238.5 175.5 108 412.5 462 84 445.5 378 511.5 396 115.5 216 313.5 243 364.5 229.5 148.5 84 72 72 297 132 165 76.5 162 81 60 45 81 99 135 60 105 66 63 42 180 72 42
internal_count=1350 315 1035 495 540 189 126 96 351 252 84 243 168 279 216 63 144 252 108 162 168 126 84 72 60 132 66 66 63 72 81 60 45 42 99 60 60 42 66 63 42 72 63 42
is_linear=0
shrinkage=0.08


Tree=4
num_leaves=45
num_cat=0
split_feature=14 16 0 36 0 0 35 36 36 0 15 35 14 35 35 15 36 0 36 35 35 10 18 8 15 36 36 0 35 14 0 18 0 36 35 0 0 18 15 0 35 36 24 35
split_gain=9.14118 5.60945 3.014 1.8954 1.77494 0.814254 0.67467 0.660968 0.631302 0.479849 0.350186 0.287427 0.273049 0.333625 0.270553 0.241262 0.215282 0.214872 0.188656 0.123925 0.161866 0.120288 0.101694 0.0764654 0.0731524 0.072075 0.0607873 0.0572972 0.137837 0.0553043 0.0523175 0.0515003 0.030913 0.0227507 0.0207026 0.0187313 0.0151476 0.0129877 0.0116372 0.0115403 0.0147675 0.0102501 0.00799341 0.0114603
threshold=9.0050000000000008 6.0226923076923082 16.085000000000004 2.5000000000000004 16.960000000000004 14.390000000000002 1.0000000180025095e-35 1.5000000000000002 1.5000000000000002 15.345000000000001 2.2450000000000001 1.0000000180025095e-35 7.7300000000000013 1.0000000180025095e-35 1.0000000180025095e-35 2.9550000000000005 2.5000000000000004 15.4 2.5000000000000004 1.5000000000000002 1.0000000180025095e-35 7.8650000000000011 0.50000000000000011 9.8750000000000018 2.5050000000000003 2.5000000000000004 1.5000000000000002 17.475000000000005 1.5000000000000002 7.455000000000001 17.775000000000002 0.50000000000000011 15.475000000000001 1.5000000000000002 1.5000000000000002 13.955000000000002 13.955000000000002 0.50000000000000011 3.1250000000000004 17.400000000000002 1.5000000000000002 2.5000000000000004 3.4000000000000004 1.5000000000000002
decision_type=2 2 2 2 2 2 2 2 2 2 2 2 2 2 2 2 2 2 2 2 2 2 2 2 2 2 2 2 2 2 2 2 2 2 2 2 2 2 2 2 2 2 2 2
left_child=2 -2 3 8 12 22 -7 42 24 -8 31 -12 23 21 29 -16 38 -13 26 20 -20 -14 35 -4 37 33 39 28 -28 -9 -31 36 -26 -15 -18 -5 -10 -1 -17 40 -3 -25 -6 -44
right_child=1 18 4 5 7 6 9 14 10 -11 11 17 13 25 15 16 34 -19 19 -21 -22 -23 -24 41 32 -27 27 -29 -30 30 -32 -33 -34 -35 -36 -37 -38 -39 -40 -41 -42 -43 43 -45
leaf_value=-0.0012735261681622691 -0.034624777349991483 -0.0037861508176182256 0.0017071427498953511 0.0070309383200392837 -0.0011908694642073841 0.0078263967218143611 0.029310653997319087 -0.0027564149033278231 0.0034380691090510006 0.016993037958939871 0.0034691073673848924 0.017966256536105101 0.0045596470359574861 -0.0043068684927291337 0.0026128855789149248 0.0061479011178016667 0.0089658217430114758 0.0095397445129023657 -0.011384921232859294 -0.010990013090769451 -0.0041879056692123414 -0.0035132805435430436 0.010908551747145664 -0.002478324915070764 0.004653642823870637 -0.0084124240155021342 -0.0047728071739708165 -0.0036587626651510014 -0.010076265853384267 0.0046802119065362672 -0.00062052551826292815 0.0057547223529157542 0.0015777545339197561 -0.0063179795940717064 0.011149827642440794 0.0036520098717439742 0.00039951126845110029 0.00051323975171268426 0.0045087564866694192 -0.003079998753964901 -0.0055610885403373023 -0.00098287041722373522 -0.00080710734268932629 0.00075649574297395616
leaf_weight=42 49.5 66 49.5 21 66 28 35 20 21 48 26 34 27 72 81 49.5 50 45 30 75 60 21 42 88 38 72 69 38.5 57.5 26 22 48 46.5 72 62.5 21 21 68.5 63 44 55 44 66 55
leaf_count=42 27 44 27 21 36 28 32 20 21 24 26 30 27 32 36 22 25 22 30 30 30 21 42 48 33 32 46 21 23 26 22 48 27 32 25 21 21 66 28 24 22 24 44 22
internal_value=-4.98144e-12 -0.00894736 0.00306116 0.0076277 0.000406986 0.0140676 0.0185647 0.00340075 0.00440776 0.0221872 0.00762643 0.0107651 -0.00336293 -0.00500512 0.00534245 0.00635677 0.00770457 0.0131663 -0.00637962 -0.00858832 -0.00658691 0.00102774 0.00812501 -0.000974299 0.00118909 -0.00634576 -0.00527526 -0.00636104 -0.00718347 0.000778024 0.00225071 0.00396462 0.00296099 -0.00531242 0.0101792 0.00534147 0.00191879 -0.000165893 0.00522998 -0.00418949 -0.00459294 -0.00197984 -0.00048267 -9.63787e-05
internal_weight=2136 544.5 1591.5 585 1006.5 195 111 561 390 83 195 105 445.5 264 374 306 225 79 495 165 90 48 84 181.5 195 216 330 165 126.5 68 48 90 84.5 144 112.5 42 42 110.5 112.5 165 121 132 187 121
internal_count=1350 297 1053 504 549 168 84 306 336 56 168 78 243 144 204 136 100 52 270 90 60 48 84 99 168 96 180 90 69 68 48 90 60 64 50 42 42 108 50 90 66 72 102 66
is_linear=0
shrinkage=0.08


Tree=5
num_leaves=45
num_cat=0
split_feature=14 16 1 36 1 37 36 1 37 36 37 37 4 1 37 37 37 36 37 1 6 31 37 37 37 37 36 37 14 31 37 14 34 37 37 14 37 22 20 4 18 32 20 37
split_gain=7.73709 4.74784 2.55105 1.60427 1.50231 0.851862 0.731825 0.689184 0.935652 0.534334 0.372729 0.344316 0.298656 0.294239 0.403412 0.269622 0.239316 0.254012 0.203436 0.201859 0.200532 0.18031 0.158773 0.128751 0.112512 0.105736 0.0873441 0.0901364 0.0788155 0.0698383 0.0679254 0.0673399 0.0615082 0.0873619 0.0598404 0.0478031 0.0470064 0.0353682 0.0352034 0.0340173 0.018901 0.0181608 0.0166854 0.0154319
threshold=9.0050000000000008 6.0226923076923082 16.050000000000004 2.5000000000000004 16.860000000000003 11.974615384615387 2.5000000000000004 14.365000000000002 8.8800000000000008 1.5000000000000002 9.6700000000000017 16.210000000000004 16.140000000000004 14.390000000000002 8.8800000000000008 9.9200000000000017 7.5750000000000002 1.5000000000000002 8.2800000000000011 17.545000000000005 12.049615384615388 4.2000000000000011 7.8800000000000008 3.0500000000000003 4.8450000000000006 10.435000000000002 1.5000000000000002 16.895000000000003 7.7750000000000012 4.2000000000000011 10.025 9.9550000000000018 26.700000000000006 9.0050000000000008 3.0500000000000003 7.4200000000000008 13.350000000000003 6.8000000000000007 1.7000000000000004 17.355000000000004 2.1000000000000005 8.4000000000000004 0.90000000000000013 3.1100000000000008
decision_type=2 2 2 2 2 2 2 2 2 2 2 2 2 2 2 2 2 2 2 2 2 2 2 2 2 2 2 2 2 2 2 2 2 2 2 2 2 2 2 2 2 2 2 2
left_child=2 -2 3 9 11 6 16 23 21 32 -3 12 30 34 29 19 -6 -18 -8 31 35 -9 -14 -5 -25 -20 -17 -28 -24 -15 -4 -12 43 -34 -11 -7 40 -26 -19 -37 -36 -41 -30 -1
right_child=1 10 4 7 5 20 18 8 -10 13 15 -13 22 14 -16 26 17 38 25 -21 -22 -23 28 24 37 -27 27 -29 42 -31 -32 -33 33 -35 36 39 -38 -39 -40 41 -42 -43 -44 -45
leaf_value=-0.0020008900225162505 -0.031854796776867873 -0.0095962304601482327 0.00092494498102519752 0.0023743476364356669 -0.002379303600639105 -0.0032525160536170006 0.005719557082653046 0.028691995998598493 0.0089667893618345269 5.4047711436515269e-05 -0.0029972743935752335 0.0047693037336240659 -0.0078071961769690884 0.017309346896297526 0.0044403291143933123 -0.0044554195642471312 0.0010480015422841202 0.0075768359443720646 0.01469599003487445 0.0017131968921596053 -0.0064996596405075659 0.019917282980421315 -0.00069612543708012428 0.014317499250173569 0.0047055305930830188 0.0090999392718076715 -0.0069029137974276266 -0.012051769495010377 -0.0054995143082406783 0.011775869758083271 -0.0027660950359508947 -0.0064267800913916694 0.0046657756626330036 -0.00026696347258985044 0.0046101227012418566 0.0031310527192221749 0.0017092625592790901 0.0094062440618872655 0.0046727435783991082 -0.001517085051164031 0.0079655355968597259 0.0014923689372482755 -0.0037634608217261057 0.00029041996985477834
leaf_weight=25 49.5 127.5 78 23 50 24 50 26.5 50 23 114 33 97.5 26.5 49 50 112 68 47 49.5 45 34.5 40.5 20 21 40 68 32 76.5 32.5 54 54 54 40 21 27 21 20 44 33 22 21 66 76
leaf_count=25 27 51 33 23 20 24 20 20 39 23 57 33 39 20 38 39 50 30 20 21 30 25 21 20 21 20 46 32 39 23 39 24 40 32 21 27 21 20 20 27 22 18 39 71
internal_value=-3.90961e-11 -0.00823157 0.00281627 0.00701749 0.000374427 0.00312869 0.00501198 0.0129422 0.0170795 0.00405514 -0.00586925 -0.0030939 -0.00372296 0.00701632 0.00980546 -0.00457621 0.00262495 0.00374197 0.00978604 -0.0027767 -0.00203154 0.0237292 -0.00519963 0.00747501 0.00939821 0.0121231 -0.0071855 -0.00855055 -0.00381035 0.0142612 -0.000585026 -0.00409962 0.00109396 0.00256674 0.00355393 -0.000116629 0.0048117 0.00699856 0.00643594 0.000812523 0.00632685 -0.000346742 -0.00469545 -0.000276736
internal_weight=2136 544.5 1591.5 585 1006.5 561 411 195 111 390 495 445.5 412.5 195 108 367.5 274 224 137 217.5 150 61 280.5 84 61 87 150 100 183 59 132 168 195 94 87 105 64 41 112 81 43 54 142.5 101
internal_count=1350 297 1053 504 549 306 180 168 84 336 270 243 210 168 81 219 120 100 60 102 126 45 138 84 61 40 117 78 99 43 72 81 168 72 87 96 64 41 50 72 43 45 78 96
is_linear=0
shrinkage=0.08


Tree=6
num_leaves=45
num_cat=0
split_feature=14 16 12 0 37 22 22 37 37 37 37 37 34 37 37 37 14 7 21 0 37 37 37 7 22 37 37 19 37 37 0 37 34 0 0 15 35 37 30 30 37 10 18 35
split_gain=6.54868 4.01857 2.17422 1.25552 0.754248 0.666189 0.402598 0.582014 0.369652 0.329994 0.315478 0.269641 0.235154 0.232771 0.23108 0.184683 0.224805 0.157902 0.138722 0.12964 0.096821 0.0892412 0.0860038 0.0823844 0.0698126 0.0692283 0.0759642 0.0688719 0.0596033 0.0555997 0.0848239 0.064489 0.0441172 0.0417079 0.0336501 0.0322554 0.0317438 0.0306601 0.0272343 0.0254707 0.0224392 0.0173957 0.0169586 0.0153227
threshold=9.0050000000000008 6.0226923076923082 7.3450000000000015 17.070000000000004 11.974615384615387 89.40000000000002 17.800000000000008 9.6200000000000028 16.295000000000005 4.1100000000000003 9.6700000000000017 8.5250000000000004 54.70000000000001 7.5750000000000002 9.8250000000000011 7.6650000000000009 7.7750000000000012 12.083846153846155 0.50000000000000011 17.400000000000002 10.875000000000002 3.1100000000000008 16.895000000000003 9.9050000000000029 63.400000000000013 3.0500000000000003 14.110000000000001 5.6000000000000005 10.105000000000002 10.115 17.220000000000002 5.0400000000000009 13.700000000000005 14.310000000000002 17.845000000000002 2.4900000000000007 1.5000000000000002 17.400000000000002 0.3000000000000001 6.0000000000000009 10.065000000000003 9.8250000000000011 6.4000000000000012 1.5000000000000002
decision_type=2 2 2 2 2 2 2 2 2 2 2 2 2 2 2 2 2 2 2 2 2 2 2 2 2 2 2 2 2 2 2 2 2 2 2 2 2 2 2 2 2 2 2 2
left_child=2 -2 5 8 13 6 25 9 15 21 -3 -7 24 -5 19 -4 23 37 34 38 -20 -8 32 -17 42 -1 29 -23 43 31 -31 -27 -16 -9 -15 -35 -34 39 -12 -6 -25 -24 -11 -18
right_child=1 10 3 4 17 11 7 33 -10 12 14 -13 -14 18 22 16 28 -19 20 -21 -22 27 41 40 -26 26 -28 -29 -30 30 -32 -33 36 35 -36 -37 -38 -39 -40 -41 -42 -43 -44 -45
leaf_value=-0.00064166507994135218 -0.029306411524162149 -0.0088285321067361269 -0.007703118662039439 -0.0010345154523849487 -9.7532195349534347e-05 0.019098227019562868 0.0011004846400270859 0.0052274278153975808 0.0055976090257366497 0.0096050748406421565 -0.0049881345828374233 0.0075020898133516317 0.017197635168830553 0.0064320682635416798 -0.0072891306466069715 0.0024186553217378664 -0.0045980957512963671 -0.0066803919958571588 0.0056369644559989794 0.0017630586570795673 0.0017373419541752699 0.0093350864477731565 -0.0076344419519106541 -0.00082299174622018289 0.012779735317735961 0.0055050248385717475 -0.00076093326546941651 0.0032265076001307797 -0.0019509000450563738 0.0030399269629269839 0.0094207961546878011 0.00083058512240063911 -0.0054768723833794686 0.00021394845812271039 0.0089853844940662383 0.0029915785345612234 -0.0024107450162370999 0.0011467446994391226 -0.0026254797215555232 -0.0034844523544112845 -0.003025927565553609 -0.010680372416973114 0.0077800537162908802 -0.0061951835155487061
leaf_weight=39 49.5 127.5 60 37.5 30 33 30 30 30 63 45 21 30 73.5 43.5 40.5 72 36 106.5 40.5 66 27 24 70.5 33 30 27 21 39 30 24 51 51 45 60 66 37.5 42 102 27 51 24 67.5 82.5
leaf_count=39 27 51 24 15 24 27 30 30 30 42 21 18 30 33 30 21 36 24 45 18 33 27 24 30 21 30 27 21 33 30 12 33 36 39 24 57 15 42 51 21 36 24 36 33
internal_value=5.65154e-12 -0.00757304 0.00259097 7.77628e-05 0.0029232 0.00606992 0.0053201 0.00675066 -0.00297844 0.00891621 -0.00539971 0.0145886 0.010687 0.00491437 -0.00421012 -0.00359765 -0.00290475 -0.00214324 0.0056434 -0.00224459 0.00414493 0.00452331 -0.00625753 -0.000706097 0.00949238 0.00238427 0.00311273 0.00666258 -0.00474548 0.00388746 0.00587587 0.00256186 -0.00520303 0.00258081 0.00757963 0.00186551 -0.00417767 -0.000493363 -0.00334874 -0.00170186 -0.00174768 -0.00915741 0.0086611 -0.00545091
internal_weight=2136 544.5 1591.5 924 478.5 667.5 613.5 412.5 445.5 271.5 495 54 193.5 343.5 367.5 415.5 355.5 135 306 187.5 172.5 78 180 162 163.5 201 162 48 193.5 135 54 81 132 141 133.5 111 88.5 99 147 57 121.5 48 130.5 154.5
internal_count=1350 297 1053 504 261 549 504 333 243 207 270 45 129 150 219 213 189 111 135 90 78 78 129 87 99 171 132 48 102 105 42 63 81 126 57 96 51 87 72 45 66 48 78 69
is_linear=0
shrinkage=0.08


Tree=7
num_leaves=45
num_cat=0
split_feature=14 16 12 36 0 22 37 37 36 22 37 36 37 37 36 37 16 0 4 0 15 37 36 15 22 0 37 36 22 15 36 28 22 37 20 37 30 36 17 37 37 15 35 0
split_gain=5.5428 3.40132 1.84026 1.40585 1.06919 0.624839 0.500861 0.561276 0.610734 0.379527 0.551454 0.317715 0.26702 0.223555 0.197921 0.195586 0.172162 0.171096 0.157488 0.109727 0.0999172 0.0810386 0.0746328 0.0728402 0.0720173 0.0574848 0.054346 0.0488666 0.0468601 0.0449782 0.0419089 0.0379017 0.0366585 0.0300256 0.026244 0.0254762 0.0230511 0.0200622 0.0172066 0.0236616 0.0159593 0.0125469 0.0121167 0.0116089
threshold=9.0050000000000008 6.0226923076923082 7.3450000000000015 1.5000000000000002 16.860000000000003 89.40000000000002 11.974615384615387 7.4800000000000013 2.5000000000000004 17.800000000000008 9.6200000000000028 2.5000000000000004 9.6700000000000017 16.210000000000004 1.5000000000000002 9.8250000000000011 8.7550000000000026 17.890000000000004 16.140000000000004 17.400000000000002 3.1250000000000004 7.8800000000000008 2.5000000000000004 2.2450000000000001 2.7000000000000006 15.625000000000002 16.685000000000006 2.5000000000000004 15.500000000000002 3.1250000000000004 2.5000000000000004 56.600000000000001 71.40000000000002 10.025 0.90000000000000013 16.625000000000004 0.3000000000000001 1.5000000000000002 2.5000000000000004 9.4050000000000029 4.8450000000000006 3.1650000000000005 1.5000000000000002 15.555000000000001
decision_type=2 2 2 2 2 2 2 2 2 2 2 2 2 2 2 2 2 2 2 2 2 2 2 2 2 2 2 2 2 2 2 2 2 2 2 2 2 2 2 2 2 2 2 2
left_child=2 -2 3 32 13 9 7 -6 14 24 11 23 -3 18 41 19 25 28 33 36 -10 -20 35 -11 40 -13 -24 -26 31 -16 -12 -8 38 -4 -23 -17 -14 -37 42 -40 -5 -9 -1 -32
right_child=1 12 4 5 6 -7 17 8 20 10 30 16 15 -15 29 22 -18 -19 21 -21 -22 34 26 -25 27 -27 -28 -29 -30 -31 43 -33 -34 -35 -36 37 -38 -39 39 -41 -42 -43 -44 -45
leaf_value=-0.00021024869951218658 -0.026961898598255533 -0.008122249463025262 0.00013468455032322759 -0.00025064231432043017 -0.0052190695603688553 0.018284664865997103 0.0033738301629916978 0.00099565290639557955 0.012576906397791193 0.0049990489420791472 0.0023318484033695718 0.019402938325040264 -0.0045890837841563751 0.0036912484889229141 0.0068333501508920508 -0.0037181382317488135 0.0094298162325643572 -0.0050798380350763053 -0.0065025877621438764 0.0016220139831672482 0.0077568943835487052 -0.0046707368516697998 -0.0063581876843236389 0.0098203183919930263 0.0033464474277570843 0.014619314865987809 -0.011465641260147095 0.0073008507340055076 -0.0021148365715311637 0.0035994319556173215 0.0067923359124472853 -0.00084170878554383922 0.0029443701867374683 -0.0024628527871533939 -0.0027043094340507964 -0.0044287613982504064 -0.0024154413681404265 -0.0078452755917202341 0.0015611968555108266 -0.0007915714614817103 0.0025973552355871483 -0.00073672172758314355 -0.0023061128126250375 0.0042493916666135187
leaf_weight=51 49.5 127.5 64.5 20 37.5 36 39 66 50.5 30 47 34 45 30 50.5 76 26 54 90 40.5 60.5 76.5 40 60.5 40 30.5 20 40 27 60.5 27 21 31 51 100.5 22 102 22 67.5 46 34 45 27 20
leaf_count=48 27 51 27 20 15 30 36 29 22 30 42 30 21 30 22 42 26 36 36 18 27 39 23 39 30 13 20 30 27 27 27 18 27 36 57 22 51 22 47 37 34 20 24 15
internal_value=9.51366e-12 -0.0069672 0.00238369 0.00558432 7.15418e-05 0.0081804 0.00251537 0.00405971 0.00510461 0.00729103 0.00899216 0.0115738 -0.00496773 -0.00295881 0.00268203 -0.00387331 0.0149256 -0.00154261 -0.00348038 -0.00206503 0.00994978 -0.00454804 -0.00575693 0.00822211 0.00379992 0.0171409 -0.00806067 0.00532365 0.000652907 0.00507072 0.00402104 0.00189839 0.000392163 -0.00101228 -0.00355421 -0.00460506 -0.00308084 -0.00613702 -2.09881e-05 0.000607652 0.00154254 0.000293339 -0.00093574 0.00571023
internal_weight=2136 544.5 1591.5 667.5 924 445 511.5 370.5 333 409 275 181 495 412.5 222 367.5 90.5 141 382.5 187.5 111 267 180 90.5 134 64.5 60 80 87 111 94 60 222.5 115.5 177 120 147 44 191.5 113.5 54 111 78 47
internal_count=1350 297 1053 549 504 366 279 162 147 336 222 138 270 225 98 219 69 117 195 90 49 132 129 69 114 43 43 60 81 49 84 54 183 63 96 86 72 44 156 84 54 49 72 42
is_linear=0
shrinkage=0.08


Tree=8
num_leaves=45
num_cat=0
split_feature=14 37 10 13 36 0 0 36 15 37 37 37 36 36 35 36 37 36 35 22 37 15 22 37 35 4 36 37 34 37 32 15 0 22 32 14 21 37 37 37 0 36 15 15
split_gain=4.69142 2.65353 8.23532 1.56771 1.19468 1.16708 0.945289 0.487013 0.444102 0.45449 0.408273 0.535936 0.530373 0.387789 0.328489 0.265526 0.200765 0.174255 0.158825 0.158113 0.280202 0.110315 0.0931925 0.10996 0.113959 0.0921014 0.0797234 0.0685911 0.0568777 0.0473916 0.0453411 0.0441065 0.0324649 0.0301995 0.0194914 0.0179784 0.0168502 0.018354 0.0167999 0.0165082 0.0140633 0.012041 0.0113283 0.0110825
threshold=9.0050000000000008 11.703076923076924 9.9550000000000018 7.3250000000000011 2.5000000000000004 17.630000000000006 16.860000000000003 2.5000000000000004 2.4900000000000007 8.7150000000000016 11.974615384615387 7.4800000000000013 1.5000000000000002 1.5000000000000002 1.5000000000000002 2.5000000000000004 16.210000000000004 2.5000000000000004 1.0000000180025095e-35 53.300000000000004 9.6200000000000028 3.1250000000000004 2.7000000000000006 7.6650000000000009 1.5000000000000002 16.140000000000004 1.5000000000000002 7.8800000000000008 3.5000000000000004 13.350000000000003 3.5000000000000004 3.1250000000000004 17.335000000000004 71.40000000000002 12.100000000000001 7.7750000000000012 2.5000000000000004 9.7050000000000018 3.7450000000000006 10.065000000000003 15.695000000000002 1.5000000000000002 3.1250000000000004 2.4650000000000012
decision_type=2 2 2 2 2 2 2 2 2 2 2 2 2 2 2 2 2 2 2 2 2 2 2 2 2 2 2 2 2 2 2 2 2 2 2 2 2 2 2 2 2 2 2 2
left_child=3 5 7 4 13 14 16 30 22 -10 11 -8 42 33 -2 26 25 31 32 28 -21 -19 -6 24 -24 39 -16 -27 -15 38 41 -14 -12 36 -34 -29 -1 43 -30 -5 -40 -3 -13 -38
right_child=1 2 -4 6 8 -7 10 -9 9 -11 18 12 17 19 15 -17 -18 21 -20 20 -22 -23 23 -25 -26 27 -28 35 29 -31 -32 -33 34 -35 -36 -37 37 -39 40 -41 -42 -43 -44 -45
leaf_value=-0.00077541495444386865 -0.0020509345094362895 -0.0038296817243099212 -0.058459959297130507 -0.00044056186942677744 0.002455192157412293 0.0072673070020973689 -0.0045658536608744827 -0.014348281930859496 0.019037147909402849 0.0084600715246051558 0.0033011050863812372 0.0010809239464888878 0.0063796827552515438 0.00061250682073560629 -0.0029245556998252868 -0.011331211261749267 0.0033959484554889059 0.011774690326200711 -0.0051151871308684352 0.011574846861681136 0.0017083190956377779 0.0067723831101360486 0.014052191948890687 0.0043995549687988137 0.0067388801451985884 -0.0059823807146814137 -0.0069652671527862557 -0.0016312570459600809 0.0032878220445391811 0.00098088281317835753 -0.0010572432779840061 0.0032166462079582054 0.00079541193414479493 0.0027088204603041371 -0.0018371291869940856 -0.0036665862060168333 0.00029101878068306381 -0.00072140802241240937 0.0069275494612438581 -0.0025307981075630304 0.0046053419770702483 -0.0062188960556630738 -0.00052208101265450828 0.0024108062125742435
leaf_weight=90.5 150 27 24 57 27 60 45 41 52 52 21 54.5 54.5 33 62.5 62.5 30 54.5 48 50.5 29 58.5 25 36.5 30 90 62.5 34.5 22 21 28 58.5 45 31 30 142.5 27 36 35.5 42 31.5 27 58.5 38
leaf_count=78 75 24 18 24 27 24 18 35 34 38 21 24 24 33 25 25 30 24 24 38 25 26 25 32 27 36 25 18 22 21 22 26 45 27 30 78 24 31 30 30 14 24 26 23
internal_value=1.56556e-11 -0.00640982 -0.0155934 0.00219299 0.00514713 -0.00301363 5.89203e-05 -0.00722922 0.00993349 0.0137486 0.00227491 0.00363718 0.00472608 0.00275395 -0.00484135 -0.00707368 -0.00289573 0.00696359 -0.00135782 0.00511555 0.00797574 0.009185 0.00658519 0.00780388 0.0100631 -0.00341144 -0.00494491 -0.0041842 0.00352545 0.00439934 -0.00366969 0.00474218 0.000520863 0.000392341 -0.000257605 -0.00326987 1.73494e-05 0.000727698 0.00520594 -0.00132733 0.00583577 -0.00502429 0.00025105 0.00153028
internal_weight=2136 544.5 147 1591.5 667.5 397.5 924 123 222.5 104 528 384 339 445 337.5 187.5 396 226 144 222.5 79.5 113 118.5 91.5 55 366 125 267 143 110 82 113 96 222.5 75 177 191.5 101 89 99 67 54 113 65
internal_count=1350 297 123 1053 549 174 504 105 183 72 288 168 150 366 150 75 216 100 120 183 63 50 111 84 52 186 50 132 120 87 70 50 96 183 75 96 156 78 66 54 44 48 50 47
is_linear=0
shrinkage=0.08


Tree=9
num_leaves=45
num_cat=0
split_feature=14 16 0 0 15 37 37 0 37 37 37 37 37 4 37 37 37 37 7 37 22 0 0 37 33 14 15 37 19 15 37 37 37 0 0 14 0 0 30 30 37 33 30 31
split_gain=3.97082 2.57337 1.33415 0.776084 0.519698 0.62237 0.507647 0.258957 0.244316 0.228365 0.202738 0.141151 0.152007 0.140931 0.128878 0.119116 0.114451 0.106496 0.10289 0.0961062 0.0774115 0.0770256 0.074361 0.0619138 0.0513451 0.0469874 0.0430422 0.0411262 0.0392281 0.0577356 0.0446611 0.0391548 0.0326284 0.0321136 0.0281668 0.0268193 0.0287708 0.0203787 0.0169844 0.0144842 0.00953526 0.0087707 0.00820805 0.00730416
threshold=9.0050000000000008 6.0226923076923082 16.085000000000004 17.070000000000004 2.5050000000000003 8.7150000000000016 11.974615384615387 15.4 7.5300000000000002 16.295000000000005 9.6700000000000017 3.0500000000000003 13.350000000000003 16.140000000000004 9.7850000000000019 9.8250000000000011 10.875000000000002 8.8450000000000006 12.083846153846155 6.8050000000000006 5.4000000000000012 16.625000000000004 17.400000000000002 9.6200000000000028 1.9000000000000001 9.9200000000000017 3.1550000000000007 7.8200000000000012 5.9000000000000012 2.1950000000000003 5.535000000000001 11.802307692307695 16.140000000000004 16.185000000000006 16.740000000000006 7.4400000000000004 17.860000000000003 14.110000000000001 0.3000000000000001 9.1000000000000014 10.025 12.100000000000001 6.9000000000000012 4.6000000000000005
decision_type=2 2 2 2 2 2 2 2 2 2 2 2 2 2 2 2 2 2 2 2 2 2 2 2 2 2 2 2 2 2 2 2 2 2 2 2 2 2 2 2 2 2 2 2
left_child=2 -2 4 9 11 7 8 19 -5 13 -3 24 20 27 33 22 17 -10 35 -6 -13 32 38 -7 -1 31 -18 -4 29 -22 -30 -17 -16 -15 -33 -8 41 -14 -12 -19 -29 -37 -25 -39
right_child=1 10 3 6 5 23 18 -9 16 -11 15 12 37 14 21 25 26 39 -20 -21 28 -23 -24 42 -26 -27 -28 40 30 -31 -32 34 -34 -35 -36 36 -38 43 -40 -41 -42 -43 -44 -45
leaf_value=-0.0018429103284660314 -0.023288740548822615 -0.0069065750837326049 0.0017912719885508218 -0.0009205134777973095 0.012150533900059986 0.0060556420094023148 -0.0027069093245599006 0.007988086505149438 0.003959953269537758 0.0045894207401822014 -0.003923942532804277 0.0016393659115684304 0.002449489352034612 -0.0036500936235700338 -0.0035970649649906491 -0.0017430502757430077 0.0042038050968022577 0.0064919737253974121 -0.0054353237335777113 0.0182560687715357 0.0057284933323389856 0.0016966772153973581 0.0012421835351873326 0.0029509977762656354 0.0027390587582097697 -0.0069638466595233171 0.00078911325721829032 -0.00041196687204510344 0.0019588875742974103 0.010371188276136915 0.0063029979018197546 -0.0028701085981094475 -0.00055059606395661831 -0.006104227701822916 -0.0057326188593199755 0.00045252356574767167 -0.001959744504204503 -0.00093878116734601841 -0.0020581313032729952 0.0083011126291184199 -0.0020358240852753322 0.0025097571952002388 0.0011729035394576687 0.0010505369509614651
leaf_weight=45 49.5 127.5 37.5 60 33 48 27 61.5 127.5 30 45 33 36 52.5 90 37.5 42 61.5 36 33 60 30 40.5 54 24 43.5 54 40.5 27 24 34.5 33 30 97.5 66 36 27 27 102 52.5 54 21 24 21
leaf_count=45 27 51 15 24 33 24 27 30 51 30 21 33 36 21 45 15 21 27 24 24 60 15 18 48 24 30 27 18 27 24 27 33 30 39 51 36 18 27 51 24 39 18 21 21
internal_value=-1.8421e-11 -0.00589704 0.00201755 0.000251679 0.00505576 0.00778248 0.00229793 0.011723 0.0037834 -0.00215998 -0.00415787 0.00297063 0.00381698 -0.00262869 -0.00358715 -0.00320424 0.00461965 0.00554848 -0.00171888 0.0152033 0.00513759 -0.00192902 -0.00179306 0.00379503 -0.000249182 -0.00467421 0.00228304 -0.000450352 0.00593101 0.00705498 0.00439583 -0.00394455 -0.00283545 -0.00524528 -0.00477845 -0.000513549 0.00019146 0.00101066 -0.0026293 0.00732513 -0.00133989 0.00121045 0.00240389 -6.84545e-05
internal_weight=2136 544.5 1591.5 1006.5 585 253.5 544.5 127.5 397.5 462 495 331.5 262.5 432 300 367.5 337.5 241.5 147 66 178.5 150 187.5 126 69 180 96 132 145.5 84 61.5 136.5 120 150 99 111 84 84 147 114 94.5 57 78 48
internal_count=1350 297 1053 549 504 180 297 87 174 252 270 324 255 222 150 219 150 102 123 57 171 90 90 93 69 129 48 72 138 84 54 99 75 60 84 99 72 84 72 51 57 54 69 48
is_linear=0
shrinkage=0.08


Tree=10
num_leaves=45
num_cat=0
split_feature=14 16 13 36 0 15 37 36 36 37 37 0 37 15 37 4 36 37 37 22 37 35 4 0 21 37 36 14 37 22 37 35 0 12 37 17 37 30 14 37 37 27 36 37
split_gain=3.3609 2.1781 1.13272 1.01118 0.682988 0.340024 0.34935 0.328224 0.319472 0.289558 0.171597 0.14423 0.142932 0.119285 0.132921 0.105602 0.105553 0.10082 0.0950601 0.0712763 0.0864977 0.0897424 0.0641402 0.0629392 0.049974 0.0476545 0.0470534 0.0508976 0.0398177 0.0329564 0.0331823 0.0327472 0.0325093 0.0245395 0.0184844 0.0219017 0.0256487 0.0143756 0.0118978 0.0114028 0.0111756 0.0201979 0.0109588 0.01004
threshold=9.0050000000000008 6.0226923076923082 7.3250000000000011 2.5000000000000004 16.860000000000003 2.4900000000000007 8.7150000000000016 1.5000000000000002 2.5000000000000004 11.974615384615387 9.6700000000000017 17.860000000000003 16.210000000000004 2.5050000000000003 8.8800000000000008 17.365000000000006 1.5000000000000002 9.8250000000000011 11.974615384615387 2.7000000000000006 7.6650000000000009 1.5000000000000002 16.140000000000004 17.400000000000002 1.1000000000000003 7.8800000000000008 1.5000000000000002 9.8950000000000014 11.802307692307695 5.4000000000000012 9.8750000000000018 1.5000000000000002 17.860000000000003 9.4850000000000012 13.350000000000003 13.900000000000002 5.535000000000001 0.3000000000000001 7.7750000000000012 10.065000000000003 12.01346153846154 5.4000000000000012 1.5000000000000002 10.010000000000002
decision_type=2 2 2 2 2 2 2 2 2 2 2 2 2 2 2 2 2 2 2 2 2 2 2 2 2 2 2 2 2 2 2 2 2 2 2 2 2 2 2 2 2 2 2 2
left_child=2 -2 3 7 12 19 -7 34 16 15 -3 -11 22 29 -15 -10 40 23 24 -5 21 -21 39 37 -18 -24 -19 28 -28 -9 31 -31 -20 -30 35 36 -1 -12 -27 -4 41 -6 -40 -44
right_child=1 10 4 5 8 6 -8 13 9 11 17 -13 -14 14 -16 -17 18 26 32 20 -22 -23 25 -25 -26 38 27 -29 33 30 -32 -33 -34 -35 -36 -37 -38 -39 42 -41 -42 -43 43 -45
leaf_value=-0.0012457896529112832 -0.021425641476355419 -0.006354049252528771 -0.00042826093602598759 0.0022290028576497679 -0.0013258859924241608 0.016745581512267772 0.0074722996984536829 0.00034829608645911016 0.0049454301007000019 0.0032772591599711663 -0.0036100271377298566 -0.0055626396763892409 0.0028393592406064272 0.0091870320889239129 0.0033800826252115019 0.0097123684908481354 0.004984730725149507 -0.002471062320129325 0.00071963470084247761 0.0124503919839859 0.0038872956198780506 0.0059604691614707304 -0.0050481739044189455 0.0011428088722405612 0.0017611942997847508 -0.0014542180796464285 -0.0010205285002011805 -0.0077316105531321632 -0.0030876020838816959 0.0067520289897918711 0.001422561790164122 0.0029007977407712205 -0.0034772091110270202 -0.0063233687728643422 -0.00131118000344426 0.0027249534130096439 0.00091003862304867001 -0.0018934807794935562 -0.0021178064083582477 -0.0021654683258384468 -0.0019551966373877474 0.00067883176846547167 -0.0043381555743937225 -0.0026821754668794927
leaf_weight=59 49.5 127.5 57 27 76.5 52 52 30 81 27 45 21 30 52 49 47 51.5 60 27 25 36.5 30 90 40.5 76.5 34.5 20 36 24 25 34 32.5 21 40 53 22.5 88 102 47.5 42 44 55.5 53 42
leaf_count=59 27 51 24 27 34 34 38 30 36 26 21 14 30 33 36 20 22 43 26 25 32 27 36 18 34 18 8 24 24 25 31 28 14 30 53 20 51 51 26 30 38 24 24 28
internal_value=-2.39186e-11 -0.00542528 0.00185615 0.00436722 4.21497e-05 0.00877067 0.0121089 0.00216549 0.00192576 0.0047087 -0.00382524 -0.000590197 -0.00246933 0.00433817 0.0063698 0.00669579 0.00053429 -0.0029479 0.00191962 0.00584087 0.00690667 0.00891043 -0.00290447 -0.00164961 0.00305816 -0.00354935 -0.00430027 -0.00521488 -0.00413628 0.00264932 0.00340376 0.00457525 -0.00111648 -0.00510996 -7.18777e-06 0.00040055 4.47742e-05 -0.00241895 -0.00278723 -0.00116526 -0.000851044 -0.000482993 -0.00310996 -0.00360604
internal_weight=2136 544.5 1591.5 667.5 924 222.5 104 445 528 176 495 48 396 222.5 101 128 352 367.5 176 118.5 91.5 55 366 187.5 128 267 180 120 84 121.5 91.5 57.5 48 64 222.5 169.5 147 147 177 99 176 132 142.5 95
internal_count=1350 297 1053 549 504 183 72 366 288 96 270 40 216 183 69 56 192 219 96 111 84 52 186 90 56 132 129 86 62 114 84 53 40 54 183 130 110 72 96 54 96 58 78 52
is_linear=0
shrinkage=0.08


Tree=11
num_leaves=45
num_cat=0
split_feature=14 37 10 27 0 36 15 36 0 37 36 36 37 37 37 0 0 37 36 37 0 37 37 21 4 35 36 37 10 33 37 37 21 0 34 37 13 36 37 17 37 16 37 0
split_gain=2.84467 2.04472 6.41451 1.17833 0.977171 0.857906 0.537 0.402537 0.343148 0.440653 0.299693 0.267305 0.216047 0.19167 0.256016 0.135311 0.124599 0.154472 0.099367 0.0767587 0.0739634 0.0700428 0.0872549 0.0598417 0.0572133 0.105301 0.0585545 0.056793 0.0563045 0.0479117 0.0394511 0.0341496 0.0329771 0.0288023 0.0201839 0.0266991 0.0195013 0.0183169 0.0159472 0.0147102 0.0124122 0.0168008 0.00989467 0.00984748
threshold=9.0050000000000008 11.703076923076924 9.9550000000000018 1.6000000000000003 16.050000000000004 2.5000000000000004 2.3550000000000009 2.5000000000000004 14.390000000000002 8.7150000000000016 2.5000000000000004 1.5000000000000002 9.7850000000000019 11.974615384615387 7.8950000000000005 17.860000000000003 14.695000000000002 8.8800000000000008 1.5000000000000002 3.0500000000000003 15.280000000000003 11.974615384615387 7.8950000000000005 2.7000000000000006 16.140000000000004 1.0000000180025095e-35 2.5000000000000004 13.180000000000001 7.8650000000000011 3.5000000000000004 3.0500000000000003 13.775000000000002 1.7000000000000004 17.860000000000003 26.700000000000006 9.0050000000000008 9.9450000000000021 1.5000000000000002 7.8500000000000005 2.1000000000000005 12.01346153846154 6.1050000000000013 9.9050000000000029 16.765000000000004
decision_type=2 2 2 2 2 2 2 2 2 2 2 2 2 2 2 2 2 2 2 2 2 2 2 2 2 2 2 2 2 2 2 2 2 2 2 2 2 2 2 2 2 2 2 2
left_child=4 3 7 12 5 11 24 29 19 20 18 34 43 14 -12 -15 30 -18 40 -7 -10 22 -20 -16 38 28 37 -21 -26 -3 -13 39 -24 -23 -1 -36 -14 -27 -6 -32 41 -8 -43 -2
right_child=1 2 -4 -5 6 8 10 -9 9 -11 13 16 36 15 23 -17 17 -19 21 27 -22 33 32 -25 25 26 -28 -29 -30 -31 31 -33 -34 -35 35 -37 -38 -39 -40 -41 -42 42 -44 -45
leaf_value=-0.00072812584134298241 -0.0055876853246655733 -0.0037524329418582576 -0.050884862418752168 0.0091556437877672054 0.00058437521258989972 0.0010083078495834185 0.00080908015455489839 -0.012143173959197067 0.019147062795236706 0.0062476304264701141 0.00060716941431164745 -0.0004743286675733069 -0.0014746170774516132 0.0030051897997036576 0.0088996520008839362 -0.0051176284608386814 0.0098235249397962271 0.0029728463832288982 -0.00036616451293230062 0.0082649959222628518 0.013306367737906319 0.00054857204668223858 0.0048341931009939481 0.0051180039120968003 0.0032198106320962933 -0.0018117669842861318 -0.0056294080096262475 0.0031815462390130216 -0.0024524005715336121 0.00040319924171154311 0.0028387176217856231 0.00049243668715159101 0.0020890415057238905 -0.0031990323588252066 0.0021045284463291607 -0.00071259410353377464 -0.0031400065223375958 -0.003675482067796919 -0.0014231471889891113 0.0053398866381715324 -0.0018985007262717075 -0.0015230084457584928 -2.089915204454552e-05 -0.006966351168496269
leaf_weight=101 90 56 24 52.5 37.5 23 46.5 41 32 49 50 23 135 35 71 21 44.5 40 50 39 24.5 35 64.5 43 24 67.5 67.5 22 21 26 27 21 49.5 21 51.5 37 67.5 67.5 78 34 52 77.5 44 52.5
leaf_count=96 36 50 18 21 15 23 20 35 30 38 20 23 66 34 32 14 30 30 20 39 13 34 29 20 24 30 30 22 21 20 27 21 23 14 39 30 30 30 48 34 46 32 22 21
internal_value=8.45101e-12 -0.00499125 -0.0130528 -0.00201001 0.00170766 0.00436682 0.000229913 -0.00567092 0.00876183 0.0117995 0.00158923 0.00216931 -0.00370913 0.00400009 0.00537993 -4.0867e-05 0.0042939 0.0065806 0.000383801 0.00494667 0.0166144 0.00158602 0.00242015 0.00747324 -0.00224157 -0.00292767 -0.00370555 0.00643162 0.000572779 -0.00243479 0.00245365 0.00327491 0.00364222 -0.00085678 4.4731e-05 0.000926748 -0.00202975 -0.00274362 -0.000771354 0.00423281 -0.000818421 -0.00048411 -0.000979035 -0.00609561
internal_weight=2136 544.5 147 397.5 1591.5 568.5 1023 123 189.5 105.5 660 379 345 220 164 56 189.5 84.5 440 84 56.5 220 164 114 363 247.5 202.5 61 45 82 105 82 114 56 189.5 88.5 202.5 135 115.5 61 220 168 121.5 142.5
internal_count=1350 297 123 174 1053 495 558 105 165 81 360 330 153 120 72 48 165 60 240 84 43 120 72 52 198 135 90 61 45 70 105 82 52 48 165 69 96 60 63 61 120 74 54 57
is_linear=0
shrinkage=0.08


Tree=12
num_leaves=45
num_cat=0
split_feature=14 37 10 27 0 36 0 36 37 36 15 37 36 37 37 15 37 36 37 13 35 22 37 21 32 35 14 14 22 37 35 37 37 36 37 35 21 37 37 37 22 0 36 36
split_gain=2.40773 1.73065 5.42925 0.997335 0.830312 0.72253 0.512284 0.340708 0.324598 0.324491 0.320954 0.373152 0.231201 0.182862 0.168452 0.108304 0.130745 0.107452 0.0967196 0.0877836 0.0746299 0.0630449 0.0620877 0.0600423 0.051509 0.0405062 0.0360107 0.0333749 0.027005 0.0269536 0.026433 0.0243877 0.0268007 0.0197628 0.0176788 0.0173223 0.0169035 0.0190557 0.0160745 0.0115989 0.0107625 0.0083349 0.00791745 0.00583661
threshold=9.0050000000000008 11.703076923076924 9.9550000000000018 1.6000000000000003 16.115000000000006 2.5000000000000004 17.070000000000004 2.5000000000000004 11.974615384615387 2.5000000000000004 2.5050000000000003 8.7150000000000016 1.5000000000000002 9.7850000000000019 16.295000000000005 2.5050000000000003 8.8800000000000008 1.5000000000000002 7.6650000000000009 7.5250000000000012 1.0000000180025095e-35 2.7000000000000006 13.350000000000003 0.3000000000000001 3.5000000000000004 1.5000000000000002 7.4400000000000004 7.8050000000000006 5.4000000000000012 8.7750000000000004 1.5000000000000002 9.8750000000000018 4.3200000000000012 2.5000000000000004 10.105000000000002 1.5000000000000002 2.5000000000000004 9.7050000000000018 10.085000000000003 8.8450000000000006 45.400000000000013 16.765000000000004 1.5000000000000002 1.5000000000000002
decision_type=2 2 2 2 2 2 2 2 2 2 2 2 2 2 2 2 2 2 2 2 2 2 2 2 2 2 2 2 2 2 2 2 2 2 2 2 2 2 2 2 2 2 2 2
left_child=4 3 7 13 5 12 14 24 9 17 21 -12 36 41 18 28 -17 39 -6 -20 26 -7 25 -11 42 -23 -10 38 -14 -19 34 32 -30 43 -29 -15 -1 40 -21 -8 -38 -2 -3 -28
right_child=1 2 -4 -5 6 10 8 -9 20 23 11 -13 15 35 -16 16 -18 29 19 27 -22 22 -24 -25 -26 -27 33 30 31 -31 -32 -33 -34 -35 -36 -37 37 -39 -40 -41 -42 -43 -44 -45
leaf_value=-0.00089647652774855688 -0.0051406705304980283 -0.0027151169931447067 -0.04681407410961886 0.0084231920228117988 -0.0052541822344064713 0.0017185532784572356 -0.0010386586382985115 -0.011171720082894332 -0.0026556044140899622 0.0085100513823488915 0.016871555805206301 0.0062388919147529781 0.00022207601306339103 -0.0014296288701395193 0.0039241741163811338 0.0090376428991891019 0.0027350186342373489 0.001721063150713841 0.0015204633478489188 -0.00080704940186433543 -0.0040078934871902068 0.0090202003717422489 0.0022071846136823298 0.0049505048275691032 0.00054445986769029078 0.0051234509964143068 -0.0010490684319908422 -0.0028622165273444618 0.0026332053257262008 0.0040133114529067072 -0.0041347376207510628 0.0012152481884244949 0.0062681284688767937 0.0026447007475265609 -0.000520041348412633 -0.0031180479852926163 0.00024987543613782951 -0.00079582388228850384 -0.0027205610982118512 0.00046074112664375985 0.0020986870535110174 -0.0064090430112112139 -0.0046525012618965573 0.00071526179846841847
leaf_weight=77 90 27 24 52.5 60 27 62.5 41 27 47 42.5 42 30 150 30 44.5 40 60 45 100.5 48 38 20 85.5 28 31 24 66 34 72.5 75 31 21 24 30 52.5 35 41 39 70 47.5 52.5 27 24
leaf_count=72 36 24 18 21 24 27 25 35 27 20 29 31 30 75 30 30 30 24 24 45 24 36 20 38 22 28 24 33 34 34 30 29 18 24 27 21 28 37 30 33 34 21 24 24
internal_value=-9.93727e-12 -0.00459195 -0.0120086 -0.00184921 0.00157105 0.00391531 0.000146726 -0.00521725 0.00179281 0.00298064 0.00783648 0.0115867 0.00195473 -0.0034124 -0.00186516 0.00387566 0.00605415 0.00136439 -0.00228316 -0.00178172 -0.00141918 0.00510465 0.00613189 0.00621314 -0.00224001 0.00726949 -0.000164039 -0.0022603 0.00228875 0.00297531 -0.00300943 0.00300968 0.00402109 0.000770298 -0.00213029 -0.00186737 3.37945e-05 0.000613802 -0.00134201 -0.000246523 0.00131434 -0.00560797 -0.00368381 -0.000166903
internal_weight=2136 544.5 147 397.5 1591.5 601.5 990 123 544.5 397.5 200.5 84.5 401 345 445.5 200.5 84.5 265 415.5 355.5 147 116 89 132.5 82 69 99 310.5 116 132.5 171 86 55 72 96 202.5 200.5 123.5 139.5 132.5 82.5 142.5 54 48
internal_count=1350 297 123 174 1053 513 540 105 297 174 171 60 342 153 243 171 60 116 213 189 123 111 84 58 70 64 99 165 111 58 90 81 52 72 60 96 171 99 75 58 62 57 48 48
is_linear=0
shrinkage=0.08


Tree=13
num_leaves=45
num_cat=0
split_feature=13 37 37 27 37 22 37 36 15 36 12 37 2 37 37 37 36 36 36 37 37 1 37 36 22 33 7 37 19 1 37 36 37 36 37 4 3 13 37 37 36 37 36 37
split_gain=1.90215 1.39435 15.5738 1.10928 1.00222 0.65694 0.481051 0.53299 0.313296 0.302886 0.289249 0.200005 0.193434 0.193142 0.182138 0.175448 0.217705 0.160593 0.111703 0.105861 0.0811665 0.0738098 0.0766403 0.0677747 0.0623282 0.0608844 0.0492754 0.0484068 0.03519 0.0323349 0.0304918 0.0301069 0.0248042 0.0208457 0.0180559 0.0167594 0.0165966 0.0164427 0.0157449 0.014265 0.0118921 0.0103044 0.00950532 0.00724787
threshold=8.8000000000000025 11.703076923076924 11.760384615384618 1.6000000000000003 11.802307692307695 45.400000000000013 9.6200000000000028 2.5000000000000004 2.6899999999999999 1.5000000000000002 7.4200000000000008 17.475000000000005 17.910000000000004 10.875000000000002 16.245000000000001 9.7850000000000019 2.5000000000000004 1.5000000000000002 1.5000000000000002 8.7750000000000004 7.7300000000000013 13.180000000000001 3.0500000000000003 1.5000000000000002 21.900000000000002 3.5000000000000004 9.9200000000000017 5.0400000000000009 0.50000000000000011 16.920000000000005 7.0900000000000007 2.5000000000000004 12.083846153846155 2.5000000000000004 17.280000000000005 16.140000000000004 17.955000000000002 9.9450000000000021 7.0900000000000007 7.8950000000000005 2.5000000000000004 10.115 1.5000000000000002 15.765000000000002
decision_type=2 2 2 2 2 2 2 2 2 2 2 2 2 2 2 2 2 2 2 2 2 2 2 2 2 2 2 2 2 2 2 2 2 2 2 2 2 2 2 2 2 2 2 2
left_child=5 3 -3 15 -4 8 7 17 10 43 18 29 -13 19 20 16 23 38 -1 24 -12 33 -23 -2 -11 -9 -22 -24 32 -6 -19 42 -15 -20 -30 -28 -31 -17 -7 -37 -29 -41 -8 -10
right_child=1 2 4 -5 11 6 31 25 9 13 14 12 -14 28 -16 37 -18 30 21 -21 26 22 27 -25 -26 -27 35 40 34 36 -32 -33 -34 -35 -36 39 -38 -39 -40 41 -42 -43 -44 -45
leaf_value=-0.00063807951972273225 -0.0010224898748099804 -0.097571928501129154 -0.035649661223093668 0.0067603082805871963 -0.0022331327688362864 0.0004325314520725182 -0.0011711209295317531 0.011224200302554714 -0.00026921939095161083 0.0025217894517323555 -0.0045383846282958983 0.0078090518819434306 -0.0027044626139104367 0.0038314552158117293 0.0042946079081545279 -0.001181056837135173 -0.009570411777496339 0.0058567884564399717 0.003939907476305962 0.0076351923123002055 0.0009970605023849157 -0.0015412374172592536 0.0056475439816713333 -0.0051878615736961368 0.006104213753525092 0.016323833198382938 -0.0010497385467769522 0.00090396041329950094 0.0010477733291271659 -0.0058029464603054758 0.0095148705959320068 0.0026347662625568254 0.0009772942175377945 0.0075044468258108413 -0.0017188979029798736 -0.0038141516844431562 -0.0035594633418238827 -0.0026993949347072178 0.0030611701726913454 -0.0024264862721687869 0.0028547259906772527 -0.00082120466243588573 0.00069334452971816065 -0.0016751218853252275
leaf_weight=92 50 11.999999999999998 5.9999999999999991 90 45 35 35 31 145 85 75 21 24 40 30 141 50 35 21 72 40.5 32 30 50 49 29 82.5 40 36 51 25 35 38 21 26 37.5 36 67.5 25 114 40 33 35 28
leaf_count=87 20 6 3 36 45 32 30 23 68 34 30 21 24 20 30 69 20 32 21 34 21 32 30 20 22 22 45 35 22 39 13 30 34 21 26 15 18 30 13 54 35 30 30 28
internal_value=7.91799e-12 -0.00363576 -0.00928338 -0.00118026 -0.00349397 0.00156758 0.00502233 0.0075326 0.00075217 0.00223637 -0.000366639 -0.00240395 0.00220184 0.00360294 -0.00170791 -0.00317371 -0.00526025 0.00445439 0.00163798 0.00516113 -0.0021787 0.00277601 0.00190461 -0.00310518 0.00383178 0.013689 -0.00160316 0.00290703 0.00131017 -0.00397411 0.00738099 0.000718997 0.00244097 0.00572218 -0.000112444 -0.00199758 -0.00487461 -0.00167261 0.0015278 -0.00242141 0.00187934 -0.00206612 -0.000238888 -0.000496764
internal_weight=2136 643.5 195 448.5 183 1492.5 285 180 1207.5 519 688.5 177 45 346 412.5 358.5 150 120 276 206 382.5 184 142 100 134 60 307.5 110 140 132 60 105 78 42 62 267 87 208.5 60 184.5 80 147 70 173
internal_count=1350 351 156 195 150 999 225 135 774 288 486 147 45 192 225 159 60 90 261 90 195 174 132 40 56 45 165 100 102 102 45 90 54 42 48 144 57 99 45 99 70 84 60 96
is_linear=0
shrinkage=0.08


Tree=14
num_leaves=45
num_cat=0
split_feature=14 37 10 27 0 36 0 36 37 36 0 37 36 37 37 4 37 0 37 10 36 37 37 37 6 32 37 21 17 37 37 21 21 35 33 35 14 17 32 37 37 0 36 27
split_gain=1.71167 1.23681 3.8572 0.725543 0.60884 0.533616 0.327828 0.288375 0.258694 0.255396 0.223469 0.276257 0.159764 0.138827 0.13013 0.0790986 0.101734 0.0776683 0.0992303 0.0754515 0.075065 0.0699181 0.0665831 0.0560466 0.0535473 0.049817 0.0423153 0.0403062 0.0322129 0.0278895 0.0221888 0.017802 0.0141153 0.0135061 0.0126205 0.0110392 0.0162023 0.0108991 0.00920653 0.00846555 0.00814968 0.00705466 0.00670133 0.00620883
threshold=9.0050000000000008 11.703076923076924 9.9550000000000018 1.6000000000000003 16.050000000000004 2.5000000000000004 17.150000000000002 2.5000000000000004 11.974615384615387 2.5000000000000004 14.695000000000002 8.7150000000000016 1.5000000000000002 16.330000000000002 9.7850000000000019 16.085000000000004 7.8500000000000005 14.695000000000002 8.7150000000000016 7.5250000000000012 1.5000000000000002 3.0500000000000003 13.775000000000002 17.380000000000006 12.049615384615388 3.5000000000000004 7.8200000000000012 0.3000000000000001 0.90000000000000013 3.0500000000000003 13.775000000000002 0.50000000000000011 2.5000000000000004 1.5000000000000002 11.100000000000001 1.0000000180025095e-35 7.8350000000000009 2.5000000000000004 13.300000000000002 9.7050000000000018 7.2450000000000001 16.765000000000004 1.5000000000000002 5.4000000000000012
decision_type=2 2 2 2 2 2 2 2 2 2 2 2 2 2 2 2 2 2 2 2 2 2 2 2 2 2 2 2 2 2 2 2 2 2 2 2 2 2 2 2 2 2 2 2
left_child=4 3 7 14 5 12 13 25 9 20 21 -12 32 15 41 26 -17 29 -19 -18 43 -7 28 24 34 42 -6 -11 -23 -14 37 -22 -1 -16 -10 -21 -37 -31 -25 40 -34 -2 -3 -8
right_child=1 2 -4 -5 6 10 8 -9 23 27 11 -13 17 -15 33 16 19 18 -20 35 31 22 -24 38 -26 -27 -28 -29 -30 30 -32 -33 39 -35 -36 36 -38 -39 -40 -41 -42 -43 -44 -45
leaf_value=-0.00078656376224591753 -0.0043085965058869786 -0.0022068703685093811 -0.039478435292840001 0.0072085120819863823 0.0020704486833678353 0.00052741154218497485 -0.00065673021904004165 -0.0098953527230315093 -0.0024392845295369624 0.0074105866570421987 0.01449946836163016 0.0053508365721929643 -0.00058171491260113918 0.0039537147693336008 -0.0011964806240051986 -0.004343786992842243 0.0020155489310208293 0.0078637354934916782 0.0023806970778276169 -0.00073695981588501203 0.0036900879095480284 0.0044931797059657779 0.0016333922677274262 0.0013795364335075849 -0.0053601119071245195 0.0010601746078048434 -0.001069546174732737 0.0044655579728660761 0.0082864524776998325 0.0023577555443978671 0.00032775897710096274 0.0017661328273528604 0.00056907795419966847 -0.0026873574966476076 -5.5193608005841574e-05 -0.0014680753384941612 -0.0030329381393720259 0.0045036829129925801 -0.00072819086878250045 -0.00041344253399542397 0.002388583076271144 -0.0054754992240951175 -0.0039892639330139871 0.00047949773738685162
leaf_weight=77 90 27 24 52.5 45 23 76.5 41 27 47 42.5 42 23 30 150 105 36 42.5 42 39 51.5 23 21 36 30 28 70.5 81 38 33 21 76.5 55.5 52.5 30 87 82.5 28 21 35 22 52.5 27 51.5
leaf_count=72 36 24 18 21 18 23 34 35 24 20 29 31 23 30 75 42 18 29 31 39 22 23 21 36 15 22 45 36 38 33 21 34 48 21 24 39 39 28 21 33 12 21 24 22
internal_value=-2.26413e-11 -0.00387172 -0.0101415 -0.00155308 0.00132463 0.00342362 0.000158183 -0.00441724 0.00154481 0.00262919 0.00688983 0.00995222 0.00169052 -0.00132089 -0.00288636 -0.00166119 -0.002261 0.00333304 0.00513844 -0.00136655 0.00117032 0.00442533 0.00551865 -0.00134686 -0.00262437 -0.00167818 0.000153828 0.00554694 0.0068562 0.00188012 0.00257063 0.00254022 4.8004e-05 -0.001583 -0.0011845 -0.00195051 -0.00222973 0.00334277 0.000603005 0.000619219 0.00108558 -0.00473851 -0.00309807 -0.000199576
internal_weight=2136 544.5 147 397.5 1591.5 568.5 1023 123 528 384 189.5 84.5 379 495 345 465 349.5 189.5 84.5 244.5 256 105 82 144 87 82 115.5 128 61 105 82 128 189.5 202.5 57 208.5 169.5 61 57 112.5 77.5 142.5 54 128
internal_count=1350 297 123 174 1053 495 558 105 288 168 165 60 330 270 153 240 177 165 60 135 112 105 82 120 63 70 63 56 61 105 82 56 165 96 48 117 78 61 57 93 60 57 48 56
is_linear=0
shrinkage=0.08


Tree=15
num_leaves=45
num_cat=0
split_feature=14 37 35 27 1 36 15 10 37 37 36 15 37 36 1 37 13 7 36 34 37 37 36 14 37 14 35 36 10 1 33 20 17 36 37 22 22 36 13 20 11 37 22 1
split_gain=1.44876 1.04684 3.73722 0.6141 0.515322 0.451653 0.277614 0.250828 0.192779 0.242475 0.247812 0.190816 0.247697 0.135224 0.122726 0.110142 0.0929974 0.0877735 0.0697983 0.0660249 0.084075 0.0468853 0.0437791 0.0404266 0.0313162 0.0280735 0.0616001 0.0494109 0.0237933 0.023519 0.0203937 0.018863 0.0178687 0.0163142 0.0138812 0.0133866 0.0129894 0.0118782 0.0118399 0.0109335 0.00830257 0.00719723 0.00686422 0.00656778
threshold=9.0050000000000008 11.703076923076924 1.0000000180025095e-35 1.6000000000000003 15.995000000000003 2.5000000000000004 2.3550000000000009 9.9200000000000017 7.5300000000000002 10.875000000000002 2.5000000000000004 2.2350000000000008 9.4050000000000029 1.5000000000000002 15.280000000000003 9.7850000000000019 7.3800000000000017 12.083846153846155 1.5000000000000002 26.700000000000006 9.0050000000000008 3.0500000000000003 2.5000000000000004 7.5250000000000012 13.180000000000001 7.7750000000000012 1.0000000180025095e-35 2.5000000000000004 7.8350000000000009 16.660000000000004 2.1000000000000005 1.3 2.1000000000000005 1.5000000000000002 10.085000000000003 13.600000000000003 77.200000000000003 1.5000000000000002 9.9450000000000021 1.3 9.7450000000000028 3.4700000000000002 14.300000000000002 13.895000000000001
decision_type=2 2 2 2 2 2 2 2 2 2 2 2 2 2 2 2 2 2 2 2 2 2 2 2 2 2 2 2 2 2 2 2 2 2 2 2 2 2 2 2 2 2 2 2
left_child=4 3 7 15 5 13 25 29 16 10 18 21 14 36 -13 -2 -8 22 -10 30 -21 -7 35 -24 32 34 28 33 -27 -3 41 -12 -23 -28 -6 37 42 -11 -17 -20 -31 -15 -1 -43
right_child=1 2 -4 -5 6 11 8 -9 9 17 31 12 -14 19 -16 38 -18 -19 39 20 -22 24 23 -25 -26 26 27 -29 -30 40 -32 -33 -34 -35 -36 -37 -38 -39 -40 -41 -42 43 -44 -45
leaf_value=-0.0011852304950459964 -0.0043594273856857367 -0.00045389802816013492 -0.027649239736298719 0.0066318309023266743 -0.0001984202223441874 0.00048521861110044563 0.00036032761234257901 0.0073124146567923685 0.00014205694863495908 -0.00057274181703105564 0.0076496470662263732 0.015033656476121959 0.0033324245984355612 -0.00038216741844302132 0.0081599636220220303 -0.0010238139894273547 -0.0044013589130980626 -0.0037090104888193309 0.0039670483481425503 0.0067516551998633781 0.001752569919728951 0.0043105773031711578 -0.00052594322860240932 0.0034011851088600414 0.0023337788312979366 0.0025120882512558074 -0.0009541936851446591 -0.0046084519484568213 -0.0012961381984253726 -0.0026724210618571803 0.0032296244906527653 0.0054126069512632161 0.0076517879750047412 -0.002774805906746123 -0.0020404801337927997 -0.0012833495445262928 0.0017834589595440776 0.0011710519623942674 -0.0023214636893460045 0.0022639173054032854 -0.0047072431374163854 0.0024920040853321553 6.3585314749556681e-05 0.0005469992160797119
leaf_weight=36 142.5 24 48 52.5 96 23 52.5 21 97 50 52 33 36 21 33.5 135 52.5 36 52 51.5 37 20 25 51 23 21 63 63 21 33 35 45 21 63 36 52 24 50 67.5 45 21 20 129.5 25
leaf_count=36 57 24 24 21 42 23 21 21 42 37 22 30 31 21 17 66 21 24 22 39 30 20 20 36 23 21 28 28 21 33 30 20 21 28 30 38 21 37 30 20 21 20 108 25
internal_value=8.50688e-12 -0.00356198 -0.00933019 -0.00142883 0.00121866 0.00314973 0.000145529 -0.000448231 0.00112289 0.00171759 0.00331028 0.00633864 0.00867743 0.00155528 0.011571 -0.00265546 -0.00202052 -3.79969e-05 0.0016595 0.00306639 0.00466164 0.00358317 0.000541637 0.00210937 0.0046965 -0.00163149 -0.00216331 -0.00277915 0.000607975 -0.00253764 0.00166858 0.00661184 0.00602193 -0.0018645 -0.0007008 -0.000242228 4.41637e-05 0.000299155 -0.00145636 0.00317694 -0.00346374 0.000840751 -0.00020806 0.00141145
internal_weight=2136 544.5 147 397.5 1591.5 568.5 1023 99 660 555 291 189.5 102.5 379 66.5 345 105 264 194 189.5 88.5 87 228 76 64 363 231 189 42 78 101 97 41 126 132 152 189.5 100 202.5 97 54 66 165.5 45
internal_count=1350 297 123 174 1053 495 558 99 360 318 126 165 78 330 47 153 42 192 84 165 69 87 168 56 64 198 126 84 42 78 96 42 41 56 72 112 165 74 96 42 54 66 144 45
is_linear=0
shrinkage=0.08


Tree=16
num_leaves=45
num_cat=0
split_feature=13 37 37 16 37 0 36 15 37 36 0 37 37 2 37 36 37 21 36 37 37 37 37 37 4 37 36 37 6 16 17 12 35 34 37 34 37 20 15 34 18 37 30 30
split_gain=1.15921 0.857675 11.8854 0.933444 0.769082 0.402081 0.382279 0.238413 0.196395 0.194597 0.170144 0.20439 0.168551 0.200254 0.115185 0.114454 0.0803021 0.0619447 0.0582749 0.0552228 0.0538828 0.0481497 0.048139 0.047895 0.0469152 0.0399898 0.0281467 0.04708 0.02511 0.0290425 0.0218161 0.0216305 0.0461883 0.0159832 0.0155032 0.0110961 0.0172242 0.0109904 0.0090891 0.0081686 0.00740335 0.0060802 0.00596743 0.00507065
threshold=8.8000000000000025 11.703076923076924 11.760384615384618 6.0226923076923082 11.802307692307695 16.050000000000004 2.5000000000000004 2.4650000000000012 7.4050000000000011 2.5000000000000004 14.695000000000002 8.7150000000000016 17.475000000000005 17.910000000000004 10.875000000000002 1.5000000000000002 9.6700000000000017 1.5000000000000002 1.5000000000000002 16.195000000000004 9.7050000000000018 3.0500000000000003 5.3900000000000015 13.775000000000002 16.140000000000004 10.875000000000002 1.5000000000000002 7.8800000000000008 12.049615384615388 7.1000000000000005 2.1000000000000005 9.8000000000000025 1.5000000000000002 71.100000000000023 7.8500000000000005 26.700000000000006 9.0050000000000008 0.90000000000000013 1.0549999999999999 71.100000000000023 0.50000000000000011 17.150000000000002 2.1000000000000005 9.1000000000000014
decision_type=2 2 2 2 2 2 2 2 2 2 2 2 2 2 2 2 2 2 2 2 2 2 2 2 2 2 2 2 2 2 2 2 2 2 2 2 2 2 2 2 2 2 2 2
left_child=5 3 -3 -2 -4 6 15 19 -9 18 21 -12 28 -14 -11 35 42 40 41 24 22 -8 -19 30 34 -20 -26 -28 29 -6 -23 38 -33 -16 -7 -1 -37 -29 -18 -27 -17 43 -5 -10
right_child=1 2 4 16 12 7 10 8 9 14 11 -13 13 -15 33 17 31 20 25 -21 -22 23 -24 -25 26 39 27 37 -30 -31 -32 32 -34 -35 -36 36 -38 -39 -40 -41 -42 -43 -44 -45
leaf_value=-0.00053240384572268565 0.0083744827813158427 -0.084395963350931802 -0.030378415981928506 -0.00325606996743452 -0.0014190285594237071 0.00094381968263122773 0.00044640104731787805 -0.0029523896075164279 -0.00055689336923796251 0.0063044410443470521 0.012415000684121076 0.0045458319384072514 0.0086781563044392648 -0.0020190746550603459 0.00082596698170527808 -0.00024841381995766249 -0.0012607756598542134 0.0027494616524593252 0.0030578684633414894 0.0020679699406027795 0.0013973092177184299 0.0040250844156576523 0.0065478192845193463 0.0012931923869819867 -0.00093630016053966158 -0.00030043931448017248 -0.0045242289006710056 -0.0027484560527262238 -0.0050372160971164709 -0.0044486910049562102 0.0070710272473447468 -0.00041803474441015474 -0.0036642291628652146 0.0032926715385361476 -0.00089631464542998447 0.0016405891775361542 -0.0006221098001933078 -0.0010978335403461954 0.00015023344950306983 0.0014629955435621327 0.0015147155858576298 -0.0014557990928490958 -0.0043471185023134405 0.00048577996948272878
leaf_weight=101 60 11.999999999999998 5.9999999999999991 52.5 81 45 23 60 73 81.5 42.5 42 21 24 40 27 96 37 81.5 30 40 27 50.5 21 84.5 40 60 42 24 27 34 48 67.5 29 84 51.5 37 67 42 29 35 27 82.5 50.5
leaf_count=96 24 6 3 21 63 18 23 24 34 35 29 31 21 24 30 27 48 37 35 30 38 27 33 21 42 30 24 22 12 27 34 24 27 20 51 39 30 38 18 20 30 27 33 24
internal_value=-9.14114e-12 -0.00283827 -0.00726763 -0.000912459 -0.00221003 0.00122374 0.00289775 0.000193779 0.00134779 0.00191924 0.00583155 0.0085037 -0.00125517 0.00297297 0.00426803 0.00143086 -0.00234674 0.00282108 0.000744843 -0.00123719 0.0038297 0.00368111 0.00494166 0.00458841 -0.00149642 0.00185798 -0.00212845 -0.00272452 -0.00269658 -0.00217644 0.00572282 -0.0015074 -0.00231516 0.0018627 -0.000254407 4.06306e-05 0.000694602 -0.00173385 -0.000831338 0.000440714 0.000746901 -0.000368292 -0.00392282 -0.000130537
internal_weight=2136 643.5 195 448.5 183 1492.5 568.5 924 511.5 451.5 189.5 84.5 177 45 150.5 379 388.5 189.5 301 412.5 127.5 105 87.5 82 382.5 150.5 253.5 169 132 108 61 253.5 115.5 69 129 189.5 88.5 109 138 69 62 150.5 135 123.5
internal_count=1350 351 156 195 150 999 495 504 279 255 165 60 147 45 85 330 171 165 170 225 108 105 70 82 195 85 126 84 102 90 61 117 51 50 69 165 69 60 66 50 57 85 54 58
is_linear=0
shrinkage=0.08


Tree=17
num_leaves=45
num_cat=0
split_feature=13 37 37 16 37 12 36 0 37 3 37 20 36 37 36 32 36 37 35 37 37 21 37 8 35 17 36 5 16 36 37 37 34 37 9 36 20 37 17 37 25 34 21 35
split_gain=0.981156 0.725936 10.0598 0.790067 0.650952 0.341199 0.329548 0.198215 0.142661 0.157828 0.118407 0.153101 0.115181 0.104432 0.103166 0.0759147 0.071253 0.155861 0.0573974 0.0470651 0.0465664 0.0434551 0.0541494 0.0417384 0.040798 0.0394441 0.0303863 0.0212531 0.0245815 0.0189588 0.023652 0.0136665 0.0109487 0.00941436 0.00922322 0.0158484 0.00882827 0.0085704 0.0136021 0.0138714 0.0076919 0.00752725 0.00726026 0.0070848
threshold=8.8000000000000025 11.703076923076924 11.760384615384618 6.0226923076923082 11.802307692307695 7.3450000000000015 2.5000000000000004 17.070000000000004 17.475000000000005 17.935000000000006 13.180000000000001 13.900000000000002 2.5000000000000004 16.245000000000001 1.5000000000000002 1.0000000000000002 2.5000000000000004 9.6700000000000017 1.5000000000000002 7.6650000000000009 10.875000000000002 1.5000000000000002 9.7050000000000018 9.8950000000000014 1.5000000000000002 2.1000000000000005 1.5000000000000002 12.01346153846154 7.1000000000000005 1.5000000000000002 9.6700000000000017 12.083846153846155 36.300000000000004 9.6700000000000017 10.025 2.5000000000000004 5.6000000000000005 13.895000000000001 13.900000000000002 5.535000000000001 5.4000000000000012 3.5000000000000004 2.7000000000000006 1.5000000000000002
decision_type=2 2 2 2 2 2 2 2 2 2 2 2 2 2 2 2 2 2 2 2 2 2 2 2 2 2 2 2 2 2 2 2 2 2 2 2 2 2 2 2 2 2 2 2
left_child=5 3 -3 -2 -4 6 14 13 27 -10 11 15 26 19 37 25 29 -18 -17 -7 -14 41 24 -21 -23 -8 -9 28 -6 33 -31 40 -26 -5 -25 -36 -24 38 39 43 -28 -16 -12 -1
right_child=1 2 4 16 8 7 10 12 9 -11 42 -13 20 -15 21 18 17 -19 -20 23 -22 22 36 34 32 -27 31 -29 -30 30 -32 -33 -34 -35 35 -37 -38 -39 -40 -41 -42 -43 -44 -45
leaf_value=3.5714789852499964e-05 0.0077045241420467692 -0.077644283771514888 -0.02794814427693685 0.00022625159223874412 -0.0013055062668834939 -0.0035610884816075369 0.00034909198562113136 -0.00049455134004044033 0.0071669284494904183 -0.0023297844953568919 0.0008612106860216175 0.011749435841452842 0.0046721174525363104 0.0033984587714076045 -0.00022854072490224132 0.0082937893116225812 -0.0074943475458357067 -0.0016658263883109828 0.0042935769187963822 0.0011386725623160601 0.0016614096085240523 0.0061293836953965099 0.0021705507207661866 -0.00094924289521163073 0.0018658028464884526 0.0048466210090555252 0.00085658255322939821 -0.004634238847841819 -0.004092795772960893 -0.0035588924156294928 -0.0012883775269050572 -0.00034680234534399847 0.004184138152334425 -0.001206219011157222 -0.0013130051964942953 -0.002946775160860597 8.5789863235102257e-05 -0.0009905274096591813 0.0020836615272694166 0.0005720432471328726 0.0022452276121130437 0.0014541675628203412 0.0026998076767281247 -0.0017383540240938173
leaf_weight=25 60 11.999999999999998 5.9999999999999991 45 81 60 26 132 24 21 28 25.5 70 30 27 48 45 84.5 44 45 62 44 26 123 31 24 45 24 27 45 84.5 28 22.5 84.5 114 57 26 45 22.5 96 59 46 27 34
leaf_count=25 24 6 3 18 63 24 26 72 24 21 28 20 29 30 27 34 18 39 29 24 43 34 24 66 22 19 20 12 27 18 39 26 18 39 60 30 22 45 20 59 26 36 27 34
internal_value=-9.34702e-13 -0.00261121 -0.00668622 -0.000839462 -0.00203323 0.00112584 0.00247058 3.78207e-05 -0.00115476 0.00273513 0.00498442 0.00604194 0.00132848 -0.00115356 0.00121365 0.005017 -0.002159 -0.00369118 0.00638064 -0.00149582 0.003258 0.00243174 0.00321298 -0.00113028 0.00432488 0.00250791 0.000363725 -0.00248086 -0.00200233 -0.0013929 -0.00207736 0.001222 0.0028408 -0.000708449 -0.00147757 -0.0018576 0.00112817 -4.4331e-06 0.000245563 -2.12582e-05 0.00164437 0.000831796 0.00176379 -0.00098663
internal_weight=2136 643.5 195 448.5 183 1492.5 667.5 825 177 45 222.5 167.5 396 429 445 142 388.5 129.5 92 399 132 222.5 149.5 339 97.5 50 264 132 108 259 129.5 132 53.5 129.5 294 171 52 222.5 177.5 155 104 73 55 59
internal_count=1350 351 156 195 150 999 549 450 147 45 183 128 216 234 366 108 171 57 63 204 72 183 120 180 74 45 144 102 90 114 57 72 40 57 156 90 46 183 138 118 46 63 55 59
is_linear=0
shrinkage=0.08


Tree=18
num_leaves=45
num_cat=0
split_feature=14 37 37 1 22 37 10 15 12 37 37 19 37 37 1 37 37 37 16 16 37 37 16 1 2 34 37 37 15 37 18 1 37 5 37 33 18 1 32 34 1 11 9 26
split_gain=0.846481 0.697854 2.65625 0.402042 0.339038 0.249407 0.1655 0.138951 0.141802 0.11754 0.102703 0.170446 0.0624095 0.0407248 0.040266 0.0426262 0.0351101 0.0333997 0.0502422 0.0492649 0.0330866 0.0432597 0.0999488 0.0514896 0.0316057 0.0309023 0.0310448 0.0284525 0.0274883 0.0230744 0.0172298 0.0155299 0.0145312 0.0144962 0.0161579 0.0141055 0.0138995 0.0137805 0.00984773 0.0083867 0.00674346 0.00538862 0.00499549 0.00480571
threshold=9.0900000000000016 11.703076923076924 16.505000000000006 17.710000000000004 53.300000000000004 9.6200000000000028 9.9200000000000017 2.6899999999999999 7.4800000000000013 12.083846153846155 7.2450000000000001 5.9000000000000012 9.7850000000000019 5.8000000000000007 13.180000000000001 3.0500000000000003 16.330000000000002 7.6250000000000009 6.5150000000000006 6.5600000000000014 4.8450000000000006 7.5300000000000002 8.6850000000000005 16.765000000000004 17.965000000000003 51.400000000000013 17.590000000000003 9.4050000000000029 3.1250000000000004 14.200000000000001 14.600000000000001 16.660000000000004 9.8250000000000011 10.010000000000002 9.7850000000000019 11.4 3.0000000000000004 14.160000000000002 0.50000000000000011 42.70000000000001 16.805000000000003 9.7450000000000028 10.045000000000002 0.50000000000000011
decision_type=2 2 2 2 2 2 2 2 2 2 2 2 2 2 2 2 2 2 2 2 2 2 2 2 2 2 2 2 2 2 2 2 2 2 2 2 2 2 2 2 2 2 2 2
left_child=4 3 -3 12 7 10 31 8 14 17 11 -6 40 -13 36 -16 24 19 27 -9 38 22 -22 29 33 43 -27 35 -29 -23 39 -4 -14 34 -10 -19 -1 -24 -17 -7 -2 -33 -35 -11
right_child=1 2 6 -5 5 30 -8 9 16 25 -12 13 32 -15 15 20 -18 18 -20 -21 21 23 37 -25 -26 26 -28 28 -30 -31 -32 41 -34 42 -36 -37 -38 -39 -40 -41 -42 -43 -44 -45
leaf_value=0.0041906157853426754 -0.002983733378350735 -0.024471278620795126 -0.00022331400863116697 0.0054256370294661748 0.0090150133102680705 -0.0012920732793605162 0.0060172220354988461 0.0029322530990705275 -0.0029207474643533882 0.0015634803576540434 0.0087701333722760601 -0.00038439495489001274 -0.00079052846852896951 0.0035456528734001849 -0.0015900921740103512 0.0042859446727448987 0.0012629893432474799 0.0020428471474750946 0.0046262002453483922 -0.00072006212578465542 -0.0054072127607133662 0.0013462601863365206 -0.00024872906971722841 0.0045396063563034493 0.00079509960464489314 -0.0032329092303379661 4.6032062082579639e-05 0.0025425299245225253 -7.5527789859651504e-05 -0.0013961040004397984 0.0018176753843824071 -0.002120217849810918 -0.0024374902943770089 -0.00078188016559138445 -0.0012983224390695491 0.0035341695736545004 0.0017894231553913821 0.0026494725970994861 0.0018359601054163206 0.00071962089233455209 -0.0041435560002213434 -0.0037910920026756468 -0.0015062035257068945 4.468377120792866e-05
leaf_weight=27 82.5 42 21 52.5 33 36 21 39 82.5 24 46.5 27 144 45 48 21 36 109.5 54 60 22.5 72 21 27 40.5 42 33 42 66 27 30 30 45 115.5 75 64.5 36 21 21 21 52.5 21 129 30
leaf_count=27 33 21 21 21 33 27 21 21 33 24 27 27 72 27 48 21 36 45 27 24 9 57 21 18 18 30 33 21 33 27 27 30 18 63 42 27 36 21 21 21 21 21 69 30
internal_value=-2.60891e-11 -0.00283815 -0.0077729 -0.00106872 0.000893637 0.00367971 -0.000231692 0.000414216 -0.000249287 0.00138124 0.00564015 0.00425401 -0.00212104 0.00207188 0.000990859 0.000580371 -0.00113955 0.00201015 0.00239066 0.000718729 0.00102847 0.00058036 -0.0011046 0.0014429 -0.00133501 -0.000739528 -0.00179018 0.00196258 0.000942606 0.000598343 0.000265835 -0.00205429 -0.00118266 -0.00154961 -0.00214816 0.00259566 0.00281851 0.00120037 0.00306095 -0.000550923 -0.00343478 -0.00280822 -0.00116404 0.000719704
internal_weight=2136 511.5 135 376.5 1624.5 238.5 93 1386 822 564 151.5 105 324 72 343.5 280.5 478.5 435 336 99 232.5 190.5 64.5 126 442.5 129 75 282 108 99 87 72 189 402 157.5 174 63 42 42 57 135 51 244.5 54
internal_count=1350 279 114 165 1071 189 93 882 567 315 114 87 144 54 306 243 261 198 153 45 195 153 51 102 225 117 63 126 54 84 75 72 90 207 75 72 63 42 42 48 54 51 132 54
is_linear=0
shrinkage=0.08


Tree=19
num_leaves=45
num_cat=0
split_feature=13 10 36 0 36 13 15 0 16 0 36 13 0 35 0 15 0 36 21 35 34 35 35 35 3 17 19 35 16 35 35 34 18 0 21 16 13 0 15 35 35 27 29 29
split_gain=0.708653 0.316863 0.276141 0.251515 0.174294 0.250979 0.167372 0.148891 0.131338 0.121255 0.0839915 0.0834815 0.0809423 0.117363 0.0477768 0.0357449 0.0605517 0.024653 0.0238263 0.0514623 0.0228101 0.0212275 0.0422177 0.0163107 0.0221205 0.0126698 0.0121828 0.0123251 0.0813984 0.0103564 0.0100776 0.00963749 0.00866844 0.00817623 0.00557955 0.00484512 0.00400159 0.00402664 0.00390962 0.00826934 0.00381276 0.0036452 0.00217024 0.00424004
threshold=8.8000000000000025 9.9550000000000018 2.5000000000000004 15.935000000000002 2.5000000000000004 9.8000000000000025 2.4450000000000007 14.695000000000002 6.0226923076923082 15.345000000000001 1.5000000000000002 7.3150000000000004 17.875000000000004 1.5000000000000002 17.220000000000002 2.5050000000000003 15.4 1.5000000000000002 5.3000000000000016 1.5000000000000002 3.5000000000000004 1.5000000000000002 1.0000000180025095e-35 1.5000000000000002 16.195000000000004 3.3000000000000003 0.3000000000000001 1.5000000000000002 6.5600000000000014 1.5000000000000002 1.0000000180025095e-35 3.5000000000000004 6.4000000000000012 15.765000000000002 3.5000000000000004 6.1050000000000013 7.8800000000000008 13.895000000000001 1.0549999999999999 1.5000000000000002 1.5000000000000002 4.1000000000000005 1.7000000000000004 3.5000000000000004
decision_type=2 2 2 2 2 2 2 2 2 2 2 2 2 2 2 2 2 2 2 2 2 2 2 2 2 2 2 2 2 2 2 2 2 2 2 2 2 2 2 2 2 2 2 2
left_child=2 4 10 7 8 12 18 20 -2 -9 25 15 13 -6 23 31 -17 38 19 -5 -4 22 -22 24 -13 36 -8 28 -28 -19 -27 -12 34 40 -33 -16 37 -1 39 -10 -32 -38 -39 -44
right_child=1 -3 3 6 5 -7 26 9 17 -11 11 14 -14 -15 35 16 -18 29 -20 -21 21 -23 -24 -25 -26 30 27 -29 -30 -31 33 32 -34 -35 -36 -37 41 42 -40 -41 -42 -43 43 -45
leaf_value=-0.00023365783680168937 0.0026121817811420468 -0.0074703251235328158 0.0012255814653172185 -7.2804049533956189e-06 -0.00081835614310370554 -0.0088912844556299116 0.0035104431488088795 0.011574662307898203 -0.00098541244158916407 0.0049635001901408718 2.3483670119083289e-05 -0.0013042951833146313 0.00062922782970197271 -0.0063501953681310017 0.0018037245041606102 0.0059679544059669269 0.0017609022413683315 -0.0014231970015613513 0.00064406155499738531 -0.0037765807684730082 0.0023642886461069188 0.0018229095203181108 0.0071094006796677909 -0.0018919370678012019 0.0013863230993350348 -0.0011109218202555219 -7.9845270607620478e-05 0.0012764185326439995 0.0056778755197019297 -0.0027178254846868845 0.0017608384069587504 0.0029501172999540966 0.0005056636463219332 -0.00017312062006395043 0.0013939510459273026 0.00077556282350666492 -0.00086473957118060856 -0.0015552408591223261 -0.0013072644172889458 0.00034279165560887622 0.00040159051055088635 0.00013601455752822484 -0.00022496164343516594 -0.0012375458187866919
leaf_weight=36 66 66 33 51 54 44 71.5 30 66 43.5 33 48 49.5 45 44 34 61.5 87 38.5 42.5 24 24 24 67.5 33 39 30 52.5 33 72.5 28 30 29.5 76.5 29 88 49.5 60 38.5 55 25 44 35.5 104
leaf_count=36 36 36 33 34 36 24 39 27 44 27 33 32 27 18 24 30 36 58 21 17 24 24 24 27 22 39 20 21 22 29 22 30 27 34 24 48 27 45 21 22 22 24 21 63
internal_value=-1.14236e-11 -0.00221916 0.000956805 0.00249572 -0.00161903 -0.00358452 0.00115017 0.00490036 -0.000636285 0.00766193 0.00018735 0.000922364 -0.00201214 -0.00333283 1.0874e-05 0.00210058 0.0032587 -0.00130838 -0.00103091 -0.0017206 0.00296726 0.00376553 0.00473684 -0.00097349 -0.000208117 -0.000547665 0.00268975 0.0021817 0.0029361 -0.00201166 1.64603e-05 0.00119029 0.00162537 0.000355981 0.00218522 0.00111828 -0.000836587 -0.00101239 -0.000605099 -0.000381683 0.00111968 -0.000393796 -0.00115291 -0.000979863
internal_weight=2136 643.5 1492.5 497.5 577.5 192.5 319 178.5 385 73.5 995 497.5 148.5 99 280.5 217 95.5 319 132 93.5 105 72 48 148.5 81 497.5 187 115.5 63 159.5 168.5 121.5 88.5 129.5 59 132 329 235.5 159.5 121 53 93.5 199.5 139.5
internal_count=1350 351 999 333 315 105 174 159 210 54 666 333 81 54 153 180 66 174 72 51 105 72 48 81 54 333 102 63 42 87 117 114 81 78 54 72 216 165 87 66 44 51 129 84
is_linear=0
shrinkage=0.08


Tree=20
num_leaves=45
num_cat=0
split_feature=14 37 37 16 37 1 10 15 37 1 37 1 37 37 37 37 37 37 37 37 4 33 37 37 1 34 14 16 25 37 15 33 14 13 37 37 15 37 1 24 1 23 10 32
split_gain=0.607012 0.543035 7.99557 0.590511 0.482655 0.215523 0.160525 0.117093 0.129867 0.111401 0.168272 0.139491 0.0970979 0.0599649 0.0453169 0.0415605 0.0390455 0.03695 0.0359154 0.0335387 0.0254967 0.0242917 0.0236428 0.0378837 0.0460211 0.0316382 0.0235867 0.0270416 0.0194796 0.0174556 0.0167754 0.0133355 0.0122754 0.0126279 0.0122427 0.0120305 0.0103444 0.00953132 0.00735236 0.00591774 0.0049484 0.00470324 0.00423314 0.00327142
threshold=8.6500000000000004 11.703076923076924 11.760384615384618 6.0226923076923082 11.802307692307695 15.995000000000003 9.9200000000000017 2.4650000000000012 7.4050000000000011 14.640000000000002 8.7150000000000016 15.345000000000001 10.875000000000002 6.9350000000000014 9.7850000000000019 3.0500000000000003 14.110000000000001 9.9200000000000017 11.974615384615387 16.195000000000004 16.085000000000004 2.1000000000000005 3.8950000000000005 5.2800000000000002 13.955000000000002 21.500000000000007 7.4400000000000004 5.8350000000000009 6.6000000000000005 9.7050000000000018 3.1200000000000006 2.5000000000000004 8.9750000000000032 9.3250000000000011 7.8500000000000005 9.7950000000000017 2.1350000000000002 9.9050000000000029 15.695000000000002 4.4000000000000012 17.100000000000005 5.4000000000000012 9.7450000000000028 1.5000000000000002
decision_type=2 2 2 2 2 2 2 2 2 2 2 2 2 2 2 2 2 2 2 2 2 2 2 2 2 2 2 2 2 2 2 2 2 2 2 2 2 2 2 2 2 2 2 2
left_child=5 3 -3 -2 -4 9 18 19 -9 15 11 13 17 -11 31 21 22 28 -6 20 37 -1 36 24 -24 -25 -14 -28 41 -12 -29 -5 -20 -34 -22 40 -17 -7 -31 -32 -16 -10 -35 -18
right_child=1 2 4 14 6 7 -8 8 12 10 29 -13 26 -15 35 16 43 -19 32 -21 34 -23 23 25 -26 -27 27 30 -30 38 39 -33 33 42 -36 -37 -38 -39 -40 -41 -42 -43 -44 -45
leaf_value=-0.0016335122712189331 0.0074002599801336012 -0.068877413272857665 -0.023656803766886392 -0.0032433269810982243 0.0009695421469708283 0.0008910253364592791 0.0059774084673041399 -0.0025890680818120015 0.0017647606997113481 0.0057493966314682947 0.0023612952974400724 0.0026551517798769765 -0.0014444064981459328 0.010592220038175584 -0.00081123112991917875 0.0024906318267763016 -0.0011870710443084439 0.0041639458152155076 -0.0035285777891986073 0.0016918525844812394 -0.0022863645485856317 0.001628704337137086 0.0020746331866313187 0.0017085443551574523 -0.0021679334795723362 0.0049592927167261087 -0.0017529958521050435 0.002169749988425596 0.0028959729990611473 0.0010847527874219749 -0.00029501068928382463 -0.0017805332963665328 -0.00041901461018080058 -0.0018403518214031604 -0.0011314541190935701 -0.0017892232912558096 0.0050016372766168351 -0.00070636409775390481 -0.00058511273280062058 0.0010023972806003359 0.00016499930061399936 0.00074998856987804172 -0.0032933055006322408 0.00018018310534812155
leaf_weight=48 52.5 11.999999999999998 5.9999999999999991 97.5 30 45 21 60 57 36 54 61.5 48 30 108 21 24 60 30 30 82.5 21 36 66 30 27 27 51 75 45 45 67.5 33 33 204 67.5 21 51 27 45 48 60 21 21
leaf_count=48 21 6 3 39 15 18 21 24 24 36 27 30 39 21 54 21 24 30 21 30 33 21 36 66 30 27 18 39 30 45 30 27 30 33 111 27 21 33 21 30 24 24 21 21
internal_value=9.71545e-12 -0.00209218 -0.00571739 -0.00056318 -0.00136152 0.000869315 -0.000565262 0.00012599 0.000914978 0.00209904 0.00334739 0.00539637 0.00136422 0.00795068 -0.00163932 0.00109441 0.00158108 0.00243105 -0.00149993 -0.000883914 -0.00108594 -0.000640664 0.00205797 0.00161204 0.000146194 0.00265231 0.000119571 0.000566421 0.00188952 0.00127401 0.00101056 -0.00264491 -0.00213313 -0.00165194 -0.00146402 -0.000896938 0.00374613 4.24122e-05 0.000458553 0.000353693 -0.000510853 0.00124436 -0.00240539 -0.000549019
internal_weight=2136 627 186 441 174 1509 168 940.5 528 568.5 253.5 127.5 468 66 388.5 315 246 252 147 412.5 382.5 69 201 159 66 93 216 168 192 126 141 165 117 87 286.5 223.5 42 96 72 90 156 117 54 45
internal_count=1350 342 150 192 144 1008 141 513 288 495 180 87 264 57 171 315 246 108 120 225 195 69 201 159 66 93 156 117 78 93 99 66 105 84 144 105 42 51 66 60 78 48 54 45
is_linear=0
shrinkage=0.08


Tree=21
num_leaves=45
num_cat=0
split_feature=14 16 36 11 16 36 22 0 16 36 0 22 14 0 13 0 0 16 36 16 21 0 34 17 33 2 17 0 14 34 17 2 18 33 34 16 0 16 0 16 16 26 0 21
split_gain=0.513775 0.316128 0.31988 0.314884 0.262085 0.234199 0.196441 0.0751929 0.0742148 0.0711197 0.0699916 0.0646365 0.0526477 0.113282 0.0221747 0.0307074 0.0221377 0.0268315 0.0167463 0.0152664 0.0222232 0.0109569 0.00776346 0.00755181 0.00722806 0.00662319 0.00623946 0.00485614 0.00374686 0.00337861 0.0033584 0.003173 0.00313985 0.00307632 0.00349931 0.00288409 0.00276476 0.00403513 0.00260779 0.00254109 0.00263812 0.00218227 0.00171974 0.00145002
threshold=8.6500000000000004 5.9461538461538463 1.5000000000000002 9.8950000000000014 6.0226923076923082 2.5000000000000004 45.400000000000013 15.825000000000001 8.0400000000000009 1.5000000000000002 17.475000000000005 53.300000000000004 7.6650000000000009 16.765000000000004 7.3800000000000017 17.325000000000003 15.825000000000001 7.9600000000000017 2.5000000000000004 6.1450000000000005 2.3000000000000003 16.165000000000003 3.5000000000000004 3.3000000000000003 4.2000000000000011 16.185000000000006 0.50000000000000011 16.895000000000003 7.8350000000000009 86.000000000000014 1.9000000000000001 16.195000000000004 4.5000000000000009 4.6000000000000005 34.600000000000009 6.705000000000001 13.265000000000002 6.7500000000000018 15.935000000000002 6.1050000000000013 6.1450000000000005 5.4000000000000012 16.920000000000005 0.90000000000000013
decision_type=2 2 2 2 2 2 2 2 2 2 2 2 2 2 2 2 2 2 2 2 2 2 2 2 2 2 2 2 2 2 2 2 2 2 2 2 2 2 2 2 2 2 2 2
left_child=5 -2 3 35 -4 9 12 8 -8 23 18 14 19 25 22 28 17 -13 42 -7 26 24 -11 30 -22 -14 -21 -20 -16 41 39 -32 -28 34 -25 -3 -24 -38 -35 -1 -41 -17 -6 -39
right_child=1 2 4 -5 10 6 7 -9 -10 11 -12 16 13 -15 15 29 -18 -19 27 20 21 -23 36 33 -26 -27 32 -29 -30 -31 31 -33 -34 38 -36 -37 37 43 -40 40 -42 -43 -44 -45
leaf_value=-0.00030461435838404931 -0.0080604580120004782 -0.00090136838517289363 -0.00854098525617949 0.0077349414013616448 -0.0017581130365248432 0.00059560465569974798 0.0093272469707421576 0.0024005807093856152 0.0036448232410475614 2.676114665739464e-05 0.00014175955206155777 0.005327274546988549 -0.0022942997940949032 0.0027405861900611358 -0.00055195848974916664 0.0010230714513303398 0.0010250480263070626 0.0016236806892335326 -0.0028607530693213145 0.00074917417003209118 0.0032946700328716732 0.0024668373316526415 0.0022428741802771887 -0.00038245637820642672 0.005209955555755038 -0.0009262002310292288 0.0026513592763653688 -0.0038630419128546211 -0.0014044043534632885 0.0015150361401694162 -0.0007330506023202764 -0.0018649432531233426 0.001556472654058917 2.4106287781967584e-05 0.00061358867596615759 -0.00013501012674797412 0.0018114026828875973 0.0011806443199748173 -0.00091667437245963478 -0.0014277109348928773 -0.00068534632503675921 0.0001712888115775082 -0.0023706615868617185 0.00039602761499975861
leaf_weight=82.5 49.5 44 44 38.5 88 33 38 33 24 33 77 31 38.5 71.5 99 38.5 27.5 21 82.5 35.5 30.5 55 21 40.5 21.5 55 31 49.5 49.5 38.5 30.5 33 36.5 33 51 110 45 32 44 38.5 150 38.5 44 28.5
leaf_count=45 27 24 24 21 48 18 33 18 24 33 42 27 21 39 54 21 15 21 45 33 27 30 21 33 18 30 21 27 27 21 27 18 24 27 33 60 27 27 24 21 108 21 24 21
internal_value=1.40464e-11 -0.0019248 -0.00139889 0.00126381 -0.00273024 0.00079977 0.00220923 0.00548558 0.0071276 9.50399e-05 -0.00198047 0.000767685 0.00144635 0.000343517 0.000374767 -7.51899e-05 0.00286078 0.00383159 -0.00259945 0.00219519 0.00244656 0.003254 0.00111952 -0.000577605 0.00408657 -0.00148954 0.00160776 -0.00323661 -0.000836107 0.000903132 -0.00079761 -0.00132128 0.00205931 -0.000140858 0.000172716 -0.00035397 0.00140459 0.00123773 -0.000513483 -0.000674906 -0.00083697 0.00059718 -0.0019623 0.000811031
internal_weight=2136 627 577.5 192.5 385 1509 503 95 62 1006 341 503 408 165 423.5 264 79.5 52 264 243 210 107 159.5 503 52 93.5 103 132 148.5 115.5 334.5 63.5 67.5 168.5 91.5 154 126.5 105.5 77 271 188.5 77 132 60.5
internal_count=1350 342 315 105 210 1008 336 75 57 672 186 336 261 90 273 144 63 48 144 171 153 75 129 336 45 51 78 72 81 63 219 45 45 117 66 84 96 75 51 174 129 42 72 48
is_linear=0
shrinkage=0.08


Tree=22
num_leaves=45
num_cat=0
split_feature=14 37 35 10 12 36 0 0 37 20 36 37 35 36 34 27 0 37 0 0 37 34 37 36 37 33 0 30 36 4 35 35 0 37 0 21 37 36 14 35 20 33 31 31
split_gain=0.448735 0.869695 3.73677 0.334472 0.209041 0.200344 0.140639 0.109503 0.0874188 0.0950641 0.0776186 0.0886902 0.0669101 0.0621301 0.048342 0.0411973 0.0388596 0.0299692 0.0302252 0.0374145 0.029763 0.0263651 0.0254978 0.0240732 0.0345766 0.0188676 0.0176359 0.0175096 0.0153446 0.0334131 0.0616441 0.0139875 0.0125539 0.0105065 0.0102306 0.00592482 0.00478278 0.00692267 0.0100928 0.00460047 0.00452503 0.00438691 0.00399173 0.00645899
threshold=9.4400000000000031 11.703076923076924 1.0000000180025095e-35 9.9350000000000005 7.3450000000000015 2.5000000000000004 17.400000000000002 16.860000000000003 14.005000000000001 13.900000000000002 2.5000000000000004 11.802307692307695 1.5000000000000002 1.5000000000000002 36.800000000000004 5.4000000000000012 17.860000000000003 14.110000000000001 14.280000000000003 15.345000000000001 16.330000000000002 43.100000000000009 7.5300000000000002 1.5000000000000002 10.875000000000002 2.1000000000000005 14.200000000000001 5.5000000000000009 2.5000000000000004 16.140000000000004 1.5000000000000002 1.5000000000000002 17.875000000000004 4.4500000000000011 16.920000000000005 2.7000000000000006 10.105000000000002 1.5000000000000002 7.7950000000000008 1.5000000000000002 1.7000000000000004 0.70000000000000007 8.4000000000000004 5.5000000000000009
decision_type=2 2 2 2 2 2 2 2 2 2 2 2 2 2 2 2 2 2 2 2 2 2 2 2 2 2 2 2 2 2 2 2 2 2 2 2 2 2 2 2 2 2 2 2
left_child=4 3 6 12 5 13 41 20 9 14 22 15 -2 -1 25 -12 -13 18 31 27 28 -22 -9 42 -25 26 33 -20 36 -30 -31 -15 40 -7 -14 -10 37 39 -39 -6 -26 -3 43 -24
right_child=1 2 -4 -5 7 8 -8 10 35 -11 11 16 34 17 -16 -17 -18 -19 19 -21 21 -23 23 24 32 -27 -28 -29 29 30 -32 -33 -34 -35 -36 -37 -38 38 -40 -41 -42 -43 -44 -45
leaf_value=-0.00028273734827578237 -0.00019912361746860877 -0.0012309530171166574 -0.036414889401445785 0.0047981422071877331 -0.00085536418466603968 -0.00042581529635936019 0.0058532705761137459 -0.0022843937526146572 -0.00059838775068610196 0.0089030965337274122 0.0018631524459303667 0.0015934649109840392 -0.0023460375758974504 0.0015627350865609266 0.0060427981030337424 0.0047235891433943687 -0.0024585228740717424 -0.00034565394199112569 0.0062133935620279418 0.0017138290461747253 -0.00094421985744875636 0.0030645371263935449 -0.00076392812220829316 0.0019484546362836927 0.0010082547723626097 0.0039130712229581109 0.0037373607283058973 0.0029768339544534684 0.00026245807769236624 -0.00062762455190302894 -0.0042025292328000067 -0.0008382159754789125 -0.0016252533067017793 0.0021362280865599003 -0.0038233760291089616 0.0012802408580583605 -0.0015787647831408927 -0.00020656193867325785 -0.0016299015910110691 8.0410789349116382e-05 -0.00037445112333183979 -0.0028142431688805421 -0.00097090719344800915 0.00049791116069288963
leaf_weight=222.5 90 21 24 63 58 20 21 30 21 25.5 75 28 60 44 39.5 56.5 33 41 23 70.5 21 21 58 86.5 33 52.5 21 20 38.5 61 62.5 24 30 21 60 22 48 50 88 80 28 24 72.5 47
leaf_count=183 45 21 12 27 29 20 21 12 21 20 33 26 24 44 28 24 22 41 22 34 21 21 32 36 23 35 16 18 21 36 25 24 20 21 24 22 42 22 39 32 20 24 41 26
internal_value=1.20503e-11 -0.00256263 -0.00938256 -0.000314297 0.000524666 0.00164257 0.000447376 -0.000150323 0.00360262 0.00437875 0.000610992 0.00192262 -0.00184803 0.000662544 0.00362958 0.00309216 -0.000598594 0.00160782 0.00204911 0.00284819 -0.000983012 0.00106016 -4.48236e-05 0.000144436 0.00080322 0.00279708 0.00185208 0.00470802 -0.00115958 -0.0017953 -0.00243679 0.000715341 -0.000285383 0.000886451 -0.00308471 0.000362771 -0.000841723 -0.000713542 -0.0011142 -0.000312886 0.00037357 -0.00207537 -0.000514348 -0.000199105
internal_weight=2136 363 90 273 1773 667.5 66 1105.5 222.5 179.5 577.5 192.5 210 445 154 131.5 61 222.5 181.5 113.5 528 42 385 355 177.5 114.5 62 43 486 162 123.5 68 91 41 120 43 324 276 138 138 61 45 177.5 105
internal_count=1350 198 78 120 1152 549 66 603 183 140 315 105 93 366 120 57 48 183 142 74 288 42 210 198 99 92 57 40 246 82 61 68 63 41 48 43 164 122 61 61 43 45 99 58
is_linear=0
shrinkage=0.08


Tree=23
num_leaves=45
num_cat=0
split_feature=13 36 10 9 36 0 15 0 0 0 15 36 22 15 0 0 16 9 22 36 21 4 20 27 16 17 0 13 16 15 17 31 29 34 2 31 16 9 16 29 15 0 29 0
split_gain=0.364467 0.242372 0.530603 0.232571 0.170153 0.146112 0.0897436 0.0897105 0.0756983 0.0732572 0.0521052 0.0519289 0.0472342 0.0186913 0.0194718 0.0170629 0.0215837 0.0153319 0.0143067 0.0131239 0.0107954 0.010297 0.00969651 0.00722981 0.00675806 0.00603596 0.00412113 0.0032917 0.00322283 0.00310248 0.00279818 0.00254832 0.0046391 0.00542014 0.00252257 0.00232827 0.00231106 0.00207233 0.002065 0.00167228 0.00162089 0.00156426 0.00156152 0.00120275
threshold=8.8000000000000025 1.5000000000000002 9.9350000000000005 11.941153846153847 2.5000000000000004 15.935000000000002 2.4450000000000007 14.695000000000002 15.345000000000001 17.835000000000004 0.99499999999999933 1.5000000000000002 53.300000000000004 2.6899999999999999 16.140000000000004 15.825000000000001 7.9600000000000017 10.025 2.7000000000000006 2.5000000000000004 5.6000000000000005 17.325000000000003 3.0000000000000004 11.400000000000002 9.2000000000000011 3.3000000000000003 16.895000000000003 7.3150000000000004 6.1050000000000013 2.1715384615384621 1.9000000000000001 1.5000000000000002 7.1000000000000005 34.100000000000009 16.195000000000004 10.800000000000002 6.1050000000000013 10.025 6.1450000000000005 6.3000000000000016 3.1650000000000005 13.895000000000001 2.1000000000000005 16.895000000000003
decision_type=2 2 2 2 2 2 2 2 2 2 2 2 2 2 2 2 2 2 2 2 2 2 2 2 2 2 2 2 2 2 2 2 2 2 2 2 2 2 2 2 2 2 2 2
left_child=4 3 9 10 11 7 17 18 -9 19 42 25 13 14 24 16 -14 -7 -6 43 22 35 -20 -11 29 30 -21 -15 -29 41 36 -27 33 -33 -32 -8 -1 -16 -38 -23 -30 -13 -2 -3
right_child=1 2 -4 -5 5 6 21 8 -10 23 -12 12 15 27 37 -17 -18 -19 20 26 -22 39 -24 -25 -26 31 -28 28 40 -31 34 32 -34 -35 -36 -37 38 -39 -40 -41 -42 -43 -44 -45
leaf_value=-0.00021179142769414013 -0.00030084648123987907 -0.0014826896567687845 -0.0092875596169720992 0.0054136448477705322 0.00063925234600901602 0.00013371386000830116 0.001729232787690831 0.0089620975585033499 0.0037384791703273853 -0.00029564601362146663 -0.0034155498193455982 0.00043854556223744078 0.0046413100727142826 0.0015880654009554204 -0.00045163196838134297 0.00083589398827065117 0.0013195797242224216 -0.0015906585369146232 0.0024572918462482368 -0.002481737645060727 0.0012252962944053467 0.002188066573474895 0.0045706473446140688 0.0010282428029247306 0.0020024508202359788 0.00045122617151355368 -0.0034404537386514924 0.0013240749575197696 9.5670925235593487e-05 0.0010946152953860853 -0.00064776551237971072 -0.00065170575211297231 -0.00086772913384495435 0.00070215336014998369 -0.0016569981701446302 0.00089973507763503439 -0.0012545879102953069 -0.0010625321302337176 -0.00059779260240805647 0.0028497566485946829 0.00077247179155661306 -0.0004491043965875482 0.00026614288122139195 -0.0020006170267747206
leaf_weight=77 71.5 82.5 66 49.5 27 66 49.5 30 43.5 66 38.5 27 31 39.5 77 27.5 21 66 33 82.5 21 44 24 44 21 40 44 44 38.5 26 30.5 33.5 51.5 43.5 33 38.5 38.5 66 150 55 55 24 55 44
leaf_count=42 39 45 36 27 27 36 27 27 27 36 21 27 27 24 42 15 21 36 33 45 21 24 24 24 21 33 24 24 21 21 27 21 33 30 18 21 21 36 108 30 30 24 30 24
internal_value=1.74308e-11 -0.00159148 -0.00268933 0.000604215 0.000686176 0.00189418 0.000868621 0.00372697 0.00587057 -0.00148965 -0.000838614 8.21741e-05 0.000660114 0.000320163 -0.000138295 0.00244753 0.00329984 -0.000728472 0.00222645 -0.00223902 0.00277586 0.00199598 0.00334713 0.00023391 0.000730344 -0.000495766 -0.0028152 0.000944391 0.000759481 0.000383405 -0.000695186 -0.000106395 -0.000279973 0.000113137 -0.00117225 0.00136633 -0.000581086 -0.000733586 -0.000731939 0.00255567 0.000493789 2.08279e-05 -5.43294e-05 -0.00166284
internal_weight=2136 643.5 429 214.5 1492.5 497.5 319 178.5 73.5 363 165 995 497.5 418 241 79.5 52 132 105 253 78 187 57 110 98 497.5 126.5 177 137.5 77 329 168.5 128.5 77 63.5 88 265.5 143 188.5 99 93.5 51 126.5 126.5
internal_count=1350 351 234 117 999 333 174 159 54 198 90 666 333 270 171 63 48 72 105 138 78 102 57 60 93 333 69 99 75 72 216 117 84 51 45 48 171 78 129 54 51 51 69 69
is_linear=0
shrinkage=0.08


Tree=24
num_leaves=45
num_cat=0
split_feature=14 37 37 37 13 36 1 37 1 37 37 36 20 36 15 36 6 37 37 37 17 34 20 15 37 36 36 37 37 1 37 1 34 21 29 18 37 36 34 37 34 37 32 37
split_gain=0.315425 0.73106 2.06481 0.322189 0.153818 0.144898 0.127072 0.082312 0.0788168 0.0749093 0.0899748 0.115848 0.0723396 0.0440902 0.0420477 0.0377264 0.0332583 0.0309125 0.0271328 0.0266347 0.0333392 0.021597 0.021033 0.0193484 0.0219734 0.0175493 0.0145094 0.0301686 0.0124964 0.0155557 0.00829505 0.00703018 0.00613475 0.00576932 0.00535099 0.00425277 0.00413613 0.00745806 0.00745162 0.00397923 0.00353656 0.00435522 0.00370687 0.00328502
threshold=9.4400000000000031 11.703076923076924 16.685000000000006 9.9200000000000017 7.3450000000000015 2.5000000000000004 17.475000000000005 14.110000000000001 16.765000000000004 7.6250000000000009 10.875000000000002 1.5000000000000002 13.900000000000002 1.5000000000000002 2.5050000000000003 2.5000000000000004 11.992692307692311 9.7850000000000019 16.330000000000002 14.110000000000001 13.900000000000002 43.100000000000009 12.900000000000002 3.1650000000000005 17.650000000000002 2.5000000000000004 2.5000000000000004 9.7850000000000019 5.2400000000000011 13.425000000000002 5.535000000000001 13.425000000000002 9.5000000000000053 3.8000000000000003 8.7000000000000011 4.2000000000000011 10.105000000000002 1.5000000000000002 29.900000000000006 12.116923076923079 34.100000000000009 14.420000000000002 3.9000000000000004 9.7850000000000019
decision_type=2 2 2 2 2 2 2 2 2 2 2 2 2 2 2 2 2 2 2 2 2 2 2 2 2 2 2 2 2 2 2 2 2 2 2 2 2 2 2 2 2 2 2 2
left_child=4 3 -3 17 5 13 -4 12 18 -10 11 -11 14 40 28 -13 23 -2 26 20 22 -20 30 24 25 -12 36 -28 29 -7 31 -15 -19 -9 -29 -25 37 43 -39 -18 -1 42 -42 -6
right_child=1 2 6 -5 8 7 -8 33 9 10 16 15 -14 19 -16 -17 39 32 21 -21 -22 -23 -24 35 -26 -27 27 34 -30 -31 -32 -33 -34 -35 -36 -37 -38 38 -40 -41 41 -43 -44 -45
leaf_value=-0.00051337305850918515 -0.0025687993317842486 -0.024326658960657589 -0.0020662875579566592 0.0055451827368565966 0.00014722694108082403 0.0030200700517743831 0.0057642553320952829 -0.0010660067725587975 -0.0021859923228621484 -0.00054794909815343974 0.00069351062724736564 0.001929012687385448 0.0077071990043509246 0.0013613337781280281 0.004689745643964181 0.004363169852941314 -0.0024771383876601855 1.1291691421151715e-05 -0.00073985041363076084 -0.00047620918867843492 0.004641492893298467 0.0028883567310514901 0.0034435894689522684 -0.00020763433652205601 -0.0010274915633102259 0.0029195175171994108 -0.0027984767770094254 -0.001179341458997061 0.0030958433449268341 0.00020831844166797751 0.0014544968044704939 -0.0005394779963447063 -0.0011024029830507204 0.00081136579625308515 0.00014266952665315734 -0.0014033006363068567 -0.0014342633058043682 -0.0002380365040153265 -0.0014835609190645275 -0.0012040984166334524 0.0011524502590431699 -0.00079712837859988216 -1.4328025281429291e-06 -0.00065695576012201077
leaf_weight=126 90 33 36 52.5 77.5 20 21 22 60 81.5 68 81.5 25.5 20 65 81.5 30 54 21 42 22.5 21 26 45 30 34 77.5 43 41.5 34 84.5 33 76.5 20 36 33 46 48 85.5 33 28 25 49 56
leaf_count=111 36 21 36 21 31 20 21 22 24 34 42 34 20 20 36 34 15 27 21 42 20 21 18 30 30 21 31 27 34 34 53 33 36 20 21 24 40 21 38 27 18 25 32 28
internal_value=5.0136e-12 -0.00214851 -0.0084013 -8.71572e-05 0.000439882 0.00138009 0.000818649 0.00302677 -0.000150664 0.000489855 0.000800098 0.00191474 0.00374908 0.000556755 0.00312022 0.00314609 -0.000198184 -0.00142819 -0.000873831 0.0013434 0.00175428 0.00107425 0.00135696 0.000285453 0.000875739 0.00143551 -0.0010481 -0.00167704 0.00205196 0.00124971 0.000962392 0.000177809 -0.000641564 -0.00017202 -0.000576906 -0.000713493 -0.000733629 -0.00061292 -0.00103573 -0.00181031 -0.00022989 0.000120296 0.000418161 -0.000190108
internal_weight=2136 363 90 273 1773 684 57 228 1089 577.5 517.5 244.5 186 456 160.5 163 273 220.5 511.5 228 186 42 163.5 210 132 102 469.5 156.5 95.5 54 137.5 53 130.5 42 79 78 313 267 133.5 63 228 102 77 133.5
internal_count=1350 198 78 120 1152 558 57 186 594 315 291 102 144 372 124 68 189 99 279 186 144 42 124 147 93 63 237 79 88 54 106 53 63 42 48 54 158 118 59 42 186 75 50 59
is_linear=0
shrinkage=0.08


Tree=25
num_leaves=45
num_cat=0
split_feature=11 37 13 36 5 37 36 16 25 36 37 37 36 7 10 37 0 0 16 36 36 37 37 17 36 7 21 14 17 5 0 36 37 37 21 34 34 37 21 27 13 17 21 31
split_gain=0.297603 1.24877 0.184073 0.123471 0.0921757 0.08756 0.0967949 0.373781 0.136378 0.0782142 0.0780571 0.0577331 0.0989111 0.0717966 0.0677825 0.055013 0.0505085 0.0835578 0.0492417 0.0385844 0.0287467 0.0254926 0.0241789 0.0157697 0.0145762 0.0143095 0.00979727 0.00926244 0.00901439 0.00843107 0.00837355 0.0104968 0.0261687 0.00739097 0.0064824 0.00725625 0.00446109 0.00393952 0.00383925 0.00369222 0.00351581 0.00346182 0.00378737 0.00316344
threshold=9.9350000000000005 9.9650000000000016 7.4050000000000011 2.5000000000000004 10.975000000000003 11.035000000000002 2.5000000000000004 6.0057692307692303 1.6000000000000003 1.5000000000000002 14.110000000000001 9.7850000000000019 2.5000000000000004 9.8950000000000014 7.455000000000001 3.0500000000000003 15.765000000000002 14.695000000000002 6.0057692307692303 1.5000000000000002 1.5000000000000002 14.200000000000001 3.0500000000000003 10.000000000000002 2.5000000000000004 9.8950000000000014 2.5000000000000004 7.8650000000000011 2.1000000000000005 10.085000000000003 17.150000000000002 2.5000000000000004 16.210000000000004 12.01346153846154 1.5000000000000002 35.800000000000004 76.600000000000009 16.195000000000004 2.7000000000000006 9.5000000000000018 7.9050000000000011 13.900000000000002 2.3000000000000003 1.5000000000000002
decision_type=2 2 2 2 2 2 2 2 2 2 2 2 2 2 2 2 2 2 2 2 2 2 2 2 2 2 2 2 2 2 2 2 2 2 2 2 2 2 2 2 2 2 2 2
left_child=2 -2 3 19 11 9 8 -8 -7 -6 15 12 20 -14 -13 -5 17 28 -11 41 27 22 -21 34 -20 -22 -12 -4 -17 30 31 36 40 -10 -24 -36 37 -16 -23 -35 -33 42 -1 -44
right_child=1 -3 4 10 5 6 7 -9 33 18 26 14 13 -15 29 16 -18 -19 24 21 25 38 23 -25 -26 -27 -28 -29 -30 -31 -32 32 -34 39 35 -37 -38 -39 -40 -41 -42 -43 43 -45
leaf_value=-0.00074583150779401796 0.0027326569933353402 -0.015789664047956467 -0.00065498426109552384 -0.00035811459240706072 -0.00045283170291941441 0.0054915408790111543 -0.0098927717097103598 0.0012083300893956964 0.00014589184710262892 0.0047682767450809476 -0.0015947407373182831 0.0030326640445532071 -0.0054931632181008661 -0.0015372074288518534 -0.00029288176619350756 0.0021861150307637273 0.0021512840683054592 0.0076793022311869123 0.0007175799988379533 -0.00089007866553678788 -0.0024635825405518214 -0.0013487026543312131 0.00070400824372484846 0.003073148712515831 0.0026590235094831449 -0.00069749498432097228 0.00074917375687509787 0.00078161195803571628 0.0040422051706734824 -0.0015175400136245621 -0.0016622551598332144 -0.00098504950015528784 0.0024237960796537144 -0.00056011580597524621 0.0028016166146548967 0.0012514277763664722 -0.0015511011456449829 -0.0011297564887596916 0.00014741478609326094 -0.0017352689865843527 6.2468925430236958e-05 0.00047894769924153628 0.00058806691899139811 -0.00031576303450327198
leaf_weight=89.5 61.5 37.5 50 23 74.5 30 30 55 68 50 21 36 60 57.5 144 33 72 42 49.5 23 60 21 51.5 50 49.5 57.5 25 67.5 34 54 33 37 28 44 31.5 50 30 48 23 28 46 38 34.5 88
leaf_count=72 27 27 20 23 30 20 20 37 34 20 21 24 24 23 80 33 32 30 20 23 24 21 39 34 20 23 25 27 34 36 18 22 28 38 28 30 20 48 23 22 24 33 30 63
internal_value=-1.52833e-11 -0.00428337 0.000208176 0.00120438 -0.000372362 0.000507689 -0.000505454 -0.00270971 0.000596672 0.00166362 0.00265601 -0.000893209 -0.0016621 -0.00355727 -0.000298835 0.00332727 0.00379558 0.00488172 0.00272185 0.000478563 -0.000714516 0.00118133 0.00155468 0.00186195 0.0016883 -0.00159933 -0.000320874 0.000170294 0.00312801 -0.000584393 -0.000446715 -0.000326256 0.000308946 -0.000452228 0.00140661 0.00185058 -0.000643857 -0.0005021 -0.000566641 -0.00101712 -0.000404497 -0.000224203 -0.000350239 -6.1215e-05
internal_weight=2136 99 2037 750 1287 478.5 255 85 170 223.5 250 808.5 352.5 117.5 456 204 181 109 149 500 235 250 206 183 99 117.5 46 117.5 67 420 366 333 111 140 133 81.5 222 192 44 72 83 250 212 122.5
internal_count=1350 54 1296 594 702 261 171 57 114 90 198 441 141 47 300 152 129 97 60 396 94 198 154 131 40 47 46 47 67 276 240 222 74 94 97 58 148 128 44 60 46 198 165 93
is_linear=0
shrinkage=0.08


Tree=26
num_leaves=45
num_cat=0
split_feature=11 35 13 36 28 36 0 0 37 35 22 22 16 36 37 37 36 36 16 15 36 35 36 33 37 22 16 35 10 37 9 35 33 30 13 5 33 35 0 26 15 29 37 37
split_gain=0.253413 0.433865 0.160833 0.104506 0.0804188 0.110516 0.189474 0.14167 0.0660675 0.0634208 0.0695776 0.0586099 0.0584014 0.0381705 0.0329918 0.0859668 0.0858683 0.0580165 0.359775 0.148724 0.0326578 0.0319735 0.0273852 0.0216846 0.0215769 0.0228942 0.0216701 0.0155286 0.04473 0.0147408 0.0128182 0.0107222 0.00974823 0.00958386 0.00780307 0.00734349 0.00712456 0.00467195 0.00454886 0.00375567 0.00428375 0.0034706 0.00286545 0.00334978
threshold=9.9450000000000021 1.5000000000000002 7.4050000000000011 2.5000000000000004 14.300000000000001 1.5000000000000002 17.100000000000005 16.920000000000005 14.110000000000001 1.5000000000000002 10.200000000000001 53.300000000000004 6.6350000000000007 2.5000000000000004 10.875000000000002 7.7300000000000013 2.5000000000000004 2.5000000000000004 6.0057692307692303 2.1615384615384623 1.5000000000000002 1.5000000000000002 1.5000000000000002 2.1000000000000005 14.200000000000001 53.300000000000004 6.6350000000000007 1.0000000180025095e-35 7.8050000000000006 10.105000000000002 10.025 1.5000000000000002 2.5000000000000004 6.0000000000000009 7.8800000000000008 9.9050000000000029 2.5000000000000004 1.5000000000000002 15.475000000000001 6.6000000000000005 3.1650000000000005 3.3000000000000003 14.280000000000003 5.535000000000001
decision_type=2 2 2 2 2 2 2 2 2 2 2 2 2 2 2 2 2 2 2 2 2 2 2 2 2 2 2 2 2 2 2 2 2 2 2 2 2 2 2 2 2 2 2 2
left_child=2 -2 3 20 5 7 9 29 11 27 13 21 -13 -11 15 -6 22 19 -19 -16 42 23 -17 -5 25 31 -27 28 -7 37 -29 32 -22 -20 -31 -23 41 -4 -10 40 -21 -30 43 -1
right_child=1 -3 4 8 14 6 -8 -9 38 10 -12 12 -14 -15 17 16 -18 18 33 39 24 35 -24 -25 -26 26 -28 30 36 34 -32 -33 -34 -35 -36 -37 -38 -39 -40 -41 -42 -43 -44 -45
leaf_value=-0.0005353336423410968 -0.0096433685301906529 0.0020078817556301752 -0.0004987423928188426 0.0020290295129945114 -0.0022249426011823944 0.0037407113814895802 -0.0066097214208407839 0.0049311861557910196 0.00040253094254204865 -0.0017307266256501596 0.00044588570222258567 0.0020023107330004375 0.0071979253470069839 -0.0042415599130815078 0.0064435862982645635 -0.00055046390718183459 0.0037603942639170551 -0.0091013497573633993 0.00050601034635497681 0.0004772781316257481 0.00077825891158106366 0.0015513951463412634 0.0015694367649176947 0.0046519344692167479 -0.00052130996969274501 0.00082187084356943765 0.003986739798759421 -0.00023830612591750809 -0.00060510435048490767 -0.0026688068036151971 -0.0017927501847346625 0.00012543760998131231 0.0025412669832653861 0.0024649105221033096 -0.00053588167054667362 -0.00020067881047725676 -0.0017091893255710602 0.00036258869382895924 -0.0012022599978954531 -0.00073183870192022166 -0.00064126006456919845 0.00088525964756263427 -0.00080899709538070539 0.00014409091034684788
leaf_weight=70 45 37.5 70 43 45 22 44 38.5 26 77.5 50 22.5 36 77.5 24 78 78 30 31 56 49 39.5 78 38 44 22.5 36 116 20 23 48 64.5 34 33 21 25 20 95 20 72 36 20 42 138
leaf_count=70 30 15 35 39 18 22 24 21 26 31 20 10 32 31 16 32 32 20 21 40 44 35 32 26 44 10 32 58 20 20 24 45 23 23 21 10 20 38 20 48 24 20 42 86
internal_value=1.38e-11 -0.00434735 0.000174656 0.00110803 -0.000362383 -0.000908576 -0.00159872 0.000471711 0.00244353 -0.00110984 -0.00214906 0.00306109 0.00519961 -0.00298614 0.00036052 0.000977305 0.00159312 -0.000249703 -0.00187247 0.00056168 0.000440278 0.00220127 0.000509486 0.00325953 0.00108682 0.00143031 0.00276948 -0.000243823 0.000655061 -0.000349771 -0.000693265 0.000899176 0.00150045 0.00151607 -0.00165082 0.000872297 -0.000476345 -2.82449e-06 -0.000295204 -0.000299086 3.95893e-05 0.000140078 -0.000206267 -8.45616e-05
internal_weight=2136 82.5 2053.5 750 1303.5 742.5 495 247.5 250 451 205 204 58.5 155 561 279 234 282 94 188 500 145.5 156 81 250 206 58.5 246 82 209 164 147.5 83 64 44 64.5 60 165 46 164 92 40 250 208
internal_count=1350 45 1305 594 711 405 270 135 198 246 82 152 42 62 306 114 96 192 64 128 396 110 64 65 198 154 42 164 82 114 82 112 67 44 41 45 60 73 46 112 64 40 198 156
is_linear=0
shrinkage=0.08


Tree=27
num_leaves=45
num_cat=0
split_feature=11 35 22 37 36 35 23 36 16 11 37 35 36 0 0 36 16 37 5 36 35 16 37 22 36 10 16 17 33 33 13 37 27 16 37 0 37 3 37 14 27 31 22 17
split_gain=0.214489 0.367224 0.1373 0.101279 0.118948 0.0604306 0.0544761 0.133232 0.525508 0.385402 0.0815048 0.0810127 0.0690742 0.0451694 0.0426688 0.0357379 0.0347946 0.0293582 0.0431107 0.027947 0.0214517 0.0208629 0.0276762 0.0207396 0.0157735 0.0154531 0.0140921 0.0112801 0.0109267 0.0106592 0.00987972 0.00984129 0.0107993 0.00835001 0.00765767 0.0127416 0.0122701 0.0126173 0.00761916 0.00843978 0.00697382 0.00587731 0.00446486 0.00410442
threshold=9.9450000000000021 1.5000000000000002 14.300000000000002 9.7050000000000018 2.5000000000000004 1.5000000000000002 1.0000000180025095e-35 1.5000000000000002 6.0311538461538472 9.8950000000000014 8.0350000000000019 1.5000000000000002 2.5000000000000004 15.280000000000003 16.210000000000004 1.5000000000000002 8.0400000000000009 11.911538461538465 11.784230769230772 2.5000000000000004 1.5000000000000002 6.4000000000000012 13.005000000000003 57.000000000000007 1.5000000000000002 7.6650000000000009 8.0400000000000009 4.5000000000000009 8.1000000000000014 0.70000000000000007 7.8500000000000005 11.911538461538465 6.2000000000000011 6.1050000000000013 16.455000000000002 16.765000000000004 11.802307692307695 16.195000000000004 9.7050000000000018 7.8500000000000005 2.3000000000000003 1.5000000000000002 59.70000000000001 3.3000000000000003
decision_type=2 2 2 2 2 2 2 2 2 2 2 2 2 2 2 2 2 2 2 2 2 2 2 2 2 2 2 2 2 2 2 2 2 2 2 2 2 2 2 2 2 2 2 2
left_child=2 -2 6 4 15 13 7 8 -1 11 -8 25 24 -6 30 41 -7 33 -19 -16 23 42 -23 -17 40 29 -22 -24 -29 -9 -13 -26 -33 -14 36 -36 37 -27 39 -10 -12 -4 -5 -43
right_child=1 -3 3 21 5 16 10 9 38 -11 12 14 17 -15 19 20 -18 18 -20 -21 26 22 27 -25 31 34 -28 28 -30 -31 -32 32 -34 -35 35 -37 -38 -39 -40 -41 -42 43 -44 -45
leaf_value=0.01256490325385874 -0.0088718991540372369 0.0018472511758406956 0.00079346310491451913 -0.0005767208131606152 0.0076458288548570683 0.0033277647746792921 -0.001884153376850817 0.00024887183129774511 -0.0007250781949744167 -0.0098418187282302162 -0.0013544711284339428 0.00036829449487133669 0.003769656357012297 0.0028277010470628737 -0.0017575962810680785 0.0018150397023242533 -0.00025562001554214436 0.0035683097094297411 -0.0011664073896099582 -0.0039788759827196337 0.0015933763489444205 0.002719704441726208 0.00095777038314069304 0.0050798397045582538 0.0011252139025229087 -0.0014791748620336875 -0.00068709445590882194 -0.00138799940057571 0.00082198756791296464 0.0024254371939847865 -0.0014831545799970627 0.0010998941991816867 -0.0012336545294771592 0.0022615776074829922 -2.3117544702612438e-05 -0.0026390403712337669 0.0011901891802584654 0.00013325211803682827 -0.00073376714653610375 0.00073524730022136986 -0.00016426302436739208 -0.00096370613295584918 -0.0016736079589851822 6.7781807562379646e-05
leaf_weight=22 45 37.5 42 114 33 70.5 90 36 41.5 33 46 39 47.5 20 72.5 33 23 20 32 72.5 70.5 30 45 20 94 48 23 45 21 24 35 22 30 46.5 26 22 38 88 138.5 65 100 40 30 64.5
leaf_count=12 30 15 33 78 31 36 36 36 31 18 28 30 20 10 29 26 23 20 22 29 36 21 45 15 42 24 23 45 21 20 14 21 21 22 26 22 32 44 93 26 56 28 21 39
internal_value=-8.79079e-12 -0.00399956 0.000160683 0.00104666 0.00180834 0.00366959 -0.000322303 -0.000738148 0.000720979 -0.00146771 0.000308552 -0.000916124 0.000759108 0.00582767 -0.00207051 0.00087772 0.00244629 0.00217988 0.000654638 -0.00286824 0.00176125 -0.000127936 0.000563777 0.00304704 4.87198e-05 -1.9635e-05 0.0010324 -1.8906e-05 -0.000684822 0.0011195 -0.000507391 0.0006367 -0.000246384 0.00302364 -0.000327509 -0.00122208 -8.073e-05 -0.00043584 -0.000342557 0.0001662 -0.00053926 -5.80797e-06 -0.000805239 -0.000327046
internal_weight=2136 82.5 2053.5 724.5 439.5 146.5 1329 801 267 534 528 501 438 53 219 293 93.5 146 52 145 146.5 285 141 53 292 282 93.5 111 66 60 74 146 52 94 222 48 174 136 245 106.5 146 146.5 144 104.5
internal_count=1350 45 1305 531 300 100 774 486 162 324 288 306 252 41 102 200 59 84 42 58 100 231 132 41 168 204 59 111 66 56 44 84 42 42 148 48 100 68 150 57 84 100 99 67
is_linear=0
shrinkage=0.08


Tree=28
num_leaves=45
num_cat=0
split_feature=4 35 2 2 37 37 7 21 37 36 35 4 36 26 36 37 35 21 21 2 36 8 26 29 37 37 23 20 4 35 37 21 36 37 36 21 5 2 37 32 31 30 8 37
split_gain=0.217891 1.11833 0.11128 0.0807363 0.0960122 0.0961044 0.0680727 0.0404972 0.039071 0.0451936 0.0335552 0.0847514 0.101366 0.0486066 0.0276384 0.0245155 0.020526 0.0593624 0.0239596 0.0210045 0.0197727 0.0190315 0.0180884 0.0151653 0.0148188 0.0247361 0.0147568 0.0133746 0.0129253 0.0127836 0.00990619 0.0113219 0.0107172 0.0293801 0.00953453 0.00919404 0.0073253 0.00729652 0.00708125 0.00711343 0.00594486 0.0059324 0.00472728 0.00466755
threshold=17.955000000000002 1.5000000000000002 15.625000000000002 14.570000000000002 8.5250000000000004 6.8050000000000006 10.145000000000001 15.000000000000002 10.875000000000002 1.5000000000000002 1.5000000000000002 16.140000000000004 2.5000000000000004 0.50000000000000011 1.5000000000000002 8.7750000000000004 1.5000000000000002 5.6000000000000005 2.3000000000000003 14.110000000000001 2.5000000000000004 9.8950000000000014 1.1000000000000003 1.7000000000000004 12.01346153846154 17.380000000000006 6.6000000000000005 0.50000000000000011 17.795000000000005 1.0000000180025095e-35 16.740000000000006 3.8000000000000003 2.5000000000000004 16.140000000000004 2.5000000000000004 2.3000000000000003 11.992692307692311 16.465000000000007 14.200000000000001 3.1000000000000005 6.3000000000000016 1.7000000000000004 9.8950000000000014 10.115
decision_type=2 2 2 2 2 2 2 2 2 2 2 2 2 2 2 2 2 2 2 2 2 2 2 2 2 2 2 2 2 2 2 2 2 2 2 2 2 2 2 2 2 2 2 2
left_child=2 -2 3 16 5 7 10 -5 9 -8 13 23 14 30 -13 35 20 18 19 -18 38 -14 -10 -12 26 40 -24 -22 -17 -29 31 32 41 37 -6 -11 -27 -34 39 -1 -26 -4 -16 -15
right_child=1 -3 6 4 34 -7 8 -9 22 15 11 12 21 43 42 28 17 -19 -20 -21 27 -23 24 -25 25 36 -28 29 -30 -31 -32 -33 33 -35 -36 -37 -38 -39 -40 -41 -42 -43 -44 -45
leaf_value=0.00032783905425134838 -0.011426986137543012 0.0056491366310252094 0.00012361379430836275 0.0010720914829936293 0.00017904468057356005 0.0084947710118635934 -0.00020985429595017063 0.0054926664453177221 0.0019360073748975993 0.00027391717210412022 -1.507552322887239e-05 0.0001839037679056538 -0.0044377737928319857 0.0012475195055206617 -0.0019879959650613644 0.0038195168574651083 -0.0016055973109817415 -0.0039330742275342345 0.0027172707238545019 0.0015048366367894537 0.0006748364865779877 -0.0023785246089100837 -0.00062285872676444279 0.0019077969787176699 -0.0011137360065347618 -0.00044382600023204255 0.0012474110643206924 0.0015363672162805285 0.0019322867208393291 0.0043277702090286077 -0.0016148078954145789 -0.0010402109435373786 -0.00093240664177574224 0.0029260128335310866 0.0019556305512528995 0.0018080862671136855 0.0014362669547664977 0.00051721295500174172 -0.00080891412897751886 0.0018779221757237489 -0.0026579897650159325 -0.00070658807447639247 -0.00096168814748525625 0.0026262748691387415
leaf_weight=90 54 45 90 36 58 27 96.5 21 24 50 52.5 117.5 67.5 30 67.5 45 33 24 24 24 28 50 54 52.5 27 36 54 21 48 21 39 99 40 26 29 50 21 50 26 24 39 142 50 33
leaf_count=90 36 18 54 27 44 21 40 21 18 20 21 47 27 15 27 20 33 24 24 24 28 20 27 21 21 36 27 21 20 21 39 66 22 26 22 20 21 25 26 24 27 92 20 27
internal_value=-3.08561e-12 -0.00366511 0.000178128 0.00123444 0.00263391 0.0045631 -0.000152863 0.00270072 0.000567711 0.00120372 -0.000542681 -0.00104869 -0.00164295 -0.000121011 -0.000683683 0.00191051 0.000474725 -0.000438552 0.000596863 -0.000295941 0.000931363 -0.0035615 -0.000154347 0.000946361 -0.000371527 -0.00097194 0.000312276 0.00202918 0.00284546 0.00293207 -0.000392033 -0.000285348 -7.06022e-05 0.000557248 0.00077124 0.001041 0.00024884 -0.000127062 0.000382456 0.000654172 -0.00202625 -0.000384527 -0.00155127 0.00196972
internal_weight=2136 99 2037 486 171 84 1551 57 544.5 289.5 1006.5 457.5 352.5 549 235 193 315 105 81 57 210 117.5 255 105 231 123 108 70 93 42 486 447 348 116 87 100 57 90 140 114 66 232 117.5 63
internal_count=1350 54 1296 450 135 69 846 48 297 120 549 183 141 366 94 80 315 105 81 57 210 47 177 42 159 105 54 70 40 42 324 285 219 73 66 40 57 47 140 114 48 146 47 42
is_linear=0
shrinkage=0.08


Tree=29
num_leaves=45
num_cat=0
split_feature=4 35 1 36 1 37 7 37 36 35 4 36 26 36 36 1 37 37 8 26 37 29 37 37 23 36 37 1 37 37 21 18 31 37 5 37 18 37 7 15 31 8 37 1
split_gain=0.184423 0.946554 0.0941875 0.0703711 0.0678056 0.060539 0.0576167 0.0330697 0.0390721 0.0284012 0.0717336 0.0857962 0.0411406 0.0233932 0.0218327 0.0224605 0.02144 0.0161788 0.0161083 0.01531 0.012959 0.0128359 0.0125426 0.0209366 0.0124902 0.0124801 0.0083846 0.0132178 0.00888119 0.00833021 0.00788888 0.0101379 0.00696165 0.00644844 0.00620014 0.00585518 0.00581981 0.00837879 0.00530211 0.0062358 0.00503173 0.00400117 0.00395062 0.0034466
threshold=17.955000000000002 1.5000000000000002 15.695000000000002 2.5000000000000004 14.640000000000002 8.8800000000000008 10.145000000000001 10.875000000000002 2.5000000000000004 1.5000000000000002 16.140000000000004 2.5000000000000004 0.50000000000000011 1.5000000000000002 1.5000000000000002 14.695000000000002 9.0050000000000008 8.7750000000000004 9.8950000000000014 1.1000000000000003 3.0500000000000003 1.7000000000000004 12.01346153846154 17.380000000000006 6.6000000000000005 1.5000000000000002 16.740000000000006 17.070000000000004 16.330000000000002 13.775000000000002 3.5000000000000004 2.1000000000000005 6.9000000000000012 3.0500000000000003 11.992692307692311 8.7750000000000004 6.4000000000000012 4.8450000000000006 9.4750000000000014 2.1950000000000003 6.3000000000000016 9.8950000000000014 10.115 16.525000000000002
decision_type=2 2 2 2 2 2 2 2 2 2 2 2 2 2 2 2 2 2 2 2 2 2 2 2 2 2 2 2 2 2 2 2 2 2 2 2 2 2 2 2 2 2 2 2
left_child=2 -2 3 14 20 -6 9 8 25 12 21 13 26 -12 -1 33 -17 -10 -13 -9 -5 -11 24 40 -21 -8 27 28 38 30 31 -22 -30 -16 -25 -27 37 -35 -4 43 -24 -15 -14 -40
right_child=1 -3 6 4 5 -7 7 19 17 10 11 18 42 41 15 16 -18 -19 -20 22 29 -23 23 34 -26 35 -28 -29 32 -31 -32 -33 -34 36 -36 -37 -38 -39 39 -41 -42 -43 -44 -45
leaf_value=-0.00020172200055741188 -0.010512826756608707 0.00519720570039418 0.00053786375973787577 -0.00038693844381233918 0.0070228935219347477 0.0017687726005911827 -0.00019306593666268136 0.0017811267268067845 0.0014228380486369133 -1.3869467235746836e-05 0.00016919146299837753 -0.0040827519054766051 0.0011477178906401 -0.0018289563039110767 -0.0007427586554347174 0.0037655805339454674 0.00052134381411385474 0.0034959149328611227 -0.0021882426206022501 -0.00057303002897512035 0.0016205709740752356 0.0017551731896542366 -0.0010246371181198844 -0.00040831994368798207 0.0011476181511318794 0.00049260517880320555 -0.0014856232382739201 0.0010883636020922235 -0.00023061485650638741 0.00038762647303796949 0.00097937649559407002 0.0041677778363227846 0.0017115005105733871 0.0025040502450428903 0.0013213655893646538 0.0017397363059302813 -0.00038845272357797343 0.00052922203696322283 0.0004758905019197199 -0.0009014723292870365 -0.0024453506332177384 -0.00088475309442728755 0.0024161728691648354 -0.00045029554551648395
leaf_weight=162 54 45 27 23 32 25 96.5 24 50 52.5 117.5 67.5 30 67.5 23 32 22 46.5 50 54 20 52.5 27 36 54 50 39 42 27 21 21 20 21 20 21 46.5 21 44 36 204 39 50 33 90
leaf_count=150 36 18 18 23 25 20 40 18 20 21 47 27 15 27 23 24 18 20 20 27 20 21 21 36 27 20 39 21 27 21 21 20 21 20 21 20 21 44 21 132 27 20 27 45
internal_value=1.23024e-11 -0.0033719 0.000163877 0.00113568 0.00249708 0.00471845 -0.000140634 0.000522294 0.00110742 -0.000499267 -0.00096479 -0.00151152 -0.000111331 -0.000628988 0.000454985 0.00111169 0.00244385 0.00242178 -0.00327658 -0.000142 0.00129119 0.000870652 -0.000341805 -0.000894185 0.000287294 0.000450244 -0.00036067 -0.00026252 -0.000402612 0.00176188 0.00223498 0.00289417 0.000619061 0.000445609 0.000228933 0.00109355 0.000767168 0.00114636 -0.000539979 -0.000628166 -0.00186415 -0.00142717 0.00181215 -0.000185671
internal_weight=2136 99 2037 486 162 57 1551 544.5 289.5 1006.5 457.5 352.5 549 235 324 162 54 96.5 117.5 255 105 105 231 123 108 193 486 447 405 82 61 40 48 108 57 96.5 85 64 357 330 66 117.5 63 126
internal_count=1350 54 1296 450 150 45 846 297 120 549 183 141 366 94 300 150 42 40 47 177 105 42 159 105 54 80 324 285 264 82 61 40 48 108 57 40 85 64 216 198 48 47 42 66
is_linear=0
shrinkage=0.08


Tree=30
num_leaves=45
num_cat=0
split_feature=11 15 1 36 36 1 36 12 11 37 37 31 22 37 37 36 37 15 35 33 20 36 28 20 36 37 37 27 33 32 1 37 35 7 36 1 29 36 36 15 15 25 12 31
split_gain=0.176193 0.0850518 0.0899093 0.0608032 0.0432955 0.0363063 0.0683871 0.370709 0.271932 0.0543515 0.0332691 0.0295143 0.0238373 0.0281612 0.0230614 0.0200897 0.0194239 0.040514 0.0189901 0.0129975 0.011293 0.0100575 0.00934516 0.00847186 0.00833413 0.00989037 0.00592377 0.00528971 0.00516894 0.00404982 0.00373411 0.0035278 0.0184238 0.011894 0.0063066 0.00744906 0.00584137 0.00334072 0.00303906 0.00788978 0.00302913 0.00209167 0.00348686 0.00303442
threshold=9.9550000000000018 2.5050000000000003 15.195000000000002 2.5000000000000004 2.5000000000000004 14.455000000000002 2.5000000000000004 9.8250000000000011 9.8950000000000014 11.802307692307695 12.01346153846154 8.1000000000000014 10.200000000000001 9.6700000000000017 7.5300000000000002 1.5000000000000002 14.200000000000001 2.1950000000000003 1.5000000000000002 2.1000000000000005 3.7000000000000006 1.5000000000000002 57.20000000000001 0.50000000000000011 1.5000000000000002 12.01346153846154 7.5750000000000002 6.2000000000000011 6.3000000000000016 2.5000000000000004 13.710000000000003 9.6200000000000028 1.5000000000000002 10.115 1.5000000000000002 16.210000000000004 3.9000000000000004 2.5000000000000004 1.5000000000000002 2.2950000000000004 3.0950000000000002 5.4000000000000012 7.3450000000000015 9.9000000000000004
decision_type=2 2 2 2 2 2 2 2 2 2 2 2 2 2 2 2 2 2 2 2 2 2 2 2 2 2 2 2 2 2 2 2 2 2 2 2 2 2 2 2 2 2 2 2
left_child=1 5 3 15 24 16 8 9 31 12 14 29 13 -8 -6 -3 17 18 21 30 40 -1 -12 -23 41 26 -26 -27 -28 -11 -20 34 33 38 35 -7 -36 -25 39 -33 -16 42 -4 -43
right_child=-2 2 4 -5 10 6 7 -9 -10 11 22 -13 -14 -15 20 -17 -18 -19 19 -21 -22 23 -24 37 25 27 28 -29 -30 -31 -32 32 -34 -35 36 -37 -38 -39 -40 -41 -42 43 -44 -45
leaf_value=-2.5454784627072513e-05 -0.0040690808480774816 0.00020526325437598505 -0.00010962204854380086 0.0065158937076249951 0.0003279871294895808 -0.00052770585454297518 -0.0027087273213171194 -0.008821346335983896 0.0060430467958477408 -0.00020435870659572109 0.00046965648730595908 0.0041040451303124429 9.4373284388851646e-05 -0.00051520975264881196 0.0033636569944412815 0.0033501519198314502 -0.0015093740934713018 0.0035077493991702798 -0.0021044448142250381 0.0010715462400444917 0.0013286665853332073 0.00054066755686930955 -0.0016538808791942538 0.001426365732655136 -8.9778377625503031e-05 8.3170400533292966e-05 0.00044885470351176474 -0.0014998920617455786 0.0014371296665529264 0.0012976059615612029 -0.00076211206485620798 -0.00053397439147894539 -0.0021380393538210129 0.00084513377509124214 -2.8500681164917875e-05 0.00073949229151562405 -0.0011467509205232709 0.0026848363490016374 -0.00033634245565867632 -0.0019414485954312663 0.0024619423334646708 0.00050467535482973537 -0.00089405586152817274 -0.00040839553519029815
leaf_weight=48 66 26 80.5 26 45 53 77.5 38.5 44 27 36 20 75.5 72.5 46 26 27 30 21 21 42.5 42 21 27 47.5 35 67 22 68.5 20 36 112 45 42 55 67.5 65.5 27 145 33 49.5 44 66 49.5
leaf_count=48 36 24 48 24 21 26 31 21 24 24 36 19 38 35 21 24 27 30 21 21 20 42 15 27 22 34 31 17 31 18 36 75 18 28 22 27 31 27 98 23 22 24 36 27
internal_value=-5.32412e-14 0.000129739 0.000777162 0.0033571 0.000497669 -0.000276428 -0.000502978 -0.00144187 -3.35303e-05 -0.000470559 0.00137499 0.00153008 -0.00106498 -0.00164853 0.00190067 0.00177771 0.000529897 0.00074839 0.000375503 -0.000629832 0.0024135 0.00092006 -0.000312699 0.00139282 5.90071e-05 0.000392356 0.000678974 -0.000527836 0.000948462 0.000434775 -0.00125666 -0.000466167 -0.000618989 -0.000413093 -0.000227105 0.000182135 -0.000636346 0.0020556 -0.000595319 -0.000854296 0.00289628 -0.000274342 -0.000463019 2.12849e-05
internal_weight=2136 2070 798 78 720 1272 993 331 662 292.5 240 67 225.5 150 183 52 279 252 222 78 138 144 57 96 480 240 183 57 135.5 47 57 618 377 332 241 120.5 120.5 54 290 145 95.5 240 146.5 93.5
internal_count=1350 1314 477 72 405 837 558 186 372 165 135 61 104 66 84 48 279 252 222 78 63 144 51 96 270 135 84 51 62 42 57 348 242 224 106 53 53 54 196 98 43 135 84 51
is_linear=0
shrinkage=0.08


Tree=31
num_leaves=45
num_cat=0
split_feature=4 27 22 36 0 0 0 0 36 14 36 23 36 0 0 36 0 34 21 21 4 14 29 36 31 22 0 17 29 29 9 29 36 22 36 36 17 33 30 8 6 33 32 33
split_gain=0.153153 0.153725 0.0681278 0.0574245 0.0380791 0.0257332 0.0356623 0.0282257 0.0183147 0.015693 0.0141408 0.0167413 0.0124243 0.0106707 0.014531 0.00779134 0.00647807 0.00624801 0.00574302 0.00762583 0.00542367 0.00353067 0.00325274 0.00322666 0.00309788 0.00290053 0.00280825 0.00271826 0.00276499 0.00463641 0.00263803 0.0023757 0.00228433 0.0021901 0.00192103 0.0018084 0.00171242 0.00148247 0.00147951 0.00139827 0.00124152 0.00103224 0.0008586 0.000695627
threshold=17.955000000000002 3.4000000000000004 14.300000000000002 2.5000000000000004 17.430000000000003 15.765000000000002 14.695000000000002 15.280000000000003 1.5000000000000002 7.8350000000000009 2.5000000000000004 2.3000000000000003 1.5000000000000002 15.695000000000002 14.760000000000003 1.5000000000000002 13.265000000000002 86.000000000000014 5.6000000000000005 2.3000000000000003 17.680000000000003 7.6950000000000012 8.9000000000000021 2.5000000000000004 1.5000000000000002 11.300000000000002 14.390000000000002 3.3000000000000003 7.1000000000000005 3.5000000000000004 10.025 6.9000000000000012 2.5000000000000004 36.70000000000001 1.5000000000000002 1.5000000000000002 0.50000000000000011 3.5000000000000004 2.1000000000000005 10.045000000000002 10.105000000000002 4.2000000000000011 4.6000000000000005 6.9000000000000012
decision_type=2 2 2 2 2 2 2 2 2 2 2 2 2 2 2 2 2 2 2 2 2 2 2 2 2 2 2 2 2 2 2 2 2 2 2 2 2 2 2 2 2 2 2 2
left_child=2 -2 4 8 9 6 16 -8 24 15 11 -6 30 14 18 25 -5 35 19 -10 -12 32 23 42 37 39 -18 41 29 -29 -11 43 40 -7 -19 -13 -34 -4 -25 -1 -17 -26 -14 -15
right_child=1 -3 3 5 10 33 7 -9 13 12 20 17 22 31 -16 21 26 34 -20 -21 -22 -23 -24 38 27 -27 -28 28 -30 -31 -32 -33 36 -35 -36 -37 -38 -39 -40 -41 -42 -43 -44 -45
leaf_value=-0.00056304415694169148 7.9656080766157662e-05 -0.0062251971225545863 -6.7517716331478168e-05 0.0025185978046751451 0.0013820081400600346 0.00042410885842589593 0.005994622143558585 0.0024203941995097743 0.00010908718859017999 5.015816699332473e-05 0.0017705363064450174 -0.00097929597578265458 -0.000743157025873473 -0.00022907407298176127 0.0023643132533455631 -0.00012928247551325763 0.00029430445697572495 -7.6120204546234832e-05 -0.00054053689597085826 0.0020689747699846827 0.00067287456362762229 -0.00030434730003116192 -0.00058304943821646949 -0.0011637607612809936 -0.00043300953425340734 -0.0012284620567824635 0.0015277980010779131 -0.00051001801204697138 -0.00072909646321620263 0.00077843491042990035 -0.00057403461042127306 0.00074928767652577394 0.00024103371947202632 0.0011630968050426477 0.00072305351882785945 -0.00029546439083236636 0.0008991805047870756 0.0007059331218061864 -0.001689021076555505 6.2494238443446887e-05 0.00046732018998062072 -0.0010584621910960709 -0.0011883915900615613 0.00023656414265369439
leaf_weight=74.5 49.5 49.5 39.5 21 55 38.5 26 31 27 110 60.5 49.5 99 44 48.5 69 27 38.5 21 24 55 77 88 71.5 29.5 33 21 35.5 35 36 71.5 38.5 46.5 77 38.5 49.5 55.5 26.5 66 33 33 39.5 38.5 38.5
leaf_count=57 27 27 36 21 30 21 24 21 27 60 33 27 54 24 39 54 27 21 21 24 30 42 48 39 24 18 21 27 24 21 39 21 39 42 21 27 33 18 36 18 18 27 21 21
internal_value=1.05332e-11 -0.00307277 0.000149339 0.000772051 -0.000194398 0.00177929 0.00256994 0.00405074 0.00026843 -0.000452473 0.000525086 0.000163709 -0.00073617 0.000761055 0.00129393 -8.59901e-05 0.00134667 -0.00021701 0.000572909 0.00103139 0.00124784 0.00015722 -0.00100639 -0.00114185 -0.000224195 -0.000572411 0.000833958 -0.000399905 -0.000146482 0.000138714 -0.000195736 0.00023038 0.00033144 0.000916767 0.000323467 -0.00063738 0.000599143 0.000243035 -0.00141589 -0.000371018 6.3736e-05 -0.000791059 -0.000867823 -1.17762e-05
internal_weight=2136 99 2037 724.5 1312.5 241.5 126 57 483 966 346.5 231 544.5 241.5 120.5 421.5 69 176 72 51 115.5 281 363 275 241.5 140.5 48 175.5 106.5 71.5 181.5 121 204 115.5 77 99 102 66 137.5 107.5 102 69 137.5 82.5
internal_count=1350 54 1296 531 765 177 114 45 354 576 189 126 297 177 111 279 69 96 72 51 63 186 198 150 177 93 48 123 72 48 99 66 144 63 42 54 72 54 75 75 72 51 75 45
is_linear=0
shrinkage=0.08


Tree=32
num_leaves=45
num_cat=0
split_feature=12 32 0 0 37 37 21 0 37 36 31 23 37 27 36 37 37 37 18 0 37 37 28 37 37 37 32 33 18 36 37 37 37 23 36 21 6 36 37 0 37 25 27 30
split_gain=0.131435 0.173812 0.0575568 0.0444451 0.0686869 0.0750094 0.0344134 0.0260423 0.0940272 0.205769 0.996535 0.283883 0.180873 0.0357379 0.028645 0.0221421 0.0187149 0.0158724 0.0338534 0.0160001 0.0208543 0.0195486 0.0127223 0.0120482 0.0172995 0.0260486 0.0137729 0.0106129 0.00947964 0.00920553 0.0167756 0.00870363 0.00848585 0.00832315 0.00829542 0.00712395 0.00683927 0.00548724 0.00529983 0.00508305 0.00432205 0.00379706 0.00337677 0.00336784
threshold=9.9350000000000005 1.7000000000000004 15.765000000000002 14.695000000000002 8.5250000000000004 6.8050000000000006 15.000000000000002 17.220000000000002 10.875000000000002 1.5000000000000002 1.3 1.9000000000000001 9.9350000000000005 4.1000000000000005 2.5000000000000004 11.911538461538465 17.380000000000006 16.330000000000002 0.3000000000000001 16.155000000000005 7.6650000000000009 7.8200000000000012 9.3000000000000025 3.0500000000000003 3.8950000000000005 4.3200000000000012 2.5000000000000004 2.1000000000000005 3.0000000000000004 2.5000000000000004 9.7850000000000019 12.405000000000003 14.200000000000001 5.8000000000000007 1.5000000000000002 10.000000000000002 11.974615384615387 2.5000000000000004 9.8250000000000011 15.345000000000001 10.105000000000002 7.5000000000000009 5.4000000000000012 1.0000000000000002
decision_type=2 2 2 2 2 2 2 2 2 2 2 2 2 2 2 2 2 2 2 2 2 2 2 2 2 2 2 2 2 2 2 2 2 2 2 2 2 2 2 2 2 2 2 2
left_child=2 -2 3 23 5 6 -5 17 12 11 -11 -10 13 33 34 -12 36 19 -19 21 -21 -4 29 27 28 -26 32 -1 -25 40 -31 -28 37 -9 -15 -23 -17 -27 -32 -6 43 -18 -13 -22
right_child=1 -3 7 4 39 -7 -8 8 9 10 15 42 -14 14 -16 16 41 18 -20 20 22 35 -24 24 25 26 31 -29 -30 30 38 -33 -34 -35 -36 -37 -38 -39 -40 -41 -42 -43 -44 -45
leaf_value=-0.0012560981899878243 -0.006198635842613499 0.00050548368331157804 0.0013866614575187366 0.00042144621981100904 -0.00042132202140761149 0.00704157255589962 0.0044964737569292389 -0.0013605653059203177 0.0089079058350160206 -0.017498344148043545 0.00095767400285694747 -0.0011496381513003645 0.0053315521842032141 -0.0003239607959985733 0.0026757664542113031 -0.00098741814959794286 -0.0003573485057462345 -0.00035484167599034584 0.0030077865257583281 -0.0019029733282203477 7.2491768686497803e-05 0.000110494266352838 0.00085433804829205791 0.0032767946907274782 -0.0023766162016406835 4.8083957785943438e-05 0.0029638943292333614 0.00090016312498067104 0.00087303366600757553 -0.001834794290465652 0.00035675718759497008 0.00084038056634987395 -0.0013078764337114989 1.8722450626747951e-05 0.0010981860607862473 -0.0013506438678854871 -0.0026994681172072886 0.0012412802663606566 -0.00082980372835840793 0.00083893150220521633 -0.0011057318205183204 0.0011289885771376166 -2.7241842555148262e-05 -0.00045554845618145867
leaf_weight=48 49.5 49.5 60 36 33 27 21 60 29 24 72 29 57 52.5 52.5 32 22 66 27 75 122 52.5 42 21 21 74 21 21 21 90 42 30 21 52.5 52.5 36 28 37 56.5 54 44 22 42 211
leaf_count=48 27 27 24 27 30 21 21 24 20 16 36 21 27 21 21 28 22 66 27 30 54 33 21 21 21 74 21 21 21 36 21 30 21 21 21 24 14 37 36 36 38 22 28 94
internal_value=-3.29125e-12 -0.00284658 0.000138346 0.000898026 0.00193637 0.0035681 0.00192277 -9.96968e-05 0.000298251 -0.000724562 -0.00220607 0.00223846 0.00123661 0.000372124 0.00115 -0.000120761 -0.000867369 -0.000369733 0.000621405 -0.000480654 -0.000644398 0.000271902 -0.000489018 0.000334354 0.000596385 0.000291983 0.000598215 -0.000599845 0.00207491 -0.00058879 -0.00104526 0.00171477 0.00016682 -0.000716898 0.000387113 -0.000483867 -0.00178637 0.000445816 -0.000323859 0.000360904 -0.000360554 0.00038582 -0.000485685 -0.000262092
internal_weight=2136 99 2037 486 171 84 57 1551 627 300 200 100 327 270 157.5 176 104 924 93 831 682.5 148.5 607.5 315 246 204 183 69 42 565.5 188.5 51 132 112.5 105 88.5 60 111 98.5 87 377 44 71 333
internal_count=1350 54 1296 450 135 69 48 846 342 207 138 69 135 108 63 122 86 504 93 411 330 81 300 315 246 204 183 69 42 279 93 51 132 45 42 57 42 111 57 66 186 44 49 148
is_linear=0
shrinkage=0.08


Tree=33
num_leaves=45
num_cat=0
split_feature=11 35 1 36 1 37 15 36 16 12 36 37 16 37 37 36 15 1 37 15 37 9 37 1 18 37 21 37 37 37 35 34 35 34 36 37 22 37 15 31 29 1 31 37
split_gain=0.129646 0.284663 0.0489216 0.0431025 0.0387888 0.0441641 0.0241448 0.0788842 0.274989 0.23912 0.0264646 0.0317086 0.0315019 0.0254418 0.0251906 0.0135903 0.0125803 0.0118847 0.015182 0.00893472 0.00850379 0.0157634 0.00795037 0.00730104 0.00618534 0.0114111 0.00601937 0.00576043 0.00936049 0.00625518 0.00821293 0.00533083 0.00490898 0.00443628 0.00555717 0.00387549 0.00610885 0.00340795 0.00405938 0.00258281 0.00228047 0.00195972 0.00202904 0.00180195
threshold=9.9450000000000021 1.5000000000000002 15.695000000000002 2.5000000000000004 14.640000000000002 8.8800000000000008 2.3450000000000006 2.5000000000000004 6.0311538461538472 9.8000000000000025 2.5000000000000004 7.5300000000000002 6.7500000000000018 9.7050000000000018 9.6700000000000017 1.5000000000000002 3.0700000000000007 14.695000000000002 9.0050000000000008 3.1650000000000005 11.802307692307695 10.025 3.0500000000000003 16.460000000000004 6.4000000000000012 4.9500000000000011 0.3000000000000001 7.4050000000000011 11.035000000000002 9.9200000000000017 1.5000000000000002 51.400000000000013 1.5000000000000002 86.000000000000014 1.5000000000000002 13.005000000000003 20.500000000000004 16.195000000000004 1.1199999999999994 6.3000000000000016 6.5000000000000009 14.760000000000003 8.1000000000000014 11.868846153846155
decision_type=2 2 2 2 2 2 2 2 2 2 2 2 2 2 2 2 2 2 2 2 2 2 2 2 2 2 2 2 2 2 2 2 2 2 2 2 2 2 2 2 2 2 2 2
left_child=2 -2 3 15 22 -6 7 8 -4 14 27 -12 13 -13 -9 41 -15 32 -19 -18 23 -22 -5 -16 25 -24 -27 -8 29 30 -29 -32 35 39 -35 36 -17 43 -39 -30 -33 42 -1 -10
right_child=1 -3 6 4 5 -7 10 9 37 -11 11 12 -14 16 20 17 19 18 -20 -21 21 -23 24 -25 -26 26 -28 28 33 -31 31 40 -34 34 -36 -37 -38 38 -40 -41 -42 -43 -44 -45
leaf_value=-0.00024805533545440997 -0.0073993068825867437 0.0020382790038983027 0.0062228474732149734 -0.00033483773307955782 0.0055400335538433867 0.0010524034906178713 -0.00080555675823528036 -0.0015409671052046563 -0.00034931920802353412 -0.0073513038911215672 -0.00096323006168792119 0.0019938613302042697 0.0034794469281203217 -0.0011661690686337858 -0.0011159902736544609 0.00024475925695151095 0.0017017320663823435 0.0028928459808230402 0.00016283091051842678 -0.00025073961913585666 -0.00037826876944074264 0.0024649299968344473 0.0033225510935299095 0.00036183382910878764 0.00016406660633427756 4.5742047507138479e-05 0.0019849868249148133 -0.00079970808195260659 -0.00038898954112988175 0.0011322420280581963 0.0010323223986408929 -0.00033130833953619001 -0.0004357060593449407 -0.00064755533235492534 0.00097556243202200652 5.2227169671823507e-05 0.0022220459934324029 -0.00048471603869637922 -0.0018694804422557355 -0.0011209003581596469 0.00040023062021161119 0.00018582384310909274 -0.0011213592111709572 0.00021429165347944945
leaf_weight=90 45 37.5 44 23 32 25 65 95 393 38.5 47.5 73.5 36 36 40 20 30 32 22 30 26 24 20 46 21 21 20 48 72 48 55 50 36 27 27 32 20 42 20 54 60 51 21 40
leaf_count=90 30 15 24 23 25 20 26 38 174 21 19 30 24 25 20 20 20 24 18 20 26 20 20 22 21 21 20 24 54 24 22 20 36 20 20 32 20 42 20 42 24 39 21 34
internal_value=-6.47424e-12 -0.0031095 0.000124925 0.000826184 0.00189165 0.00357177 -9.24989e-05 -0.000396713 0.000162053 -0.00151424 0.000231555 0.000899617 0.0013302 0.000873726 -0.000541402 0.000293453 1.61217e-05 0.000811576 0.00178062 0.000725496 0.000156824 0.000986467 0.000979576 -0.000325526 0.00134825 0.00175592 0.000991715 -0.000102476 1.15217e-06 0.000307233 0.000121315 0.000389249 0.000327055 -0.000442665 0.000164004 0.000708436 0.0012334 -0.000376684 -0.000931414 -0.000702666 6.77129e-05 -0.00022467 -0.000413275 -0.000297254
internal_weight=2136 82.5 2053.5 486 162 57 1567.5 808.5 539 269.5 759 253 205.5 169.5 231 324 96 162 54 60 136 50 105 86 82 61 41 506 441 261 213 165 108 180 54 72 40 495 62 126 110 162 111 433
internal_count=1350 45 1305 450 150 45 855 441 294 147 414 138 119 95 126 300 65 150 42 40 88 46 105 42 82 61 41 276 250 114 90 66 108 136 40 72 40 270 62 96 44 150 111 208
is_linear=0
shrinkage=0.08


Tree=34
num_leaves=45
num_cat=0
split_feature=11 37 22 37 36 37 16 37 37 16 11 36 36 3 34 15 37 31 37 14 32 22 36 32 37 23 30 5 34 19 37 30 2 30 16 31 31 29 36 21 16 19 37 30
split_gain=0.109733 0.112187 0.0429816 0.0496661 0.0603813 0.029042 0.0439566 0.0241053 0.187429 0.166125 0.0830423 0.0184907 0.0151026 0.0318249 0.0374516 0.013255 0.0103913 0.010141 0.0225358 0.0126987 0.00969565 0.0173094 0.00829297 0.00821765 0.00791607 0.00882979 0.0072261 0.00708704 0.00686615 0.00684755 0.00639713 0.00595333 0.0051779 0.00401891 0.00459497 0.00389752 0.00389371 0.00389241 0.00355361 0.00295235 0.00291175 0.0028772 0.00277293 0.00392438
threshold=9.9450000000000021 9.9550000000000018 14.300000000000002 9.7050000000000018 2.5000000000000004 4.1100000000000003 6.9300000000000015 11.802307692307695 11.470000000000001 6.0057692307692303 9.8550000000000022 1.5000000000000002 2.5000000000000004 16.805000000000003 29.900000000000006 2.835 17.400000000000002 3.1000000000000005 7.4400000000000004 7.8350000000000009 4.2000000000000011 59.70000000000001 2.5000000000000004 1.7000000000000004 16.185000000000006 5.4000000000000012 1.5000000000000002 9.9800000000000022 33.600000000000001 5.9000000000000012 8.1850000000000023 9.1000000000000014 14.365000000000002 7.5000000000000009 6.3150000000000004 1.0000000180025095e-35 1.5000000000000002 9.1000000000000014 1.5000000000000002 3.8000000000000003 6.2500000000000009 4.5000000000000009 9.8250000000000011 0.3000000000000001
decision_type=2 2 2 2 2 2 2 2 2 2 2 2 2 2 2 2 2 2 2 2 2 2 2 2 2 2 2 2 2 2 2 2 2 2 2 2 2 2 2 2 2 2 2 2
left_child=2 -2 7 4 11 -6 -7 8 9 -1 12 36 33 14 -14 17 -15 26 -19 -20 21 -13 27 28 25 32 35 38 -5 -22 -17 -32 -25 -9 -35 -11 -4 -28 -21 -34 -41 -38 43 -37
right_child=1 -3 3 23 5 6 -8 10 -10 15 -12 20 13 16 -16 30 -18 18 19 22 29 -23 -24 24 -26 -27 37 -29 -30 -31 31 -33 39 34 -36 42 41 -39 -40 40 -42 -43 -44 -45
leaf_value=0.0033061531718933225 0.0002548971676673645 -0.005654061087246599 0.00049601201588908832 -0.00041132061086871007 0.00025046868870655695 0.0020441286676760877 0.0054623377147842858 -4.1649483860560899e-05 -0.005585135169981402 -0.00071704620234668253 0.0052973184060482745 0.00087739970211101609 0.00043588491640985017 -0.0010628266111016274 0.0050804622992873198 -0.00054804065068148901 0.0011017853182486513 -0.0030073923518260321 0.00017083906640227023 0.00020370328892963105 0.0011285665899180295 0.0035098732825444667 -0.0017005676490565141 0.0013062139625576996 -0.0011498764279919366 0.0016821218452726802 -0.00089630826445365392 -0.0014364182173420548 -0.002037585756431023 -0.00041288256113018306 -6.3875323982648957e-05 0.0011710184405523318 -0.00075866152325438133 -0.00025138860058394218 -0.001574440427357331 6.6504037170543701e-05 6.6675901412963879e-05 -5.7549461877594392e-05 -0.00075489672432380798 -0.00030871643650311014 0.00056261051175857167 -0.00078107500417518017 -0.00046791836562933345 0.0010248839769225854
leaf_weight=82.5 39 43.5 42 54 30 82.5 34 144 42 37.5 21 46 25 40 20 45 22 30 78 49.5 44.5 24.5 75 18 30 24 135 51 24 31.5 46.5 54 36 42 28 91.5 45 48 49.5 54 45 59.5 33 39
leaf_count=33 18 27 33 48 30 38 32 126 21 30 18 37 25 27 20 18 22 12 36 22 26 17 33 18 30 12 63 22 18 20 21 24 30 34 28 60 28 21 22 33 42 39 15 21
internal_value=7.98584e-13 -0.00286074 0.000114931 0.00061064 0.00114403 0.00247013 0.00304172 -0.000155303 -0.00035586 -0.000123448 0.000423497 0.000480978 0.000104649 0.000880678 0.00250014 -0.000451497 -0.000294739 -0.000592774 -0.000915857 -0.000708774 0.0011165 0.00179223 -0.00101371 -0.000211901 5.17945e-05 0.000255467 -0.000312601 -0.000670276 -0.00091171 0.000489676 0.000244694 0.00059965 3.16786e-05 -0.000283365 -0.000780609 1.85326e-05 -0.000154546 -0.000676306 -0.000275597 -0.000138259 8.73413e-05 -0.000416015 0.000187243 0.000352916
internal_weight=2136 82.5 2053.5 724.5 439.5 146.5 116.5 1329 987 945 342 293 321 107 45 862.5 62 717 333 303 146.5 70.5 225 285 207 177 384 150 78 76 145.5 100.5 153 214 70 201 146.5 183 99 135 99 104.5 163.5 130.5
internal_count=1350 45 1305 531 300 100 70 774 474 453 300 200 282 94 45 420 49 357 147 135 100 54 99 231 165 135 210 66 66 46 63 45 123 188 62 126 100 84 44 105 75 67 96 81
is_linear=0
shrinkage=0.08


Tree=35
num_leaves=45
num_cat=0
split_feature=4 37 22 37 37 36 10 15 36 37 14 16 37 14 37 36 15 37 37 36 37 0 37 36 20 36 37 0 28 19 29 37 14 11 37 12 25 25 14 37 32 37 33 29
split_gain=0.116964 0.761482 0.0337818 0.0565737 0.0477328 0.0506518 0.0243881 0.0204249 0.0242581 0.0180784 0.0565527 0.0190477 0.0189761 0.0173056 0.0252204 0.0157073 0.0106855 0.0116431 0.0100268 0.0340539 0.0133134 0.0116073 0.0101841 0.00955051 0.00795503 0.00723806 0.00697115 0.00662711 0.00539001 0.00535533 0.00521275 0.00286769 0.0119095 0.00495655 0.0048951 0.00432104 0.00191875 0.00365433 0.00175165 0.00217114 0.00168409 0.00162277 0.00288861 0.00341629
threshold=17.955000000000002 11.703076923076924 50.300000000000004 9.6200000000000028 4.1100000000000003 2.5000000000000004 9.9550000000000018 1.1599999999999995 2.5000000000000004 7.8950000000000005 7.455000000000001 6.4000000000000012 9.9650000000000016 7.455000000000001 14.005000000000001 1.5000000000000002 3.0700000000000007 15.765000000000002 9.7850000000000019 1.5000000000000002 9.8250000000000011 16.985000000000003 16.495000000000001 2.5000000000000004 2.5000000000000004 1.5000000000000002 16.195000000000004 16.685000000000006 20.400000000000002 12.900000000000002 1.5000000000000002 7.8050000000000006 7.455000000000001 7.4800000000000013 9.7450000000000028 7.3150000000000004 5.4000000000000012 3.4000000000000004 7.6500000000000012 8.0350000000000019 7.1000000000000005 16.330000000000002 11.700000000000001 5.5000000000000009
decision_type=2 2 2 2 2 2 2 2 2 2 2 2 2 2 2 2 2 2 2 2 2 2 2 2 2 2 2 2 2 2 2 2 2 2 2 2 2 2 2 2 2 2 2 2
left_child=2 -2 6 4 -4 15 7 18 25 10 24 12 -11 14 -13 -6 17 -14 19 -1 21 -20 -22 -21 30 26 36 -24 -28 40 -10 32 -27 35 -35 -33 37 38 -9 -40 -5 42 43 -36
right_child=1 -3 3 29 5 -7 -8 8 9 11 -12 13 16 -15 -16 -17 -18 -19 20 23 22 -23 27 -25 -26 31 28 -29 -30 -31 -32 33 -34 34 41 -37 -38 -39 39 -41 -42 -43 -44 -45
leaf_value=0.00064814382251352073 0.0050005644708871842 -0.0090901885236854916 -0.0016811737914880118 -0.0014546999111771583 0.00031729724917871257 0.0045234248942385121 0.0021592728347715104 -0.00039334855786197489 0.000974840481649153 0.0016176273451367421 -0.002319800774753094 0.0022806933904066682 -0.0013260438768842365 0.0033762372036774953 -0.0011429697167061803 0.0023639090529953442 0.00083395435595539984 0.00072160178450522596 -0.00019224530524190737 -0.0011270615294575691 -0.0020818432855109373 0.0013879529220451202 0.00052079108993833266 -0.0026906885497272014 0.0017099055155025175 0.0002600773919368925 -0.0022721824217587709 -0.0010607618691686254 -0.00053942820686777985 0.00014835736603431758 -0.00058484450758745281 0.00035384510982951797 -0.0014199222870171068 0.00054411236919236908 -0.00065058247609014964 0.0016012688808970982 0.0001134626873847998 -0.0011506958292531115 0.00045740846763638889 -0.00027681858157952322 -0.00058380018712745772 0.00028555543860420585 -0.00093806341240803409 0.00037958663557138709
leaf_weight=50 45 54 21 30 48 48 33 185 32 67 50 40 52 33 21 48 54 27 102 50 33 42 30 50 48 96.5 20 39 27 42 24 52 37.5 82.5 38 27 76.5 31.5 42.5 65.5 27 32 37.5 45
leaf_count=20 18 36 21 24 34 34 18 137 32 27 20 29 26 22 21 34 36 27 51 20 15 21 30 20 30 74 20 39 27 36 15 44 15 33 23 18 34 14 17 36 24 32 20 26
internal_value=-4.00205e-12 -0.0026853 0.000130508 0.000974792 0.00188193 0.00240154 4.79397e-06 -3.60668e-05 0.000112713 0.000593368 -0.000108805 0.000961173 0.000519718 0.00190044 0.00110206 0.0013406 -3.33646e-05 -0.000626216 -0.000541015 -0.00105654 -0.000226674 0.000268646 -0.000925949 -0.00190888 0.000954174 -0.000127615 -0.000354992 -0.00037313 -0.00127677 -0.000537097 0.000306404 9.97623e-05 -0.000210072 0.000231985 4.76976e-05 0.00078018 -0.000246953 -0.00033192 -0.000243895 1.21134e-05 -0.00104217 -0.000220855 -0.000355337 -9.20571e-05
internal_weight=2136 99 2037 264 165 144 1773 1740 1344 448 154 294 200 94 61 96 133 79 396 150 246 144 102 100 104 896 448 69 47 99 56 448 134 314 235 79 401 324.5 293 108 57 152.5 120.5 83
internal_count=1350 54 1296 207 123 102 1089 1071 855 285 97 188 116 72 50 68 89 53 216 60 156 72 84 40 77 570 285 69 47 84 47 285 89 196 134 62 238 204 190 53 48 101 69 49
is_linear=0
shrinkage=0.08


Tree=36
num_leaves=45
num_cat=0
split_feature=37 10 26 1 37 10 37 37 1 22 1 17 26 37 37 33 37 37 30 5 25 17 5 29 34 19 37 33 37 37 1 30 34 22 37 1 1 30 33 34 32 32 29 30
split_gain=0.0953812 0.435849 0.270867 0.033466 0.0253404 0.0287566 0.0234887 0.0445197 0.0577931 0.0485524 0.0457274 0.0333088 0.0178658 0.0178767 0.0299609 0.0236646 0.0115039 0.0111334 0.0103393 0.0102104 0.0096177 0.0094484 0.00936997 0.0071285 0.00684658 0.00614327 0.00542279 0.00506308 0.00496332 0.0127416 0.0653374 0.0265457 0.0137307 0.010227 0.00820288 0.00649688 0.00627259 0.00440344 0.00269417 0.00258547 0.00477429 0.00252322 0.002408 0.00437214
threshold=17.475000000000005 9.9550000000000018 1.1000000000000003 16.115000000000006 7.4400000000000004 7.4200000000000008 9.7050000000000018 5.3900000000000015 15.100000000000003 68.500000000000014 14.695000000000002 11.800000000000002 1.0000000180025095e-35 12.01346153846154 11.575000000000001 2.8000000000000003 3.0500000000000003 4.9500000000000011 7.1000000000000005 11.992692307692311 5.4000000000000012 3.7000000000000006 11.941153846153847 9.1000000000000014 9.9000000000000039 4.2000000000000011 8.4150000000000009 8.1000000000000014 9.7850000000000019 10.085000000000003 17.150000000000002 0.50000000000000011 40.70000000000001 9.3000000000000025 9.8250000000000011 16.330000000000002 16.525000000000002 5.5000000000000009 0.70000000000000007 9.9000000000000039 2.1000000000000005 2.3000000000000003 8.9000000000000021 2.5000000000000004
decision_type=2 2 2 2 2 2 2 2 2 2 2 2 2 2 2 2 2 2 2 2 2 2 2 2 2 2 2 2 2 2 2 2 2 2 2 2 2 2 2 2 2 2 2 2
left_child=1 3 -2 6 -5 23 7 9 10 11 -9 16 28 14 15 -14 24 39 -10 -4 -15 41 25 -6 -1 26 -17 37 33 31 32 -30 36 42 38 -36 -31 -23 -33 -18 -41 -8 43 -7
right_child=2 -3 19 4 5 12 21 8 18 -11 -12 -13 13 20 -16 22 17 -19 -20 -21 -22 27 -24 -25 -26 -27 -28 -29 29 30 -32 34 -34 -35 35 -37 -38 -39 -40 40 -42 -43 -44 -45
leaf_value=4.6518722891859299e-05 0.010512889876429524 -0.0071963768611075707 -0.00093329579401243892 -0.0016430975529882644 0.0022966775199812321 -0.00067860882530609758 0.00019283699397643081 0.0020796053304026523 0.00057410764851503911 -0.0032988266082247721 0.0069469604073535834 0.0033063219010728063 -0.0014782629313530647 0.00020511938631534576 0.0020008054559090822 0.000525391877761909 0.0020005154973339466 -0.00066592424832008501 0.0019922906268508202 0.0012863735588533537 -0.0016441039446120462 -0.00039436922961042501 0.0012394969955914551 0.00070464204893343988 -0.0015898716865728299 0.00073122129200693263 -0.00048040524591936386 0.00036536024322871257 0.0014025294542312622 -0.0011545958436493364 -0.0049404305512351651 -0.00034535855476167945 0.0011153090484917929 8.2041314078701871e-05 -0.00034384215436875825 -0.0016552030674561306 5.930729005475162e-05 -0.0015236186188382981 0.00049005632397408291 6.0407711813847231e-05 0.0017662928404197807 0.0010992555877504249 -0.00053514325453175437 -0.0015424255430698394
leaf_weight=36 21 54 36 67.5 36 75 57 30 112.5 24 21 24 49.5 30 66 52.5 21 27 46.5 21 45 51 67.5 36 30 81 99 27 75 63 21 42 39 90 60 40.5 48 39 60 21 21 30 67.5 75
leaf_count=36 21 24 36 27 24 30 57 30 57 24 18 24 21 27 33 21 21 27 24 21 30 45 27 24 30 36 45 24 36 48 18 21 39 36 30 18 48 33 30 21 21 30 27 30
internal_value=-4.9129e-12 -0.000104075 0.00274597 8.70352e-05 -0.000131266 -5.38684e-05 0.000576623 0.000922833 0.00174049 8.11274e-05 0.00408381 0.000531788 -0.000143661 0.000232347 0.000437538 0.000142329 0.000104937 0.00069324 0.000988859 -0.000115523 -0.000904415 -0.00012598 0.000409726 0.00150066 -0.000697295 0.000168825 -0.000131862 -0.000595464 -0.000387618 -0.000217889 -0.000761081 0.000116835 -0.000175972 -0.000635174 -0.000359348 -0.000872301 -0.000629665 -0.000883711 0.000146062 0.00127574 0.00091335 0.000505395 -0.000931953 -0.00111052
internal_weight=2136 2058 78 2004 1386 1318.5 618 414 210 204 51 180 1246.5 490.5 415.5 349.5 156 90 159 57 75 204 300 72 66 232.5 151.5 117 756 448.5 171 277.5 150 307.5 202.5 100.5 111 90 102 63 42 87 217.5 150
internal_count=1350 1272 78 1248 726 699 522 333 129 204 48 180 651 240 183 150 156 90 81 57 57 189 129 48 66 102 66 102 411 288 153 135 135 123 99 48 96 78 51 63 42 87 87 60
is_linear=0
shrinkage=0.08


Tree=37
num_leaves=45
num_cat=0
split_feature=4 37 10 0 36 37 37 0 19 0 37 11 5 36 37 0 35 36 22 36 36 5 35 0 32 0 29 30 34 37 37 37 36 30 0 29 19 18 35 23 25 34 32 34
split_gain=0.091102 0.66884 0.025125 0.0284449 0.0297688 0.0255883 0.0471509 0.0601109 0.0395616 0.0510862 0.0215904 0.0286733 0.0156739 0.0149391 0.0178639 0.0111888 0.00817956 0.0204796 0.0290575 0.0123069 0.00844052 0.00961098 0.00876615 0.00729526 0.0106093 0.00689483 0.00595155 0.00496784 0.00429542 0.00400714 0.00360267 0.00306849 0.00479898 0.00289701 0.00254686 0.00210283 0.00197277 0.00281923 0.00255251 0.00186532 0.00177129 0.00166815 0.00122876 0.00104192
threshold=17.955000000000002 11.802307692307695 9.9550000000000018 16.140000000000004 1.5000000000000002 9.6200000000000028 5.3900000000000015 15.280000000000003 5.9000000000000012 14.280000000000003 7.4800000000000013 7.4400000000000004 10.770000000000001 2.5000000000000004 11.911538461538465 13.350000000000003 1.5000000000000002 1.5000000000000002 9.3000000000000025 2.5000000000000004 2.5000000000000004 10.045000000000002 1.0000000180025095e-35 14.240000000000002 1.7000000000000004 17.650000000000002 9.1000000000000014 5.5000000000000009 76.600000000000009 10.105000000000002 3.0500000000000003 12.01346153846154 1.5000000000000002 1.0000000000000002 16.495000000000001 6.3000000000000016 7.6000000000000005 5.9000000000000012 1.5000000000000002 6.6000000000000005 5.4000000000000012 43.900000000000013 0.3000000000000001 39.70000000000001
decision_type=2 2 2 2 2 2 2 2 2 2 2 2 2 2 2 2 2 2 2 2 2 2 2 2 2 2 2 2 2 2 2 2 2 2 2 2 2 2 2 2 2 2 2 2
left_child=2 -2 3 4 36 6 8 -8 9 15 -5 26 16 31 25 -6 20 34 19 -19 28 22 -22 42 -25 -15 -12 -9 29 33 -17 32 40 -13 -18 -34 37 -1 -38 -33 -14 -26 -7 -35
right_child=1 -3 -4 10 5 23 7 27 -10 -11 11 12 13 14 -16 30 17 18 -20 -21 21 -23 -24 24 41 -27 -28 -29 -30 -31 -32 39 35 43 -36 -37 38 -39 -40 -41 -42 -43 -44 -45
leaf_value=-0.00030683497890729357 -0.0073405716627363169 0.0063287574118779354 0.0023046517620484036 -0.0013772020621055905 0.0015195578609460167 0.00047397867310792211 0.0050342846354469659 0.00085668352548964324 -0.0021376728656468912 0.0047126905899494888 0.0020283057807634276 0.00043373377458192405 -0.00067718415472068293 0.00087285604776331672 -0.000395258339716399 -0.0011283159596720137 -0.00020421295873820783 -0.00095594414142948219 0.00035017328738020016 -0.0023377650442787195 0.0017724936729710964 -0.00075615282532655542 0.00024355936672590259 -0.0014384387361092699 -2.5470252213482228e-05 0.0021942765304916786 0.00064827069666029678 0.0020239913305849771 -0.0011916894941694206 -0.00065079896888346409 0.00015830091650908192 -0.00011804362820265325 0.00012968094989172812 -0.00051691604419969595 0.00055523731129673815 0.0008362276660045609 -0.00022169237560097207 0.00050784959156193181 -0.001186579731126715 -0.00090073823556303977 -2.7953675016760825e-05 0.00085874639028175317 0.0013017012678425421 2.6170599274337296e-05
leaf_weight=92.5 63 36 33 82.5 28 24 40 56 32 20 45 60 47.5 54 47 26 50 82.5 65 82.5 36 36 72 36 36 47.5 36 40 36 100 30 38 61.5 52 65 48 47 38.5 28 40 62 22 22 40
leaf_count=87 27 27 18 33 28 24 36 28 32 20 30 30 21 24 37 26 20 33 26 33 36 24 36 30 30 20 24 20 24 92 30 32 27 26 26 21 38 30 19 34 27 22 22 20
internal_value=-1.12204e-11 -0.00236991 0.00011518 7.91254e-05 0.000530493 0.000923103 0.00137542 0.00242872 0.000322123 0.00107898 -0.000122134 -4.26992e-05 -0.00013928 0.000239023 0.000894177 0.000213815 -0.000356184 -0.000646638 -0.00108248 -0.00164685 -0.000124224 0.000375865 0.000753204 4.43187e-05 -0.000359663 0.00149125 0.00141496 0.00134306 -0.000374269 -0.000257495 -0.000439057 -8.85531e-05 6.49084e-05 1.258e-06 0.000225042 0.0004394 -0.000254727 -6.74048e-05 -0.000581917 -0.000519425 -0.000309583 0.000309922 0.000869846 -0.000280791
internal_weight=2136 99 2037 2004 618 412 272 136 136 104 1386 1303.5 1222.5 445.5 148.5 84 777 345 230 165 432 144 108 140 94 101.5 81 96 288 252 56 297 219 152 115 109.5 206 131 75 78 109.5 58 46 92
internal_count=1350 54 1296 1278 522 348 220 84 136 104 756 723 669 243 81 84 426 138 92 66 288 96 72 128 82 44 54 48 192 168 56 162 96 76 46 48 174 117 57 66 48 52 46 46
is_linear=0
shrinkage=0.08


Tree=38
num_leaves=45
num_cat=0
split_feature=37 10 10 14 12 37 5 37 37 0 37 18 34 37 3 28 15 15 35 12 0 34 37 1 10 37 37 21 37 18 34 9 0 0 23 5 15 0 10 15 37 30 34 31
split_gain=0.0788515 1.07632 0.254882 0.0436524 0.0356435 0.0305968 0.0217386 0.0191627 0.0129959 0.0143498 0.0416686 0.0605213 0.0394984 0.0151021 0.0126661 0.0189966 0.0124712 0.0108662 0.00798345 0.0210033 0.0122975 0.00754308 0.00660048 0.00848011 0.00931155 0.00641694 0.00556744 0.00826713 0.0124207 0.00460771 0.00425609 0.00418799 0.00560524 0.00474735 0.00393372 0.00376952 0.00366901 0.00361364 0.00348486 0.00301018 0.00224484 0.00206095 0.00196401 0.00188531
threshold=11.703076923076924 9.9550000000000018 9.9350000000000005 7.5250000000000012 9.8550000000000022 11.974615384615387 11.941153846153847 7.4400000000000004 3.0500000000000003 15.475000000000001 5.535000000000001 17.200000000000006 42.70000000000001 4.9500000000000011 16.895000000000003 1.0000000180025095e-35 2.475000000000001 2.1950000000000003 1.5000000000000002 9.6700000000000017 16.920000000000005 9.9000000000000039 17.860000000000003 17.860000000000003 7.7300000000000013 8.2800000000000011 10.105000000000002 3.3000000000000003 9.7050000000000018 3.0000000000000004 38.400000000000006 10.065000000000003 14.240000000000002 14.485000000000001 4.4000000000000012 9.7950000000000017 2.2050000000000001 16.590000000000003 7.7550000000000008 3.1200000000000006 7.4400000000000004 3.5000000000000004 39.70000000000001 2.3000000000000003
decision_type=2 2 2 2 2 2 2 2 2 2 2 2 2 2 2 2 2 2 2 2 2 2 2 2 2 2 2 2 2 2 2 2 2 2 2 2 2 2 2 2 2 2 2 2
left_child=2 4 3 8 5 -2 7 -5 21 10 11 13 -12 17 15 31 18 -10 20 30 36 -1 23 24 -16 -14 27 40 29 -29 37 32 -7 -34 -18 41 -9 -20 -32 -26 -11 43 -43 -35
right_child=1 -3 -4 6 -6 14 -8 16 9 26 12 -13 25 -15 22 -17 34 -19 19 -21 -22 -23 -24 -25 39 -27 -28 28 -30 -31 38 -33 33 35 -36 -37 -38 -39 -40 -41 -42 42 -44 -45
leaf_value=0.00025517235921982388 0.0021376913717193976 -0.017390661047150691 0.0052749243739341938 -0.002404863783468803 -0.0030854544074585041 0.00049289215592316531 0.0010744140079175985 -0.00016246631640983236 0.0009640426035211594 -0.00072639637617837819 0.0053606298131247364 -0.0036006556770631242 0.0022156792444487415 -0.00031619835037013727 -0.0017902023131372753 0.0022293796273017371 0.00092686600569221703 0.002862978174040715 0.00016752449547251068 -0.0019453643329441549 0.00108004853838966 -0.0014321415944723412 0.00037049471309397961 -0.0018912072263013286 -0.00056346354038956073 0.00049646933797703246 0.00098653789596238111 0.00024979095285137496 -0.00051879277176879071 0.0012003031230586416 -0.0003609979259116309 0.00089139958145096905 -0.0014058887345405916 -0.00012881251539857615 3.8395922409889363e-05 -0.00089516935456130243 -0.00085452018156408874 -0.00060681216404945759 -0.0012827584126165936 0.00043049586268189627 3.0551073141396049e-05 0.00027886369003681465 -0.000672258997872246 0.00088185920975067562
leaf_weight=39 42 24 63 30 24 69 67.5 132 54 52.5 24 21 33 36 27 27 45 30 90 75 42 30 33 39 39 24 78 48 54 102 52.5 30 24 21 109.5 36 78 67.5 52.5 39 48 24 33 27
leaf_count=39 21 18 27 12 21 69 27 66 54 21 21 21 33 36 27 27 21 30 36 30 21 30 33 21 36 12 39 24 27 42 21 30 24 21 48 36 39 27 21 36 21 24 33 27
internal_value=1.20113e-11 -0.000817392 0.00028904 8.17061e-05 -7.25265e-05 6.92584e-05 -0.000302469 -0.000422546 0.000561711 0.000680439 0.00119207 0.000361353 0.00263812 0.0010547 -0.00011637 0.000208215 -0.000342614 0.00164223 -0.000510294 -0.000764688 -0.000169588 -0.000478442 -0.000650011 -0.000883877 -0.000509726 0.0014918 0.000383495 0.00022902 0.000521598 0.000896139 -0.000427352 1.50544e-06 -0.000112584 -0.000365782 0.000297174 -0.000188743 -0.000419515 -0.000164334 -0.000821878 -6.64838e-05 -0.000364869 5.34602e-05 -0.000271786 0.00043969
internal_weight=2136 558 1578 1515 534 510 841.5 774 673.5 604.5 222 141 81 120 468 291 744 84 589.5 337.5 252 69 177 144 105 57 382.5 304.5 204 150 262.5 264 234 165 154.5 141 210 157.5 105 78 100.5 105 57 48
internal_count=1350 504 846 819 486 465 369 342 450 381 207 141 66 120 444 291 330 84 261 135 126 69 153 120 99 45 174 135 93 66 105 264 234 165 69 141 105 63 42 72 42 105 57 48
is_linear=0
shrinkage=0.08


Tree=39
num_leaves=45
num_cat=0
split_feature=37 10 28 17 37 20 17 19 37 5 33 32 15 35 37 1 37 14 16 33 21 35 16 16 16 15 37 10 14 15 29 37 16 6 17 37 22 30 32 33 15 1 30 19
split_gain=0.0882759 0.348087 0.278511 0.021091 0.0252083 0.0188832 0.0176519 0.013673 0.0114645 0.0108994 0.00992471 0.00925608 0.00904536 0.0135481 0.00879897 0.00871899 0.0100105 0.0103725 0.00853412 0.00832621 0.00687054 0.00669194 0.0405627 0.0398337 0.0293811 0.0119604 0.00718399 0.00855828 0.00842373 0.00604583 0.00579628 0.00536955 0.00484505 0.00434762 0.00348251 0.00362631 0.00341631 0.00301825 0.00267853 0.00263222 0.00253031 0.00250731 0.00245202 0.00184767
threshold=17.475000000000005 9.9550000000000018 36.700000000000003 3.3000000000000003 13.005000000000003 14.600000000000001 13.900000000000002 4.5000000000000009 7.5050000000000008 11.992692307692311 10.300000000000002 12.800000000000002 1.3400000000000001 1.5000000000000002 10.065000000000003 13.485000000000001 7.8500000000000005 7.455000000000001 7.1300000000000008 32.100000000000001 3.3000000000000003 1.5000000000000002 6.0057692307692303 6.0350000000000028 6.0057692307692303 2.2050000000000001 11.575000000000001 7.455000000000001 7.7950000000000008 2.5457692307692312 10.300000000000002 7.8650000000000011 7.2300000000000013 10.045000000000002 2.1000000000000005 4.4500000000000011 3.4000000000000004 5.5000000000000009 6.1000000000000005 6.3000000000000016 2.4199999999999999 14.200000000000001 2.1000000000000005 0.90000000000000013
decision_type=2 2 2 2 2 2 2 2 2 2 2 2 2 2 2 2 2 2 2 2 2 2 2 2 2 2 2 2 2 2 2 2 2 2 2 2 2 2 2 2 2 2 2 2
left_child=1 3 -2 12 5 6 11 -8 -7 -4 37 14 13 32 20 -14 17 29 42 21 -5 22 -18 -24 -23 -26 27 -25 33 34 -19 39 -1 40 35 -17 -30 -6 -27 -22 41 -28 -15 -29
right_child=2 -3 9 4 10 8 7 -9 -10 -11 -12 -13 15 18 -16 16 19 30 -20 -21 31 24 23 26 25 38 28 43 36 -31 -32 -33 -34 -35 -36 -37 -38 -39 -40 -41 -42 -43 -44 -45
leaf_value=-0.00022022948203677381 0.010517458440292449 -0.0064382797372699889 -0.001104790820196892 -0.00041167429375757534 -0.00049001952798830137 0.00099892488566406985 0.003012807479283462 0.00074109797748044524 0.0032395104852815473 0.0011885501213726544 0.0008104935098715403 -0.00073276626787358717 0.0011315874754865137 -9.2953631920473918e-05 0.0015993308447874511 -0.001105606304989077 -0.0022978901898022741 -0.0016221420396274578 -0.0016355659838088535 0.0012010248011857685 0.00051930783598712002 0.0019561302668104569 0.0033208604250103235 0.00070035711052783198 -0.0010112774244820078 0.00080467063685258234 0.00040724343856305095 -0.00028615193153243691 0.00051529405390222873 0.00087896431169162193 -0.00047111471618215244 -7.1731151520520789e-05 0.00059293216755825352 -0.00073595361736340402 0.00046186572502529815 -0.00011947277297333972 0.0017226154600114871 -0.0014329856572051845 2.2215814795345069e-05 0.0014818296071003984 0.00098121241317130617 -0.00069270101265006133 -0.00082192656177061576 -0.00079281520529869286
leaf_weight=162 21 54 36 61.5 45 28.5 30 39 30 21 27 46.5 45 52.5 39 39 48 52.5 66 45 33 60 24 42 60 52.5 36 84 30 37.5 60 43.5 66 39 31.5 61.5 30 42 60 40.5 24 21 67.5 102
leaf_count=108 21 24 36 33 45 24 30 24 18 21 27 24 45 21 21 39 24 21 30 24 24 24 12 21 24 21 36 42 18 24 24 21 48 39 27 48 30 42 24 18 24 21 27 51
internal_value=1.30504e-12 -0.000100123 0.00264171 7.06654e-05 0.000517511 0.000822363 0.00058949 0.0017288 0.00214794 -0.000259876 -0.000529412 0.000291717 -8.00725e-05 -0.000398191 0.000510744 4.1367e-05 -5.82871e-06 -0.000412715 -0.000904879 0.000145646 0.000272902 7.89903e-05 -9.16432e-05 0.000153495 0.000431266 -9.91217e-05 -3.28203e-05 -0.000331092 0.00034499 -1.74412e-05 -0.00100826 0.000632743 1.51594e-05 -4.19921e-05 -0.000272102 -0.000502151 0.00111895 -0.000945245 0.000387361 0.00104968 0.000292138 2.00075e-06 -0.000503001 -0.000564
internal_weight=2136 2058 78 2004 505.5 391.5 333 69 58.5 57 114 264 1498.5 414 217.5 1084.5 1039.5 282 186 757.5 178.5 712.5 480 432 232.5 172.5 408 228 180 169.5 112.5 117 228 120 132 100.5 60 87 112.5 73.5 81 57 120 186
internal_count=1350 1272 78 1248 351 237 195 54 42 57 114 141 897 234 117 663 618 183 78 435 96 411 318 294 93 69 282 114 168 138 45 63 156 120 114 87 48 87 45 42 81 57 48 93
is_linear=0
shrinkage=0.08


Tree=40
num_leaves=45
num_cat=0
split_feature=37 26 4 17 37 36 35 16 22 21 15 33 5 22 19 13 36 37 15 9 37 37 1 36 37 32 18 37 37 1 33 36 37 37 32 9 5 36 37 19 19 32 21 20
split_gain=0.0747167 0.226718 0.223868 0.0169224 0.0213518 0.0223244 0.0205612 0.0531555 0.0444096 0.0225322 0.0098435 0.00870681 0.00852553 0.00781385 0.00730161 0.00713509 0.014262 0.0244458 0.00998451 0.0174319 0.00909752 0.00595041 0.0112898 0.00876433 0.0105631 0.00751021 0.0057257 0.00590558 0.00521507 0.00321361 0.00314725 0.00287145 0.0112511 0.00521019 0.0067272 0.00308835 0.00300407 0.0026526 0.00553908 0.00253084 0.00250839 0.00222024 0.00246472 0.002778
threshold=17.475000000000005 1.1000000000000003 17.955000000000002 3.3000000000000003 13.180000000000001 1.5000000000000002 1.5000000000000002 6.955000000000001 54.300000000000004 3.3000000000000003 -0.1650000000000009 10.300000000000002 11.992692307692311 40.300000000000004 5.0000000000000009 8.8000000000000025 2.5000000000000004 16.210000000000004 2.835 9.9200000000000017 7.9050000000000011 9.8250000000000011 17.255000000000006 2.5000000000000004 9.7050000000000018 6.5000000000000009 0.50000000000000011 7.8050000000000006 10.010000000000002 16.765000000000004 4.6000000000000005 1.5000000000000002 16.210000000000004 11.575000000000001 8.8000000000000025 9.9800000000000022 10.105000000000002 1.5000000000000002 9.7050000000000018 5.0000000000000009 8.2000000000000011 7.7000000000000011 5.0000000000000009 2.7000000000000006
decision_type=2 2 2 2 2 2 2 2 2 2 2 2 2 2 2 2 2 2 2 2 2 2 2 2 2 2 2 2 2 2 2 2 2 2 2 2 2 2 2 2 2 2 2 2
left_child=2 -2 3 10 5 30 7 13 -9 -8 -1 40 -3 -7 -11 16 31 18 19 26 -21 22 23 37 -25 29 27 -18 -28 -23 39 32 35 41 -35 -12 -37 38 -17 -5 -6 42 43 -33
right_child=1 12 -4 4 11 6 9 8 -10 14 15 -13 -14 -15 -16 21 17 -19 -20 20 -22 25 -24 24 -26 -27 28 -29 -30 -31 -32 33 -34 34 -36 36 -38 -39 -40 -41 -42 -43 -44 -45
leaf_value=0.0014530210196971893 0.0095361816488383783 -0.00093481069201112007 -0.0042142632937369248 0.00072542024942191504 -0.0012316191225976649 0.0015332254742388613 -0.00061622083423629637 0.0018362971911362062 0.0069405714310705659 0.0022837806016738926 -0.00049748172677885544 0.00074565404474183361 0.0010934661072678864 -1.1694013056429949e-05 0.00067190835655138296 0.00085690875930918592 -0.00066339470325939124 0.0031837573144584898 0.00095857331194938765 -0.0018111775477727254 -0.00017312709165248765 0.00043385317626719674 0.00070086397346279586 -0.0019113793273766836 -0.00017799552819795078 -0.0016054728530818015 0.0018968041397867694 0.00093943534585248149 0.00026925202392573871 -0.00063234900086357889 -0.00052641599703762653 -7.660605082724323e-05 -0.002186729825101793 0.00010044903455612561 0.0017878998975668634 0.00041295265360478907 -0.00029299638760941371 -0.00038491144465903441 -0.00039830482171641457 -0.00022670711826400033 -0.0003192519318157186 -0.00053341046747207776 -0.00060893841507569165 0.00077656760938804267
leaf_weight=27 21 36 81 36.5 54 40 63 24 20 35 141.5 27 21 44 37 45 31 20 97.5 37.5 51.5 24 76.5 45 45 46.5 31.5 28 21 73.5 60 94 20 54 21 69 87.5 90 45 35 30 80.5 35.5 33
leaf_count=12 21 36 36 23 54 20 36 22 18 20 111 27 21 22 22 18 28 20 47 15 29 24 33 18 22 30 27 21 18 51 34 57 20 50 18 34 40 40 22 23 30 40 22 18
internal_value=-6.47392e-12 0.00243038 -9.21134e-05 7.67759e-05 0.000476111 0.000751904 0.00117745 0.00190388 0.00415642 0.000488674 -6.04064e-05 -0.000504075 -0.000187551 0.000723982 0.00145546 -8.86947e-05 3.87953e-05 0.000476237 0.000294524 -2.83922e-05 -0.000863317 -0.000336657 -0.000157029 -0.000400099 -0.00104469 -0.000768887 0.00063805 9.72704e-05 0.00124578 -0.000369899 -9.91777e-05 -0.000179926 -0.000349911 -9.94009e-06 0.000572935 -0.000226635 1.82527e-05 -7.78047e-05 0.000229302 0.000259344 -0.000905774 -0.00018984 -1.96403e-05 0.000145085
internal_weight=2136 78 2058 1977 505.5 394.5 263 128 44 135 1471.5 111 57 84 72 1444.5 954 318 298 200.5 89 490.5 346.5 270 90 144 111.5 59 52.5 97.5 131.5 636 318 318 75 298 156.5 180 90 71.5 84 243 162.5 127
internal_count=1350 78 1272 1236 351 240 160 82 40 78 885 111 57 42 42 873 615 205 185 138 44 258 153 120 40 105 94 49 45 75 80 410 205 205 68 185 74 80 40 46 84 137 97 75
is_linear=0
shrinkage=0.08


Tree=41
num_leaves=45
num_cat=0
split_feature=37 37 4 11 17 20 2 17 5 28 37 29 32 0 37 29 27 16 37 1 29 15 37 15 37 37 0 33 37 3 17 0 30 37 32 34 17 22 33 32 0 32 32 15
split_gain=0.0697159 0.953537 0.222001 0.202709 0.027849 0.0151052 0.0150329 0.0140747 0.00932119 0.0147694 0.00879356 0.00879027 0.00749269 0.00662789 0.00496975 0.00472509 0.00460736 0.00428217 0.00444655 0.00425999 0.0041688 0.00391509 0.0062322 0.00383643 0.00334042 0.0033271 0.0184785 0.00548277 0.00493099 0.00425834 0.00415784 0.00306814 0.00280554 0.00480461 0.00415925 0.00290664 0.00257507 0.00430165 0.00402924 0.00253115 0.00229162 0.00216137 0.0020003 0.00173536
threshold=11.703076923076924 11.911538461538465 17.955000000000002 9.8950000000000014 3.3000000000000003 14.600000000000001 17.590000000000003 13.900000000000002 10.045000000000002 1.0000000180025095e-35 7.5050000000000008 5.5000000000000009 12.800000000000002 13.425000000000002 9.9050000000000029 6.5000000000000009 4.1000000000000005 6.7500000000000018 7.8650000000000011 16.185000000000006 27.500000000000004 2.835 10.875000000000002 3.1099999999999999 17.150000000000002 9.7850000000000019 16.860000000000003 3.7000000000000006 9.9200000000000017 16.470000000000002 1.9000000000000001 16.860000000000003 0.50000000000000011 3.0300000000000007 0.50000000000000011 38.400000000000006 2.1000000000000005 3.7000000000000002 3.1000000000000005 1.7000000000000004 16.765000000000004 2.3000000000000003 6.1000000000000005 2.0249999999999999
decision_type=2 2 2 2 2 2 2 2 2 2 2 2 2 2 2 2 2 2 2 2 2 2 2 2 2 2 2 2 2 2 2 2 2 2 2 2 2 2 2 2 2 2 2 2
left_child=2 -2 4 8 6 7 13 12 9 36 -7 -9 14 -1 17 -8 19 18 -6 -10 21 25 -23 24 -18 26 30 28 31 -29 32 -27 33 -15 -34 -36 37 38 40 -38 -3 -39 -21 -35
right_child=1 3 -4 -5 5 10 15 11 16 -11 -12 -13 -14 20 -16 -17 23 -19 -20 42 -22 22 -24 -25 -26 27 -28 29 -30 -31 -32 -33 34 43 35 -37 39 41 -40 -41 -42 -43 -44 -45
leaf_value=0.00097168464586138738 -0.011548268659971654 0.0004906673969149038 0.0058101141187879776 0.0074231490089247624 0.00089705183269812709 0.0008729160250278942 0.00017660482401190552 0.0021918906759063918 -2.9556190794599906e-05 0.002087770439684391 0.0028352242546776929 0.00032120458781719207 -0.00070482119937898002 -0.00081901313302417593 0.00119575509801507 0.0010963272726019987 -0.00097028825936528547 -0.0003772599204676226 -9.2173631801599211e-05 -0.0018619965748102576 -0.0009747576377084179 0.00045944548038326957 -0.00057346890184648881 0.0004030397572066812 4.9143174482095574e-05 -0.00032952696231241602 -0.0016377956629903228 -0.00018902989614400127 -0.00079722098799215419 0.00087865106727894374 0.00046118418757049815 0.00044864231972275556 -0.0012776851724239364 0.0007332691522660079 3.6027023315797615e-05 -0.00061239828131137751 -0.00071062895760405805 0.00036995431578058438 -0.0010388094344220701 4.5849183236672269e-05 -0.0004942172734687725 0.001481291057453269 -0.0009128523105755449 -4.8258615742352875e-05
leaf_weight=30 48 54 45 24 70.5 28.5 66 43.5 21 24 30 25.5 46.5 30 42 78 48 52.5 49.5 27 46.5 121.5 54 42 36 78 67.5 42 81 55.5 52.5 55.5 34.5 40.5 81 97.5 48 24 21 69 21 21 30 33
leaf_count=30 24 54 18 24 30 24 27 36 21 24 18 18 24 30 21 33 24 39 24 27 24 57 27 36 36 39 27 21 39 27 39 27 21 27 36 39 48 24 21 69 21 21 30 24
internal_value=4.77825e-12 -0.000768584 0.000271781 0.000245974 0.000109207 0.00069445 -8.94528e-05 0.000484421 -0.000108454 0.000189533 0.00187923 0.00150055 0.000215789 -0.000199448 0.000415362 0.000674788 -0.000520378 0.000225353 0.000488996 -0.00100359 -0.00023565 -0.000198455 0.000141626 -0.000221246 -0.000533389 -0.000278193 -0.000420791 -7.86938e-05 -0.000304794 0.000418727 -0.000198168 -6.01838e-06 -0.00030754 3.41495e-05 -0.000473572 -0.000318155 1.29531e-05 0.000243181 -5.93492e-05 -0.000264501 0.0002149 0.000888578 -0.00136245 0.000382379
internal_weight=2136 558 1578 510 1533 388.5 1144.5 330 486 282 58.5 69 261 1000.5 214.5 144 204 172.5 120 78 970.5 924 175.5 126 84 748.5 436.5 312 214.5 97.5 369 133.5 316.5 103.5 213 178.5 258 141 96 117 75 45 57 73.5
internal_count=1350 504 846 480 828 234 594 192 456 282 42 54 138 534 114 60 174 93 54 78 504 480 84 96 60 396 243 153 105 48 216 66 177 81 96 75 258 141 96 117 75 45 57 51
is_linear=0
shrinkage=0.08


Tree=42
num_leaves=45
num_cat=0
split_feature=11 35 22 37 0 37 13 16 10 22 36 35 0 11 32 32 23 6 37 16 8 23 3 36 0 17 36 18 17 17 37 31 25 36 31 15 22 29 2 33 15 16 22 15
split_gain=0.0741949 0.253152 0.0124262 0.00977507 0.0391346 0.0115814 0.255277 0.0841116 0.0447544 0.0225442 0.0235404 0.0104326 0.0245835 0.011515 0.0117818 0.00991902 0.00927153 0.00846521 0.00831467 0.0152097 0.00783697 0.00715368 0.00687294 0.00932216 0.0110481 0.00648172 0.0055768 0.00422151 0.00655881 0.0041404 0.0036854 0.00342448 0.00300495 0.00441125 0.00653033 0.0088307 0.00410841 0.00292193 0.00426936 0.00285017 0.00239865 0.00206912 0.00214039 0.00230882
threshold=9.9450000000000021 1.5000000000000002 91.600000000000009 17.515000000000004 17.795000000000005 10.875000000000002 9.8000000000000025 6.0057692307692303 9.7450000000000028 13.600000000000003 2.5000000000000004 1.5000000000000002 17.020000000000003 9.6300000000000008 8.4000000000000004 26.500000000000004 11.400000000000002 11.974615384615387 4.1100000000000003 7.6300000000000017 9.9350000000000005 6.6000000000000005 16.895000000000003 2.5000000000000004 16.245000000000001 17.200000000000006 1.5000000000000002 7.6000000000000005 4.7000000000000002 1.9000000000000001 7.9500000000000011 1.5000000000000002 1.9000000000000001 1.5000000000000002 2.5000000000000004 2.1715384615384621 1.0000000180025095e-35 8.7000000000000011 16.165000000000003 5.5000000000000009 2.6250000000000004 6.0850000000000017 6.8000000000000007 2.0784615384615379
decision_type=2 2 2 2 2 2 2 2 2 2 2 2 2 2 2 2 2 2 2 2 2 2 2 2 2 2 2 2 2 2 2 2 2 2 2 2 2 2 2 2 2 2 2 2
left_child=2 -2 3 5 -5 7 8 -1 15 11 25 12 41 14 32 16 21 -6 -12 30 -16 22 23 37 29 26 31 28 39 -25 -20 -11 33 36 35 -35 -13 -7 -39 -28 -33 -9 43 -43
right_child=1 -3 -4 4 17 6 -8 9 -10 10 18 13 -14 -15 20 -17 -18 -19 19 -21 -22 -23 -24 24 -26 -27 27 -29 -30 -31 -32 40 -34 34 -36 -37 -38 38 -40 -41 -42 42 -44 -45
leaf_value=0.0026331818996731078 -0.006397734026114146 0.0025021729489167533 0.0014564111673375701 0.0038751987394477637 -0.0014802102152524249 -3.0118707694889641e-05 -0.007863077085672153 -0.00085609040145451828 0.0034900130269428092 0.00025965059331307808 1.3071173491577308e-05 0.0010229857082550342 0.001560542352963239 -0.0013975763003031413 -0.0017159740633907773 0.0015383272012695671 -0.0012632466758423972 0.00071916710779381288 0.0015064288253585497 0.0033106787867533665 -0.00044156474888635183 0.0011736533759782713 -0.00058713270940586877 0.00095930652395509247 0.0023964489730341093 0.0011802317407624476 -0.00032883478283155258 -0.00039977949079783527 0.0014498595337288968 -0.00029135446762666104 0.00057129913541887495 -0.0010111521573754043 0.00055482522315449185 -0.00057581835527429888 -0.00091506302449852227 0.0010478353762300686 -0.00012361402215901762 -2.4456547530875966e-05 -0.0016394455647096037 0.00069242529214176606 -0.00027228671146491379 -6.3478262687567625e-05 0.00030851394960693286 -0.00064424403200762862
leaf_weight=82.5 45 37.5 42 21 21 136 27 30 24 36 30 32.5 60 75 52.5 24 42 24 60 24 75 30 129 32 21 29 41 42.5 34.5 36 49 55.5 45 53 80 36 52 22 20 30.5 57 120 51 69
leaf_count=33 30 15 36 21 21 136 21 15 12 27 30 13 30 30 21 18 24 24 27 24 30 18 90 32 21 24 29 25 22 36 24 38 18 32 32 18 28 22 20 17 28 66 27 45
internal_value=6.89353e-12 -0.00235232 9.45053e-05 6.60688e-05 0.00102356 3.35865e-05 -0.000280108 0.000155038 0.000116676 1.54116e-07 0.000431143 -0.00025346 9.57994e-05 -0.000483512 -0.000322585 -4.78773e-05 -0.000129221 -0.000307209 0.00121612 0.00148749 -0.000966322 -1.74158e-05 -0.000107648 0.000124013 0.000792522 3.86538e-05 -7.28135e-05 0.000273847 0.000543933 0.000297192 0.00108605 -0.000419474 -4.76218e-05 -0.000154565 -0.00039054 8.09405e-05 0.000317386 -0.000210242 -0.000793499 0.000106808 -0.000636794 -0.000229699 -0.0001514 -0.000275504
internal_weight=2136 82.5 2053.5 2011.5 66 1945.5 543 1402.5 516 1320 489 831 330 501 426 492 468 45 163 133 127.5 426 396 267 89 326 297 148.5 106 68 109 148.5 298.5 253.5 169 89 84.5 178 42 71.5 112.5 270 240 189
internal_count=1350 45 1305 1269 66 1203 450 753 429 720 315 405 183 222 192 417 399 45 105 75 51 375 357 267 89 210 186 93 68 68 51 93 141 123 82 50 41 178 42 46 66 153 138 111
is_linear=0
shrinkage=0.08


Tree=43
num_leaves=45
num_cat=0
split_feature=37 10 28 22 15 35 36 16 5 36 15 15 36 37 37 17 19 22 0 37 21 36 15 37 22 14 37 36 16 37 16 2 30 20 14 35 5 15 36 17 19 17 21 21
split_gain=0.0578448 0.267203 0.194869 0.0108336 0.00919513 0.0120536 0.0212662 0.00997361 0.00784886 0.00708928 0.0541691 0.0156216 0.193776 0.00945611 0.0167704 0.0163397 0.0182071 0.0164162 0.0134303 0.0205233 0.0159699 0.0136614 0.0124883 0.00923383 0.0259794 0.011412 0.00672531 0.00616889 0.00526566 0.00508759 0.0155083 0.00766292 0.00438749 0.00421843 0.00360228 0.00358499 0.00210776 0.00183952 0.00190332 0.00176652 0.00327203 0.00207306 0.0016346 0.00149895
threshold=17.475000000000005 9.9550000000000018 36.700000000000003 91.600000000000009 1.3400000000000001 1.5000000000000002 1.5000000000000002 9.2000000000000011 11.992692307692311 1.5000000000000002 1.8492307692307708 1.9073076923076924 2.5000000000000004 7.3050000000000006 7.4800000000000013 2.1000000000000005 5.9000000000000012 53.300000000000004 16.765000000000004 11.911538461538465 1.1000000000000003 2.5000000000000004 3.1550000000000007 16.140000000000004 9.8000000000000025 7.8350000000000009 16.210000000000004 2.5000000000000004 7.2300000000000013 11.760384615384618 6.0453846153846165 16.195000000000004 12.800000000000002 11.800000000000002 7.6750000000000007 1.0000000180025095e-35 10.085000000000003 2.2450000000000001 2.5000000000000004 3.3000000000000003 8.2000000000000011 1.9000000000000001 1.7000000000000004 0.50000000000000011
decision_type=2 2 2 2 2 2 2 2 2 2 2 2 2 2 2 2 2 2 2 2 2 2 2 2 2 2 2 2 2 2 2 2 2 2 2 2 2 2 2 2 2 2 2 2
left_child=1 3 -2 4 5 28 -7 9 -4 10 -6 12 -11 15 -15 43 17 -17 23 21 -21 42 -23 25 -25 32 29 -8 -1 30 -12 -31 33 37 39 -30 -36 -16 -39 41 -41 -32 -20 -13
right_child=2 -3 8 -5 7 6 27 -9 -10 11 26 13 -14 14 18 16 -18 -19 19 20 -22 22 -24 24 -26 -27 -28 -29 35 31 34 -33 -34 -35 36 -37 -38 38 -40 40 -42 -43 -44 -45
leaf_value=-0.00015817403764500608 0.0087262538055490179 -0.0056342007875166559 -0.0010056416113446984 0.0013398983234184838 0.0036910977039693134 0.00043595258427399488 -0.00080443402696959868 0.0014480758739066207 0.00094047948097189266 0.0035182626061141492 -0.0019214884807666145 -0.00069629346344819557 -0.0055744694778695706 -0.0011546491953459653 7.6946027998235964e-05 0.0012926501824210089 0.00036071623247877068 0.004169759905516086 0.00064079118435407382 -0.0013957268319791183 0.00091150082647800451 0.0021405596532232578 0.00054386117279228545 0.0031892248038202526 -0.00071478016393181564 -0.0010011581930527349 -0.0015284673862957529 -0.0019239700851695879 -6.4703073111121304e-05 -0.00026871071214339251 -0.00037718407396601921 0.0013093322266133562 -0.0007624355386531748 -0.00059630769863724714 0.00050297743935360877 0.0011013329894695844 -0.00022528292631937398 0.00024080770854932178 0.00090940114025265791 0.00017598900012671947 -0.00075123047369221845 -0.0011089860480016386 7.0734216111167418e-05 0.00019782038849024548
leaf_weight=162 21 54 36 42 22.5 63 63 36 21 30 37.5 28 30 55 84 30 49 22 82 48 32 85.5 49.5 20 24 81 28 63 27 54 82 31 34 35 58.5 45 45 54.5 54.5 69.5 37.5 35.5 53 21
leaf_count=108 21 24 36 36 20 27 27 36 21 25 15 28 25 22 54 24 34 22 36 28 32 38 22 20 24 36 28 27 27 54 50 16 20 24 26 27 20 33 33 40 20 22 24 18
internal_value=-3.65648e-12 -8.10487e-05 0.00213844 6.85871e-05 4.13725e-05 -0.000288973 -0.000764151 0.000132169 -0.00028865 0.000100651 -0.000145062 0.000223507 -0.0010281 0.000303227 0.00019292 0.000885649 0.00146722 0.00250989 0.000293485 0.000652588 -0.000472836 0.000986047 0.0015551 -3.12862e-05 0.00105977 -0.000171246 -0.000325445 -0.0013642 9.4824e-05 -0.000250674 -0.000380321 0.000306811 8.53293e-05 0.00021175 -0.000204121 0.000664069 0.000186342 0.000358289 0.000575104 -0.000384134 -0.000148971 -0.000598282 0.000416991 -0.000313102
internal_weight=2136 2058 78 2004 1962 423 189 1539 57 1503 501 1002 60 942 792 150 101 52 737 350 80 270 135 387 44 343 478.5 126 234 450.5 365.5 85 262 228 328 72 103.5 193 109 224.5 107 117.5 135 49
internal_count=1350 1272 78 1248 1212 243 81 969 57 933 311 622 50 572 446 126 80 46 424 180 60 120 60 244 44 200 291 54 162 263 193 70 164 144 178 54 46 120 66 132 60 72 60 46
is_linear=0
shrinkage=0.08


Tree=44
num_leaves=45
num_cat=0
split_feature=11 10 36 15 0 0 18 18 4 8 36 15 17 10 29 17 0 7 0 30 2 0 25 31 29 34 20 25 25 9 10 34 34 31 17 29 33 15 33 34 34 17 17 29
split_gain=0.0547308 0.0110037 0.0186376 0.019994 0.0108072 0.016184 0.00595629 0.00531855 0.00530993 0.00380524 0.00358554 0.00436865 0.00338445 0.00288864 0.00232226 0.00226496 0.00323961 0.00221478 0.00420914 0.00197749 0.00155163 0.0013421 0.00131686 0.00187893 0.000931352 0.00183324 0.00165781 0.00100512 0.00171643 0.000959249 0.000900505 0.000813159 0.000768117 0.00075779 0.000601591 0.000587983 0.00125683 0.000901171 0.000880334 0.000575641 0.000815657 0.000592254 0.000956839 0.000562536
threshold=9.9450000000000021 9.9350000000000005 2.5000000000000004 1.2600000000000002 15.625000000000002 14.695000000000002 6.4000000000000012 0.50000000000000011 17.335000000000004 9.9800000000000022 1.5000000000000002 1.1199999999999994 3.3000000000000003 9.6700000000000017 12.100000000000001 10.000000000000002 15.695000000000002 11.974615384615387 17.795000000000005 2.1000000000000005 16.175000000000004 13.485000000000001 0.50000000000000011 9.1000000000000014 14.900000000000002 71.100000000000023 12.900000000000002 5.4000000000000012 2.3000000000000003 9.9800000000000022 7.7750000000000012 1.3000000000000005 87.000000000000014 1.0000000180025095e-35 1.5000000000000002 3.9000000000000004 3.1000000000000005 2.2350000000000008 2.5000000000000004 48.400000000000013 36.300000000000004 0.3000000000000001 7.0000000000000009 3.7000000000000006
decision_type=2 2 2 2 2 2 2 2 2 2 2 2 2 2 2 2 2 2 2 2 2 2 2 2 2 2 2 2 2 2 2 2 2 2 2 2 2 2 2 2 2 2 2 2
left_child=1 2 10 19 5 6 7 -5 9 34 11 -1 21 24 15 -14 -17 18 -10 -4 -11 -12 31 -24 26 -26 27 28 29 30 39 -23 -25 -33 -6 37 -37 38 -35 40 41 -13 -43 -31
right_child=-2 -3 3 4 8 -7 -8 -9 17 20 12 13 14 -15 -16 16 -18 -19 -20 -21 -22 22 23 32 25 -27 -28 -29 -30 43 -32 33 -34 35 -36 36 -38 -39 -40 -41 -42 42 -44 -45
leaf_value=0.00020301055604616156 -0.002020346250949484 0.0015302199260755021 -0.00017212100773434009 0.00038097315815754148 0.00025486830077678352 0.0024431288047977117 -0.00046983910181249181 0.0017381473651833154 0.00058988372696507161 -0.00054074293752382331 0.00059099246385610764 -7.3835991651220774e-05 -0.00021820981043350437 -0.0011369844169609926 0.00082625788657672019 0.00093038667747868779 -0.00020047335402870721 0.00030106103005395692 0.0016424327394501728 -0.0008041840805707121 5.7789979295598137e-05 0.00043694093202551208 0.0003239261331989176 -0.00043583491885907608 0.00037086798633272587 -0.00034981803390486492 -0.00088196381214348716 3.391381137627215e-07 -0.00085659029421868258 0.0001385903705588796 -0.0008049160580743443 -0.00053752072173584664 5.3463807426296274e-05 -0.00037719733994303928 0.00064217586046108957 -7.6876857007543247e-05 -0.00059078225362542511 0.00027585481345239612 0.00010984934597312436 -0.00060644595552576891 9.3864978061638008e-05 -0.00073704942948667402 -0.00020446650435527168 -0.00028014099152831286
leaf_weight=115.5 82.5 33 60.5 42 38.5 46 24 33 66 38.5 18 36 57.5 27.5 44 39.5 27.5 44 38.5 66.5 99 11.999999999999998 88 44 37 58 34 60.5 38.5 44 27.5 45 38.5 62 77 67.5 55.5 36 38.5 35.5 34.5 41.5 45 38.5
leaf_count=63 45 18 33 42 21 39 24 33 36 21 18 36 39 15 27 36 15 24 21 39 54 12 48 24 21 33 27 33 21 24 15 30 21 42 42 39 33 24 21 27 24 39 30 21
internal_value=-7.92521e-12 8.1168e-05 5.75013e-05 0.000401115 0.00061124 0.00120322 0.000627107 0.00097813 0.000397448 0.000174556 -0.000114306 -0.000244828 1.62161e-05 -0.000337525 0.00032668 0.000150122 0.000466228 0.00077719 0.000977665 -0.000503083 -0.000109799 -8.73743e-05 -0.000112447 6.67866e-05 -0.000296083 -6.91298e-05 -0.000345591 -0.000300169 -0.000353485 -0.000289454 -0.000376692 -0.000209002 -0.000207496 -0.000234457 0.000513073 -0.000181903 -0.000308761 -6.75917e-05 -0.000190617 -0.000315518 -0.000249734 -0.000346503 -0.000459983 -5.68176e-05
internal_weight=2136 2053.5 2020.5 673.5 546.5 145 99 75 401.5 253 1347 673.5 673.5 558 168.5 124.5 67 148.5 104.5 127 137.5 505 487 170.5 530.5 95 435.5 401.5 341 302.5 220 316.5 82.5 304.5 115.5 259.5 123 136.5 100.5 192.5 157 122.5 86.5 82.5
internal_count=1350 1305 1287 429 357 138 99 75 219 138 858 429 429 366 117 90 51 81 57 72 75 312 294 93 351 54 297 270 237 216 171 201 45 189 63 159 72 87 63 156 129 105 69 45
is_linear=0
shrinkage=0.08


Tree=45
num_leaves=45
num_cat=0
split_feature=37 10 10 12 37 17 20 17 31 37 5 9 32 4 30 16 0 29 37 26 37 35 16 16 32 9 14 15 11 18 1 16 37 15 31 30 8 24 12 32 32 17 29 30
split_gain=0.0591804 0.897315 0.278834 0.0252856 0.038884 0.0205216 0.0102115 0.00901388 0.00903758 0.00798966 0.00798572 0.0123389 0.00609615 0.00552153 0.00441117 0.00436282 0.00434095 0.00390687 0.00379363 0.00444947 0.00377154 0.0037671 0.013763 0.0113086 0.00792184 0.00768243 0.00494285 0.00457251 0.00384268 0.00373386 0.00349471 0.00329388 0.00360173 0.00283932 0.00225023 0.00209135 0.00205345 0.00200092 0.00274392 0.00199545 0.00191424 0.00173524 0.00139351 0.0013194
threshold=11.703076923076924 9.9550000000000018 9.9350000000000005 9.8550000000000022 11.974615384615387 3.3000000000000003 14.600000000000001 13.900000000000002 6.3000000000000016 7.5050000000000008 10.045000000000002 9.8950000000000014 12.800000000000002 17.890000000000004 11.700000000000001 5.8630769230769237 13.425000000000002 8.7000000000000011 17.860000000000003 13.000000000000002 9.9050000000000029 1.5000000000000002 7.0450000000000008 7.0000000000000018 4.6000000000000005 9.8350000000000026 7.8200000000000012 1.9073076923076924 9.3000000000000025 0.3000000000000001 17.860000000000003 6.7500000000000018 7.8650000000000011 2.835 9.4000000000000004 1.0000000180025095e-35 10.105000000000002 5.8000000000000007 7.8950000000000005 7.3000000000000016 4.2000000000000011 2.3000000000000003 11.900000000000002 8.4000000000000004
decision_type=2 2 2 2 2 2 2 2 2 2 2 2 2 2 2 2 2 2 2 2 2 2 2 2 2 2 2 2 2 2 2 2 2 2 2 2 2 2 2 2 2 2 2 2
left_child=2 3 5 4 -2 13 7 12 -9 -8 11 17 20 15 -13 -1 -17 34 19 30 31 23 26 29 27 35 33 -24 43 39 37 32 -7 -23 40 -25 -31 38 -12 -18 41 -6 -19 -28
right_child=1 -3 -4 -5 10 6 9 8 -10 -11 18 14 -14 -15 -16 16 21 42 -20 -21 -22 22 24 25 -26 -27 28 -29 -30 36 -32 -33 -34 -35 -36 -37 -38 -39 -40 -41 -42 -43 -44 -45
leaf_value=0.00084486926719546317 0.0024231849530977861 -0.015840622206839423 0.0054652983186736937 -0.0025656934996368362 0.00025512299513117808 0.00076022106480408218 0.00054983904095072501 0.0022193176235305147 0.00037239924168739567 0.0024203020793696246 -0.00075412522234460889 0.0022402013270627886 -0.00068314165217421379 -0.0010938102771838507 0.00060047175557840441 0.00081515029584988945 -0.0002596529533911962 -0.001214692266879692 0.00026648704639889979 0.00020148572116158902 0.0010071068656231676 -2.9026473044521282e-05 -0.0010205928711292818 0.00063233861440999638 -0.0018879365513012523 0.0013430472356439742 -0.00062140037112144969 4.0747362547607598e-05 0.00033049073566993075 -0.00037390429298910828 -0.0016894832722566748 -0.0003667753298899957 -0.00013008455322547393 0.00063387969788772608 -0.00058550697337422103 -0.00013894136312107247 -0.0010513478062958235 -0.0012148552034050226 0.00033241763511406523 0.00029748526828673978 0.00071781872073188428 -0.00038706633178756025 -0.00032234058967636281 -0.00021932394716602104
leaf_weight=30 42 24 63 24 87 70.5 28.5 30 39 30 51 21 46.5 37.5 21 30 96 21 33 30 42 90 64.5 36 42 54 112.5 43.5 52.5 90 27 52.5 49.5 76.5 27 60 42 30 21 72 36 39 24 97.5
leaf_count=12 21 18 27 21 87 30 24 30 24 18 51 21 24 15 21 30 48 21 33 21 21 36 33 27 24 27 45 39 21 45 15 39 24 36 27 51 21 27 21 36 36 39 24 39
internal_value=4.72556e-12 -0.000708133 0.000250404 -2.8021e-05 9.13989e-05 3.35474e-05 0.000534918 0.000362231 0.00117541 0.00150905 -0.000117864 0.000157762 0.000147253 -0.000139362 0.00142034 -0.000106495 -0.000133446 -6.88539e-05 -0.000514076 -0.00067608 0.000327269 -0.000161102 -0.000296046 1.25256e-05 -0.00095566 0.000579682 -6.54113e-05 -0.000593109 -0.000281679 -0.000271052 -0.000880165 0.000161743 0.00039297 0.000275552 9.06503e-05 0.000150289 -0.000589455 -0.000665934 -0.000437217 -2.08794e-05 0.000203343 5.63501e-05 -0.000738771 -0.000434722
internal_weight=2136 558 1578 534 510 1515 388.5 330 69 58.5 468 276 261 1126.5 42 1089 1059 234 192 159 214.5 1029 579 450 150 150 429 108 262.5 300 129 172.5 120 166.5 189 96 132 102 72 168 162 126 45 210
internal_count=1350 504 846 486 465 819 234 192 54 42 444 276 138 585 42 570 558 234 168 135 114 528 273 255 96 105 177 72 105 150 114 93 54 72 189 78 66 99 72 84 162 126 45 84
is_linear=0
shrinkage=0.08


Tree=46
num_leaves=45
num_cat=0
split_feature=37 10 0 5 37 17 36 37 10 6 36 34 36 11 37 16 22 35 16 3 0 16 35 16 33 0 27 1 34 36 20 29 21 33 30 37 17 33 37 37 33 19 34 20
split_gain=0.0607775 0.18789 0.178206 0.00827542 0.00728306 0.0071693 0.0140582 0.00730593 0.0284796 0.00915451 0.00905717 0.0133038 0.0082306 0.134166 0.111527 0.029497 0.0164314 0.0156367 0.0153445 0.0108427 0.009982 0.00761125 0.00724741 0.0217191 0.0272905 0.0056353 0.00498852 0.00458567 0.00453964 0.00408051 0.00327545 0.00304729 0.0026659 0.00235717 0.00227616 0.00206803 0.0020233 0.00200562 0.00197051 0.00183316 0.0015533 0.00171469 0.00155066 0.00185298
threshold=17.545000000000005 9.9550000000000018 17.775000000000002 11.992692307692311 17.220000000000002 3.3000000000000003 2.5000000000000004 11.802307692307695 9.7700000000000014 11.992692307692311 2.5000000000000004 41.300000000000011 2.5000000000000004 9.8950000000000014 10.105000000000002 6.0453846153846165 14.300000000000002 1.5000000000000002 7.0000000000000018 17.860000000000003 16.295000000000005 6.8000000000000025 1.5000000000000002 6.5600000000000014 3.5000000000000004 16.920000000000005 4.1000000000000005 16.175000000000004 39.70000000000001 1.5000000000000002 5.0000000000000009 12.100000000000001 5.0000000000000009 3.1000000000000005 8.8000000000000025 8.5250000000000004 11.800000000000002 3.7000000000000006 10.105000000000002 14.280000000000003 4.6000000000000005 8.2000000000000011 49.900000000000006 1.9000000000000001
decision_type=2 2 2 2 2 2 2 2 2 2 2 2 2 2 2 2 2 2 2 2 2 2 2 2 2 2 2 2 2 2 2 2 2 2 2 2 2 2 2 2 2 2 2 2
left_child=1 4 -2 -4 5 7 29 12 9 10 25 39 13 19 15 -14 17 18 -17 30 -19 -22 23 -8 -25 27 -6 -9 -29 40 34 32 36 -32 38 -34 -31 -18 42 -12 41 -7 43 -1
right_child=2 -3 3 -5 26 6 22 8 -10 -11 11 -13 14 -15 -16 16 37 20 -20 -21 21 -23 -24 24 -26 -27 -28 28 -30 31 33 -33 35 -35 -36 -37 -38 -39 -40 -41 -42 -43 -44 -45
leaf_value=-8.5560822788027734e-05 0.0084822763804168928 -0.004607283689016313 -0.0012798953389197036 0.00083755936651002793 -0.0014132662220961518 0.00023559712435536342 -5.3753899410367012e-06 0.00016648477531917808 0.0029822373351392644 -0.00097805257823763126 0.00076996534893458539 0.0023653385228104089 0.0021007291118439755 0.0048166909436177874 -0.0044038884704932571 -0.00054056534976033236 0.0004981712150765816 7.5463250211640448e-05 0.0015422170097927415 -0.0013882921071102223 -0.00071071046236015497 -0.0020430069066908049 0.00032097718906071453 0.00084554869122803217 0.0044648602760086458 0.00098556148757260038 7.5733446283265946e-05 -0.00021231496652641607 -0.0016327429834442834 -0.00072246079236782832 -0.00011398685175259339 0.00092924620816484094 0.00097301551186647578 -0.00099141876256569872 0.0002025752086300663 1.9333769495670612e-06 0.0001754363970960387 0.0014010487109302513 -0.00064849715232743283 -0.00019845613888625442 -0.00051826534371772048 -0.00050535472659546821 -0.00040655730181833274 0.0004631535789888838
leaf_weight=274 21 57 27 21 36 58 40 72 24 42 22 29 40 36 40 56 32 39.5 38 45 52.5 57.5 67.5 30 24 28 24 36 24 29 36 40 30.5 43 172 26 36 31 44 29 73 30.5 77 46
leaf_count=152 21 27 27 21 36 42 26 72 15 21 21 26 16 16 20 28 24 23 25 18 21 23 39 26 19 20 24 36 24 19 24 23 22 28 76 20 26 20 22 29 47 21 34 30
internal_value=-1.20196e-11 -7.79678e-05 0.00233564 -0.000353509 5.04755e-05 7.71876e-05 0.00034397 -1.10117e-05 0.000336692 0.000111539 0.000302218 0.000997235 -0.000102773 4.79415e-05 -0.000404202 5.75219e-05 -0.000209128 -0.000507071 0.00030141 -0.000184996 -0.00101541 -0.00140714 0.0009534 0.00140753 0.00245413 -4.52909e-05 -0.000817666 -0.000263957 -0.000780486 3.9255e-05 -0.000106747 0.0003236 0.000124211 -0.000591576 -4.4265e-05 0.000526146 -0.000225164 0.000942444 -0.000140538 0.000219294 -0.00024509 -1.97592e-05 -8.42406e-05 -6.68313e-06
internal_weight=2136 2067 69 48 2010 1950 484.5 1465.5 306 282 240 80 1159.5 773 386.5 346.5 306.5 243.5 94 737 149.5 110 161.5 94 54 160 60 132 60 323 692 161.5 121.5 79 613 56.5 65 63 441 51 161.5 88.5 397 320
internal_count=1350 1281 69 48 1254 1194 330 864 264 249 228 76 600 400 200 180 164 120 53 384 67 44 110 71 45 152 60 132 60 220 366 110 87 52 314 42 45 44 238 50 110 63 216 182
is_linear=0
shrinkage=0.08


Tree=47
num_leaves=45
num_cat=0
split_feature=16 35 3 10 15 35 36 36 10 16 0 35 18 21 15 16 22 34 35 15 15 15 16 35 18 30 36 16 36 16 35 34 18 14 6 0 16 33 20 33 14 33 34 18
split_gain=0.0485176 0.225899 0.272931 0.0466665 0.00650623 0.00858188 0.0156298 0.00811859 0.0245708 0.0217121 0.0100452 0.00997355 0.0305953 0.0236035 0.0217526 0.0137887 0.0123811 0.0114644 0.0135863 0.00950423 0.0161749 0.0125279 0.00762764 0.0148944 0.00818475 0.00811653 0.00829306 0.00575381 0.00386013 0.00290066 0.00277309 0.00960434 0.00261722 0.00225025 0.00322584 0.00201733 0.001865 0.00181097 0.00198095 0.00148638 0.00249583 0.00163879 0.00144367 0.00213216
threshold=5.9461538461538463 1.5000000000000002 17.835000000000004 9.9550000000000018 1.3400000000000001 1.5000000000000002 1.5000000000000002 1.5000000000000002 9.7450000000000028 6.0057692307692303 13.180000000000001 1.5000000000000002 17.200000000000006 3.3000000000000003 2.4650000000000012 6.0311538461538472 40.300000000000004 72.000000000000014 1.0000000180025095e-35 2.2850000000000006 2.1615384615384623 2.6899999999999999 6.3150000000000004 1.0000000180025095e-35 0.70000000000000007 2.5000000000000004 2.5000000000000004 7.1000000000000005 2.5000000000000004 7.1000000000000005 1.0000000180025095e-35 67.500000000000014 5.9000000000000012 7.6750000000000007 10.115 16.115000000000006 8.9950000000000028 6.9000000000000012 4.5000000000000009 12.100000000000001 7.8950000000000005 4.6000000000000005 32.20000000000001 4.7000000000000002
decision_type=2 2 2 2 2 2 2 2 2 2 2 2 2 2 2 2 2 2 2 2 2 2 2 2 2 2 2 2 2 2 2 2 2 2 2 2 2 2 2 2 2 2 2 2
left_child=1 2 -1 4 5 28 -7 8 30 -9 -11 12 15 19 -15 -12 -16 22 -19 20 -13 -21 35 24 -24 36 -27 -8 -2 -30 31 -6 -26 37 -35 -17 -25 42 -39 40 41 -37 -32 -44
right_child=3 -3 -4 -5 7 6 27 9 -10 10 11 13 -14 14 16 17 -18 18 -20 21 -22 -23 23 25 32 26 -28 -29 29 -31 33 -33 -34 34 -36 39 -38 38 -40 -41 -42 -43 43 -45
leaf_value=0.00041877425637924012 -0.00014722860126941949 0.002139760223062088 -0.0094322303123772142 0.0025236766002695969 -0.00027572724663106531 0.00038658367469906807 -0.00071088899398843444 -0.0017752259546382862 0.0021786359785632655 0.0021833763835537763 0.0025157466872284813 -0.001036773460036784 0.0027495860841332208 -0.00038610538017888699 0.00078566881847016675 -0.00086118673657377561 0.0027396946483188205 0.0025634057041523713 0.00037763094941440685 -0.0017238422206631212 0.00090594267254346056 -0.00024309236931092129 0.00055224119636573289 -0.00026582470862194894 -0.0013765477068308327 0.00065088078379631046 0.002259934488229635 -0.0018122694506218621 0.00012426654518478446 0.0011117338626222177 -0.00039614156054252865 -0.0022199279041960835 -0.00023514706804417075 0.00044750260810057322 -0.00039143751403599076 -0.00046161147858947519 0.00069522591318673223 -0.00023055990868144565 -0.0009854599412276665 -0.00052969016496111484 0.00063038002171864115 0.00022113585378974676 -0.00032658165437169376 0.00047952056496537162
leaf_weight=36 156 60 36 49.5 87 63 75 33 27.5 18 18 48 36 59 49 30 36 28 52 66 64 82 38 28 36 41 41 51 45 33 81.5 20 20 72 49.5 60 24 45 44 48 30 36 42 42
leaf_count=24 108 24 24 27 87 27 30 18 15 18 12 36 32 32 22 20 24 28 28 30 34 34 38 22 36 24 24 24 30 24 64 20 20 32 22 40 24 24 24 32 20 24 24 24
internal_value=7.61993e-12 -0.0014856 -0.00450673 9.78537e-05 3.64169e-05 -0.000241315 -0.000642263 0.000113126 -0.000147361 0.00024337 0.000310793 0.000276044 0.00049277 -2.75876e-05 0.000794073 0.000339477 0.00161326 0.000262967 0.00114265 -0.000482661 7.335e-05 -0.000903427 0.000100063 0.000418036 -0.000353973 0.000959595 0.00145541 -0.00115669 8.2528e-05 0.000542041 -0.000279794 -0.000639129 -0.000968905 -0.000177536 0.000105712 -0.000255319 0.000177737 -0.00031276 -0.000603769 -0.000150859 -6.54284e-06 -0.000205581 -0.000156266 7.64695e-05
internal_weight=2136 132 72 2004 1954.5 423 189 1531.5 510.5 1021 988 970 566 404 144 530 85 512 80 260 112 148 432 228 94 134 82 126 234 78 483 107 56 376 121.5 204 52 254.5 89 174 126 96 165.5 84
internal_count=1350 72 48 1278 1251 243 81 1008 336 672 654 636 424 212 78 392 46 380 56 134 70 64 324 188 94 94 48 54 162 54 321 107 56 214 54 136 46 160 48 116 84 64 112 48
is_linear=0
shrinkage=0.08


Tree=48
num_leaves=45
num_cat=0
split_feature=11 35 10 35 18 18 22 21 4 11 32 33 8 18 33 34 34 16 21 22 10 4 35 0 21 33 2 17 32 0 35 26 4 16 33 8 5 5 33 19 18 21 1 29
split_gain=0.0430507 0.197748 0.0100807 0.00702079 0.0253439 0.0214206 0.0214938 0.0157548 0.0110321 0.0104989 0.0120016 0.00681994 0.00646556 0.00640534 0.00530238 0.00700462 0.0164185 0.00370467 0.00344239 0.00400294 0.00360132 0.0042081 0.00385955 0.00657198 0.00440299 0.00438125 0.00237412 0.00233488 0.00439503 0.0028933 0.00159326 0.00313783 0.00260085 0.00143315 0.00165644 0.00225566 0.00139265 0.00156334 0.00128739 0.0012811 0.000982981 0.00095899 0.000950244 0.000880998
threshold=9.9450000000000021 1.5000000000000002 9.9350000000000005 1.5000000000000002 21.000000000000004 15.500000000000002 39.100000000000016 5.9000000000000012 17.965000000000003 9.6300000000000008 8.4000000000000004 27.500000000000004 9.8950000000000014 4.7000000000000002 11.4 8.7000000000000046 3.5000000000000004 6.8000000000000025 10.000000000000002 59.70000000000001 7.455000000000001 17.380000000000006 1.0000000180025095e-35 17.220000000000002 0.3000000000000001 4.2000000000000011 17.965000000000003 4.5000000000000009 4.2000000000000011 14.240000000000002 1.0000000180025095e-35 6.2000000000000011 17.545000000000005 6.1150000000000011 9.1000000000000014 10.045000000000002 9.9200000000000017 10.085000000000003 1.7000000000000004 4.7000000000000002 7.0000000000000009 0.3000000000000001 16.460000000000004 6.0000000000000009
decision_type=2 2 2 2 2 2 2 2 2 2 2 2 2 2 2 2 2 2 2 2 2 2 2 2 2 2 2 2 2 2 2 2 2 2 2 2 2 2 2 2 2 2 2 2
left_child=2 -2 3 4 8 6 9 -8 11 10 13 18 -12 14 15 16 -5 36 20 39 22 33 27 24 -24 43 30 28 29 -1 32 -32 -23 38 35 41 -17 -38 -22 -20 -29 -35 -36 -26
right_child=1 -3 -4 5 -6 -7 7 -9 -10 -11 12 -13 -14 -15 -16 17 -18 -19 19 -21 21 26 23 -25 25 -27 -28 40 -30 -31 31 -33 -34 34 42 -37 37 -39 -40 -41 -42 -43 -44 -45
leaf_value=0.00022420204191197018 -0.0053672779539806984 0.0024986791869004567 0.0014589352138114698 -0.00032907374305068515 0.0021821619885472152 -0.002034498606291082 0.0001324383569290004 0.0020238827622276459 0.0017053307582520778 -0.0011000605765109262 -0.0014138850037306839 0.0010682061762504634 -0.0003533178088920457 -0.00085515080541372307 0.00082937535137320173 0.00047401399710603681 0.0023309955166445841 -0.00056501177751148741 -0.00027659167052695045 -0.00096600332168034382 -0.00074343875402377725 -0.00054799274874052831 -0.00039858137173816945 0.0016292993002959217 0.0012991570412284798 2.343296718512041e-05 -0.00025279238567842794 -0.00089978439422945186 0.0011383986640915585 -0.00090164860976593838 0.0011739652989698308 0.00019606451609260626 0.00071108614671088399 -3.6010088382313162e-05 -3.470709521530403e-05 0.00040277641848661004 -0.00036636857497727591 0.00020282644579807917 -0.00013830125932064324 0.00035609373046706117 -0.0001257362269929477 -0.00049492382842193671 -0.00054994017151849608 0.00067341372341616084
leaf_weight=48 45 37.5 33 33 39 36 63 51 27 75 48 42 157.5 37.5 78 48 27 75 54 45 45 21 39 30 36 48 36 21 24 21 42 42 21 153 36 72 52.5 75 45 33 21 36 63 24
leaf_count=48 30 15 18 33 36 27 36 33 18 30 21 30 63 24 33 21 18 39 42 30 30 21 36 15 33 33 24 21 24 21 21 21 21 102 24 48 21 30 30 24 21 24 42 18
internal_value=3.59022e-12 -0.00179184 7.19878e-05 4.93354e-05 0.000177256 -0.000124511 -4.07093e-05 0.000978611 0.000107753 -0.000205186 -9.89059e-05 6.8468e-05 -0.000601042 0.000143322 0.000239699 9.1568e-05 0.000867957 -9.43935e-05 2.87057e-05 -0.000353447 8.32989e-05 -2.94693e-05 0.000304498 0.00055023 0.000330012 0.000593114 0.000320159 -1.76836e-05 0.000205899 -0.000118448 0.000483859 0.000685015 8.15467e-05 -0.000155335 -8.39516e-05 2.1736e-05 0.000106725 -3.1548e-05 -0.00044087 -3.66076e-05 -0.00051276 -0.000123422 -0.000362583 0.00104886
internal_weight=2136 82.5 2053.5 2020.5 1164 856.5 820.5 114 1125 706.5 631.5 1098 205.5 426 388.5 310.5 60 250.5 1056 132 924 612 312 177 147 108 162 135 93 69 126 84 42 450 360 261 175.5 127.5 90 87 42 189 99 60
internal_count=1350 45 1305 1287 858 429 402 69 822 333 303 804 84 219 195 162 51 111 774 96 678 408 270 135 120 84 108 135 93 69 84 42 42 300 240 174 72 51 60 66 42 126 66 51
is_linear=0
shrinkage=0.08


Tree=49
num_leaves=45
num_cat=0
split_feature=37 28 11 5 37 13 11 4 34 17 15 1 37 34 37 15 35 21 25 11 3 33 5 25 17 33 17 37 21 31 31 34 17 17 2 34 32 2 34 22 1 26 34 22
split_gain=0.05753 0.194789 0.156488 0.00983635 0.00942952 0.177963 0.0839883 0.0235984 0.01688 0.013412 0.00733301 0.0173835 0.0279278 0.00897317 0.0053147 0.0114021 0.00633221 0.00515701 0.00490058 0.00441892 0.00373793 0.0046339 0.00384643 0.00335957 0.00344073 0.00465224 0.00283196 0.00245217 0.0067235 0.00225023 0.0021892 0.00212763 0.00211551 0.00201822 0.00198621 0.001794 0.00178332 0.00135999 0.00142212 0.00152152 0.00135852 0.0012643 0.00124539 0.00116121
threshold=17.475000000000005 36.700000000000003 9.9550000000000018 11.992692307692311 10.875000000000002 9.8000000000000025 9.8950000000000014 17.935000000000006 86.000000000000014 1.7000000000000004 2.5050000000000003 15.100000000000003 6.8050000000000006 46.100000000000009 7.8200000000000012 2.1715384615384621 1.5000000000000002 2.1000000000000005 8.7000000000000011 9.6300000000000008 16.805000000000003 11.100000000000001 4.4800000000000013 1.1000000000000003 1.9000000000000001 8.8000000000000025 5.9000000000000012 9.4550000000000018 3.3000000000000003 1.3 1.5000000000000002 12.000000000000004 1.3 4.7000000000000002 16.660000000000004 48.400000000000013 3.3000000000000003 16.165000000000003 1.3000000000000005 24.100000000000005 17.515000000000004 4.4000000000000012 38.400000000000006 9.8000000000000025
decision_type=2 2 2 2 2 2 2 2 2 2 2 2 2 2 2 2 2 2 2 2 2 2 2 2 2 2 2 2 2 2 2 2 2 2 2 2 2 2 2 2 2 2 2 2
left_child=2 -2 4 -3 6 7 9 8 23 19 13 12 -12 14 15 16 -11 -15 -10 20 22 40 -1 24 25 31 -17 28 -13 -21 -26 -6 34 -30 37 36 -32 38 -24 -40 -22 -25 -39 -33
right_child=1 3 -4 -5 5 -7 -8 -9 18 10 11 27 -14 17 -16 26 -18 -19 -20 29 21 -23 32 41 30 -27 -28 -29 33 -31 35 43 -34 -35 -36 -37 -38 42 39 -41 -42 -43 -44 -45
leaf_value=0.0006714392597010981 0.0087190865388228778 -0.0010966355030541308 -0.0042141047603728478 0.0010819949812832332 1.0447788433563235e-05 -0.0062361693567751595 0.003669623150711968 0.002549594614635377 0.0018787878819487311 0.00070175402681343262 0.00021594667186339696 -0.00036684887889189787 0.0042107897305062843 -0.00011302850922040734 -0.00025238551645197422 0.00095724490047855815 -0.0011359555766102859 -0.0014778393047255656 0.00046603396907448768 -0.00026767493303244311 0.0001209385851636911 0.00064430433864656246 0.00026370277109284262 -0.00082314889119179159 -0.00078765717220145848 -0.00093020565231286348 0.002079739233150202 0.00083745633760743125 0.00096140971793247777 -0.001036420263669858 -0.00039281674554028238 0.00079811021990220375 -0.00077509049566522727 0.00026948363121066777 -0.00060900118912535683 -0.00073307906149975254 0.00051349901509555897 0.00016413239873332497 -0.00054706102956573034 5.1453374196878741e-05 -0.00033194260232461 -0.00032699276682078131 -0.00022309403578262953 0.0001396897314892461
leaf_weight=30 21 36 57 21 69 30 42 24 33 24 24 73.5 21 40.5 58.5 33 24 31.5 30 48 97.5 85.5 24 54 48 21 25.5 54 55.5 49.5 24 60 46.5 52.5 67.5 21 33 121.5 111 36 75 84 94.5 24
leaf_count=30 21 36 27 21 69 24 18 12 27 24 24 30 18 18 27 24 24 24 15 21 42 36 24 39 48 21 21 27 27 21 24 54 24 27 30 21 33 54 78 18 30 51 42 24
internal_value=-3.35437e-12 0.00213261 -8.08279e-05 -0.000293982 3.69116e-05 -0.000243405 0.000144502 9.90386e-05 -1.83533e-05 3.90497e-05 0.000362671 0.000639482 0.00208021 3.50525e-05 0.000360224 0.000696729 -0.000217101 -0.000710133 0.00120605 -0.000149866 -8.70788e-05 0.000162728 -0.000208454 -0.000194466 -4.41953e-05 0.000186355 0.00144654 0.000364184 0.000223376 -0.000657961 -0.000362574 0.000339608 -0.000261142 0.000625057 -0.00020856 -0.000100985 0.000131892 -0.000138715 -0.000307267 -0.000400486 -7.59663e-05 -0.000521141 -5.27917e-06 0.00060999
internal_weight=2136 78 2058 57 2001 555 1446 525 501 1404 517.5 280.5 45 237 165 106.5 48 72 63 886.5 789 258 531 438 300 174 58.5 235.5 181.5 97.5 126 153 501 108 454.5 78 57 387 171 147 172.5 138 216 84
internal_count=1350 78 1272 57 1245 462 783 438 426 765 315 153 42 162 120 93 48 42 42 450 408 108 300 384 294 168 45 111 84 42 126 147 270 54 246 78 57 216 120 96 72 90 96 78
is_linear=0
shrinkage=0.08


Tree=50
num_leaves=45
num_cat=0
split_feature=37 10 0 5 37 35 22 16 10 16 16 36 34 19 21 16 34 7 34 22 16 19 34 37 32 9 16 0 32 10 36 34 36 0 37 27 5 34 16 34 37 16 29 7
split_gain=0.0510391 0.146253 0.139722 0.00891484 0.00459159 0.00470477 0.0171589 0.0153925 0.0167088 0.0130588 0.0386435 0.0205166 0.0148428 0.0125682 0.0171178 0.00942565 0.00718058 0.00972141 0.00915943 0.00803522 0.00676142 0.00579387 0.00805571 0.005014 0.0045145 0.00350524 0.0033943 0.00545521 0.00315784 0.00313708 0.00300624 0.00271307 0.00254927 0.00347101 0.00233302 0.00232139 0.00173007 0.00179553 0.00168883 0.00390534 0.00204042 0.00141774 0.00182335 0.00177752
threshold=17.545000000000005 9.9550000000000018 17.775000000000002 11.992692307692311 17.335000000000004 1.5000000000000002 91.600000000000009 6.0057692307692303 9.7050000000000018 6.0057692307692303 6.0273076923076916 2.5000000000000004 44.500000000000007 13.900000000000002 15.500000000000002 6.620000000000001 39.70000000000001 9.8950000000000014 31.700000000000006 23.700000000000006 6.2600000000000016 0.3000000000000001 14.700000000000005 14.200000000000001 24.700000000000006 10.065000000000003 7.0000000000000018 14.365000000000002 5.5000000000000009 8.6700000000000017 1.5000000000000002 67.500000000000014 1.5000000000000002 16.590000000000003 16.565000000000001 4.1000000000000005 10.875000000000002 63.300000000000004 6.8000000000000025 41.800000000000004 14.280000000000003 6.5950000000000015 9.1000000000000014 10.105000000000002
decision_type=2 2 2 2 2 2 2 2 2 2 2 2 2 2 2 2 2 2 2 2 2 2 2 2 2 2 2 2 2 2 2 2 2 2 2 2 2 2 2 2 2 2 2 2
left_child=1 4 -2 -4 5 6 9 -7 13 -1 -11 24 20 14 16 -14 18 -18 19 21 25 32 -23 26 30 -13 -22 -28 -20 -25 31 34 -9 -34 41 -6 37 -19 -32 40 -40 43 -43 -12
right_child=2 -3 3 -5 35 7 -8 8 -10 10 11 12 15 -15 -16 -17 17 36 28 -21 23 22 -24 29 -26 -27 27 -29 -30 -31 38 -33 33 -35 -36 -37 -38 -39 39 -41 -42 42 -44 -45
leaf_value=-0.0010282712544625004 0.0075829912677762056 -0.0040675134878409534 -0.0012023026408213707 0.0009954353767846313 -0.0012946110086825989 0.0010186705887317658 0.0020581860801515482 0.0002450706385738718 -0.001316690447429816 0.0046993641058603926 -0.00025831635664217171 -0.00094729033157680967 0.00071343494365767879 -0.0014061303705065733 0.001797174420207739 0.0023159793229854627 -0.0012694922031274414 -0.00055328232571482663 0.001344895859559377 -0.0011852745907122476 0.00029218094814992089 0.0013853120790987179 -6.8701651316505291e-05 -0.00088695876952260739 -0.0010530889409710654 0.0001797237786415376 0.00066398328051389178 0.0020637771094750082 0.00040380734562252962 0.00049740870186889717 -7.6657672775881427e-05 -0.00094035596699651447 4.86918980711881e-05 -0.0008771897442638874 0.00061740295019593438 -0.00014286843882430167 0.0002077873773286464 1.5454266358304907e-05 0.00024474346432102364 0.0010613917255999916 -0.00060053612444671285 -0.00029021257064667854 -0.0010972672488008227 0.00040754964193090415
leaf_weight=60 21 57 27 21 24 75 30 52 75 11.999999999999998 75 33 48 42 33 46 61.5 75 43.5 36 44 43.5 55.5 20 32 38 49 28 48 22 167 33 49 55 22 21 67.5 67.5 89 33 23 122 21 39
leaf_count=30 21 27 27 21 24 30 24 28 30 6 50 22 29 33 24 35 30 30 21 27 22 30 24 20 22 22 49 16 21 22 105 23 34 22 22 21 27 27 72 26 23 96 14 21
internal_value=-1.22465e-12 -7.14489e-05 0.00214036 -0.000240792 4.18724e-05 6.01702e-05 0.000171537 -7.74235e-05 -0.000179671 0.000117939 0.000186988 0.000131959 0.000648566 -6.26937e-05 1.94377e-05 0.00149766 -7.02646e-05 -0.000384903 0.000153067 -6.64523e-05 0.000307477 9.14991e-05 0.000570183 0.000591293 -0.000126344 -0.0003441 0.000852702 0.001173 0.00085121 -0.000161814 -7.88186e-05 -0.000254413 -0.000212281 -0.000440957 -0.000173279 -0.000757131 -0.000125845 -0.000283881 9.67754e-05 0.000296523 7.11593e-05 -0.000240964 -0.000408731 -3.05201e-05
internal_weight=2136 2067 69 48 2010 1965 1086 879 804 1056 996 984 328 729 687 94 654 271.5 382.5 291 234 255 99 163 656 71 121 77 91.5 42 624 312 156 104 279 45 210 142.5 312 145 112 257 143 114
internal_count=1350 1281 69 48 1254 1209 771 438 408 747 717 711 237 378 345 64 321 114 207 165 173 138 54 129 474 44 87 65 42 42 452 226 84 56 203 45 84 57 226 121 95 181 110 71
is_linear=0
shrinkage=0.08


Tree=51
num_leaves=45
num_cat=0
split_feature=37 37 10 10 16 17 36 31 35 16 5 36 34 5 37 30 1 36 32 1 17 35 16 32 4 16 28 15 21 36 16 19 33 36 11 11 8 10 16 1 35 32 31 34
split_gain=0.0511255 0.758422 0.288239 0.211279 0.00961094 0.0111945 0.0106811 0.0114789 0.00881893 0.00688211 0.00371288 0.00944478 0.0135641 0.00426229 0.00325681 0.00325025 0.00380809 0.00300806 0.00350602 0.00248337 0.00245394 0.00227927 0.00921609 0.00705429 0.00639972 0.00365702 0.00576384 0.00256053 0.00254637 0.00733167 0.00293646 0.00197887 0.00193349 0.00160061 0.00313107 0.00148102 0.00155524 0.00142311 0.00138808 0.00177507 0.00118866 0.0011841 0.00116156 0.000919987
threshold=11.703076923076924 11.911538461538465 9.9550000000000018 9.9200000000000017 6.0057692307692303 3.3000000000000003 2.5000000000000004 4.2000000000000011 1.5000000000000002 6.0350000000000028 10.045000000000002 2.5000000000000004 45.000000000000007 11.974615384615387 17.475000000000005 7.1000000000000005 16.245000000000001 1.5000000000000002 4.2000000000000011 13.350000000000003 2.1000000000000005 1.5000000000000002 7.0450000000000008 4.6000000000000005 17.400000000000002 6.9750000000000023 8.2000000000000011 1.9073076923076924 3.0000000000000004 2.5000000000000004 6.7250000000000023 8.2000000000000011 4.6000000000000005 1.5000000000000002 7.8800000000000008 7.6650000000000009 10.105000000000002 7.8950000000000005 7.3600000000000021 14.240000000000002 1.5000000000000002 18.200000000000003 0.3000000000000001 32.20000000000001
decision_type=2 2 2 2 2 2 2 2 2 2 2 2 2 2 2 2 2 2 2 2 2 2 2 2 2 2 2 2 2 2 2 2 2 2 2 2 2 2 2 2 2 2 2 2
left_child=2 -2 4 10 -1 9 17 8 -8 -6 11 15 20 14 33 38 -17 31 40 -11 -13 24 28 27 25 35 42 -24 29 30 37 32 -7 -12 -35 -21 -37 -23 -3 -40 -19 -15 -27 -30
right_child=1 3 -4 -5 5 6 7 -9 -10 19 13 12 -14 41 -16 16 -18 18 -20 21 -22 22 23 -25 -26 26 -28 -29 43 -31 -32 -33 -34 34 -36 36 -38 -39 39 -41 -42 -43 -44 -45
leaf_value=0.00093717692080729962 -0.010271927500143647 0.00023060073988316992 0.006771326877531552 0.0081040312890850365 -0.0013192883556087812 0.00039141564508495127 0.0027502877575655777 0.00026994451089835855 0.00081050848712523786 0.0006270223896329602 0.00010527521221628111 0.00059354099757378783 0.0023911815761433297 -0.00018064449903451734 -0.0012350466685035291 -0.00018269907496869565 -0.001568412028930404 0.0011606362735231718 -2.8226475515369831e-05 -0.00062290797467102056 -0.00035859359179933869 0.00021032957583665848 -0.00070829764314112259 -0.0016262301955638186 0.00083877293772443575 -0.00036766065229014016 0.0012414231232057015 6.9085873941751737e-05 2.2477137959665723e-05 -0.00071730463226374829 0.00053288447521626951 -0.00059026501442522108 -0.00040417171192958076 -0.0010505737477031194 0.00011659898892200242 -2.3603662029253664e-05 -0.0004843133275933338 -0.00035736739527111736 1.4091146168420496e-05 -0.00083462395220218857 0.00044237116078749811 0.00046820986964222464 0.00021232204219582036 0.00048742303908195188
leaf_weight=75 48 68 42 21 30 46 30 69.5 30 30 31 41 24 36 39 30 22 30 70.5 54 30 50 72 42 54 39 30 43.5 45 95 75 49.5 34 38 24 162 66 65 46 24 29 36 51 69
leaf_count=30 24 68 18 21 12 30 21 36 21 30 29 41 24 24 39 30 22 20 38 27 30 20 36 24 27 36 15 39 18 38 30 30 18 38 20 81 33 26 46 24 20 24 39 33
internal_value=7.02763e-12 -0.00065818 0.00023274 0.000246643 5.3951e-05 8.61087e-06 0.000376546 0.000969769 0.0017804 -0.000124669 -9.07906e-05 9.57114e-05 0.000747008 -0.000351345 -0.000621415 -0.000229937 -0.000768962 7.99346e-05 0.000352571 -9.02916e-05 0.000191231 -0.000111545 -0.000220198 -0.000738374 2.10539e-05 -8.87889e-05 0.000281103 -0.000415517 -1.5655e-05 -0.000143474 0.000143442 -0.000192701 5.3291e-05 -0.000364085 -0.000598765 -0.00024619 -0.000156967 -0.000110543 -2.68256e-05 -0.000276897 0.000807591 0.000143783 -3.90038e-05 0.000303892
internal_weight=2136 558 1578 510 1536 1461 388.5 129.5 60 1072.5 489 285 95 204 132 190 52 259 129.5 1042.5 71 1012.5 556.5 157.5 456 402 120 115.5 399 285 190 129.5 80 93 62 282 228 115 138 70 59 72 90 114
internal_count=1350 504 846 480 828 798 234 78 42 564 459 285 95 174 126 190 52 156 78 552 71 522 264 99 258 231 90 75 165 114 76 78 48 87 58 141 114 46 138 70 40 48 75 51
is_linear=0
shrinkage=0.08


Tree=52
num_leaves=45
num_cat=0
split_feature=37 10 10 12 37 17 37 18 16 15 11 37 37 16 32 34 6 37 20 22 11 0 17 11 31 30 16 0 37 30 21 16 4 22 34 34 34 22 29 37 0 0 21 3
split_gain=0.0432727 0.734154 0.244488 0.0193297 0.0346083 0.00918172 0.00518508 0.0415545 0.0297832 0.0136636 0.00393932 0.00383598 0.00504141 0.00582683 0.00332544 0.00370212 0.0030941 0.00423715 0.0035428 0.00290352 0.00236051 0.00225284 0.00223887 0.00209893 0.00193324 0.00189842 0.00247389 0.00186633 0.00205995 0.00185769 0.0016534 0.00162957 0.00205857 0.00150973 0.00177804 0.00147573 0.00142113 0.00115103 0.00107388 0.000961182 0.00323792 0.00291625 0.0018273 0.000781642
threshold=11.703076923076924 9.9550000000000018 9.9350000000000005 9.8550000000000022 11.974615384615387 3.3000000000000003 5.535000000000001 17.200000000000006 7.1300000000000008 2.1950000000000003 9.6300000000000008 10.065000000000003 9.6200000000000028 6.2600000000000016 11.100000000000001 86.000000000000014 10.105000000000002 17.860000000000003 1.7000000000000004 43.100000000000009 9.4400000000000031 17.255000000000006 2.7000000000000006 9.1350000000000016 3.3000000000000003 9.4000000000000004 6.7350000000000021 13.425000000000002 3.0500000000000003 6.5000000000000009 3.8000000000000003 8.9950000000000028 16.660000000000004 9.5000000000000018 72.000000000000014 12.000000000000004 1.9000000000000006 33.000000000000007 8.4000000000000004 8.7750000000000004 16.455000000000002 16.380000000000006 0.50000000000000011 17.365000000000006
decision_type=2 2 2 2 2 2 2 2 2 2 2 2 2 2 2 2 2 2 2 2 2 2 2 2 2 2 2 2 2 2 2 2 2 2 2 2 2 2 2 2 2 2 2 2
left_child=2 3 5 4 -2 10 7 9 11 -7 20 12 13 -8 16 22 19 18 29 25 23 -12 -16 27 -21 26 -6 -1 36 -18 -15 32 33 39 37 -28 -29 -35 43 41 -41 42 -30 -34
right_child=1 -3 -4 -5 14 6 8 -9 -10 -11 21 -13 -14 30 15 -17 17 -19 -20 24 -22 -23 -24 -25 -26 -27 35 28 31 -31 -32 -33 38 34 -36 -37 -38 -39 -40 40 -42 -43 -44 -45
leaf_value=0.00057686057616956529 0.0023139156893427883 -0.014293254235138496 0.0050972894571780685 -0.0022091111727058888 -0.00061869539461578379 -0.00012863257403175035 0.00096562436577819646 -0.0032614206345308394 0.0026520460718570072 0.0025320112756231712 -0.0002162879171901969 0.00085890779620967806 -0.00071999523267593415 -0.00026214044330255044 0.00035220926554471835 0.0010552841275930406 -0.0016569457765823851 0.00045859229795279955 9.752383455634117e-05 -0.0010336055330656191 0.00045521001239214932 -0.0008993344650164211 -0.00049346269851825622 -0.00044911086191940641 -0.00012081879049991116 0.00069125493631387743 3.9891345095970941e-06 -0.00014597141871317514 -0.00057282073087990286 -0.00077464048839395955 0.00029820619994758542 0.0004894878271604992 8.6257375293859721e-05 -1.2308674109778528e-05 -0.00038117661197302922 0.00064926333430533609 -0.0010766771568783693 0.0004628713450383866 0.00027592894810312551 -0.00054376171211953524 0.0003836745821239277 -0.00097914478679498045 0.00020217489980069208 -0.00029764401044395534
leaf_weight=30 42 24 63 24 33 30 52.5 21 36 21 67.5 48 42 79.5 51 30 24 21 21 27 55.5 57 33 90 33 30 93 21 37.5 42 58.5 36 108 130.5 66 30 21 43.5 130.5 54 43.5 45 40.5 49.5
leaf_count=30 21 18 27 21 33 30 21 21 33 21 30 24 21 33 42 27 21 21 21 27 24 24 33 39 33 30 93 21 24 33 30 36 48 60 36 30 21 30 57 27 21 18 18 21
internal_value=-2.16882e-13 -0.000605526 0.000214121 9.65314e-06 0.000114066 1.10588e-05 0.000346422 -0.000266341 0.000485819 0.000966927 -0.000104599 0.0002078 7.3378e-05 0.000248295 -8.33569e-05 0.000292429 -0.000204373 -0.000561326 -0.000807513 -4.76617e-05 -5.18657e-05 -0.000529008 1.9981e-05 -8.15992e-05 -0.000531573 0.000108439 -3.6414e-06 -4.29815e-05 -6.54803e-05 -0.00109548 -2.46022e-05 -3.62573e-05 -6.15436e-05 -0.000166464 -2.7621e-05 0.000161373 -0.000611324 0.000106486 0.000106219 -0.000317585 -0.000129982 -0.000466294 -0.000170419 -3.43973e-05
internal_weight=2136 558 1578 534 510 1515 388.5 72 316.5 51 1126.5 280.5 232.5 190.5 468 114 354 108 87 246 1002 124.5 84 946.5 60 186 156 856.5 826.5 66 138 784.5 748.5 460.5 240 123 42 174 288 220.5 97.5 123 78 157.5
internal_count=1350 504 846 486 465 819 234 72 162 51 585 129 105 84 444 102 342 96 75 246 531 54 75 507 60 186 156 468 438 54 63 396 360 234 126 123 42 90 126 108 48 60 42 69
is_linear=0
shrinkage=0.08


Tree=53
num_leaves=45
num_cat=0
split_feature=16 35 32 10 16 15 0 35 35 18 10 35 35 29 30 30 16 35 22 20 16 22 15 16 35 30 35 31 16 32 35 0 31 35 29 35 15 32 35 19 29 35 30 18
split_gain=0.0379636 0.163159 0.226743 0.0399272 0.00393867 0.00345179 0.00787421 0.0141111 0.0119767 0.0053415 0.00300575 0.00263252 0.00216861 0.00411092 0.00203851 0.00184877 0.00514067 0.00239934 0.00513292 0.00517597 0.00486367 0.00253898 0.00538466 0.00229831 0.00274454 0.00173616 0.00395242 0.00144404 0.00132939 0.00113206 0.00119626 0.00136749 0.00112914 0.00353239 0.000955591 0.00156466 0.00236662 0.00144778 0.00116958 0.000865092 0.000824653 0.00072723 0.00173319 0.000638979
threshold=5.9461538461538463 1.5000000000000002 17.600000000000005 9.9550000000000018 6.0311538461538472 2.5050000000000003 15.195000000000002 1.0000000180025095e-35 1.5000000000000002 13.900000000000002 9.9200000000000017 1.5000000000000002 1.0000000180025095e-35 9.9000000000000004 9.1000000000000014 1.5000000000000002 9.2000000000000011 1.0000000180025095e-35 3.7000000000000002 3.7000000000000006 6.7150000000000025 41.500000000000007 2.3550000000000009 6.8350000000000017 1.5000000000000002 9.1000000000000014 1.5000000000000002 1.9000000000000001 6.4000000000000012 7.7000000000000011 1.5000000000000002 16.525000000000002 1.0000000180025095e-35 1.5000000000000002 1.5000000000000002 1.0000000180025095e-35 2.1715384615384621 0.50000000000000011 1.5000000000000002 4.2000000000000011 0.70000000000000007 1.5000000000000002 0.50000000000000011 11.500000000000002
decision_type=2 2 2 2 2 2 2 2 2 2 2 2 2 2 2 2 2 2 2 2 2 2 2 2 2 2 2 2 2 2 2 2 2 2 2 2 2 2 2 2 2 2 2 2
left_child=1 2 -1 4 11 9 7 -7 -9 10 15 -2 13 14 28 16 32 18 20 -20 -17 23 -23 29 -25 27 -27 -14 -8 30 -19 -32 33 40 35 36 -34 38 -37 -29 -6 42 -36 -41
right_child=3 -3 -4 -5 5 6 12 8 -10 -11 -12 -13 25 -15 -16 17 -18 21 19 -21 -22 22 -24 24 -26 26 -28 39 -30 -31 31 -33 34 -35 41 37 -38 -39 -40 43 -42 -43 -44 -45
leaf_value=-0.0083710867332087626 0.00014479634283041511 0.0017669361016402643 0.00060775492754247453 0.0023303933245967133 -0.00012070308846887201 -0.00073194254455821858 2.1989055365944904e-05 0.0030003491302098458 0.00038428010685103277 -0.0010363959881942719 -0.00079969917282913671 0.00097329228185117245 0.00042434669052711642 -0.00096240974859231054 -0.00053038530500392281 -0.0013601146620653927 0.0010127584944065247 -0.00024605227849032316 0.001257968291353721 -4.5404023243090471e-05 0.00019729334825762746 0.0010334510770108965 -0.00037284295408962628 -0.00014332977939389706 -0.00085957757780949278 0.00078612751980472245 -2.8498393201763613e-05 -0.00015464606964470524 0.00085189798713794767 -0.00034938402939587831 -0.0001156490037101321 0.00044342926792090851 0.00025975070459147295 -0.00089166195399946328 -0.00036897340119167264 0.00023700343501387224 -0.00084755836941656612 0.00010197046695053171 0.00089002345800399789 0.00031162036453477213 0.000508449780876011 -0.00027208212057523658 0.00037509145632879266 -0.00010175591265713727
leaf_weight=36 54 60 36 49.5 30 21 30 24 21 36 33 45 49.5 36 24 21 36 90 39 39 33 31.5 39 63 75 72 81 171 21 108 60 52.5 30 33 33 33 21 91.5 37.5 58.5 24 66 51 40.5
leaf_count=24 36 24 24 27 30 21 30 21 21 36 18 18 24 36 24 21 36 45 39 39 33 24 24 39 39 36 36 78 21 48 24 21 30 24 24 24 21 54 24 30 18 30 36 18
internal_value=-2.6265e-12 -0.00131412 -0.00388167 8.65588e-05 2.9731e-05 3.49887e-06 0.000152183 0.000980416 0.00177952 -7.65763e-05 -4.70434e-05 0.000521385 5.85016e-05 -0.000259698 7.76038e-05 -2.51985e-05 9.2867e-05 -0.00011334 0.000191199 0.000606282 -0.000408365 -0.000190794 0.000255501 -0.000260948 -0.000532595 0.000133253 0.000354855 2.71341e-05 0.000363716 -0.000140216 -2.86598e-05 0.000145254 1.92757e-05 -0.000239576 8.13146e-05 0.00019024 -0.0001962 0.000311897 0.000584355 -4.56882e-05 0.00015892 -7.33592e-05 8.27803e-05 0.000142512
internal_weight=2136 132 72 2004 1954.5 1855.5 649.5 66 45 1206 1170 99 583.5 111 75 1137 486 651 132 78 54 519 70.5 448.5 138 472.5 153 319.5 51 310.5 202.5 112.5 450 87 363 213 51 162 70.5 270 54 150 84 99
internal_count=1350 72 48 1278 1251 1197 396 63 42 801 765 54 333 111 75 747 351 396 132 78 54 264 48 216 78 222 72 150 51 138 90 45 315 72 243 153 51 102 48 126 48 90 60 48
is_linear=0
shrinkage=0.08


Tree=54
num_leaves=45
num_cat=0
split_feature=11 35 10 35 18 4 18 22 19 33 31 29 31 28 22 0 16 5 31 29 32 29 25 29 29 31 0 0 30 32 30 30 16 18 22 32 32 34 32 35 0 0 30 33
split_gain=0.0365243 0.148721 0.00909967 0.00499289 0.0146744 0.0132682 0.013253 0.0132454 0.00794648 0.00576877 0.00545984 0.00875199 0.00613798 0.00460487 0.00424084 0.00367757 0.0028778 0.00369666 0.00461667 0.00385114 0.0027935 0.00269496 0.002668 0.00229926 0.00288117 0.00192547 0.00192396 0.00206865 0.00187688 0.0017163 0.00163342 0.00152174 0.00155123 0.00136718 0.00109637 0.00104755 0.00108166 0.000973295 0.00160296 0.000924628 0.00296715 0.00110531 0.000907676 0.000891195
threshold=9.9450000000000021 1.5000000000000002 9.9350000000000005 1.5000000000000002 21.000000000000004 17.965000000000003 15.500000000000002 39.100000000000016 8.2000000000000011 27.500000000000004 2.5000000000000004 4.2000000000000011 1.0000000180025095e-35 57.20000000000001 14.300000000000002 16.960000000000004 6.4000000000000012 9.8750000000000018 14.100000000000003 9.1000000000000014 6.1000000000000005 9.1000000000000014 1.6000000000000003 22.000000000000004 11.700000000000001 1.5000000000000002 17.020000000000003 13.895000000000001 4.6000000000000005 18.200000000000003 0.70000000000000007 2.5000000000000004 6.6699999999999999 2.3000000000000003 3.4000000000000004 1.7000000000000004 7.1000000000000005 7.5000000000000027 2.5000000000000004 1.0000000180025095e-35 16.495000000000001 16.525000000000002 10.800000000000002 7.1000000000000005
decision_type=2 2 2 2 2 2 2 2 2 2 2 2 2 2 2 2 2 2 2 2 2 2 2 2 2 2 2 2 2 2 2 2 2 2 2 2 2 2 2 2 2 2 2 2
left_child=2 -2 3 4 5 9 7 10 -9 13 12 15 -5 16 25 -12 23 18 26 -19 22 -22 -13 24 28 30 27 37 35 -15 -14 33 -33 -29 -30 -1 -37 -18 -39 40 -34 -41 -21 -36
right_child=1 -3 -4 6 -6 -7 -8 8 -10 -11 11 20 14 29 -16 -17 17 19 -20 42 21 -23 -24 -25 -26 -27 -28 31 34 -31 -32 32 39 -35 43 36 -38 38 -40 41 -42 -43 -44 -45
leaf_value=-0.00026349258176716313 -0.0047511371763216126 0.0020703867077827452 0.0013840413093566895 -0.00054906993003731432 0.0016782526643230363 0.0018517931971561024 -0.0016041700472123922 0.0014683263564344356 0.000130630305968225 0.00097616157705141676 -0.00050249918857041525 -0.00011623604188804539 0.00034323726428320283 0.0010282978001568052 0.0011473714257927909 -0.0013391239357491334 0.00071339329207936925 0.0010661210152837965 -0.00084979226048558193 -0.0001613448772372471 -0.00074300936376675965 -7.910026284969516e-05 0.00062143303766580571 -0.00080904504918079408 0.00039885026243239365 0.000652690480152766 0.00061827528872527183 -0.00013776693148247432 -5.8124443773219054e-05 0.0002471182986886965 -0.00023696975195895985 0.00054463549465354948 -0.00096230555650739312 -0.00069987864466384056 -0.00076213099480059658 0.00049327612104308274 -0.00012687771606983411 -0.00013419660401441867 0.00068538545637541874 0.0004069414725970654 0.00026021740709741912 -0.00017345080002477124 0.00040674762826205956 -0.00029599593662553366
leaf_weight=63 45 37.5 33 66 39 27 36 54 60 42 76.5 78 55.5 36 34.5 60 30 45 39 36 60 112.5 52.5 36 54 40.5 36 120 36 36 70.5 36 24 36 63 36 36 42 24 42 27 42 36 45
leaf_count=42 30 15 18 39 36 18 27 36 33 30 36 33 33 24 30 24 30 30 30 24 24 45 21 24 36 18 24 96 24 24 30 24 24 30 42 24 24 42 24 30 27 21 24 30
internal_value=1.44867e-11 -0.00165044 6.63071e-05 4.47851e-05 0.000152661 9.97736e-05 -0.00010182 -3.59034e-05 0.000764276 5.66912e-05 -0.000165019 -0.00033836 0.000120311 2.01213e-05 0.000340107 -0.000870246 -2.50679e-05 8.09059e-05 -1.41623e-05 0.000485555 -9.87476e-05 -0.000310025 0.000180527 -0.000201691 -0.000136031 0.000172836 5.68389e-05 9.0571e-06 -0.000239556 0.000637708 1.85976e-05 -8.68001e-05 7.80352e-05 -0.000267485 -0.000440462 -2.5257e-05 0.000183199 0.000335571 0.000163833 -4.63915e-05 -0.000315088 0.000116745 0.000122701 -0.000567908
internal_weight=2136 82.5 2053.5 2020.5 1164 1125 856.5 820.5 114 1098 706.5 439.5 267 1056 201 136.5 984 615 498 117 303 172.5 130.5 369 333 166.5 459 423 279 72 126 327 171 156 144 135 72 96 66 135 51 84 72 108
internal_count=1350 45 1305 1287 858 822 429 402 69 804 333 183 150 774 111 60 726 480 402 78 123 69 54 246 222 81 372 348 186 48 63 252 126 126 96 90 48 96 66 102 51 51 48 72
is_linear=0
shrinkage=0.08


Tree=55
num_leaves=45
num_cat=0
split_feature=37 28 11 5 11 11 36 15 35 37 14 37 37 37 15 5 18 0 24 26 37 19 37 34 0 37 17 33 19 0 36 4 1 37 0 37 26 30 18 37 34 37 36 8
split_gain=0.0521229 0.1699 0.1443 0.00934262 0.00528412 0.00383763 0.00754077 0.0115358 0.0095972 0.00403919 0.00689437 0.019006 0.0108988 0.00829159 0.00668 0.0154195 0.00581736 0.00528031 0.00499546 0.00386148 0.00142054 0.00776864 0.00280341 0.00326056 0.00222826 0.00221875 0.00482047 0.00189796 0.00175198 0.00152934 0.00134537 0.00119062 0.00137064 0.00130944 0.00433372 0.00404293 0.00305636 0.00125746 0.00142053 0.0011783 0.000979205 0.00167067 0.00201408 0.00107197
threshold=17.475000000000005 36.700000000000003 9.9550000000000018 11.992692307692311 9.9200000000000017 9.8000000000000025 2.5000000000000004 1.2600000000000002 1.5000000000000002 16.245000000000001 7.4800000000000013 7.8500000000000005 2.5300000000000007 14.200000000000001 2.5050000000000003 8.8100000000000023 7.6000000000000005 14.200000000000001 0.50000000000000011 6.6000000000000005 7.3800000000000017 15.500000000000002 7.5050000000000008 122.50000000000001 12.915000000000001 6.5250000000000012 13.900000000000002 0.3000000000000001 15.500000000000002 14.110000000000001 1.5000000000000002 16.155000000000005 17.935000000000006 16.210000000000004 16.565000000000001 11.760384615384618 5.8000000000000007 4.6000000000000005 3.7000000000000006 7.8050000000000006 55.600000000000009 9.7050000000000018 1.5000000000000002 10.105000000000002
decision_type=2 2 2 2 2 2 2 2 2 2 2 2 2 2 2 2 2 2 2 2 2 2 2 2 2 2 2 2 2 2 2 2 2 2 2 2 2 2 2 2 2 2 2 2
left_child=2 -2 4 -3 5 6 20 8 -8 10 12 -12 -9 14 16 -16 17 -14 -13 -20 21 24 -22 28 -1 26 27 29 31 -26 -29 37 33 35 -35 36 40 -24 -39 -17 41 42 -33 -43
right_child=1 3 -4 -5 -6 -7 7 9 -10 -11 11 18 13 -15 15 39 -18 -19 19 -21 22 -23 23 -25 25 -27 -28 30 -30 -31 -32 32 -34 34 -36 -37 -38 38 -40 -41 -42 43 -44 -45
leaf_value=-0.0011579556305271884 0.0081812188346243823 -0.0010185972220885257 -0.0040459870092832209 0.0011046518777341893 -0.00080671251846617593 0.00062327131831727066 0.00019027789665355545 0.0047807672992348669 -0.0013089785408793072 0.0013718318966803728 -0.0016071507443984352 -0.00014450136792018182 3.5959719796665013e-05 -0.00048843213263899084 0.0029948050311456127 0.00042635200995501583 -0.00089380650968495302 0.0012450028078760519 0.0011167420778335549 0.00014804384609063467 0.0006184795172885061 -0.0015891580205410719 -9.4515391176482061e-05 -0.00084648861930790276 -6.3162355883313083e-05 -0.000420823400410322 0.0012316802948374641 -0.00014423360964700357 0.00046138167608702596 -0.00097910663571383334 0.00057274175307421549 0.00049786773975938562 -0.0003600802242992416 -0.0012248290207406338 8.779519540257751e-05 0.00085217249045672363 -0.0004733242472367627 -6.0362082922124654e-05 -0.00078487840034392503 0.0010053181497568496 0.00033534788484261796 -2.9726422276446777e-05 -6.9805742532480516e-05 -0.00051162698236294094
leaf_weight=11.999999999999998 21 36 57 21 46.5 73.5 61 3.9999999999999991 49.5 27 37.5 72 50 40 24 45.5 20.5 43 63.5 45 40 25 171 33 28 65 22 33.5 43 20 33.5 80 63 22 60 40 70 29 43 44.5 88 113 80 40
leaf_count=12 21 36 27 21 24 36 42 4 21 27 15 39 50 40 20 20 18 28 29 20 16 22 124 20 28 32 22 32 32 20 32 32 28 22 60 28 30 20 30 22 40 56 32 20
internal_value=-1.29189e-11 0.00202992 -7.69358e-05 -0.000236348 3.61257e-05 5.61778e-05 3.40187e-05 0.000260545 -0.000481335 0.000419263 0.000366721 3.16644e-05 0.000635753 0.000573771 0.000760532 0.00119308 0.00032608 0.00059498 0.000372138 0.000714978 -7.92444e-05 -0.000254714 -3.7927e-05 -6.48565e-05 -9.88209e-05 -3.5902e-05 0.000146725 -6.08318e-05 -3.74745e-05 -0.000444806 0.000214254 -6.13352e-05 -5.30178e-06 3.23897e-05 -0.000264372 8.0011e-05 1.44346e-05 -0.000212602 -0.000493059 0.000712619 9.95796e-05 3.32933e-05 0.000214031 -0.000155713
internal_weight=2136 78 2058 57 2001 1954.5 1881 627 110.5 516.5 489.5 218 271.5 267.5 227.5 114 113.5 93 180.5 108.5 1254 239 1015 975 214 202 137 115 942 48 67 899 656 593 82 511 471 243 72 90 401 313 160 153
internal_count=1350 78 1272 57 1245 1221 1185 395 63 332 305 103 202 198 158 62 96 78 88 49 790 200 590 574 178 166 134 112 554 48 64 522 348 320 82 238 210 174 50 42 180 140 64 76
is_linear=0
shrinkage=0.08


Tree=56
num_leaves=45
num_cat=0
split_feature=37 4 0 15 5 37 35 18 18 11 0 27 0 0 33 32 18 0 34 5 32 7 28 0 31 31 5 37 4 9 37 15 17 18 37 33 30 1 4 31 32 34 35 0
split_gain=0.0465806 0.117313 0.116391 0.0203289 0.00764517 0.00369709 0.00417091 0.0122103 0.0112692 0.00814317 0.00695672 0.00550429 0.00485439 0.0107934 0.0110542 0.00529898 0.00493254 0.00962288 0.00449357 0.00520369 0.00325045 0.00266158 0.00254553 0.00225475 0.00255767 0.0021199 0.00196969 0.00176178 0.00161599 0.00158482 0.00239284 0.00158841 0.00224244 0.00149908 0.00133606 0.00129226 0.00120653 0.00177827 0.00112725 0.000771659 0.000615876 0.00128952 0.000658475 0.000509749
threshold=17.545000000000005 17.955000000000002 17.775000000000002 -0.1650000000000009 11.992692307692311 17.335000000000004 1.5000000000000002 21.000000000000004 15.500000000000002 9.7700000000000014 16.960000000000004 1.9000000000000001 16.140000000000004 12.915000000000001 4.2000000000000011 8.4000000000000004 6.4000000000000012 14.280000000000003 83.40000000000002 10.230000000000002 6.7000000000000002 9.8950000000000014 27.699999999999999 14.005000000000001 0.70000000000000007 12.300000000000002 9.8850000000000033 8.7150000000000016 17.335000000000004 9.9200000000000017 10.065000000000003 2.6250000000000004 5.9000000000000012 0.90000000000000013 9.4550000000000018 9.1000000000000014 0.50000000000000011 16.625000000000004 16.195000000000004 6.3000000000000016 2.5000000000000004 7.5000000000000027 1.0000000180025095e-35 16.155000000000005
decision_type=2 2 2 2 2 2 2 2 2 2 2 2 2 2 2 2 2 2 2 2 2 2 2 2 2 2 2 2 2 2 2 2 2 2 2 2 2 2 2 2 2 2 2 2
left_child=1 3 -2 -1 -4 6 7 10 9 12 23 20 13 -8 16 22 17 -15 19 -13 -12 -17 36 40 33 27 -27 -26 -7 31 -31 32 -29 -25 -33 39 -14 38 -38 -23 41 42 -5 -35
right_child=2 -3 4 5 -6 28 8 -9 -10 -11 11 18 15 14 -16 21 -18 -19 -20 -21 -22 35 -24 24 25 26 -28 29 -30 30 -32 34 -34 43 -36 -37 37 -39 -40 -41 -42 -43 -44 -45
leaf_value=0.0021201737200220424 0.0070122175344399041 -0.003052540058155119 -0.0010189464474441828 0.00019080363934682239 0.0010162797164438026 -0.0012074819792594229 -0.0023249341878626081 0.0015336120983537955 -0.0014786307340384358 -0.0010781770245068603 0.00048643554368662454 0.00093254033260530347 0.00031442905536719734 -0.00027697332979490359 0.0014726988267567424 -0.0009003202262378875 -0.00053332763180757566 0.0014988934131258209 0.00087661377198639369 -0.00030261310891722119 0.0013602758985750067 -0.00018774859642698653 0.00044711231163296943 -0.00018951045619624275 0.00069871404415203469 -0.00078358197238487324 -3.7474005172650022e-05 -7.0331044602809715e-05 -0.00024653432046761736 -0.00012340276235980646 0.00070343976303168649 -9.0615126370851472e-05 -0.00080007574907292362 -0.00093750961035645255 0.00055964709500469143 8.1483846707713036e-05 -0.00011970057512323062 -0.00038513517871292097 0.00036363010117340655 -0.00062149725499607269 0.00065363872655628552 -0.00011932726071487801 0.00082433039830426605 -0.00045836876387949347
leaf_weight=30 21 81 27 21 21 21 8.9999999999999982 39 36 45 63 27 52.5 45 54 52.5 48 34.5 42 114 48 52.5 97.5 93 27 39 54 147 24 42 48 42 33 30 39 52.5 75 90 52.5 52.5 24 42 21 27
leaf_count=15 21 36 27 21 21 21 9 36 27 18 39 18 21 45 36 21 30 30 21 60 27 21 39 72 27 30 36 102 24 21 39 21 27 24 33 21 30 36 21 21 24 42 21 18
internal_value=8.62982e-12 -6.82568e-05 0.00204474 5.34586e-05 -0.000128535 2.17606e-05 3.86382e-05 0.000144312 -9.35471e-05 -3.2215e-05 9.13473e-05 0.000419854 2.90718e-05 0.000379263 0.000513356 -8.64458e-05 0.000107045 0.000493686 0.000150265 -6.60944e-05 0.000864312 -0.000407021 9.67397e-05 -4.1137e-05 -9.98105e-05 -8.18807e-06 -0.000350358 7.59966e-05 -0.000694977 2.80952e-05 0.00031758 -7.17271e-05 -0.000204118 -0.000387505 0.000222474 -0.000242587 -2.97837e-05 -0.00011287 7.93179e-05 -0.000404623 0.000296235 0.00019412 0.000507567 -0.000710548
internal_weight=2136 2067 69 1986 48 1956 1911 1062 849 813 1023 294 768 190.5 181.5 577.5 127.5 79.5 183 141 111 210 367.5 729 621 471 93 378 45 351 90 261 180 150 81 157.5 270 217.5 127.5 105 108 84 42 57
internal_count=1350 1281 69 1245 48 1230 1185 759 426 399 723 165 381 150 141 231 105 75 99 78 66 84 147 558 450 336 66 270 45 243 60 183 129 114 54 63 108 87 51 42 108 84 42 42
is_linear=0
shrinkage=0.08


Tree=57
num_leaves=45
num_cat=0
split_feature=37 10 32 5 9 37 36 35 16 0 16 37 34 14 20 37 5 1 0 13 37 3 37 37 20 5 16 37 16 17 36 17 35 37 5 0 36 8 21 18 25 31 5 37
split_gain=0.0394258 0.128376 0.106173 0.0051404 0.00441061 0.00891085 0.00561733 0.00970467 0.0156428 0.0134896 0.0117873 0.0148702 0.0172824 0.0073802 0.00497288 0.00607916 0.00712011 0.00293988 0.00158421 0.00309502 0.00157188 0.00618435 0.00404371 0.00615629 0.00230499 0.00185154 0.00157141 0.00269814 0.0034489 0.00305975 0.001377 0.00126396 0.00346323 0.00117949 0.00222732 0.00218196 0.00482894 0.00144121 0.00139359 0.00209626 0.00163155 0.00126142 0.00145135 0.00113026
threshold=17.545000000000005 9.9550000000000018 3.5000000000000004 11.974615384615387 11.992692307692311 9.9350000000000005 2.5000000000000004 1.5000000000000002 6.6699999999999999 14.455000000000002 6.8850000000000025 12.820000000000002 12.600000000000003 7.7950000000000008 3.7000000000000006 10.105000000000002 10.065000000000003 16.660000000000004 14.200000000000001 7.3250000000000011 16.195000000000004 16.525000000000002 2.3250000000000006 2.5300000000000007 19.300000000000004 10.770000000000001 7.4350000000000032 11.760384615384618 6.0453846153846165 1.0000000180025095e-35 1.5000000000000002 11.800000000000002 1.5000000000000002 9.7050000000000018 9.9950000000000028 15.995000000000003 1.5000000000000002 10.105000000000002 5.0000000000000009 1.5000000000000002 0.50000000000000011 1.0000000000000002 9.9550000000000018 5.2400000000000011
decision_type=2 2 2 2 2 2 2 2 2 2 2 2 2 2 2 2 2 2 2 2 2 2 2 2 2 2 2 2 2 2 2 2 2 2 2 2 2 2 2 2 2 2 2 2
left_child=1 4 -2 -4 6 -6 20 10 13 -10 14 12 -12 -9 15 -8 -17 -11 -13 -20 22 -22 -1 -24 26 -23 27 28 -25 -29 43 32 -32 34 35 -30 -37 -36 39 40 41 -35 -43 -28
right_child=2 -3 3 -5 5 -7 7 8 9 17 11 18 -14 -15 -16 16 -18 -19 19 -21 21 25 23 24 -26 -27 30 29 33 -31 31 -33 -34 38 37 36 -38 -39 -40 -41 -42 42 -44 -45
leaf_value=-0.0018449972872622311 0.0066255716734754276 -0.0038066754633920238 -0.00092464424807716305 0.00074420597914251539 -0.00023784790188074114 0.0013176037480283264 -0.00025560302381974557 0.00097197698307485356 0.00072781907505122955 -0.00067579191447381516 0.00055788647577917968 0.0006575112012214959 0.002787625286883364 -0.00018737416070563576 -0.00049809649675374942 0.0019208113946020604 0.00032152219495225337 -0.0015443675130605698 -0.00086234828372570599 0.00051270690932869918 -0.0016413857927545905 0.0001202444072217023 0.0030928610730916262 -0.0007057491371201144 -0.00058797320274978266 -0.00072408471891487192 -0.00013266617449483387 0.00093558730114073983 -7.8208060876932002e-05 9.3602570006623864e-06 0.00018778710838242044 0.00047578906318029531 -0.00085346473900021103 -0.00035163533809180888 -0.0003622750547947362 0.00087298725763685064 -6.0068930906709282e-06 8.8437386655381751e-05 -0.00052037702637872747 0.00038149359180048725 -0.0005878713072954931 -0.0001091544302717711 0.00050331397633999585 -0.00062875842913811988
leaf_weight=7.9999999999999991 21 57 27 21 45 49.5 62 76.5 30 41.5 44 20 45 65 63 25 62 62.5 22 20 20 68 3.9999999999999991 45 49 22 54 42 80 50 62 26 30.5 54 80 80 80 105 44 60 44 65 40 64.5
leaf_count=8 21 27 27 21 18 24 31 33 30 25 33 20 33 26 42 25 39 25 22 20 20 68 4 18 40 22 54 24 42 50 59 26 26 26 32 32 32 42 22 30 22 32 20 57
internal_value=1.31785e-12 -6.27963e-05 0.00188116 -0.000194522 4.33734e-05 0.000576912 1.70516e-05 0.000210796 -0.000147212 -0.00076667 0.000482507 0.00102267 0.00168528 0.000439413 9.77698e-05 0.000349713 0.000781088 -0.00119777 7.14952e-05 -0.00020756 -7.98206e-05 -0.000368918 -5.25706e-05 -4.01984e-05 -5.10488e-05 -8.61472e-05 -2.7261e-05 2.25381e-05 -2.5968e-05 0.000432203 -0.000209858 -1.70241e-05 -0.000155545 1.58219e-05 0.000102131 0.000262924 0.00043349 -0.000106465 -0.000103662 -3.39449e-05 -0.000156735 -3.74263e-05 0.000124167 -0.000402691
internal_weight=2136 2067 69 48 2010 94.5 1915.5 638.5 275.5 134 363 151 89 141.5 212 149 87 104 62 42 1277 110 1167 1159 1155 90 1106 869 777 92 237 118.5 92.5 732 425 240 160 185 307 263 203 159 105 118.5
internal_count=1350 1281 69 48 1254 42 1212 404 139 80 265 128 66 59 137 95 64 50 62 42 808 110 698 690 686 90 646 424 350 74 222 111 85 332 180 106 64 74 152 130 100 78 52 111
is_linear=0
shrinkage=0.08


Tree=58
num_leaves=45
num_cat=0
split_feature=37 10 10 36 14 4 34 36 4 15 1 4 29 35 16 16 30 14 34 15 14 37 18 36 37 20 31 32 35 31 29 21 18 5 11 23 3 1 30 15 23 29 29 29
split_gain=0.0396712 0.62087 0.242601 0.0271164 0.263182 0.194905 0.0113166 0.00751258 0.0235986 0.0125573 0.0252549 0.0101518 0.00767861 0.00695099 0.0153326 0.00607093 0.0053758 0.00483634 0.00422506 0.00416616 0.00383493 0.00380715 0.00341712 0.00335598 0.00333561 0.00578627 0.00412081 0.00310165 0.00296908 0.00277162 0.00275367 0.00248978 0.00244625 0.00239263 0.00229586 0.00179062 0.0015663 0.00155702 0.00127758 0.00123379 0.00101843 0.00111556 0.00216525 0.000993833
threshold=11.703076923076924 9.9550000000000018 9.9550000000000018 2.5000000000000004 9.4850000000000012 17.965000000000003 93.300000000000026 1.5000000000000002 17.860000000000003 2.5050000000000003 15.100000000000003 17.650000000000002 1.3 1.5000000000000002 6.8750000000000018 7.0000000000000018 1.9000000000000001 7.6950000000000012 38.400000000000006 2.1200000000000006 7.8500000000000005 12.820000000000002 0.50000000000000011 2.5000000000000004 8.8450000000000006 1.7000000000000004 6.1000000000000005 3.1000000000000005 1.5000000000000002 17.600000000000005 7.1000000000000005 2.5000000000000004 2.7000000000000006 9.9550000000000018 7.9050000000000011 6.6000000000000005 16.575000000000003 14.160000000000002 1.0000000180025095e-35 2.6250000000000004 1.6000000000000003 8.4000000000000004 11.700000000000001 4.6000000000000005
decision_type=2 2 2 2 2 2 2 2 2 2 2 2 2 2 2 2 2 2 2 2 2 2 2 2 2 2 2 2 2 2 2 2 2 2 2 2 2 2 2 2 2 2 2 2
left_child=2 3 7 5 6 21 19 11 9 12 -11 17 16 15 18 34 22 -1 -15 -5 31 -2 37 30 26 -26 -25 -16 36 35 43 -21 -24 -30 -14 40 -19 38 -9 -33 41 -23 -43 -12
right_child=1 -3 -4 4 -6 -7 -8 8 -10 10 23 -13 13 14 27 -17 -18 28 -20 20 -22 29 32 24 25 -27 -28 -29 33 -31 -32 39 -34 -35 -36 -37 -38 -39 -40 -41 -42 42 -44 -45
leaf_value=-0.00032175200907425634 0.00051440621009812902 -0.013167240576197703 0.0062036655386466357 0.00079838420733410341 -0.0092312718697247064 0.0073511478692914051 0.0020824117548763751 0.00022819303296273575 0.0022075852123754369 0.0026772145710419865 -2.7430826870012818e-05 -0.0013430312624120194 -0.00056603928103059946 0.00034800748158754274 -0.0010788340883639952 0.00080061279367604906 -0.00041358446056443836 0.00020919972192496062 -0.00056284251512261115 -0.0011998013563454151 0.00046553254712905203 -5.0268957778686081e-05 0.0014804652333259582 0.00078143871480190166 0.0014846684735595854 0.00016569333989173172 -0.00028449080048877502 -0.0021802368020224904 0.00078456052858382462 -0.0009860658152839668 0.00040025995313448624 -0.0006250429960588615 0.00041181269459999526 4.8464029282331465e-05 0.00014823668843746418 -0.00083659135540735657 -0.00047529186122119427 0.00044033594213058831 -0.00063755045365542179 0.0002421508292623219 0.00033762128179660067 -0.0011172081817639992 3.2910801554945385e-05 -0.00051754191412680577
leaf_weight=265 52 24 42 35 21 24 20 24 35 30 61.5 46 72 55 30 46 62 40 80 25 35 156 29 41 45.5 40 53.5 36 65 28 72 21 26 50 48 22 46 71 20 21 32 20 22 46.5
leaf_count=168 28 18 18 33 19 16 16 24 14 28 29 19 36 22 18 36 32 20 32 25 27 156 24 19 21 20 23 24 26 28 33 21 16 20 24 22 23 36 20 21 32 20 22 21
internal_value=-8.48221e-12 -0.00057978 0.000205017 -1.40516e-05 -0.000820265 0.000389055 0.000304774 4.09918e-05 0.000166097 9.38497e-05 0.000447132 -0.000209218 -0.000136167 -0.000363901 -0.000680301 1.92092e-05 0.000224086 -9.72963e-05 -0.000191755 4.52651e-05 -0.000213158 -0.000114229 0.000456648 0.000261291 0.000505549 0.000867604 0.000177976 -0.0016796 0.000198628 -0.000230975 1.70335e-05 -0.000567698 0.000975284 0.000464519 -0.000280329 -0.000147076 -0.000156924 0.000208604 -0.000165327 -0.000191446 -8.11226e-05 -0.000148798 -0.000514765 -0.000238451
internal_weight=2136 558 1578 534 178 356 157 1536 1024 989 390 512 599 367 201 166 232 466 135 137 102 332 170 360 180 85.5 94.5 66 201 280 180 67 55 115 120 252 86 115 44 42 230 198 42 108
internal_count=1350 504 846 486 162 324 143 828 552 538 194 276 344 192 96 96 152 257 54 127 94 308 120 166 83 41 42 42 89 280 83 67 40 46 60 252 43 80 44 42 230 198 42 50
is_linear=0
shrinkage=0.08


Tree=59
num_leaves=45
num_cat=0
split_feature=37 28 10 5 4 36 15 37 0 37 0 37 0 22 15 16 37 33 37 37 16 20 37 37 37 9 37 3 14 37 36 8 37 36 37 22 22 17 37 33 20 21 31 37
split_gain=0.0378741 0.156186 0.145155 0.00819781 0.00334653 0.0051942 0.00519518 0.00874056 0.0206287 0.00745282 0.00597726 0.00520395 0.0049833 0.00472374 0.00389751 0.00364245 0.00762553 0.00304538 0.0029413 0.00224607 0.00177855 0.00126591 0.0032316 0.00513835 0.001182 0.00123148 0.00124458 0.00543141 0.0010242 0.00211707 0.00188987 0.00149077 0.00183854 0.00153992 0.00255641 0.00110484 0.00139148 0.00119563 0.00185305 0.00147304 0.000852797 0.00085059 0.00071355 0.00259918
threshold=17.475000000000005 36.700000000000003 9.9550000000000018 11.992692307692311 17.965000000000003 2.5000000000000004 2.4450000000000007 12.01346153846154 15.195000000000002 16.245000000000001 17.220000000000002 9.8850000000000033 14.485000000000001 22.600000000000005 2.1715384615384621 6.21 9.7850000000000019 2.1000000000000005 4.3200000000000012 9.9050000000000029 6.9000000000000012 19.300000000000004 2.3250000000000006 2.5300000000000007 2.8800000000000003 11.72423076923077 16.195000000000004 16.525000000000002 7.6950000000000012 11.760384615384618 1.5000000000000002 10.105000000000002 8.6700000000000017 1.5000000000000002 9.7850000000000019 18.400000000000006 23.700000000000006 5.6000000000000005 8.7150000000000016 3.3000000000000003 1.1000000000000003 0.3000000000000001 7.1000000000000005 9.8750000000000018
decision_type=2 2 2 2 2 2 2 2 2 2 2 2 2 2 2 2 2 2 2 2 2 2 2 2 2 2 2 2 2 2 2 2 2 2 2 2 2 2 2 2 2 2 2 2
left_child=2 -2 4 -3 5 21 9 8 -8 12 -9 13 14 -10 17 19 -17 18 -7 -14 -18 22 -1 -24 -25 26 28 -28 30 31 42 33 -33 34 -30 40 -37 38 -38 -39 41 -32 -26 -44
right_child=1 3 -4 -5 -6 6 7 10 11 -11 -12 -13 15 -15 -16 16 20 -19 -20 -21 -22 -23 23 24 25 -27 27 -29 29 -31 35 32 -34 -35 -36 36 37 39 -40 -41 -42 -43 43 -45
leaf_value=-0.0016515915372292511 0.0076281731983735444 -0.001175277134558807 -0.0041585254200078824 0.00081363396896492871 0.00066594621356300728 -0.0009530504296490108 0.0033822785627425594 0.00041115763045295524 -0.00019077977047690862 0.0012098858595615434 -0.0012721915336118806 0.0011332597503704684 0.00050627495466094266 0.00073193108504132707 0.0013758449469293869 -0.0010825702032046761 -0.00033859927693787864 0.00094800577033311135 0.00029131729711568164 -0.000247932275308779 0.00042542194971480429 -0.00045549626238461512 0.0028241290943697094 -0.00073093565530143675 -0.00012503957076022095 -0.000328905271545545 -0.0014652431039139629 1.2493417426669159e-05 0.00061825084341972163 0.00065467319590970885 -0.0002150207556902416 0.00018854996148082946 -0.0004745961780038973 -4.2969595425567448e-05 -3.7787465827790562e-05 0.00069309136856140357 0.00074355635746106718 -0.00053632148401072579 -7.099899476290577e-05 0.00020804553494058753 -0.00034765157606111291 0.00035996523915209636 -2.163850911417786e-05 -0.00091693840759237203
leaf_weight=7.9999999999999991 21 36 54 21 54 20 17 27 79 31 27 56 47.5 64.5 21 76 39 21 31 54 39 51 3.9999999999999991 15.999999999999998 204.5 87 20 78 82.5 40 31.5 45 66 153 70.5 31.5 35.5 31.5 36 37 52 34.5 49 36
leaf_count=8 21 36 24 21 24 20 16 27 32 31 21 28 19 32 21 34 20 21 31 35 20 42 4 16 148 42 20 78 33 28 29 18 30 68 35 22 21 24 25 27 27 22 26 23
internal_value=-4.1228e-12 0.00173036 -6.55821e-05 -0.00044252 4.47068e-05 2.75032e-05 0.000212152 0.000480042 0.000707156 2.12059e-05 -0.000430517 0.0004792 -8.45304e-05 0.000223958 0.000416889 -0.000267043 -0.000512268 0.000137194 -0.00019667 0.000105022 4.34113e-05 -6.48213e-05 -4.8869e-05 -3.85372e-05 -4.7794e-05 -3.88421e-05 -1.65885e-05 -0.000289085 9.18821e-06 9.87214e-05 -6.14796e-05 4.53926e-05 -0.000205753 0.000136495 0.000315959 8.30535e-05 0.000212689 0.000104599 0.000333431 -0.000134255 -0.000105358 8.55401e-05 -0.000206013 -0.000400824
internal_weight=2136 78 2058 57 2004 1950 650 270.5 216.5 379.5 54 199.5 348.5 143.5 93 255.5 154 72 51 101.5 78 1300 1249 1241 1237 1221 1134 98 1036 457 579 417 111 306 153 289.5 171.5 140 71.5 68.5 118 66 289.5 85
internal_count=1350 78 1272 57 1248 1224 408 156 108 252 48 92 221 64 93 128 74 72 51 54 40 816 774 766 762 746 704 98 606 212 394 184 48 136 68 197 119 97 46 51 78 51 197 49
is_linear=0
shrinkage=0.08


Tree=60
num_leaves=45
num_cat=0
split_feature=37 37 10 11 11 6 33 36 9 36 16 15 1 18 17 14 35 1 29 35 30 18 16 29 37 22 26 8 15 16 2 33 1 30 17 33 35 34 1 34 30 30 36 15
split_gain=0.0355118 0.578805 0.230417 0.198992 0.00764359 0.00464613 0.00720762 0.00559551 0.0178798 0.00433537 0.0126251 0.00820306 0.0189426 0.00476807 0.00654303 0.0040381 0.00351142 0.00346132 0.00377016 0.00291555 0.00290171 0.00355653 0.00278359 0.00270731 0.00287739 0.00375552 0.00262931 0.00245393 0.00244952 0.00220018 0.00209204 0.00193414 0.00159978 0.00151213 0.00110615 0.00103262 0.00153176 0.00147145 0.00120634 0.000970178 0.00151554 0.00084851 0.00083813 0.000911925
threshold=11.703076923076924 11.911538461538465 9.9550000000000018 9.9200000000000017 9.8950000000000014 10.105000000000002 4.6000000000000005 2.5000000000000004 9.8950000000000014 1.5000000000000002 6.0453846153846165 2.5050000000000003 15.100000000000003 6.4000000000000012 5.3000000000000016 7.6250000000000009 1.5000000000000002 17.255000000000006 1.5000000000000002 1.5000000000000002 1.9000000000000001 0.50000000000000011 6.8000000000000025 7.1000000000000005 9.4550000000000018 16.300000000000004 6.6000000000000005 9.9200000000000017 2.1200000000000006 6.705000000000001 16.545000000000005 3.3000000000000003 14.160000000000002 15.100000000000001 13.900000000000002 4.6000000000000005 1.5000000000000002 34.600000000000009 14.200000000000001 45.000000000000007 6.9000000000000012 13.300000000000002 1.5000000000000002 3.0700000000000007
decision_type=2 2 2 2 2 2 2 2 2 2 2 2 2 2 2 2 2 2 2 2 2 2 2 2 2 2 2 2 2 2 2 2 2 2 2 2 2 2 2 2 2 2 2 2
left_child=2 -2 4 5 9 7 -7 33 28 10 -1 13 -13 14 17 35 30 18 20 27 21 32 -21 24 25 -14 42 -20 -9 -18 -17 -27 -11 34 39 37 -37 38 -12 40 -3 -28 -8 -44
right_child=1 3 -4 -5 -6 6 26 8 -10 11 15 12 23 -15 -16 16 29 -19 19 22 -22 -23 -24 -25 -26 31 41 -29 -30 -31 -32 -33 -34 -35 -36 36 -38 -39 -40 -41 -42 -43 43 -45
leaf_value=-0.0016023515264193217 -0.0089470810563943813 2.7191442992070257e-05 0.0060400544674623583 0.007867392786955904 0.0010277462863208105 -0.0014211235397184887 -0.00011763308581936618 0.00051728547376114872 0.0027313020648434762 -0.0003290884331800044 -6.667663773259847e-05 0.0023158231272051733 -0.0006385463494807482 -0.00091936343440377128 0.00098790273658539134 0.00025501044618795275 0.00011887792206328848 0.00062570136518050464 0.00024341186105802254 -0.00032750472754594829 -0.00031072279424476093 0.00093168172378872715 -0.0010300532672554254 0.00049218269288151841 0.00048939906246960171 -0.00026880991141739729 0.00043087063799015227 -0.0004584998461151762 -0.00035248624921646403 0.00081139165508405629 -0.00050831910757416932 0.00048204614953310402 0.00036995370163243608 -0.00079906889097765082 -0.0006290658916113898 -0.00078634734318222641 -0.00020061372768043751 0.00017095132273630247 -0.00070270871845622585 0.00041249361090982956 -0.00069804547365162183 -0.00010772845908326822 -0.0010215013728548702 -0.00030296831764280797
leaf_weight=37.5 48 114 42 21 48 36 23 40 20 40 40 30 60 41 38 40 57.5 39 74 105 67 43 55 144 65 37 39 56 43 60 54 54 44 20 20 53 62 55.5 36.5 30 22 36 26 20
leaf_count=15 24 114 18 21 21 36 20 40 20 40 40 28 24 36 28 20 23 16 42 42 32 28 28 66 32 20 27 28 43 24 27 24 24 20 20 32 32 32 24 30 22 27 20 20
internal_value=-1.05164e-11 -0.000548545 0.000193972 0.000241906 3.41182e-05 -8.55689e-05 -0.000408659 0.000102639 0.000584083 2.06566e-06 -0.00019105 9.86233e-05 0.00038444 -8.65405e-05 -2.56746e-05 -7.56214e-05 0.000180946 -9.93189e-05 -0.00015774 -0.00034036 0.000115249 0.000339974 -0.000569006 0.000223492 4.43643e-05 -0.000147207 -0.000155543 -5.89501e-05 6.66808e-05 0.000472502 -0.000183498 0.000176753 3.70765e-05 -0.000138083 -6.70091e-05 -0.000295314 -0.000470561 -0.000142637 -0.000370143 7.08629e-07 -9.01263e-05 0.000172343 -0.000511941 -0.000709096
internal_weight=2136 558 1578 510 1536 489 180 309 103 1488 496 992 390 602 561 458.5 211.5 523 484 290 194 127 160 360 216 151 144 130 83 117.5 94 91 84 206 186 247 115 132 76.5 166 136 75 69 46
internal_count=1350 504 846 480 828 459 150 309 103 807 269 538 194 344 308 254 94 280 264 140 124 92 70 166 100 68 114 70 83 47 47 44 64 206 186 160 64 96 64 166 136 54 60 40
is_linear=0
shrinkage=0.08


Tree=61
num_leaves=45
num_cat=0
split_feature=11 35 10 36 10 13 27 7 33 21 19 35 32 0 36 3 12 35 13 34 9 30 30 30 28 35 34 33 0 35 25 26 35 27 19 17 17 32 10 35 30 0 33 21
split_gain=0.0287455 0.130517 0.0109214 0.00696381 0.00641706 0.00396445 0.00249716 0.00270068 0.00306626 0.00272746 0.00275702 0.00169495 0.0055977 0.00189313 0.00159651 0.0021975 0.00248346 0.00230416 0.00666956 0.00373535 0.00255919 0.00183494 0.00149277 0.00142601 0.00133942 0.0020098 0.00637673 0.00197131 0.00101763 0.0035717 0.000909359 0.000942345 0.00145597 0.0012496 0.000793043 0.000906583 0.000916101 0.000690121 0.000614427 0.000674663 0.00064815 0.00152472 0.00139875 0.00118213
threshold=9.9450000000000021 1.5000000000000002 9.9350000000000005 2.5000000000000004 9.7700000000000014 8.8000000000000025 6.6000000000000005 9.8750000000000018 11.900000000000002 10.000000000000002 12.900000000000002 1.5000000000000002 3.1000000000000005 13.895000000000001 1.5000000000000002 17.935000000000006 8.8000000000000025 1.0000000180025095e-35 7.455000000000001 52.800000000000011 9.9200000000000017 9.9000000000000004 5.5000000000000009 4.6000000000000005 50.000000000000007 1.5000000000000002 41.300000000000011 6.1000000000000005 17.935000000000006 1.5000000000000002 14.400000000000002 2.3000000000000003 1.5000000000000002 4.1000000000000005 7.6000000000000005 3.7000000000000006 0.50000000000000011 6.1000000000000005 7.8200000000000012 1.0000000180025095e-35 1.5000000000000002 14.760000000000003 2.1000000000000005 3.5000000000000004
decision_type=2 2 2 2 2 2 2 2 2 2 2 2 2 2 2 2 2 2 2 2 2 2 2 2 2 2 2 2 2 2 2 2 2 2 2 2 2 2 2 2 2 2 2 2
left_child=2 -2 3 14 5 6 7 8 9 10 11 12 13 -5 15 16 17 18 37 -20 34 22 -22 -11 25 26 -9 -28 29 -7 31 38 33 -33 35 36 -19 -1 40 -40 42 43 -16 -42
right_child=1 -3 -4 4 -6 28 -8 24 -10 23 -12 -13 -14 -15 30 -17 -18 20 19 -21 21 -23 -24 -25 -26 -27 27 -29 -30 -31 -32 32 -34 -35 -36 -37 -38 -39 39 -41 41 -43 -44 -45
leaf_value=-0.00020355134983832132 -0.0043689084592171837 0.002021493334447344 0.0015024496750398117 0.00060388725677815581 0.0013331912889737974 0.00011541306073859073 0.0010369073558937419 -0.00052037473408401839 0.0013701122462056404 0.00032840792529003802 0.0013900290680291176 -1.2370583739269663e-05 0.0015997378991916774 -0.00042351983635771 -1.2634747941871133e-05 -0.00074373824086475682 0.00017965158911167897 -9.4481885231368289e-05 -0.0006012199593930167 -0.0021118345174472781 0.00015595520695305278 0.00038607257079149106 -0.00044096671722152018 -0.00047385266447653535 0.00042940768396312542 -0.00029095372557640076 0.00023569551048179468 0.0011137613571352428 0.0001695928771000404 -0.00082388116066393099 -0.00039221402123626892 0.00083005426423341942 -6.1153958607465029e-05 0.00017220716252701267 -0.00056839771857734639 8.1408483751507091e-05 -0.00058917202379088842 0.00035410171933472157 -0.00043531280027107443 -5.2437545576443275e-05 -2.5354378989764622e-05 8.8341687751327622e-05 0.00062541680577447151 -0.00087419999408579999
leaf_weight=49 45 37.5 33 24 33 57 27.5 45 21.5 26.5 21.5 40.5 25 22 56.5 38.5 137.5 46 22 20 58.5 81 49.5 30.5 55 92.5 30 36 38.5 47.5 33 33 62.5 42 56 45.5 50 20 36 162 21 170.5 36 21
leaf_count=49 30 15 18 24 18 38 15 30 18 21 18 33 20 22 54 21 75 36 22 20 26 36 22 21 30 37 20 24 21 19 18 22 25 28 38 32 32 20 36 72 21 102 30 21
internal_value=1.09823e-11 -0.00146418 5.88239e-05 3.52458e-05 0.000245284 0.000189233 0.00029594 0.000252586 0.000464594 0.000362128 0.000560556 0.000400613 0.000636187 0.000112519 -6.97735e-05 -0.000156868 -0.000121287 -0.00020446 -0.000525725 -0.00132056 -0.000112195 9.82402e-05 -0.000117634 -0.000100872 7.91242e-05 -1.5547e-05 0.000213959 0.000714641 -0.000182003 -0.000311539 1.73213e-05 3.84215e-05 0.000224017 0.00046166 -0.000313574 -0.000212726 -0.000352133 -4.19128e-05 -1.23129e-05 -0.000122051 5.89271e-05 -1.80159e-05 0.000235688 -0.000449777
internal_weight=2136 82.5 2053.5 2020.5 673.5 640.5 497.5 470 211.5 190 133 111.5 71 46 1347 673.5 635 497.5 111 42 386.5 189 108 57 258.5 203.5 111 66 143 104.5 673.5 640.5 137.5 75 197.5 141.5 96 69 503 198 305 212.5 92.5 42
internal_count=1350 45 1305 1287 429 411 333 318 177 159 117 99 66 46 858 429 408 333 111 42 222 84 48 42 141 111 74 44 78 57 429 411 75 50 138 100 68 69 336 108 228 144 84 42
is_linear=0
shrinkage=0.08


Tree=62
num_leaves=41
num_cat=0
split_feature=16 9 10 16 16 12 20 22 18 0 0 15 0 18 34 33 32 32 30 0 22 20 9 20 31 29 30 29 0 28 15 32 13 0 0 16 13 0 18 30
split_gain=0.0262871 0.069219 0.0351558 0.0030168 0.00137613 0.00130255 0.000921393 0.00163214 0.00216386 0.000973947 0.0021287 0.000837883 0.00147435 0.00177639 0.00111701 0.000761005 0.000697166 0.00119895 0.00100778 0.000585202 0.000673438 0.000466728 0.000565157 0.000376738 0.000331034 0.000279969 0.000361864 0.0002462 0.000219042 0.000202345 0.000194972 0.000184151 0.000180766 0.00016882 0.000160265 0.000122379 0.00011038 0.000124287 9.39895e-05 9.00575e-05
threshold=5.9461538461538463 11.784230769230772 9.9550000000000018 6.0311538461538472 6.0057692307692303 7.7550000000000008 25.300000000000001 89.40000000000002 21.000000000000004 12.915000000000001 13.265000000000002 2.1715384615384621 15.475000000000001 5.6000000000000005 1.3000000000000005 4.6000000000000005 4.6000000000000005 11.4 8.8000000000000025 13.56 0.3000000000000001 4.5000000000000009 10.065000000000003 11.500000000000002 6.1000000000000005 8.9000000000000021 1.7000000000000004 0.50000000000000011 16.985000000000003 12.799999999999999 2.2350000000000008 6.1000000000000005 7.4400000000000004 16.625000000000004 17.475000000000005 6.1300000000000008 9.7050000000000018 16.590000000000003 3.3000000000000003 7.3000000000000016
decision_type=2 2 2 2 2 2 2 2 2 2 2 2 2 2 2 2 2 2 2 2 2 2 2 2 2 2 2 2 2 2 2 2 2 2 2 2 2 2 2 2
left_child=1 -1 3 4 -2 6 7 8 9 -5 -11 14 13 15 -12 30 25 18 34 -16 -21 22 24 32 31 26 27 -7 33 -26 -13 -14 39 -28 -18 -19 37 -29 -31 -23
right_child=2 -3 -4 5 -6 16 -8 -9 -10 10 11 12 21 -15 19 -17 17 35 -20 20 -22 23 -24 -25 29 -27 28 36 -30 38 -32 -33 -34 -35 -36 -37 -38 -39 -40 -41
leaf_value=0.00032551899349147622 0.00015072547942352943 -0.0034585588352138534 0.0021775251897898588 -0.00039999850093509954 0.0007472560341432315 0.00012824885106899522 -0.00038113500705609719 0.00062207687871925757 -0.00055863473667866655 0.00069040517591121089 0.00027228138240591052 0.00016195655610688306 0.00028439051854527663 0.0009232865479188385 2.1079287139905822e-05 -0.00017129112069529516 -0.00057931706932552089 0.00011935800596168547 -9.8941426554864103e-05 -5.809547983247925e-05 -0.00056347421732627688 -0.00027879348666303691 0.00031330960731186985 9.1674633662809022e-05 -0.00012572576133110984 0.00011135984974151308 -8.9123461647147329e-05 -7.7221994476411686e-05 -3.0130387029864572e-05 -1.2629609696115508e-05 0.00043750256477367313 8.3203962806499359e-05 -2.5289524628809004e-05 -0.00028456566283817998 -0.00037574313468102252 -4.70447076738558e-05 -0.0001211487017854145 0.00010205140152729747 0.0001332001079513569 -0.00010479960484768857
leaf_weight=82.5 49.5 49.5 49.5 27 49.5 82.5 30 33 36 36 36 27 45 27 36 27 49.5 49.5 82.5 27 45 45 66 82.5 66 82.5 49.5 49.5 82.5 66 42 82.5 66 66 49.5 66 66 49.5 49.5 33
leaf_count=45 27 27 27 27 27 45 27 27 36 36 36 27 27 27 36 27 27 27 45 27 45 27 36 45 36 45 27 27 45 36 36 45 36 36 27 36 36 27 27 18
internal_value=-1.37487e-12 -0.00109351 7.20276e-05 1.87034e-05 0.000448991 -4.25451e-06 5.5719e-05 6.8818e-05 4.99472e-05 7.34673e-05 8.76006e-05 6.26138e-05 9.76453e-05 0.000350015 -0.000113638 0.000188782 -7.91668e-05 -0.000177222 -0.000305444 -0.000242278 -0.000373957 4.60386e-05 0.000100806 -4.4636e-05 5.5417e-05 -2.40109e-05 -4.90795e-05 1.54092e-05 -0.00012969 -1.39837e-05 0.00032968 0.000154211 -0.000122731 -0.000200805 -0.00047753 2.42707e-05 -4.10107e-05 1.24147e-05 4.98688e-05 -0.000205181
internal_weight=2136 132 2004 1954.5 99 1855.5 1030.5 1000.5 967.5 931.5 904.5 868.5 724.5 123 144 96 825 297 181.5 108 72 601.5 375 226.5 309 528 445.5 247.5 198 181.5 69 127.5 144 115.5 99 115.5 165 99 115.5 78
internal_count=1350 72 1278 1251 54 1197 747 720 693 657 630 594 450 117 144 90 450 162 99 108 72 333 207 126 171 288 243 135 108 99 63 72 81 63 54 63 90 54 63 45
is_linear=0
shrinkage=0.08


Tree=63
num_leaves=45
num_cat=0
split_feature=37 10 1 16 4 36 14 37 0 0 37 14 37 37 37 21 32 29 0 20 0 37 3 9 37 37 20 10 14 37 28 29 37 0 36 0 3 36 22 22 20 31 22 20
split_gain=0.0337084 0.113413 0.100507 0.00664869 0.0055895 0.0033686 0.00322278 0.00312444 0.00507236 0.00236852 0.00268503 0.00668342 0.00555413 0.00534494 0.00400061 0.0122464 0.00416129 0.00552872 0.00437539 0.00204217 0.00200274 0.0011283 0.00339509 0.00271432 0.00254281 0.00394502 0.00158247 0.00121932 0.00135846 0.00253583 0.00211021 0.00159533 0.00109314 0.00171665 0.00155303 0.000734726 0.00069412 0.000685634 0.00115416 0.00189309 0.000876784 0.000824232 0.000802003 0.000773253
threshold=17.545000000000005 9.9550000000000018 17.775000000000002 5.9846153846153838 17.965000000000003 2.5000000000000004 8.4850000000000012 9.8250000000000011 16.920000000000005 17.650000000000002 16.295000000000005 7.5750000000000002 10.875000000000002 7.8650000000000011 7.5050000000000008 5.3000000000000016 2.5000000000000004 3.9000000000000004 14.200000000000001 0.90000000000000013 14.640000000000002 16.245000000000001 16.545000000000005 10.675000000000002 2.3250000000000006 2.5300000000000007 19.300000000000004 9.6700000000000017 7.6950000000000012 11.760384615384618 47.800000000000004 17.100000000000005 9.7850000000000019 16.685000000000006 1.5000000000000002 16.495000000000001 17.100000000000005 1.5000000000000002 18.400000000000006 22.600000000000005 0.50000000000000011 1.5000000000000002 38.100000000000009 4.7000000000000002
decision_type=2 2 2 2 2 2 2 2 2 2 2 2 2 2 2 2 2 2 2 2 2 2 2 2 2 2 2 2 2 2 2 2 2 2 2 2 2 2 2 2 2 2 2 2
left_child=1 4 -2 -4 5 21 9 8 -8 10 11 12 14 -13 16 -16 18 -18 -7 -15 -14 24 -23 36 -1 -26 27 28 31 30 32 37 33 34 -30 -34 -24 -27 40 -40 -39 -41 -43 -44
right_child=2 -3 3 -5 -6 6 7 -9 -10 -11 -12 13 20 19 15 -17 17 -19 -20 -21 -22 22 23 -25 25 26 -28 -29 29 -31 -32 -33 35 -35 -36 -37 -38 38 39 41 -42 42 43 -45
leaf_value=-0.0014540416072122754 0.0063555231335617251 -0.0035770048114487476 0.00055023157305118667 -0.0013477293033862397 0.0008446341394274323 0.00015118009637161677 -0.00032852529444628292 -0.00066386094838380818 0.00074692594251878877 0.00094356985614886361 0.00098490546324423367 -0.0012001430526948891 0.00023683686649960959 -0.00041430956728401639 0.0017791531130532238 -6.2240111631351509e-06 0.00063011486577030655 -0.00087349141400088284 0.0014845727656834892 0.00034590022087249223 -0.00059359032592577179 -0.0012437001217549552 -4.8268333484884353e-05 -0.00090295870043337345 0.0024851652316283434 -0.00018754386812405946 -0.00047658504500072831 -0.0003308834696912931 0.00037799668512665307 0.00060644203780925476 -0.00032448917894658668 0.00051881358326811883 0.00019258349252465582 0.00063465592332861639 -0.00017502069122229632 -0.00017809606509135021 0.000482692550509595 2.2710726251326768e-05 0.00075710198129801197 -0.00038040285264807086 -0.00041655532638580839 -0.0002219723493566134 0.00050362797613304699 6.9640785017434287e-06
leaf_weight=7.9999999999999991 21 57 27 21 54 36 72 50 46 31.5 28 32.5 34 42 53.5 45.5 29 34 28 49 41 20 40 20 3.9999999999999991 284.5 49 72 65 58 81 28 56 55 65 88 26 56 25.5 28 60.5 34 38 42.5
leaf_count=8 21 27 27 21 24 36 32 36 20 14 28 13 34 22 26 21 23 22 22 26 35 20 40 20 4 198 40 32 26 38 34 16 28 22 26 44 26 46 18 23 33 22 27 29
internal_value=1.0866e-11 -5.80648e-05 0.00173942 -0.000280126 4.17261e-05 1.95599e-05 0.000168032 -0.000133859 9.07184e-05 0.000272821 0.000226128 0.000176079 0.000379408 -0.000319486 0.000577375 0.000958601 0.000280198 -0.000181355 0.000734539 -4.96584e-06 -0.00021713 -5.46762e-05 -0.000304848 -8.65105e-05 -3.25408e-05 -2.29845e-05 -3.14437e-05 -1.22599e-05 9.28085e-06 0.000111329 4.12881e-05 -7.07163e-05 0.000131343 0.000259997 0.000101488 -3.39429e-05 0.000160898 -9.97266e-05 -1.19093e-05 0.000122271 -0.000205406 8.67015e-06 0.000103815 0.000241414
internal_weight=2136 2067 69 48 2010 1956 652 168 118 484 452.5 424.5 301 123.5 226 99 127 63 64 91 75 1304 106 86 1198 1190 1186 1137 1065 468 410 597 329 185 130 144 66 569 284.5 168 116.5 142.5 114.5 80.5
internal_count=1350 1281 69 48 1254 1230 410 88 52 322 308 280 219 61 150 47 103 45 58 48 69 820 106 86 714 706 702 662 630 218 180 412 146 74 52 72 66 396 198 119 79 101 78 56
is_linear=0
shrinkage=0.08


Tree=64
num_leaves=45
num_cat=0
split_feature=16 35 27 11 16 36 35 16 16 15 0 16 20 2 35 34 15 16 30 36 20 34 32 0 30 35 19 35 32 5 36 16 30 2 8 22 34 34 29 16 35 36 29 20
split_gain=0.0223259 0.143614 0.180831 0.0169295 0.0022027 0.0031792 0.00431199 0.00914955 0.00792818 0.00980538 0.00707368 0.00462661 0.00395266 0.00257078 0.00252615 0.00232414 0.00180323 0.00161279 0.00151157 0.00111225 0.000924786 0.00080827 0.00077085 0.000665015 0.00116088 0.00266046 0.00146547 0.0011242 0.00331523 0.00167244 0.00260803 0.00175419 0.00158567 0.0029202 0.00152563 0.00134135 0.00124528 0.00104201 0.00100107 0.000799606 0.000490584 0.000477748 0.000848527 0.000496814
threshold=5.9461538461538463 1.5000000000000002 9.5000000000000018 9.9350000000000005 6.0311538461538472 2.5000000000000004 1.5000000000000002 6.3150000000000004 6.8850000000000025 2.2796153846153855 14.455000000000002 6.8350000000000017 4.2000000000000011 17.380000000000006 1.5000000000000002 61.500000000000007 2.0784615384615379 6.1150000000000011 8.1000000000000014 1.5000000000000002 19.300000000000004 39.70000000000001 1.9000000000000001 14.820000000000002 1.5000000000000002 1.5000000000000002 3.0000000000000004 1.5000000000000002 19.000000000000004 9.9950000000000028 1.5000000000000002 6.705000000000001 1.0000000000000002 16.175000000000004 10.105000000000002 57.000000000000007 52.800000000000011 31.700000000000006 12.100000000000001 6.1150000000000011 1.5000000000000002 1.5000000000000002 4.6000000000000005 2.3000000000000003
decision_type=2 2 2 2 2 2 2 2 2 2 2 2 2 2 2 2 2 2 2 2 2 2 2 2 2 2 2 2 2 2 2 2 2 2 2 2 2 2 2 2 2 2 2 2
left_child=1 2 -1 4 14 13 8 -8 12 16 -9 -12 15 20 -2 17 22 -7 -11 -15 23 -19 -10 24 -6 26 -26 28 32 30 31 -29 33 -25 -31 36 39 -32 -38 -34 -5 43 -43 -41
right_child=3 -3 -4 40 5 6 7 10 9 18 11 -13 -14 19 -16 -17 -18 21 -20 -21 -22 -23 -24 27 25 -27 -28 29 -30 34 37 -33 35 -35 -36 -37 38 -39 -40 41 -42 42 -44 -45
leaf_value=0.00059261283682038389 1.6801516715161226e-05 0.0018828682124925156 -0.0074258380418177694 0.001010457797596852 -1.0115645459198717e-05 -0.00042849820220109195 0.00053299764503498333 0.00064650225309499849 0.00069643183621034648 0.0021295553378760817 -0.00021230899795889854 -0.0011577031435775207 -0.00055561279898444027 -0.00066893155971822933 0.00082838675090008307 0.00075823820960254241 -0.00026217924860807567 0.00044226311748692148 0.0012498256922001019 -0.00018383498603770558 -0.00037040554187899716 -8.7076262881358464e-05 0.00011530737969137375 0.00093261025302732994 -0.00058861793112009763 -0.0010971874506988872 0.00030799370026215914 0.00013689052726311441 -0.00075058009896782183 -0.00033083395683206621 -0.00028624109759488526 0.00078802759170924362 -0.00052672148197113224 -6.8303972996848951e-06 0.00018057251641792911 -0.00060177489113023819 0.00049628893002158123 0.00020655126245340192 -5.6057457834304799e-05 -6.7929315478786046e-05 0.001402246446410815 0.00033062154588361199 -0.00016508732327744001 -0.00045797342854326199
leaf_weight=36 54 60 36 45 132 33 92.5 30 48 25 62.5 70.5 57 60.5 45 39 26 48 25 60.5 51 30 21 30 20 24 28 44 42 80 51 66.5 30 72 70 30 42 59.5 42 57 37.5 39 51 33
leaf_count=24 36 24 24 30 132 22 37 30 40 20 28 36 38 33 18 26 26 32 20 33 42 20 18 20 20 24 28 20 28 32 21 29 20 48 28 24 28 28 28 38 15 26 34 22
internal_value=-3.82962e-12 -0.00100776 -0.00341661 6.63792e-05 1.81989e-05 -1.76435e-06 0.000147663 -0.000102505 0.000329248 0.000782883 -0.000463143 -0.000713439 1.14844e-05 -7.6478e-05 0.000385704 0.000226981 0.000305616 4.03234e-05 0.00168969 -0.000426383 -3.77774e-05 0.000238671 0.000519568 -2.15127e-05 -0.00015106 -0.000409459 -6.55945e-05 9.98636e-06 -7.24644e-05 0.000113994 0.00025393 0.000528751 -5.60788e-06 0.000269476 -9.21776e-05 -9.22083e-05 -4.02117e-05 -2.08914e-05 0.000220116 -0.000144343 0.00118854 -8.06128e-05 4.97199e-05 -0.000210945
internal_weight=2136 132 72 2004 1921.5 1822.5 607.5 255.5 352 145 163 133 207 1215 99 150 95 111 50 121 1094 78 69 1043 204 72 48 839 468 371 221 110.5 426 102 150 324 294 110.5 84 210 82.5 180 90 90
internal_count=1350 72 48 1278 1233 1179 393 131 262 124 94 64 138 786 54 100 84 74 40 66 720 52 58 678 204 72 48 474 316 158 98 49 288 68 60 220 196 49 56 140 45 120 60 60
is_linear=0
shrinkage=0.08


Tree=65
num_leaves=45
num_cat=0
split_feature=37 27 11 36 4 11 4 6 37 37 4 37 37 37 13 5 37 12 37 31 36 37 0 16 37 0 5 37 4 16 37 33 26 4 37 9 5 36 0 37 19 19 18 32
split_gain=0.0319277 0.0998468 0.0844923 0.00845061 0.279183 0.278468 0.00836265 0.00487659 0.00323866 0.0065629 0.0169661 0.00482708 0.00758288 0.00306764 0.00370702 0.0038679 0.00423273 0.00332723 0.00283263 0.00332852 0.00281253 0.00253028 0.00670615 0.00483034 0.00190921 0.00260116 0.0042524 0.00163125 0.00753804 0.00171844 0.00145698 0.00292807 0.00236494 0.00148623 0.00159471 0.00273947 0.00242961 0.00134858 0.00115547 0.00107011 0.00648417 0.00220262 0.00198507 0.000991404
threshold=17.545000000000005 11.900000000000002 9.9550000000000018 1.5000000000000002 17.890000000000004 9.8950000000000014 17.890000000000004 11.911538461538465 17.220000000000002 16.295000000000005 16.550000000000004 2.2750000000000004 2.5300000000000007 2.8800000000000003 7.4050000000000011 10.105000000000002 7.4800000000000013 7.5250000000000012 14.200000000000001 1.5000000000000002 2.5000000000000004 5.3900000000000015 15.195000000000002 8.9950000000000028 8.2800000000000011 17.680000000000003 12.01346153846154 16.210000000000004 16.740000000000006 7.2300000000000013 11.345000000000002 5.7000000000000002 5.4000000000000012 16.140000000000004 9.7850000000000019 9.9800000000000022 9.9950000000000028 2.5000000000000004 15.345000000000001 7.0900000000000007 8.9000000000000021 6.4000000000000012 2.1000000000000005 7.7000000000000011
decision_type=2 2 2 2 2 2 2 2 2 2 2 2 2 2 2 2 2 2 2 2 2 2 2 2 2 2 2 2 2 2 2 2 2 2 2 2 2 2 2 2 2 2 2 2
left_child=2 7 3 4 27 6 8 -2 9 11 -11 -5 -13 -14 18 16 -16 -18 20 -20 39 23 -23 -22 -17 -26 -27 29 -29 30 32 -32 33 -1 36 -36 -35 43 -21 40 42 -41 -15 -19
right_child=1 -3 -4 5 -6 -7 -8 -9 -10 10 -12 12 13 14 15 24 17 37 19 38 21 22 -24 -25 25 26 -28 28 -30 -31 31 -33 -34 34 35 -37 -38 -39 -40 41 -42 -43 -44 -45
leaf_value=-0.00023047628031382637 -0.0010311857021103304 0.0062937594788326388 -0.0030147021610755476 -0.0027165163867175581 0.007616093399387504 -0.0066585636120289563 0.0011899543826778731 0.00059427735706170403 -0.00069015322937904038 0.0028219894357025621 1.1841513663636181e-05 0.0025218070042319594 -0.0010497288487385959 -0.00012930248791737288 -0.0012109626032412051 0.00056897996905116511 0.00099242039257660506 7.5660959473647523e-05 -0.001095709771849215 -0.00023043564454253233 -0.00059633326980595785 0.0016148795879995213 0.00037632183411694841 0.00092634920186052724 -0.00029395849413336501 0.00081892202505884967 -0.00018505792857872113 -0.0017496995725668968 0.00021857205065757489 -0.00029892918634358626 -0.00019765755557455124 0.00089436877042647792 -0.00053938787004777363 0.0006530622243881226 -0.00047808210918985964 0.00037229731768919998 -3.3179432749748235e-05 -0.00033570759486971705 0.00052602509347101061 2.2159724136475812e-05 -0.0011980434537542108 0.00078944940792603628 0.00079151526146321676 -0.00033652264241348299
leaf_weight=93 27 21 60 3.9999999999999991 31.5 40 45 21 34 20 44 7.9999999999999991 15.999999999999998 29 25 65 15.999999999999998 139.5 20 28 30 39 99 24 76 54 54 20 33 145.5 30 33 52.5 70 54 44 62.5 190.5 24 71.5 24.5 36 31 51
leaf_count=46 27 21 30 4 14 20 20 21 34 20 44 8 16 29 10 26 8 67 20 28 30 38 48 24 40 24 24 20 33 133 26 21 22 28 27 22 25 92 24 43 20 20 28 25
internal_value=-3.29593e-12 0.00169285 -5.65103e-05 3.19259e-05 0.00026408 -8.41509e-05 0.00011845 -0.000320046 7.99687e-05 0.000101449 0.000890013 5.77534e-05 6.73946e-05 5.02159e-05 6.58318e-05 -5.37766e-05 -0.000201317 -0.000137737 0.000241834 -0.000218636 0.000328173 0.00054468 0.000726349 8.04145e-05 0.000196271 6.46077e-05 0.000316932 -9.91964e-05 -0.000524172 -6.06615e-05 1.83088e-05 0.000374356 -4.13481e-05 3.94776e-05 0.000148396 -9.62791e-05 0.000329363 -0.000185198 0.0001187 0.000111665 -0.000101359 0.000279113 0.000346453 -3.46874e-05
internal_weight=2136 69 2067 2007 669 1338 1298 48 1253 1219 64 1155 1151 1143 1127 671 422 397 456 72 384 192 138 54 249 184 108 637.5 53 584.5 439 63 376 323.5 230.5 98 132.5 381 52 192 84.5 107.5 60 190.5
internal_count=1350 69 1281 1251 417 834 814 48 794 760 64 696 692 684 668 316 202 192 352 72 280 140 86 54 114 88 48 403 53 350 217 47 170 148 102 49 53 184 52 140 77 63 57 92
is_linear=0
shrinkage=0.08


Tree=66
num_leaves=45
num_cat=0
split_feature=37 10 10 36 4 11 34 4 37 17 17 35 0 0 32 33 17 0 0 17 36 37 18 1 14 2 35 32 4 2 36 16 33 36 37 32 32 32 17 37 34 37 0 32
split_gain=0.0293513 0.506504 0.219948 0.0287323 0.222873 0.176954 0.00759406 0.00611568 0.00605604 0.0041935 0.00264584 0.0136966 0.00233283 0.00372672 0.00179854 0.00236412 0.00196685 0.00175551 0.00355214 0.00188906 0.00578092 0.00592485 0.00170204 0.00158208 0.00173923 0.00145343 0.00167511 0.00363708 0.00303234 0.00140355 0.00224399 0.00215312 0.0013939 0.00138714 0.00203568 0.00184321 0.00100918 0.00122337 0.000963602 0.000871573 0.00174374 0.00083148 0.00084337 0.00079054
threshold=11.703076923076924 9.9550000000000018 9.9350000000000005 2.5000000000000004 17.860000000000003 9.8250000000000011 74.200000000000017 17.890000000000004 12.820000000000002 1.9000000000000001 17.200000000000006 1.5000000000000002 17.430000000000003 17.860000000000003 12.800000000000002 6.3000000000000016 1.3 12.915000000000001 13.265000000000002 1.7000000000000004 2.5000000000000004 6.3050000000000006 5.0000000000000009 16.165000000000003 9.0900000000000016 16.165000000000003 1.5000000000000002 6.7000000000000002 17.400000000000002 17.400000000000002 1.5000000000000002 6.8000000000000025 6.1000000000000005 1.5000000000000002 6.3050000000000006 4.2000000000000011 16.100000000000005 10.300000000000002 4.7000000000000002 4.3200000000000012 1.9000000000000006 9.0050000000000008 14.005000000000001 22.000000000000004
decision_type=2 2 2 2 2 2 2 2 2 2 2 2 2 2 2 2 2 2 2 2 2 2 2 2 2 2 2 2 2 2 2 2 2 2 2 2 2 2 2 2 2 2 2 2
left_child=2 3 7 5 6 8 9 10 -2 23 14 -12 36 -14 17 43 -17 -1 -19 25 33 -22 -11 -5 -25 39 28 29 32 30 -28 -32 -27 34 -21 -35 37 -10 -23 40 -20 42 -41 -16
right_child=1 -3 -4 4 -6 -7 -8 -9 12 22 11 -13 13 -15 15 16 -18 18 19 20 21 38 -24 24 -26 26 27 -29 -30 -31 31 -33 -34 35 -36 -37 -38 -39 -40 41 -42 -43 -44 -45
leaf_value=-0.00075884043407212524 0.00069742937545136862 -0.011867885707567137 0.0048079657319578381 0.00080153592933829016 -0.0085577566176652919 0.007376770688728853 0.0012377355806529522 -0.0010251700421174367 -0.00012040492160991158 -0.0011186516657471657 0.0018424341745062354 -0.00067199455083985071 -0.0015289293727837503 -2.0059995850632814e-05 -0.00014212605566149805 -0.000185141511620921 -0.0008862446872417325 0.0010005847418991228 -2.6103815041659845e-05 -0.00094280401879752234 0.0017942595839585095 0.00055461290632448498 -0.00017546619482648867 -0.00045017370333274209 0.00053458780939267441 -0.00010074506151593395 0.00029421775069619931 -0.00060150188108285267 0.00078342897369847858 0.00034373182403268638 0.00010173635619382063 -0.00053223259089281785 0.00034323431212793693 0.00046634529470263616 -9.8179702939422324e-05 -0.0001411064696084294 -0.00063385461573489015 0.0004164110556303058 6.832589217451182e-05 0.00035814048676035821 -0.0010243149792465071 -0.00044737905518905745 -0.00017260556077499959 0.00030813024978020362
leaf_weight=18 60 24 63 26 21 22 36 37.5 180 25 27 28.5 20 22 61.5 57 46.5 24 21 22 22 63 24 24 22 144 70 75 42 67.5 60 80 66 57.5 107.5 72 20 32 44.5 27 24 42 66 42
leaf_count=18 32 18 27 26 14 18 28 15 180 25 24 24 20 22 27 24 24 24 21 22 22 30 24 23 22 72 28 30 21 27 24 32 33 36 50 36 20 32 20 27 24 21 39 24
internal_value=4.32163e-13 -0.0004987 0.000176346 1.22749e-05 -0.000817613 0.000427219 0.000217692 -1.62557e-05 -3.05358e-05 -8.57916e-05 9.35127e-06 0.000551241 -0.000189944 -0.000738569 -1.17984e-05 -0.000229772 -0.00050013 2.53377e-05 3.71299e-05 1.74173e-05 0.000161683 0.000598107 -0.000656683 0.000302732 2.07992e-05 -5.40262e-05 5.39333e-06 -0.000107205 0.000162898 2.63882e-05 -7.56152e-05 -0.000260532 3.87913e-05 -5.65283e-05 -0.000241668 0.000128611 -9.06242e-05 -3.93761e-05 0.000353313 -0.000253577 -0.000558483 -0.000151941 -1.8518e-05 4.05866e-05
internal_weight=2136 558 1578 534 178 356 157 1515 334 121 1477.5 55.5 274 42 1422 207 103.5 1215 1197 1173 388.5 129.5 49 72 46 784.5 604.5 352.5 252 277.5 210 140 210 259 129.5 129.5 232 212 107.5 180 45 135 93 103.5
internal_count=1350 504 846 486 162 324 148 819 306 120 804 48 274 42 756 99 48 657 639 615 216 72 49 71 45 399 267 141 126 111 84 56 105 144 72 72 232 212 50 132 45 87 66 51
is_linear=0
shrinkage=0.08


Tree=67
num_leaves=45
num_cat=0
split_feature=37 28 11 5 36 13 11 3 13 37 25 9 37 37 37 37 18 17 18 37 37 37 2 23 37 19 22 22 37 17 37 20 37 37 22 37 14 34 16 31 34 36 19 17
split_gain=0.033728 0.137138 0.10711 0.0075214 0.00734997 0.229666 0.226802 0.0113038 0.00303717 0.00240628 0.002732 0.00526975 0.00407557 0.00495495 0.00698319 0.00404668 0.0067644 0.00643862 0.00573749 0.00227607 0.00185073 0.00902129 0.00769121 0.00258713 0.00162464 0.00601845 0.00180876 0.00173637 0.00202602 0.00252962 0.001623 0.00152849 0.00135191 0.00125498 0.0013256 0.00123193 0.00120474 0.0011316 0.00109845 0.00108902 0.00118443 0.00140074 0.00335845 0.00190488
threshold=17.475000000000005 36.700000000000003 9.9550000000000018 11.868846153846155 2.5000000000000004 9.8000000000000025 9.8950000000000014 17.935000000000006 8.7400000000000002 16.295000000000005 5.4000000000000012 9.9200000000000017 14.200000000000001 2.2750000000000004 2.5300000000000007 5.3900000000000015 4.7000000000000002 1.0000000180025095e-35 11.500000000000002 7.8650000000000011 9.9200000000000017 9.7950000000000017 17.680000000000003 7.5000000000000009 7.3800000000000017 15.500000000000002 52.000000000000007 63.400000000000013 5.0400000000000009 5.9000000000000012 7.7300000000000013 0.90000000000000013 9.9950000000000028 3.9500000000000006 15.100000000000001 10.105000000000002 7.4400000000000004 41.800000000000004 7.0650000000000013 17.100000000000005 40.70000000000001 1.5000000000000002 4.5000000000000009 3.3000000000000003
decision_type=2 2 2 2 2 2 2 2 2 2 2 2 2 2 2 2 2 2 2 2 2 2 2 2 2 2 2 2 2 2 2 2 2 2 2 2 2 2 2 2 2 2 2 2
left_child=2 -2 4 -3 6 7 20 8 9 10 11 12 13 -6 -15 16 17 -16 32 -13 21 23 35 24 25 27 30 28 29 33 -26 -21 37 34 -1 -22 -32 -17 -30 40 -37 42 -42 -43
right_child=1 3 -4 -5 5 -7 -8 -9 -10 -11 -12 19 -14 14 15 18 -18 -19 -20 31 22 -23 -24 -25 26 -27 -28 -29 38 -31 36 -33 -34 -35 -36 39 -38 -39 -40 -41 41 43 -44 -45
leaf_value=0.00010509752714174933 0.0071593891846991721 -0.0016063896084337363 -0.0034814351183983191 0.00029870225132779324 -0.003513057678937912 -0.0059078307992534796 0.0060769147854298359 0.0016802931707056742 -0.00025114134408224525 0.00096074616464857879 0.00067992222837658003 -0.00080852764274459341 -0.00042002886618919131 0.003798617608845234 -0.00053175761486359298 0.00051409935215850934 -0.0013288015003781767 0.0014492749824144301 0.0016609493867847428 -0.00048494804980634131 0.00025530166001867897 -0.001132276077898076 0.00093254608662876614 -0.00052605663096675509 0.00037634080822269121 -0.0013421510755550117 0.00058996666199943447 0.00054516856630878715 -0.0001332272723843546 0.0008842685551975262 -0.0004017398366229419 0.00015178806013277463 0.00077609440090316468 0.00045412600412964818 -0.00067335373741765831 -0.00017778703997901174 2.6722100577602276e-05 -9.9268008942727932e-05 -0.00070269380460447842 -0.00059846151942530507 -0.00062794550062556355 0.00082057998071170661 0.00061649897338255592 -0.00010520706698298455
leaf_weight=28 21 21 57 36 1.9999999999999989 42 40 31.5 111.5 26 58.5 40 41 3.9999999999999991 21 38.5 20 21 29 39.5 76 52 60 65 75 25 42 29 46 22 49 62 41 20 28 200 294 38.5 41 26 35 33 23 25
leaf_count=28 21 21 27 36 2 22 20 14 59 26 26 16 41 4 21 19 20 21 18 21 38 24 30 26 30 22 22 26 22 22 22 32 31 20 28 178 126 22 32 22 27 27 19 19
internal_value=-9.19196e-12 0.0016329 -6.18884e-05 -0.000403174 3.552e-05 -0.000181312 0.000143936 0.00020351 0.000125129 0.000212171 0.000169489 9.43691e-05 0.000310927 0.000450319 0.000487534 0.000424164 -0.000117874 0.000458759 0.000652778 -0.000297425 -3.94635e-05 -0.000112689 8.55411e-05 -4.32932e-05 1.59896e-06 -0.000167605 8.95113e-05 -3.03914e-05 -0.000120614 0.000128829 3.92263e-05 -9.60058e-05 0.000405007 -8.98507e-05 -0.000284128 -3.60386e-05 -3.44867e-05 0.000207416 -0.000401597 -0.000100781 -5.98325e-05 0.000143537 -0.000134459 0.000421534
internal_weight=2136 78 2058 57 2001 667 1334 625 593.5 482 456 397.5 256 215 213 209 62 42 147 141.5 1294 816 478 764 699 239 460 214 185 98 418 101.5 118 76 56 418 343 77 87 342 316 116 58 58
internal_count=1350 78 1272 57 1245 415 830 393 379 320 294 268 199 158 156 152 62 42 90 69 810 450 360 426 400 200 200 178 152 98 178 53 72 76 56 330 148 41 54 292 270 92 46 46
is_linear=0
shrinkage=0.08


Tree=68
num_leaves=45
num_cat=0
split_feature=15 11 4 10 16 35 5 30 19 19 12 35 31 21 35 18 17 11 18 31 15 24 31 25 0 15 0 0 33 17 18 35 35 16 16 20 35 21 35 16 0 32 33 35
split_gain=0.0234713 0.0966662 0.00988018 0.00105989 0.00129615 0.00223012 0.00396016 0.00116552 0.00272754 0.00210404 0.00153454 0.00439278 0.00111331 0.00075923 0.000927948 0.00717486 0.00497193 0.00308019 0.00243411 0.00380293 0.00312922 0.00115783 0.00159724 0.00114972 0.00128745 0.000820505 0.00103278 0.000870262 0.000881459 0.000761945 0.000689584 0.000895942 0.000623555 0.000951789 0.000601475 0.000506905 0.00430964 0.00189972 0.000437469 0.00160384 0.00149537 0.00116263 0.00129826 0.000361063
threshold=-0.1650000000000009 9.9550000000000018 17.98 9.9200000000000017 6.0311538461538472 1.5000000000000002 11.992692307692311 6.0000000000000009 23.100000000000005 13.900000000000002 7.9050000000000011 1.0000000180025095e-35 3.7000000000000006 21.000000000000004 1.5000000000000002 10.000000000000002 15.500000000000002 9.7050000000000018 0.50000000000000011 1.7000000000000004 2.2450000000000001 0.50000000000000011 1.0000000180025095e-35 1.9000000000000001 17.070000000000004 2.1950000000000003 15.555000000000001 16.740000000000006 4.2000000000000011 2.7000000000000006 0.50000000000000011 1.0000000180025095e-35 1.0000000180025095e-35 8.9650000000000016 7.1300000000000008 7.0000000000000009 1.5000000000000002 10.000000000000002 1.5000000000000002 6.955000000000001 16.860000000000003 12.100000000000001 3.9000000000000004 1.5000000000000002
decision_type=2 2 2 2 2 2 2 2 2 2 2 2 2 2 2 2 2 2 2 2 2 2 2 2 2 2 2 2 2 2 2 2 2 2 2 2 2 2 2 2 2 2 2 2
left_child=-1 2 3 4 5 6 -2 8 13 10 35 -12 -13 14 16 18 17 23 21 -20 -21 22 -16 24 25 27 -27 28 30 -28 32 -32 33 -6 -24 38 37 -37 39 41 -40 42 -9 -14
right_child=1 -3 -4 -5 7 -7 -8 9 -10 -11 11 12 43 -15 15 -17 -18 -19 19 20 -22 -23 34 -25 -26 26 29 -29 -30 -31 31 -33 -34 -35 -36 36 -38 -39 40 -41 -42 -43 -44 -45
leaf_value=0.0021169994861790628 0.0011496300783215298 -0.0043289393784873417 0.0014084376755988959 -0.00043667612315127346 0.00069721150250794995 -8.2891776480457992e-05 9.780793624471814e-05 -0.00017871094848184537 0.00080387739340464267 -0.00065092642582618651 -0.00099130697040938041 -0.00035489860137372662 0.00023585678306753161 0.00036398058513268121 -0.00040666258986200301 -0.0010285472888499499 0.0010359189377138109 0.00060079930031120229 0.00099669144498960426 -0.00052527568082635608 0.00040192220973350653 -0.00051898119611044728 0.00020339664018579891 -0.00035444547023092001 0.00054601032804283832 -0.00056242776794754193 -0.00026635116734911526 -0.00025371931244929632 -0.00024661002758269511 0.00011461116810096428 9.2758577361348138e-05 0.00080827707774005835 -3.4224163996091544e-05 3.509385357822546e-05 -0.00012515676200295004 -0.00015673032036930736 0.00050901111060132581 -0.0010444429220148811 0.00019157071207319539 0.000599766629526303 -0.00030309173533761942 -0.00025693757661092269 0.00042352479060586094 -4.1680310007736645e-05
leaf_weight=33 36 33 33 33 24 82.5 63 36 30 39 39 54 54 42 55.5 45 33 54 37.5 37.5 61.5 37.5 105 63 27 33 63 45 33 72 21 24 78 33 54 36 42 27 93 42 67.5 54 63 67.5
leaf_count=18 24 18 18 18 24 33 42 24 27 36 39 24 27 36 33 27 30 36 24 24 30 15 42 42 18 30 42 30 30 48 21 21 57 33 36 30 24 18 39 30 27 36 42 27
internal_value=6.88869e-12 -3.32197e-05 3.52628e-05 1.3017e-05 2.04221e-05 0.000224298 0.000480289 1.18457e-07 5.14633e-05 -7.95954e-05 -4.65852e-05 -0.000223322 -5.26591e-05 3.05338e-05 1.70222e-05 -7.22531e-05 8.12027e-05 2.59297e-05 3.85146e-05 0.000310596 5.07109e-05 -0.000108863 -3.71636e-05 -3.42311e-05 1.0302e-05 -2.36513e-05 -0.000161239 6.5941e-05 0.000133475 -6.31713e-05 0.000203157 0.000474368 0.000112753 0.00031388 9.18125e-05 3.57386e-05 -0.000118703 -0.000537179 8.13542e-05 0.000161867 -1.64649e-05 4.16591e-05 0.00020453 8.16695e-05
internal_weight=2136 2103 2070 2037 2004 181.5 99 1822.5 1108.5 714 675 214.5 175.5 1078.5 1036.5 433.5 603 570 388.5 136.5 99 252 214.5 516 453 426 168 258 213 135 180 45 135 57 159 460.5 105 63 355.5 195 160.5 153 99 121.5
internal_count=1350 1332 1314 1296 1278 99 66 1179 756 423 387 117 78 729 693 231 462 432 204 78 54 126 111 396 354 336 120 216 186 90 156 42 114 57 78 270 72 48 198 132 66 102 66 54
is_linear=0
shrinkage=0.08


Tree=69
num_leaves=45
num_cat=0
split_feature=37 1 10 16 37 20 37 37 36 11 30 37 1 27 32 28 10 29 22 37 36 37 37 21 15 37 13 30 26 16 8 15 18 36 11 32 17 13 33 30 30 16 32 35
split_gain=0.0304609 0.0955923 0.081662 0.0059176 0.00322181 0.00247178 0.00246796 0.0184204 0.0190279 0.162805 0.159542 0.00899776 0.0076695 0.0122674 0.00445137 0.00435512 0.00424868 0.00310584 0.0027609 0.00752754 0.00729721 0.00254325 0.00203798 0.00393532 0.00140986 0.00140359 0.00143628 0.00166155 0.00130249 0.00220908 0.00142508 0.00130093 0.001213 0.00117279 0.00120121 0.00119259 0.000965935 0.00076725 0.00112703 0.000754863 0.000990891 0.00246903 0.00124213 0.00160022
threshold=17.545000000000005 17.775000000000002 9.9550000000000018 5.9846153846153838 17.220000000000002 1.7000000000000004 9.9350000000000005 9.9450000000000021 2.5000000000000004 9.7050000000000018 0.50000000000000011 9.7950000000000017 16.295000000000005 4.1000000000000005 7.1000000000000005 55.699999999999996 9.7700000000000014 6.0000000000000009 50.300000000000004 4.1100000000000003 2.5000000000000004 15.345000000000001 7.0900000000000007 8.9000000000000021 3.1550000000000007 10.105000000000002 7.5750000000000002 11.900000000000002 2.8000000000000003 6.0700000000000012 10.045000000000002 2.9400000000000008 4.7000000000000002 1.5000000000000002 7.3050000000000006 5.9000000000000012 2.1000000000000005 7.8650000000000011 1.9000000000000001 11.4 1.3 9.1650000000000009 0.50000000000000011 1.5000000000000002
decision_type=2 2 2 2 2 2 2 2 2 2 2 2 2 2 2 2 2 2 2 2 2 2 2 2 2 2 2 2 2 2 2 2 2 2 2 2 2 2 2 2 2 2 2 2
left_child=2 -2 4 -3 6 -6 11 -8 9 15 -10 16 21 17 -13 25 18 -14 24 -20 22 32 23 -21 28 -9 27 33 29 -1 39 -30 -12 34 -27 36 -35 -28 -39 40 41 42 43 -31
right_child=1 3 -4 -5 5 -7 7 8 10 -11 12 14 13 -15 -16 -17 -18 -19 19 20 -22 -23 -24 -25 -26 26 37 -29 31 30 -32 -33 -34 35 -36 -37 -38 38 -40 -41 -42 -43 -44 -45
leaf_value=0.00057097226232290276 0.0061553240771449746 0.00046733769691652722 -0.0030412015018233081 -0.0013232347768886636 -0.0010614029158217211 -3.4453545755241065e-05 0.00309576611827921 0.00026082168612447278 -0.0051040531653627945 0.0062084662206952695 -0.00067572213901097289 -0.0011660233655626454 0.0023549155358757292 -1.4750714310341412e-05 -0.00010859854551481789 0.00076158837256529795 0.00088300069967905688 0.0011633559484367393 -0.001114458159233133 -0.00083551872583727043 0.0012726878697195878 0.00058121713693253701 0.00045277820106733729 0.00061321859428426254 0.00027935615577029459 -0.00013077109674329633 -0.00059589069476351144 0.00054231011037093901 -0.00061005447636402793 -0.00014919580563178494 -0.00034312010843020219 -7.9077252053172783e-05 8.6643965491517034e-05 0.00024917510017985478 -0.0008496747210267044 0.00056258578123524782 -0.00047633478029941522 0.00010725490812910721 -0.00047947768894532187 0.00024504959099572296 -0.00013521980199852088 0.00075942747077594201 -0.00020795117860793004 0.00051484500795292358
leaf_weight=37.5 21 27 57 21 30 30 13.499999999999998 64 39.5 29 34 61.5 28 45 43.5 44 37.5 28 21 30 52 26 54 20 82.5 51 50 30 52.5 45 97.5 67.5 22 23 21 25 24 40 44 64.5 319.5 30 105 48
leaf_count=15 21 27 27 21 30 30 6 32 33 18 23 27 20 23 21 22 18 20 21 24 36 26 28 20 33 50 38 24 21 39 39 27 19 21 14 20 23 36 30 27 165 30 66 39
internal_value=-7.77301e-12 0.00165351 -5.51969e-05 -0.000316038 2.94808e-05 -0.000547928 4.72473e-05 0.000170104 0.000110933 0.00041296 -0.000493119 -1.8683e-05 0.000502137 0.00096879 -0.000727947 8.94607e-06 4.5297e-05 0.00175914 1.74107e-05 0.000307486 0.000498901 -7.26432e-05 0.000112008 -0.000256024 -3.66633e-05 -8.00761e-05 -0.000150912 6.92215e-07 -6.67343e-05 -2.74338e-05 -5.90621e-05 -0.00031138 -0.000376221 -0.000112145 -0.000340451 0.000116162 -0.000121298 -0.000347771 -0.000200081 -1.38077e-05 -4.43032e-05 8.30996e-05 -1.93744e-05 0.000193535
internal_weight=2136 69 2067 48 2010 60 1950 681 667.5 445 222.5 1269 183 101 105 416 1164 56 1126.5 177 156 82 104 50 949.5 372 308 174 867 747 709.5 120 56 144 72 72 47 134 84 612 547.5 228 198 93
internal_count=1350 69 1281 48 1254 60 1194 498 492 328 164 696 131 63 48 310 648 40 630 129 108 68 72 44 501 288 256 152 468 420 405 48 42 128 64 64 44 104 66 366 339 174 144 78
is_linear=0
shrinkage=0.08


Tree=70
num_leaves=45
num_cat=0
split_feature=15 11 4 10 36 10 4 15 30 22 18 33 30 16 34 5 18 33 16 34 32 31 18 22 23 0 10 10 36 32 14 32 0 5 31 21 32 33 18 24 33 33 13 32
split_gain=0.023628 0.0814838 0.00858734 0.00119047 0.00456267 0.00605325 0.00277871 0.00191283 0.00177786 0.00339387 0.00173497 0.00105649 0.00101061 0.00136337 0.0016849 0.00106668 0.000877707 0.000682507 0.0006251 0.000973544 0.00121178 0.00120337 0.00086782 0.000805813 0.000709154 0.000512746 0.000489532 0.00126057 0.000677697 0.000598974 0.000630959 0.000621609 0.000525156 0.000668834 0.00050181 0.000487929 0.000478825 0.000468517 0.000451233 0.000352552 0.000331907 0.000325933 0.000308798 0.000287578
threshold=-0.1650000000000009 9.9550000000000018 17.98 9.9200000000000017 2.5000000000000004 9.6700000000000017 17.890000000000004 1.2600000000000002 4.6000000000000005 57.000000000000007 4.5000000000000009 7.1000000000000005 3.1000000000000005 8.9950000000000028 9.9000000000000039 10.105000000000002 1.5000000000000002 1.3 7.2300000000000013 9.9000000000000039 3.1000000000000005 8.1000000000000014 0.50000000000000011 0.70000000000000018 14.400000000000002 14.110000000000001 8.6700000000000017 8.1100000000000012 1.5000000000000002 19.000000000000004 7.8200000000000012 1.5000000000000002 17.345000000000002 10.065000000000003 1.7000000000000004 3.8000000000000003 3.5000000000000004 3.7000000000000006 2.1000000000000005 9.5000000000000018 3.7000000000000006 3.1000000000000005 7.3250000000000011 1.3
decision_type=2 2 2 2 2 2 2 2 2 2 2 2 2 2 2 2 2 2 2 2 2 2 2 2 2 2 2 2 2 2 2 2 2 2 2 2 2 2 2 2 2 2 2 2
left_child=-1 2 3 4 6 7 18 17 9 12 11 38 13 15 -15 35 -13 -6 24 22 37 40 23 25 26 -20 27 28 29 30 31 -2 33 -30 -33 -9 -35 -21 -10 43 -22 -12 -36 -28
right_child=1 -3 -4 -5 5 -7 -8 8 10 -11 41 16 -14 14 -16 -17 -18 -19 19 20 21 -23 -24 -25 -26 -27 39 -29 32 -31 -32 34 -34 36 42 -37 -38 -39 -40 -41 -42 -43 -44 -45
leaf_value=0.0021240517993768057 -0.00035946060938420155 -0.0039773050814189692 0.0013097295706922358 -0.00046778556072350709 2.7982747426839788e-05 0.0010942713029428641 -0.00069389510278018522 -0.00034535701106980682 -0.00011672255920711906 0.0011258775852019747 -0.00015888967372190495 0.00051962627227916279 0.00057621885156042361 0.00092095168738591461 -3.449459316297656e-05 0.00031394741958303544 2.6547150013761391e-05 -0.0003806084912136063 0.00025937547622662449 -0.00035790265149747332 0.00037551852591908154 -0.00047816156813253955 0.00044691435139005385 -0.00049344206112436953 -0.00029674262904816052 -0.00014569078238370518 0.00016291045357568444 -0.00037006243551855513 0.00013152275537753379 -0.0003880783814836193 0.00023221640614792704 0.00025874455577679095 0.00033823575485836374 4.6702572779560633e-05 5.3099304454268092e-05 6.332430131142101e-05 -0.00032651925184340637 -0.00076516884106115029 0.0002294068621552509 0.00029620339797640393 -2.3624696691210073e-05 -0.00053129067777522973 -0.00018721159211881143 -2.0897436184463436e-05
leaf_weight=33 46.5 33 33 33 49.5 44 44 46 80 31 32.5 64.5 43 27 21 44 36 55.5 36 48 24 30 24 24 55 45 88 66 171 37 44 31.5 44 44 56 31.5 44 29 34.5 44 30 28 88 143
leaf_count=18 27 18 18 18 27 24 24 36 45 24 24 36 27 27 21 24 21 33 36 48 24 30 24 24 30 30 48 36 99 21 24 18 24 24 33 18 24 24 21 24 30 18 48 78
internal_value=-2.12229e-12 -3.33303e-05 2.95446e-05 8.80524e-06 1.66533e-05 0.000187366 -6.87031e-05 0.000123418 0.000186418 0.000343913 4.7217e-05 0.000153713 0.000229839 0.000141966 0.000502944 -6.42144e-07 0.000343001 -0.000187987 -4.74117e-05 -0.000150847 -0.000282052 -7.19184e-05 1.29052e-05 -8.62969e-05 -1.74754e-05 3.43387e-05 -1.25603e-06 -3.80509e-05 -1.89121e-06 -8.64914e-05 -4.45414e-05 -9.93943e-05 8.2709e-05 3.92991e-05 -3.04878e-05 -0.000179248 -0.000139908 -0.000511289 -1.24303e-05 8.86572e-05 0.000153772 -0.000331241 -9.37574e-05 4.91246e-05
internal_weight=2136 2103 2070 2037 2004 668 1336 624 519 243.5 275.5 215 212.5 169.5 48 121.5 100.5 105 1292 290 161 84 129 105 1002 81 947 672 606 303 266 222 303 259 175.5 77.5 88 77 114.5 275 54 60.5 144 231
internal_count=1350 1332 1314 1296 1278 426 852 402 342 177 165 123 153 126 48 78 57 60 828 270 156 84 114 90 558 66 528 378 342 171 150 126 171 147 99 54 48 72 66 150 54 42 81 126
is_linear=0
shrinkage=0.08


Tree=71
num_leaves=45
num_cat=0
split_feature=37 37 10 11 37 5 9 32 6 17 35 22 30 18 1 22 30 29 29 34 20 20 37 1 30 30 35 37 5 37 29 30 37 20 37 6 16 29 18 34 34 32 15 16
split_gain=0.029866 0.484266 0.215033 0.172319 0.00482122 0.0123706 0.00362338 0.00276038 0.00205599 0.00182584 0.0096375 0.00161435 0.00154217 0.00289648 0.00398073 0.00197173 0.0013172 0.00196804 0.00121332 0.00118938 0.000931701 0.000929908 0.00243259 0.001293 0.00102765 0.000860935 0.00191514 0.000844777 0.00178691 0.00122268 0.00101228 0.000843641 0.000832444 0.000922337 0.00133078 0.00103271 0.000878337 0.000803974 0.000658896 0.000657373 0.000653121 0.000632768 0.000348771 0.000348094
threshold=11.703076923076924 11.911538461538465 9.9350000000000005 9.9200000000000017 17.475000000000005 11.832692307692311 11.760384615384618 26.000000000000004 10.105000000000002 17.200000000000006 1.5000000000000002 77.200000000000003 0.70000000000000007 0.50000000000000011 15.880000000000001 68.500000000000014 8.1000000000000014 7.8000000000000007 1.5000000000000002 2.9000000000000021 1.7000000000000004 11.000000000000002 7.7300000000000013 17.020000000000003 3.5000000000000004 1.9000000000000001 1.5000000000000002 7.4800000000000013 10.675000000000002 8.2800000000000011 17.600000000000005 14.100000000000003 7.7300000000000013 1.3 8.8450000000000006 9.9350000000000005 6.8850000000000025 3.5000000000000004 4.7000000000000002 29.900000000000006 40.70000000000001 6.3000000000000016 2.1950000000000003 7.2300000000000013
decision_type=2 2 2 2 2 2 2 2 2 2 2 2 2 2 2 2 2 2 2 2 2 2 2 2 2 2 2 2 2 2 2 2 2 2 2 2 2 2 2 2 2 2 2 2
left_child=2 -2 6 4 7 -6 9 8 11 12 -11 16 13 43 -15 21 17 18 19 -3 41 23 -23 24 25 39 -27 -25 -29 -30 -31 -18 36 34 -34 -35 -26 -36 -20 -14 -39 -10 -21 -1
right_child=1 3 -4 -5 5 -7 -8 -9 20 10 -12 -13 15 14 -16 -17 31 -19 38 42 -22 22 -24 27 32 26 -28 28 29 30 -32 -33 33 35 37 -37 -38 40 -40 -41 -42 -43 -44 -45
leaf_value=0.00011886850099674322 -0.0081851411735018101 0.00038704522217934331 0.0047574628993040987 0.0073160106163205844 -0.002037032501841033 0.00019059690051038232 -0.00053311387502392874 0.00084772122519401205 -0.00072523660695132544 0.0015498337915374172 -0.00055935022935859463 -0.00060541552801926936 2.2944062369954744e-05 0.0012484030318305349 6.4733458889855279e-05 -0.00056376500929602319 0.00072514256277248597 -0.00048434945563666329 0.00056554557978718851 -7.611622945922945e-05 4.0714059617709029e-06 0.000644467015611543 -0.00023477093788484734 -0.00024313130250407591 0.00027660664650257569 -3.951298526655405e-05 -0.00079969042471499856 0.00050700455490085815 0.00029326574873800082 -0.00026211151193516953 0.00015058631932969013 0.00012215895957692904 -0.0003817889421350426 -0.00061237167988327295 -0.0001525355436735683 -9.5147375483065852e-05 -0.00017566087836813597 0.00047574158468180239 7.1546154752097756e-05 -0.00035120788528913196 3.7094224299792025e-05 -0.0002365347117690059 -0.00043981198333548728 -8.2204690389335152e-05
leaf_weight=108 48 30 63 21 27 39 81 24 39 27 28.5 21 76.5 33 40.5 45 33 39 48 45 33 43.5 37.5 45 85.5 39 46.5 63 75 96 63 27 45 42 45 60 40.5 45 27 49.5 42 30 27 112.5
leaf_count=48 24 30 27 21 27 39 33 18 27 24 24 21 54 30 18 36 33 39 48 45 33 30 18 18 36 24 24 30 30 45 27 27 18 21 21 27 27 21 27 24 21 18 27 90
internal_value=-6.36883e-12 -0.000503054 0.000177886 0.000219966 -8.47718e-05 -0.000720706 -1.25519e-05 1.4452e-05 -3.56695e-05 1.68522e-05 0.000466739 7.07535e-05 -1.2608e-06 0.000161254 0.000596177 -4.53175e-05 0.000122201 3.00903e-05 0.000143441 -3.61647e-05 -0.000345548 -2.28738e-05 0.000237412 -4.48699e-05 -0.000114075 -0.000257003 -0.000452943 7.98817e-05 0.000128823 2.7005e-05 -9.85897e-05 0.0004538 -3.94349e-05 -0.000116512 -6.09194e-06 -0.000308122 0.000131235 0.000121987 0.000387706 -0.000124044 0.000263981 -0.000512758 -0.000212502 1.62801e-05
internal_weight=2136 558 1578 510 489 66 1515 423 399 1434 55.5 297 1378.5 294 73.5 1084.5 276 216 177 102 102 1039.5 81 958.5 616.5 211.5 85.5 342 297 234 159 60 405 279 177 102 126 132 75 126 87 69 72 220.5
internal_count=1350 504 846 480 459 66 819 393 375 786 48 297 738 186 48 552 276 216 177 102 78 516 48 468 318 126 48 150 132 102 72 60 192 129 81 48 63 63 75 78 42 45 72 138
is_linear=0
shrinkage=0.08


Tree=72
num_leaves=45
num_cat=0
split_feature=16 4 10 16 36 36 36 9 4 0 0 18 0 36 31 15 16 18 21 30 31 8 13 21 21 16 0 0 28 34 17 22 21 16 32 16 0 34 17 17 34 36 36 32
split_gain=0.0154802 0.0384822 0.0254105 0.000959446 0.0974443 0.00636564 0.00268351 0.00323313 0.0024056 0.00201394 0.0035602 0.00242209 0.00150682 0.00119817 0.0010228 0.000767249 0.00057809 0.000762868 0.000734961 0.00052004 0.0011229 0.000664421 0.000629985 0.000496559 0.000618302 0.000520487 0.000481909 0.000460361 0.000415304 0.00033893 0.000285999 0.000269128 0.000594596 0.000267901 0.00037123 0.000245662 0.000347978 0.000228533 0.000218159 0.00020343 0.000148939 0.000291589 0.000184855 0.000191479
threshold=5.9461538461538463 17.795000000000005 9.9550000000000018 6.0350000000000028 2.5000000000000004 1.5000000000000002 2.5000000000000004 10.975000000000003 17.545000000000005 15.625000000000002 14.760000000000003 7.6000000000000005 14.200000000000001 1.5000000000000002 0.3000000000000001 2.2050000000000001 7.2300000000000013 17.200000000000006 7.6000000000000005 4.6000000000000005 6.9000000000000012 10.010000000000002 7.4800000000000013 2.5000000000000004 5.0000000000000009 8.9800000000000022 14.335000000000003 16.525000000000002 27.699999999999999 9.2000000000000046 11.000000000000002 45.400000000000013 11.800000000000002 6.0850000000000017 5.5000000000000009 6.2400000000000002 16.505000000000006 55.600000000000009 0.50000000000000011 4.7000000000000002 29.900000000000006 1.5000000000000002 1.5000000000000002 0.50000000000000011
decision_type=2 2 2 2 2 2 2 2 2 2 2 2 2 2 2 2 2 2 2 2 2 2 2 2 2 2 2 2 2 2 2 2 2 2 2 2 2 2 2 2 2 2 2 2
left_child=1 -1 3 4 5 -2 7 16 9 10 11 12 14 -9 -8 27 30 18 23 20 -17 22 -21 25 -25 26 -18 -11 -23 -29 31 32 33 -5 37 -36 -37 40 -27 -33 42 -42 43 -35
right_child=2 -3 -4 6 -6 -7 8 13 -10 15 -12 -13 -14 -15 -16 19 17 -19 -20 21 -22 28 -24 24 -26 38 -28 29 -30 -31 -32 39 -34 34 35 36 -38 -39 -40 -41 41 -43 -44 -45
leaf_value=0.0002189074978232384 0.0011493017919990537 -0.0026025765716813204 0.0018453152082634693 -0.00014372538435484538 -0.0030525921625931835 0.0026040760780890264 -0.00023870817209227068 -0.00066153343356624764 0.00074474837280229321 -0.00033248394829305737 0.00095800337165074286 -0.00067385317669028336 0.00077971432754700941 -0.00019839474123778877 0.00042522311926370966 0.00046600067954171787 0.00025874908479939522 -0.00046980257411228702 -0.00040623467525519014 -5.0327793465225728e-05 -7.6211851344189867e-05 -0.00029975178040037254 0.00040732877304801692 0.00043564373425518475 -0.00010913583785622905 -0.00011799890466500074 -0.00013204608800942484 -0.00020702902735634284 1.2704225426370447e-05 0.00011799501013890469 -0.00015544964890790334 0.00030639293803168196 -0.00028932061159937848 0.00031813756070650094 0.00012483906305649065 -0.0002654178948564963 -1.3885067958405918e-05 0.00027044977315447547 -0.0004230912398682752 4.3802918162106015e-05 -0.00014529457024764269 0.000133555103013047 3.4778199130387016e-05 7.3839068267639584e-05
leaf_weight=82.5 38.5 49.5 49.5 55 38.5 38.5 33 71.5 38.5 55 43 21 27 71.5 27 55 36 36 36 38.5 44 49.5 38.5 30 24 30 46 38.5 60.5 44 63 35 41 44 55 44 176 44 30 41 48 48 82.5 38.5
leaf_count=45 21 27 27 30 21 21 33 39 21 30 36 21 27 39 27 30 36 36 36 21 24 27 21 30 24 30 36 21 33 24 36 24 24 24 30 24 96 24 30 24 27 27 45 21
internal_value=-4.61284e-12 -0.000839149 5.52733e-05 9.93838e-06 0.000233595 0.00187669 -4.10859e-06 -7.24424e-05 0.000132559 9.15333e-05 0.000342379 9.72687e-05 0.000283402 -0.000429964 6.00609e-05 2.09372e-06 -2.5235e-05 -0.000127161 -7.39925e-05 7.67558e-05 0.000225017 -1.73567e-06 0.0001785 -1.29684e-05 0.000193519 -9.1492e-05 3.95225e-05 -0.000153203 -0.000127901 -3.36829e-05 8.28177e-06 2.19986e-05 5.95163e-06 2.50165e-05 4.10178e-05 -2.63855e-05 -6.41916e-05 0.000101791 -0.000270545 0.000164733 7.33585e-05 -5.86973e-06 0.000119455 0.000204132
internal_weight=2136 132 2004 1954.5 115.5 77 1839 1226 613 574.5 151 108 87 143 60 423.5 1083 268 232 286 99 187 77 196 54 142 82 137.5 110 82.5 815 752 676 635 580 275 220 305 60 76 261 96 165 82.5
internal_count=1350 72 1278 1251 63 42 1188 792 396 375 144 108 87 78 60 231 714 258 222 156 54 102 42 186 54 132 72 75 60 45 456 420 372 348 318 150 120 168 60 48 144 54 90 45
is_linear=0
shrinkage=0.08


Tree=73
num_leaves=45
num_cat=0
split_feature=37 27 10 6 37 33 37 4 34 37 15 37 36 16 4 17 30 0 37 18 32 34 34 31 32 23 33 10 20 33 15 20 21 17 37 32 29 10 31 15 34 17 32 30
split_gain=0.0251989 0.0851929 0.0735087 0.00797342 0.00370164 0.0031434 0.00297024 0.0178412 0.00965333 0.00747424 0.0067227 0.00259145 0.00215069 0.00777991 0.00554338 0.00451697 0.00592751 0.00394622 0.018113 0.0132981 0.00356882 0.00245587 0.00233133 0.00196146 0.00174619 0.00337977 0.00258679 0.00183432 0.00153639 0.00288928 0.00132843 0.00129067 0.00124938 0.00120139 0.00167339 0.00144197 0.00101414 0.00101248 0.00098552 0.000975161 0.00134615 0.000904196 0.000903361 0.000782121
threshold=17.630000000000006 11.900000000000002 9.9550000000000018 11.911538461538465 17.150000000000002 3.9000000000000004 9.9350000000000005 17.965000000000003 112.70000000000003 9.8850000000000033 -0.11500000000000109 9.9650000000000016 1.5000000000000002 6.0453846153846165 17.650000000000002 1.7000000000000004 7.1000000000000005 15.4 5.6350000000000007 3.0000000000000004 9.1000000000000014 72.000000000000014 40.70000000000001 0.3000000000000001 15.100000000000001 1.6000000000000003 11.4 8.6200000000000028 1.9000000000000001 3.7000000000000006 2.1950000000000003 0.3000000000000001 3.0000000000000004 0.3000000000000001 9.7850000000000019 2.8000000000000003 2.3000000000000003 7.455000000000001 2.5000000000000004 2.5050000000000003 46.100000000000009 4.7000000000000002 7.1000000000000005 7.1000000000000005
decision_type=2 2 2 2 2 2 2 2 2 2 2 2 2 2 2 2 2 2 2 2 2 2 2 2 2 2 2 2 2 2 2 2 2 2 2 2 2 2 2 2 2 2 2 2
left_child=2 3 4 -2 6 -6 9 8 11 10 -1 -8 13 -12 15 22 17 18 19 -17 -18 33 23 -14 26 -26 28 -28 29 30 -13 -31 38 34 -15 43 -30 -24 -25 40 -38 -19 -37 -35
right_child=1 -3 -4 -5 5 -7 7 -9 -10 -11 12 24 14 21 -16 16 20 41 -20 -21 -22 -23 37 32 25 -27 27 -29 36 31 -32 -33 -34 35 -36 42 39 -39 -40 -41 -42 -43 -44 -45
leaf_value=0.0019041095736126105 -0.001606281501728864 0.0057366077224945732 -0.0028072454997648795 0.00059825634273389977 -0.0012808555774002648 -0.00014714429087729918 -0.0010687389804257287 0.0020493231888210018 0.001432094875384461 -0.0010299132336965865 -0.0012893740343196051 0.00023761407101119403 -0.00032816380231671938 0.00022497787494587748 0.00079103193187620487 0.0016338097284703205 0.00018626466558243222 0.00052140041673001615 0.0030485184974968433 -0.00089267040595101806 -0.00072880836263140478 0.00055054263818601608 -0.00077398422251765927 0.00020460350962821396 -0.00010289504909171509 0.00097203646062148943 -0.00013306465214011314 -0.0008335546051349605 0.00015916967704348887 0.00031723586734957418 -0.00021174332993105055 0.00098150473333791731 0.00045647911046846557 -0.00071271752121295623 -0.00033951843908170662 0.00017854017919851739 -0.00037875658763503585 -0.00028574921724571102 -0.00019126249896937316 -0.00051506865371872361 0.00047525953956037052 4.5153981217971213e-05 -0.00031975469869725847 -0.00019720505832904769
leaf_weight=11.999999999999998 21 21 60 21 24 45 13.499999999999998 31.5 33 45 35 96 91 107 64 24 65 42 20 30 47 40 36 80 39 36 87 33 60 39 75 36 52 48 49 51.5 27 111 81 48 21 65 42.5 31
leaf_count=6 21 21 30 21 24 45 6 15 24 21 14 93 60 58 26 24 40 20 18 30 24 19 20 44 27 21 60 18 54 27 51 21 28 37 24 30 24 46 38 33 18 28 24 17
internal_value=-8.97307e-12 0.00157619 -4.79017e-05 -0.000504013 3.4344e-05 -0.000541479 5.47822e-05 0.000190369 9.93708e-05 -1.73383e-05 1.98887e-05 2.73317e-05 1.23308e-06 -0.000149477 7.65881e-05 1.51306e-05 0.000259688 0.000542738 0.000991915 0.00023021 -0.000197739 -4.13567e-05 -0.000143751 -1.72697e-05 5.21172e-05 0.000413072 2.55845e-07 -0.000325699 9.75559e-05 0.0002221 4.05275e-05 0.000636085 0.000115554 -0.00011332 4.76681e-05 -0.000258489 -9.88403e-05 -0.000405317 5.44111e-06 -0.000260097 -5.12453e-06 0.000232092 -4.67527e-05 -0.000510428
internal_weight=2136 63 2073 42 2013 69 1944 675 643.5 1269 1224 610.5 1212 404 808 744 293 181 74 54 112 369 451 304 597 75 522 120 402 246 171 75 213 329 156 173 156 147 161 96 48 107 94 79
internal_count=1350 63 1287 42 1257 69 1188 492 477 696 675 453 669 223 446 420 184 120 72 54 64 209 236 170 447 48 399 78 321 192 144 48 110 190 82 108 129 66 82 75 42 48 54 54
is_linear=0
shrinkage=0.08


Tree=74
num_leaves=45
num_cat=0
split_feature=37 37 4 11 15 37 5 32 29 20 17 36 4 17 30 1 15 36 16 17 37 32 32 16 29 14 33 37 8 6 18 32 33 17 31 36 37 33 5 20 31 36 33 30
split_gain=0.0267978 0.415359 0.151591 0.143804 0.00529843 0.00474834 0.00870733 0.00216052 0.0017371 0.00170207 0.00240045 0.00164867 0.00382942 0.00347519 0.0034862 0.00377933 0.00868744 0.00474176 0.00313303 0.00252247 0.00235842 0.00186725 0.00338062 0.00177633 0.0016789 0.00160166 0.00157544 0.00155505 0.00272378 0.00249003 0.00136479 0.00132567 0.00127341 0.00117684 0.00114194 0.00103052 0.00222674 0.0010949 0.000978068 0.000908285 0.000771422 0.000728508 0.000670916 0.00066857
threshold=11.703076923076924 11.911538461538465 17.955000000000002 9.9200000000000017 -0.17500000000000157 17.475000000000005 11.832692307692311 26.000000000000004 8.7000000000000011 0.90000000000000013 3.7000000000000006 1.5000000000000002 17.650000000000002 1.7000000000000004 4.2000000000000011 15.345000000000001 2.1715384615384621 2.5000000000000004 6.0453846153846165 1.3 9.7850000000000019 8.4000000000000004 1.7000000000000004 7.0450000000000008 0.70000000000000007 7.3050000000000006 4.6000000000000005 9.7850000000000019 9.9200000000000017 10.045000000000002 7.6000000000000005 7.3000000000000016 3.9000000000000004 13.900000000000002 0.3000000000000001 2.5000000000000004 16.330000000000002 1.7000000000000004 10.105000000000002 5.0000000000000009 3.1000000000000005 2.5000000000000004 0.70000000000000007 6.5000000000000009
decision_type=2 2 2 2 2 2 2 2 2 2 2 2 2 2 2 2 2 2 2 2 2 2 2 2 2 2 2 2 2 2 2 2 2 2 2 2 2 2 2 2 2 2 2 2
left_child=2 -2 4 5 -1 7 -7 8 33 43 -11 18 13 19 15 16 -15 -18 -6 20 21 22 34 31 -24 26 42 29 -29 -27 32 -22 -16 35 41 39 37 -37 -30 -3 -36 -13 -20 -10
right_child=1 3 -4 -5 11 6 -8 -9 9 10 -12 12 -14 14 30 -17 17 -19 25 -21 23 -23 24 -25 -26 27 -28 28 38 -31 -32 -33 -34 -35 40 36 -38 -39 -40 -41 -42 -43 -44 -45
leaf_value=0.0016120468500863622 -0.0075910958484746516 -8.0182629129315808e-05 0.0047450509005122713 0.0066754800861790068 -0.0008906698202093442 -0.0018207604260425325 4.815750731489597e-05 0.00075037014748280243 -0.00031676733642126679 0.00061273173249598285 -0.0004868672539790472 -0.00033107524139008355 0.00060668019508873972 -0.00024090057180728764 0.00047205492057837548 0.00017047189529342897 0.00081706502408321422 0.0025171277051170664 -0.00032482676180318023 -0.00070320637512486439 -9.4533838356645509e-05 -0.00051140790991485122 0.00072808946574558361 0.00064337639987082555 5.5767166469355719e-05 0.00052954807373530727 -0.00059147599511738633 -0.00052350089401300033 0.00044974420583102765 -0.00010288208660980067 -0.00031504103857702732 0.00042370970723409716 -1.9228777270585012e-05 -0.00046607294119894505 8.5800993034527409e-05 0.00040620964124863003 0.00090220124328819421 -0.00028314678262298309 -8.7613265799439468e-05 0.0003795340205268825 -0.00042679912328500959 -0.00090816483899418797 8.335420488626422e-05 -0.0008654967340019843
leaf_weight=13.499999999999998 48 144 45 21 30 27 39 24 27 24 27 28 81 24 50 87 21 21 41.5 40 112 80 33 41 85 85 56.5 63.5 41 75 58 44 104 24 42 29 30 30 46 34 34 28 68 30
leaf_count=6 24 136 18 21 12 27 39 18 24 24 27 22 34 24 28 40 20 20 38 20 56 36 18 20 38 34 38 31 20 30 36 22 52 24 24 29 30 26 23 34 16 22 48 21
internal_value=3.50942e-12 -0.000476514 0.000168501 0.000193094 3.41601e-05 -8.52907e-05 -0.0007164 1.31802e-05 -3.1162e-05 -0.000305162 3.05911e-05 2.01413e-05 7.90652e-05 3.32103e-05 0.000225748 0.000516781 0.000973279 0.0016671 -9.77064e-05 -9.07339e-05 -4.42464e-05 -0.000175005 -6.73564e-05 0.000174791 0.00024379 -4.77821e-05 -0.000248377 5.94603e-05 -0.000125136 0.000233096 1.57102e-05 5.16374e-05 0.000140279 7.05286e-05 -0.000345502 0.000118762 0.00034103 5.56894e-05 0.000165624 7.62842e-06 -0.00014352 -0.00061962 -7.13445e-05 -0.000605572
internal_weight=2136 558 1578 510 1533 489 66 423 399 108 51 1519.5 1013 932 365 153 66 42 506.5 567 527 330 250 197 118 476.5 166 310.5 150.5 160 212 156 154 291 132 267 89 59 87 178 76 56 109.5 57
internal_count=1350 504 846 480 828 459 66 393 375 96 51 822 548 514 220 104 64 40 274 294 274 176 140 98 56 262 124 138 74 64 116 78 80 279 84 255 85 55 43 170 40 44 86 45
is_linear=0
shrinkage=0.08


Tree=75
num_leaves=45
num_cat=0
split_feature=37 11 4 37 15 37 5 35 9 18 18 37 22 22 34 34 0 30 11 16 34 30 34 33 17 20 18 9 0 19 34 33 17 31 2 1 0 16 30 4 22 0 34 17
split_gain=0.0226817 0.372384 0.128307 0.042094 0.00448459 0.00357103 0.00715967 0.00218644 0.0104618 0.0101652 0.00901153 0.00747978 0.00545936 0.0031344 0.00202997 0.0027202 0.00231024 0.00206013 0.00217438 0.00170623 0.00147181 0.00255776 0.00190937 0.00148326 0.00268548 0.00200126 0.00139688 0.00137363 0.0030725 0.00173992 0.00125288 0.00115291 0.00167994 0.00105916 0.000948694 0.00233807 0.000932425 0.000824095 0.000859113 0.00090358 0.000758756 0.000494635 0.000494026 0.000476298
threshold=11.703076923076924 9.8950000000000014 17.955000000000002 11.974615384615387 -0.17500000000000157 17.475000000000005 11.832692307692311 1.5000000000000002 11.245000000000003 15.500000000000002 15.500000000000002 9.7050000000000018 57.000000000000007 57.000000000000007 9.9000000000000039 3.5000000000000004 12.915000000000001 1.0000000000000002 6.2400000000000011 6.4000000000000012 72.000000000000014 18.200000000000003 53.900000000000013 11.100000000000001 1.7000000000000004 11.800000000000002 4.7000000000000002 10.025 17.020000000000003 0.90000000000000013 40.70000000000001 12.100000000000001 1.3 6.3000000000000016 16.685000000000006 16.525000000000002 16.165000000000003 6.705000000000001 1.0000000180025095e-35 16.330000000000002 5.4000000000000012 14.280000000000003 17.700000000000006 2.5000000000000004
decision_type=2 2 2 2 2 2 2 2 2 2 2 2 2 2 2 2 2 2 2 2 2 2 2 2 2 2 2 2 2 2 2 2 2 2 2 2 2 2 2 2 2 2 2 2
left_child=2 3 4 -2 -1 20 -7 8 9 13 11 12 14 26 15 -9 -16 36 -19 31 22 -22 23 25 -25 30 27 28 37 -29 40 32 -20 -28 35 -21 -18 -6 -39 41 -5 -40 43 -42
right_child=1 -3 -4 5 7 6 -8 10 -10 -11 -12 -13 -14 -15 16 -17 17 18 19 34 21 -23 -24 24 -26 -27 33 29 -30 -31 -32 -33 -34 -35 -36 -37 -38 38 39 -41 42 -43 -44 -45
leaf_value=0.0014830830858813394 0.0025786128476084696 -0.0076822247333724848 0.0043654468626611763 0.0002581750911268427 0.00019810829777270556 -0.0017118742355766395 4.4304905698085446e-05 -0.00019719795671717069 0.001349566619554978 0.0013497152735686135 -0.0013047363045107989 -0.00087148824147880084 0.00089621173996498355 -0.00063453891330544714 -0.0013275258470740584 0.00063212389968059679 -0.00071472098934464154 0.00082001970193925353 -0.00011517632231116294 -0.00038140194521596031 0.00075665160570116273 -0.00018451936542987824 -0.00057569223724735473 -0.00098588827208004651 0.00021088062712806276 -0.00059624513533587252 8.2885529487752e-05 4.4841126364190135e-05 0.00061449727267716772 -0.00051132345604451579 0.00058452187989575745 0.00038832025503118833 0.00041062870763597034 0.00071515487506985671 -0.00036423905052465551 0.00032484729972202331 -0.00016848292367325891 0.0002454754394112211 -0.00023172448715841812 -5.1762398010503289e-05 -3.4483637660741804e-05 -0.00067156203712026282 0.00011855212035394895 -0.00053124094537148876
leaf_weight=13.499999999999998 42 42 45 87 66 24 39 40.5 42 36 36 60 46.5 51 8.9999999999999982 67.5 36 21 150 60 42 33 39 24 24 24 39 72 54 72 39 75 52.5 30 97.5 60 45 33 36 102 30 30 48 21
leaf_count=6 21 33 18 87 33 24 39 36 21 27 27 24 33 33 9 36 27 21 60 24 30 24 39 21 24 24 27 36 27 36 39 30 21 18 39 24 18 27 36 51 30 21 48 21
internal_value=2.90425e-13 -0.000438393 0.000155021 0.000151222 3.14273e-05 -6.38637e-05 -0.000624716 1.853e-05 0.000127603 4.49577e-05 -6.59009e-05 -1.15462e-05 5.62994e-05 -3.53351e-05 1.5992e-06 0.000321128 -5.53466e-05 -3.6168e-05 2.2712e-05 -1.11131e-05 2.21063e-05 0.000342536 -4.94183e-05 1.96884e-05 -0.000387504 9.81833e-05 2.18922e-05 -2.795e-05 6.41432e-05 -0.000233241 0.000172256 0.00012038 2.11435e-05 0.000357785 -0.000178881 -2.82773e-05 -0.000411255 -4.71643e-05 -0.000127702 -0.000201004 8.58127e-05 -0.000431651 -6.56572e-05 -0.000239031
internal_weight=2136 558 1578 516 1533 474 63 1519.5 663 621 856.5 820.5 760.5 585 714 108 606 597 516 495 411 75 336 297 48 249 534 465 321 144 225 277.5 202.5 69 217.5 120 81 267 201 168 186 66 99 51
internal_count=1350 504 846 471 828 450 63 822 393 372 429 402 378 345 345 72 273 264 219 198 387 54 333 294 45 249 312 267 195 72 225 111 81 45 87 48 45 168 135 108 186 57 99 51
is_linear=0
shrinkage=0.08


Tree=76
num_leaves=45
num_cat=0
split_feature=37 26 10 6 37 37 4 4 34 33 37 37 10 32 21 33 9 19 10 33 37 37 37 37 0 37 19 18 18 33 0 37 10 29 21 33 30 19 31 29 37 29 32 21
split_gain=0.0252607 0.0857571 0.0718233 0.00467312 0.0022667 0.00317028 0.0204215 0.009813 0.00952596 0.00228519 0.00196973 0.00184361 0.00233266 0.00125545 0.00259521 0.00186626 0.00158227 0.0015136 0.001504 0.00134076 0.00124872 0.0025437 0.00198131 0.0015493 0.00412972 0.00266492 0.0137157 0.00644851 0.00629049 0.00443052 0.00332302 0.000904476 0.0011485 0.00138113 0.000865301 0.00127429 0.000823282 0.000772981 0.000761419 0.000850221 0.000676976 0.0010726 0.000963331 0.000604177
threshold=17.545000000000005 2.3000000000000003 9.9550000000000018 11.974615384615387 17.150000000000002 9.9350000000000005 17.965000000000003 17.890000000000004 112.70000000000003 3.9000000000000004 9.9650000000000016 9.7950000000000017 9.7700000000000014 10.800000000000002 0.90000000000000013 11.4 10.065000000000003 0.90000000000000013 8.6200000000000028 3.7000000000000006 2.2750000000000004 2.5300000000000007 2.8800000000000003 3.7450000000000006 14.280000000000003 5.535000000000001 14.600000000000001 11.800000000000002 17.200000000000006 2.1000000000000005 14.005000000000001 6.8050000000000006 7.4050000000000011 6.9000000000000012 1.3 15.100000000000001 9.9000000000000004 3.7000000000000006 0.70000000000000007 2.3000000000000003 8.7750000000000004 8.7000000000000011 6.1000000000000005 3.0000000000000004
decision_type=2 2 2 2 2 2 2 2 2 2 2 2 2 2 2 2 2 2 2 2 2 2 2 2 2 2 2 2 2 2 2 2 2 2 2 2 2 2 2 2 2 2 2 2
left_child=2 -2 4 -3 5 7 8 11 10 -6 -7 12 20 15 -15 17 -16 19 -17 43 -1 -22 -23 24 -24 26 29 31 -29 30 -25 37 33 -33 35 40 -36 -27 -19 -40 42 -42 -34 -12
right_child=1 3 -4 -5 9 6 -8 -9 -10 -11 13 -13 -14 14 16 18 -18 38 -20 -21 21 22 23 25 -26 27 -28 28 -30 -31 -32 32 34 -35 36 -37 -38 -39 39 -41 41 -43 -44 -45
leaf_value=-0.0011365868399540583 0.0057697116468279136 -0.0010558544658124448 -0.0028506199192059665 0.00053533818661457015 -0.0011210107273100652 -0.00093962696415406685 0.0021737224567267631 -0.0013045656601587932 0.001411425770457947 -0.00011034509324882593 0.00015162940626629653 -0.00035618021068247878 0.00065591621448596316 0.00068184007214431067 0.00027168039572037135 -0.0001131674029271711 -0.0004299342973778645 -0.00054600752019420416 -0.00077462543761639888 0.00051826525270007545 0.0011790614606191714 -0.00071091639615284904 -4.9068806637522014e-05 0.00030362154419223469 0.0013249304571322032 -1.1926903200758346e-05 -0.0022101153260362999 8.7524253626664481e-05 0.0016210321353245822 0.00099436300729090969 -0.00088710095878923316 -0.0005016671195693746 -1.0317988693714143e-05 1.9707950740689185e-05 4.4490257588525613e-05 0.00031597612798213957 0.00041784215842684112 0.00058540621155611519 0.00019872156291396594 -0.00022134533474365108 -0.00010926830405289115 0.00028908412278353892 -0.0004403873248025775 -0.00025078855586859085
leaf_weight=5.9999999999999991 21 27 57 21 21 13.499999999999998 31.5 37.5 33 45 117 82.5 37.5 54 48 66 36 24 33 60 11.999999999999998 24 42 30 21 27 21 37.5 31.5 24 30 69 60 61.5 135 52.5 52.5 28.5 51 78 217.5 54 75 30
leaf_count=6 21 27 27 21 21 6 15 15 24 45 102 39 18 33 39 45 21 21 18 39 12 24 42 30 21 18 21 18 24 24 30 33 24 27 54 21 21 24 45 60 96 24 30 24
internal_value=1.8269e-12 0.00150577 -5.02651e-05 -0.000359708 2.91479e-05 4.48015e-05 0.000184879 -2.9708e-05 8.75235e-05 -0.000431921 1.59612e-05 9.11222e-06 3.53408e-05 3.757e-05 0.000249148 -2.60416e-05 -2.90116e-05 5.85516e-05 -0.000333653 0.000199579 1.44037e-05 2.06506e-05 7.93827e-06 2.40696e-05 0.000408931 -2.00292e-08 -0.000381448 4.44059e-05 0.000787604 7.57182e-05 -0.00029174 -1.71925e-05 -3.94785e-05 -0.000255962 4.21996e-06 -5.4934e-05 0.000149029 0.000294812 -0.00013225 -5.52724e-05 -0.000102837 -3.0038e-05 -0.000249245 6.95033e-05
internal_weight=2136 69 2067 48 2010 1944 675 1269 643.5 66 610.5 1231.5 1149 597 138 459 84 360 99 207 1111.5 1105.5 1093.5 1069.5 63 1006.5 105 901.5 69 84 60 832.5 777 130.5 646.5 459 187.5 55.5 153 129 406.5 271.5 135 147
internal_count=1350 69 1281 48 1254 1188 492 696 477 66 453 681 642 447 93 354 60 291 63 165 624 618 606 582 63 519 105 414 42 84 60 372 330 60 270 195 75 42 126 105 174 120 54 126
is_linear=0
shrinkage=0.08


Tree=77
num_leaves=45
num_cat=0
split_feature=37 31 4 28 3 35 0 6 36 35 14 16 0 37 17 22 20 37 14 16 3 0 33 37 3 37 37 31 20 30 4 14 37 17 17 0 20 34 34 37 33 35 31 31
split_gain=0.0216792 0.107031 0.064936 0.00493219 0.00274776 0.00659655 0.0205568 0.00167643 0.00144341 0.00390065 0.00554247 0.00514447 0.00789098 0.0053479 0.00492184 0.0038526 0.00361855 0.00336415 0.00372364 0.00272067 0.00186809 0.00110944 0.000793418 0.000620288 0.00345592 0.0010991 0.00191525 0.000840286 0.000723283 0.000588365 0.000546984 0.000533215 0.000514846 0.00452017 0.00255938 0.000944669 0.000651656 0.000730466 0.000691151 0.000506511 0.000552687 0.00042529 0.00117894 0.00162126
threshold=17.475000000000005 2.5000000000000004 17.955000000000002 60.800000000000004 17.590000000000003 1.5000000000000002 17.845000000000002 11.974615384615387 2.5000000000000004 1.5000000000000002 7.5250000000000012 6.8850000000000025 14.875000000000002 14.875000000000002 8.9000000000000021 39.100000000000016 3.7000000000000006 10.105000000000002 7.8350000000000009 6.8000000000000025 17.475000000000005 14.005000000000001 5.5000000000000009 16.195000000000004 16.525000000000002 2.3250000000000006 2.5300000000000007 22.000000000000004 19.300000000000004 3.3000000000000003 16.155000000000005 7.455000000000001 6.8050000000000006 12.900000000000002 12.900000000000002 14.200000000000001 5.9000000000000012 34.600000000000009 43.900000000000013 9.1850000000000005 5.0000000000000009 1.5000000000000002 8.8000000000000025 3.5000000000000004
decision_type=2 2 2 2 2 2 2 2 2 2 2 2 2 2 2 2 2 2 2 2 2 2 2 2 2 2 2 2 2 2 2 2 2 2 2 2 2 2 2 2 2 2 2 2
left_child=2 -2 4 -3 8 6 -6 -7 20 11 14 16 21 -14 15 -11 17 -10 -19 -12 23 -13 -18 25 -25 -1 -27 28 30 -23 32 -26 33 35 36 -28 38 -38 39 -34 -41 42 43 -32
right_child=1 3 -4 -5 5 7 -8 -9 9 10 19 12 13 -15 -16 -17 22 18 -20 -21 -22 29 -24 24 31 26 27 -29 -30 -31 41 -33 34 -35 -36 -37 37 -39 -40 40 -42 -43 -44 -45
leaf_value=-0.00093984316568821672 0.0061914395651824416 -0.0010579695966508654 -0.0022697093198363336 0.00048474835586689771 0.0022218084932328799 -0.00038925451754281921 -0.00013745744014158844 0.00020877502982815106 -0.0001637827807515409 0.00016102776658954098 -0.00020127559012987395 0.00039461776588319079 0.0017440017679349539 0.00029580034380778669 -0.00067079622712400231 0.0012559990659356118 -0.00021309110124341466 0.00016554028774874333 0.0014015209895128814 -0.00094914234057068823 -0.00058050573896616705 -0.00052436545593081973 -0.00078154290219148003 -0.0011550511820241809 0.00037842070218175651 0.0017486348468810321 -2.4197301459743787e-06 0.00030794710485049741 -0.00035098416151524317 8.927401149412618e-05 -0.00010201122949233237 -9.8554197257423468e-05 -0.00033422447612573361 0.00093972989358007911 -0.00072373593396439062 -0.00046820667977458057 -7.8639602742907482e-05 0.00041520724862089591 -0.0004638346386491321 -7.148645214329008e-05 0.00037868216303953281 0.00011543253416364844 -0.00031792763112620872 0.00041496272222138941
leaf_weight=7.9999999999999991 21 36 81 21 39 60 60 60 62 56 82.5 36 47 25 27 32.5 33 39 26 50 40 20 30 20 20 3.9999999999999991 76 52 41 20 110 60 29 29 41 44 41 36 32 64 24 275 66 60
leaf_count=8 21 36 36 21 21 24 30 24 31 38 33 36 25 25 18 19 22 29 23 20 20 20 20 20 20 4 76 30 34 20 60 60 12 26 34 38 26 22 18 56 18 110 34 32
internal_value=-9.51611e-12 0.00130914 -4.96176e-05 -0.0004896 4.13421e-05 0.000308559 0.00079195 -9.02397e-05 8.05408e-06 0.00011057 -0.000130388 0.000287368 0.000640997 0.00124115 0.000274684 0.000563136 1.19094e-05 0.000257804 0.000659933 -0.000483489 -4.32038e-05 7.24265e-05 -0.000483782 -2.42179e-05 -0.000214459 -5.78372e-06 1.51362e-06 -5.33783e-06 -2.21672e-05 -0.000217546 -7.62405e-06 2.06895e-05 -7.57326e-05 4.34038e-05 -0.000142217 -0.000173208 -3.67201e-05 0.00015225 -0.000134376 -4.42673e-05 5.12868e-05 4.78224e-05 -3.09606e-05 8.04502e-05
internal_weight=2136 78 2058 57 1977 219 99 120 1758 586 248 338 148 72 115.5 88.5 190 127 65 132.5 1172 76 63 1132 100 1032 1024 1020 968 40 927 80 416 149 267 120 226 77 149 117 88 511 236 170
internal_count=1350 78 1272 57 1236 99 51 48 1137 379 128 251 126 50 75 57 125 83 52 53 758 76 42 738 100 638 630 626 596 40 562 80 326 140 186 114 152 48 104 86 74 236 126 92
is_linear=0
shrinkage=0.08


Tree=78
num_leaves=45
num_cat=0
split_feature=37 10 10 36 9 11 35 11 11 13 12 16 2 29 6 32 32 17 35 32 33 36 5 18 0 0 37 37 37 0 0 11 29 37 37 37 29 21 32 21 37 29 37 16
split_gain=0.021626 0.398781 0.187977 0.0219973 0.170291 0.149512 0.00525271 0.00466495 0.00529203 0.00433194 0.00445058 0.0042073 0.00308858 0.00308514 0.00143215 0.00115295 0.00103089 0.000971956 0.00546668 0.000993451 0.00138211 0.00114901 0.00110816 0.000748266 0.000608403 0.00189017 0.000787748 0.00237809 0.00400191 0.00087047 0.000704913 0.000602563 0.000474777 0.000548814 0.000591163 0.000965738 0.000691781 0.000406304 0.00147285 0.00044837 0.000392607 0.000730415 0.000578801 0.000784292
threshold=11.703076923076924 9.9550000000000018 9.9550000000000018 2.5000000000000004 11.992692307692311 9.8250000000000011 1.0000000180025095e-35 9.8950000000000014 9.7450000000000028 7.455000000000001 8.7350000000000012 6.1300000000000008 17.365000000000006 2.8000000000000003 11.911538461538465 16.100000000000005 10.300000000000002 17.200000000000006 1.5000000000000002 12.800000000000002 10.300000000000002 1.5000000000000002 11.941153846153847 15.500000000000002 12.915000000000001 13.095000000000002 3.0500000000000003 4.9500000000000011 4.0150000000000015 14.390000000000002 13.775000000000002 7.6950000000000012 7.8000000000000007 10.115 6.6650000000000009 7.4050000000000011 4.6000000000000005 3.3000000000000003 3.1000000000000005 6.4000000000000012 9.5600000000000005 2.5000000000000004 9.1850000000000005 6.21
decision_type=2 2 2 2 2 2 2 2 2 2 2 2 2 2 2 2 2 2 2 2 2 2 2 2 2 2 2 2 2 2 2 2 2 2 2 2 2 2 2 2 2 2 2 2
left_child=2 3 7 5 9 6 12 8 17 13 11 -11 15 -5 -14 16 37 19 -19 22 21 -21 23 24 -1 -26 30 28 -28 -29 -27 -23 33 34 -31 -36 40 38 -2 -39 42 -42 43 -37
right_child=1 -3 -4 4 -6 -7 -8 -9 -10 10 -12 -13 14 -15 -16 -17 -18 18 -20 20 -22 31 -24 -25 25 26 27 29 -30 32 -32 -33 -34 -35 35 36 -38 39 -40 -41 41 -43 -44 -45
leaf_value=-0.00045921062998887567 3.0139101028908042e-05 -0.010516072778652113 0.0054316828758012329 0.00027233957148650116 -0.0074665661864647907 0.0067764033631167635 0.00067449121677782393 0.00078323198365978894 -0.00073557814326329475 0.00044886522209988195 -1.9138749644515058e-05 0.0019922305699437855 -0.0012063446481867383 -0.00079764708224683994 -0.00028972289705416187 -0.00064000595582183446 0.00042999861895805225 0.0011575990522073375 -0.00043092559565577587 -0.00034200711436169125 -0.00045827663717446502 0.00039556126236110122 0.00045693500488996506 0.00034616742751538934 0.0010081705978761118 -0.00058822780882042869 0.0013939549490099862 -0.00043985763898429775 4.3218925647023654e-06 0.00029921915226926407 -1.0144025242576997e-05 -2.0481227381554035e-05 7.8440940758549323e-05 0.00021612220404980083 -0.00045992319414645065 0.00015553606087059685 -0.00022282048045960058 0.00029813975095748901 -0.00057474779191819076 -0.00011908102958627483 -0.00019956490864706598 0.0001670299582371507 0.00029536993318312878 -0.00021683912618952538
leaf_weight=18 80 24 42 34 21 22 56 48 63 26 42 20 24 35 20 20 30 27 28.5 46.5 67.5 37 37.5 42 11.999999999999998 27 21 30 36 27 27 56 310.5 48 40.5 82.5 117 32 38 34 117 49.5 55.5 64.5
leaf_count=18 80 18 18 34 14 18 28 21 27 23 36 20 24 35 20 20 30 24 24 22 33 20 15 24 12 27 21 30 36 18 27 24 147 24 18 33 51 32 38 34 57 24 24 27
internal_value=8.59726e-12 -0.000428069 0.00015137 2.53244e-05 -0.000700813 0.000388393 -3.23741e-05 6.9869e-06 -1.80533e-05 0.00020416 0.000576265 0.00111989 -0.000174764 -0.000270407 -0.000789698 -5.91356e-05 -4.84866e-06 1.36689e-05 0.00034187 3.68287e-07 -0.000161102 -1.73083e-05 2.91205e-05 1.486e-05 2.01151e-06 9.80681e-06 -1.57056e-06 1.45168e-05 0.000516292 -1.58454e-05 -0.000299186 0.000145041 -1.89766e-06 -4.33692e-05 -6.58725e-05 -8.45952e-05 -5.33178e-05 -7.57477e-05 -0.000164655 8.32078e-05 4.26887e-07 -9.05772e-05 7.52525e-05 -7.85305e-06
internal_weight=2136 558 1578 534 178 356 334 1536 1488 157 88 46 278 69 44 234 214 1425 55.5 1369.5 207 139.5 1162.5 1125 1083 1065 1053 999 57 942 54 93 912 601.5 553.5 526.5 486 184 118 66 369 166.5 202.5 147
internal_count=1350 504 846 486 162 324 306 828 807 148 79 43 278 69 44 234 214 780 48 732 99 66 633 618 594 576 564 510 57 453 54 44 423 276 252 234 216 184 118 66 165 81 84 60
is_linear=0
shrinkage=0.08


Tree=79
num_leaves=45
num_cat=0
split_feature=37 28 10 16 0 37 6 5 37 16 4 34 34 37 37 6 15 14 33 17 22 34 22 37 34 37 31 15 29 15 28 34 22 31 29 15 15 30 37 37 29 29 37 37
split_gain=0.0243103 0.111549 0.0857261 0.00454709 0.00220643 0.0155556 0.0295114 0.00531057 0.00131805 0.0298718 0.0177357 0.00243854 0.00154095 0.00137581 0.00119365 0.00357842 0.00262745 0.00180268 0.00117659 0.00195282 0.00130399 0.00106864 0.00101512 0.00543138 0.00238969 0.00227404 0.00457633 0.000989696 0.000912574 0.00084148 0.000990624 0.00077323 0.000714089 0.000548452 0.000610636 0.00060949 0.000766728 0.000717693 0.00169132 0.000696937 0.000973214 0.000571401 0.000709301 0.000938314
threshold=17.475000000000005 36.700000000000003 9.9550000000000018 5.9461538461538463 17.775000000000002 11.575000000000001 11.941153846153847 11.941153846153847 10.875000000000002 6.0453846153846165 17.545000000000005 72.000000000000014 53.900000000000013 10.115 9.7950000000000017 9.8750000000000018 -0.065000000000001265 7.8350000000000009 11.100000000000001 1.5000000000000002 5.4000000000000012 0.80000000000000016 50.300000000000004 4.1100000000000003 33.600000000000001 6.1500000000000012 8.1000000000000014 2.0249999999999999 8.9000000000000021 3.1550000000000007 13.700000000000001 21.900000000000006 11.300000000000002 15.100000000000001 12.300000000000002 2.2050000000000001 1.5100000000000002 0.50000000000000011 9.5050000000000008 8.7150000000000016 8.7000000000000011 1.5000000000000002 3.1100000000000008 5.0400000000000009
decision_type=2 2 2 2 2 2 2 2 2 2 2 2 2 2 2 2 2 2 2 2 2 2 2 2 2 2 2 2 2 2 2 2 2 2 2 2 2 2 2 2 2 2 2 2
left_child=2 -2 4 -3 8 7 -7 -6 9 -1 11 12 18 14 16 -16 -11 32 20 -20 27 -18 29 -24 -25 -26 -27 -10 31 30 33 -22 -17 34 35 36 37 38 -23 -39 -41 42 -38 -44
right_child=1 3 -4 -5 5 6 -8 -9 10 13 -12 -13 -14 -15 15 17 21 -19 19 -21 28 22 23 24 25 26 -28 -29 -30 -31 -32 -33 -34 -35 -36 -37 41 39 -40 40 -42 -43 43 -45
leaf_value=0.0050778139283259704 0.0063705958834006675 0.00048552717481340678 -0.0031979414660276641 -0.00099573930025346471 -0.0009369507863940228 0.002623219530852068 -0.00020425702971233812 0.00013585147227126139 0.00012903933465066884 0.00099158563547664235 -0.0023850903737669192 0.00055288385103146242 -0.00047905762451609559 0.00043518669321201741 -0.00073672494299157904 0.00046973501332104207 0.0010813780749837558 -0.00035489293574183074 -0.00094752194448595949 -1.3242865498695109e-05 -0.00018615633616910168 0.00057938282538987237 -0.0010226242988192965 -7.3527049373936013e-05 0.0011247496857223185 0.00093058776524331845 -0.00038977699327843432 0.00068731865659356112 -0.00038630428402462887 0.0002179703490074837 -0.00031285394747939072 0.00019843903309119476 3.9638396740580596e-05 0.00027787504444519678 -0.00035016486247380573 0.00011494120657700329 -0.000405450467009186 -0.00035809779788057008 -9.3153227591025447e-05 -0.00011588889688658023 0.00030908599095318909 -0.00056461999065005313 0.00034895651399468382 -0.00024134030646104138
leaf_weight=7.4999999999999991 21 21 54 36 52.5 42 54 67.5 63 18 21 45 51 48 54 42 5.9999999999999991 54 21 45 57 40.5 21 55.5 33 36 31.5 30 42 82.5 82.5 81 60 37.5 37.5 163.5 42 45 58.5 133.5 46.5 25.5 30 40.5
leaf_count=3 21 21 24 36 21 21 27 27 63 9 18 39 45 24 24 21 6 27 18 36 57 27 21 33 33 21 21 30 36 33 33 72 30 15 15 78 42 36 27 60 21 21 30 27
internal_value=3.53046e-12 0.00138631 -5.25423e-05 -0.00045001 3.2214e-05 0.000273729 0.00103276 -0.0003335 3.03774e-06 4.32264e-05 -0.000114355 -4.73367e-06 -6.90742e-05 1.47179e-05 -1.09287e-06 -0.000175429 3.3235e-05 1.88651e-05 -7.39523e-06 -0.000310513 6.58861e-05 1.67826e-05 1.06555e-05 0.000185221 0.000347815 0.000580497 0.000314418 0.000309129 -5.97896e-05 -2.50442e-05 -5.06491e-05 3.95844e-05 0.000216737 -1.97685e-05 -3.66035e-05 -1.78049e-05 -6.47832e-05 2.47676e-06 0.000181975 -7.65025e-05 -6.10372e-06 -0.000222698 -0.000145196 9.84983e-06
internal_weight=2136 78 2058 57 2004 216 96 120 1788 1332 456 435 390 1324.5 1276.5 210 1066.5 156 339 66 273 1048.5 1042.5 177 156 100.5 67.5 93 180 865.5 783 138 102 700.5 663 625.5 462 324 99 225 180 138 112.5 70.5
internal_count=1350 78 1272 57 1248 96 48 48 1152 738 414 396 357 735 711 102 609 78 312 54 258 600 594 129 108 75 42 93 165 465 432 129 51 399 384 369 291 171 54 117 81 120 99 57
is_linear=0
shrinkage=0.08


Tree=80
num_leaves=45
num_cat=0
split_feature=37 1 11 25 37 22 37 37 14 14 37 34 34 14 32 21 9 33 25 31 34 31 29 31 32 16 22 32 37 37 37 33 32 15 1 31 33 35 16 22 14 33 32 25
split_gain=0.0214233 0.0830335 0.0568356 0.00504857 0.00239583 0.0028293 0.00266048 0.0827141 0.0465261 0.0241075 0.00651576 0.00535824 0.00522498 0.00138149 0.00153606 0.00250484 0.00144958 0.00153129 0.00107084 0.00165324 0.00104232 0.00102654 0.00251279 0.00174661 0.00124677 0.00281373 0.00128627 0.00106421 0.00255535 0.0017534 0.00116348 0.000946017 0.000896987 0.000885702 0.000690941 0.000575217 0.00090517 0.000842933 0.000611793 0.000481234 0.000400511 0.000346416 0.000348399 0.000337538
threshold=17.545000000000005 17.775000000000002 9.9550000000000018 8.7000000000000011 17.150000000000002 9.3000000000000025 9.9350000000000005 9.9650000000000016 9.5600000000000005 9.3000000000000025 9.7950000000000017 74.200000000000017 112.70000000000003 8.8250000000000011 8.4000000000000004 0.90000000000000013 10.065000000000003 5.5000000000000009 1.9000000000000001 1.5000000000000002 15.800000000000002 3.9000000000000004 22.000000000000004 5.1000000000000005 3.3000000000000003 7.4750000000000023 29.300000000000004 4.2000000000000011 7.4050000000000011 7.6250000000000009 6.5250000000000012 1.5000000000000002 6.1000000000000005 2.2050000000000001 13.485000000000001 0.3000000000000001 1.3 1.5000000000000002 8.9800000000000022 9.5000000000000018 7.8950000000000005 4.2000000000000011 3.5000000000000004 6.2000000000000011
decision_type=2 2 2 2 2 2 2 2 2 2 2 2 2 2 2 2 2 2 2 2 2 2 2 2 2 2 2 2 2 2 2 2 2 2 2 2 2 2 2 2 2 2 2 2
left_child=2 -2 4 -3 6 -6 10 -8 9 12 21 -12 13 14 18 -16 17 -17 19 20 -9 22 24 -23 26 40 33 29 30 -25 -29 -21 -30 34 -1 38 37 -37 -36 -33 -26 -41 -43 -34
right_child=1 3 -4 -5 5 -7 7 8 -10 -11 11 -13 -14 -15 15 16 -18 -19 -20 31 -22 23 -24 27 25 -27 -28 28 32 -31 -32 39 43 -35 35 36 -38 -39 -40 41 -42 42 -44 -45
leaf_value=0.00032109636283065706 0.0055823733231851035 -0.0013792317735386037 -0.0024724976102200647 0.00027464507009696074 -0.0011427123592390369 -3.8730002617320189e-05 0.0051121798228649859 -4.1083235905141754e-05 -0.0025643738479231527 0.0023993407747087379 -0.0010967962719529631 6.9746711136152345e-05 0.0010523916081045612 -0.00042486096499487757 0.00066770816400336724 -0.00013764943725739918 -0.00039271029178053143 0.00069280022444824388 -0.00031382900636850133 -8.9794517969529994e-05 -0.00055292118638236489 -0.00044960599392652512 0.00079335208923097644 0.00051583460950029969 0.00016402821898498017 0.00080604122463791142 -0.00038372933556308489 -9.9384671775624165e-05 0.00035329272078039745 -3.8168567782029127e-05 -0.00073840358765215003 0.00064302027768765879 7.0673234701629678e-05 0.00040316437029590209 -6.6250534953489422e-05 -7.6058407365861862e-06 -0.00013606989781061809 0.00054577023455657176 -0.00045466420240700248 0.00046180905467675378 -0.0001044428402239138 0.00032163911514605087 -6.3912986777722841e-05 -0.00014580405199538088
leaf_weight=36 21 21 60 27 24 39 21 87 42 30 63 42 33 42 60 30 36 27 72 51 36 63 31.5 58.5 99 42 54 30 48 97.5 46.5 24 94.5 37.5 93 36 75 34.5 36 30 55.5 30 30 90
leaf_count=36 21 21 30 27 24 39 9 78 36 21 27 21 24 30 36 24 21 21 36 42 30 30 15 36 45 39 39 30 21 42 24 15 39 21 54 24 33 21 36 24 24 27 21 36
internal_value=1.15898e-12 0.00138669 -4.629e-05 -0.000448926 2.62424e-05 -0.000459295 4.19774e-05 0.00016943 1.2161e-05 0.000187265 -2.67443e-05 -0.000630179 7.44043e-05 1.62537e-05 5.23684e-05 0.000264713 4.71562e-06 0.000255721 -3.7878e-05 3.11098e-05 -0.000190889 2.79713e-05 9.69271e-05 -5.43055e-05 6.02732e-05 0.000225425 -2.04538e-05 -7.48626e-07 -8.67411e-05 0.000169583 -0.000487808 0.0001966 4.52228e-05 3.59165e-05 -8.43711e-06 -5.16546e-05 5.73885e-05 0.000263195 -0.000174645 0.000324724 6.75872e-05 0.000239845 0.000128863 -3.49254e-05
internal_weight=2136 69 2067 48 2007 63 1944 681 660 618 1263 105 588 555 513 153 93 57 360 288 123 1158 630 528 598.5 196.5 402 465 309 156 76.5 165 232.5 348 310.5 274.5 145.5 70.5 129 114 154.5 90 60 184.5
internal_count=1350 69 1281 48 1251 63 1188 495 486 450 693 48 429 405 375 102 66 45 273 237 108 645 387 258 372 108 264 228 150 78 54 129 96 225 204 168 78 45 90 87 69 72 48 75
is_linear=0
shrinkage=0.08


Tree=81
num_leaves=45
num_cat=0
split_feature=37 10 10 36 14 11 14 5 31 37 26 11 11 0 6 34 17 29 29 18 37 15 21 16 17 21 16 37 33 3 30 21 26 37 33 33 29 37 18 15 16 36 34 37
split_gain=0.0202041 0.348452 0.18203 0.0186185 0.175792 0.132712 0.00621049 0.00510467 0.00448647 0.00448266 0.00411873 0.00340518 0.00341498 0.00249999 0.00221938 0.00138566 0.00116713 0.00101092 0.00155455 0.00222846 0.00179809 0.00907697 0.0015133 0.00100446 0.00105835 0.000947884 0.000685228 0.000591373 0.000551252 0.000723022 0.000454929 0.000446917 0.00046571 0.000479036 0.00113262 0.00097601 0.00150434 0.000805577 0.00113468 0.000789573 0.00055474 0.00103039 0.00158589 0.00258831
threshold=11.703076923076924 9.9550000000000018 9.9550000000000018 2.5000000000000004 9.4850000000000012 9.8250000000000011 7.5750000000000002 11.911538461538465 10.300000000000002 17.430000000000003 5.8000000000000007 9.8950000000000014 9.7450000000000028 16.165000000000003 11.911538461538465 74.200000000000017 2.1000000000000005 27.500000000000004 23.000000000000004 19.300000000000004 4.8450000000000006 2.2350000000000008 7.6000000000000005 7.7400000000000011 2.5000000000000004 3.0000000000000004 8.9800000000000022 6.5250000000000012 15.100000000000001 17.100000000000005 11.700000000000001 15.500000000000002 11.400000000000002 9.9050000000000029 1.7000000000000004 6.3000000000000016 6.0000000000000009 6.9350000000000014 10.000000000000002 3.1550000000000007 6.0700000000000012 2.5000000000000004 38.400000000000006 9.1850000000000005
decision_type=2 2 2 2 2 2 2 2 2 2 2 2 2 2 2 2 2 2 2 2 2 2 2 2 2 2 2 2 2 2 2 2 2 2 2 2 2 2 2 2 2 2 2 2
left_child=2 3 11 5 6 9 13 8 -8 10 15 12 17 16 -11 28 -5 18 19 20 21 22 25 27 -25 26 -1 -22 29 30 -2 32 33 37 -35 -36 -37 -29 39 40 -39 -42 43 -43
right_child=1 -3 -4 4 -6 -7 7 -9 -10 14 -12 -13 -14 -15 -16 -17 -18 -19 -20 -21 23 -23 -24 24 -26 -27 -28 31 -30 -31 -32 -33 -34 34 35 36 -38 38 -40 -41 41 42 -44 -45
leaf_value=0.0003291939478367567 -7.8635981672529231e-05 -0.0098437027695278331 0.0053424308989494986 0.0005157409568782896 -0.0075321544733430662 0.0063624938145618549 0.00060168911536623325 -6.0409147913257276e-05 0.0021485521838448701 -0.0013795894138853659 0.00073622803785838192 0.00066742950119078157 -0.00059355959488404178 -0.0010161597589030862 -0.00021518411158467644 -0.00071246583783067768 -0.00023927493443663578 -0.00031307171743052704 0.00053040236830711367 -0.00055504046369815011 0.0003699837720609809 0.0018303096817717664 -0.0005377381845998267 -7.1395052752147116e-06 -0.0006975366968523573 0.0004985159206100636 -0.0002066635896751125 -0.00047643564641475678 -0.00036380949788368663 0.00042119283564926054 0.00032723620859906078 -0.00023034417636546436 -0.00020962451176162353 -0.00016492059896700085 0.00047774810597977856 0.00037866615767901145 -0.00027693463201146752 0.00017058215035056627 0.00038531756804635131 0.00025903767316291733 5.9727137801488051e-06 0.00041066515992613554 -0.00050812120463032988 -0.00040125417818436053
leaf_weight=24 152 24 42 20 21 22 28 30 21 22 48 48 63 20 20 20 38 60 37.5 43.5 28.5 21 24 30 27 36 42 22.5 26 26 20 51 57 60 66 48 42 67.5 48 60 353 47 75.5 54
leaf_count=24 152 18 18 20 19 18 27 20 18 22 28 21 27 20 20 20 38 30 18 36 24 21 24 30 27 36 42 9 20 24 20 24 24 30 33 24 21 27 24 24 152 19 32 25
internal_value=-4.04674e-13 -0.000413757 0.00014631 1.00607e-05 -0.000657986 0.000344084 0.000261489 0.000761451 0.00126463 -5.23383e-05 5.88139e-05 4.22809e-06 -1.71655e-05 -0.000244882 -0.000825111 -7.44479e-05 2.10754e-05 8.31719e-06 2.24442e-05 8.09507e-06 2.71733e-05 0.000290464 3.38225e-05 -6.86691e-06 -0.00033417 0.000168307 -1.18063e-05 1.04074e-05 -1.7482e-05 2.79953e-05 -3.14415e-05 6.61399e-07 1.24368e-05 2.58523e-05 0.000130467 0.000244078 7.27191e-05 -5.20859e-06 9.83057e-06 -1.76023e-05 -4.54053e-05 -7.29391e-05 -0.000230763 -2.34303e-05
internal_weight=2136 558 1578 534 178 356 157 79 49 334 292 1536 1488 78 42 244 58 1425 1365 1327.5 1284 147 126 1137 57 102 66 1080 224 198 172 1051.5 1000.5 943.5 216 156 90 727.5 705 657 597 529.5 176.5 101
internal_count=1350 504 846 486 162 324 143 65 45 306 264 828 807 78 42 236 58 780 750 732 696 147 126 549 57 102 66 492 216 196 172 468 444 420 108 78 45 312 303 279 255 228 76 44
is_linear=0
shrinkage=0.08


Tree=82
num_leaves=45
num_cat=0
split_feature=37 34 10 16 37 4 4 27 4 4 34 34 9 20 33 36 15 5 15 37 20 15 34 4 33 17 37 20 37 21 34 20 22 36 21 37 37 15 14 37 37 34 9 22
split_gain=0.0221482 0.108821 0.0746426 0.00456743 0.00147212 0.022949 0.0079618 0.00200917 0.00148145 0.00340731 0.00136942 0.00130249 0.00130859 0.00114673 0.00109202 0.000824934 0.00315869 0.00506583 0.00369217 0.00218816 0.00290623 0.00173867 0.00248454 0.0017122 0.00150615 0.00128012 0.00129591 0.00102816 0.000899317 0.000684796 0.000996567 0.000593203 0.000811242 0.000681414 0.000559357 0.000541071 0.000854491 0.000808615 0.000624726 0.00144161 0.000776537 0.00137319 0.00058762 0.00057019
threshold=17.475000000000005 35.100000000000009 9.9550000000000018 5.9461538461538463 11.802307692307695 17.935000000000006 17.935000000000006 11.400000000000002 17.630000000000006 17.400000000000002 72.000000000000014 53.900000000000013 10.085000000000003 14.600000000000001 11.100000000000001 2.5000000000000004 2.475000000000001 8.6300000000000008 2.2850000000000006 7.4800000000000013 3.7000000000000006 2.2350000000000008 21.900000000000006 17.650000000000002 2.5000000000000004 1.0000000180025095e-35 9.3250000000000011 19.300000000000004 2.3250000000000006 11.500000000000002 46.100000000000009 5.9000000000000012 5.4000000000000012 2.5000000000000004 8.9000000000000021 10.105000000000002 9.9950000000000028 3.1399999999999997 7.8500000000000005 2.5300000000000007 9.7050000000000018 93.300000000000026 10.065000000000003 63.400000000000013
decision_type=2 2 2 2 2 2 2 2 2 2 2 2 2 2 2 2 2 2 2 2 2 2 2 2 2 2 2 2 2 2 2 2 2 2 2 2 2 2 2 2 2 2 2 2
left_child=2 -2 4 -3 6 8 7 15 9 10 11 12 13 14 31 23 18 -18 21 -19 -21 22 24 27 25 26 -17 28 -1 35 -31 32 33 -6 -34 36 38 -37 39 -30 41 43 -40 -41
right_child=1 3 -4 -5 5 -7 -8 -9 -10 -11 -12 -13 -14 -15 -16 16 17 19 -20 20 -22 -23 -24 -25 -26 -27 -28 -29 29 30 -32 -33 34 -35 -36 37 -38 -39 42 40 -42 -43 -44 -45
leaf_value=-0.00083992316853255034 0.0062461865081318794 0.00044712903199806099 -0.0029851825894029057 -0.0010374474987232436 4.9574523497910748e-05 0.0025630967292818241 -0.0010752710870242325 0.00048845204833094364 -0.00034738076326902958 0.0010708453224617101 0.00051230149456497399 -0.00046217318546647824 0.00053055327727148931 -0.0005944231170273963 -0.00045432780213929989 -0.00062324324789057883 0.0014570509144307478 -0.00029348549475385384 -0.00070869233582777024 0.00065081094338927624 -0.00016559283790546796 0.00055341252411405248 -0.00047232548947795296 -0.00048499382512930497 0.00058014429853977384 0.00040622856848957861 6.0288947094807917e-05 -0.00042612934006831132 0.0014800267852842809 2.3239300379322634e-05 -0.00056623240992907556 0.00041565792671462989 -0.00024535807741905456 0.00054179442063387903 0.00022618517878332308 -0.00037527573448945385 0.0003839263661454121 9.9521044281904002e-05 4.6328575576707309e-05 -0.00010000183191951565 -0.00040025447960942987 0.00046522565718208045 0.00030053915239350743 0.00025653370961663312
leaf_weight=7.9999999999999991 21 21 54 36 54 24 43.5 57 60 21 33 39 30 21 27 28 23 44 49 79.5 43 37.5 60 52 37 33 48.5 37 3.9999999999999991 45 31 30 69 27 21 48 48 44 180 279 36 35 86 32
leaf_count=8 21 21 24 36 54 12 18 24 36 15 33 39 30 21 27 22 20 20 24 36 20 20 30 22 22 28 22 28 4 26 24 30 69 27 21 24 24 22 80 174 18 14 36 24
internal_value=-5.18332e-12 0.00132322 -5.01514e-05 -0.000490498 2.89363e-05 0.000155269 -8.278e-06 2.25722e-05 2.15008e-05 8.09979e-05 2.17762e-05 -2.91274e-05 3.14059e-05 -2.87323e-05 2.33708e-05 4.22672e-06 8.9636e-05 0.000344157 -7.49775e-05 0.000190424 0.000364237 5.22849e-05 -3.87189e-05 -3.84779e-05 0.000138867 -1.02398e-05 -0.000189893 -1.30466e-05 4.40098e-06 1.21828e-05 -0.000217203 8.75393e-05 2.99746e-05 0.000213648 -0.000135331 3.41945e-05 5.81663e-05 -0.000148199 3.41839e-05 -3.08228e-05 -4.66432e-05 -9.85126e-06 0.000128517 -6.33165e-05
internal_weight=2136 78 2058 57 2004 456 1548 1504.5 432 372 351 318 279 249 228 1447.5 482.5 189.5 293 166.5 122.5 244 206.5 965 146.5 109.5 76.5 913 876 868 76 201 171 81 90 792 700 92 652 386 382 346 266 311
internal_count=1350 78 1272 57 1248 414 834 816 402 366 351 318 279 249 228 792 264 96 168 76 56 144 124 528 94 72 44 506 478 470 50 201 171 81 90 420 374 46 350 234 230 212 116 198
is_linear=0
shrinkage=0.08


Tree=83
num_leaves=45
num_cat=0
split_feature=37 37 10 10 37 5 12 10 23 34 36 14 0 9 31 34 37 18 18 15 37 0 5 19 37 33 29 37 10 30 0 37 37 34 34 37 30 12 37 29 33 32 31 37
split_gain=0.0188795 0.31659 0.169387 0.130006 0.00359166 0.00650879 0.00317945 0.0061199 0.00143315 0.00309326 0.00117132 0.00424681 0.00112235 0.00100734 0.000967094 0.000846893 0.000927114 0.0168026 0.00602978 0.00308819 0.000678509 0.0010492 0.000675109 0.000634646 0.000525131 0.000560094 0.000677556 0.000856964 0.00061217 0.000480964 0.00103936 0.000454776 0.000814044 0.000443805 0.000831989 0.000360692 0.000360014 0.000546396 0.00049542 0.00026068 0.000369834 0.000263784 0.000248046 0.000241374
threshold=11.703076923076924 11.911538461538465 9.9550000000000018 9.9200000000000017 17.475000000000005 11.832692307692311 9.8550000000000022 9.7050000000000018 3.4000000000000004 78.300000000000026 2.5000000000000004 7.8500000000000005 14.160000000000002 10.065000000000003 4.2000000000000011 0.80000000000000016 5.535000000000001 17.200000000000006 15.500000000000002 2.2350000000000008 6.8050000000000006 15.555000000000001 11.090000000000002 3.7000000000000006 7.3800000000000017 17.600000000000005 19.000000000000004 9.7950000000000017 7.4050000000000011 1.5000000000000002 13.265000000000002 5.0400000000000009 2.9750000000000005 45.000000000000007 37.600000000000001 9.5600000000000005 0.50000000000000011 9.1850000000000005 9.5600000000000005 1.7000000000000004 1.0000000180025095e-35 3.1000000000000005 1.5000000000000002 9.8750000000000018
decision_type=2 2 2 2 2 2 2 2 2 2 2 2 2 2 2 2 2 2 2 2 2 2 2 2 2 2 2 2 2 2 2 2 2 2 2 2 2 2 2 2 2 2 2 2
left_child=2 -2 6 4 8 -6 7 15 9 10 13 12 -12 33 -14 -1 17 19 20 29 23 -22 -10 -18 -23 26 28 -28 -26 30 -17 32 -32 34 39 -27 -30 43 -39 40 -3 -41 -42 -38
right_child=1 3 -4 -5 5 -7 -8 -9 22 -11 11 -13 14 -15 -16 16 18 -19 -20 -21 21 24 -24 -25 25 35 27 -29 36 -31 31 -33 -34 -35 -36 -37 37 38 -40 41 42 -43 -44 -45
leaf_value=0.0009554132167249918 -0.0066113112354651091 0.00021325686189811678 0.0051538509964233351 0.0063481827211840682 -0.0016804142412729561 -5.963367815965262e-06 0.00051237532633046311 -0.0009563651573897779 -0.0006300875006450547 0.00094913198923071219 0.00037790056318044664 0.00096307995765100183 -0.00060105311804481095 -0.00047359727954148856 9.2484691201455207e-05 0.00049089632074659074 -1.2959932382391007e-05 -0.0022980752141614044 0.00088090044062803774 0.00083332338898132238 -0.00044646765208906599 -0.00022329465886233033 -0.00013536999805593023 0.00052829008923206276 0.00022853292909761272 3.4452464942838632e-05 -8.2031069766907469e-08 -0.00048490455728911219 0.00013409042504256366 -0.00032484624647732943 -0.00035698503859479119 -0.00042676443910403622 0.00019210304754475755 0.00028556845392673636 -0.00052708062130312264 0.00033532879698802443 3.6393092629537723e-05 -0.00040255779441859986 -3.8373710943714659e-05 0.00031106284973377892 -0.00031678988103521987 -5.9113735121420843e-05 1.5238496513726811e-05 -7.7306454315678117e-05
leaf_weight=5.9999999999999991 48 20 42 21 24 39 75 43.5 27 24 21 34 31 38 22 24 27 21 51 30 36 67.5 51 28.5 75 51 52.5 42 94.5 33 27 21 48 26 22 51 355.5 45 51 28 36 22 24 180
leaf_count=6 24 20 18 21 24 39 33 18 27 21 21 32 31 34 22 24 18 21 33 30 21 27 30 24 36 21 21 21 42 33 27 21 48 26 22 24 147 18 24 28 36 22 24 90
internal_value=-8.76678e-12 -0.000399964 0.000141432 0.000184633 -8.00592e-05 -0.000643849 4.37388e-06 -2.17042e-05 3.31825e-06 7.27868e-05 7.87234e-06 0.000222987 -0.000117055 -9.96852e-05 -0.000313169 6.97849e-06 2.94689e-06 -0.000154794 2.95963e-05 9.11562e-05 -7.945e-06 -2.17028e-05 -0.000306618 0.000264979 -7.34451e-06 7.26866e-06 -1.2963e-05 -0.000215559 1.09387e-05 -5.43668e-05 2.00151e-05 -9.77052e-05 -5.56866e-06 -1.98613e-05 -7.21059e-05 0.000184891 -1.154e-05 -3.33327e-05 -0.000209085 4.88987e-06 -8.46697e-05 0.000148185 -0.000183979 -1.82524e-06
internal_weight=2136 558 1578 510 489 63 1536 1461 426 348 324 108 74 216 53 1417.5 1411.5 204 1207.5 183 1156.5 1101 78 55.5 1065 997.5 895.5 94.5 801 153 120 96 75 178 152 102 726 631.5 96 130 80 50 60 535.5
internal_count=1350 504 846 480 459 63 828 795 396 339 318 106 74 212 53 777 771 204 567 183 534 492 57 42 471 444 399 42 357 153 120 96 75 178 152 45 321 279 42 130 80 50 60 237
is_linear=0
shrinkage=0.08


Tree=84
num_leaves=45
num_cat=0
split_feature=37 31 11 36 12 11 3 3 0 34 35 10 37 37 30 30 37 0 37 22 37 34 0 0 34 32 32 37 37 30 31 37 14 37 34 29 29 37 21 37 30 37 32 10
split_gain=0.0170594 0.0877281 0.0782151 0.00833512 0.229574 0.226019 0.0121613 0.0051258 0.00432585 0.00248314 0.00812176 0.00147091 0.00362185 0.00258877 0.00114314 0.00111211 0.00181275 0.00736972 0.00577929 0.00725855 0.00157692 0.00180841 0.00185369 0.00177741 0.00122551 0.00121425 0.00113623 0.00200456 0.00281773 0.000902657 0.000725588 0.000656549 0.00169287 0.00133276 0.0013791 0.000597854 0.00103822 0.000587448 0.00119861 0.00105181 0.00101271 0.00058238 0.000833441 0.000613661
threshold=17.475000000000005 2.5000000000000004 9.9550000000000018 1.5000000000000002 9.8250000000000011 9.8950000000000014 17.955000000000002 17.935000000000006 17.860000000000003 112.70000000000003 1.5000000000000002 8.6700000000000017 11.760384615384618 16.210000000000004 7.1000000000000005 6.5000000000000009 4.8450000000000006 14.240000000000002 5.3900000000000015 67.200000000000017 15.4 29.900000000000006 16.495000000000001 16.590000000000003 9.9000000000000039 15.100000000000001 5.7000000000000002 12.083846153846155 8.9450000000000021 5.5000000000000009 11.100000000000001 10.065000000000003 7.455000000000001 9.1050000000000022 47.20000000000001 9.9000000000000004 1.0000000000000002 7.9500000000000011 2.3000000000000003 10.105000000000002 1.0000000000000002 7.5300000000000002 4.2000000000000011 7.6500000000000012
decision_type=2 2 2 2 2 2 2 2 2 2 2 2 2 2 2 2 2 2 2 2 2 2 2 2 2 2 2 2 2 2 2 2 2 2 2 2 2 2 2 2 2 2 2 2
left_child=2 -2 3 4 7 6 9 11 -3 15 -11 13 -13 14 29 16 17 24 -18 20 25 23 -23 -22 -5 35 31 28 -28 37 -16 33 -33 34 -17 36 -20 38 -1 -39 -40 -38 -43 -44
right_child=1 8 -4 5 -6 -7 -8 -9 -10 10 -12 12 -14 -15 30 26 18 -19 19 -21 21 22 -24 -25 -26 -27 27 -29 -30 -31 -32 32 -34 -35 -36 -37 41 39 40 -41 -42 42 43 -45
leaf_value=8.4072119941781229e-05 0.0055814842094800299 -0.0010615249105136503 -0.0029661392051269085 0.00036600249890600227 0.0064387017166981962 -0.0059989587634336206 0.001282094180997875 -0.0010816573337393089 0.00035003872898717726 0.0012580892006822286 -0.0003347333447163692 -4.3370172687820667e-05 0.00092751910881788441 -0.00083263973898157996 1.7656696598149008e-05 0.00033106000463703825 -0.001090504216096763 0.0017718642391264439 0.00013752768903077921 0.0011138756709491336 -0.00061414413456805056 0.001195596285503019 0.00021429215341673365 0.00040700551355257633 -0.00029410143356977238 -0.00035696241170612736 -0.00045115813807542642 -0.00073557576950406662 0.00029108788981830003 -0.000503556643483005 0.00040699993877346257 -0.00013536654649215051 0.00071640639366315941 -0.00041359233276711574 -0.00029941912178936249 0.00019775569712374966 -0.00048048207236986071 0.00032783671948862707 -0.00073931223000673685 -0.00015989602909290365 -0.00014373345885579063 -0.00024206912999779725 0.00029983517888467761 -0.0001026446613724585
leaf_weight=51.5 21 33 57 36 36.5 40 54 31.5 24 42 40 96.5 33 29 117 64 28 20 139 41 20 22 28 24 36 67 67 40 64 39.5 41.5 32 28 45 34 86 28 47.5 34 70 39.5 111 44 54
leaf_count=41 21 33 27 36 19 20 24 14 24 26 16 42 25 29 66 36 28 20 84 32 20 22 28 24 36 32 34 32 30 21 23 28 22 22 16 44 16 23 25 61 26 54 24 24
internal_value=2.74851e-12 0.0011613 -4.40145e-05 3.92245e-05 0.000270132 -7.62291e-05 0.000106854 -8.69704e-05 -0.000467182 5.56739e-05 0.000481103 -3.46622e-05 0.000204038 -0.000100502 -5.23019e-05 2.55486e-05 7.96973e-05 0.000413323 3.53424e-05 8.28179e-05 1.49634e-05 0.000316899 0.000646066 -5.71534e-05 3.59505e-05 -3.86888e-05 -8.7961e-05 -0.000239889 -8.85341e-05 -0.00014892 0.000119598 4.00177e-05 0.000262127 -5.31753e-05 0.000112322 7.46776e-06 -3.60555e-05 -9.1154e-05 -0.000211875 3.72725e-05 -0.000419239 -0.000137862 -9.19605e-05 7.80606e-05
internal_weight=2136 78 2058 2001 667 1334 1294 630.5 57 1240 82 599 129.5 469.5 440.5 1158 784 92 692 664 623 94 50 44 72 529 374 171 131 282 158.5 203 60 143 98 462 376 242.5 125 117.5 73.5 237 209 98
internal_count=1350 78 1272 1245 415 830 810 396 57 786 42 382 67 315 286 744 524 92 432 404 372 94 50 44 72 278 220 96 64 197 89 124 50 74 52 246 202 176 92 84 51 118 102 48
is_linear=0
shrinkage=0.08


Tree=85
num_leaves=45
num_cat=0
split_feature=37 10 10 37 10 11 4 37 16 14 14 18 19 34 29 29 18 37 15 21 21 36 25 16 15 31 19 27 36 15 33 37 37 33 37 21 13 3 37 10 36 30 31 36
split_gain=0.0173989 0.307091 0.157097 0.0196865 0.00954859 0.00462082 0.00425672 0.00160549 0.00382182 0.00113725 0.00140485 0.00102195 0.00121657 0.00107481 0.000804037 0.000863064 0.00181721 0.00132028 0.00654501 0.0010408 0.000749272 0.000661161 0.00266587 0.000622064 0.000649525 0.000611794 0.000650932 0.000715368 0.000595846 0.00180969 0.000567441 0.00051228 0.000533972 0.000897443 0.000462664 0.000326262 0.000334875 0.000558055 0.000530089 0.000945263 0.000739005 0.000683175 0.000619902 0.000517159
threshold=11.703076923076924 9.9550000000000018 9.9550000000000018 11.911538461538465 9.8250000000000011 9.8950000000000014 17.890000000000004 17.475000000000005 5.9461538461538463 9.4400000000000031 8.8250000000000011 1.5000000000000002 0.90000000000000013 36.800000000000004 27.500000000000004 22.000000000000004 19.300000000000004 4.8450000000000006 2.2350000000000008 7.6000000000000005 3.0000000000000004 1.5000000000000002 1.1000000000000003 7.7400000000000011 2.1950000000000003 1.3 11.500000000000002 1.6000000000000003 1.5000000000000002 2.5457692307692312 0.70000000000000007 6.5250000000000012 7.3800000000000017 26.000000000000004 3.0100000000000002 15.500000000000002 7.8800000000000008 16.175000000000004 9.7850000000000019 8.6700000000000017 1.5000000000000002 8.8000000000000025 3.9000000000000004 1.5000000000000002
decision_type=2 2 2 2 2 2 2 2 2 2 2 2 2 2 2 2 2 2 2 2 2 2 2 2 2 2 2 2 2 2 2 2 2 2 2 2 2 2 2 2 2 2 2 2
left_child=2 3 5 -2 7 6 14 9 -9 10 11 12 21 -14 15 16 17 18 19 20 30 -5 -23 31 -25 -13 27 28 -27 -30 34 -19 -33 35 -1 36 43 -38 41 -40 -41 42 -39 -34
right_child=1 -3 -4 4 -6 -7 -8 8 -10 -11 -12 25 13 -15 -16 -17 -18 23 -20 -21 -22 22 -24 24 -26 26 -28 -29 29 -31 -32 32 33 -35 -36 -37 37 38 39 40 -42 -43 -44 -45
leaf_value=-0.00011026628082618117 0.0018205318123930031 -0.0092365665857990584 0.004962933099429522 0.00029791165919353563 -0.0017862206706333729 0.00077634500747080892 -0.00086267073700825375 0.00041609698973063916 -0.00094190876672251359 0.00044081951084081085 -0.00043427082457734889 -0.00037215180385309008 0.00012613137770030235 0.00083995168356017929 -0.00028611860870538902 0.00036371155759726449 -0.00050698979575743619 0.00033803869112345732 0.0015520270638877437 -0.00044746690119306244 0.00043165218317881227 0.00024399385440831438 -0.00076947385373596962 -1.1561287877460321e-05 -0.00055241896236246386 -0.00053219997397348012 0.00032873758011394078 0.00027193274504194661 0.00034230759344063699 -0.0005897075103712268 -0.00033237752310621239 -0.00020114854000734559 -6.938554035294933e-05 0.00033751933415438612 0.0004207746358588338 -0.0002038395139514286 -0.00028446120399705792 -5.0274035293194989e-05 0.00042661843111827262 -0.00028335467211025605 0.00012521374924108386 0.00014643695997074247 -0.00035693586845364836 0.00011825992718268479
leaf_weight=21 36 24 42 36 21 48 37.5 21 36 36 48 42 27 27 60 43.5 43.5 28.5 21 24 36 46 26 30 27 27 27 24 30 24 24 82.5 141 51 21 51 54 112.5 42 42.5 85 60 67.5 282
leaf_count=21 18 18 18 30 21 21 15 21 36 36 36 42 27 27 30 21 36 24 21 24 36 46 14 30 27 27 27 24 30 24 24 33 64 24 21 24 24 45 21 21 42 24 27 128
internal_value=-3.65118e-12 -0.000383961 0.000135773 1.39093e-05 -0.00011669 3.78049e-06 -2.11409e-05 -4.31886e-05 -0.000441591 1.08803e-05 -2.94265e-05 2.84084e-05 0.000173003 0.000483042 6.15253e-07 1.29878e-05 1.66154e-06 1.86361e-05 0.000244466 2.65388e-05 0.00013807 1.79835e-05 -0.000121981 -1.00686e-05 -0.000267757 -0.000106214 -2.15974e-05 -0.000111683 -0.000225348 -7.19213e-05 -2.20664e-05 3.29044e-06 -5.61743e-06 1.07016e-05 0.000155254 -7.07733e-06 4.24232e-06 -4.27295e-05 -1.08528e-05 9.74547e-05 -1.09757e-05 -8.73449e-05 -0.000165272 5.57114e-05
internal_weight=2136 558 1578 534 498 1536 1488 477 57 420 384 336 162 54 1450.5 1390.5 1347 1303.5 147 126 102 108 72 1156.5 57 174 132 105 81 54 66 1099.5 1071 988.5 42 937.5 886.5 463.5 409.5 169.5 127.5 240 180 423
internal_count=1350 504 846 486 468 828 807 447 57 390 354 318 144 54 792 762 741 705 147 126 102 90 60 558 57 174 132 105 81 54 66 501 477 444 42 420 396 204 180 84 63 96 72 192
is_linear=0
shrinkage=0.08


Tree=86
num_leaves=45
num_cat=0
split_feature=37 28 11 36 4 11 4 16 11 34 35 37 4 20 37 5 37 20 28 29 0 34 22 20 32 11 18 35 18 32 35 22 5 36 37 4 5 35 9 33 36 0 32 37
split_gain=0.018963 0.0929501 0.0745146 0.00727499 0.22664 0.191923 0.0107832 0.0036195 0.00235196 0.00188004 0.00648797 0.00129826 0.00620319 0.00127967 0.00102187 0.00190143 0.000829413 0.00320631 0.00188775 0.00296197 0.00315569 0.00405744 0.00178087 0.00167055 0.00158184 0.001347 0.00106341 0.0010602 0.0019446 0.0010343 0.000998519 0.00315987 0.0062434 0.00200222 0.000901422 0.00108593 0.000768578 0.000705399 0.00130845 0.00064714 0.00056488 0.000539851 0.00052849 0.000673006
threshold=17.475000000000005 36.700000000000003 9.9550000000000018 1.5000000000000002 17.890000000000004 9.8950000000000014 17.890000000000004 5.9461538461538463 9.6300000000000008 112.70000000000003 1.5000000000000002 16.210000000000004 16.740000000000006 1.5000000000000002 11.760384615384618 10.105000000000002 8.2800000000000011 12.900000000000002 27.699999999999999 8.1000000000000014 16.210000000000004 37.600000000000001 48.300000000000004 1.3 4.2000000000000011 7.4400000000000004 4.7000000000000002 1.5000000000000002 0.50000000000000011 5.9000000000000012 1.0000000180025095e-35 9.8000000000000025 9.9200000000000017 2.5000000000000004 10.875000000000002 17.590000000000003 9.8350000000000026 1.5000000000000002 10.010000000000002 6.5000000000000009 2.5000000000000004 13.895000000000001 1.3 7.5050000000000008
decision_type=2 2 2 2 2 2 2 2 2 2 2 2 2 2 2 2 2 2 2 2 2 2 2 2 2 2 2 2 2 2 2 2 2 2 2 2 2 2 2 2 2 2 2 2
left_child=2 -2 3 4 8 6 9 -3 11 16 -11 13 -13 14 15 36 17 18 19 20 21 26 25 -21 -24 29 27 41 -29 -18 31 32 33 -27 35 37 -1 38 -32 -36 -39 -5 -15 -44
right_child=1 7 -4 5 -6 -7 -8 -9 -10 10 -12 12 -14 42 -16 -17 22 -19 -20 23 -22 -23 24 -25 -26 30 -28 28 -30 -31 34 -33 -34 -35 39 -37 -38 40 -40 -41 -42 -43 43 -45
leaf_value=4.8895844920960947e-05 0.0057742172550587422 0.000382809223318916 -0.0028985659673548582 0.00015417739516124129 0.0068742275249863427 -0.0055307652689516543 0.0013123554496301546 -0.00093876334838569162 -0.00068379610655950262 0.0011165783481140222 -0.00030705029657110574 -0.0014974520469113487 0.0004102184931495382 -0.00037062545802887061 0.00044683122571478504 -0.00029989014435934542 8.6246418979261889e-05 0.00072349400752537635 0.0005953592509031296 -0.00010302895413166502 -0.00050427892969714266 0.0010077001119740696 -0.00070322045066859571 -0.00084446505416889449 -8.1078367438749415e-06 -0.00056453481516135595 -0.00021938855201437103 7.4308382075590395e-06 0.00075281643885232146 0.00055084706861120855 0.00017478313633344242 -0.00037020319810835648 0.0017051655468530952 0.00054018335073210651 -0.0001175582396205176 0.00031178918990249535 0.00038304594377728391 -7.1477995618529942e-05 -0.00029116225317314578 -0.00056216132175177338 -0.00042608639371135957 -0.00043361896416172386 0.00013630127883516253 -0.0001828488225217548
leaf_weight=113.5 21 21 57 20 31.5 40 45 36 38.5 42 40 20 24 51 47 74.5 92 49 35 41 45 36 44 37 40 21 54 48 42 46 108 40 20 21 44 49 72 57.5 60 40 57.5 20 62 133
leaf_count=70 21 21 27 20 14 20 20 36 21 26 16 20 24 39 37 32 78 38 14 20 18 30 34 22 32 21 36 36 24 32 54 40 20 21 22 20 32 23 30 20 23 20 47 79
internal_value=-4.41606e-12 0.00122439 -4.64053e-05 3.48407e-05 0.000250564 -7.30211e-05 9.56881e-05 -0.000451868 -7.77527e-05 5.1853e-05 0.000422125 -3.86695e-05 -0.000456904 -5.39218e-06 0.000103545 4.14891e-05 2.58356e-05 0.000114621 3.56931e-05 -2.14157e-05 0.000106128 0.000230983 -2.5396e-05 -0.000454736 -0.000372214 1.90137e-05 7.90172e-05 0.00020297 0.000355277 0.000241113 -4.01557e-05 0.000184155 0.000541805 -1.21757e-05 -9.51549e-05 -3.592e-05 0.000178593 -9.61241e-05 8.37407e-06 -0.000329274 -0.000248782 -0.000139721 -0.000141342 -8.13755e-05
internal_weight=2136 78 2058 2001 667 1334 1294 57 635.5 1249 82 597 44 553 307 260 1167 427 378 343 265 220 740 78 84 656 184 130 90 138 518 102 62 42 416 332 185.5 283 168 84 115 40 246 195
internal_count=1350 78 1272 1245 415 830 810 57 401 790 42 380 44 336 171 134 748 278 240 226 184 166 470 42 66 404 136 100 60 110 294 102 62 42 192 150 102 130 84 42 46 40 165 126
is_linear=0
shrinkage=0.08


Tree=87
num_leaves=45
num_cat=0
split_feature=37 1 11 31 36 4 11 4 15 37 9 27 37 37 4 37 37 37 37 37 18 37 37 31 36 15 23 37 37 17 33 35 0 5 17 26 37 15 34 4 35 6 8 37
split_gain=0.0166097 0.079656 0.0469708 0.00628611 0.00581371 0.192606 0.162175 0.00919973 0.00605621 0.00189618 0.0040157 0.00178411 0.00159068 0.00299236 0.00621306 0.00189342 0.00377518 0.00140622 0.00196027 0.00755787 0.00292424 0.0023961 0.00170199 0.00139258 0.00133238 0.00101606 0.000992999 0.000706631 0.000918871 0.000780683 0.00108936 0.000854079 0.00130533 0.00105518 0.000718607 0.000699932 0.000636985 0.00196515 0.000646598 0.00063622 0.00103124 0.00143773 0.0009132 0.000617549
threshold=17.545000000000005 17.775000000000002 9.9550000000000018 5.7000000000000002 1.5000000000000002 17.890000000000004 9.8950000000000014 17.890000000000004 -0.065000000000001265 16.210000000000004 9.9200000000000017 14.400000000000002 17.150000000000002 16.295000000000005 16.550000000000004 2.2750000000000004 2.5300000000000007 2.8800000000000003 3.6250000000000004 4.1100000000000003 14.600000000000001 9.6200000000000028 4.9500000000000011 17.600000000000005 2.5000000000000004 2.6899999999999999 0.50000000000000011 7.0900000000000007 7.7550000000000008 3.7000000000000006 4.2000000000000011 1.5000000000000002 16.860000000000003 10.045000000000002 1.1000000000000003 7.5000000000000009 9.4050000000000029 3.1399999999999997 43.900000000000013 16.115000000000006 1.5000000000000002 10.105000000000002 10.045000000000002 14.200000000000001
decision_type=2 2 2 2 2 2 2 2 2 2 2 2 2 2 2 2 2 2 2 2 2 2 2 2 2 2 2 2 2 2 2 2 2 2 2 2 2 2 2 2 2 2 2 2
left_child=2 -2 4 -3 5 8 7 11 -1 23 -11 12 13 15 -15 -6 -17 -18 -19 -20 22 -22 -21 39 -16 26 27 -24 -29 31 -31 32 34 -33 -30 36 38 -38 -27 43 42 -42 -41 -10
right_child=1 3 -4 -5 6 -7 -8 -9 9 10 -12 -13 -14 14 24 16 17 18 19 20 21 -23 25 -25 -26 35 -28 28 29 30 -32 33 -34 -35 -36 -37 37 -39 -40 40 41 -43 -44 -45
leaf_value=-0.0019448646157979965 0.005330467633016053 -0.0016149779523922398 -0.0022463855687528851 0.00023050586751466014 -0.0017246713116765022 0.0063242893796118483 -0.005088303674012422 0.0012073669982039267 -0.00021652161005039603 0.00020508481613360345 -0.0012149501129841576 0.00058293796953206006 -0.00049757066027571759 0.0017439500447362661 -0.00044468935453915038 0.0017505957558751107 -0.00073807881970424207 0.00058188374227795161 -0.0016281893538932005 0.00068639562253586261 0.00095396071885357075 -4.2715096273101287e-05 -0.00036450172683632961 0.0003482436255041149 0.00047873933453229254 0.00021999533788766713 -0.00034433822572967158 0.00030651824437081816 9.7927165024884748e-05 1.1368575231993899e-06 -0.00065457224425288936 -0.00027833253087010233 0.00059831115151090281 0.00015909033287316563 -0.00025500145638943648 -0.00012349195629616992 0.00066305999536998578 -8.924571843817831e-05 -0.00011934324910027394 -0.00037061068795931837 0.00037952427358499597 -0.00010690108427245703 4.8118699155747893e-05 0.00013788723975027861
leaf_weight=10.999999999999998 21 21 60 27 3.9999999999999991 31.5 40 45 183 25 26 38 36 20 20 7.9999999999999991 15.999999999999998 38 18 22 38 26 41 62 20 75 81 50 160 34 31 120 28 50 48 72 50 40 69 60 87.5 70 75 38
leaf_count=6 21 21 30 27 4 14 20 20 142 25 26 18 36 20 20 8 16 38 18 22 30 22 38 31 20 34 36 20 108 28 20 48 14 20 36 32 34 20 34 30 35 28 42 38
internal_value=4.90463e-12 0.001221 -4.0759e-05 -0.000576893 2.5179e-05 0.000217735 -7.10992e-05 8.35142e-05 -8.40003e-05 -5.13275e-05 -0.000518855 4.31523e-05 2.62702e-05 4.22653e-05 0.000592667 1.27532e-05 1.89861e-05 6.47218e-06 1.73914e-05 -2.97969e-06 2.52848e-05 0.000549061 -9.23802e-06 -9.89587e-06 1.7025e-05 -2.53644e-05 -8.2469e-05 -4.47262e-05 -1.95616e-05 -5.41772e-05 -0.000311586 -1.29665e-05 8.55127e-05 -0.000149679 1.64821e-05 9.46298e-05 0.000161744 0.000328702 5.73956e-05 -5.31376e-05 2.42652e-05 0.000163335 -0.000137983 -0.000155583
internal_weight=2136 69 2067 48 2007 669 1338 1298 637.5 626.5 51 1253 1215 1179 60 1119 1115 1107 1091 1053 1035 64 971 575.5 40 949 643 562 521 471 65 406 236 170 208 306 234 90 144 513.5 292.5 157.5 135 221
internal_count=1350 69 1281 48 1251 417 834 814 403 397 51 794 776 740 60 680 676 668 652 614 596 52 544 346 40 522 368 332 294 274 48 226 158 68 144 154 122 54 68 315 135 63 72 180
is_linear=0
shrinkage=0.08


Tree=88
num_leaves=45
num_cat=0
split_feature=37 37 11 11 4 4 23 34 26 14 11 12 34 20 20 19 17 18 16 22 34 37 37 36 17 22 0 0 33 18 18 21 37 37 37 19 11 11 12 2 34 11 12 36
split_gain=0.0178374 0.266144 0.129544 0.118627 0.00934526 0.00580949 0.00247943 0.00233491 0.00185264 0.000760434 0.00131395 0.00091676 0.000641008 0.000626236 0.0010748 0.000845078 0.000821309 0.000957642 0.000570478 0.000466049 0.000694306 0.000439918 0.00125735 0.00270354 0.00318081 0.00156121 0.00116746 0.00083352 0.000302438 0.000373154 0.000339503 0.000300402 0.000297112 0.000303862 0.000389073 0.000689243 0.000834154 0.00159798 0.000784131 0.000275752 0.000240009 0.000358999 0.000626161 0.000321501
threshold=11.703076923076924 11.911538461538465 9.9200000000000017 9.8950000000000014 17.890000000000004 17.890000000000004 3.4000000000000004 72.000000000000014 4.4000000000000012 9.4400000000000031 8.1850000000000023 7.8650000000000011 53.900000000000013 19.300000000000004 12.900000000000002 8.9000000000000021 17.200000000000006 12.900000000000002 5.9161538461538452 77.200000000000003 36.300000000000004 5.0400000000000009 3.0500000000000003 1.5000000000000002 2.1000000000000005 19.300000000000004 13.895000000000001 15.345000000000001 1.0000000180025095e-35 2.7000000000000006 0.50000000000000011 2.5000000000000004 7.3050000000000006 7.4050000000000011 7.5300000000000002 8.2000000000000011 7.4400000000000004 7.6650000000000009 7.3050000000000006 16.165000000000003 8.2000000000000046 9.4400000000000031 9.1850000000000005 1.5000000000000002
decision_type=2 2 2 2 2 2 2 2 2 2 2 2 2 2 2 2 2 2 2 2 2 2 2 2 2 2 2 2 2 2 2 2 2 2 2 2 2 2 2 2 2 2 2 2
left_child=3 -2 5 4 13 6 7 9 -8 10 11 12 19 14 16 -15 17 21 -10 20 28 22 25 -24 -25 26 -1 -23 -3 30 -30 -31 -29 -34 -35 36 38 -38 -36 -39 -41 42 43 -42
right_child=1 2 -4 -5 -6 -7 8 -9 18 -11 -12 -13 -14 15 -16 -17 -18 -19 -20 -21 -22 27 23 24 -26 -27 -28 32 29 31 -32 -33 33 34 35 -37 37 39 -40 40 41 -43 -44 -45
leaf_value=0.00061912198151860926 -0.0060837947235753143 0.00023547609314499869 0.006299831047654152 0.002957863197558456 -0.0012800027516980967 -0.0011955638546496631 -0.0009225361089532575 0.00059161073613601424 5.0921465994583242e-05 0.00030563228071118012 -0.00052233316091587767 0.00050100531667426581 -0.0004424682898873774 3.9429479654420889e-05 0.00038159440911840649 -0.00058513962620593328 0.00033830659496116234 -0.00034978366754062124 -0.00039945227507915765 -0.00035961235895575513 0.00035189702890218343 -0.0004336810155461232 -0.00033299346368395442 9.2363430691572518e-05 0.0014241077179427853 -0.00058237720043743382 -0.00022443817676200223 0.00020241455025305703 -5.4417478231092298e-05 -0.00016552068981885289 -0.0004454445411209707 0.00020645634257093523 -0.00020216039302093644 0.00022516480709115663 -2.7828082216508461e-06 -0.00032114588634835349 -0.0004605205395423314 -0.00012549677398055793 0.00045101604890078305 -0.00010823995768190305 -5.0253510798447188e-05 0.00020205983133588843 -0.0002389921690966632 9.4156043298819389e-05
leaf_weight=21 48 21 21 90 37.5 30 30 45 36 39 36 21 24 28.5 48 27 43.5 52.5 36 21 36 30 23 24 22 27 21 42 30 24 27 33 52.5 45 49.5 45 51 94.5 48 81 148 75 55.5 296
leaf_count=21 24 21 21 39 15 24 30 39 24 39 33 21 24 18 30 24 36 30 33 21 36 30 23 24 22 27 21 24 30 24 27 33 21 18 24 21 24 42 24 36 65 33 24 130
internal_value=-9.84198e-12 -0.000388769 0.000147233 0.000137474 -3.31145e-05 -0.000116989 -4.64939e-05 5.28921e-05 -0.000394345 -2.48077e-05 -7.20134e-05 -3.61038e-06 -5.26702e-05 -8.78518e-07 9.60626e-06 -0.000264415 -3.64944e-06 -1.50611e-05 -0.000174265 -3.94548e-06 3.97329e-05 -1.01398e-06 0.000133713 0.000375192 0.000729285 -0.000107766 0.000197342 -1.77187e-05 -4.35109e-05 -9.49032e-05 -0.000239641 4.98344e-05 -6.19619e-06 -1.46128e-05 -4.65196e-06 -1.5613e-05 -3.1087e-07 -2.72039e-05 0.000220626 2.26161e-06 2.06799e-05 3.88566e-05 1.43516e-05 4.60195e-05
internal_weight=2136 558 510 1578 1488 489 459 357 102 312 273 237 216 1450.5 1395 55.5 1347 1303.5 72 192 171 1251 138 69 46 69 42 1113 135 114 57 57 1083 1041 988.5 943.5 898.5 801 97.5 750 655.5 574.5 499.5 444
internal_count=1350 504 480 846 807 459 435 348 87 309 270 237 216 792 750 42 720 684 57 192 171 654 138 69 46 69 42 516 135 114 57 57 486 462 441 423 402 354 48 330 288 252 219 195
is_linear=0
shrinkage=0.08


Tree=89
num_leaves=45
num_cat=0
split_feature=4 4 10 36 10 10 36 37 29 23 0 37 14 37 37 37 37 20 37 37 4 37 14 37 28 29 34 37 35 0 37 19 37 21 17 37 29 17 37 37 37 19 9 30
split_gain=0.0155025 0.0247303 0.00521387 0.00266418 0.00568826 0.00357559 0.00381771 0.0031083 0.00161545 0.00232443 0.00123995 0.00120826 0.00212708 0.00189305 0.00342617 0.00335875 0.00367863 0.00175104 0.00112716 0.0020306 0.00251301 0.0011132 0.00103644 0.00203813 0.00134213 0.000999647 0.000820194 0.000936022 0.000791459 0.000599336 0.000450145 0.000940186 0.000389318 0.00256526 0.00175293 0.00184179 0.000614005 0.000472236 0.00106763 0.000751365 0.000793072 0.000631449 0.000744648 0.000512479
threshold=17.98 17.955000000000002 9.9550000000000018 2.5000000000000004 9.6700000000000017 9.6700000000000017 1.5000000000000002 17.380000000000006 8.1000000000000014 7.5000000000000009 15.100000000000003 16.330000000000002 7.4800000000000013 8.5250000000000004 6.9350000000000014 4.745000000000001 3.0500000000000003 2.5000000000000004 16.920000000000005 16.245000000000001 16.575000000000003 9.3000000000000025 7.6950000000000012 11.760384615384618 55.699999999999996 3.1000000000000005 38.400000000000006 16.140000000000004 1.0000000180025095e-35 17.150000000000002 7.8950000000000005 0.90000000000000013 4.1950000000000012 5.0000000000000009 3.0000000000000004 3.0100000000000002 17.100000000000005 11.500000000000002 7.7300000000000013 7.6250000000000009 14.005000000000001 1.7000000000000004 9.8750000000000018 5.5000000000000009
decision_type=2 2 2 2 2 2 2 2 2 2 2 2 2 2 2 2 2 2 2 2 2 2 2 2 2 2 2 2 2 2 2 2 2 2 2 2 2 2 2 2 2 2 2 2
left_child=1 2 3 5 8 7 -7 18 9 11 -10 12 13 14 15 16 -5 -15 19 22 -21 -14 32 24 30 -23 -12 29 -19 -28 -24 -32 33 34 35 -1 37 39 -39 -34 41 42 -41 -43
right_child=-2 -3 -4 4 -6 6 -8 -9 10 -11 26 -13 21 17 -16 -17 -18 28 -20 20 -22 25 23 -25 -26 -27 27 -29 -30 -31 31 -33 36 -35 -36 -37 -38 38 -40 40 -42 43 -44 -45
leaf_value=0.00027682641013102098 0.0017204949417800614 -0.0015510791592356383 0.0010197766836393964 -0.00010968552479012446 0.0010155462431298062 -0.001079054514623501 -2.5201765820384028e-05 -0.00073694604792092974 -0.00069560471090621178 0.00087353453277186908 0.0002983836381053421 0.00059270910130562119 -0.00041827713372185829 0.00048676354489449799 0.0010994126992172576 -0.00043686741360408421 0.0013532879219961946 4.2576596726952445e-05 0.00045196576646583923 -0.0012087517138570547 -5.1051292723665636e-05 -0.00017868029343570392 0.00029605757134656111 0.0005417691834636258 -0.00030459303394078261 0.00034085127748671528 -0.00039129674834323912 0.0003235794339949886 -0.00052632358089527663 -2.8752931393682959e-05 0.00011837415391491356 -0.00027631068662942751 0.0001407111478537055 -0.00088145328148339815 0.00068168501276522878 -0.00078391249408014117 0.00030678567749419015 -0.00046735677603340034 5.2868148311972623e-05 -9.037623642185745e-05 0.00017330537629701818 7.2106544010404667e-05 -0.00056118681940228439 -0.00021793901601008009
leaf_weight=22 33 66 33 22 44 44 44 38 21 27.5 35.5 31 60 29 36.5 34 22 29 34 20 30 63 60 58 63 38 63.5 24 34 54 241 46 133 26 20 20 32 51 50 43 60 88 43 70
leaf_count=22 18 36 18 22 24 24 24 38 21 15 21 31 24 25 17 28 22 29 34 20 30 32 24 38 26 20 30 24 17 24 108 22 88 26 20 20 20 36 40 30 60 48 20 34
internal_value=-4.98396e-12 -2.69978e-05 2.23833e-05 5.95921e-06 0.000136407 -5.92649e-05 -0.000552128 -2.45117e-05 7.44168e-05 0.000162172 -0.00011439 0.000113082 7.26233e-05 0.000242567 0.000459688 0.00016033 0.000621801 -2.76537e-05 -2.1377e-06 -1.52665e-05 -0.000514131 -0.000145349 6.88554e-06 9.78944e-05 3.51024e-05 1.6787e-05 -4.54321e-05 -0.00013169 -0.000264449 -0.000224681 9.67762e-05 5.51146e-05 -5.78442e-05 -0.000214456 6.52521e-05 -0.000228287 -3.36655e-05 -5.39153e-05 -0.00020982 -1.78825e-05 -8.72673e-05 -0.000151342 -0.000325782 -5.63947e-05
internal_weight=2136 2103 2037 2004 668 1336 88 1248 624 426 198 398.5 367.5 206.5 114.5 78 44 92 1210 1176 50 161 1126 468 410 101 177 141.5 63 117.5 347 287 658 88 62 42 570 538 101 437 304 244 86 158
internal_count=1350 1332 1296 1278 426 852 48 804 402 282 120 267 236 160 89 72 44 71 766 732 50 76 682 218 180 52 99 78 46 54 154 130 464 88 62 42 376 356 76 280 192 132 50 82
is_linear=0
shrinkage=0.08


Tree=90
num_leaves=45
num_cat=0
split_feature=37 11 10 36 13 11 37 11 4 3 34 37 28 34 21 9 4 20 33 14 32 18 36 34 37 18 18 15 21 37 1 18 37 31 20 37 37 20 37 32 34 34 37 33
split_gain=0.0154523 0.279079 0.137913 0.0683822 0.60007 0.412953 0.0202062 0.00777252 0.00762792 0.00351445 0.00781295 0.00334593 0.00290003 0.00479615 0.00232992 0.00129985 0.000946281 0.000800926 0.00122804 0.000993009 0.000829599 0.000830368 0.00077758 0.000623996 0.000831802 0.013621 0.00468109 0.00170797 0.000609361 0.000574942 0.000727346 0.000639937 0.000528 0.00044518 0.000423042 0.000492596 0.000769291 0.000394842 0.00029845 0.000322185 0.000317894 0.000643997 0.000499528 0.000698539
threshold=11.703076923076924 9.9450000000000021 9.9550000000000018 1.5000000000000002 9.8000000000000025 9.7050000000000018 12.083846153846155 9.8950000000000014 17.890000000000004 16.960000000000004 72.000000000000014 17.845000000000002 57.20000000000001 67.500000000000014 3.0000000000000004 10.115 16.575000000000003 11.800000000000002 11.4 7.8500000000000005 4.2000000000000011 1.0000000180025095e-35 2.5000000000000004 0.80000000000000016 5.535000000000001 17.200000000000006 15.500000000000002 2.2350000000000008 7.6000000000000005 6.8050000000000006 15.475000000000001 4.7000000000000002 2.7650000000000001 3.9000000000000004 2.3000000000000003 3.1100000000000008 5.0400000000000009 2.1000000000000005 7.3800000000000017 20.700000000000006 41.800000000000004 49.900000000000006 9.8750000000000018 7.7000000000000011
decision_type=2 2 2 2 2 2 2 2 2 2 2 2 2 2 2 2 2 2 2 2 2 2 2 2 2 2 2 2 2 2 2 2 2 2 2 2 2 2 2 2 2 2 2 2
left_child=2 3 7 5 6 12 -5 8 23 10 17 14 13 15 22 16 33 18 19 20 21 -8 -11 -1 25 27 29 28 32 31 -31 -26 -25 -2 35 -34 -37 -23 -32 40 -40 -42 -43 -44
right_child=1 -3 -4 4 -6 -7 9 -9 -10 11 -12 -13 -14 -15 -16 -17 -18 -19 -20 -21 -22 37 -24 24 26 -27 -28 -29 -30 30 38 -33 34 -35 -36 36 -38 -39 39 -41 41 42 43 -45
leaf_value=0.00081523505039513109 7.2922567166958232e-05 -0.0094090429156841269 0.0046507841608087932 0.0017898833723103797 -0.013446330553428695 0.012102874907664957 0.00024399916069920769 0.001006254715224107 -0.0011545496463775634 -0.00070782726965844635 0.0015634833229705692 0.00036319903522477641 0.00069685908630490309 -0.0013843836509622634 -1.6431353869847955e-06 -0.00060972477994038763 0.00053231188166967547 -0.0004870897197261828 -0.000555819814093411 0.00047552773509071107 0.00035224692916796941 -0.00059896500061520127 -0.0013387955811107533 0.0003686189748502026 -5.3097194005899572e-05 -0.0020817229071898118 0.00077284017979514373 0.00062138244292388363 -0.00040892220451496544 -0.00037600005847505399 -0.00017352719342818968 0.00049200049325979003 -0.00020711813991268477 -0.00036732716707601435 -0.00032022397551271646 0.00048857159260983786 -0.00015702964804534402 -0.00013847053095769997 -2.2060779426413191e-05 -0.00014448971363405387 0.00031276928626660565 -5.850154802161439e-05 0.00032474851316885287 -7.6344559784047308e-05
leaf_weight=5.9999999999999991 49 21 42 44 22 20 22 48 37.5 25 22 24 25 20 20 21 23 22 20 36 28 22 25 24 25.5 21 51 30 24 36 67.5 30 30 21 27 27 21 26 588 90 60 178.5 66 48
leaf_count=6 49 18 18 22 18 15 22 21 15 21 22 24 17 19 20 18 23 22 20 36 28 22 21 24 21 21 33 30 24 21 27 21 30 21 27 27 21 26 264 39 27 72 33 24
internal_value=-2.84823e-12 -0.000361845 0.000127953 -8.04428e-06 -0.000646395 0.00126866 0.000191696 4.28173e-06 -2.804e-05 -4.91266e-05 0.000142105 -0.000451933 -9.41378e-05 -0.000241712 -0.000731406 -4.12431e-05 8.71237e-05 -3.55678e-05 2.89353e-05 0.000116212 -1.57813e-05 -0.000162993 -0.00102331 1.08385e-06 -2.29788e-06 -0.000151999 2.23204e-05 6.94449e-05 -3.87782e-05 -9.85823e-06 -2.21626e-05 0.00024155 3.00858e-05 -5.91524e-05 -4.72932e-05 4.71829e-05 0.000206121 -0.00034953 -1.05614e-05 1.13228e-07 1.39508e-05 7.40213e-05 2.50473e-05 0.000155867
internal_weight=2136 558 1578 537 358 179 336 1536 1488 292 198 94 159 134 70 114 93 176 154 134 98 70 50 1450.5 1444.5 204 1240.5 183 153 1189.5 1134 55.5 129 70 105 78 48 48 1098 1030.5 940.5 352.5 292.5 114
internal_count=1350 504 846 486 324 162 306 828 807 284 198 86 147 130 62 111 93 176 154 134 98 70 42 792 786 204 582 183 153 549 507 42 129 70 105 78 48 48 486 459 420 156 129 57
is_linear=0
shrinkage=0.08


Tree=91
num_leaves=45
num_cat=0
split_feature=37 31 10 0 16 36 35 36 4 4 35 18 18 4 4 0 32 34 30 15 22 36 32 35 34 21 19 16 17 1 34 37 28 23 9 10 33 7 30 34 22 33 37 18
split_gain=0.0157072 0.0818302 0.0658405 0.00418876 0.00184782 0.057856 0.0838735 0.0024947 0.0106788 0.00556766 0.0015269 0.00574835 0.00521843 0.0045543 0.00452677 0.00262474 0.00320316 0.00198997 0.00208693 0.00189859 0.00182308 0.00135871 0.00173207 0.00117686 0.0041817 0.00223877 0.00114219 0.00105485 0.00159644 0.00203061 0.00101635 0.000912731 0.00127195 0.00159837 0.00124761 0.00157563 0.000881239 0.000970061 0.00083064 0.000893976 0.000782837 0.000719148 0.000947403 0.000836153
threshold=17.475000000000005 2.5000000000000004 9.9550000000000018 17.860000000000003 6.0311538461538472 2.5000000000000004 1.5000000000000002 1.5000000000000002 17.710000000000004 17.710000000000004 1.5000000000000002 17.200000000000006 11.800000000000002 16.115000000000006 17.400000000000002 14.200000000000001 1.7000000000000004 72.000000000000014 19.000000000000004 3.1550000000000007 57.000000000000007 2.5000000000000004 6.9000000000000012 1.5000000000000002 74.200000000000017 2.1000000000000005 4.7000000000000002 7.0000000000000018 11.800000000000002 17.020000000000003 9.9000000000000039 16.165000000000003 27.699999999999999 1.1000000000000003 10.105000000000002 8.7350000000000012 0.50000000000000011 9.9200000000000017 1.0000000000000002 33.300000000000004 28.600000000000005 7.1000000000000005 15.4 3.0000000000000004
decision_type=2 2 2 2 2 2 2 2 2 2 2 2 2 2 2 2 2 2 2 2 2 2 2 2 2 2 2 2 2 2 2 2 2 2 2 2 2 2 2 2 2 2 2 2
left_child=2 -2 4 -3 5 6 -1 8 23 10 11 14 13 15 17 30 -17 20 -19 21 31 -15 -23 24 27 36 -27 38 29 -29 -12 32 33 41 35 -33 -25 -38 -6 -40 -41 42 43 -9
right_child=1 3 -4 -5 7 -7 -8 9 -10 -11 12 -13 -14 19 -16 16 -18 18 -20 -21 -22 22 -24 25 -26 26 -28 28 -30 -31 -32 34 -34 -35 -36 -37 37 -39 39 40 -42 -43 -44 -45
leaf_value=0.003701871752094191 0.0053833404351912792 -0.0010433127812928323 -0.0027987845076455011 0.00034570359353286526 0.00041172864782210026 -0.0017741876775319251 -0.00060872009976838646 -0.00012883780333790388 -0.001595642101019621 0.00082575368722124652 0.00024233255831694061 0.0010974309205388029 -0.00094742799643427139 -6.5220593140934998e-05 0.00098523230408318349 0.0013269642127099737 0.00031587938359007239 0.00085952588589861996 -4.0595483806100678e-05 0.00029110065288841724 -0.0004832348022480599 -0.00020233746719631283 -0.00079905414134263995 -2.0789179042071462e-05 -0.0010003640031385603 -1.1942344139853533e-05 -0.00057914294042241046 8.9295035135000952e-05 -0.00089107500482350581 -0.00080072280196916493 -0.00054563730431254952 -0.00075652100949405898 -0.00042403091094456613 0.00057906329073011879 0.0002959478477185423 2.8493307918931048e-05 0.00066047119862824963 0.00016578037962317467 -0.00031436256121378388 -9.0769320293994897e-05 0.0003495092618444081 0.00034304830076342283 0.00047507973439223864 0.00022168090006744024
leaf_weight=52 21 33 54 24 36 58.5 65 196 30 60 22 36 40 132.5 32 29 65 34 32 50 54 82.5 50 41.5 33 68.5 34 75 20 21 20 36 32 40 22 30 51.5 50 45 56 48 44 24 56
leaf_count=26 21 33 24 24 24 26 26 140 15 30 22 32 28 53 20 20 38 24 22 20 40 33 20 25 22 37 22 70 20 14 20 36 16 20 22 30 23 20 30 36 32 26 24 44
internal_value=5.5284e-12 0.00111433 -4.22341e-05 -0.000458464 3.20442e-05 0.000280003 0.0013071 8.24507e-06 -0.000123905 7.432e-05 3.54192e-05 0.000114143 -7.16836e-05 5.98769e-06 5.81329e-05 0.000392887 0.00062781 8.68757e-06 0.000423103 -0.000161055 -4.25324e-05 -0.000246367 -0.000427514 -4.77147e-05 -0.000145456 8.52612e-05 -0.000200087 -5.17285e-05 -0.000240858 -0.000105396 -0.000132891 7.04666e-06 5.93151e-05 0.000102279 -0.000225785 -0.000399696 0.000289794 0.000416781 6.6861e-05 -1.64628e-05 0.000112436 4.26811e-05 -5.2035e-06 -5.09448e-05
internal_weight=2136 78 2058 57 2004 175.5 117 1828.5 609.5 1219 1159 668 491 451 632 136 94 600 66 315 534 265 132.5 579.5 334 245.5 102.5 301 116 96 42 480 392 360 88 66 143 101.5 185 149 104 320 276 252
internal_count=1350 78 1272 57 1248 78 52 1170 390 780 750 496 254 226 464 100 58 444 46 126 398 106 53 375 248 127 59 226 104 84 42 358 270 254 88 66 68 43 122 98 68 234 208 184
is_linear=0
shrinkage=0.08


Tree=92
num_leaves=45
num_cat=0
split_feature=37 10 10 37 3 11 4 23 36 37 33 30 11 23 0 33 31 37 18 34 37 37 37 18 34 33 37 30 19 0 36 14 5 37 37 31 18 4 35 20 37 36 18 20
split_gain=0.0154361 0.238575 0.12903 0.0162642 0.0071535 0.00667727 0.0061253 0.00188114 0.0018966 0.00459231 0.00152966 0.001204 0.000994354 0.000753962 0.00105118 0.000661252 0.000518787 0.00183385 0.000976791 0.00305325 0.000640492 0.000514606 0.00072586 0.00133939 0.000470569 0.000478926 0.000464366 0.000428883 0.00039967 0.000369811 0.000345976 0.000773762 0.000581444 0.000938454 0.000647782 0.00119604 0.000342271 0.000555504 0.000435473 0.000285524 0.000391603 0.000559563 0.00025304 0.00024615
threshold=11.703076923076924 9.9550000000000018 9.9550000000000018 11.911538461538465 17.910000000000004 9.8950000000000014 17.890000000000004 3.9000000000000004 2.5000000000000004 16.295000000000005 6.1000000000000005 3.3000000000000003 9.3600000000000012 0.50000000000000011 16.245000000000001 3.3000000000000003 4.6000000000000005 5.535000000000001 14.600000000000001 26.700000000000006 2.5300000000000007 3.0500000000000003 5.0400000000000009 2.1000000000000005 8.2000000000000046 3.1000000000000005 17.345000000000002 11.700000000000001 0.90000000000000013 13.775000000000002 1.5000000000000002 7.8500000000000005 10.105000000000002 7.8200000000000012 9.3250000000000011 1.7000000000000004 4.7000000000000002 16.155000000000005 1.5000000000000002 0.90000000000000013 10.010000000000002 1.5000000000000002 2.3000000000000003 1.9000000000000001
decision_type=2 2 2 2 2 2 2 2 2 2 2 2 2 2 2 2 2 2 2 2 2 2 2 2 2 2 2 2 2 2 2 2 2 2 2 2 2 2 2 2 2 2 2 2
left_child=2 3 5 -2 7 6 16 8 12 15 -9 -11 13 14 27 28 18 -18 20 -20 -1 29 23 -23 25 -24 -12 -5 -10 -22 31 -26 33 -32 -35 -36 37 -19 -38 -39 41 -41 -43 -34
right_child=1 -3 -4 4 -6 -7 -8 10 9 11 26 -13 -14 -15 -16 -17 17 36 19 -21 21 22 24 -25 30 -27 -28 -29 -30 -31 32 -33 43 34 35 -37 38 39 -40 40 -42 42 -44 -45
leaf_value=0.00054251073300838474 0.0016311319296558699 -0.0081644485021630919 0.0045026242338298333 -4.8037635626256342e-05 -0.0010580424995957098 0.00093696247902698817 -0.0010311688145001729 -0.0008583842431781469 -0.00010606912849470972 0.0014221481954501498 -0.00035580074912021782 0.00055484757665544748 -0.00056583492042591385 0.00033532260873471388 -0.0004729391389345336 -0.00031168438042240105 -0.00060163886984810234 -0.00023995807268078519 -0.00024477859141816403 0.00097589397527001528 -0.00049036165677188409 -2.8576923327313531e-05 -0.00032411695051682643 0.00071680865112554149 -0.00021090578103649628 1.773402877410667e-05 6.8602150193218029e-05 0.00033524021051231428 0.00037815484179494285 -4.2741948876667902e-05 0.00033646034210563653 0.00014622683151708986 0.00038795103410096921 -0.00026434899752282283 -0.00019790352391221136 0.00032314522653231748 0.00026613530474143068 4.2144840477446227e-05 -6.9967068453458535e-05 0.00020830092674240151 -0.0002816351023890699 -0.00026102894956761216 1.4839531417856826e-06 0.00012478786939755081
leaf_weight=14.999999999999998 36 24 42 124 48 48 37.5 27 20 21 33 20 24 32 36 34 36 76.5 25.5 27 21 36 51 27 90.5 54 33 22 24 27 47 68 46 66 59 54 57 289.5 43.5 47 48 47 47 45
leaf_count=15 18 18 18 124 36 21 15 27 20 21 21 20 24 28 36 32 36 39 18 24 21 36 36 27 44 24 33 22 24 27 26 30 20 28 28 26 36 126 21 20 24 20 20 20
internal_value=-9.70605e-13 -0.000361655 0.000127886 -1.09682e-05 -0.000129674 8.26402e-06 -2.1694e-05 -3.06482e-05 5.28354e-05 0.000313606 -0.000351118 0.000999075 -7.755e-05 -2.27891e-05 -8.57538e-05 -4.67043e-05 4.40412e-06 -4.57204e-05 5.00709e-05 0.000382996 2.53313e-05 1.41127e-05 3.29612e-05 0.000290874 4.97065e-06 -0.000148308 -0.000143599 9.71656e-06 0.000158053 -0.000238576 3.88176e-05 -5.7688e-05 8.70705e-05 1.83192e-05 -6.52151e-05 5.10932e-05 -1.51894e-05 -3.97889e-05 0.000120658 -7.78689e-06 -8.42696e-05 -1.70814e-05 -0.000129772 0.000257815
internal_weight=2136 558 1578 534 498 1536 1488 450 357 119 93 41 238 214 182 78 1450.5 691.5 759 52.5 706.5 691.5 643.5 63 580.5 105 66 146 44 48 475.5 158.5 317 226 179 113 655.5 555 100.5 478.5 189 141 94 91
internal_count=1350 504 846 486 468 828 807 432 351 117 81 41 234 210 182 76 792 342 450 42 408 393 345 63 282 60 54 146 44 48 222 74 148 108 82 54 306 249 57 210 84 60 40 40
is_linear=0
shrinkage=0.08


Tree=93
num_leaves=45
num_cat=0
split_feature=37 25 16 35 16 16 37 35 4 4 19 22 22 30 20 20 3 29 33 0 29 0 0 37 0 32 32 27 20 37 15 24 5 32 33 29 33 19 32 30 33 2 29 29
split_gain=0.0169565 0.0876398 0.0365286 0.233647 0.00526834 0.00320012 0.00204467 0.00151024 0.00837811 0.00675979 0.0066509 0.00297622 0.00254162 0.000790818 0.000608846 0.00073969 0.000655952 0.000617771 0.00131471 0.00116435 0.000652176 0.000606663 0.00113803 0.000552129 0.00103837 0.000814725 0.000964957 0.000687774 0.000589901 0.000544872 0.000539025 0.000941062 0.000525502 0.000507289 0.00109944 0.00104826 0.00109693 0.000602768 0.000546918 0.000462465 0.000474969 0.000461017 0.000451128 0.000350669
threshold=17.475000000000005 1.1000000000000003 5.9461538461538463 1.5000000000000002 6.0311538461538472 5.9461538461538463 9.9550000000000018 1.5000000000000002 17.745000000000001 17.745000000000001 15.500000000000002 91.600000000000009 57.000000000000007 19.000000000000004 6.4000000000000012 4.2000000000000011 17.380000000000006 8.9000000000000021 7.3000000000000016 17.020000000000003 11.700000000000001 14.280000000000003 16.185000000000006 16.590000000000003 17.150000000000002 24.700000000000006 15.100000000000001 4.1000000000000005 15.500000000000002 16.245000000000001 3.1550000000000007 1.9000000000000001 9.8950000000000014 3.3000000000000003 11.900000000000002 1.5000000000000002 4.6000000000000005 4.7000000000000002 1.9000000000000001 0.3000000000000001 1.3 16.765000000000004 2.5000000000000004 5.5000000000000009
decision_type=2 2 2 2 2 2 2 2 2 2 2 2 2 2 2 2 2 2 2 2 2 2 2 2 2 2 2 2 2 2 2 2 2 2 2 2 2 2 2 2 2 2 2 2
left_child=2 -2 3 -1 6 -3 -4 9 10 11 12 13 14 23 15 16 17 18 19 21 -19 -9 -23 25 42 26 28 -26 29 30 31 33 -15 38 35 -35 37 -37 39 -6 43 -24 -25 -41
right_child=1 5 4 -5 7 -7 -8 8 -10 -11 -12 -13 -14 32 -16 -17 -18 20 -20 -21 -22 22 41 24 27 -27 -28 -29 -30 -31 -32 -33 -34 34 -36 36 -38 -39 -40 40 -42 -43 -44 -45
leaf_value=-0.0056362208331120203 0.0055757509704147069 0.00031496352826555573 0.00022782411219345196 0.0018521152998631199 0.00012737235839467315 -0.00092768837529648516 0.00097291457984182567 -0.00020257348806469467 -0.0010541947707533837 0.0009959615802169234 -0.0010692772584863835 0.00080922646541148422 0.00061709771713902876 -0.00049287034226863679 -0.00027886710434945093 0.00028919088908819466 0.00024658555343436698 0.00031185349744284908 -0.0004480058213209247 -0.00039831759790993399 -3.4797537244028513e-05 0.00040871671523506702 -0.00012413849712659915 0.00022052656791250532 -0.00030096736860771973 -0.00037446622478051322 0.00041930358533540536 0.00027360338180490847 -0.00032069559933410748 -0.00032229791395366192 -0.00021629776357224694 0.00048432184383273124 -4.1393966583365744e-05 -7.2620782065550211e-05 -0.00019513331004418434 5.6890768188934189e-05 0.00077064233832061294 0.00049991406096281331 -0.00027612671036930647 -0.00028547532106232314 5.8501703199625057e-05 0.00017416279647676717 0.00071103824525683491 5.2595685011948702e-05
leaf_weight=48 21 21 45 60 123 36 49.5 51 52.5 48 36 30 46.5 33 45 61.5 60 58.5 55.5 45 85.5 57 90 24 30 36 36 24 36 30 54 30 33 54 54 57 30 30 51 72 93 52.5 24 27
leaf_count=24 21 21 18 24 102 36 24 51 21 27 27 24 33 24 27 30 24 27 24 18 36 30 36 24 30 24 21 24 27 30 27 15 21 36 36 36 21 24 39 60 63 21 24 18
internal_value=-6.1614e-12 0.0011578 -4.38816e-05 -0.00147603 3.54377e-05 -0.000469869 0.00061811 5.76238e-06 -7.74595e-05 6.83556e-05 -8.53666e-06 2.4315e-05 4.53993e-05 3.11556e-07 5.21189e-06 2.59476e-05 -3.22262e-06 -3.35024e-05 -9.07462e-05 -2.36467e-05 0.000106029 4.36594e-05 0.000106606 1.96026e-05 0.000195049 -2.40917e-06 1.4829e-05 -4.56026e-05 -4.82159e-06 1.13081e-05 2.61351e-05 4.72162e-05 -0.000267132 2.50281e-05 0.000119559 0.000218935 0.0003535 0.000209657 -3.30851e-05 6.2645e-06 -7.13202e-05 -1.4238e-05 0.000465782 -0.000193274
internal_weight=2136 78 2058 108 1950 57 94.5 1855.5 796.5 1059 744 1011 708 981 661.5 616.5 555 495 351 295.5 144 250.5 199.5 915 102 813 777 54 741 705 675 621 66 591 225 171 117 87 366 315 192 142.5 48 99
internal_count=1350 78 1272 48 1224 57 42 1182 405 777 384 750 357 726 324 297 267 243 180 156 63 138 87 681 102 579 555 54 534 507 477 450 45 435 153 117 81 60 282 243 141 57 48 78
is_linear=0
shrinkage=0.08


Tree=94
num_leaves=45
num_cat=0
split_feature=27 4 35 11 36 4 9 36 5 37 37 14 37 37 37 37 37 18 2 17 37 14 12 36 0 31 37 5 29 30 30 37 37 18 37 30 29 32 35 18 37 37 17 0
split_gain=0.0153874 0.0188459 0.175454 0.00241306 0.00270837 0.00681691 0.00299759 0.00254535 0.00226477 0.0016184 0.00202463 0.00153831 0.00217364 0.00472536 0.0015465 0.00144424 0.00271906 0.00430017 0.00328955 0.00237808 0.00120676 0.00316883 0.00301512 0.00351528 0.00102457 0.00101824 0.00115728 0.000963261 0.000933534 0.000647265 0.000572495 0.000523109 0.000876746 0.000432395 0.000333022 0.000586998 0.000426597 0.000554705 0.00120284 0.000453902 0.000866219 0.00122727 0.00110821 0.000982173
threshold=22.700000000000006 17.955000000000002 1.5000000000000002 9.9550000000000018 2.5000000000000004 17.475000000000005 11.72423076923077 1.5000000000000002 11.992692307692311 16.985000000000003 16.295000000000005 7.5750000000000002 2.2750000000000004 2.5300000000000007 7.8650000000000011 10.675000000000002 5.3900000000000015 4.7000000000000002 15.280000000000003 1.0000000180025095e-35 16.245000000000001 7.6250000000000009 8.8000000000000025 1.5000000000000002 14.640000000000002 16.100000000000005 9.9050000000000029 10.065000000000003 5.1000000000000005 2.1000000000000005 4.6000000000000005 2.3250000000000006 2.5300000000000007 0.3000000000000001 10.675000000000002 11.700000000000001 0.50000000000000011 10.800000000000002 1.5000000000000002 0.90000000000000013 5.2400000000000011 7.8050000000000006 6.4000000000000012 15.995000000000003
decision_type=2 2 2 2 2 2 2 2 2 2 2 2 2 2 2 2 2 2 2 2 2 2 2 2 2 2 2 2 2 2 2 2 2 2 2 2 2 2 2 2 2 2 2 2
left_child=1 3 -3 4 6 9 20 -8 -7 10 11 12 -6 -14 -13 16 17 19 -18 -15 25 -22 23 -23 -17 31 -27 -20 -16 -24 -30 -1 -33 -34 36 -36 -35 39 -39 -38 42 43 -41 -42
right_child=-2 2 -4 -5 5 8 7 -9 -10 -11 -12 14 13 15 28 24 18 -19 27 -21 21 22 29 -25 -26 26 -28 -29 30 -31 -32 32 33 34 35 -37 37 38 -40 40 41 -43 -44 -45
leaf_value=-0.00067189218243584041 0.0017140933570706032 -0.0045799273134519659 0.0028293590426445008 0.00057317313286616952 -0.0024813774973154071 0.0011022975838065826 -0.00093992893955807883 -7.942546899853782e-05 0.00030228653895463068 -0.00062194030022036048 0.0007520265323826327 -0.00064192785208041852 0.0028958302363753319 -0.0003540640594881205 -0.00023157033959461516 0.00015847090412588681 0.0012360822590282905 -0.0011773324615787714 4.19529943416516e-05 0.00084988566913775029 0.00041012022818904371 -0.0017391203711962417 -0.00039571908907964828 -0.00027534216398461943 -0.00042919758230794311 4.0730742294704766e-05 0.00055713367360156214 0.00048650021905657546 -0.00011183310705297565 0.00022050252504413948 0.00028540743491015373 0.0011596259847283363 3.4094427124350411e-05 -0.00031373462381972263 -4.6661745783729619e-05 0.0003783261035837663 -0.00022837886347604745 -0.00060706437280815516 -5.9717148542404183e-07 -5.5466249817982314e-05 -0.00050558238581288606 0.00014998427598157481 0.00078670766213326726 3.1171029433608054e-05
leaf_weight=7.9999999999999991 33 45 37.5 49.5 1.9999999999999989 55 44 44 38.5 23 26 32.5 3.9999999999999991 21 88.5 34 26 20 67.5 21 32 21 20 21 43 82 42 58 38.5 24 58.5 3.9999999999999991 419 56 104 26 55 36 50 20 48 98 20 40
leaf_count=8 18 30 15 27 2 30 24 24 21 23 26 13 4 21 43 34 22 20 32 21 32 21 20 21 36 38 24 25 19 24 28 4 232 36 96 22 28 22 26 20 36 46 20 16
internal_value=2.6579e-12 -2.68973e-05 -0.00121207 2.1495e-05 7.64009e-06 0.000140262 -5.8671e-05 -0.000509677 0.000772881 3.52934e-05 6.32608e-05 2.84544e-05 0.000147068 0.000164918 -0.000132871 0.000127315 0.000234438 -0.000211845 0.000417076 0.000247911 -2.62986e-05 -0.00026951 -0.000522396 -0.00100723 -0.000169708 -3.96981e-07 0.000215641 0.000247401 -4.36831e-05 -5.95982e-05 0.00012774 -2.76213e-05 -2.23404e-05 -2.72045e-05 -7.36498e-05 3.83358e-05 -0.000108066 -7.66835e-05 -0.000254467 -2.22728e-05 2.78857e-05 -4.47455e-05 0.000365621 -0.000261604
internal_weight=2136 2103 82.5 2020.5 1971 657 1314 88 93.5 563.5 540.5 514.5 296.5 294.5 218 290.5 213.5 62 151.5 42 1226 118 86 42 77 1108 124 125.5 185.5 44 97 984 976 972 553 130 423 367 86 281 226 186 40 88
internal_count=1350 1332 45 1287 1260 420 840 48 51 369 346 320 217 215 103 211 141 62 79 42 792 118 86 42 70 674 62 57 90 44 47 612 604 600 368 118 250 214 48 166 138 98 40 52
is_linear=0
shrinkage=0.08


Tree=95
num_leaves=45
num_cat=0
split_feature=37 28 11 36 16 10 4 10 5 4 5 37 37 4 14 37 14 37 37 34 37 37 37 22 18 21 37 22 37 34 1 18 0 10 29 4 37 29 36 31 37 21 30 19
split_gain=0.0166959 0.0794349 0.0695266 0.00526834 0.175324 0.142977 0.0210279 0.00851481 0.00271287 0.00169279 0.00191754 0.00263889 0.000630599 0.00341732 0.000788863 0.00130731 0.000613116 0.00156036 0.000712509 0.000542801 0.000521014 0.00258719 0.00223217 0.01261 0.0050668 0.00197976 0.00159496 0.000935859 0.000789533 0.0051319 0.00198372 0.00164938 0.00104593 0.000966689 0.000777616 0.000800667 0.000610733 0.000694877 0.000557197 0.000543416 0.000589749 0.00131763 0.000852689 0.000508644
threshold=17.475000000000005 36.700000000000003 9.9550000000000018 1.5000000000000002 6.0057692307692303 9.8950000000000014 17.710000000000004 9.8000000000000025 11.868846153846155 17.400000000000002 12.01346153846154 9.7850000000000019 16.210000000000004 16.740000000000006 7.3050000000000006 7.5300000000000002 7.7550000000000008 9.9950000000000028 9.7850000000000019 50.300000000000004 3.6250000000000004 3.0500000000000003 5.3900000000000015 65.700000000000017 17.200000000000006 2.3000000000000003 5.9750000000000005 15.100000000000001 15.345000000000001 67.500000000000014 16.165000000000003 4.7000000000000002 16.505000000000006 7.7300000000000013 1.0000000000000002 16.575000000000003 10.875000000000002 8.4000000000000004 2.5000000000000004 8.1000000000000014 9.7950000000000017 3.3000000000000003 5.5000000000000009 13.900000000000002
decision_type=2 2 2 2 2 2 2 2 2 2 2 2 2 2 2 2 2 2 2 2 2 2 2 2 2 2 2 2 2 2 2 2 2 2 2 2 2 2 2 2 2 2 2 2
left_child=2 -2 3 4 -1 7 12 9 -3 20 11 -11 14 -14 19 -16 17 -17 -18 43 21 27 23 25 26 -22 -24 -5 34 30 31 -30 -32 -34 -28 39 37 -37 -35 40 41 -36 -42 -6
right_child=1 8 -4 5 6 -7 -8 -9 -10 10 -12 -13 13 -15 15 16 18 -19 -20 -21 22 -23 24 -25 -26 -27 28 -29 29 -31 32 -33 33 38 35 36 -38 -39 -40 -41 42 -43 -44 -45
leaf_value=0.0047995451785097223 0.0053549345227934062 -0.0011233544846375784 -0.0027985885758933268 0.00027753760191527279 -2.132760597163582e-05 -0.0048936227532593831 -0.0020978959900007318 0.0012340192720293999 2.0789561030041011e-05 0.00010916504568674348 -9.5078764931747203e-05 0.00091219029668718578 -0.0011160741492640227 0.00024323131993477201 0.00057338158662120504 -0.00050207733241624619 0.00024951441772282123 0.000168245709728976 -6.1301450382490635e-05 -0.0004302763458690606 -0.00016901543218409643 0.00099053949466906496 0.00083942307358873748 -0.0021348177939653394 0.000900991102680564 0.00085854152403771881 0.0001038791764155616 -0.00044482798885534669 0.00093635820737108589 0.0013399245437467472 -0.00073575136500453071 -9.1065955813974148e-05 -0.00055146284168586138 -0.00016709402558349429 -0.00026720727247924641 -5.5770211012116563e-05 -0.00026531102813102985 0.00022975995534342593 0.00041567916360994185 -0.0003010069511925822 -1.5062245074659586e-05 0.00025361689870982473 -0.00056653020383023165 -0.00038707800944776913
leaf_weight=49.5 21 21 57 22 166.5 38 33.5 40 36 55 54 50 20 29 30 43 97.5 46 91.5 32 30 20 13.999999999999998 20 41 20 159 24 20 20 22 20 20 21 58 134 44 92 21 136 38 67 34 28.5
leaf_count=22 21 21 27 22 135 18 16 20 36 22 24 28 20 29 12 18 39 25 49 26 30 20 14 20 34 20 94 24 20 20 22 20 20 21 24 58 22 40 21 72 26 34 20 24
internal_value=8.9542e-12 0.00114887 -4.3543e-05 3.49365e-05 0.000218514 -5.6852e-05 -0.000148711 8.49669e-05 -0.000400737 4.83728e-05 0.000292323 0.000491558 -3.68996e-05 -0.000311587 -1.17413e-05 7.16558e-05 1.75128e-05 -0.000155618 9.90401e-05 -0.000124897 1.30145e-05 0.00023092 -9.34829e-07 -0.000437086 3.08347e-05 0.000242007 -7.94397e-06 -9.93488e-05 -2.10379e-05 0.000150756 -4.10456e-05 0.000422646 -0.000261851 -9.3693e-05 -5.35029e-05 -9.50017e-05 7.37416e-06 6.04633e-05 0.000124293 -0.000178009 -9.30969e-05 1.19545e-05 -0.000275478 -7.47834e-05
internal_weight=2136 78 2058 2001 667 1334 617.5 1296 57 1256 159 105 584 49 535 308 278 89 189 227 1097 66 1031 70 961 50 920 46 906 144 124 40 84 62 762 603 270 226 42 333 197 125 72 195
internal_count=1350 78 1272 1245 415 830 393 812 57 792 74 50 377 49 328 143 131 43 88 185 718 66 652 70 582 50 548 46 534 144 124 40 84 62 390 296 120 98 42 176 104 58 46 159
is_linear=0
shrinkage=0.08


Tree=96
num_leaves=45
num_cat=0
split_feature=4 4 10 36 4 4 36 16 31 29 11 17 16 0 30 30 14 33 29 29 22 22 30 16 0 34 30 16 19 33 22 27 34 31 29 22 22 33 5 0 21 33 31 31
split_gain=0.0147508 0.0170573 0.00342654 0.00244429 0.00583605 0.00286295 0.0022425 0.00213354 0.0014962 0.00105726 0.00154431 0.000868633 0.000864374 0.000671616 0.000590876 0.00051902 0.000495716 0.000748814 0.000689257 0.000702607 0.000576045 0.000604761 0.000394008 0.000350001 0.000440518 0.00037192 0.000644435 0.000358208 0.000355461 0.000330246 0.00030021 0.000252347 0.000159245 0.000194915 0.000234733 0.000194898 0.000282983 0.000170477 0.000163202 0.000219666 0.000139091 0.000129008 0.000128709 0.000122841
threshold=17.98 17.955000000000002 9.9450000000000021 2.5000000000000004 17.475000000000005 17.545000000000005 1.5000000000000002 6.0057692307692303 3.5000000000000004 8.1000000000000014 3.9500000000000006 14.600000000000001 6.0453846153846165 17.430000000000003 6.0000000000000009 8.1000000000000014 7.8050000000000006 8.8000000000000025 5.5000000000000009 1.9000000000000001 0.70000000000000018 15.100000000000001 14.900000000000002 7.2300000000000013 14.485000000000001 21.900000000000006 1.9000000000000001 8.9800000000000022 0.90000000000000013 2.5000000000000004 2.7000000000000006 9.5000000000000018 122.50000000000001 16.100000000000005 12.300000000000002 22.600000000000005 36.70000000000001 6.1000000000000005 10.065000000000003 16.295000000000005 8.9000000000000021 0.50000000000000011 0.50000000000000011 6.1000000000000005
decision_type=2 2 2 2 2 2 2 2 2 2 2 2 2 2 2 2 2 2 2 2 2 2 2 2 2 2 2 2 2 2 2 2 2 2 2 2 2 2 2 2 2 2 2 2
left_child=1 2 3 5 9 12 8 -6 -7 11 -11 16 -1 23 -12 -16 17 18 19 20 -5 -22 -17 32 25 26 27 -25 30 -23 -29 -8 33 34 35 38 -37 -36 39 -14 -26 -18 -41 -44
right_child=-2 -3 -4 4 7 6 31 -9 -10 10 14 -13 13 -15 15 22 41 -19 -20 -21 21 29 -24 24 40 -27 -28 28 -30 -31 -32 -33 -34 -35 37 36 -38 -39 -40 42 -42 -43 43 -45
leaf_value=0.00047493283404037356 0.0016782630776817147 -0.0012920895508829167 0.00067214193104794524 -0.00011501352535560727 0.00034921566518305832 -0.0010466261448145106 6.1401256009355768e-05 0.0011148421637798575 -0.00034133423506826552 -0.00090928597173963984 0.00014571539399659504 0.00052328097280757179 0.00021927456980020823 -0.00025951133303150729 -0.0004361623947536855 0.00013579798558364728 4.4755530725051838e-05 -9.9069797118803618e-05 0.0005079469705233351 -0.00018826750468518307 0.00062910768219776318 -3.9909352851100267e-05 -0.00022901307709980757 0.0001862651844775038 -0.00036161319352686407 0.00026231017914445451 -0.00045774814733401094 2.8073168553722402e-05 0.00013447884276198845 0.0003508884330550509 -0.00032661319427591351 -0.00022824901700406881 -0.00013726380738345061 0.00015405623186823158 0.00022023494328515464 -0.00027540424150892682 -3.0147913393789322e-05 1.8197849414057353e-05 -4.75289244749039e-05 0.00012944939431988381 -0.00013493182820578415 -0.00013688440692702217 -6.0673402458302341e-05 8.5755042562430558e-05
leaf_weight=22 33 66 49.5 24 49.5 38.5 38.5 44 38.5 14.999999999999998 57.5 29 44 77 33 36 38.5 66.5 40 33.5 28.5 25 40 42 41 24 24 24 30 31 42 38.5 44 63 52 38 145 55 154 55 30 71.5 110 55
leaf_count=12 18 36 27 24 27 21 21 24 21 15 33 24 24 42 18 21 21 39 24 24 21 24 24 42 36 24 24 24 30 21 42 21 24 36 30 24 84 30 84 30 30 39 60 30
internal_value=1.46963e-12 -2.63351e-05 1.46761e-05 -1.69851e-06 0.000123768 -6.44317e-05 -0.000388702 0.00070951 -0.00069398 2.75167e-05 -0.000131823 0.000102149 -2.17864e-05 -3.12972e-05 -6.17809e-05 -0.00017124 6.80828e-05 0.000130671 0.000214615 0.000131987 0.000230867 0.000329105 -5.62078e-05 -1.49049e-05 -9.63078e-05 -3.15968e-05 -7.51386e-05 -8.59779e-06 -9.38503e-05 0.000176425 -0.000197636 -8.34239e-05 1.07644e-05 1.92122e-05 7.2134e-06 -1.2223e-05 -8.10755e-05 0.000116384 1.79206e-05 5.60994e-05 -0.000265832 -7.33104e-05 2.34644e-05 -1.18639e-05
internal_weight=2136 2103 2037 1987.5 662.5 1325 154 93.5 77 569 181.5 387.5 1171 1149 166.5 109 358.5 248.5 182 142 108.5 84.5 76 1072 257 186 162 138 96 56 66 77 815 771 708 601 183 107 418 264 71 110 220 165
internal_count=1350 1332 1296 1269 423 846 84 51 42 372 111 261 762 750 96 63 237 177 138 114 90 66 45 708 252 186 162 138 96 45 66 42 456 432 396 336 108 60 228 144 66 60 120 90
is_linear=0
shrinkage=0.08


Tree=97
num_leaves=45
num_cat=0
split_feature=37 1 11 31 36 11 12 2 2 27 29 37 37 11 35 16 17 22 34 37 14 10 37 34 0 37 15 15 20 30 35 32 32 20 20 33 20 11 17 22 10 34 34 31
split_gain=0.0150668 0.0689223 0.0448871 0.00586153 0.00482621 0.205628 0.161628 0.0134181 0.00477032 0.0017196 0.000828848 0.00166528 0.00273231 0.000989352 0.00084956 0.00408116 0.00248559 0.00247332 0.00211687 0.000680685 0.00246879 0.00296364 0.000842032 0.00374052 0.00204394 0.000678209 0.00206775 0.000566134 0.000565897 0.000527171 0.000509424 0.00140609 0.00114072 0.00103276 0.000535901 0.000748364 0.00133808 0.000675972 0.00130755 0.000498251 0.000949437 0.000672649 0.000907978 0.000554953
threshold=17.545000000000005 17.775000000000002 9.9550000000000018 5.7000000000000002 2.5000000000000004 9.8950000000000014 9.8250000000000011 17.910000000000004 17.910000000000004 6.6000000000000005 8.1000000000000014 4.745000000000001 3.0500000000000003 5.0500000000000016 1.5000000000000002 6.705000000000001 12.900000000000002 40.300000000000004 41.800000000000004 16.245000000000001 7.6250000000000009 8.6700000000000017 11.760384615384618 71.100000000000023 17.795000000000005 10.435000000000002 2.5750000000000002 2.0784615384615379 19.300000000000004 2.1000000000000005 1.5000000000000002 13.300000000000002 13.300000000000002 5.9000000000000012 7.6000000000000005 10.500000000000002 2.5000000000000004 7.8200000000000012 2.5000000000000004 29.300000000000004 2.3250000000000006 3.5000000000000004 9.9000000000000039 8.4000000000000004
decision_type=2 2 2 2 2 2 2 2 2 2 2 2 2 2 2 2 2 2 2 2 2 2 2 2 2 2 2 2 2 2 2 2 2 2 2 2 2 2 2 2 2 2 2 2
left_child=2 -2 4 -3 5 8 7 9 19 10 11 12 -6 -12 16 -16 17 18 27 22 -21 -22 24 -24 28 26 -15 -13 30 -23 32 33 34 39 35 36 37 38 -1 40 -32 -42 -43 -44
right_child=1 3 -4 -5 6 -7 -8 -9 -10 -11 13 14 -14 25 15 -17 -18 -19 -20 20 21 29 23 -25 -26 -27 -28 -29 -30 -31 31 -33 -34 -35 -36 -37 -38 -39 -40 -41 41 42 43 -45
leaf_value=0.00047870302415685726 0.0049854851270183208 -0.0015118856019606546 -0.0021949684567128618 0.00027018437629858791 -7.5013152408328926e-05 0.0057628673717845238 -0.0053261011879738064 0.0016487999353557825 -0.00069359534575293472 0.0006152257734715049 -0.00063126142691111273 0.00018510879712509146 0.0011858230172550645 -0.00023413854302769456 0.00024337205221716142 -0.00068027589470148091 0.00091572940956963136 -0.00056132435721034809 0.00073218539542080287 0.00033021594890776803 -0.0011738241694043748 -0.00036712097283452748 -2.6781257009133698e-05 0.00090868329985395956 -0.00063539067975112377 -0.00031158741335901948 0.00044659564111645175 -0.00016856998704107746 -0.00031897193022273682 0.00021373146906262264 -0.00097954450796047853 0.00039931942652346507 -0.00040060589555650949 -0.00032809154552249412 0.0002563441921735094 0.00020011362701376537 -0.00051065661124250091 -0.00013507879803000832 -0.0001960828114191399 0.00032027849172337508 -0.00031084310816368091 0.00036759784834628758 -9.9141870894910487e-05 0.00015808929740968679
leaf_weight=40 21 21 60 27 22 40 36.5 36 72 33.5 21 60 22 67.5 75.5 51.5 23 36 34 34 26 20 140 34 35 45 49.5 56 37 20 5.9999999999999991 66 56 53 42 62 44 128 34 39 32 55 133 90
leaf_count=34 21 21 30 27 22 20 19 16 32 16 21 47 22 30 32 23 20 26 22 34 26 20 140 20 14 36 23 42 28 20 6 30 30 32 26 32 30 64 24 24 26 28 58 36
internal_value=7.42924e-12 0.00116291 -3.88198e-05 -0.000509471 2.5639e-05 0.00011336 -0.000149803 0.000148908 -6.07386e-05 5.83864e-05 2.5253e-05 9.26137e-05 0.000555405 -0.000114622 3.20101e-05 -0.000131178 0.000131172 3.41572e-05 0.000177073 -2.35725e-05 -0.000223599 -0.000508897 -5.80816e-06 0.000156011 -3.53843e-05 -4.765e-05 5.38644e-05 1.43673e-05 -1.24833e-05 -7.66948e-05 4.03175e-07 5.67361e-05 -6.53648e-05 1.31817e-06 -1.17262e-05 -4.82813e-05 -0.000110885 -2.38058e-05 0.000168666 5.04976e-05 1.72019e-05 3.64938e-05 7.6475e-05 4.6734e-06
internal_weight=2136 69 2067 48 2007 1338 669 632.5 1298 596.5 563 380 44 183 336 127 209 186 150 1226 100 66 1126 174 952 162 117 116 917 40 880 474 406 408 350 308 246 202 74 355 316 310 278 223
internal_count=1350 69 1281 48 1251 834 417 398 814 382 366 256 44 110 212 55 157 137 111 782 100 66 682 160 522 89 53 89 508 40 480 240 240 210 210 184 152 122 58 178 154 148 122 94
is_linear=0
shrinkage=0.08


Tree=98
num_leaves=45
num_cat=0
split_feature=37 27 16 37 6 3 36 31 37 36 4 4 20 37 37 34 28 37 30 29 37 22 21 37 2 30 37 14 12 1 37 37 37 20 18 37 37 18 31 1 33 20 4 1
split_gain=0.0130498 0.064519 0.0346461 0.197864 0.00800881 0.00543724 0.122722 0.186213 0.00570431 0.00132257 0.00822226 0.00324046 0.00063538 0.00431429 0.000910185 0.00357734 0.00245752 0.00203377 0.00153017 0.0014641 0.00577547 0.00229886 0.00138974 0.0012342 0.000896088 0.000752081 0.000519284 0.00205325 0.00303329 0.000376309 0.000368169 0.000699244 0.000404596 0.00214273 0.0017841 0.00141289 0.000860378 0.00164166 0.000610527 0.000499952 0.000351091 0.00077437 0.000555037 0.000483207
threshold=17.630000000000006 11.900000000000002 5.9461538461538463 11.703076923076924 11.911538461538465 17.630000000000006 2.5000000000000004 1.0000000000000002 9.9450000000000021 2.5000000000000004 17.475000000000005 17.630000000000006 11.000000000000002 8.2800000000000011 10.105000000000002 67.500000000000014 23.300000000000001 16.165000000000003 4.6000000000000005 1.5000000000000002 4.1100000000000003 22.600000000000005 2.3000000000000003 7.6650000000000009 16.465000000000007 1.0000000000000002 16.245000000000001 7.6250000000000009 8.8000000000000025 14.820000000000002 2.3250000000000006 2.5300000000000007 4.3200000000000012 5.9000000000000012 2.1000000000000005 5.1300000000000017 7.0900000000000007 12.900000000000002 26.500000000000004 15.195000000000002 16.100000000000005 7.6000000000000005 16.155000000000005 15.195000000000002
decision_type=2 2 2 2 2 2 2 2 2 2 2 2 2 2 2 2 2 2 2 2 2 2 2 2 2 2 2 2 2 2 2 2 2 2 2 2 2 2 2 2 2 2 2 2
left_child=2 4 3 -1 -2 9 7 -7 -9 11 12 26 14 -14 19 16 17 18 29 22 -21 23 25 -22 -25 -11 30 -28 -29 -16 -4 -32 33 34 -33 -34 37 39 40 -37 41 42 -38 -43
right_child=1 -3 5 -5 -6 6 -8 8 -10 10 -12 -13 13 -15 15 -17 -18 -19 -20 20 21 -23 -24 24 -26 -27 27 28 -30 -31 31 32 35 -35 -36 36 38 -39 -40 -41 -42 43 -44 -45
leaf_value=0.0016332006560017664 -0.0017807237623769434 0.0047548616492366861 -0.00055115450581070039 -0.0052579059721513969 0.00042870132452143091 0.0065699815945577267 -0.0024622788948832249 -0.00081440892157166509 0.00049640845063896402 0.00023287369253140102 0.0014477543722499501 -0.00083104238817186069 0.00091681755892932416 -0.00039178567851195112 -2.8768287005799789e-05 0.0011333428232146185 -0.0007230414791653554 -0.00029925287152812079 0.00096239193950010374 -0.0019683472346514463 -0.0006036218244651996 0.00035445770864108843 0.00060120454119682752 -0.00038888304561530192 4.0706047893238034e-05 -0.00029558389503230801 0.00030379867167485986 -0.0010932562444525371 4.1006541256425218e-06 0.00042907219193875787 0.001049332320690155 -0.00038049116451293236 0.00056390388573553151 -0.00090040690393652771 0.00049198650963565651 -0.00025259086165793372 -0.00014280787169080968 -0.00081792447095115973 0.00032365366252825451 0.00023961079753935337 -0.00016933877555032573 0.00050401340604626702 2.5181319792530413e-05 0.00010913918157765532
leaf_weight=60 21 21 7.9999999999999991 48 21 38 61.5 43 42 35.5 27.5 33 32.5 32 27 21 24 38 23 10.999999999999998 43.5 56 34 48.5 86.5 33.5 34 28 38 20 3.9999999999999991 30 28 20 30 28 171 24 38 25 75 28 477 68
leaf_count=24 21 21 8 24 21 18 29 18 22 28 15 18 24 24 27 17 16 38 17 11 18 33 25 22 38 17 34 28 38 14 4 30 28 20 30 28 126 18 18 16 38 24 222 40
internal_value=-8.99351e-12 0.00113428 -3.44716e-05 -0.00142951 -0.000676011 4.22024e-05 0.000455603 0.00191454 -0.000166711 -6.35167e-07 9.68735e-05 -4.93895e-05 3.12388e-05 0.000267588 8.40932e-07 0.000163499 9.20538e-06 0.000171927 0.00042771 -7.05698e-05 -0.00017678 -9.27406e-05 0.000182582 -0.000233038 -0.000113628 -2.36963e-05 -2.70372e-05 -0.000201262 -0.000461445 0.000166057 -1.05073e-05 -6.37236e-06 -1.0425e-05 -0.000183291 5.57477e-05 3.95058e-06 -1.2836e-05 -0.000268993 1.01792e-05 -2.04203e-05 -4.36535e-06 1.2265e-05 -1.91492e-05 0.000224311
internal_weight=2136 63 2073 108 42 1965 184.5 123 85 1780.5 593.5 1187 566 64.5 501.5 153 132 108 70 348.5 245.5 234.5 103 178.5 135 69 1154 100 66 47 1054 1046 1042 80 60 962 934 77 857 53 819 744 648 96
internal_count=1350 63 1287 48 42 1239 87 58 40 1152 384 768 369 48 321 129 112 96 58 192 122 111 70 78 60 45 750 100 66 41 650 642 638 80 60 558 530 62 468 44 450 412 348 64
is_linear=0
shrinkage=0.08


Tree=99
num_leaves=45
num_cat=0
split_feature=27 10 36 2 8 10 10 10 9 36 5 32 35 18 18 22 15 32 16 10 34 31 18 22 28 1 15 32 17 30 32 15 19 31 23 18 10 36 22 22 22 2 29 0
split_gain=0.00842063 0.01149 0.00147384 0.0112301 0.0115379 0.00892661 0.0136793 0.00416114 0.00192899 0.00222478 0.0013518 0.00080763 0.000620071 0.00411855 0.00384174 0.00356178 0.00339561 0.00156875 0.0017516 0.001503 0.0013054 0.00122153 0.00183754 0.00102043 0.00108222 0.000984018 0.000816382 0.00078972 0.000545244 0.000488697 0.000430675 0.000575435 0.000488651 0.000429605 0.000410129 0.000322251 0.000285596 0.000277478 0.0002553 0.000796104 0.000750173 0.000632497 0.000388885 0.000359585
threshold=22.700000000000006 9.9550000000000018 1.5000000000000002 17.910000000000004 11.703076923076924 9.9200000000000017 9.8550000000000022 9.7050000000000018 11.345000000000002 2.5000000000000004 11.992692307692311 19.000000000000004 1.5000000000000002 11.800000000000002 17.200000000000006 45.400000000000013 0.094999999999998877 8.4000000000000004 6.620000000000001 9.0900000000000016 93.300000000000026 2.1000000000000005 0.50000000000000011 57.000000000000007 27.699999999999999 16.165000000000003 2.6250000000000004 3.1000000000000005 5.9000000000000012 6.3000000000000016 10.800000000000002 3.1650000000000005 13.900000000000002 9.1000000000000014 6.2000000000000011 8.2000000000000011 8.6700000000000017 2.5000000000000004 19.300000000000004 5.4000000000000012 3.4000000000000004 16.165000000000003 7.5000000000000009 14.390000000000002
decision_type=2 2 2 2 2 2 2 2 2 2 2 2 2 2 2 2 2 2 2 2 2 2 2 2 2 2 2 2 2 2 2 2 2 2 2 2 2 2 2 2 2 2 2 2
left_child=1 2 3 4 7 6 8 11 12 29 -11 30 14 15 16 17 -4 19 -19 21 23 22 -14 24 26 -23 28 -25 38 -10 31 32 35 37 -26 36 -1 -28 39 40 42 -41 -18 -40
right_child=-2 -3 5 -5 -6 -7 -8 -9 9 10 -12 -13 13 -15 -16 -17 20 18 -20 -21 -22 25 -24 27 34 -27 33 -29 -30 -31 -32 -33 -34 -35 -36 -37 -38 -39 43 41 -42 -43 -44 -45
leaf_value=-5.8800681377529621e-05 0.0012680146721840808 -0.0012243105023346766 0.001349766644804428 -0.0013230277587320993 0.0014550502395088022 -0.0012427448481321336 0.0016977133872834119 -0.0010424670563502745 -0.00019130682209869484 0.00095357255744082589 0.00028317631137641993 -0.00033936463077278696 5.0575826317071919e-05 -0.00083374905912205572 0.00086650731145507752 0.00076530244755181108 5.9133805228949285e-05 -1.9487068722290653e-05 -0.00061682825270844134 -0.00030241850484162569 0.0003917961151455529 -0.00033546182228019457 0.00078986718916358104 -0.00064389281937231617 -0.00011528757462898891 0.00014142119209282101 0.00018521547524465458 -7.2563291578262582e-05 -0.00035960633049918601 0.00021177598553431498 0.00015953881423589746 -0.00039193861855363305 -0.00031706946650667797 -1.8062545374656718e-05 -0.00053360394823054476 0.00022412033199712081 0.00010495668278389517 0.00049931536460967943 0.0003975009347777814 -0.00053216917603276669 0.00042787226351598902 -5.1218703516670277e-05 -0.00023954080094376371 -6.9444606368265611e-06
leaf_weight=251.5 33 49.5 11.999999999999998 44 33 33 33 27.5 38.5 38.5 38.5 51 48 40 36 37 124 70 57 60 48 40 39 30 30 90 36 32 28 38.5 84.5 27.5 31.5 30 30 40.5 93.5 36 24 30 30 42 36 34
leaf_count=177 18 27 8 24 18 18 18 15 21 21 21 30 36 28 32 28 96 28 24 24 32 22 24 20 20 36 24 28 28 21 51 15 27 20 20 27 51 24 24 28 20 28 24 24
internal_value=-1.23322e-11 -1.98975e-05 9.13507e-06 -8.6713e-05 -1.78267e-06 5.70591e-05 8.9165e-05 -8.09193e-05 4.84266e-05 0.000314305 0.000618374 -3.53286e-05 1.27911e-05 -5.64663e-05 6.26607e-05 1.40355e-05 1.68719e-05 -5.47686e-05 -0.000287585 5.19739e-05 -8.92604e-06 0.000149963 0.000381982 -4.25531e-05 -5.29715e-06 -5.31204e-06 3.7256e-05 -0.000349013 -2.10806e-05 1.02346e-05 -6.01705e-06 -3.74894e-05 -1.41145e-05 0.000236287 -0.000324446 1.06406e-05 -1.44201e-05 0.000342265 8.54044e-06 -2.508e-05 6.07647e-05 -0.000251615 -8.06798e-06 0.000160412
internal_weight=2136 2103 2053.5 684.5 640.5 1369 1336 607.5 1303 154 77 580 1149 481 668 441 632 404 127 277 620 217 87 572 510 130 450 62 348 77 529 444.5 417 102 60 385.5 345 72 320 262 190 72 160 58
internal_count=1350 1332 1305 435 411 870 852 393 834 84 42 378 750 250 500 222 468 194 52 142 460 118 60 428 380 58 340 48 272 42 348 297 282 68 40 255 228 48 244 196 140 56 120 48
is_linear=0
shrinkage=0.08


Tree=100
num_leaves=45
num_cat=0
split_feature=37 10 10 37 3 16 37 0 26 18 36 37 22 10 2 36 15 3 36 15 16 15 5 15 4 37 22 15 34 22 35 35 32 17 17 20 37 24 37 35 32 32 20 34
split_gain=0.0108474 0.226756 0.115168 0.0178014 0.00641433 0.00527347 0.00230726 0.00315365 0.00222155 0.00075184 0.00146108 0.00224968 0.00212022 0.00113634 0.000874041 0.000736912 0.000875816 0.000704462 0.000606515 0.0063859 0.00245456 0.00142939 0.00323152 0.00194835 0.00133786 0.00102245 0.00185737 0.00100308 0.000785087 0.00103796 0.00101161 0.000727283 0.000536438 0.000890345 0.0007286 0.00041849 0.000402555 0.000713998 0.000540798 0.000473742 0.00179083 0.00132315 0.000754223 0.000525532
threshold=11.703076923076924 9.9550000000000018 9.9350000000000005 11.911538461538465 17.910000000000004 6.0350000000000028 17.475000000000005 17.820000000000004 10.400000000000002 1.5000000000000002 2.5000000000000004 16.590000000000003 3.4000000000000004 9.3250000000000011 16.660000000000004 1.5000000000000002 2.1715384615384621 16.155000000000005 2.5000000000000004 -0.065000000000001265 6.0453846153846165 2.475000000000001 8.6300000000000008 2.2850000000000006 17.630000000000006 9.8750000000000018 22.600000000000005 2.2350000000000008 21.900000000000006 0.70000000000000018 1.5000000000000002 1.5000000000000002 3.5000000000000004 12.900000000000002 6.4000000000000012 19.300000000000004 10.105000000000002 4.1000000000000005 9.9950000000000028 1.5000000000000002 14.100000000000003 19.000000000000004 5.9000000000000012 3.5000000000000004
decision_type=2 2 2 2 2 2 2 2 2 2 2 2 2 2 2 2 2 2 2 2 2 2 2 2 2 2 2 2 2 2 2 2 2 2 2 2 2 2 2 2 2 2 2 2
left_child=2 3 5 -2 6 -1 8 -8 9 10 13 12 -12 14 15 17 -17 -5 24 -20 -21 23 -23 27 35 26 -24 28 29 30 -22 -31 34 -34 -11 36 38 -38 39 40 -7 42 43 -41
right_child=1 -3 -4 4 -6 18 7 -9 -10 32 11 -13 -14 -15 -16 16 -18 -19 19 20 21 22 25 -25 -26 -27 -28 -29 -30 31 -32 -33 33 -35 -36 -37 37 -39 -40 41 -42 -43 -44 -45
leaf_value=-0.00060126725966349627 0.0017566684178180164 -0.0079102356421450765 0.0034586953254978339 3.7327553145587443e-05 -0.00096456620794318343 -5.7405020400823038e-06 -0.0012495165659735601 0.00013692731348176798 0.00076766377073471197 -0.00042802324509938006 -0.0004310342891161175 0.0010444360573698458 0.00065624935803829099 -0.0005321523525102142 0.00046189932950905393 -0.00014559294378462559 0.00057121377510338783 -0.0006028825366361575 0.0021915756165981292 0.0018029391765594482 0.0001680342696231997 0.0010825339720948884 -0.00041515234293631065 -0.00055037074482836999 -0.00050156461376998874 0.00036497434088960296 0.00025472202911731547 0.00038372819454719629 -0.0003086641457727334 5.5746067888461626e-06 -0.00040677659603398901 0.00059316272963769732 0.00018676291515548079 -0.00041472775018995718 4.9110653750231551e-05 -0.00027431765048940843 -0.00039132189598273145 4.6549011021852496e-05 0.00026871473617995015 -0.00026161562622291969 -0.00064589107874780895 0.00049544218641061049 -0.00027378271940111553 7.7287520341865347e-05
leaf_weight=97.5 36 24 63 22 48 222 21 21 27 54 24 24 22 24 28 24 20 22 8.9999999999999982 4.9999999999999991 36 23 52 49 37 50 54 37.5 60 26 43 28 63 21 33 37 44 52 52 32 32 39 53 345
leaf_count=39 18 18 27 22 36 146 21 21 15 54 22 24 22 24 24 24 20 22 4 2 22 20 21 24 16 25 26 20 30 22 22 22 63 21 33 28 22 26 26 26 18 18 32 162
internal_value=8.704e-12 -0.000303171 0.000107205 3.87193e-05 -8.54698e-05 -3.21638e-05 8.30047e-06 -0.000556295 6.64206e-05 1.67262e-05 0.000118136 0.000416559 8.89709e-05 -3.1076e-05 7.2595e-05 -5.12746e-05 0.000180228 -0.000282777 6.98083e-06 8.09864e-05 4.00041e-05 2.07791e-05 0.000197285 -9.22607e-05 -3.00219e-05 6.67679e-05 -7.38956e-05 5.12492e-06 -6.84379e-05 3.99349e-05 -0.000144837 0.00031025 -0.000107812 3.63902e-05 -0.000247041 -1.08071e-05 3.86798e-07 -0.000154142 1.95284e-05 1.60629e-06 -8.63894e-05 4.92628e-05 8.79537e-06 4.85212e-05
internal_weight=2136 558 1578 534 498 1515 450 42 408 381 210 70 46 140 116 88 44 44 1417.5 472.5 463.5 458.5 179 279.5 945 156 106 230.5 193 133 79 54 171 84 87 908 871 96 775 723 254 469 430 377
internal_count=1350 504 846 486 468 819 432 42 390 375 204 68 44 136 112 88 44 44 780 260 256 254 92 162 520 72 47 138 118 88 44 44 171 84 87 504 476 48 428 402 164 238 220 188
is_linear=0
shrinkage=0.08


Tree=101
num_leaves=45
num_cat=0
split_feature=37 28 12 35 36 13 12 4 4 5 34 35 30 37 37 15 37 18 37 34 23 34 22 37 30 15 37 37 30 8 37 6 16 34 14 37 33 37 15 15 0 29 33 16
split_gain=0.0143228 0.099482 0.0350163 0.143241 0.00705219 0.192589 0.15835 0.0110262 0.00970945 0.00529016 0.00173681 0.00432488 0.000547904 0.00283571 0.000830177 0.00618079 0.00400135 0.00399317 0.00107237 0.000868145 0.000737694 0.00078267 0.000590991 0.000425687 0.000883852 0.000618767 0.0012396 0.00118886 0.00083661 0.000508307 0.000341328 0.0046851 0.00287027 0.00194599 0.00080734 0.000974595 0.000705032 0.0011526 0.000728029 0.000646444 0.000643273 0.000381052 0.000339537 0.000291831
threshold=17.430000000000003 34.900000000000006 9.9350000000000005 1.5000000000000002 1.5000000000000002 9.7700000000000014 9.8550000000000022 17.935000000000006 17.845000000000002 11.832692307692311 112.70000000000003 1.5000000000000002 7.1000000000000005 5.3900000000000015 4.8450000000000006 2.1715384615384621 5.1700000000000008 17.200000000000006 16.380000000000006 9.9000000000000039 10.400000000000002 69.000000000000014 5.9000000000000012 7.3050000000000006 7.8000000000000007 2.8650000000000002 10.105000000000002 10.675000000000002 12.300000000000002 9.9200000000000017 11.760384615384618 10.115 6.0057692307692303 48.400000000000013 7.5750000000000002 8.0350000000000019 3.3000000000000003 8.8800000000000008 2.6488461538461547 2.4450000000000007 14.240000000000002 5.5000000000000009 1.7000000000000004 6.0700000000000012
decision_type=2 2 2 2 2 2 2 2 2 2 2 2 2 2 2 2 2 2 2 2 2 2 2 2 2 2 2 2 2 2 2 2 2 2 2 2 2 2 2 2 2 2 2 2
left_child=2 -2 4 -4 5 8 7 10 30 -3 12 -12 14 -14 15 19 -16 18 20 -6 21 43 -20 -15 -25 26 29 -27 -28 -26 32 33 -1 41 36 -36 37 40 -38 42 -34 -32 -37 -18
right_child=1 9 3 -5 6 -7 -8 -9 -10 -11 11 -13 13 23 16 -17 17 -19 22 -21 -22 -23 -24 24 25 27 28 -29 -30 -31 31 -33 34 -35 35 39 38 -39 -40 -41 -42 -43 -44 -45
leaf_value=-0.0010533334357397898 0.0057824281248308367 -0.0016389031794829818 -0.0047757351357075907 0.0016073822859260772 0.00022313929721028272 0.0058907542232270928 -0.005033662013709546 0.0014585636463016272 -0.001457666087718237 -6.3984248643884293e-05 0.00096094021629098629 -0.00020138883264735343 -0.0011117301060585305 0.0002896116007692539 -0.00123114228452323 0.0015191957624629141 0.00028123342990875246 0.00088123925342889768 0.00014017778288689443 -0.00033330430518713243 0.00032638958965738619 -0.00035273377460484602 0.00069453797396272412 -0.00047583804731922489 0.0001344197526412579 5.3609558780278485e-05 0.00067164348860387696 -0.00048477271882196269 1.2070121418219059e-05 -0.00021287041522252063 -7.9508728935922445e-05 0.00097571298743908601 0.00016995850497753256 -0.00080953739401276993 0.00041573129706084724 -3.6035722325323147e-05 -0.00045856739482227362 0.00059606231749057773 -7.9909515500600862e-05 -0.0002478299859199631 -0.0002837455218864812 0.00031913259515671858 0.00025078294715578003 -3.0303793972584992e-05
leaf_weight=17.5 21 21 45 45 34 36.5 40 36 31.5 39 42 40 15.999999999999998 26 15.999999999999998 20 20 35 32 38 36 49 20 28 49 70 32 42 20 60 57 30 36 23 50 50 53 20 84 44.5 45 21 56 509
leaf_count=7 21 21 27 18 34 19 20 16 14 39 26 16 16 20 16 20 10 28 32 38 16 24 20 16 22 30 28 28 18 26 57 22 36 23 20 23 38 10 40 20 32 21 26 296
internal_value=2.48039e-12 0.00104344 -4.11283e-05 -0.00158418 2.95457e-05 0.000243877 -7.762e-05 7.84758e-05 -8.93663e-05 -0.000615206 3.82139e-05 0.00039395 1.28924e-05 -7.18388e-05 4.88167e-05 0.000275055 1.97875e-05 4.83394e-05 4.5684e-06 -7.05393e-05 -2.49738e-05 -4.6858e-05 0.000353393 -2.09572e-05 -4.77838e-05 -3.88076e-06 9.65735e-05 -0.000148284 0.000417961 -5.67491e-05 -1.59397e-05 9.78765e-05 -4.86369e-05 -0.000162867 -8.54066e-06 0.000109727 -0.000108173 5.21901e-05 -0.000226398 8.06395e-06 -8.20993e-05 2.78178e-05 0.000115491 -1.85254e-05
internal_weight=2136 81 2055 90 1965 655 1310 1270 618.5 60 1234 82 1152 343 809 92 717 701 666 72 614 578 52 327 301 273 161 112 52 109 587 131 456 101 438.5 200.5 238 101 137 150.5 81 78 106 529
internal_count=1350 81 1269 45 1224 408 816 796 389 60 780 42 738 204 534 92 442 426 398 72 346 330 52 188 168 152 94 58 46 48 375 123 252 101 245 89 156 78 78 69 68 78 49 306
is_linear=0
shrinkage=0.08


Tree=102
num_leaves=45
num_cat=0
split_feature=37 1 10 25 11 36 35 37 25 36 0 10 37 14 37 37 37 37 22 20 17 17 33 37 24 33 13 32 37 36 37 23 23 33 20 37 17 37 32 31 21 34 36 17
split_gain=0.0133911 0.0638341 0.0384363 0.00427761 0.00216623 0.0404367 0.0700383 0.00145513 0.00112026 0.0010367 0.00270638 0.00180517 0.00147887 0.000765676 0.0013752 0.00373205 0.00117668 0.00261131 0.00406467 0.00245452 0.00212159 0.0013416 0.00120564 0.000979758 0.000710251 0.000769562 0.000356605 0.000347725 0.00264981 0.00132702 0.00056382 0.00307979 0.00137851 0.000598746 0.000777736 0.00048952 0.00107477 0.000669038 0.000590581 0.000550374 0.000435346 0.000583095 0.000464118 0.000415853
threshold=17.545000000000005 17.775000000000002 9.9550000000000018 8.7000000000000011 9.8000000000000025 2.5000000000000004 1.5000000000000002 17.335000000000004 4.4000000000000012 2.5000000000000004 17.795000000000005 9.6700000000000017 16.295000000000005 7.4800000000000013 2.2750000000000004 2.5300000000000007 5.3900000000000015 8.2800000000000011 53.300000000000004 2.5000000000000004 3.7000000000000006 1.0000000180025095e-35 3.3000000000000003 7.8500000000000005 0.50000000000000011 0.50000000000000011 7.8800000000000008 19.000000000000004 8.8450000000000006 1.5000000000000002 9.4550000000000018 8.7000000000000011 7.5000000000000009 10.500000000000002 4.7000000000000002 10.105000000000002 0.3000000000000001 10.875000000000002 10.300000000000002 12.800000000000002 3.3000000000000003 23.700000000000006 1.5000000000000002 0.3000000000000001
decision_type=2 2 2 2 2 2 2 2 2 2 2 2 2 2 2 2 2 2 2 2 2 2 2 2 2 2 2 2 2 2 2 2 2 2 2 2 2 2 2 2 2 2 2 2
left_child=2 -2 4 -3 7 6 -6 9 -9 11 12 27 13 14 -11 -16 20 18 -18 -19 21 -17 -21 -15 25 -25 -27 30 -29 -30 32 35 33 43 -35 36 -32 -37 39 40 41 -39 -42 -1
right_child=1 3 -4 -5 5 -7 -8 8 -10 10 -12 -13 -14 23 15 16 17 19 -20 22 -22 -23 -24 24 -26 26 -28 28 29 -31 31 -33 -34 34 -36 37 -38 38 -40 -41 42 -43 -44 -45
leaf_value=0.00013142270877009282 0.0047751045608449552 -0.0013694595263916112 -0.0020851695223858481 0.00015290793203921231 0.0036541553887183822 -0.001704560791755595 -0.0010233051364193671 -5.2158303996769805e-05 -0.00087849094931568422 -0.0019905563443899156 0.00061330821014877058 -0.00057431544601537388 0.00056071278487445058 -0.0004706744765241941 0.0025406285934150221 -0.00035628285482311011 0.00010946591684062566 0.00044156284821106166 0.0012697943185961222 6.9904910778859625e-05 -0.00090523884457070379 0.0005480037948914937 -0.00055653240476899294 0.00014649133643080645 0.00023638353794813157 -0.0004405602067708969 -0.00012961406927106196 0.00033447171199238966 -0.00079606519461097858 -0.0001043453219700867 -3.6952481393448332e-05 0.00082060383399948475 -0.00048001625430252819 -3.897046213498033e-05 -0.00048760229437094598 -0.00035958847682923082 0.00035341009524321031 3.3159300930694574e-05 0.00028320624051909697 -0.00043812199437525122 0.0003488322739888515 -0.00033147315140408669 -6.3156305180330364e-05 -3.6031841216608884e-05
leaf_weight=153 21 21 57 27 42 41 40 21 21 1.9999999999999989 58.5 38 33 37.5 3.9999999999999991 21 56 41 29.5 32 20 21 51 51 50 35 72.5 45 35.5 35.5 121 32 45 79 36 40 72 72 38 22 35 46 35 250
leaf_count=90 21 21 27 27 26 21 16 21 21 2 26 18 33 15 4 21 26 33 21 24 20 21 36 25 23 19 34 22 21 21 58 16 18 36 24 20 36 72 32 18 30 40 30 164
internal_value=2.48825e-12 0.00109633 -3.65975e-05 -0.000513128 2.14963e-05 0.000346791 0.00137247 2.92676e-07 -0.000465325 1.08921e-05 9.56992e-05 -3.15115e-05 4.12875e-05 8.54438e-06 9.96384e-05 0.000114812 7.90728e-05 0.000169675 0.000509813 -6.48558e-05 -0.000227075 9.58605e-05 -0.000315014 -9.42142e-05 -2.65055e-05 -0.000109436 -0.000230852 -1.42073e-05 -0.000145805 -0.000450205 -2.02503e-08 6.06463e-05 -5.52991e-05 -1.84028e-05 -0.000179412 1.00878e-05 0.000108675 -5.59792e-05 -7.01001e-06 -5.95253e-05 -1.52215e-05 -0.000108986 0.000142838 2.75427e-05
internal_weight=2136 69 2067 48 2010 123 82 1887 42 1845 615 1230 556.5 523.5 277.5 275.5 271.5 209.5 85.5 124 62 42 83 246 208.5 158.5 107.5 1192 116 71 1076 513 563 518 115 481 193 288 248 210 188 118 70 403
internal_count=1350 69 1281 48 1254 63 42 1191 42 1149 383 766 357 324 208 206 202 140 47 93 62 42 60 116 101 78 53 748 64 42 684 352 332 314 60 336 94 242 222 190 172 112 60 254
is_linear=0
shrinkage=0.08


Tree=103
num_leaves=45
num_cat=0
split_feature=37 27 11 6 36 4 11 10 15 4 26 37 37 9 30 37 24 16 16 37 34 2 18 1 37 31 18 37 15 1 30 37 34 24 31 30 16 31 19 37 35 32 37 37
split_gain=0.0117252 0.054513 0.0296537 0.00694996 0.00372503 0.150587 0.118273 0.011642 0.00593968 0.00145721 0.0016021 0.00125931 0.000845428 0.00223256 0.000945747 0.00119434 0.000765342 0.000719966 0.000787178 0.000617617 0.00343583 0.00174601 0.00106915 0.00102582 0.000958354 0.00114753 0.00178431 0.00174602 0.00152079 0.002564 0.000769824 0.000667672 0.000573842 0.000563873 0.000550739 0.000503942 0.000341265 0.000872493 0.00034037 0.00030331 0.000294126 0.00027867 0.000271725 0.000915753
threshold=17.630000000000006 11.900000000000002 9.9550000000000018 11.911538461538465 1.5000000000000002 17.890000000000004 9.8950000000000014 9.7700000000000014 0.094999999999998877 17.400000000000002 8.7000000000000011 17.220000000000002 16.295000000000005 9.9200000000000017 7.1000000000000005 11.760384615384618 5.4000000000000012 6.1950000000000012 6.620000000000001 15.345000000000001 67.500000000000014 16.165000000000003 4.7000000000000002 16.515000000000004 14.280000000000003 4.6000000000000005 8.9000000000000021 6.3850000000000007 2.2350000000000008 15.4 0.3000000000000001 9.3250000000000011 71.100000000000023 2.3000000000000003 3.5000000000000004 1.9000000000000001 7.1300000000000008 3.1000000000000005 0.90000000000000013 7.5300000000000002 1.5000000000000002 1.7000000000000004 5.2400000000000011 3.1100000000000008
decision_type=2 2 2 2 2 2 2 2 2 2 2 2 2 2 2 2 2 2 2 2 2 2 2 2 2 2 2 2 2 2 2 2 2 2 2 2 2 2 2 2 2 2 2 2
left_child=2 3 4 -2 5 8 7 9 -1 11 -11 19 14 -14 16 17 36 -16 -19 24 21 22 -21 -23 25 28 27 -27 30 -30 38 35 41 -34 -26 -32 -10 42 -6 -20 -31 -29 43 -38
right_child=1 -3 -4 -5 6 -7 -8 -9 12 10 -12 -13 13 -15 15 -17 -18 18 39 20 -22 23 -24 -25 34 26 -28 32 29 40 31 -33 33 -35 -36 -37 37 -39 -40 -41 -42 -43 -44 -45
leaf_value=-0.0012416074431755328 -0.001617927955286134 0.0044031863065347792 -0.0017417370980339392 0.00044026660422484076 5.3984539441039991e-05 0.0055746282678511404 -0.0043408320583403111 0.0012853805536442264 8.7143018157934556e-06 0.00052024079845164361 -6.3730628850559389e-06 -0.00046865897175545491 0.00019752594358895138 -0.00090546165117605902 -0.00018352314558896154 0.00063617430913906828 -0.00043729400676157743 0.00050881100973735249 0.00020626670320376031 0.00075966354311359202 0.0011405746068339794 -0.00076755473203957082 -4.8516060400288552e-05 -4.5502536163172304e-05 -0.00068894925492350018 0.00062647251313440692 -0.00056702003390010863 -0.00017674589737518028 0.0008162501121738128 -6.5977775051982868e-06 -5.2580005293221849e-05 3.3911312597169803e-05 -0.00047807477437891065 -6.526121145321263e-05 -9.5255080377683047e-05 -0.00043002906877518402 -0.00026125182439996441 -0.00051984587122523595 0.00036158169526606795 -0.00010932296645991944 0.00021375210789431419 2.5494497084427568e-05 -0.0001817610146260107 0.00046070332679411637
leaf_weight=27.5 21 21 63 21 99 31.5 40 49 222 76 72 36 23 24 55 26 36 31.5 36 22 20 20 20 34 20 24 45 56 42 72 38 83 40 45 20 56 22 31.5 30 42.5 84 197 38.5 23
leaf_count=15 21 21 33 21 84 14 20 24 113 36 32 36 23 24 24 22 16 14 24 22 20 20 20 34 20 24 28 26 36 36 32 48 20 20 20 32 22 29 20 20 36 90 35 23
internal_value=4.2659e-12 0.00107517 -3.26754e-05 -0.000588831 2.08922e-05 0.00017491 -5.61168e-05 7.57206e-05 -9.14813e-05 2.83398e-05 0.00026405 -3.28772e-06 -3.97162e-05 -0.000365702 -1.25508e-05 0.000132218 -8.66818e-05 5.2807e-05 0.000170972 1.24137e-05 0.000186686 -1.20407e-05 0.000374816 -0.000312929 -8.84355e-06 7.98449e-06 -9.19304e-05 -3.28723e-05 8.86697e-05 0.000261427 -2.31147e-05 -0.000131441 -7.96896e-05 -0.000259526 -0.000392102 -0.000277443 -4.92277e-05 -0.000161081 0.000125519 3.54061e-05 0.000112052 -1.92702e-05 -2.57385e-05 0.000107747
internal_weight=2136 63 2073 42 2010 670 1340 1300 638.5 1251 148 1103 611 47 564 191 373 165 110 1067 116 96 42 54 951 911 407 362 504 198 306 177 338 85 40 94 337 115 129 78.5 156 253 83.5 45
internal_count=1350 63 1287 42 1254 418 836 816 404 792 68 724 389 47 342 104 238 82 58 688 116 96 42 54 572 532 208 180 324 108 216 112 156 40 40 64 222 109 104 44 72 116 80 45
is_linear=0
shrinkage=0.08


Tree=104
num_leaves=45
num_cat=0
split_feature=37 37 12 4 37 0 12 2 4 16 16 29 31 14 31 8 36 15 34 34 34 37 18 18 17 21 37 18 37 18 16 37 21 37 36 0 21 0 4 2 37 21 37 26
split_gain=0.0117753 0.196221 0.0998099 0.0865242 0.00598758 0.00631243 0.00240989 0.00203617 0.00177531 0.00102872 0.000927698 0.000532709 0.000509684 0.00115354 0.00107712 0.000764092 0.000697447 0.000797892 0.000553791 0.00046172 0.000459016 0.000460904 0.00807651 0.00255029 0.00212258 0.000841236 0.000694459 0.000688504 0.000629185 0.000988799 0.000475486 0.000414863 0.000337509 0.000237115 0.000233006 0.000524537 0.000295146 0.000254784 0.000198053 0.00017609 0.000714783 0.000560308 0.000256849 0.000694507
threshold=11.703076923076924 11.911538461538465 9.8950000000000014 17.955000000000002 17.475000000000005 17.860000000000003 9.9200000000000017 17.965000000000003 17.345000000000002 5.9665384615384607 6.0057692307692303 3.7000000000000006 4.6000000000000005 7.8350000000000009 3.3000000000000003 9.9200000000000017 1.5000000000000002 2.4900000000000007 40.70000000000001 26.100000000000005 0.80000000000000016 5.535000000000001 17.200000000000006 15.500000000000002 13.900000000000002 5.0000000000000009 2.7650000000000001 2.1000000000000005 4.3200000000000012 1.0000000180025095e-35 7.1300000000000008 6.5250000000000012 15.500000000000002 9.7450000000000028 1.5000000000000002 14.240000000000002 2.3000000000000003 14.200000000000001 16.185000000000006 16.165000000000003 9.7050000000000018 5.0000000000000009 9.9950000000000028 4.4000000000000012
decision_type=2 2 2 2 2 2 2 2 2 2 2 2 2 2 2 2 2 2 2 2 2 2 2 2 2 2 2 2 2 2 2 2 2 2 2 2 2 2 2 2 2 2 2 2
left_child=3 -2 4 6 7 -6 9 8 12 -1 -11 -10 14 15 18 16 -14 -18 19 34 -12 22 24 30 25 26 -22 28 29 -28 31 -23 39 -32 37 36 -36 -3 -37 40 41 -33 -41 -44
right_child=1 2 -4 -5 5 -7 -8 -9 11 10 20 -13 13 -15 -16 -17 17 -19 -20 -21 21 23 -24 -25 -26 -27 27 -29 -30 -31 33 32 -34 -35 35 38 -38 -39 -40 42 -42 -43 43 -45
leaf_value=-0.00033782792774339514 -0.0052058815723285082 -7.7514144591987136e-05 0.0051805777995953886 0.0035692598960465854 -0.0015950689604505898 -3.0313771091062915e-05 0.00043487884518173008 -0.00070853305204461028 0.00071471383105273592 0.00088783053557078037 0.00069389353816707927 0.00023556353030444095 -0.00024009540571238509 0.00051012073728171265 -0.00054413011608024447 -0.00033049874111182163 0.00062256439424042279 -6.1611429788172245e-05 0.00033188073080964387 -0.00042988595951880726 0.00047566590586765894 0.000340826403349638 -0.00160429368970827 0.00056522346560514592 0.00080890496571858718 -0.00036967776600832649 2.8543410645354364e-05 0.0003168856760883635 0.00010717265045086882 -0.00074779206399051921 -0.00031853438164758429 -9.1044225153468912e-05 -0.00020705544837184398 -3.4261938361894517e-05 0.00030047811409035188 -0.00046718611511592333 -0.00012414778958191164 0.00031701054656878112 -0.00011934656684752553 -3.3643140657554744e-06 -0.00027866827574502115 0.00023392034694552421 0.00021443538398792348 -0.00013103854807990569
leaf_weight=60 48 20 24 45 33 33 81 24 27 7.4999999999999991 5.9999999999999991 33 22 33 30 36 24 20 24 21 21 22.5 21 51 21 39 21 27 33 21 46.5 84 51 31.5 22 22 20 22 20 591 66 57 120 54
leaf_count=24 24 20 24 18 33 33 36 12 21 3 6 21 22 33 30 36 24 20 24 21 21 18 21 33 21 39 21 27 33 21 33 36 24 15 22 22 20 22 20 252 33 24 60 27
internal_value=-4.33713e-12 -0.000315872 0.000144364 0.000111696 -0.000104338 -0.000812691 1.02022e-05 6.97486e-06 5.0339e-05 -1.34885e-05 4.91684e-07 0.000451181 -2.124e-05 9.8987e-05 -0.000101989 -3.40268e-05 0.000127685 0.000311575 -2.44209e-05 -8.25926e-05 -4.31514e-06 -7.35413e-06 -0.000118349 1.19247e-05 5.21691e-05 -4.59263e-05 5.67266e-05 -2.95256e-05 -0.000154234 -0.000359624 -1.31917e-05 1.02368e-06 -6.44998e-06 -0.000203732 -2.47104e-05 -0.000101636 9.82753e-05 0.000129142 -0.000301548 4.07561e-06 -6.13834e-05 4.03244e-05 2.1788e-05 0.000107219
internal_weight=2136 558 510 1578 486 66 1533 420 396 1452 1392 60 336 135 201 102 66 44 171 147 1384.5 1378.5 204 1174.5 183 162 123 102 75 42 1123.5 1045.5 1023 78 126 84 42 42 42 972 207 141 765 174
internal_count=1350 504 480 846 456 66 828 390 378 792 768 42 336 135 201 102 66 44 171 147 765 759 204 555 183 162 123 102 75 42 522 474 456 48 126 84 42 42 42 432 93 60 339 87
is_linear=0
shrinkage=0.08


Tree=105
num_leaves=45
num_cat=0
split_feature=37 6 11 31 10 37 34 0 37 24 37 25 25 3 29 3 37 29 18 37 0 37 34 34 17 6 34 21 29 34 34 33 37 31 34 37 17 31 37 20 37 37 37 19
split_gain=0.0101342 0.0479011 0.02757 0.00316488 0.00261122 0.0122092 0.00123843 0.00209764 0.000952807 0.000269786 0.000402049 0.00248773 0.00172796 0.00129505 0.00112013 0.000831528 0.000745476 0.000814068 0.00120865 0.000778201 0.00263243 0.000573556 0.000583457 0.00116999 0.00086427 0.000705717 0.000678306 0.00039797 0.000519849 0.000368233 0.000421869 0.000520165 0.000393876 0.000240621 0.00037964 0.000348017 0.000281815 0.00025894 0.000235818 0.000305108 0.00021681 0.000421088 0.000453526 0.000641662
threshold=17.630000000000006 11.802307692307695 9.9550000000000018 5.7000000000000002 9.8550000000000022 9.9350000000000005 112.70000000000003 17.775000000000002 17.355000000000004 21.400000000000002 9.9950000000000028 5.4000000000000012 8.7000000000000011 17.380000000000006 8.4000000000000004 17.380000000000006 9.7950000000000017 22.000000000000004 21.000000000000004 5.0400000000000009 14.280000000000003 16.960000000000004 40.70000000000001 34.100000000000009 2.7000000000000006 9.9800000000000022 54.70000000000001 7.6000000000000005 1.0000000180025095e-35 59.500000000000007 8.2000000000000046 3.1000000000000005 5.9750000000000005 0.70000000000000007 26.700000000000006 16.155000000000005 0.90000000000000013 0.3000000000000001 3.7450000000000006 0.3000000000000001 9.3000000000000025 9.0050000000000008 8.6700000000000017 1.0000000180025095e-35
decision_type=2 2 2 2 2 2 2 2 2 2 2 2 2 2 2 2 2 2 2 2 2 2 2 2 2 2 2 2 2 2 2 2 2 2 2 2 2 2 2 2 2 2 2 2
left_child=2 -2 4 -3 6 -6 8 -8 9 10 12 13 15 21 -13 16 17 18 19 20 27 22 23 33 25 -24 -26 28 -1 30 31 -21 -32 37 35 36 -35 -12 39 -30 41 42 43 -34
right_child=1 3 -4 -5 5 -7 7 -9 -10 -11 11 14 -14 -15 -16 -17 -18 -19 -20 29 -22 -23 24 -25 26 -27 -28 -29 38 -31 32 -33 40 34 -36 -37 -38 -39 -40 -41 -42 -43 -44 -45
leaf_value=0.00033875955202771971 0.0041192336411802989 -0.0012547141543057347 -0.0016782990547399674 0.00013419591866078832 -0.0005310053671044963 0.0013655356102519564 1.5999285729997084e-05 0.00071899644570586117 -0.00044081316089652703 -0.00020371182896625035 -2.9058714511659764e-05 0.00072670586738321507 -0.00042241446591085858 -0.00049987996956615734 0.00014093807229819969 0.00028819489332600537 -0.00031121805603443473 0.00035966121430198355 -0.00052003035531379281 -0.00035121293417200917 0.00079264950628081966 0.00035697888602347424 0.00059589932796855769 -0.00045888380884813766 0.00021559318793671473 0.00012068433691941514 -0.00037721955993523206 -0.00030310332600492985 5.7027194028099375e-05 -0.00022127786391349727 0.00034571194799528233 1.5707904628167552e-05 -0.00032608159465922251 6.8531805959840626e-05 -0.00010755886056425946 -8.5909432145180528e-05 0.00039467176894108071 -0.00032587392459390688 0.00016801419557027874 -0.00033499851607269156 7.4372869693191512e-05 -0.00026069031776084254 0.00019836131251251669 2.952397807730713e-06
leaf_weight=30 21 21 63 21 42 45 82.5 40.5 33 43.5 87 45 67.5 33 39 58.5 54 37.5 30 51 33 30 30 42 21 60 30 24 24 64.5 21 48 45 30 54 27 39 24 21 27 150 48 57 241.5
leaf_count=30 21 21 33 21 18 24 45 18 33 21 75 24 27 18 21 24 27 21 30 36 33 30 27 36 18 39 24 24 24 33 21 21 18 24 39 27 33 21 21 27 72 21 24 105
internal_value=-2.64533e-13 0.000999572 -3.03777e-05 -0.000560259 2.12735e-05 0.000449964 1.8788e-06 0.000247474 -1.49035e-05 -6.94936e-06 -1.98321e-06 5.15039e-05 -2.98957e-05 -1.53048e-05 0.000454742 -5.01773e-06 -2.20599e-05 -5.66668e-06 -2.06391e-05 -3.71062e-06 0.00015659 1.84314e-05 -4.44341e-06 -6.70026e-05 0.000129992 0.000279089 -0.00013312 -9.99764e-06 5.89684e-05 -3.88177e-05 -2.10268e-05 -0.000173312 5.77542e-06 -3.94123e-06 6.21361e-05 0.00015759 0.000252872 -9.3235e-05 -5.76112e-05 -0.000150516 -7.40772e-06 -3.87413e-05 -7.72656e-06 -4.87283e-05
internal_weight=2136 63 2073 42 2010 87 1923 123 1800 1767 1723.5 591 1132.5 507 84 1065 1006.5 952.5 915 885 159 474 444 303 141 90 51 126 102 726 661.5 99 562.5 261 150 96 69 111 72 51 541.5 391.5 343.5 286.5
internal_count=1350 63 1287 42 1254 42 1212 63 1149 1116 1095 456 639 411 45 612 588 561 540 510 159 393 363 255 108 66 42 126 102 351 318 57 261 219 123 84 57 96 72 51 240 168 147 123
is_linear=0
shrinkage=0.08


Tree=106
num_leaves=45
num_cat=0
split_feature=37 10 10 37 11 4 37 5 3 26 26 4 10 30 32 33 10 36 14 10 0 0 29 29 22 35 37 0 0 30 31 22 22 29 37 1 29 30 30 0 22 37 36 3
split_gain=0.0108756 0.200887 0.116402 0.0175738 0.00865569 0.00768277 0.00556319 0.006834 0.00151222 0.00133256 0.0005309 0.000477649 0.000490272 0.000457813 0.000715196 0.000436029 0.000917354 0.000861466 0.00388728 0.0016651 0.000709442 0.000448139 0.000386841 0.000571906 0.000373399 0.0034521 0.000558142 0.00267163 0.000669376 0.000381077 0.000455889 0.000286681 0.000236599 0.000178129 0.000443988 0.00103939 0.000714072 0.00088796 0.000525852 0.000509915 0.000418544 0.000380309 0.000655407 0.000829117
threshold=11.703076923076924 9.9550000000000018 9.9550000000000018 11.911538461538465 9.8950000000000014 17.890000000000004 17.475000000000005 11.832692307692311 17.935000000000006 10.400000000000002 9.5000000000000018 17.545000000000005 9.5600000000000005 19.000000000000004 12.800000000000002 8.1000000000000014 7.6050000000000013 2.5000000000000004 7.8500000000000005 9.3250000000000011 14.160000000000002 16.590000000000003 27.500000000000004 22.000000000000004 69.90000000000002 1.5000000000000002 5.0400000000000009 14.280000000000003 14.875000000000002 1.5000000000000002 0.3000000000000001 2.7000000000000006 52.000000000000007 7.5000000000000009 9.3000000000000025 16.175000000000004 5.5000000000000009 1.0000000000000002 9.1000000000000014 16.625000000000004 11.300000000000002 7.7300000000000013 1.5000000000000002 16.590000000000003
decision_type=2 2 2 2 2 2 2 2 2 2 2 2 2 2 2 2 2 2 2 2 2 2 2 2 2 2 2 2 2 2 2 2 2 2 2 2 2 2 2 2 2 2 2 2
left_child=2 3 4 -2 5 10 8 -8 9 13 11 12 22 14 15 17 -17 19 20 21 -19 32 23 24 26 -26 27 29 -28 30 31 -1 -5 34 36 -36 37 -30 40 -39 -37 -35 -43 -44
right_child=1 -3 -4 6 -6 -7 7 -9 -10 -11 -12 -13 -14 -15 -16 16 -18 18 -20 -21 -22 -23 -24 -25 25 -27 28 -29 33 -31 -32 -33 -34 41 35 38 -38 39 -40 -41 -42 42 43 -45
leaf_value=0.00016335856879041307 0.0017251614812347623 -0.0074635828907291092 0.0042625100181127593 1.1848409160259453e-05 0.0010510943954189619 -0.0011709341386953989 -0.0017676163264722735 -0.00011190263360428314 -0.00061778338626027106 0.00057875944269148425 -0.00020453766445841705 0.00026656291846718108 -0.00028152231379975504 -0.00030279402077818912 0.00034579819068312643 2.7517031671272387e-05 -0.00063780970161869417 0.00022779376478865743 0.00098688437635528628 -0.0006943570225848816 -0.0003664656853329183 0.00034068640399103364 -0.00022534010671479727 0.00032388676268359028 0.00031632452914934786 -0.00076368684704968893 -0.00031200288075746764 0.00083083235844969754 -0.00030647809945401691 -0.00027560547774623114 0.00027639290153717573 -0.00020326747075439646 -0.00028907857974991199 0.00021630440832029843 -0.00022381602765314957 0.00015467335165707035 -0.00028574853552397277 0.0001538594442145842 0.00037271043717434317 -0.00012791754010443886 -0.00012693469335014622 -0.00017772292836109197 -6.2742643007684671e-05 0.00029695882550063166
leaf_weight=21 36 24 42 102 48 37.5 27 39 24 27 85.5 42 40.5 30 39 36 21 20 29 24 36 24 46.5 36 42 34.5 45 30 52.5 27 39 39 20 70.5 66 114 84 130.5 48 60 48 83 92 74
leaf_count=21 18 18 18 102 21 15 27 39 12 15 36 18 18 27 39 36 21 20 28 24 36 22 24 18 30 30 45 30 21 27 39 39 20 30 33 54 36 57 24 24 24 38 42 34
internal_value=-7.39722e-12 -0.000303566 0.000107345 1.82326e-05 -6.27322e-06 -4.03819e-05 -0.00010516 -0.00078924 -6.47568e-07 3.56545e-05 -1.11535e-05 9.59562e-07 -7.47229e-06 -2.83321e-06 2.28045e-05 -1.75697e-05 -0.000217603 2.71436e-05 0.000235091 -7.68302e-05 -0.00015423 2.46811e-05 1.18192e-06 9.70399e-06 2.78504e-07 -0.000170739 1.19232e-05 0.000152346 -1.07186e-05 -9.19783e-06 6.34588e-05 -7.49484e-05 -3.74839e-05 3.97816e-06 -2.16107e-05 5.31092e-05 -8.4677e-05 -1.51708e-05 0.000140143 6.51108e-05 7.12339e-05 5.22726e-05 5.82983e-06 9.76062e-05
internal_weight=2136 558 1578 534 1536 1488 498 66 432 408 1450.5 1365 1323 381 351 312 57 255 85 170 56 146 1282.5 1236 1200 76.5 1123.5 156 967.5 126 99 60 122 922.5 603 276 327 243 210 190.5 162 319.5 249 166
internal_count=1350 504 846 486 828 807 468 66 402 390 792 756 738 375 348 309 57 252 84 168 56 144 720 696 678 60 618 156 462 126 99 60 122 417 273 135 138 102 102 81 78 144 114 76
is_linear=0
shrinkage=0.08


Tree=107
num_leaves=45
num_cat=0
split_feature=4 4 10 36 11 10 36 16 26 28 29 13 29 0 22 16 0 33 30 34 31 0 34 4 7 19 19 34 19 29 32 17 29 17 30 29 31 29 36 30 31 32 21 9
split_gain=0.00945116 0.0140857 0.00461851 0.00200703 0.00911698 0.00322981 0.00458167 0.00187469 0.000841428 0.000980314 0.000741143 0.00108952 0.000716222 0.000622409 0.000571213 0.000494542 0.000971097 0.000491464 0.000476684 0.000434253 0.000493702 0.000337093 0.000274075 0.000249319 0.00020773 0.000244039 0.000205666 0.000300622 0.000159922 0.000292917 0.000153415 0.000124529 0.000159098 0.000350386 0.000397289 0.00022708 0.000226979 0.000144093 0.000166666 0.000204311 0.00015768 0.000132709 0.000123741 9.67621e-05
threshold=17.98 17.955000000000002 9.9450000000000021 2.5000000000000004 9.7700000000000014 9.6700000000000017 1.5000000000000002 6.0550000000000024 9.5000000000000018 57.20000000000001 6.9000000000000012 3.6000000000000005 6.3000000000000016 17.430000000000003 11.100000000000001 7.1750000000000016 14.200000000000001 6.5000000000000009 6.3000000000000016 9.2000000000000046 11.700000000000001 13.425000000000002 21.500000000000007 16.920000000000005 10.115 4.2000000000000011 0.50000000000000011 36.300000000000004 12.900000000000002 3.3000000000000003 26.500000000000004 13.900000000000002 1.3 2.3000000000000003 0.3000000000000001 4.6000000000000005 0.50000000000000011 8.9000000000000021 1.5000000000000002 5.5000000000000009 4.6000000000000005 1.0000000180025095e-35 2.3000000000000003 9.9350000000000005
decision_type=2 2 2 2 2 2 2 2 2 2 2 2 2 2 2 2 2 2 2 2 2 2 2 2 2 2 2 2 2 2 2 2 2 2 2 2 2 2 2 2 2 2 2 2
left_child=1 2 3 5 7 8 -7 12 9 13 15 -12 -5 24 23 19 21 -10 -16 -9 26 -17 -18 -13 28 -26 -21 -28 30 -30 31 32 33 34 41 43 -37 -38 39 -39 -40 -1 -36 -34
right_child=-2 -3 -4 4 -6 6 -8 10 17 -11 11 14 -14 -15 18 16 22 -19 -20 20 -22 -23 -24 -25 25 -27 27 -29 29 -31 -32 -33 35 -35 42 36 37 38 40 -41 -42 -43 -44 -45
leaf_value=-2.5868647418723538e-05 0.0013433667701302152 -0.0011713059255006638 0.00077949013410493579 0.0001751544648575802 0.0015369467843662609 -0.0011796131441006799 5.4590320698433112e-05 -0.00026378929325746313 -9.3002312224019657e-05 0.00042036040700181869 -0.00077798039962848021 -9.6292003928614248e-05 0.00066313054291652397 -0.00026036538607017559 0.00035530895739793776 0.00024594734597485515 0.00031054434921354691 -0.00045171422725120053 -7.2530494940777624e-05 0.00023001827913257043 -0.00016099775425445673 -0.0001351162561406501 0.00070824967209427128 -0.00034037716190826587 0.00019552411321042615 -2.2027542617059118e-05 -8.9633312791284899e-05 0.00020327393192707036 -0.0003316550721125356 -1.3218261039012351e-05 -0.00016519852651235384 0.0001330945055886376 5.6104372049352003e-05 -0.0002604945888932612 -5.4509253621003345e-05 0.00018515413502297764 -0.00013186526455607843 5.9286420882651303e-05 0.0001864165110164322 -0.00020535096612780593 -4.4366264866968983e-05 0.00018313636805988468 -0.00022224328690208497 0.00020512252707373014
leaf_weight=29 33 66 49.5 38.5 27.5 38.5 38.5 33 55 33 14.999999999999998 88 38.5 66 30 24 23.5 44 37.5 64.5 53.5 39 21 38.5 66 66 49.5 41 29 51 39 41 180 46 95 28 96 33 40 43 36 59 40 33
leaf_count=24 18 36 27 21 15 21 21 18 30 18 15 48 21 36 18 24 21 24 24 36 30 39 21 21 36 36 27 24 24 42 24 36 114 36 60 18 54 18 24 27 21 54 30 18
internal_value=1.89921e-11 -2.10799e-05 1.61881e-05 -2.82246e-06 0.000110869 -5.96683e-05 -0.000562511 4.91099e-05 -2.86435e-05 -9.36165e-06 -1.95193e-06 -0.000121094 0.000419143 -2.20685e-05 -7.03033e-05 6.93965e-05 0.000212132 -0.00025243 0.00011762 5.85977e-06 4.8538e-05 1.00508e-05 0.000498226 -0.000170579 -7.08982e-06 8.67483e-05 0.000120862 4.3065e-05 -2.05829e-05 -0.000128652 -1.02661e-05 -2.70365e-06 -1.00489e-05 -5.94647e-05 -1.79967e-05 1.71348e-05 -3.07569e-05 -5.5134e-05 -6.67214e-06 -9.04426e-05 7.70984e-05 0.00011426 -0.000104208 7.91917e-05
internal_weight=2136 2103 2037 1987.5 662.5 1325 77 635 1248 1149 558 209 77 1116 194 349 107.5 99 67.5 241.5 208.5 63 44.5 126.5 1050 132 155 90.5 918 80 838 799 758 269 223 489 276 248 152 76 76 88 135 213
internal_count=1350 1332 1296 1269 423 846 42 408 804 750 366 126 42 732 111 240 105 54 42 135 117 63 42 69 696 72 87 51 624 66 558 534 498 204 168 294 162 144 90 45 45 78 90 132
is_linear=0
shrinkage=0.08


Tree=108
num_leaves=45
num_cat=0
split_feature=27 4 35 10 34 2 5 35 6 23 35 19 22 2 18 21 34 15 34 29 15 9 22 2 20 30 19 33 34 32 30 31 32 17 31 35 33 2 34 34 5 18 35 33
split_gain=0.00847901 0.0108798 0.121706 0.00388867 0.000710327 0.00129338 0.000688374 0.00283376 0.00188702 0.000280203 0.000266973 0.00358507 0.00212057 0.00191864 0.00197918 0.000785818 0.000715047 0.00385919 0.00167512 0.00061293 0.000449539 0.000402253 0.000387433 0.000383766 0.000586866 0.000382626 0.000361949 0.000311761 0.000294291 0.000300711 0.000326897 0.000389122 0.00039978 0.000439013 0.000513973 0.000322322 0.000279427 0.000252419 0.000241706 0.000438011 0.000223039 0.00021805 0.000216771 0.000186996
threshold=22.700000000000006 17.955000000000002 1.5000000000000002 9.9450000000000021 107.00000000000001 17.680000000000003 11.345000000000002 1.0000000180025095e-35 11.974615384615387 3.4000000000000004 1.5000000000000002 15.500000000000002 57.000000000000007 17.380000000000006 21.000000000000004 17.200000000000006 10.500000000000005 0.52999999999999947 7.5000000000000027 8.9000000000000021 1.9073076923076924 10.045000000000002 3.7000000000000002 16.660000000000004 5.0000000000000009 22.000000000000004 1.5000000000000002 5.3000000000000016 72.000000000000014 15.100000000000001 1.0000000180025095e-35 2.1000000000000005 11.700000000000001 4.2000000000000011 8.8000000000000025 1.0000000180025095e-35 0.3000000000000001 17.820000000000004 3.5000000000000004 8.2000000000000046 10.065000000000003 3.0000000000000004 1.5000000000000002 4.6000000000000005
decision_type=2 2 2 2 2 2 2 2 2 2 2 2 2 2 2 2 2 2 2 2 2 2 2 2 2 2 2 2 2 2 2 2 2 2 2 2 2 2 2 2 2 2 2 2
left_child=1 3 -3 4 6 42 10 8 -8 -9 13 12 16 14 15 25 18 -18 20 21 -12 23 -21 24 27 28 -24 41 29 30 36 38 33 34 -33 -35 -1 -11 -32 -40 -36 -19 -6 -41
right_child=-2 2 -4 -5 5 -7 7 9 -10 37 11 -13 -14 -15 -16 -17 17 19 -20 22 -22 -23 26 -25 -26 -27 -28 -29 -30 -31 31 32 -34 35 40 -37 -38 -39 39 43 -42 -43 -44 -45
leaf_value=0.00035045681838204878 0.0012724024271874718 -0.0037254360632763966 0.0024454951899979885 0.00071713090206336494 -0.00010754906787985452 0.00050135250400570733 -0.0012741705730912232 0.0001425555504479066 -0.00020170332775229499 3.6324869427416061e-05 -0.00025548753699147574 -0.00081092593518810143 0.00052984096470379066 0.00069639007112494227 0.00056946025670279198 -0.0003277325585562115 -0.0018812269767125448 0.00021185610353803403 0.00049131643319246822 0.00031034238835175832 0.00010229871308580896 2.709710163374742e-05 -0.00015777473337948324 -0.00036235999794942994 -0.00035600394631425539 -0.00026150057176974685 0.00015571305170805768 -0.00020121049803371229 0.00025040329941971738 0.00023189702207067361 5.1450238281272748e-05 0.0001054885334248633 -0.000220159759272873 1.3031042957057554e-05 -4.0778652275413927e-05 0.00034350087774880962 4.6890811215195319e-05 -0.00018245839755292291 -0.0004022158160241264 -0.00013993205764563753 -0.00029784963724927769 -6.4246389555974278e-05 0.00013019222641984623 3.0399000815426311e-05
leaf_weight=27 33 45 37.5 49.5 54 49.5 21 54 21 67.5 46.5 36 46.5 27 39 48 7.4999999999999991 39 51 37.5 43.5 90 45 52.5 45 33 49.5 37.5 33 36 57 129 36 30 54 51 69 67.5 33 132 36 34.5 45 60
leaf_count=24 18 30 15 27 36 27 21 24 21 30 24 27 33 18 36 36 3 21 24 15 39 36 18 21 27 24 27 15 24 24 54 90 24 30 42 30 54 30 30 96 24 21 18 42
internal_value=6.01007e-12 -1.99664e-05 -0.000920467 1.68024e-05 -7.8574e-07 0.000167461 -1.44947e-05 -0.000143547 -0.000737937 -1.14604e-05 4.23671e-06 -3.46138e-05 1.0066e-05 3.18707e-05 1.20014e-05 -1.31617e-05 -3.16776e-05 -8.21193e-05 0.000125014 -5.0776e-05 -8.25575e-05 -0.000114254 9.2771e-05 -0.000175269 -0.000112306 5.34246e-06 6.43315e-06 -1.35091e-05 1.65887e-05 6.30087e-06 -5.07372e-06 -2.64085e-05 3.17474e-05 6.19762e-05 3.12049e-06 0.000221105 0.000132269 -7.30668e-05 -9.57005e-05 -0.000132979 -0.000143607 8.2257e-05 5.15157e-07 -8.67036e-05
internal_weight=2136 2103 82.5 2020.5 1971 148.5 1822.5 231 42 189 1591.5 661.5 625.5 930 903 864 579 438 141 430.5 90 298.5 132 208.5 156 816 94.5 111 783 750 714 618 336 300 219 81 96 135 282 225 90 73.5 99 192
internal_count=1350 1332 45 1287 1260 81 1179 126 42 84 1053 351 324 702 684 648 291 204 87 201 63 141 60 105 84 612 45 57 588 564 540 462 240 216 156 60 78 60 222 168 66 42 54 138
is_linear=0
shrinkage=0.08


Tree=109
num_leaves=45
num_cat=0
split_feature=37 10 10 3 37 4 4 25 10 37 28 16 3 16 34 36 22 3 31 32 22 20 34 36 18 15 3 37 22 15 18 37 37 25 37 29 36 3 34 31 35 31 36 29
split_gain=0.0137198 0.0763719 0.0466711 0.00290916 0.00162052 0.0196177 0.00838955 0.00200106 0.001281 0.00101367 0.000882608 0.00107912 0.000863085 0.000695044 0.000664658 0.00169646 0.00163125 0.00129201 0.000785681 0.000728238 0.000651391 0.000620978 0.000552033 0.00035168 0.000488178 0.000614316 0.000342633 0.000321978 0.00651079 0.00216986 0.00204529 0.000544427 0.000876436 0.000280981 0.00037883 0.000771162 0.000755349 0.00142101 0.000272434 0.000592638 0.000472019 0.000259581 0.000303756 0.000773511
threshold=17.475000000000005 9.8550000000000022 9.9550000000000018 17.795000000000005 11.802307692307695 17.935000000000006 17.935000000000006 11.400000000000002 9.8550000000000022 11.345000000000002 55.699999999999996 6.0453846153846165 17.820000000000004 6.6350000000000007 15.800000000000002 2.5000000000000004 0.3000000000000001 16.895000000000003 4.6000000000000005 4.2000000000000011 9.3000000000000025 2.3000000000000003 40.70000000000001 1.5000000000000002 4.5000000000000009 2.745000000000001 14.055000000000001 5.535000000000001 68.500000000000014 2.2350000000000008 15.500000000000002 6.5250000000000012 7.0900000000000007 5.4000000000000012 7.7300000000000013 16.100000000000005 1.5000000000000002 16.525000000000002 9.9000000000000039 0.3000000000000001 1.5000000000000002 13.300000000000002 1.5000000000000002 1.0000000000000002
decision_type=2 2 2 2 2 2 2 2 2 2 2 2 2 2 2 2 2 2 2 2 2 2 2 2 2 2 2 2 2 2 2 2 2 2 2 2 2 2 2 2 2 2 2 2
left_child=2 3 4 -2 6 7 8 12 9 10 11 -1 13 20 15 17 -17 26 22 -20 -6 -21 -16 -22 25 -25 -15 28 29 38 31 -29 -33 34 36 41 -34 -38 39 40 -13 42 43 -36
right_child=1 -3 -4 -5 5 -7 -8 -9 -10 -11 -12 27 -14 14 18 16 -18 -19 19 21 23 -23 -24 24 -26 -27 -28 30 -30 -31 -32 32 33 -35 35 -37 37 -39 -40 -41 -42 -43 -44 -45
leaf_value=0.00068234670162200931 -0.0010804249817091558 0.0051656255019562579 -0.0023603005100179602 6.4213619780881947e-05 0.00043709311276101152 0.0023818327113986014 -0.0011112602440447644 0.00069877739788757427 0.00045951407954648686 0.00039075082877562157 -0.00026199162062821971 0.00015303877430657546 -0.00047783624613657595 -8.0830873339436953e-05 -0.00068856345739698531 0.00097866667811537071 -3.0858045909553769e-05 -0.00063769419173089164 -0.00039126330501555154 -0.0001392901948808382 0.00026431754076232513 0.00043619921042894327 -0.00014167119194531726 -0.00019363603787496688 -0.00032540430215214239 0.00043339020106941461 0.00032825258278171532 0.00030595978533012278 -0.0012505843428273996 0.00084532153393541065 0.00051198448766680326 -0.00041352253623198768 0.00033697042749686676 0.00015236660149758275 -0.00032109914470679509 -0.00032593953095980593 0.00023635218230386575 -0.00034111084602773191 -0.00013496676275180007 0.00036413520927696183 -0.00029573133649925389 -0.00017118142611007134 3.789933039668064e-05 1.6653072058620594e-05
leaf_weight=14.999999999999998 27 21 54 30 39 24 43.5 27 40.5 42 82.5 30 24 38 27 21 20 24 24 24 33 24 21 20 26 20 20 34.5 27 21 51 34.5 55 69 60.5 55.5 60 50 72 30 30 63 428 153.5
leaf_count=6 27 21 24 30 33 12 18 15 18 21 33 30 12 38 27 21 20 24 24 24 33 24 21 20 26 20 20 30 27 21 33 21 22 30 27 27 24 20 72 30 30 30 194 70
internal_value=-5.7506e-12 0.00104145 -3.94719e-05 -0.000477984 2.30654e-05 0.000155613 -1.59795e-05 3.19339e-05 1.56886e-05 3.41067e-06 -8.02976e-06 7.61179e-06 -1.25223e-05 1.67888e-05 -6.46385e-05 6.6046e-05 0.000486216 -0.000144039 -0.00019859 -3.14514e-05 0.000160172 0.000148455 -0.000449298 5.10813e-05 -5.55368e-05 0.000119877 6.02324e-05 -2.96059e-08 -9.08969e-05 8.02045e-05 1.70921e-05 -6.6404e-06 -1.71212e-05 -3.36969e-06 -1.49805e-05 -3.88211e-05 9.49028e-05 -2.6131e-05 -1.89773e-05 7.38142e-05 -7.13463e-05 -1.62181e-05 -1.01143e-06 -7.8833e-05
internal_weight=2136 78 2058 57 2004 456 1548 432 1504.5 1464 1422 1339.5 405 381 243 123 41 82 120 72 138 48 48 99 66 40 58 1324.5 210 183 1114.5 1063.5 1029 994.5 925.5 760.5 165 110 162 90 60 705 642 214
internal_count=1350 78 1272 57 1248 414 834 402 816 798 777 744 387 375 243 123 41 82 120 72 132 48 48 99 66 40 58 738 210 183 528 495 465 444 414 348 66 44 162 90 60 321 291 97
is_linear=0
shrinkage=0.08


Tree=110
num_leaves=45
num_cat=0
split_feature=37 31 11 36 11 16 9 9 0 30 37 33 29 30 25 37 16 9 22 34 10 37 0 0 34 34 32 37 37 15 22 34 34 35 37 29 37 30 17 37 36 1 33 32
split_gain=0.0116124 0.0646692 0.0411304 0.00426829 0.163433 0.131373 0.027792 0.00610062 0.00360363 0.000797595 0.00067912 0.00186134 0.00174365 0.00191724 0.00106509 0.000755028 0.00177717 0.000899871 0.00142916 0.000924351 0.000425162 0.00053509 0.00360867 0.00154836 0.000848806 0.000574192 0.000412896 0.000644348 0.000407188 0.000477246 0.000430345 0.000908746 0.000632122 0.00125923 0.000942021 0.00150593 0.000424404 0.00070056 0.00051361 0.00037687 0.000663242 0.000639689 0.00037546 0.00034881
threshold=17.475000000000005 2.5000000000000004 9.9550000000000018 2.5000000000000004 9.8950000000000014 6.0057692307692303 11.345000000000002 11.974615384615387 17.860000000000003 0.50000000000000011 7.4800000000000013 14.100000000000003 6.0000000000000009 3.1000000000000005 3.9000000000000004 15.280000000000003 6.6350000000000007 9.9200000000000017 48.300000000000004 16.900000000000009 9.7050000000000018 11.760384615384618 17.795000000000005 17.795000000000005 74.200000000000017 57.800000000000004 1.3 9.7850000000000019 10.105000000000002 3.1550000000000007 21.100000000000005 59.500000000000007 21.900000000000006 1.5000000000000002 6.3850000000000007 5.5000000000000009 9.9950000000000028 3.9000000000000004 0.3000000000000001 8.6200000000000028 1.5000000000000002 16.565000000000001 5.5000000000000009 1.5000000000000002
decision_type=2 2 2 2 2 2 2 2 2 2 2 2 2 2 2 2 2 2 2 2 2 2 2 2 2 2 2 2 2 2 2 2 2 2 2 2 2 2 2 2 2 2 2 2
left_child=2 -2 3 4 7 -5 9 20 -3 26 12 14 13 -11 15 17 -17 18 19 -12 21 23 24 28 25 -23 27 -7 30 -30 36 32 33 -32 35 -34 37 38 -1 40 -39 -41 -36 -40
right_child=1 8 -4 5 -6 6 -8 -9 -10 10 11 -13 -14 -15 -16 16 -18 -19 -20 -21 -22 22 -24 -25 -26 -27 -28 -29 29 -31 31 -33 34 -35 42 -37 -38 39 43 41 -42 -43 -44 -45
leaf_value=1.4295181141782151e-05 0.0047531999476874871 -0.00098251283098237975 -0.002155332653048007 -0.0041066657418780258 0.0051430537980049849 -9.7874072256140272e-05 0.0021262782227633331 -0.00081685436416476496 0.00030583970743464306 -0.00037032832822869304 -0.00023772305285092444 0.00052196572577072823 -0.00060246248809030147 0.0005342429355418278 0.00027388533293190652 0.00059542452845822217 -0.00039194844544545047 -0.00039249992812983691 -0.00052057604604799834 0.00025992226234348623 -0.00029299739959903737 -8.175835366236026e-06 0.0008948974014492706 -0.00051753042906057091 -0.00050901570497080681 0.00042307812318375168 0.00042593922282074706 0.00039998186502738722 -0.0003157430115555014 3.6336402620442891e-05 0.00014310844856399026 -0.00048681587958708403 0.00083523418481821533 -0.00070348273233874982 5.835123708064871e-05 -0.00012392505025491117 0.00029057983859357507 0.00040284419489594603 -7.1754259523004301e-05 0.00020129578474622508 4.1447269801910107e-05 -0.00021576589363258937 -0.00019692529662279412 -0.00041500401295100655
leaf_weight=177 21 33 57 49.5 40 41 43.5 63 24 30.5 36 44 41 29.5 59 28 20 74 31.5 71 33 194 32 40 20 22 40.5 28 56 44 22 30 22 23 87 20 44 65 40 52 65 43 64 36
leaf_count=102 21 33 27 22 20 31 21 28 24 26 21 28 26 22 31 28 20 33 22 34 18 194 16 16 20 22 27 23 28 22 20 24 22 20 40 20 22 26 28 24 26 20 30 22
internal_value=-5.97024e-12 0.000958134 -3.63141e-05 2.40477e-05 0.000106666 -0.00014119 0.000176691 -4.90179e-05 -0.000440049 2.89431e-05 -1.68436e-05 3.41457e-05 -0.000200355 7.44192e-05 -3.30345e-05 -0.000102548 0.000184019 -0.000167279 -4.69436e-05 9.24902e-05 -9.7216e-06 -1.91851e-06 9.76791e-05 -3.06198e-05 -1.04183e-05 3.57482e-05 0.000223171 0.000104154 -8.73615e-06 -0.000160828 1.0516e-05 -7.18888e-05 -1.95871e-05 -0.000289594 4.33678e-05 0.000378492 5.28234e-05 3.09379e-05 -6.03955e-05 0.000133637 0.000222146 1.25205e-05 -4.98454e-05 -0.000234346
internal_weight=2136 78 2058 2001 1334 667 617.5 1294 57 574 464.5 363.5 101 60 319.5 260.5 48 212.5 138.5 107 1231 1198 268 930 236 216 109.5 69 890 100 790 268 238 45 193 42 522 478 253 225 130 95 151 76
internal_count=1350 78 1272 1245 830 415 393 810 57 372 291 217 74 48 189 158 48 110 77 55 782 764 252 512 236 216 81 54 496 50 446 176 152 40 112 42 270 248 152 96 52 44 70 50
is_linear=0
shrinkage=0.08


Tree=111
num_leaves=45
num_cat=0
split_feature=37 10 10 0 3 36 1 37 36 4 4 29 37 32 37 34 37 15 18 15 22 15 34 30 4 37 37 4 37 37 32 37 17 37 20 37 32 17 32 33 29 37 30 15
split_gain=0.00982875 0.058897 0.0364121 0.00171495 0.00152769 0.0182832 0.0749336 0.00614803 0.000746196 0.00649491 0.00436254 0.000401965 0.00115132 0.00134212 0.000424813 0.00272353 0.0014129 0.00179638 0.0017958 0.000795234 0.00121757 0.000722265 0.000409438 0.000362766 0.000275802 0.000423337 0.000639763 0.0010469 0.000244456 0.00149714 0.00125822 0.0012389 0.00138849 0.00136677 0.000734838 0.00035876 0.000722487 0.000493298 0.000374401 0.00031483 0.000369951 0.000368158 0.000359035 0.000340135
threshold=17.475000000000005 9.8550000000000022 9.9550000000000018 17.860000000000003 17.630000000000006 2.5000000000000004 17.845000000000002 11.802307692307695 2.5000000000000004 17.475000000000005 17.630000000000006 1.5000000000000002 9.5600000000000005 1.5000000000000002 10.115 69.000000000000014 16.210000000000004 3.1550000000000007 4.5000000000000009 2.475000000000001 22.600000000000005 2.2850000000000006 9.2000000000000046 3.1000000000000005 17.365000000000006 16.920000000000005 16.245000000000001 16.575000000000003 4.3200000000000012 3.7450000000000006 1.9000000000000001 4.9500000000000011 14.600000000000001 9.4550000000000018 0.3000000000000001 7.7300000000000013 12.100000000000001 5.3000000000000016 14.900000000000002 15.100000000000001 1.9000000000000001 14.005000000000001 11.900000000000002 2.2350000000000008
decision_type=2 2 2 2 2 2 2 2 2 2 2 2 2 2 2 2 2 2 2 2 2 2 2 2 2 2 2 2 2 2 2 2 2 2 2 2 2 2 2 2 2 2 2 2
left_child=2 3 4 -2 8 6 -6 -8 10 11 24 12 13 -10 19 16 17 18 -16 21 -21 23 -14 -13 25 26 28 -28 29 30 34 -30 35 -34 -1 36 37 -33 39 40 41 43 -42 -37
right_child=1 -3 -4 -5 5 -7 7 -9 9 -11 -12 14 22 -15 15 -17 -18 -19 -20 20 -22 -23 -24 -25 -26 -27 27 -29 31 -31 -32 32 33 -35 -36 38 -38 -39 -40 -41 42 -43 -44 -45
leaf_value=0.00011856906969721119 -0.00091538995849313562 0.0045032215987642604 -0.0020833526603463623 -3.6548414345209798e-05 0.0033826711018906629 -0.00078863914166727377 -0.00098398056665124998 0.00023073225864209235 2.5045982485195412e-05 0.0012704309360547501 -0.00094706669562693799 -0.00024181200176002986 -0.00034800958681567492 0.00064682327733352424 0.00079842087613152604 0.00092162424432379862 -0.00053963967148835457 -0.00051755364611744885 -0.00019411238096654415 -0.00018332763900980354 0.00032739633005581984 -0.00045760260082363172 3.7194257496263498e-05 4.5982945447263286e-05 -0.00016684092640299614 0.00026565879450774648 -0.00074092216137796642 6.3033783808350563e-06 0.00063601617247331893 -0.00069915729850022633 0.00052698587208093763 0.00011640734941177623 -0.00078158944595738177 2.3917735625918095e-05 -0.00052153080521913418 -3.6262092613723391e-05 0.00036877525573665348 -0.00022173513584819278 -0.00021200491225018223 -0.00018676864104750363 4.8954996941822843e-05 0.00017393040544304408 0.00028200484840199355 -0.00029606911873574871
leaf_weight=24 27 21 54 30 47 77.5 60 48 48.5 27.5 33 53 29.5 41 28 21 30 20 20 60 59.5 49 44 59.5 71 36 20 30 20 22 24 101 28 26 22 129 54 38 51 46 275 38 50 43
leaf_count=24 27 21 24 30 22 35 24 24 41 15 18 29 24 25 22 17 30 10 19 25 35 24 33 32 36 36 20 30 20 22 24 62 22 22 22 74 24 20 28 24 146 38 30 20
internal_value=4.85527e-12 0.000881483 -3.3409e-05 -0.000452842 2.1829e-05 0.000214634 0.00071627 -0.000444108 -3.47555e-06 6.99523e-05 -4.01895e-05 1.13143e-05 0.000117207 0.000309883 -3.18369e-05 9.4852e-05 -8.23135e-05 0.000119448 0.000384865 -8.54881e-05 7.09659e-05 -0.000201254 -0.000117411 -8.96005e-05 -1.41207e-05 -4.0528e-06 -1.338e-05 -0.000292587 7.07127e-07 -0.000123498 5.74234e-05 1.34178e-05 -7.48283e-07 -0.000393753 -0.000187566 2.49756e-05 0.000120441 2.39655e-05 -4.17748e-06 1.40655e-05 3.13335e-05 -5.14258e-05 8.48088e-05 -0.000101214
internal_weight=2136 78 2058 57 2004 232.5 155 108 1771.5 590.5 1181 563 163 89.5 400 119 98 68 48 281 119.5 161.5 73.5 112.5 1148 1077 1041 50 991 92 70 899 879 54 46 825 193 139 632 581 535 210 325 172
internal_count=1350 78 1272 57 1248 105 70 48 1143 381 762 366 123 66 243 98 81 51 41 145 60 85 57 61 744 708 672 50 622 92 70 530 510 44 46 466 106 82 360 332 308 132 176 94
is_linear=0
shrinkage=0.08


Tree=112
num_leaves=45
num_cat=0
split_feature=37 10 10 36 4 4 4 36 4 12 7 10 34 37 0 13 34 16 31 31 22 37 37 33 16 34 32 35 34 24 37 16 34 33 32 34 37 31 17 33 35 32 37 32
split_gain=0.0105466 0.185293 0.11574 0.0119352 0.11619 0.116033 0.00551312 0.0047717 0.0236814 0.0149545 0.0032784 0.0030213 0.00264946 0.00226938 0.00237956 0.00127278 0.00114407 0.00124434 0.00113591 0.00138419 0.00124529 0.000938274 0.000930021 0.00112011 0.000901157 0.00111906 0.00086078 0.00074903 0.00073677 0.000715826 0.000703742 0.000656602 0.000831577 0.000597234 0.000735718 0.000552945 0.000518104 0.000609761 0.000492331 0.000370143 0.000746868 0.000650547 0.000622733 0.000500016
threshold=10.875000000000002 9.9550000000000018 9.9550000000000018 2.5000000000000004 17.860000000000003 17.965000000000003 17.475000000000005 1.5000000000000002 17.650000000000002 9.8550000000000022 11.974615384615387 9.4850000000000012 72.000000000000014 17.380000000000006 17.795000000000005 9.7050000000000018 33.300000000000004 6.5600000000000014 4.6000000000000005 5.1000000000000005 54.300000000000004 2.5300000000000007 9.3250000000000011 2.1000000000000005 6.4850000000000021 5.400000000000003 19.000000000000004 1.5000000000000002 72.000000000000014 2.3000000000000003 4.9500000000000011 6.0453846153846165 72.000000000000014 4.6000000000000005 3.5000000000000004 15.800000000000002 17.280000000000005 12.800000000000002 0.3000000000000001 6.1000000000000005 1.5000000000000002 3.1000000000000005 8.2800000000000011 0.50000000000000011
decision_type=2 2 2 2 2 2 2 2 2 2 2 2 2 2 2 2 2 2 2 2 2 2 2 2 2 2 2 2 2 2 2 2 2 2 2 2 2 2 2 2 2 2 2 2
left_child=2 3 7 5 6 11 12 8 31 10 15 13 16 14 26 18 38 -18 20 -20 21 -9 24 -24 -23 30 36 -22 33 -30 -26 -1 39 34 -21 -27 37 -2 -5 41 -41 43 -43 -33
right_child=1 -3 -4 4 -6 -7 -8 9 -10 -11 -12 -13 -14 -15 -16 -17 17 -19 19 28 27 22 23 -25 25 35 -28 -29 29 -31 -32 32 -34 -35 -36 -37 -38 -39 -40 40 -42 42 -44 -45
leaf_value=-0.0007690705855687459 3.1483145080614429e-05 -0.0071678675431758165 0.0042566716826210422 0.00023752757747489442 -0.0061397413865086582 0.0056433801151191199 0.0010768625700747537 0.00081550298258662227 -0.0019350702696196412 0.0014466530208941551 0.00073423707578331235 -0.00072939670550459549 0.00079416059469804171 -0.00063151975360918133 0.00071028887992724782 -0.00044153271282727758 -0.00014489325131044576 -0.00086313704386926622 -0.00068456100016508418 0.00012516949420040917 0.00072653661870087196 0.00015643408188573374 -1.7174394857702831e-05 0.00046471327172435727 0.00031251840183119236 -0.00054793729144960736 -0.00052367060678079722 0.0001563645584573006 -0.00052049246184261776 -7.8430227266335992e-05 -0.00027376007288694383 4.8668003523839521e-05 0.00028592946437688973 0.00015478380546882385 -0.00023380311928561021 -0.00017206535907462239 0.00039241456003351647 -0.000379007732590253 -0.00019374008836166469 -0.0004292670455243852 -1.2107484227587992e-05 -4.2109580417336141e-05 0.00034389977986959495 -0.00023878221741750749
leaf_weight=7.4999999999999991 212 24 42 36 21 24 33 9.9999999999999982 46 50 40 42 20 34 32 41 38 26 23 63 30 81 66 58 38 43 20 29 35 71 20 71.5 52 123 87 60 22 26 32 45 70.5 54 53 84.5
leaf_count=3 190 18 18 33 14 16 24 10 19 22 16 34 17 34 16 18 30 26 12 36 20 34 32 28 38 34 18 20 20 30 20 48 25 58 44 32 22 22 32 26 33 32 25 51
internal_value=-2.05134e-12 -0.000271177 0.00011653 -3.34486e-06 -0.000500539 0.000245252 0.000139586 -3.22608e-06 -0.000208322 9.93221e-05 2.59381e-05 -8.86525e-05 -6.39012e-05 -1.08743e-05 5.67602e-05 -6.33066e-06 -0.000193911 -0.00043668 1.49875e-05 -8.19589e-05 0.000104579 5.0961e-05 3.00718e-05 0.000208225 -6.12131e-05 -0.000170713 -1.79288e-05 0.000446283 -4.53894e-05 -0.000224394 0.000110353 -2.69746e-05 -1.40461e-05 2.41143e-05 -8.30346e-05 -0.000328983 2.09744e-05 -1.33604e-05 3.45781e-05 -5.5258e-05 -0.000174637 -2.83104e-06 0.000149091 -0.000107034
internal_weight=2136 642 1494 618 206 412 185 1452 484 968 918 388 152 346 312 878 132 64 837 402 435 376 366 124 242 161 280 59 379 106 58 438 430.5 273 150 103 260 238 68 378.5 115.5 263 107 156
internal_count=1350 546 804 528 176 352 162 786 262 524 502 336 138 302 268 486 121 56 468 200 268 228 218 60 158 124 252 40 188 50 58 243 240 138 80 66 234 212 65 215 59 156 57 99
is_linear=0
shrinkage=0.08


Tree=113
num_leaves=45
num_cat=0
split_feature=37 28 11 36 16 11 4 4 26 4 35 10 32 37 13 37 31 34 37 22 37 19 22 32 28 4 0 34 34 30 19 19 30 32 19 16 37 30 37 30 37 37 21 16
split_gain=0.0104553 0.0593963 0.0376517 0.0037948 0.129157 0.119577 0.0194496 0.00966319 0.00211589 0.00142368 0.00240187 0.000627946 0.000562462 0.000353452 0.000704746 0.000569215 0.00317144 0.000394652 0.000576374 0.00162717 0.00608915 0.00628708 0.000942034 0.00086245 0.000771942 0.000702489 0.00077564 0.000697578 0.00120768 0.000460763 0.000434056 0.000396457 0.00034306 0.000298627 0.000371013 0.000386428 0.00051003 0.000332103 0.000782841 0.000638721 0.000527455 0.000284991 0.000396749 0.00059517
threshold=17.475000000000005 36.700000000000003 9.9550000000000018 1.5000000000000002 6.0057692307692303 9.8950000000000014 17.710000000000004 17.860000000000003 11.900000000000002 17.400000000000002 1.5000000000000002 9.5600000000000005 19.000000000000004 16.895000000000003 7.455000000000001 16.330000000000002 6.9000000000000012 71.100000000000023 8.2800000000000011 50.300000000000004 7.0900000000000007 11.500000000000002 48.300000000000004 4.2000000000000011 27.699999999999999 17.220000000000002 16.765000000000004 9.9000000000000039 3.5000000000000004 16.100000000000005 4.7000000000000002 2.3000000000000003 3.7000000000000006 3.5000000000000004 7.6000000000000005 8.9950000000000028 4.580000000000001 8.1000000000000014 9.9200000000000017 5.5000000000000009 10.105000000000002 9.3250000000000011 0.90000000000000013 6.705000000000001
decision_type=2 2 2 2 2 2 2 2 2 2 2 2 2 2 2 2 2 2 2 2 2 2 2 2 2 2 2 2 2 2 2 2 2 2 2 2 2 2 2 2 2 2 2 2
left_child=2 -2 3 4 -1 7 11 9 -3 13 -11 12 33 15 -15 17 -17 18 19 24 21 -21 25 -24 27 26 41 28 -5 -19 31 32 -29 34 35 -6 -37 39 -39 40 -35 -20 43 -43
right_child=1 8 -4 5 6 -7 -8 -9 -10 10 -12 -13 -14 14 -16 16 -18 29 22 20 -22 -23 23 -25 -26 -27 -28 30 -30 -31 -32 -33 -34 37 -36 36 -38 38 -40 -41 -42 42 -44 -45
leaf_value=0.0041109945647644277 0.0045461996431861605 -5.8556503370507724e-05 -0.0020618871318405134 -3.6132687854827668e-05 4.1986475922167304e-05 -0.004362575254868716 -0.002010699928696476 0.0011261651483989597 -0.0010690018927146281 0.00061469085292842731 -4.1829220143457258e-05 -0.00040173018249598419 -0.00028292499712846253 -0.00056723737600259489 0.00010435599368065596 -0.00032750074460636825 0.0010365299303084611 -0.00030245169388587798 -0.00012737382831983269 0.00083274646235319478 0.0013138504185092946 -0.00093179397214303869 -0.00052955369655550879 6.9075435235658112e-06 0.00033411473687738186 -0.00024169865188248936 0.00034224067414179447 6.7136749043129377e-05 0.00070156202180078262 1.2663302608885833e-05 8.5553549567931431e-05 -0.00038662756347383206 -0.00022112849772383926 0.00022470579289093421 -0.00028013118467218166 -0.00050526109280153405 5.2300920333003719e-05 -5.7312907669150711e-06 0.000469401565213234 -0.00024775084087418189 -0.0001575698791720876 0.00043377303028725744 -5.7738189550531258e-05 3.4952678956252372e-05
leaf_weight=49.5 21 36 57 49 187.5 40 33.5 54 21 68 75 27.5 44.5 20 20 24 20 57 80 24 30 28 44 34 40 62 50 45 20 62 51 44 64 77 37 21 21 51.5 39 45 33 34 114 81
leaf_count=22 21 36 27 46 117 20 16 24 21 38 30 15 26 20 20 24 20 32 34 24 16 22 34 26 16 30 24 24 20 32 36 26 28 41 30 21 21 26 27 25 28 22 88 54
internal_value=-4.10472e-12 0.000909143 -3.44573e-05 2.32956e-05 0.000179099 -5.46059e-05 -0.00013609 7.85616e-05 -0.000430826 3.29402e-05 0.000270362 -2.85566e-05 -1.01158e-05 1.99089e-06 -0.000231441 1.08246e-05 0.000292513 -1.41061e-06 1.68072e-05 8.90052e-05 0.000406234 -0.000117391 -4.03435e-05 -0.000295712 5.89737e-06 6.96938e-06 4.99148e-05 -4.21931e-05 0.000177692 -0.000138274 -0.000116566 -0.000183939 -0.00010212 1.35951e-05 -4.50452e-05 -7.14466e-06 -0.00022648 7.72515e-05 0.000199022 6.15324e-06 0.000110023 2.61291e-06 4.80231e-05 0.000152865
internal_weight=2136 78 2058 2001 667 1334 617.5 1294 57 1240 143 584 556.5 1097 40 1057 44 1013 894 395 82 52 499 78 313 421 359 273 69 119 204 153 109 512 266.5 229.5 42 245.5 90.5 155 110 309 229 115
internal_count=1350 78 1272 1245 415 830 393 810 57 786 68 377 362 718 40 678 44 634 570 258 62 46 312 60 196 252 222 180 66 64 114 78 52 336 189 159 42 147 53 94 69 198 164 76
is_linear=0
shrinkage=0.08


Tree=114
num_leaves=45
num_cat=0
split_feature=27 4 35 10 36 4 4 36 35 6 24 25 29 34 4 17 29 22 35 32 35 0 26 27 0 34 34 16 31 32 32 32 35 36 22 22 21 35 32 31 16 33 33 8
split_gain=0.00829675 0.0114734 0.120998 0.00495768 0.00205341 0.00767859 0.00314906 0.00236671 0.00229934 0.00161334 0.000460732 0.000406417 0.000299297 0.000627064 0.000475576 0.000386605 0.000350804 0.000274045 0.00028243 0.000841684 0.00023862 0.000208042 0.000386212 0.000187581 0.000186907 0.000173672 0.000130417 0.000102501 0.000199986 0.000251918 0.000260543 0.000246896 0.00194125 0.000761724 0.000164876 0.000203314 0.000131156 0.000113877 0.000891579 0.00076941 0.000579079 0.000530687 0.000313847 0.000255092
threshold=22.700000000000006 17.955000000000002 1.5000000000000002 9.9450000000000021 2.5000000000000004 17.475000000000005 17.545000000000005 1.5000000000000002 1.5000000000000002 11.992692307692311 5.4000000000000012 3.9000000000000004 1.5000000000000002 26.100000000000005 12.620000000000003 7.6000000000000005 0.3000000000000001 8.6000000000000032 1.0000000180025095e-35 4.2000000000000011 1.5000000000000002 17.430000000000003 5.8000000000000007 9.5000000000000018 17.355000000000004 40.70000000000001 6.7000000000000037 7.1000000000000005 11.900000000000002 3.5000000000000004 0.50000000000000011 1.9000000000000001 1.5000000000000002 1.5000000000000002 19.300000000000004 0.70000000000000018 2.5000000000000004 1.5000000000000002 19.000000000000004 8.8000000000000025 6.6350000000000007 7.1000000000000005 2.5000000000000004 10.105000000000002
decision_type=2 2 2 2 2 2 2 2 2 2 2 2 2 2 2 2 2 2 2 2 2 2 2 2 2 2 2 2 2 2 2 2 2 2 2 2 2 2 2 2 2 2 2 2
left_child=1 3 -3 4 6 10 21 9 -7 -8 11 12 13 14 -6 17 26 20 -19 -20 25 24 -23 -9 27 -14 -16 37 29 30 34 32 33 -32 35 -29 -33 38 43 41 -41 42 -39 -1
right_child=-2 2 -4 -5 5 8 7 23 -10 -11 -12 -13 15 -15 16 -17 -18 18 19 -21 -22 22 -24 -25 -26 -27 -28 28 -30 -31 31 36 -34 -35 -36 -37 -38 39 -40 40 -42 -43 -44 -45
leaf_value=4.4754066910051432e-05 0.0012586528706279667 -0.0037412950255804591 0.0024116751343011855 0.00080876037168006113 0.0005028573850480219 0.0011471947251508634 -0.0010793000203254935 3.8993201859585651e-05 0.00035045165984946142 -0.00034691825122028203 -0.00021773248614574022 0.00029749842868609865 -9.7983783650162963e-05 0.00044064668805471492 -4.2131789194952167e-05 -0.00023586136829994973 0.00013062271723541822 -0.00013557426180810697 0.00039195364451427995 -5.4039954400015258e-05 -0.00020738666835573634 -0.00030203801198777825 1.5951575203375382e-05 -0.00021073567070212069 0.00012625554082632966 0.00015950421360321341 -0.0002674590443981992 4.2445004510227591e-05 -0.00027347110211849211 0.00013381021771541177 -0.00027251338741431634 -0.00015668926902277316 -0.00084614195390199517 0.00040887429622844573 0.00020453466121883441 -0.00023059061835131918 0.00010557057165827316 -4.5359685714851983e-05 -0.00037284379558903832 2.3918080040150218e-05 0.00042140097623424871 -0.0002300683704357761 0.00019958045828389004 -0.00015387663025952255
leaf_weight=300 33 45 37.5 49.5 11.999999999999998 51 38.5 38.5 42.5 38.5 55 33 38 28 35 52.5 51.5 31 47.5 63 56 44 55 38.5 66 30 31 64 24 48 21 23 23 21 24 24 26 94 42 45 49 67 52 48
leaf_count=200 18 30 15 27 12 34 21 21 17 21 30 18 26 18 30 39 39 31 26 36 23 24 30 21 36 20 21 54 24 48 20 18 20 20 24 24 24 40 28 18 22 28 22 32
internal_value=-1.71108e-12 -1.97506e-05 -0.00094449 1.80079e-05 -1.85121e-06 0.000113627 -5.95902e-05 -0.00039949 0.000785039 -0.000713109 2.22117e-06 2.60116e-05 7.17028e-06 9.73563e-05 2.31314e-05 -3.74973e-05 -2.58619e-05 1.72719e-06 7.78126e-05 0.000137677 -8.50961e-05 -1.44655e-05 -0.000125377 -8.58712e-05 -4.11655e-06 1.56139e-05 -0.000147967 -1.27643e-05 -5.20335e-05 -3.26375e-05 -6.79892e-05 -0.000153129 -0.000255349 6.81805e-05 1.86709e-05 -3.20193e-05 -1.7531e-05 4.02505e-06 -2.46649e-05 4.04715e-05 0.000231117 -4.36629e-05 4.18793e-05 1.73567e-05
internal_weight=2136 2103 82.5 2020.5 1971 657 1314 154 93.5 77 563.5 508.5 475.5 157.5 129.5 318 117.5 265.5 141.5 110.5 124 1160 99 77 1061 68 66 995 298 274 226 114 65 42 112 88 49 697 390 307 94 213 146 348
internal_count=1350 1332 45 1287 1260 420 840 84 51 42 369 339 321 120 102 201 90 162 93 62 69 756 54 42 702 46 51 666 276 252 204 102 60 40 102 78 42 390 260 130 40 90 62 232
is_linear=0
shrinkage=0.08


Tree=115
num_leaves=45
num_cat=0
split_feature=4 4 10 36 4 4 36 35 6 29 11 24 16 15 15 34 17 34 31 30 32 0 32 35 31 32 18 35 36 24 35 34 32 20 17 20 22 36 17 30 34 18 22 0
split_gain=0.00752571 0.010471 0.00423284 0.00172812 0.00657281 0.00261491 0.00200318 0.00194617 0.00136553 0.000385372 0.000722957 0.000390121 0.000387351 0.000834497 0.000336455 0.000425785 0.000327431 0.000305795 0.000257403 0.000230569 0.000264562 0.000204814 0.000430449 0.000190127 0.00063029 0.000166578 0.000138828 0.000210935 0.000126086 0.000112254 0.000162911 0.00114725 0.000848366 0.00070359 0.00108577 0.00051774 0.000546478 0.000495962 0.000417563 0.000694344 0.000397221 0.000353397 0.000403355 0.000243636
threshold=17.98 17.955000000000002 9.9450000000000021 2.5000000000000004 17.475000000000005 17.545000000000005 1.5000000000000002 1.5000000000000002 11.992692307692311 8.1000000000000014 3.9500000000000006 4.9000000000000012 7.1750000000000016 2.1715384615384621 1.9903846153846161 9.9000000000000039 3.0000000000000004 9.2000000000000046 11.700000000000001 0.70000000000000007 1.9000000000000001 17.380000000000006 6.1000000000000005 1.5000000000000002 4.6000000000000005 6.3000000000000016 15.500000000000002 1.5000000000000002 1.5000000000000002 5.4000000000000012 1.5000000000000002 122.50000000000001 14.100000000000003 7.6000000000000005 12.900000000000002 8.2000000000000011 29.300000000000004 1.5000000000000002 0.3000000000000001 2.1000000000000005 8.9000000000000057 2.7000000000000006 26.300000000000008 13.095000000000002
decision_type=2 2 2 2 2 2 2 2 2 2 2 2 2 2 2 2 2 2 2 2 2 2 2 2 2 2 2 2 2 2 2 2 2 2 2 2 2 2 2 2 2 2 2 2
left_child=1 2 3 5 9 21 8 -6 -7 12 -11 16 17 14 15 -14 -12 -5 19 -19 -21 26 -23 24 -22 -8 29 -28 -24 30 31 33 35 34 41 36 38 -35 40 -40 -32 43 -43 -1
right_child=-2 -3 -4 4 7 6 25 -9 -10 10 11 -13 13 -15 -16 -17 -18 18 -20 20 23 22 28 -25 -26 -27 27 -29 -30 -31 32 -33 -34 37 -36 -37 -38 -39 39 -41 -42 42 -44 -45
leaf_value=-0.00048924263683147728 0.0011987424957932847 -0.0010105264040105272 0.00074405954906133691 -0.0002347562565101367 0.0010554191717585806 -0.00099295601877686279 3.8665301928466017e-05 0.00032241552651805035 -0.00031916477173179775 -0.00062967504157374304 -6.8125440397084092e-05 -0.00027308721610877132 0.00037535955336816766 0.00048674054586121603 -0.00025465659131961211 -9.0349795624475779e-05 0.00020887758205585843 0.00026228864874803658 -0.0001212515925862274 -0.00015241029602021898 -6.8341470605721982e-05 -0.00031503597380254763 -0.00010373791147555625 -2.7351309061234836e-05 0.00042610390140025906 -0.00019666837576728363 -9.7209394776395382e-06 -0.00030702882912009955 0.00010100432224087901 0.0001269125343639065 0.00027198755017404137 -0.00057285758666694166 0.00035832629113903509 0.0004222146656952406 -0.000547154810002002 -0.00026713258065154703 0.00032680196062262571 1.3483936981126469e-05 -0.00033935852312984375 4.209797713760841e-05 -1.0868541504989596e-05 0.00032384971720411589 -1.6353945635880033e-05 -4.2307590595764683e-05
leaf_weight=7.9999999999999991 33 66 49.5 33 51 38.5 38.5 42.5 38.5 14.999999999999998 88.5 38.5 23.5 36 21 27 39.5 33 59 38.5 33 44 38.5 50.5 33 38.5 42 24 38.5 44 48 24 46 38 26 43 35 38 52 74 94 38 54 322
leaf_count=8 18 36 27 18 34 21 21 17 21 15 51 21 21 36 21 27 24 18 33 21 22 24 21 22 22 21 36 18 21 24 30 16 22 30 24 28 20 30 34 32 40 28 40 236
internal_value=3.84859e-12 -1.88105e-05 1.33217e-05 -4.87784e-06 0.000100619 -5.76261e-05 -0.000367531 0.000722236 -0.00065606 -1.52759e-06 -9.77268e-05 -4.98036e-05 4.35309e-05 0.000172617 1.44576e-05 0.000126366 1.7356e-05 -6.02912e-06 2.45296e-05 7.028e-05 2.94008e-05 -1.687e-05 -0.000115428 8.94843e-05 0.000178881 -7.90015e-05 -5.51233e-06 -0.000117833 -1.36679e-06 2.02137e-06 -3.8246e-06 -3.19925e-05 3.55529e-05 -7.22001e-06 -4.54014e-05 -7.35915e-06 2.95064e-05 0.000217849 -9.31953e-06 -0.000115329 8.47448e-05 -1.44877e-05 0.000124165 -5.31424e-05
internal_weight=2136 2103 2037 1987.5 662.5 1325 154 93.5 77 569 181.5 166.5 387.5 107.5 71.5 50.5 128 280 247 188 155 1171 121 116.5 66 77 1050 66 77 984 940 548 392 524 448 346 303 76 268 126 142 422 92 330
internal_count=1350 1332 1296 1269 423 846 84 51 42 372 111 96 261 105 69 48 75 156 138 105 87 762 66 66 44 42 696 54 42 642 618 412 206 396 336 184 156 60 136 66 70 312 68 244
is_linear=0
shrinkage=0.08


Tree=116
num_leaves=45
num_cat=0
split_feature=37 1 11 31 36 11 12 3 4 34 37 32 37 18 19 35 18 1 27 32 32 15 4 37 14 9 31 37 37 37 15 10 32 37 21 21 34 20 35 20 16 37 19 34
split_gain=0.00994076 0.053235 0.0244153 0.00391054 0.00363528 0.149394 0.125758 0.0161415 0.00526371 0.00127983 0.000775616 0.00103786 0.00178442 0.00312893 0.00168893 0.00152242 0.000742415 0.00129473 0.000681418 0.000645496 0.00115931 0.000782291 0.000471889 0.000398797 0.00158059 0.00187869 0.000298189 0.000265323 0.000579595 0.000143608 0.000130343 0.000155754 0.000162099 0.000131285 0.000243972 0.000192284 0.000194773 0.000176075 0.000561555 0.000391783 0.000200895 0.000393416 0.000230542 0.000211295
threshold=17.545000000000005 17.775000000000002 9.9550000000000018 5.7000000000000002 2.5000000000000004 9.8950000000000014 9.8250000000000011 17.935000000000006 17.935000000000006 112.70000000000003 9.5050000000000008 8.4000000000000004 6.9350000000000014 5.9000000000000012 1.5000000000000002 1.5000000000000002 3.7000000000000006 15.880000000000001 10.400000000000002 8.4000000000000004 3.7000000000000006 2.2050000000000001 16.155000000000005 16.245000000000001 7.6250000000000009 9.9800000000000022 22.000000000000004 2.3250000000000006 2.5300000000000007 13.645000000000001 1.0000000180025095e-35 9.5600000000000005 26.500000000000004 14.515000000000002 2.1000000000000005 11.500000000000002 46.100000000000009 11.500000000000002 1.5000000000000002 5.0000000000000009 8.9950000000000028 3.9500000000000006 0.3000000000000001 9.2000000000000046
decision_type=2 2 2 2 2 2 2 2 2 2 2 2 2 2 2 2 2 2 2 2 2 2 2 2 2 2 2 2 2 2 2 2 2 2 2 2 2 2 2 2 2 2 2 2
left_child=2 -2 4 -3 5 8 7 9 18 10 11 12 13 15 -14 -6 19 -18 23 20 21 29 -13 26 -25 -26 27 -1 -29 -12 -30 32 33 35 -35 37 -37 39 -39 40 43 -42 -43 -32
right_child=1 3 -4 -5 6 -7 -8 -9 -10 -11 16 22 14 -15 -16 -17 17 -19 -20 -21 -22 -23 -24 24 25 -27 -28 28 30 -31 31 -33 -34 34 -36 36 -38 38 -40 -41 41 42 -44 -45
leaf_value=-0.00047134777181781831 0.0043040970513331042 -0.001343956065497228 -0.0016217201979209981 0.0001116282842984354 -0.0002416120024281554 0.0049075709944590932 -0.0047021802014684021 0.0018925115556293537 -0.0010100990445870493 0.00046615781080795499 -0.00019004790705405878 9.0080445011456807e-05 0.00012725536237282256 -0.00083828937566767512 0.00070097784968939695 0.00061644833471815469 0.00010650799475395335 -0.0006223079239806304 -0.00028131160511671066 0.00020813162373215484 -0.00047603250620886686 0.00039221521965893249 -0.00031519763421659409 0.00029142463630705607 -9.1885518049821254e-05 -0.00099731004881587902 0.00015821137204433662 0.00095227175392210484 0.00029048564119471445 3.4455317654646932e-05 0.00012636253220864153 -0.00017872118960238166 -0.0001835359489037232 -0.00013955499802250414 0.00018753264090736157 -3.194297372829169e-05 -0.00029667552448166853 9.0269311534939338e-05 -0.00034525434331347549 0.00022349490658738294 -0.00036524384731559883 0.00018741258594673127 -0.00016323750603381389 -8.7431177682614692e-06
leaf_weight=7.9999999999999991 21 21 60 27 24 40 36.5 31.5 36 41 46.5 30 81.5 26 55 29.5 26 39 65 57 40 28 47.5 32 44 22 70 3.9999999999999991 8.9999999999999982 30 87 36 33 20 54 46 29 40 36 52 28 24 24 499
leaf_count=8 21 21 30 27 24 20 19 14 16 21 25 21 33 23 25 28 25 26 30 38 26 20 19 32 44 22 38 4 4 30 62 16 18 20 54 30 22 30 24 32 28 24 24 232
internal_value=2.12563e-12 0.000944593 -3.15321e-05 -0.00052519 1.60071e-05 9.21396e-05 -0.000136258 0.00012723 -5.62558e-05 3.47071e-05 3.11874e-06 9.28335e-05 0.000182945 -0.000118352 0.000358426 0.000231524 -9.56853e-05 -0.000330782 -2.90463e-05 -1.98478e-05 -0.000109777 3.04159e-05 -0.000158316 -1.53477e-05 -0.000169982 -0.000393694 -1.55872e-06 -1.24274e-05 -8.83158e-06 -0.000102007 -1.26117e-05 -1.5318e-05 -9.26599e-06 -3.14148e-06 9.91306e-05 -1.18908e-05 -0.000134306 -2.69051e-07 -0.000116031 1.2053e-05 -4.55574e-06 -0.000126929 1.20875e-05 1.13152e-05
internal_weight=2136 69 2067 48 2007 1338 669 632.5 1298 601 560 293.5 216 79.5 136.5 53.5 266.5 65 1262 201.5 144.5 104.5 77.5 1197 98 66 1099 1029 1021 76.5 1017 1008 972 939 74 865 75 790 76 714 662 76 48 586
internal_count=1350 69 1281 48 1251 834 417 398 814 384 363 173 133 75 58 52 190 51 798 139 101 75 40 768 98 66 670 632 624 55 620 616 600 582 74 508 52 456 54 402 370 76 48 294
is_linear=0
shrinkage=0.08


Tree=117
num_leaves=45
num_cat=0
split_feature=27 4 35 11 36 11 11 0 0 35 30 35 30 22 22 23 35 11 15 35 15 29 15 15 35 25 0 18 29 35 20 17 24 20 19 6 36 2 17 31 8 8 18 19
split_gain=0.00559229 0.00875401 0.102496 0.00468593 0.00175451 0.00828216 0.00352629 0.00190155 0.000927381 0.00137037 0.000493081 0.000556945 0.000392561 0.000591405 0.000342431 0.000436446 0.000532934 0.00101065 0.000297171 0.000541179 0.000698035 0.000234905 0.000174824 0.000162256 0.00024672 0.000134084 0.00011698 0.000102096 0.000203793 0.000144268 0.000672665 0.000798596 0.00064335 0.000640481 0.000658407 0.00136258 0.000474481 0.000383811 0.000498401 0.000306908 0.000288481 0.000359264 0.000242129 0.000341759
threshold=22.700000000000006 17.955000000000002 1.5000000000000002 9.9550000000000018 2.5000000000000004 9.7700000000000014 9.8550000000000022 17.795000000000005 17.430000000000003 1.0000000180025095e-35 6.0000000000000009 1.5000000000000002 4.6000000000000005 57.000000000000007 59.70000000000001 4.1000000000000005 1.5000000000000002 7.6750000000000007 2.1715384615384621 1.5000000000000002 2.3250000000000006 6.9000000000000012 0.094999999999998877 1.5600000000000003 1.5000000000000002 5.4000000000000012 17.355000000000004 15.500000000000002 3.3000000000000003 1.5000000000000002 7.6000000000000005 11.800000000000002 2.3000000000000003 8.2000000000000011 0.90000000000000013 9.8950000000000014 1.5000000000000002 16.185000000000006 0.3000000000000001 7.1000000000000005 10.105000000000002 10.045000000000002 2.7000000000000006 5.0000000000000009
decision_type=2 2 2 2 2 2 2 2 2 2 2 2 2 2 2 2 2 2 2 2 2 2 2 2 2 2 2 2 2 2 2 2 2 2 2 2 2 2 2 2 2 2 2 2
left_child=1 3 -3 4 6 7 8 12 22 -10 -11 -12 13 18 15 16 17 -14 21 20 -20 23 -1 24 -6 -17 27 29 -29 30 31 32 40 34 37 39 -32 38 -31 -36 41 42 -24 -44
right_child=-2 2 -4 -5 5 -7 -8 -9 9 10 11 -13 14 -15 -16 25 -18 -19 19 -21 -22 -23 26 -25 -26 -27 -28 28 -30 33 36 -33 -34 -35 35 -37 -38 -39 -40 -41 -42 -43 43 -45
leaf_value=-0.00022801356538283555 0.0010333488151346418 -0.0033980638989143902 0.0022649563238024712 0.00078554114101059508 -6.0529394998788699e-05 0.0014631748145276849 -0.0008724367428062992 0.00045111112444746223 -0.00062358824732272253 -0.00029243138437676762 0.00019496590192340173 -0.00015629582508252217 0.00047463593544820566 0.00039174812787678092 -0.00029845269170363208 -0.00029787972176374943 -0.00012557708546924204 -7.3636614785452064e-05 -0.00027354152571107892 0.00030555635040520497 0.00022483755787834525 -0.00026567239796609752 -5.3421306750701313e-05 -0.00013694610903397777 0.00024284859992942568 -8.6743016908695167e-05 0.00010295811017523662 -0.00026195374156894356 2.1287796867860331e-05 9.781576758250595e-05 0.00037638975525269196 -0.00046389847512667381 -0.00039391343543926881 -0.00023583764899134013 0.00067067005623388913 -1.6133443510625509e-05 -8.4877593113427482e-06 5.9876448158174756e-05 -0.00035976445994889125 0.00032096629134482809 -0.00024804457339147726 0.00021397840614857463 0.000313953736020873 -8.2321404792869892e-05
leaf_weight=22 33 45 37.5 49.5 41 27.5 33 66 38 54 52 65 39 31 37 38.5 69 48 37 53 35 28 260 39 29.5 38.5 66 29 37 25 41 30 30 48 29 80 41 125 39 36 30 48 30 26
leaf_count=12 18 30 15 27 32 15 18 36 38 24 26 26 28 24 30 21 30 32 28 26 24 18 196 39 16 21 36 24 30 22 32 28 20 30 26 32 32 50 24 18 20 32 24 20
internal_value=-5.51113e-12 -1.62152e-05 -0.000823964 1.67664e-05 -2.54074e-06 0.000104202 -5.59123e-05 4.48349e-05 -3.48777e-05 -0.000189037 -9.24696e-05 -1.79502e-07 -2.7502e-06 6.12932e-05 -7.23678e-05 -3.64659e-05 4.04579e-05 0.000172141 2.22681e-05 0.000111542 -3.12739e-05 -5.88902e-05 -4.82242e-06 -6.01434e-06 6.6416e-05 -0.000192311 -1.46035e-07 -7.06156e-06 -0.000103167 -1.52028e-07 -2.69254e-05 -6.50132e-05 -3.67902e-05 3.74148e-05 7.66847e-05 0.000204921 0.000183951 -2.16977e-05 -0.000181022 0.000476988 -9.59812e-06 1.00541e-05 -2.09218e-05 0.000129969
internal_weight=2136 2103 82.5 2020.5 1971 657 1314 629.5 1281 209 171 117 563.5 293.5 270 233 156 87 262.5 125 72 137.5 1072 109.5 70.5 77 1050 984 66 918 536 454 424 382 334 145 82 189 64 65 394 364 316 56
internal_count=1350 1332 45 1287 1260 420 840 405 822 114 76 52 369 207 162 132 90 60 183 78 52 105 708 87 48 42 696 660 54 606 404 340 312 202 172 76 64 96 46 44 292 272 240 44
is_linear=0
shrinkage=0.08


Tree=118
num_leaves=45
num_cat=0
split_feature=37 23 16 37 11 23 37 20 37 11 4 23 0 34 20 34 33 34 4 17 37 17 19 37 19 11 37 24 33 37 29 7 32 29 37 37 34 37 37 32 32 37 0 20
split_gain=0.0103576 0.0420229 0.0230118 0.163076 0.00434346 0.000972515 0.000909473 0.00187731 0.00166908 0.030913 0.0124781 0.00164752 0.00146772 0.00114215 0.000390036 0.000436519 0.000456617 0.000436788 0.000319996 0.000308741 0.00186945 0.000268869 0.000385027 0.000354167 0.000317698 0.000214746 0.000227684 0.000245795 0.000227831 0.000610918 0.00139816 0.000764528 0.000251391 0.000229331 0.000248529 0.000223017 0.000398977 0.000229948 0.000290477 0.000636533 0.000198717 0.000185575 0.000177078 0.000172938
threshold=17.630000000000006 1.6000000000000003 5.9461538461538463 11.703076923076924 9.9350000000000005 10.400000000000002 17.150000000000002 0.50000000000000011 11.802307692307695 9.7450000000000028 17.965000000000003 3.4000000000000004 17.795000000000005 72.000000000000014 14.600000000000001 53.900000000000013 11.4 40.70000000000001 17.545000000000005 17.200000000000006 7.2450000000000001 8.2000000000000011 11.800000000000002 2.5300000000000007 11.800000000000002 9.6300000000000008 10.675000000000002 4.9000000000000012 5.5000000000000009 8.8450000000000006 9.1000000000000014 9.8850000000000033 3.9000000000000004 7.8000000000000007 10.065000000000003 9.8750000000000018 50.300000000000004 3.0500000000000003 5.0400000000000009 0.3000000000000001 4.6000000000000005 9.7850000000000019 17.430000000000003 7.0000000000000009
decision_type=2 2 2 2 2 2 2 2 2 2 2 2 2 2 2 2 2 2 2 2 2 2 2 2 2 2 2 2 2 2 2 2 2 2 2 2 2 2 2 2 2 2 2 2
left_child=2 -2 3 -1 6 -3 8 -8 10 11 12 13 18 14 15 16 17 43 19 21 -21 23 -23 -4 25 26 27 28 33 31 -31 -30 -33 34 35 36 37 -25 39 -39 -26 -35 -28 -10
right_child=1 5 4 -5 -6 -7 7 -9 9 -11 -12 -13 -14 -15 -16 -17 -18 -19 -20 20 -22 22 -24 24 40 -27 42 -29 29 30 -32 32 -34 41 -36 -37 -38 38 -40 -41 -42 -43 -44 -45
leaf_value=0.0016128286163633069 0.0039325113607836621 -0.00083542099311238239 0.00038574225082993506 -0.0046432352107755532 0.00061101451211567951 -6.550485623024758e-05 -0.00090907662996046604 1.7313487007327022e-05 -6.7537362467471837e-06 0.0029457225487567484 -0.0014909424384435019 -0.00066626246940965463 0.0004746476102663183 0.00051890168442494337 -0.00035755721530655307 -0.00032395327327928194 -0.00029627096490003168 0.00033928305623262669 0.00022430297079277628 -0.00020254286810417066 0.00074313979016409992 -1.6879462378306523e-05 -0.00032166687751842323 -0.0001508037984992067 0.00033474976110651539 -0.00019603285846518881 -0.00025089760155727468 0.00013085362475683871 -0.00044071072131715794 0.00033510730745710011 -0.00022275189558664958 -0.00019602685439444725 3.2222356895605724e-05 0.00017793810563319822 -0.00021191038708719942 0.00021729904661575952 -0.00025178170810716277 0.0005538970183226325 9.1391458789015574e-06 -3.3361629617434965e-05 4.2102868019631417e-05 -4.310897667892277e-06 -1.8590512973744245e-05 0.00023778604432230906
leaf_weight=60 21 21 14.999999999999998 48 79.5 21 21 42 156 24 36 24 43.5 27 21 24 24 33 40.5 33 22.5 72 42 45 27 40.5 42 87 46.5 61.5 54 52.5 75 88.5 36 30 39 21 256.5 27 33 60 42 21
leaf_count=24 21 21 15 24 42 21 21 42 156 15 15 15 18 27 21 24 21 33 18 33 15 42 24 45 24 18 21 36 33 30 27 21 30 39 18 15 18 21 129 27 18 30 21 21
internal_value=4.93501e-12 0.00101053 -3.07107e-05 -0.00116764 3.17772e-05 -0.000450463 7.35435e-06 -0.000291483 1.76845e-05 0.000173615 -1.99043e-05 -2.79932e-05 1.70642e-05 2.20671e-05 -2.60137e-05 9.72416e-07 3.42981e-05 7.20775e-05 2.73381e-06 -3.92066e-06 0.000180842 -1.18513e-05 -0.00012917 -5.07554e-07 -5.485e-06 -1.52284e-05 -8.34306e-06 2.49684e-06 -1.00153e-05 -6.83499e-05 7.429e-05 -0.000163033 -6.17626e-05 1.79912e-05 -1.02095e-05 7.14117e-06 -9.08724e-06 1.79945e-05 4.29401e-05 0.000223564 0.000173794 0.000104302 -0.000134744 2.22595e-05
internal_weight=2136 63 2073 108 1965 42 1885.5 63 1822.5 354 1468.5 330 1432.5 306 279 258 234 210 1389 1348.5 55.5 1293 114 1179 1164 1104 1063.5 979.5 892.5 289.5 115.5 174 127.5 603 454.5 418.5 388.5 349.5 304.5 48 60 148.5 84 177
internal_count=1350 63 1287 48 1239 42 1197 63 1134 333 801 318 786 303 276 255 231 210 768 750 48 702 66 636 621 579 561 519 483 141 57 84 51 342 273 255 240 222 177 48 42 69 42 177
is_linear=0
shrinkage=0.08


Tree=119
num_leaves=45
num_cat=0
split_feature=4 4 10 36 11 10 0 0 35 35 24 36 15 24 35 17 28 31 30 29 30 30 20 32 20 15 32 7 35 19 19 17 22 24 10 17 29 36 31 33 20 16 32 20
split_gain=0.00448704 0.00833718 0.00344955 0.00146341 0.00671027 0.00312778 0.00198959 0.000552604 0.00113431 0.00112634 0.00209831 0.00136579 0.000534841 0.000318126 0.000434023 0.00233211 0.00193224 0.00180347 0.00127436 0.00161531 0.00108436 0.000858816 0.000602277 0.000884332 0.000604103 0.000215046 0.000127084 0.000104216 0.000146463 0.000996433 0.000806646 0.000693808 0.000733626 0.00069227 0.000566529 0.000458038 0.000456614 0.000374116 0.000314936 0.000282117 0.000609501 0.000365111 0.000303533 0.000379489
threshold=17.98 17.955000000000002 9.9450000000000021 2.5000000000000004 9.7700000000000014 9.8250000000000011 17.795000000000005 17.365000000000006 1.0000000180025095e-35 1.5000000000000002 7.5000000000000009 1.5000000000000002 3.1099999999999999 5.4000000000000012 1.5000000000000002 12.900000000000002 12.799999999999999 2.3000000000000003 2.8000000000000003 6.0000000000000009 12.100000000000001 2.5000000000000004 2.5000000000000004 3.3000000000000003 1.0000000180025095e-35 0.094999999999998877 1.0000000180025095e-35 10.115 1.5000000000000002 11.500000000000002 15.500000000000002 3.3000000000000003 17.800000000000008 2.3000000000000003 2.9350000000000005 11.800000000000002 1.0000000000000002 1.5000000000000002 3.5000000000000004 11.100000000000001 2.5000000000000004 6.1150000000000011 2.5000000000000004 2.1000000000000005
decision_type=2 2 2 2 2 2 2 2 2 2 2 2 2 2 2 2 2 2 2 2 2 2 2 2 2 2 2 2 2 2 2 2 2 2 2 2 2 2 2 2 2 2 2 2
left_child=1 2 3 5 6 7 13 25 12 10 -10 -11 -9 14 15 16 20 21 -19 -20 22 -16 24 -24 26 -1 -5 28 30 31 33 32 34 35 -30 39 -36 -38 -33 41 -41 -27 43 -43
right_child=-2 -3 -4 4 -6 -7 -8 8 9 11 -12 -13 -14 -15 17 -17 -18 18 19 -21 -22 -23 23 -25 -26 27 -28 -29 29 -31 -32 38 -34 -35 36 -37 37 -39 -40 40 -42 42 -44 -45
leaf_value=-0.00025354454505511305 0.00092561818659305569 -0.00089944351295178585 0.00067381668045665287 8.9680993308623635e-05 0.0013182522681626408 -0.00081990801475264816 0.00045759938457084706 -0.00025295687218507133 -0.00023583148754286498 -0.00051106984236023642 0.00054546088620554655 5.2718521349809385e-05 -0.0008131114796269685 -0.00018928016476671807 0.00040283181670087357 0.0008315057593669432 0.00050923986110969319 -0.00068137387076959671 0.0003215235838855522 -0.00037089534622171649 -0.00052071300365271107 -0.00011765485586455236 -0.00048724800594417112 9.9504286152941567e-05 0.00030423068241216243 -0.00028964661760255694 -0.00011313535641389096 7.2819349948655484e-05 0.00060554965127569943 -0.00034866715129464862 0.00031923382826406805 0.00011574958483206814 -0.00031315815857630477 -0.00048229828166464965 -0.00016124245158776089 -0.00028803161604710938 0.00022501060325850748 -1.3045857732112591e-05 0.00047224866598844526 -6.7061876664714266e-05 0.00037565291653770736 -1.3595849013654515e-05 7.1938608999709794e-05 -0.00026534177289620319
leaf_weight=22 33 66 49.5 30 27.5 33 66 24 44 55 44 55 20 55 54 24 42 34.5 34.5 57.5 31 32.5 35 31 50 36 58 110 11.999999999999998 40 38 29 37 24 54 44 84.5 84.5 35 48 34 132 132 54
leaf_count=12 18 36 27 24 15 18 36 24 22 22 22 22 20 30 36 22 28 18 18 26 22 16 28 24 38 24 42 60 12 28 32 20 28 16 30 40 35 35 20 32 24 108 96 44
internal_value=-9.16852e-13 -1.45247e-05 1.41472e-05 -2.28229e-06 9.47986e-05 -5.08227e-05 4.18144e-05 -3.11789e-05 -0.00014016 -5.85133e-05 0.000154815 -0.000229176 -0.000507573 -6.41374e-06 1.31537e-05 7.49939e-05 9.44779e-06 -7.42356e-05 -0.00026673 -0.000111238 -7.98768e-05 0.000207273 -1.28869e-05 -0.000211652 8.21747e-05 -6.06128e-06 -4.39934e-05 -7.6495e-07 -9.58224e-06 2.87831e-05 -3.61973e-05 7.37176e-05 1.79547e-05 -6.29957e-05 7.00873e-05 -4.20305e-05 4.12732e-05 0.000105982 0.00031071 -1.72047e-05 0.000116503 -4.81765e-05 -2.08403e-05 -8.66834e-05
internal_weight=2136 2103 2037 1987.5 662.5 1325 635 1292 242 198 88 110 44 569 514 301 277 213 126.5 92 235 86.5 204 66 138 1050 88 1028 918 376 542 336 272 504 235 480 223 169 64 436 82 354 318 186
internal_count=1350 1332 1296 1269 423 846 408 828 132 88 44 44 44 372 342 228 206 114 62 44 178 52 156 52 104 696 66 684 624 208 416 180 140 384 112 368 100 70 40 328 56 272 248 152
is_linear=0
shrinkage=0.08


Tree=120
num_leaves=45
num_cat=0
split_feature=37 27 10 6 37 37 3 36 37 37 3 1 34 15 15 5 15 37 3 15 30 3 10 10 29 10 15 35 37 37 32 37 0 34 34 37 37 32 37 32 32 29 37 20
split_gain=0.00903856 0.0410771 0.0220693 0.00680512 0.0015907 0.0171572 0.00481051 0.0043189 0.101619 0.0863509 0.0113816 0.00447103 0.00110049 0.00102008 0.000892123 0.00146859 0.00102366 0.000892459 0.000803973 0.000552261 0.000515339 0.000512441 0.000391063 0.000395703 0.000437108 0.000365607 0.000358605 0.000353811 0.000248868 0.000366966 0.000437107 0.000247393 0.000493486 0.000447694 0.000333893 0.000322781 0.000379302 0.0017001 0.000844776 0.000817791 0.000405355 0.000402218 0.000334961 0.000686477
threshold=17.630000000000006 11.900000000000002 9.9550000000000018 11.911538461538465 11.802307692307695 11.974615384615387 17.955000000000002 2.5000000000000004 10.435000000000002 11.245000000000003 17.475000000000005 17.775000000000002 78.300000000000026 -0.065000000000001265 2.475000000000001 8.6300000000000008 2.2850000000000006 7.4800000000000013 17.380000000000006 2.2350000000000008 0.3000000000000001 17.400000000000002 9.0900000000000016 7.8950000000000005 7.5000000000000009 7.7750000000000012 2.1350000000000002 1.5000000000000002 10.105000000000002 9.9050000000000029 7.3000000000000016 9.7850000000000019 16.740000000000006 93.300000000000026 66.100000000000009 2.3250000000000006 5.1300000000000017 1.9000000000000001 5.535000000000001 0.50000000000000011 1.7000000000000004 8.9000000000000021 8.7150000000000016 3.3000000000000003
decision_type=2 2 2 2 2 2 2 2 2 2 2 2 2 2 2 2 2 2 2 2 2 2 2 2 2 2 2 2 2 2 2 2 2 2 2 2 2 2 2 2 2 2 2 2
left_child=2 3 4 -2 6 -6 7 9 10 11 14 13 18 -1 16 -16 19 -17 22 20 27 28 23 25 -25 -7 -22 -9 29 31 -31 33 -33 34 35 -15 37 39 -38 -37 -40 42 43 -42
right_child=1 -3 -4 -5 5 12 -8 8 -10 -11 -12 -13 -14 21 15 17 -18 -19 -20 -21 26 -23 -24 24 -26 -27 -28 -29 -30 30 -32 32 -34 -35 -36 36 38 -39 40 -41 41 -43 -44 -45
leaf_value=-0.00049775587256859855 -0.0015187826954449217 0.0038329071077030331 -0.001540616475045681 0.00051785201987340334 0.0018236341663739747 -2.8574608168292054e-05 -0.00083762964575241009 0.00035035392257019079 -0.0040579194291494782 0.0037397528043948114 0.0013395796214108883 -0.00079032088955864306 0.0003430155482729552 -0.00050167841720394791 0.00076423288565938882 -0.00021847744535824113 -0.0004004373873717019 0.00024325319069580441 -0.0003870822830746571 0.00028313416043917338 -5.1584409020901858e-05 0.00030597230693434969 0.00024579201281691593 -3.0863343962226756e-05 -0.00051750985308206602 0.00026897588579837857 -0.00033486767164613853 -4.0486887806937807e-05 -0.00015755382256911081 0.00035134856379590929 -2.2649040911346674e-05 3.2889856682980763e-06 -0.00035083475703140724 0.0002813188446951764 -0.00024928114325222043 0.00012522836097050459 -0.00053121169190853835 0.00065492380643263461 0.00012071347042918205 -0.00044288688676412369 -0.00040490617811748828 0.0001124862701702944 3.3688007527267309e-05 -3.2860301858322186e-05
leaf_weight=27 21 21 60 21 36 222 45 28 40 40 46 50 54 7.9999999999999991 23 44 49 68.5 39 37.5 92 34 36 27 21 30 41.5 31.5 68 40 40 68 40 35 36 50 20 30 125 24 54 69 67 77
leaf_count=12 21 21 30 21 18 222 18 21 20 20 19 20 39 8 20 20 24 31 30 20 52 14 36 27 21 30 24 21 34 20 20 34 20 14 24 50 20 30 56 24 24 32 30 38
internal_value=3.3342e-12 0.000943992 -2.86886e-05 -0.000500465 1.63763e-05 0.00014613 -2.26002e-05 1.80183e-06 -0.000189982 9.76938e-05 0.000145631 -5.37432e-05 5.36093e-06 -1.33606e-05 1.32894e-05 0.00018175 -6.83796e-05 6.26652e-05 -4.32613e-05 2.20967e-06 -5.23741e-05 1.41754e-06 -3.35355e-06 -3.3251e-05 -0.000243771 6.84807e-06 -0.000139646 0.000143438 -1.07503e-05 1.99888e-06 0.00016435 -1.64763e-05 -0.000127868 3.74266e-06 -1.36059e-05 2.58558e-06 1.04036e-05 0.000146922 -2.40572e-05 -5.90252e-05 1.818e-06 -5.38447e-05 -0.000111808 -0.000186223
internal_weight=2136 63 2073 42 2013 465 1548 1503 501 1002 461 962 429 912 415 135.5 279.5 112.5 375 230.5 193 885 336 300 48 252 133.5 59.5 851 783 80 703 108 595 560 524 516 104 412 74 392 267 198 131
internal_count=1350 63 1287 42 1257 423 834 816 272 544 252 524 405 504 233 71 162 51 366 138 118 492 336 300 48 252 76 42 478 444 40 404 54 350 336 312 304 104 200 74 180 124 92 62
is_linear=0
shrinkage=0.08


Tree=121
num_leaves=45
num_cat=0
split_feature=15 12 12 10 36 10 5 1 36 31 35 28 31 20 20 34 13 35 15 35 32 30 31 15 33 15 32 18 29 7 35 36 35 32 5 32 33 17 17 2 19 33 33 29
split_gain=0.00389587 0.00997572 0.0066836 0.00182502 0.00155588 0.00611561 0.00155498 0.00111003 0.00107487 0.00164404 0.00142699 0.000323459 0.000691921 0.000246831 0.000569305 0.000411899 0.000223433 0.000507787 0.00122858 0.000730036 0.00204432 0.00133585 0.000185903 0.000193523 0.000299419 0.000177972 0.000113369 0.000105446 0.000166434 8.82361e-05 0.000404793 0.000220493 0.000208816 0.000705345 0.000692279 0.000561928 0.00047716 0.000463728 0.000913498 0.00106736 0.000458289 0.000338164 0.000278872 0.000611513
threshold=-0.15000000000000033 9.9350000000000005 9.8950000000000014 9.8950000000000014 2.5000000000000004 9.6700000000000017 11.190000000000003 17.775000000000002 1.5000000000000002 4.6000000000000005 1.5000000000000002 60.800000000000004 4.6000000000000005 11.500000000000002 5.9000000000000012 36.300000000000004 7.6250000000000009 1.0000000180025095e-35 2.5750000000000002 1.5000000000000002 3.1000000000000005 4.2000000000000011 11.700000000000001 2.2050000000000001 1.3 0.094999999999998877 7.7000000000000011 15.500000000000002 3.3000000000000003 10.115 1.5000000000000002 1.5000000000000002 1.5000000000000002 12.100000000000001 9.9350000000000005 14.100000000000003 7.1000000000000005 3.0000000000000004 0.3000000000000001 16.155000000000005 8.9000000000000021 1.7000000000000004 11.100000000000001 9.1000000000000014
decision_type=2 2 2 2 2 2 2 2 2 2 2 2 2 2 2 2 2 2 2 2 2 2 2 2 2 2 2 2 2 2 2 2 2 2 2 2 2 2 2 2 2 2 2 2
left_child=-1 2 3 4 6 7 25 13 9 -8 -11 12 -10 14 16 -15 17 18 -6 20 -19 -21 23 24 -18 -2 -25 29 -29 32 31 -31 33 40 -35 36 37 38 41 -40 42 -34 -27 -44
right_child=1 -3 -4 -5 5 -7 8 -9 11 10 -12 -13 -14 15 -16 -17 22 19 -20 21 -22 -23 -24 26 -26 27 -28 28 -30 30 -32 -33 35 34 -36 -37 -38 -39 39 -41 -42 -43 43 -45
leaf_value=0.00070145199733852141 -0.00023101961578835141 -0.0011387778856236526 0.0011398811305336879 -0.00059798047398075917 0.00015679084079559235 0.0011637889384997612 -0.0008274884181181816 0.00038949487498030066 0.00010807324346009787 9.3381174204599428e-05 -0.00055360010173171757 0.00013173122406489663 -0.00034412249019651704 0.00037635700606430576 -0.00032899888289662506 -4.1139078189115054e-05 6.2695158576238751e-05 -0.00018023672701430419 -0.00063340548821724948 0.00031121376991631036 0.00065667858585081204 -0.00032149077033285394 -0.00018299797385804017 0.00017942899753424255 -0.0001836961447274503 -5.4792308640667758e-05 -2.1749819544228642e-06 -0.00024243629457236363 1.3530509848449681e-05 0.00036648505864044032 -9.508149791508913e-05 5.976516380906105e-05 4.6322229815026128e-05 -0.00050247897161936732 -1.2921745753070961e-05 0.00030477565591749937 -0.00016904776413483841 0.00027237327572388146 -0.00052868541071398397 9.1739579902163572e-05 0.00026093701231002343 0.00034187243804587308 0.00032616219937335697 -0.00015164340411623321
leaf_weight=49.5 22 49.5 33 33 34 33 38.5 55 38.5 48 40 38.5 49.5 30 32.5 30.5 60.5 31 20 41.5 47 44 44 44 66 322 44 29 37 30 50 30 75 38 36 46 76 52 36 35 40 37 40 30
leaf_count=27 12 27 18 18 34 18 21 30 21 32 16 21 27 24 24 21 33 27 20 34 27 20 24 24 36 252 24 24 30 20 20 20 42 28 24 22 34 34 30 14 32 16 28 20
internal_value=-5.75203e-12 -1.66412e-05 1.06272e-05 -7.96829e-06 1.91015e-06 0.00010243 -4.83496e-05 4.63e-05 -0.000226568 -0.000391463 -0.000200701 -6.16727e-05 -0.000146287 1.31265e-05 -5.04813e-06 0.000165884 1.70704e-05 7.68235e-05 -0.000135874 0.000147072 0.000324058 -1.43886e-05 -3.32055e-05 -2.47884e-06 -6.58568e-05 -5.85273e-06 8.8627e-05 -1.085e-06 -9.89398e-05 5.55263e-06 7.30312e-05 0.000213125 -3.04835e-06 -3.61025e-05 -0.000264316 4.38015e-05 5.20077e-06 6.15535e-05 1.6484e-06 -0.000222842 2.98968e-06 0.000143959 -2.33315e-05 0.000121388
internal_weight=2136 2086.5 2037 2004 1971 657 1314 624 253 126.5 88 126.5 88 569 508.5 60.5 476 217.5 54 163.5 78 85.5 258.5 214.5 126.5 1061 88 1039 66 973 110 60 863 506 74 357 311 235 183 71 432 112 392 70
internal_count=1350 1323 1296 1278 1260 420 840 402 138 69 48 69 48 372 327 45 303 162 54 108 54 54 141 117 69 702 48 690 54 636 60 40 576 384 52 192 170 136 102 44 332 58 300 48
is_linear=0
shrinkage=0.08


Tree=122
num_leaves=45
num_cat=0
split_feature=37 10 10 36 14 4 25 11 4 34 10 37 1 34 2 1 16 1 34 34 21 22 16 16 32 17 15 30 30 37 20 30 21 11 1 10 37 36 36 17 36 35 35 32
split_gain=0.00814562 0.16503 0.098621 0.010286 0.114675 0.113048 0.00729211 0.00451066 0.00658729 0.00319745 0.00200227 0.00180641 0.00272111 0.00123153 0.00110277 0.00109261 0.000906314 0.000700909 0.000440581 0.000486198 0.000257028 0.000251248 0.000245863 0.000382374 0.000261866 0.000617062 0.00023114 0.000197941 0.000353896 0.000223979 0.000387703 0.000200854 0.00036995 0.00019588 0.000228458 0.000181986 0.000177428 0.000374751 0.000275545 0.000170025 0.000375629 0.000986635 0.000395146 0.00034908
threshold=11.130000000000001 9.9550000000000018 9.9550000000000018 2.5000000000000004 9.4850000000000012 17.965000000000003 11.900000000000002 9.8950000000000014 17.890000000000004 72.800000000000026 9.4850000000000012 17.380000000000006 17.775000000000002 53.900000000000013 16.165000000000003 17.475000000000005 5.9461538461538463 15.195000000000002 74.200000000000017 57.800000000000004 23.100000000000005 67.200000000000017 6.0057692307692303 6.0453846153846165 1.5000000000000002 17.200000000000006 2.2450000000000001 0.50000000000000011 1.0000000180025095e-35 6.9350000000000014 5.0000000000000009 7.1000000000000005 0.50000000000000011 7.8350000000000009 13.955000000000002 8.6700000000000017 9.6200000000000028 2.5000000000000004 1.5000000000000002 1.0000000180025095e-35 2.5000000000000004 1.5000000000000002 1.5000000000000002 0.50000000000000011
decision_type=2 2 2 2 2 2 2 2 2 2 2 2 2 2 2 2 2 2 2 2 2 2 2 2 2 2 2 2 2 2 2 2 2 2 2 2 2 2 2 2 2 2 2 2
left_child=2 3 7 5 6 10 9 8 16 13 11 12 15 14 17 18 -1 -5 19 21 22 33 -18 -24 26 27 39 28 -26 30 -29 32 -31 34 -2 -35 37 38 -34 40 42 -42 43 -25
right_child=1 -3 -4 4 -6 -7 -8 -9 -10 -11 -12 -13 -14 -15 -16 -17 20 -19 -20 -21 -22 -23 23 24 25 -27 -28 29 -30 31 -32 -33 36 35 -36 -37 -38 -39 -40 -41 41 -43 -44 -45
leaf_value=-0.00033257176505313037 -7.9155130305379222e-05 -0.0067486095304290453 0.0039222680307215169 -2.3980154152456168e-05 -0.0060423100917112258 0.0055748961322630445 0.0015732513579793954 0.00075370701107506952 -0.0010810156521697839 0.00074353634282165479 -0.00061024560947858157 -0.00057604661731816391 0.00073635225591715424 -0.00073975500650703908 -0.00034116318902654692 -0.00061325339460745459 0.0003343628421425819 0.00056383734848350288 -0.00035796171217225488 0.00039106179568493228 -0.00019608191369722288 -0.00026017875939776951 -0.00056095799803733827 3.9955223359069541e-05 -3.6836613810831502e-06 0.00033102889984161005 -0.00018080316350928377 3.9997417830251243e-05 0.00033448566237221598 -0.0001527276709084473 -0.00030573271519194047 7.0407494941230218e-05 0.00012951921957480436 -0.00020510733001477394 0.00016352011042909001 6.6829558470219905e-05 -5.8609457753066511e-05 0.00026428971144527494 -0.00013475553012720428 5.7591198282986599e-05 0.00011174138098223401 -0.00046494655939469852 0.00013407808863165148 -0.00031866502904449591
leaf_weight=52.5 36 24 42 37 21 24 22 48 37.5 31 42 34 32 20 47 20 14.999999999999998 20 20 22 39 22 7.4999999999999991 38 46.5 43.5 63 46.5 34.5 94.5 37.5 313.5 50.5 36 80 28 84 50.5 50.5 132 35 41.5 83 32
leaf_count=21 36 18 18 37 19 16 15 21 15 24 34 34 16 18 39 10 6 20 20 22 30 22 3 26 24 36 33 33 24 42 33 138 21 28 78 28 42 21 21 102 22 22 44 18
internal_value=-6.10281e-12 -0.000244846 9.96804e-05 1.79322e-05 -0.000452867 0.000253332 0.000210287 -9.0924e-06 -3.47327e-05 1.68344e-05 -8.99949e-05 -2.37812e-05 3.96547e-05 -0.000164841 -5.42807e-05 -4.47935e-05 -6.51581e-06 0.000182272 1.80156e-06 3.39233e-05 6.27786e-06 -4.97299e-06 1.23533e-05 8.59154e-06 1.19379e-05 3.75142e-05 -3.93955e-05 2.17221e-05 0.000140351 8.51394e-06 -0.000114346 2.45517e-05 -1.90114e-05 2.62188e-05 8.82071e-05 -8.61349e-05 3.46454e-05 8.63511e-05 -2.61816e-06 -1.47519e-05 -5.63609e-05 -0.000201102 1.60098e-05 -0.000123985
internal_weight=2136 618 1518 594 198 396 177 1476 1428 155 372 330 296 124 104 264 1390.5 57 244 224 1338 202 1299 1284 1276.5 852 424.5 808.5 81 727.5 84 643.5 330 180 116 64 235.5 151.5 101 361.5 229.5 76.5 153 70
internal_count=1350 534 816 516 172 344 153 798 777 138 328 294 260 114 96 244 762 57 234 214 741 192 711 705 702 435 267 399 48 351 66 285 147 170 114 56 105 63 42 234 132 44 88 44
is_linear=0
shrinkage=0.08


Tree=123
num_leaves=45
num_cat=0
split_feature=37 28 11 5 37 37 13 11 37 15 16 16 2 5 5 5 29 33 17 32 7 37 21 19 37 15 37 30 30 18 19 29 18 22 22 19 0 29 31 4 9 20 31 17
split_gain=0.00900178 0.0976406 0.0382797 0.00495078 0.00182036 0.0284458 0.0154858 0.0149239 0.00590871 0.00492734 0.00232478 0.00160927 0.000657062 0.000453328 0.000287138 0.00117172 0.000553422 0.00108496 0.000240526 0.000258292 0.000203265 0.000416957 0.00019852 0.000426194 0.00019735 0.0024565 0.000821954 0.00184909 0.000698817 0.000639037 0.000309416 0.000270214 0.000248901 0.000475811 0.0003466 0.000230098 0.000192705 0.000163177 0.000225717 0.000146114 0.000145738 0.00013728 0.000133563 0.000178611
threshold=17.400000000000002 27.699999999999999 9.9550000000000018 11.832692307692311 9.9350000000000005 9.9650000000000016 9.8000000000000025 9.6700000000000017 9.8850000000000033 -0.11500000000000109 6.0388461538461549 6.0350000000000028 17.400000000000002 11.130000000000001 9.8750000000000018 9.9550000000000018 8.7000000000000011 3.5000000000000004 14.600000000000001 8.1000000000000014 10.115 10.875000000000002 23.100000000000005 19.300000000000004 5.0400000000000009 2.2350000000000008 7.0900000000000007 1.5000000000000002 1.5000000000000002 10.000000000000002 5.6000000000000005 7.5000000000000009 0.50000000000000011 23.700000000000006 2.7000000000000006 1.9000000000000001 16.590000000000003 11.700000000000001 10.300000000000002 17.335000000000004 9.9050000000000029 4.2000000000000011 9.1000000000000014 0.90000000000000013
decision_type=2 2 2 2 2 2 2 2 2 2 2 2 2 2 2 2 2 2 2 2 2 2 2 2 2 2 2 2 2 2 2 2 2 2 2 2 2 2 2 2 2 2 2 2
left_child=2 -2 4 -3 8 -6 7 10 9 -1 -7 -11 22 14 16 -16 18 -18 19 36 42 -22 23 24 25 28 27 -26 32 31 -29 35 34 -34 -13 40 -12 -33 -39 -23 -28 -37 43 -17
right_child=1 3 -4 -5 5 6 -8 -9 -10 11 13 12 -14 -15 15 20 17 -19 -20 -21 21 39 -24 -25 26 -27 29 30 -30 -31 -32 37 33 -35 -36 41 -38 38 -40 -41 -42 -43 -44 -45
leaf_value=0.0022850378851095835 0.0055482622979962761 -0.0015474808877506466 -0.0021355766064866826 -0.00013824280655871216 0.003025236903867197 0.00051919367412726089 -0.0017411098728577297 0.0020755336449171107 -0.00093535564839839934 -0.00033867348580517701 -3.5793335132655643e-05 0.00011417751032341685 0.00024414419088842108 -0.00019144808312477026 0.00060964121754902107 0.00011861494683202297 4.8435473413351082e-05 -0.00071826453276333359 -0.00023404671367080438 0.00031528379244264218 0.00033695906193719968 -0.00014612232852313255 -0.00018039534441553629 0.00024850476699099803 -0.00071190387186040912 0.00088006570336541959 -4.8615364836593405e-05 -0.00015855360310524703 -0.00036980364466161877 0.0002787340624148355 0.00020478852706340455 0.0001254995750800312 0.00047236199105446714 -6.617140778828235e-05 -0.00026499884362608469 -0.00022277595362428464 0.00020384007616451493 -0.00011938758799408237 0.00011087139068609653 0.00011706743734302345 7.287010312984944e-05 -5.3289004830284072e-05 -0.00014030916042005021 -6.0987620270253377e-05
leaf_weight=5.9999999999999991 21 27 54 39 21 60 30 24 45 90 105 36 73.5 72 24 63 27 21 21 21 36 27 39 43.5 34.5 21 231 30 33 51 30 111 21 21 27 66 27 58.5 51 27 87 57 45 81
leaf_count=3 21 27 24 39 9 30 24 12 21 36 105 36 30 39 24 42 27 21 21 21 18 24 30 33 30 21 102 21 33 27 21 48 21 21 27 27 27 24 21 18 36 24 30 54
internal_value=2.75718e-12 0.000797012 -3.38409e-05 -0.000714749 2.30482e-05 0.000123427 3.77197e-05 0.000116082 -3.51287e-05 -1.86911e-06 4.45041e-05 -1.31904e-05 1.29178e-05 -3.20341e-06 2.2613e-05 7.3255e-05 -4.65065e-05 -0.000286996 1.98354e-05 5.4682e-05 2.71143e-05 0.000126067 -3.29117e-06 3.55089e-06 -7.47964e-06 7.39829e-05 -2.35299e-05 -0.000245224 -4.86819e-05 5.87371e-06 2.31175e-05 -1.51631e-05 5.22421e-05 0.000203095 -4.83266e-05 -5.13178e-05 1.32226e-05 5.71461e-05 -1.21437e-05 -1.45274e-05 -1.53788e-05 -0.000144233 -2.00062e-05 1.75885e-05
internal_weight=2136 87 2049 66 1995 732 711 681 1263 1218 657 1212 1122 597 525 303 222 48 174 153 279 90 1048.5 1009.5 966 159 807 94.5 138 712.5 60 661.5 105 42 63 441 132 220.5 109.5 54 318 123 189 144
internal_count=1350 87 1263 66 1239 546 537 513 693 672 501 669 633 471 432 210 222 48 174 153 186 60 603 573 540 159 381 72 138 309 42 282 105 42 63 189 132 93 45 42 138 51 126 96
is_linear=0
shrinkage=0.08


Tree=124
num_leaves=45
num_cat=0
split_feature=27 4 35 10 34 35 34 24 35 26 32 29 1 35 30 34 30 4 35 30 16 20 10 21 34 20 1 35 1 1 35 32 1 17 30 21 35 31 35 10 33 32 35 30
split_gain=0.00435024 0.0081512 0.101787 0.00263485 0.000304495 0.000781366 0.00214299 0.00044706 0.000327277 0.000873127 0.000248757 0.000278554 0.00042469 0.000258106 0.00134582 0.000465582 0.000458235 0.000189619 0.000226322 0.00155719 0.000172925 0.000147195 0.000103192 9.95727e-05 0.00019408 0.000171357 0.000169412 0.00128533 0.00127602 0.000165168 0.000876244 0.000235994 0.000113001 6.16802e-05 5.80331e-05 5.7608e-05 0.000144648 0.000212763 0.000105254 0.000107068 5.85766e-05 3.25953e-05 0.000198933 0.000540426
threshold=22.700000000000006 17.955000000000002 1.5000000000000002 9.9450000000000021 107.00000000000001 1.5000000000000002 122.50000000000001 7.5000000000000009 1.5000000000000002 9.5000000000000018 7.3000000000000016 2.5000000000000004 17.650000000000002 1.5000000000000002 7.5000000000000009 67.500000000000014 10.800000000000002 17.400000000000002 1.5000000000000002 1.3 6.5150000000000006 4.2000000000000011 9.5150000000000023 7.6000000000000005 1.3000000000000005 3.0000000000000004 14.515000000000002 1.5000000000000002 15.825000000000001 14.820000000000002 1.5000000000000002 1.7000000000000004 15.475000000000001 2.7000000000000006 1.5000000000000002 0.90000000000000013 1.0000000180025095e-35 2.1000000000000005 1.5000000000000002 9.0900000000000016 2.5000000000000004 0.50000000000000011 1.5000000000000002 0.50000000000000011
decision_type=2 2 2 2 2 2 2 2 2 2 2 2 2 2 2 2 2 2 2 2 2 2 2 2 2 2 2 2 2 2 2 2 2 2 2 2 2 2 2 2 2 2 2 2
left_child=1 3 -3 4 7 6 -6 10 9 -9 17 20 13 15 -15 16 21 22 19 -19 -12 -13 23 24 -1 32 -27 28 -28 -25 31 -31 34 -17 41 36 37 -34 40 -40 -38 42 43 -26
right_child=-2 2 -4 -5 5 -7 -8 8 -10 -11 11 12 -14 14 -16 33 -18 18 -20 -21 -22 -23 -24 29 25 26 27 -29 -30 30 -32 -33 35 -35 -36 -37 38 -39 39 -41 -42 -43 -44 -45
leaf_value=0.00024048367497959622 0.00091139947868544948 -0.0033589288396760819 0.0022844798110425472 0.00059399795201089652 0.00074077949432345739 -8.7820114800706508e-05 -8.7325767174156174e-05 -0.00054103401334335412 -8.8609360434390889e-06 -1.2450327243035037e-05 6.1050539732219252e-06 7.7648987875334811e-05 -0.00035188036999016101 6.7203795382132133e-05 -0.00044469868143399559 -9.9927422900994626e-05 0.000351524484823599 0.00058320189205308764 7.8010093420743938e-07 -0.0001608873313913743 0.00023039373010396957 -0.00013091775174182133 -0.00012534605339169501 -0.00016894916465712918 0.00010211804419264404 0.00022215206134650441 0.00061468620293049351 -0.00020949131236799683 1.7631734575381474e-05 -0.0003080500721827977 0.00027258850596468859 -2.891672531231528e-05 -1.9773728036809538e-05 -0.00027092738059797774 -0.00016479334362817032 -1.0555114696866701e-05 1.7729157522505072e-05 0.00031974792445975321 0.00013426699606632745 -1.8060775030226936e-05 -0.00010725252200548615 -9.9886333531079205e-05 0.00015838809800334275 -0.00038797317617233297
leaf_weight=27 33 45 37.5 49.5 36 67.5 45 36 67.5 45 82.5 63 33 84 54 27 33 36 60 36 30 33 33 45 36 45 36 72 63 36 49.5 42 21 27 27 210 48 27 67.5 52.5 48 36 30 24
leaf_count=27 18 30 15 27 24 27 30 24 27 30 45 42 18 39 27 18 24 24 24 24 27 24 18 45 36 45 30 36 42 24 27 30 21 24 27 117 24 27 27 21 24 36 30 24
internal_value=3.6808e-12 -1.43016e-05 -0.000793743 1.75242e-05 3.04654e-06 0.000113202 0.000280721 -5.92912e-06 -0.00013896 -0.000247376 5.87204e-06 -4.37435e-05 -7.85927e-05 -5.04978e-05 -0.000133106 1.17969e-05 9.43559e-05 2.50403e-05 0.000115531 0.000211157 6.59154e-05 5.95417e-06 1.3934e-05 1.83429e-05 2.93521e-05 2.25899e-05 8.40415e-05 4.76967e-05 0.000234742 -3.7182e-05 9.32413e-06 -0.000157748 1.41992e-06 -0.000185427 -5.83581e-05 2.07154e-05 4.55896e-05 0.000171207 1.76746e-05 6.76236e-05 -4.47617e-05 -3.55506e-05 -9.81626e-06 -9.39184e-05
internal_weight=2136 2103 82.5 2020.5 1971 148.5 81 1822.5 148.5 81 1674 466.5 354 321 138 183 129 1207.5 132 72 112.5 96 1075.5 1042.5 870 843 216 171 99 172.5 127.5 78 627 54 153 474 264 48 216 120 96 126 90 60
internal_count=1350 1332 45 1287 1260 81 54 1179 81 54 1098 288 216 198 66 132 90 810 72 48 72 66 738 720 594 567 153 108 72 126 81 54 414 42 153 261 144 48 96 48 48 126 90 60
is_linear=0
shrinkage=0.08


Tree=125
num_leaves=45
num_cat=0
split_feature=37 10 10 37 4 4 1 25 4 14 13 14 29 1 9 32 20 9 29 20 29 21 29 35 19 32 17 18 10 34 37 37 17 33 32 37 18 13 33 37 37 37 37 22
split_gain=0.00948039 0.0509023 0.0323581 0.00166976 0.0153314 0.00814093 0.00140716 0.00117279 0.000966146 0.000621289 0.000789917 0.0007575 0.000578514 0.000547644 0.000483933 0.000417989 0.000434136 0.000354706 0.000285379 0.000245173 0.000219983 0.000238948 0.000747799 0.00111042 0.000294136 0.000208876 0.00022094 0.000207187 0.000158754 0.000165088 0.000285897 0.00020911 0.000174902 0.000156194 0.000117418 0.000134267 0.00073037 0.000520809 0.000436777 0.00034438 0.000124645 0.000247323 0.000201157 0.000185422
threshold=17.475000000000005 9.8550000000000022 9.9550000000000018 11.802307692307695 17.935000000000006 17.935000000000006 17.845000000000002 11.400000000000002 17.820000000000004 9.4400000000000031 8.7400000000000002 7.8350000000000009 1.3 17.795000000000005 11.345000000000002 4.2000000000000011 2.3000000000000003 9.9800000000000022 7.3000000000000016 7.6000000000000005 27.500000000000004 11.500000000000002 4.6000000000000005 1.5000000000000002 17.200000000000006 3.1000000000000005 6.4000000000000012 1.0000000180025095e-35 9.5600000000000005 0.80000000000000016 2.5300000000000007 3.0500000000000003 1.0000000180025095e-35 0.3000000000000001 17.100000000000005 5.2800000000000002 2.1000000000000005 3.4000000000000004 1.5000000000000002 4.8450000000000006 6.9350000000000014 7.3250000000000011 7.4800000000000013 40.100000000000016
decision_type=2 2 2 2 2 2 2 2 2 2 2 2 2 2 2 2 2 2 2 2 2 2 2 2 2 2 2 2 2 2 2 2 2 2 2 2 2 2 2 2 2 2 2 2
left_child=2 6 3 5 7 8 -2 9 13 10 11 15 -11 14 20 17 -17 25 19 -18 21 24 23 -23 28 26 27 -5 29 -1 -31 32 -32 -29 35 36 39 -37 -38 -33 -39 -42 -43 -44
right_child=1 -3 -4 4 -6 -7 -8 -9 -10 12 -12 -13 -14 -15 -16 16 18 -19 -20 -21 -22 22 -24 -25 -26 -27 -28 33 -30 30 31 34 -34 -35 -36 37 38 40 -40 -41 41 42 43 -45
leaf_value=0.00043593921737434963 -0.00079373034454571713 0.0042326889435450243 -0.0019652732047769758 8.5332141568263381e-05 0.0021218474255874755 -0.0010993021351938274 2.3494002719720204e-06 0.00055498192500736982 0.00038235394905010856 3.5723868964446917e-05 -0.00032782464297876382 0.00035057943791915206 0.00059557940012642315 -0.00027499081442753477 0.00024336993694305421 -0.00018652788406513907 -6.3658009989232985e-05 -0.00039315771670468772 0.00038006397088368734 0.00028601082375167777 -0.00015059102392600229 -0.00021304931530418498 -0.00031688924102733529 0.00034500742293680194 0.00023015354613394097 -0.00029123716411136443 0.00016968441855472823 -0.00034743871495482472 -0.00012312777461139139 0.00036187431930253904 -0.00030610609722013277 -0.00032246578745495451 1.0033067803652514e-05 -6.8343396609028178e-05 0.00011960659231300708 -0.00046699807257391513 0.00060651356138155933 -0.00012552928489943346 9.0542660050448923e-05 9.4025839913498474e-05 0.00019185447502726067 -0.00017608170981208481 2.661708364811966e-05 -0.0001240281299933007
leaf_weight=5.9999999999999991 27 21 54 30 24 43.5 30 27 43.5 27 48 39 21 45 54 27 33 24 30 21 60 48 57 43.5 40.5 21 30 21 54 14.999999999999998 24 24 21 33 67.5 14.999999999999998 21 42 21 27 48 37.5 633 57
leaf_count=6 27 21 24 30 12 18 30 15 18 27 36 33 21 18 24 27 33 24 30 21 30 30 36 30 30 21 30 21 24 15 24 24 21 33 30 15 21 24 21 27 21 15 285 27
internal_value=-3.27633e-12 0.000865721 -3.28116e-05 1.92607e-05 0.000153807 -2.0373e-05 -0.000374741 4.44713e-05 1.08223e-05 1.04373e-05 -2.58953e-05 2.10064e-05 0.000280661 -2.39686e-07 8.49181e-06 -2.65986e-05 9.25331e-05 -0.000109766 0.000182231 7.23243e-05 -8.20537e-07 6.08133e-06 -8.94359e-05 5.22563e-05 1.83781e-05 -5.93854e-05 -1.66759e-05 -8.32331e-05 1.0672e-05 1.74946e-05 1.51103e-05 1.00993e-05 -0.000158574 -0.00017688 1.77431e-05 1.03138e-05 0.000101481 1.29442e-07 0.000348528 -0.00010197 8.70059e-06 1.59703e-05 4.36556e-06 1.41725e-05
internal_weight=2136 78 2058 2004 456 1548 57 432 1504.5 405 357 309 48 1461 1416 270 111 159 84 54 1362 1302 148.5 91.5 1153.5 135 114 84 1113 1059 1053 1038 45 54 993 925.5 93 832.5 42 51 817.5 775.5 727.5 690
internal_count=1350 78 1272 1248 414 834 57 402 816 387 339 303 48 798 780 270 111 159 84 54 756 726 96 60 630 135 114 84 600 576 570 555 45 54 510 480 93 387 42 51 372 348 327 312
is_linear=0
shrinkage=0.08


Tree=126
num_leaves=45
num_cat=0
split_feature=37 28 11 37 37 12 12 37 15 34 0 16 33 27 2 15 13 37 30 33 34 37 37 29 18 37 21 21 21 21 21 33 37 33 29 37 37 37 21 33 13 29 34 31
split_gain=0.0080242 0.0458866 0.0280404 0.00155959 0.0241336 0.0155334 0.0162513 0.00523888 0.00391746 0.00237365 0.00146493 0.00144334 0.00128978 0.00106788 0.000604953 0.000232208 0.000320079 0.000294518 0.000417012 0.000712575 0.000275751 0.000251049 0.000222107 0.000250777 0.000213195 0.000340624 0.00154182 0.000426947 0.000194107 0.000260709 0.000330126 0.000216029 0.000215298 0.000690679 0.000189446 0.000273595 0.000383476 0.00017163 0.000169656 0.000307845 0.000157625 0.000125716 0.000157897 0.000115714
threshold=17.475000000000005 36.700000000000003 9.9550000000000018 9.9350000000000005 9.9650000000000016 9.8250000000000011 9.6300000000000008 9.8850000000000033 -0.11500000000000109 78.300000000000026 17.860000000000003 6.0350000000000028 8.4000000000000004 10.400000000000002 17.400000000000002 0.72499999999999976 7.9050000000000011 10.105000000000002 8.1000000000000014 2.5000000000000004 40.70000000000001 14.695000000000002 10.875000000000002 12.300000000000002 21.000000000000004 6.5250000000000012 15.000000000000002 15.500000000000002 7.6000000000000005 2.3000000000000003 3.5000000000000004 0.70000000000000007 5.0400000000000009 1.0000000180025095e-35 7.5000000000000009 7.7950000000000008 8.6700000000000017 7.4050000000000011 1.3 4.6000000000000005 7.8650000000000011 7.1000000000000005 54.70000000000001 2.1000000000000005
decision_type=2 2 2 2 2 2 2 2 2 2 2 2 2 2 2 2 2 2 2 2 2 2 2 2 2 2 2 2 2 2 2 2 2 2 2 2 2 2 2 2 2 2 2 2
left_child=2 -2 3 7 -5 6 9 8 -1 13 -3 -10 -11 15 24 -6 17 -17 22 -20 -18 -21 -19 41 25 26 28 34 29 31 -31 32 33 -13 37 -36 -37 -27 40 -40 -39 42 43 -24
right_child=1 10 -4 4 5 -7 -8 -9 11 12 -12 14 -14 -15 -16 16 20 18 19 21 -22 -23 23 -25 -26 27 -28 -29 -30 30 -32 -33 -34 -35 35 36 -38 38 39 -41 -42 -43 -44 -45
leaf_value=0.0020361092935005823 0.0039932476510737272 -0.00085686691706844914 -0.0017798135357729174 0.002785192428245431 0.00026113167227733705 -0.0018486219396193822 0.0020313205894220759 -0.00088200152913729343 -0.00032135923517247043 6.3726096087713923e-05 -3.5432280803268606e-05 -9.0099440139690122e-05 0.00072218978862899049 -0.000468275057201302 0.00023348159961351732 0.00015759065233839629 -0.00027888754397281445 -0.00024953693410174714 -0.00032802516340679072 0.00036416485240416867 2.152191535887224e-05 8.2290724504930076e-05 -6.4556845586695197e-05 -0.0002657705890359702 -0.00018747276650407375 -0.00015124656365695575 0.00074248525291858688 -0.00026107392439411747 -0.00015990659394966706 0.00037717336680119235 1.7846216719590304e-05 -0.00020308099966496231 -0.00014983845768559454 0.00049679292277211233 0.00014550108707259859 -0.00019837064412879011 7.972953654340623e-05 -0.00018224455736050703 0.00020183578922270654 -3.8500481237799434e-05 -2.4933226757962057e-05 0.00014485739563436557 -0.0002382022049278021 7.314356033126335e-05
leaf_weight=5.9999999999999991 21 24 57 21 21 27 27 45 90 33 33 33 45 33 73.5 78 48 36 18 42 33 39 90 27 39 70.5 21 45 31.5 30 36 30 24 21 108 51 84 49.5 55.5 88.5 231 30 21 69
leaf_count=3 21 24 27 9 21 21 18 21 36 21 33 33 30 18 30 39 36 18 18 24 21 39 87 24 36 30 21 24 27 30 36 30 24 21 45 21 39 21 24 39 102 30 18 60
internal_value=5.50136e-12 0.000796463 -3.01866e-05 1.96528e-05 0.000112047 3.37541e-05 0.000107412 -3.43353e-05 -3.01757e-06 2.90631e-05 -0.000381299 -1.31123e-05 0.000443609 -2.62097e-05 1.16134e-05 2.18108e-07 -1.01005e-05 1.62511e-05 -1.33846e-05 0.000127271 -0.000156499 0.000228448 -6.43915e-05 -3.62681e-05 -3.93956e-06 3.15088e-06 8.95524e-05 -2.18427e-05 2.28293e-05 5.59108e-05 0.000181177 -2.06406e-05 4.95288e-05 0.000138136 -7.25539e-06 5.05946e-05 -2.53305e-05 -3.56545e-05 -1.64572e-05 5.41291e-05 -5.2694e-05 -6.76064e-06 -3.20303e-05 -4.80007e-06
internal_weight=2136 78 2058 2001 738 717 690 1263 1218 663 57 1212 78 585 1122 552 531 450 372 99 81 81 273 237 1048.5 1009.5 226.5 783 205.5 174 66 108 78 54 738 243 135 495 424.5 144 280.5 210 180 159
internal_count=1350 78 1272 1245 552 543 522 693 672 504 57 669 51 453 633 435 414 357 318 81 57 63 237 219 603 567 222 345 201 174 66 108 78 54 321 105 60 216 186 63 123 195 165 147
is_linear=0
shrinkage=0.08


Tree=127
num_leaves=45
num_cat=0
split_feature=37 10 10 37 0 7 5 3 10 0 10 0 23 23 1 29 2 14 37 18 0 18 37 37 29 18 30 32 20 20 29 37 29 31 18 30 32 37 37 37 37 37 30 18
split_gain=0.00790184 0.151345 0.0957034 0.00497124 0.0069752 0.0122501 0.00456203 0.00351978 0.00291347 0.00252071 0.000801643 0.000637536 0.000275224 0.000820194 0.000244228 0.00025854 0.000732695 0.000238227 0.000235349 0.00223258 0.000889818 0.000437491 0.000938795 0.000346742 0.000362895 0.000381137 0.000187734 0.000207265 0.000155712 0.000139645 0.000131245 0.000450374 0.000196138 0.000145036 0.000130706 0.000182134 0.000124277 0.00011441 0.000231287 0.000186463 0.000260907 0.000331014 0.00032359 0.00044112
threshold=11.130000000000001 9.9550000000000018 9.9550000000000018 17.475000000000005 17.795000000000005 11.974615384615387 11.832692307692311 17.955000000000002 9.8550000000000022 17.650000000000002 9.6300000000000008 17.795000000000005 3.9000000000000004 1.6000000000000003 16.920000000000005 8.7000000000000011 16.165000000000003 7.8050000000000006 4.1950000000000012 8.9000000000000021 14.280000000000003 14.600000000000001 7.2450000000000001 2.6750000000000003 0.70000000000000007 1.0000000180025095e-35 7.1000000000000005 15.100000000000001 5.9000000000000012 11.500000000000002 1.9000000000000001 9.8750000000000018 8.4000000000000004 3.5000000000000004 1.0000000180025095e-35 1.5000000000000002 8.1000000000000014 10.105000000000002 9.8250000000000011 9.5600000000000005 9.3000000000000025 9.0050000000000008 1.3 1.9000000000000001
decision_type=2 2 2 2 2 2 2 2 2 2 2 2 2 2 2 2 2 2 2 2 2 2 2 2 2 2 2 2 2 2 2 2 2 2 2 2 2 2 2 2 2 2 2 2
left_child=2 3 7 4 9 -6 -5 8 11 10 12 18 13 14 15 17 -17 28 19 20 23 26 -23 -1 25 -25 27 37 34 -30 -28 32 36 -34 -2 -36 -32 38 39 40 41 42 43 -20
right_child=1 -3 -4 6 5 -7 -8 -9 -10 -11 -12 -13 -14 -15 -16 16 -18 -19 21 -21 -22 22 -24 24 -26 -27 30 -29 29 -31 31 -33 33 -35 35 -37 -38 -39 -40 -41 -42 -43 -44 -45
leaf_value=0.00022097649540574776 7.365567367337968e-05 -0.0064694290608167653 0.0038637953260470003 -0.0014434730658238685 0.0017315546041798025 -0.00013928377792884325 -9.0694448146491483e-05 -0.00070563033202456101 0.00062565833698802935 -0.00083658180393589038 0.00048829839786603338 -0.00024811925104370822 -0.0001767320230137557 0.00043207790788814975 -0.00025763571357216548 5.2355660871119029e-05 -0.00053376281304129717 0.00019213819626505332 3.3590726986576138e-05 -0.00085376162858059011 0.00051466652280872784 -8.4334393774253733e-05 0.0005058406579537668 -7.2826735860737115e-05 0.00012708945787467417 -0.00052724896619717274 -5.2900376088970091e-05 -0.00015349034127185417 0.00026884583146533086 -1.363854855298996e-05 1.0849928241097241e-05 0.00023567568893971232 -6.4911463980873418e-05 0.00011533306233468466 -0.00024609159037936479 -1.3786415201374675e-05 -0.00016645145993078909 -0.00012629573427451154 0.00014896993987201677 -9.4879274066719823e-05 0.00018798159959260375 -0.00020251193958701507 9.0625351244696137e-05 -0.00028908938912319994
leaf_weight=21 36 24 42 27 42 48 39 45 48 24 21 67.5 60 27 27 39 21 48 76.5 21 21 34.5 34.5 27 21 21 70.5 69 21 24 55.5 78 37.5 120 36 54 46.5 48 61.5 138 48 49.5 174 42
leaf_count=21 36 18 18 27 21 24 39 18 21 12 21 27 48 24 21 39 21 48 54 21 21 30 21 27 21 21 33 36 21 24 27 39 18 54 36 54 21 24 30 66 21 21 81 24
internal_value=-2.68798e-12 -0.000241154 9.81775e-05 1.04931e-05 9.23177e-05 0.000733774 -0.000644104 -8.97426e-06 1.29332e-05 -3.94884e-05 6.71992e-06 -8.33279e-06 -1.90133e-05 9.40451e-06 -2.78902e-05 -5.65676e-06 -0.000152786 3.46526e-05 3.97096e-06 -9.73497e-05 4.57552e-05 1.52716e-05 0.000210753 -6.36574e-05 -0.000150285 -0.000271636 3.16913e-06 -2.17823e-05 -9.55393e-06 0.000118187 4.63755e-05 6.71131e-05 1.64469e-05 7.24177e-05 -5.51759e-05 -0.000106708 -6.99786e-05 -7.52684e-06 2.14391e-06 -1.4958e-05 1.33219e-05 -1.11918e-05 2.11855e-05 -8.07769e-05
internal_weight=2136 618 1518 594 528 90 66 1476 1431 438 414 1383 393 333 306 279 60 219 1315.5 132 111 1183.5 69 90 69 48 1114.5 706.5 171 45 408 337.5 259.5 157.5 126 90 102 637.5 589.5 528 390 342 292.5 118.5
internal_count=1350 534 816 516 450 45 66 798 780 405 393 759 372 324 300 279 60 219 732 132 111 600 51 90 69 48 549 357 171 45 192 159 120 72 126 90 48 321 297 267 201 180 159 78
is_linear=0
shrinkage=0.08


Tree=128
num_leaves=45
num_cat=0
split_feature=37 25 10 6 37 11 4 36 3 3 36 11 25 14 37 16 22 22 32 0 35 16 16 37 28 30 34 31 37 17 37 37 17 17 37 30 35 31 33 0 36 32 31 31
split_gain=0.00926805 0.0460763 0.0283473 0.00112037 0.00109046 0.0116669 0.00639553 0.00117129 0.00565341 0.00111189 0.00230949 0.000962736 0.000843711 0.000749862 0.000976766 0.0019852 0.00151665 0.0027882 0.00159549 0.000594938 0.000615727 0.000527875 0.000501613 0.000421165 0.000460443 0.000368341 0.000606903 0.000242937 0.000352825 0.000279178 0.000476436 0.000712373 0.00110731 0.000701112 0.000371196 0.000416264 0.000287922 0.000566278 0.00063539 0.000295382 0.000252091 0.00024032 0.000296038 0.000430733
threshold=17.475000000000005 1.1000000000000003 9.9550000000000018 11.911538461538465 11.802307692307695 9.7050000000000018 17.935000000000006 2.5000000000000004 17.475000000000005 17.475000000000005 1.5000000000000002 9.5150000000000023 11.400000000000002 7.8200000000000012 7.4800000000000013 6.4650000000000007 67.200000000000017 48.300000000000004 4.2000000000000011 16.455000000000002 1.5000000000000002 8.9950000000000028 6.1600000000000019 10.105000000000002 21.100000000000001 19.000000000000004 74.200000000000017 16.100000000000005 9.9650000000000016 0.3000000000000001 3.1100000000000008 5.1300000000000017 8.9000000000000021 12.900000000000002 9.0050000000000008 1.7000000000000004 1.5000000000000002 2.1000000000000005 0.50000000000000011 16.495000000000001 1.5000000000000002 16.100000000000005 4.6000000000000005 2.8000000000000003
decision_type=2 2 2 2 2 2 2 2 2 2 2 2 2 2 2 2 2 2 2 2 2 2 2 2 2 2 2 2 2 2 2 2 2 2 2 2 2 2 2 2 2 2 2 2
left_child=2 -2 4 -3 6 11 7 9 13 23 -11 12 25 14 16 22 17 18 21 -15 -21 -9 -16 27 -25 26 41 28 29 36 -31 32 -32 34 35 -33 39 38 -38 -1 -41 42 43 -6
right_child=1 3 -4 -5 5 -7 -8 8 -10 10 -12 -13 -14 19 15 -17 -18 -19 -20 20 -22 -23 -24 24 -26 -27 -28 -29 -30 30 31 33 -34 -35 -36 -37 37 -39 -40 40 -42 -43 -44 -45
leaf_value=0.00014057951120776126 0.0040593569867667699 -0.00069808605907450407 -0.0018411783846440139 1.2251586342851322e-05 2.453643631910112e-06 0.0014482135062989516 -0.00097203265618661357 -0.00016240691965711967 0.00086555869837777802 -0.00063605101004374763 8.7283490786114627e-05 -0.00052657831923126998 0.00046095605758536193 -0.00037529725105398231 0.00016873849511501334 0.00060542392245094691 -0.0007059810987514693 0.00085050128482345663 -0.00060822022955107967 0.00019858176946978677 -0.0002029258795082569 0.00031323174080171156 -0.0001755627672138967 -0.00035711317577145316 8.8745347139510244e-06 -0.00027100317098665986 0.00038532674398825123 0.00014439130979157291 0.00018157966885094841 -0.00039786845951591838 -9.4058431747656032e-05 -0.00018333480693399906 0.000697717968490906 -0.00038684199607476246 -0.00024824538839642295 7.5020303179698642e-05 1.4990399090143352e-05 -2.915832408082982e-05 0.00045616569864149721 -0.00028902028719312515 -4.9973801360465586e-06 -0.00027139433570915741 0.00012120023847797491 -0.00032755611128231979
leaf_weight=32 21 27 54 30 162 39 43.5 28 56.5 56.5 56.5 21 27 45 63 56 20.5 22 32 44 55 32 47.5 44 44 30 27 78 60 26 26 54 20 43 44 153 39 102 45 40 40 21 99 30
leaf_count=28 21 27 24 30 159 30 18 22 24 24 24 15 15 20 28 28 19 16 17 22 22 32 22 22 22 27 21 38 30 26 26 28 20 30 22 74 24 42 24 20 20 18 99 30
internal_value=9.2699e-12 0.000855971 -3.2442e-05 -0.000324224 1.62964e-05 0.000125026 -1.57326e-05 1.19171e-05 0.000111742 -3.79955e-05 -0.000274384 1.27517e-06 2.92674e-05 1.60331e-05 8.78619e-05 0.000217388 -7.24804e-05 4.14386e-05 -0.000152033 -0.000134109 -2.4478e-05 9.1267e-05 2.07357e-05 -7.98218e-06 -0.000174119 -2.31958e-06 2.14577e-05 1.02473e-05 -4.20465e-06 -2.09924e-05 -6.77998e-05 -4.25592e-05 0.000250192 -8.83639e-05 -3.72302e-05 7.62332e-06 3.64959e-05 9.75158e-05 0.000251334 -6.48407e-05 -0.000147009 -1.00309e-05 8.83035e-06 -4.91104e-05
internal_weight=2136 78 2058 57 2004 456 1548 1504.5 501.5 1003 113 417 396 445 301 166.5 134.5 114 92 144 99 60 110.5 890 88 369 339 802 724 664 366 340 46 294 251 207 298 186 84 112 80 312 291 192
internal_count=1350 78 1272 57 1248 414 834 816 272 544 48 384 369 248 184 78 106 87 71 64 44 54 50 496 44 354 327 452 414 384 226 200 46 154 124 102 158 90 48 68 40 306 288 189
is_linear=0
shrinkage=0.08


Tree=129
num_leaves=45
num_cat=0
split_feature=36 10 10 10 10 10 36 32 24 34 35 29 25 32 33 19 18 32 32 30 35 29 0 35 18 1 15 32 30 15 35 34 22 35 32 15 13 35 0 3 29 29 29 15
split_gain=0.00341969 0.149122 0.0896777 0.0135489 0.00827777 0.000944279 0.00068526 0.000656229 0.000721827 0.000462696 0.00134787 0.00167562 0.000302923 0.000283088 0.000252118 0.000246797 0.000275751 0.000259642 0.000305117 0.000250288 0.00018399 0.00017982 0.000352087 0.00166452 0.000795161 0.000558054 0.000217557 0.000189008 0.000215754 0.000249126 0.000483052 0.00128309 0.000339597 0.000242441 0.000188634 0.000171115 0.000236908 0.000199999 0.00158811 0.00160381 0.000838812 0.000490382 0.000492998 0.000254529
threshold=1.5000000000000002 9.9200000000000017 9.9350000000000005 9.7700000000000014 9.8550000000000022 9.6300000000000008 2.5000000000000004 19.000000000000004 7.5000000000000009 103.00000000000001 1.5000000000000002 18.200000000000003 19.500000000000004 4.2000000000000011 3.3000000000000003 7.6000000000000005 5.0000000000000009 0.50000000000000011 1.0000000180025095e-35 2.1000000000000005 1.5000000000000002 1.5000000000000002 14.760000000000003 1.5000000000000002 3.0000000000000004 15.100000000000003 3.2450000000000001 12.100000000000001 1.0000000000000002 1.6150000000000002 1.5000000000000002 10.700000000000005 5.4000000000000012 1.5000000000000002 3.5000000000000004 0.65499999999999947 9.0900000000000016 1.0000000180025095e-35 16.455000000000002 16.155000000000005 6.5000000000000009 19.000000000000004 7.1000000000000005 2.2050000000000001
decision_type=2 2 2 2 2 2 2 2 2 2 2 2 2 2 2 2 2 2 2 2 2 2 2 2 2 2 2 2 2 2 2 2 2 2 2 2 2 2 2 2 2 2 2 2
left_child=1 3 4 7 5 9 -7 8 13 12 11 -11 21 15 20 16 17 18 -1 -19 -15 27 23 24 -23 -24 35 28 29 -2 31 32 -31 34 -30 -27 37 38 39 -37 -40 42 -39 -44
right_child=2 -3 -4 -5 -6 6 -8 -9 -10 10 -12 -13 -14 14 -16 -17 -18 19 -20 -21 -22 22 25 -25 -26 26 -28 -29 33 30 -32 -33 -34 -35 -36 36 -38 41 40 -41 -42 -43 43 -45
leaf_value=-7.036204189609956e-05 0.00024435164402418128 0.0049855338622416768 -0.0029513276193403838 -0.0017144564883501241 0.0011477471862665633 6.5403651784766808e-05 0.00054271576623734716 -0.00029956307378597557 -0.00030139923468232153 0.00085033559422784805 -0.0001348378333263099 4.7998484224081037e-06 -0.00023877285928888757 0.00028232660388683296 2.8587233927100897e-06 -0.00023049062670907005 0.00020100377297673663 -0.00024206527621196264 0.00022477822060318432 -2.9864312610184047e-05 4.4123390430791509e-05 -0.00032146584110523695 0.00042112933751195666 -0.00067246296659245015 0.00030767115699644718 -0.00019745513472254529 0.00016391430653377691 0.00025487626112797961 0.00015069296080619097 0.00012142778999987059 -0.00017934124180397321 0.00070518922220799143 -0.00028687500214966187 -0.00015719551854999735 -0.00010305340727791189 2.3508319172833582e-05 0.00013248114717884384 -0.00010145040246452525 7.1009212353436102e-05 0.00093673346267314635 -0.00062758657869628877 -0.00030204407643112874 -7.4755554695406725e-05 0.00015079975107198094
leaf_weight=51 52 38.5 66 33 44 38.5 38.5 62 55 30 50 30 33 49 125 40 32.5 58 40 92 36 20 20 28 36 33 44 28 50 32 43 20 22 60 30 32 66 213 22 20 22 45 45 111
leaf_count=36 42 21 36 18 24 21 21 36 30 20 20 20 18 36 75 33 24 42 30 51 18 20 18 28 36 18 24 18 40 32 34 16 20 30 20 32 36 100 22 20 22 20 20 52
internal_value=-3.97497e-12 0.000143152 -7.1576e-05 -0.000133658 6.83824e-05 3.22393e-05 0.00030406 -5.22119e-05 -2.57024e-05 1.53192e-05 0.000171929 0.000427568 3.34537e-08 3.26293e-06 7.51418e-05 -4.48856e-05 -1.77405e-05 -4.72392e-05 5.93699e-05 -0.000111915 0.000181441 7.23693e-06 -1.44035e-05 -0.000168835 8.29794e-05 4.87168e-06 -7.87741e-06 5.58477e-05 3.78128e-05 9.86558e-05 3.39021e-05 0.000157814 -4.49178e-05 -3.56335e-05 5.55381e-05 -2.02893e-05 -1.01392e-05 -2.85959e-05 7.54399e-05 0.000374749 -0.000278289 -5.27202e-05 -2.23148e-05 8.57357e-05
internal_weight=2136 712 1424 673.5 1358 1314 77 640.5 578.5 1237 110 60 1127 523.5 210 313.5 273.5 241 91 150 85 1094 757 84 56 673 653 337 309 169 117 74 54 140 80 609 576 510 96 52 44 414 369 156
internal_count=1350 450 900 429 864 840 42 411 375 798 60 40 738 345 129 216 183 159 66 93 54 720 468 84 56 384 366 252 234 144 102 68 52 90 60 342 324 288 96 52 44 192 172 72
is_linear=0
shrinkage=0.08


Tree=130
num_leaves=45
num_cat=0
split_feature=37 28 11 26 37 37 12 12 37 34 25 4 23 27 27 37 22 22 0 9 29 34 37 37 10 22 21 37 34 0 37 37 34 21 32 18 21 22 37 32 10 17 30 21
split_gain=0.0080133 0.0413984 0.0244198 0.00145087 0.00102732 0.0203995 0.0116933 0.0114087 0.00499405 0.00156538 0.00117231 0.00172173 0.000943233 0.000748151 0.000345488 0.000220076 0.00457579 0.00159044 0.00075471 0.000244652 0.000213596 0.000221944 0.000200753 0.000203416 0.000199642 0.000716716 0.000186234 0.000296555 0.000333476 0.00027024 0.000170981 0.000287493 0.000343182 0.000222308 0.000256312 0.00013015 0.000152929 0.000275567 0.000316323 0.000243332 0.000174035 0.00013961 0.000138928 0.000142548
threshold=17.475000000000005 36.700000000000003 9.9550000000000018 11.900000000000002 9.9350000000000005 9.9650000000000016 9.8250000000000011 9.6300000000000008 9.8850000000000033 78.300000000000026 11.900000000000002 17.745000000000001 10.400000000000002 10.400000000000002 6.6000000000000005 5.3900000000000015 69.90000000000002 71.40000000000002 14.390000000000002 10.045000000000002 7.3000000000000016 59.500000000000007 7.5300000000000002 8.7750000000000004 8.7350000000000012 1.0000000180025095e-35 7.6000000000000005 2.7650000000000001 7.5000000000000027 13.955000000000002 9.5600000000000005 9.3000000000000025 16.900000000000009 1.1000000000000003 2.3000000000000003 17.200000000000006 0.90000000000000013 6.8000000000000007 10.085000000000003 3.5000000000000004 7.8200000000000012 11.000000000000002 8.1000000000000014 3.3000000000000003
decision_type=2 2 2 2 2 2 2 2 2 2 2 2 2 2 2 2 2 2 2 2 2 2 2 2 2 2 2 2 2 2 2 2 2 2 2 2 2 2 2 2 2 2 2 2
left_child=2 -2 4 -3 8 -6 7 9 10 13 11 14 -11 24 15 16 18 19 26 20 21 30 -22 -24 25 -7 27 -1 29 -29 31 32 -17 -34 -35 36 39 -38 -39 -27 41 42 43 -40
right_child=1 3 -4 -5 5 6 -8 -9 -10 12 -12 -13 -14 -15 -16 17 -18 -19 -20 -21 22 -23 23 -25 -26 35 -28 28 -30 -31 -32 -33 33 34 -36 -37 37 38 40 -41 -42 -43 -44 -45
leaf_value=0.00029641906313675767 0.0038323453330390512 -1.449416475629227e-05 -0.0016629343481505648 -0.00085121674302388874 0.0025489888304755805 -0.00051525301403469509 -0.0016138556999740778 0.0016952346156661711 -0.00085509543765025832 0.00057419363484465674 -0.00034169512211034694 0.00051472692825328345 2.3655974461386603e-06 -0.00039728788842418878 -0.00023700572401285172 -0.00022388375383646536 -0.0011832700139443443 0.00047514998426777309 0.00051478254120974312 7.8584970929718262e-05 0.00014883588512117665 -0.00022288767289784219 -0.00015257818140606912 6.1776733755977107e-05 0.00015633685747161509 6.6845090492652393e-06 -0.00020062709746222635 0.00030333305427726983 -0.00021438695315737278 -1.9300474949112094e-05 -0.00010637274648035889 0.00018053283153373438 0.00018202075021870345 0.00013753834077053599 -0.00012300920881787124 -0.00016267420755078398 -0.00017337691256155571 0.00020250547376538937 -0.00012857531119758882 0.00025142315896795108 -0.00013661045167181226 -0.00015996545601713782 0.00017756089615898255 6.6393365527296229e-05
leaf_weight=24 21 36 57 21 21 18 27 27 45 48 60 43.5 30 33 37.5 48 21 48 21 199.5 75 45 45 76.5 45 78 24 24 36 54 138 48 40.5 36 73.5 30 60 48 36 39 63 24 39 72
leaf_count=24 21 36 27 21 9 12 21 18 21 36 24 18 15 18 15 21 21 36 21 81 39 24 18 36 42 66 24 24 36 54 66 21 18 15 36 27 39 24 30 30 45 24 33 63
internal_value=4.84833e-12 0.000795922 -3.01661e-05 -0.00032276 1.63445e-05 9.13327e-05 1.93511e-05 8.32592e-05 -2.74728e-05 1.76132e-05 3.10436e-06 2.09696e-05 0.00035426 -2.7273e-05 1.6978e-06 1.00092e-05 -6.48009e-05 2.74906e-05 6.3548e-05 1.44498e-06 -2.31584e-05 -5.47976e-05 4.59165e-05 -1.7614e-05 -5.15258e-06 -1.9486e-05 5.0546e-06 4.08253e-05 -1.29839e-05 7.99714e-05 -3.50996e-05 4.88292e-06 -3.76989e-05 2.18803e-05 -3.73497e-05 -1.23686e-06 9.3146e-06 -1.76944e-05 1.54295e-05 8.82641e-05 -2.29451e-05 1.89317e-05 4.81394e-05 1.40381e-06
internal_weight=2136 78 2058 57 2001 738 717 690 1263 663 1218 1158 78 585 1114.5 1077 204 873 183 825 625.5 429 196.5 121.5 552 507 162 138 114 78 384 246 198 150 109.5 489 459 342 282 117 234 171 147 108
internal_count=1350 78 1272 57 1245 552 543 522 693 504 672 648 51 453 630 615 204 411 183 375 294 201 93 54 435 393 162 138 114 78 177 111 90 69 51 381 354 258 219 96 195 150 126 93
is_linear=0
shrinkage=0.08


Tree=131
num_leaves=45
num_cat=0
split_feature=37 10 10 36 13 4 14 36 4 10 37 28 29 6 15 25 6 22 15 31 15 1 37 37 35 29 34 14 37 22 18 37 10 32 29 31 19 37 24 14 32 32 18 15
split_gain=0.00832036 0.13357 0.0925676 0.011781 0.10311 0.0962091 0.00352921 0.00321161 0.0200963 0.010987 0.0026065 0.00268393 0.00226979 0.00174384 0.00139845 0.0013771 0.00111704 0.000673134 0.000660602 0.000576232 0.000794837 0.00161564 0.00198683 0.000727403 0.000537722 0.00100073 0.000718221 0.000528799 0.000513219 0.00048154 0.000847165 0.00116451 0.00043841 0.00044489 0.000437672 0.00039353 0.0003461 0.000284669 0.000546202 0.00023955 0.000533145 0.000460168 0.000275317 0.000231018
threshold=11.703076923076924 9.9550000000000018 9.9550000000000018 2.5000000000000004 9.7700000000000014 17.860000000000003 7.8350000000000009 1.5000000000000002 17.650000000000002 9.8550000000000022 17.380000000000006 47.800000000000004 6.5000000000000009 11.941153846153847 2.5850000000000009 1.1000000000000003 9.9350000000000005 21.900000000000002 2.4900000000000007 4.6000000000000005 2.1950000000000003 15.345000000000001 5.3900000000000015 4.3200000000000012 1.5000000000000002 0.50000000000000011 6.0000000000000044 7.5250000000000012 10.105000000000002 15.500000000000002 3.0000000000000004 6.5250000000000012 8.6700000000000017 3.5000000000000004 10.800000000000002 1.0000000000000002 2.3000000000000003 9.8750000000000018 2.8000000000000003 7.8500000000000005 3.1000000000000005 8.1000000000000014 5.9000000000000012 1.4400000000000002
decision_type=2 2 2 2 2 2 2 2 2 2 2 2 2 2 2 2 2 2 2 2 2 2 2 2 2 2 2 2 2 2 2 2 2 2 2 2 2 2 2 2 2 2 2 2
left_child=2 3 7 4 10 6 16 8 28 13 14 -12 -8 19 15 39 18 -16 35 20 24 22 -22 -21 43 26 -26 34 29 32 -31 -32 33 -1 -25 -5 37 38 -29 41 -41 42 -2 -9
right_child=1 -3 -4 5 -6 -7 12 9 -10 -11 11 -13 -14 -15 17 -17 -18 -19 -20 23 21 -23 -24 27 25 -27 -28 36 -30 30 31 -33 -34 -35 -36 -37 -38 -39 -40 40 -42 -43 -44 -45
leaf_value=1.0526693796107014e-05 5.611481160899116e-05 -0.0061039030334601799 0.0037993069924414161 -3.1693841419404464e-05 0.0055674705079714346 -0.005619963568945726 0.00099699972512960235 0.00016424085299887166 -0.0017662677719541217 0.0013414682718437343 -0.0013401714013889432 -0.00012677725337977922 2.6949724325766933e-05 0.00050663874919215841 0.00047042736978861888 -0.00057803427855319836 -0.00058084156870007002 3.1879684912772586e-05 -0.00032548395511896715 -0.00051810930504209618 0.00010551357486595711 6.2445700836451145e-05 0.0011851476581941824 -1.1103532337019165e-05 -0.00025631147791105118 -0.000354188034671346 0.00031917506695858071 -1.3852465186226235e-05 -0.00025571795813739303 -0.00041039465245342361 0.00038854226891002426 -0.0001578355159704821 -5.1888792668111049e-05 0.00027784147929098155 0.0002853982354004291 0.00046415129350498317 -0.00032237209414597603 7.6234512629785709e-05 -0.00033453210908919575 9.6656778254188027e-05 -0.00041566261681369866 0.00039597583195427431 -0.00026029499480500817 -7.4386025225976489e-05
leaf_weight=70 66 24 42 21 22 21 38 74 46 42 20 28 26 45 48 34 29 42 23 22 24 207 20 132 23 73 35 89 50 40.5 36.5 79 97.5 92.5 42 20 45 56 55 26 26 20 24 40
leaf_count=46 66 18 18 21 20 14 33 42 19 18 20 28 22 18 32 22 29 42 23 22 24 96 16 68 20 40 20 38 25 31 35 37 43 40 22 20 20 28 22 24 26 20 24 38
internal_value=8.46791e-12 -0.00026552 9.3891e-05 -3.12044e-06 0.000262582 -0.000534526 0.000145692 -7.42896e-06 -0.000171024 7.43686e-05 -8.68414e-05 -0.000632358 0.000602917 2.0175e-05 4.71384e-06 -0.00011516 -0.000168958 0.000265772 1.76769e-05 -3.18776e-06 5.59681e-05 0.000156022 0.000596256 -6.97213e-05 -4.65362e-05 -0.000157097 9.09649e-05 -4.61783e-05 -1.35537e-05 1.55525e-05 -9.55654e-05 1.48293e-05 8.22233e-05 0.00016269 6.04659e-05 0.000210182 -0.000121917 -7.6815e-05 -0.000136334 -1.80132e-05 -0.000159503 4.88729e-05 -2.82611e-05 8.05121e-05
internal_weight=2136 558 1578 534 356 178 157 1536 512 1024 334 48 64 982 286 196 93 90 64 937 496 251 44 441 245 131 58 419 466 416 156 115.5 260 162.5 174 41 245 200 144 162 52 110 90 114
internal_count=1350 504 846 486 324 162 148 828 276 552 304 48 55 534 256 182 93 74 64 516 296 136 40 220 160 80 40 198 257 232 103 72 129 86 90 41 108 88 60 160 50 110 90 80
is_linear=0
shrinkage=0.08


Tree=132
num_leaves=45
num_cat=0
split_feature=37 1 4 31 4 37 36 12 4 37 14 24 25 29 37 37 37 31 37 37 0 33 20 34 34 37 37 37 28 0 37 9 20 9 19 37 35 18 34 18 19 20 36 18
split_gain=0.00936442 0.0432726 0.0155174 0.00354077 0.00163549 0.00785016 0.00104947 0.00376977 0.00321451 0.000655014 0.00178412 0.00085807 0.000358067 0.00038176 0.000753523 0.00184216 0.000773266 0.000554662 0.000834447 0.00145995 0.000589306 0.000434102 0.000323269 0.000310786 0.000450875 0.000225932 0.00029021 0.000208667 0.00105068 0.000827638 0.000542935 0.000439821 0.000360616 0.000242346 0.000254678 0.000603278 0.000300948 0.00038892 0.000241374 0.000313948 0.00025331 0.000354375 0.00015946 0.000155026
threshold=17.630000000000006 17.820000000000004 17.955000000000002 5.7000000000000002 17.835000000000004 9.9450000000000021 2.5000000000000004 9.9200000000000017 17.475000000000005 16.625000000000004 7.455000000000001 1.9000000000000001 4.9000000000000012 8.1000000000000014 4.745000000000001 3.0500000000000003 16.330000000000002 12.300000000000002 7.4050000000000011 8.4150000000000009 16.765000000000004 2.5000000000000004 0.50000000000000011 38.900000000000013 49.900000000000006 2.3250000000000006 2.5300000000000007 11.760384615384618 1.0000000180025095e-35 17.795000000000005 10.105000000000002 10.065000000000003 0.70000000000000007 9.9050000000000029 0.90000000000000013 8.2800000000000011 1.5000000000000002 1.9000000000000001 46.100000000000009 5.3000000000000016 12.900000000000002 5.0000000000000009 1.5000000000000002 4.7000000000000002
decision_type=2 2 2 2 2 2 2 2 2 2 2 2 2 2 2 2 2 2 2 2 2 2 2 2 2 2 2 2 2 2 2 2 2 2 2 2 2 2 2 2 2 2 2 2
left_child=2 -2 4 -3 6 -6 7 9 12 25 -11 -12 13 14 15 -8 17 18 -16 -20 21 22 -21 -15 -25 -1 -27 29 31 30 33 43 -32 38 35 -35 -36 -38 40 -40 41 -28 -43 -29
right_child=1 3 -4 -5 5 -7 8 -9 -10 10 11 -13 -14 23 16 -17 -18 -19 19 20 -22 -23 -24 24 -26 26 27 28 -30 -31 32 -33 -34 34 36 -37 37 -39 39 -41 -42 42 -44 -45
leaf_value=-0.0004305522322829347 0.0039259718468764773 -0.0012562367448671944 -0.0011146331687722309 0.00021283867901989391 0.0010737534666744371 -0.00032336156341238867 -0.00016184919979423285 -0.00088797208203962347 0.00062202806269207338 0.00038653282029554246 -0.00024565307416196447 -0.0009136324784485624 0.0002197164001892198 7.0106186328476732e-05 -0.00030165783569707978 0.00087342871861024335 0.00043949557545905316 -0.00031800679519380394 0.00051471692100285159 -0.00013111170398554317 0.00024087553883607432 -0.00027030166445283924 0.00020345532184685853 -0.00040434291946391264 -5.7439920037312615e-05 0.00067630212754011155 -1.0850488404815873e-05 9.500165661017451e-05 0.00045919475818259853 -0.00037839272455312308 -0.00036822020997351502 -0.0003689586960244924 -5.8116526032487552e-05 1.0561457447086773e-05 -0.00015291992841715306 0.00040056030752814629 0.00025330680063925684 -4.3468298641248393e-05 -0.00029661251720404481 4.7322962200269106e-05 -0.00017272075202882939 6.3903668594747032e-05 0.00029122055319574059 -7.2003283521867003e-05
leaf_weight=7.9999999999999991 21 21 81 21 48 55.5 22 33 63.5 20 32 20 53 44.5 45.5 22 24 38 39.5 40.5 41 58 34 37.5 66.5 3.9999999999999991 334 92 36 40 40 20 60 60 48 44 50 65 41 29 46 39.5 39.5 58
leaf_count=8 21 21 36 21 21 30 22 18 31 20 32 20 28 30 32 22 24 22 17 26 19 38 26 24 39 4 196 92 20 16 20 20 30 24 24 20 20 26 26 24 32 25 25 58
internal_value=-3.92936e-12 0.000960858 -2.92012e-05 -0.000521699 1.49354e-05 0.000324576 -2.03462e-06 -4.42044e-05 8.2305e-05 -2.14929e-05 -0.000255596 -0.000502568 2.1753e-05 1.30066e-06 4.53501e-05 0.00035579 2.73129e-06 -3.26223e-05 9.32977e-06 7.57614e-05 -2.41737e-05 -0.000106189 2.15766e-05 -0.000106821 -0.000182525 -6.88682e-06 -3.9293e-06 -6.31189e-06 6.65816e-05 -2.23547e-05 -6.46013e-06 -1.65601e-05 -0.000182158 1.56125e-05 7.77456e-05 0.000175561 1.53359e-05 8.55644e-05 -1.57477e-05 -0.000154125 5.35553e-06 2.51897e-05 0.000177562 3.04264e-05
internal_weight=2136 63 2073 42 1992 103.5 1888.5 1259 629.5 1226 72 52 566 513 364.5 44 320.5 296.5 258.5 213 173.5 132.5 74.5 148.5 104 1154 1146 1142 206 936 896 170 100 796 267 104 163 115 529 70 459 413 79 150
internal_count=1350 63 1287 42 1251 51 1200 800 400 782 72 52 369 341 248 44 204 180 158 126 109 90 52 93 63 710 702 698 190 508 492 170 50 442 114 44 70 46 328 50 278 246 50 150
is_linear=0
shrinkage=0.08


Tree=133
num_leaves=45
num_cat=0
split_feature=37 31 11 36 4 11 15 3 0 37 4 35 4 22 22 0 0 16 22 19 37 27 15 16 0 29 0 31 22 22 22 22 37 33 24 24 31 35 3 17 21 19 33 19
split_gain=0.00805859 0.0446104 0.0249218 0.00430713 0.123238 0.102342 0.00667378 0.00661455 0.00356983 0.000543728 0.000806523 0.000440207 0.00150172 0.00169495 0.00134167 0.00107335 0.00370536 0.000645224 0.000567408 0.000619974 0.000458356 0.000615714 0.000513771 0.00159512 0.000450303 0.00037723 0.000504515 0.000462492 0.000461183 0.000297754 0.000447233 0.000430663 0.000899973 0.000621409 0.000264802 0.000581059 0.000290894 0.000367563 0.000767925 0.00100116 0.000563425 0.000434573 0.000426064 0.000386448
threshold=17.475000000000005 2.5000000000000004 9.9550000000000018 1.5000000000000002 17.890000000000004 9.8950000000000014 -0.065000000000001265 17.955000000000002 17.860000000000003 16.295000000000005 16.805000000000003 1.5000000000000002 17.400000000000002 72.800000000000011 61.800000000000004 15.4 14.200000000000001 6.8750000000000018 53.300000000000004 11.000000000000002 16.895000000000003 2.8000000000000003 2.4450000000000007 6.5950000000000015 13.485000000000001 8.9000000000000021 16.545000000000005 1.7000000000000004 20.100000000000005 5.4000000000000012 3.4000000000000004 20.100000000000005 10.065000000000003 5.0000000000000009 5.4000000000000012 2.8000000000000003 16.100000000000005 1.5000000000000002 16.860000000000003 12.900000000000002 2.1000000000000005 4.2000000000000011 0.50000000000000011 1.9000000000000001
decision_type=2 2 2 2 2 2 2 2 2 2 2 2 2 2 2 2 2 2 2 2 2 2 2 2 2 2 2 2 2 2 2 2 2 2 2 2 2 2 2 2 2 2 2 2
left_child=2 -2 3 4 6 7 -1 11 -3 34 -11 12 13 18 15 16 24 25 20 -20 22 -22 29 -24 -13 27 -27 -17 -29 30 -5 32 -31 -34 35 36 37 38 39 43 42 -42 -39 -8
right_child=1 8 -4 5 -6 -7 9 -9 -10 10 -12 14 -14 -15 -16 17 -18 -19 19 -21 21 -23 23 -25 -26 26 -28 28 -30 31 -32 -33 33 -35 -36 -37 -38 40 -40 -41 41 -43 -44 -45
leaf_value=-0.0020127635449171065 0.0039501860243867024 -0.00090301662542377459 -0.0016797154243185855 3.5993965575471523e-06 0.0050670094423953243 -0.0040516978656523865 -7.1585822650896649e-05 0.00092367517723619967 0.00037928069631258643 -0.0006553792191525212 1.1198858802135175e-05 0.00017665730521548539 0.00041811714274123969 0.00054066214011982082 -0.00047521947421667329 0.00015942405993118883 0.0012095734234899283 -0.00022848551688519746 -0.00053645523479924756 -2.9478265236033814e-05 -0.00055770167056471115 7.0038119098171601e-05 -3.2252533907343272e-05 0.00054106438784704859 -0.00033732493446829415 -7.9120559261200272e-05 0.00025974092007215535 -0.00022732403182890268 4.1547923760515625e-05 -0.00054389547854043489 0.00034196546301245689 6.1593553809625279e-05 -0.00020018828077202972 0.00029837304609827699 -0.00014230758761317512 0.0003271320894257062 0.0002119484934438434 -2.7429534414087437e-05 -0.00043154274507994868 -0.00051551234285094933 6.6165409655447789e-05 -0.00030721067887896745 0.00029695494485128184 0.00016538109048997284
leaf_weight=10.999999999999998 21 33 57 150 31.5 40 98 54 24 21 26 20 68 38 41 50 20 95 26 38 20 20 88 48 24 47 70 100 69 32 30 74 48 24 76.5 36 36 41.5 36 24 44 36.5 69 80
leaf_count=6 21 33 27 112 14 20 72 24 24 21 26 20 38 32 32 20 20 38 24 28 20 20 50 26 24 20 28 40 30 24 20 64 36 20 34 16 20 25 18 22 26 23 30 62
internal_value=-1.08662e-13 0.000798168 -3.02513e-05 1.6735e-05 0.000182722 -6.62588e-05 -5.93783e-05 5.69387e-05 -0.000363102 -2.49712e-05 -0.000286634 1.91938e-05 6.07852e-05 2.25799e-05 -3.54338e-05 9.92923e-07 0.0003067 -4.44021e-05 -1.03417e-05 -0.000235438 1.66361e-05 -0.000243832 3.77266e-05 0.000170095 -0.000103697 7.64525e-06 0.000123617 -5.43123e-05 -0.000117548 -1.25585e-05 5.99937e-05 -8.59259e-05 -0.000190892 -3.40012e-05 -3.67573e-06 1.74926e-05 -6.47948e-06 -2.48091e-05 -9.1146e-05 -3.04813e-05 5.78516e-05 -0.000103129 0.000175127 3.49162e-05
internal_weight=2136 78 2058 2001 667 1334 635.5 1294 57 624.5 47 1240 704 636 536 495 64 431 598 64 534 40 494 136 44 336 117 219 169 358 180 178 104 72 577.5 501 465 429 238 202 191 80.5 110.5 178
internal_count=1350 78 1272 1245 415 830 401 810 57 395 47 786 514 476 272 240 64 176 444 52 392 40 352 76 44 138 48 90 70 276 132 144 80 56 348 314 298 278 174 156 104 49 55 134
is_linear=0
shrinkage=0.08


Tree=134
num_leaves=45
num_cat=0
split_feature=37 11 10 36 13 4 4 11 4 34 37 34 4 23 34 9 11 0 16 16 22 16 29 6 17 29 18 37 21 21 21 21 36 21 21 37 37 2 37 34 37 30 36 11
split_gain=0.00793279 0.125337 0.0847294 0.0500212 0.41153 0.29963 0.0127655 0.00434597 0.00612417 0.00222099 0.00179951 0.00156895 0.0026561 0.000900788 0.000697397 0.000422539 0.000990306 0.000370683 0.000320002 0.00051796 0.000314726 0.000991428 0.000414898 0.000299242 0.000295187 0.000210026 0.000190528 0.000252743 0.00109288 0.000477152 0.000191146 0.000225547 0.000749842 0.000508291 0.000162346 0.000111576 0.000203336 0.000108477 0.000438429 0.000203148 0.000164525 0.000279722 0.000519982 0.00041139
threshold=11.703076923076924 9.9450000000000021 9.9550000000000018 1.5000000000000002 9.8000000000000025 17.890000000000004 17.935000000000006 9.8950000000000014 17.890000000000004 93.300000000000026 16.295000000000005 72.300000000000011 17.220000000000002 6.2000000000000011 54.70000000000001 10.045000000000002 7.8950000000000005 14.240000000000002 5.9665384615384607 6.0057692307692303 68.500000000000014 7.1000000000000005 7.5000000000000009 9.9050000000000029 1.3 27.500000000000004 21.000000000000004 6.3850000000000007 15.000000000000002 17.200000000000006 7.6000000000000005 2.3000000000000003 1.5000000000000002 3.5000000000000004 2.3000000000000003 6.9350000000000014 7.3250000000000011 16.165000000000003 9.6200000000000028 36.300000000000004 9.8250000000000011 1.7000000000000004 2.5000000000000004 7.4800000000000013
decision_type=2 2 2 2 2 2 2 2 2 2 2 2 2 2 2 2 2 2 2 2 2 2 2 2 2 2 2 2 2 2 2 2 2 2 2 2 2 2 2 2 2 2 2 2
left_child=2 3 7 5 6 10 9 8 18 13 14 12 -12 15 24 17 -17 34 -1 -20 21 22 23 -19 -2 26 27 28 30 35 31 -21 -33 -34 -5 -29 -37 38 39 -38 -39 -42 43 -43
right_child=1 -3 -4 4 -6 -7 -8 -9 -10 -11 11 -13 -14 -15 -16 16 -18 20 19 25 -22 -23 -24 -25 -26 -27 -28 29 -30 -31 -32 32 33 -35 -36 36 37 40 -40 -41 41 42 -44 -45
leaf_value=-0.00018422164907678961 -0.00021755905446386146 -0.0063223009902451726 0.0036367453246687847 0.00023813831930359205 -0.011168158645318314 0.010047669178761898 0.0019038386423684036 0.00074397865682840347 -0.0010388075056175393 0.00054575960553484041 0.00041242639584790754 -0.0010174931592441031 -0.00084814429166726771 -0.00047787184854421546 0.00045167746702925521 0.00057305072730576452 -9.5184100209735342e-05 0.00015429088160760185 0.00066750508546829226 -6.4524687288077854e-06 9.1603381054786354e-05 -0.00065838885332386078 -0.00038555684859271753 -0.00022801284305751324 0.00011710659665294697 -0.0001455134346615523 -0.00016667809191112142 -0.00013038236285663315 0.00064033182238095582 -0.0002625384382989215 -0.00017872101214985985 -0.00021295729023404421 0.00067215749726165096 0.00010180128866340965 -6.2727447081918156e-05 0.0001791429685221778 0.00017330467098891134 -5.4824971249712924e-06 -0.00019474473452786556 -4.2154850625945613e-05 0.00024413341919731613 -0.00026191050737080251 0.00022418014014717835 4.8583660067783464e-05
leaf_weight=60 31 21 42 24 22 21 24 48 37.5 40 23 21 20 34 26 22 40 38 7.4999999999999991 108 24 26 22 20 37 60 39 36 21 43.5 24 20 20 20 22 45 49.5 531 78 64.5 49.5 44 58 72
leaf_count=24 30 18 18 24 18 14 16 21 15 32 23 21 20 28 17 22 32 38 3 108 24 26 22 20 37 30 36 18 21 24 24 20 20 20 22 18 24 225 39 27 24 22 29 36
internal_value=3.92215e-12 -0.000259262 9.16781e-05 -2.21598e-05 -0.000568125 0.00106977 0.000125925 -5.25728e-06 -2.94262e-05 -1.08374e-05 -0.000123495 -0.000450694 -0.000173886 -9.26899e-05 9.9279e-05 -3.76639e-05 0.000141931 -0.00010093 -3.33049e-06 4.47495e-06 -0.000169993 -0.000229222 -8.97432e-05 2.2462e-05 -3.54616e-05 8.79345e-07 7.51847e-06 1.28095e-05 9.23983e-05 -3.01909e-06 3.2468e-05 6.26379e-05 0.000187 0.000386979 9.4246e-05 7.96786e-06 1.29912e-05 5.09172e-06 -4.85963e-05 5.13999e-05 1.87539e-05 7.63356e-05 2.86001e-05 -6.919e-05
internal_weight=2136 558 1578 537 358 179 336 1536 1488 312 158 64 43 272 94 238 62 176 1450.5 1390.5 130 106 80 58 68 1383 1323 1284 213 1071 192 168 60 40 46 1027.5 991.5 946.5 192 114 754.5 223.5 174 116
internal_count=1350 504 846 486 324 162 306 828 807 290 148 64 43 258 84 230 54 176 792 768 130 106 80 58 67 765 735 699 213 486 192 168 60 40 46 462 444 426 90 51 336 111 87 58
is_linear=0
shrinkage=0.08


Tree=135
num_leaves=45
num_cat=0
split_feature=37 28 10 15 5 36 3 1 3 2 10 10 32 37 22 15 22 37 31 10 13 14 32 17 29 37 37 6 15 0 5 17 29 33 25 31 6 37 24 37 0 29 37 37
split_gain=0.00746466 0.0447991 0.0239451 0.00170325 0.00141823 0.0010381 0.0129787 0.00674876 0.00551373 0.00641855 0.00388337 0.00311704 0.000495397 0.000380814 0.00685475 0.00306817 0.00178604 0.000471232 0.00244325 0.000631571 0.0011332 0.00133608 0.000590837 0.000494815 0.000413464 0.000449987 0.000353423 0.000466255 0.000476132 0.000391622 0.000359515 0.000321701 0.000285669 0.000269957 0.000264342 0.000251903 0.000228772 0.000214279 0.000312592 0.000283191 0.0013514 0.00032805 0.000489154 0.000249953
threshold=17.475000000000005 36.700000000000003 9.9550000000000018 -0.15000000000000033 11.868846153846155 1.5000000000000002 17.935000000000006 17.820000000000004 17.955000000000002 17.875000000000004 9.7700000000000014 9.7050000000000018 17.600000000000005 5.3900000000000015 65.700000000000017 2.1715384615384621 72.800000000000011 10.105000000000002 15.100000000000001 9.0900000000000016 8.6500000000000004 7.8350000000000009 24.700000000000006 11.500000000000002 0.3000000000000001 3.3550000000000004 10.875000000000002 10.010000000000002 2.3450000000000006 14.110000000000001 11.035000000000002 13.900000000000002 7.1000000000000005 0.70000000000000007 1.9000000000000001 13.300000000000002 9.9950000000000028 16.495000000000001 5.4000000000000012 5.9750000000000005 14.160000000000002 0.50000000000000011 15.280000000000003 9.9050000000000029
decision_type=2 2 2 2 2 2 2 2 2 2 2 2 2 2 2 2 2 2 2 2 2 2 2 2 2 2 2 2 2 2 2 2 2 2 2 2 2 2 2 2 2 2 2 2
left_child=2 -2 3 -1 -3 6 7 11 9 10 13 12 31 14 15 24 17 22 19 20 21 23 32 26 33 -26 -19 28 29 -28 -29 37 35 -7 36 -15 -34 38 39 40 -5 -41 43 -43
right_child=1 4 -4 5 -6 8 -8 -9 -10 -11 -12 -13 -14 16 -16 -17 -18 18 -20 -21 -22 -23 -24 -25 25 -27 27 30 -30 -31 -32 -33 34 -35 -36 -37 -38 -39 -40 41 -42 42 -44 -45
leaf_value=0.00082513195998740923 0.0039268691953094235 -0.00091800817443678782 -0.0016914855578431375 0.00010413655383412592 -9.0753109866960178e-05 -0.00010068344833728457 -0.0016576000495207687 0.0011476777990659078 0.0008415788851885332 -0.0010367705700142932 0.00078495608076495544 -0.00088561649010940032 -0.00025689912057120579 -1.9033551055014999e-05 -0.0014741862351074814 0.00093501384641664733 0.00054707136415388618 0.00023635102017174683 0.00067842203709005849 0.00042651681504635652 -0.00054438763375704491 0.00055215540907478764 -0.0003045503381225798 -0.00036172567929427786 -0.00054236477772064975 -5.7160479227604814e-06 0.00011138430828731018 -0.00034721500329033003 0.00036228104328204483 -0.00032596719291177578 -1.5830912584946914e-05 0.00024340496465031589 8.2694345533649332e-05 0.00026495684493662945 0.00022943121157586576 -0.00019957269244859444 -0.00011261681319280927 0.00018015885894177093 -0.00023470597732582209 -0.00014290029860355638 -0.00068185588078839446 4.4906073766314678e-05 -0.00027614049073308711 0.00021764395711943506
leaf_weight=16.5 21 21 54 42 36 28 31.5 31.5 54 36 44 27.5 49 336 20 24 42 36 40 22 24 28 45 26 20 20 38 40 28 20 44 35 122 24 50 58 56 36 40.5 60.5 21 188 25 75
leaf_count=9 21 21 24 42 36 28 14 14 24 16 24 15 28 154 20 24 36 18 30 22 20 20 22 24 20 20 38 36 28 20 28 30 60 24 20 26 24 36 18 38 21 85 25 47
internal_value=5.76252e-13 0.000768192 -2.91151e-05 1.56793e-05 -0.000395531 8.95928e-06 -7.28066e-05 6.30755e-06 4.98422e-05 1.62043e-05 4.68983e-05 -5.36644e-05 -1.36667e-05 1.96317e-05 -0.000106362 0.00012947 3.58735e-05 1.46787e-05 9.04365e-05 1.35757e-05 -1.84127e-05 3.01388e-05 -2.462e-05 -3.28632e-05 -8.06716e-05 -0.00027404 8.64372e-06 -3.95767e-05 9.1362e-05 -3.94266e-05 -0.000173633 9.12184e-06 -4.36778e-06 6.80736e-05 6.69023e-05 -4.56104e-05 2.12481e-05 -7.68126e-06 -2.2642e-05 -1.77055e-06 -0.000157861 2.64467e-05 6.20213e-05 9.41659e-05
internal_weight=2136 78 2058 2004 57 1987.5 662.5 631 1325 1271 1235 599.5 572 1191 136 116 1055 1013 346 306 284 260 667 232 92 40 206 170 86 58 84 523 622 52 228 394 178 488 452 411.5 63 348.5 288 263
internal_count=1350 78 1272 1248 57 1239 413 399 826 802 786 385 370 762 136 116 626 590 284 254 232 212 306 192 92 40 168 150 86 58 64 342 284 52 104 180 84 312 276 258 63 195 157 132
is_linear=0
shrinkage=0.08


Tree=136
num_leaves=45
num_cat=0
split_feature=4 4 35 11 36 11 11 23 0 29 11 24 29 28 16 35 20 0 4 32 17 19 6 19 11 19 34 29 20 8 6 29 15 16 9 32 34 21 22 16 0 35 19 31
split_gain=0.00380223 0.00630883 0.148446 0.00244091 0.00110106 0.00598362 0.00164358 0.000678468 0.000668708 0.000274863 0.000534424 0.000252666 0.000236384 0.000232319 0.000777985 0.000215123 0.000689746 0.000741137 0.000675678 0.000688466 0.000483277 0.000464225 0.000977195 0.000877104 0.000440317 0.000396758 0.000275735 0.000251674 0.000260737 0.000238618 0.000268283 0.000273923 0.000267173 0.000245742 0.000220477 0.000216547 0.000204119 0.000211835 0.000210166 0.000198446 0.000425738 0.000373514 0.000234841 0.000316316
threshold=17.98 17.935000000000006 1.5000000000000002 9.9550000000000018 2.5000000000000004 9.7700000000000014 9.8550000000000022 14.400000000000002 17.795000000000005 8.1000000000000014 3.9500000000000006 4.9000000000000012 5.1000000000000005 60.800000000000004 5.9665384615384607 1.5000000000000002 5.9000000000000012 15.280000000000003 17.365000000000006 19.000000000000004 17.200000000000006 0.70000000000000007 9.8950000000000014 3.0000000000000004 9.3250000000000011 15.500000000000002 53.900000000000013 9.1000000000000014 0.3000000000000001 10.105000000000002 10.065000000000003 1.0000000180025095e-35 1.6150000000000002 6.1450000000000005 10.025 10.800000000000002 31.700000000000006 2.3000000000000003 5.4000000000000012 7.1750000000000016 14.760000000000003 1.0000000180025095e-35 2.3000000000000003 0.3000000000000001
decision_type=2 2 2 2 2 2 2 2 2 2 2 2 2 2 2 2 2 2 2 2 2 2 2 2 2 2 2 2 2 2 2 2 2 2 2 2 2 2 2 2 2 2 2 2
left_child=1 3 -3 4 6 8 7 13 9 12 -11 -12 39 14 -1 18 21 -18 19 20 25 24 23 -23 27 26 29 28 -17 30 31 32 -16 -31 -24 -28 37 38 -33 41 42 -6 43 -41
right_child=-2 2 -4 -5 5 -7 -8 -9 -10 10 11 -13 -14 -15 15 16 17 -19 -20 -21 -22 22 34 -25 -26 -27 35 -29 -30 33 -32 36 -34 -35 -36 -37 -38 -39 -40 40 -42 -43 -44 -45
leaf_value=-0.00049247483849864109 0.00085206200227592923 -0.0037969157322206432 0.0030182982899869481 0.00056948057027778238 0.00019495193374735351 0.0012403574911030856 -0.00059903569378410334 -0.00027702811054151617 0.00028765822774230325 -0.00053069487074390055 2.191480047940786e-05 -0.00021182611246000637 0.00016992775299200778 0.00014699786627368831 -0.00042645973166509067 -4.7900462504121995e-05 -0.00054170204559341069 -2.9671437699686396e-06 -0.00033072262793742388 -0.00031673544177623545 -0.00031901763477695306 0.00079807641915977004 -8.9962823655117651e-05 0.00018633204024808947 0.00020251236751209944 0.00027842850387161083 0.00025290589081123472 9.7041363310482767e-05 -0.00029255576332798226 -0.00033190256318387889 0.00016674463938990677 5.9830997814297803e-05 -3.7536966489054838e-05 -8.0972298358877507e-06 0.00013178727931032578 -1.3345813323907992e-05 -8.5172792995581395e-05 0.00020546434465517371 -0.00019776039810564657 -2.5806952691756379e-05 0.00043101512985985457 -8.3013680825071476e-05 -0.00018711655585017679 0.00035930237335075313
leaf_weight=22 33 45 37.5 49.5 38 27.5 33 66 60.5 14.999999999999998 128 38.5 78.5 55 20 92 26 44 48 46 28 24 55 40 50 36 46 45 40 30 54 92 26 30 60 34 100 46 26 39 20.5 166.5 24 21
leaf_count=12 18 30 15 27 38 15 18 36 33 15 75 21 45 30 16 50 26 20 32 32 28 18 22 28 20 28 32 18 22 20 36 72 24 20 24 24 68 40 24 39 18 76 24 21
internal_value=-3.30671e-13 -1.33704e-05 -0.000699091 1.46285e-05 6.93905e-07 8.52544e-05 -4.15863e-05 -2.72258e-05 3.47932e-05 7.90682e-06 -7.33368e-05 -3.21334e-05 4.59603e-05 -1.36563e-05 -2.12735e-05 -1.21642e-05 2.8855e-05 -0.000203069 -4.16584e-05 -1.90605e-05 5.04695e-06 6.88419e-05 0.000165175 0.000415736 -7.12156e-06 2.18503e-05 3.52329e-06 -6.63402e-05 -0.000122038 -2.21797e-05 2.18631e-06 -2.64787e-05 -0.000206634 -0.00017 2.57329e-05 0.000139749 4.91198e-06 5.98417e-05 3.07357e-06 1.44669e-05 0.000104152 -3.13624e-05 2.43819e-05 0.000108981
internal_weight=2136 2103 82.5 2020.5 1971 657 1314 1281 629.5 569 181.5 166.5 387.5 1215 1160 1138 476 70 662 614 568 406 179 64 227 540 504 177 132 424 364 310 46 60 115 80 264 164 118 309 104.5 204.5 84 60
internal_count=1350 1332 45 1287 1260 420 840 822 405 372 111 96 261 786 756 744 248 46 496 464 432 202 92 46 110 404 376 90 72 320 280 244 40 40 46 56 204 136 96 216 102 114 84 60
is_linear=0
shrinkage=0.08


Tree=137
num_leaves=45
num_cat=0
split_feature=37 1 16 35 10 25 36 16 9 0 16 15 37 9 37 37 36 35 21 0 17 32 19 33 6 37 17 22 37 22 15 18 37 22 22 37 19 37 11 26 18 37 9 37
split_gain=0.00750376 0.0471729 0.0162328 0.140364 0.00436492 0.00420159 0.000838931 0.0162731 0.0195983 0.00474531 0.00543363 0.00416967 0.000969714 0.00115806 0.000689774 0.00160464 0.00119107 0.000305107 0.000670099 0.00052923 0.00101527 0.000492095 0.000389147 0.000369736 0.000668544 0.000312307 0.000308494 0.000448988 0.000241459 0.00575148 0.00256455 0.00217087 0.000489077 0.00035242 0.000338834 0.000530977 0.000636673 0.000475861 0.000425468 0.000703619 0.000323071 0.000310238 0.0025355 0.000474788
threshold=17.545000000000005 17.775000000000002 5.9461538461538463 1.5000000000000002 9.9450000000000021 8.7000000000000011 1.5000000000000002 6.0057692307692303 11.72423076923077 17.795000000000005 6.0550000000000024 -0.065000000000001265 16.295000000000005 9.9350000000000005 17.220000000000002 16.590000000000003 2.5000000000000004 1.5000000000000002 2.1000000000000005 16.740000000000006 12.900000000000002 3.5000000000000004 2.3000000000000003 0.50000000000000011 9.8950000000000014 9.9650000000000016 1.0000000180025095e-35 11.300000000000002 5.3900000000000015 65.700000000000017 2.1715384615384621 17.200000000000006 6.3050000000000006 26.300000000000008 53.300000000000004 8.2800000000000011 8.9000000000000021 7.4400000000000004 7.4800000000000013 1.9000000000000001 0.50000000000000011 11.575000000000001 10.025 9.8250000000000011
decision_type=2 2 2 2 2 2 2 2 2 2 2 2 2 2 2 2 2 2 2 2 2 2 2 2 2 2 2 2 2 2 2 2 2 2 2 2 2 2 2 2 2 2 2 2
left_child=2 -2 3 -1 6 -3 7 -4 12 10 -8 -12 17 -14 15 28 -17 19 23 20 21 26 -20 -19 -25 -23 -9 -28 29 30 33 32 -30 40 37 -36 -37 -34 39 -39 -13 43 -43 -40
right_child=1 5 4 -5 -6 -7 9 8 -10 -11 11 14 13 -15 -16 16 -18 18 22 -21 -22 25 -24 24 -26 -27 27 -29 31 -31 -32 -33 34 -35 35 36 -38 38 41 -41 -42 42 -44 -45
leaf_value=-0.0042067018884578526 0.0039831237678992605 -0.0014115758630491439 0.0026765654277470376 0.0015973700093260656 0.0006970560868891578 9.7204402382313097e-05 -0.0010417193087989525 -0.0002073393112514168 -0.0020129965662733832 0.00067234306981036858 0.0011223384805700996 -9.254738615103028e-05 -1.3093529872734238e-05 -0.00079500946935943582 -0.00034451207447358794 8.2225108519196524e-05 0.00095531617570668455 -1.8799587725156761e-05 0.00010124326575725504 -0.00023619082109588716 -0.00047659682556210704 0.0004052781298135718 -0.00021515836031176148 0.0004684334506904616 6.2748916447162627e-05 7.8518610113324265e-05 0.00035382774934987536 -6.2036862320922039e-05 0.00040444229906130309 -0.0013498306740075351 0.00085558270569890743 0.00060143627703954008 -0.00021184268381236303 -0.00033656654862473565 9.130306136129158e-05 -0.00064412224106490611 -0.00010832226398633793 5.4929341777096854e-05 1.3727164134307969e-05 0.00049134943987531909 0.00029015220497967674 -0.00030907929405871339 0.00071893421812481916 -0.00016132734413800445
leaf_weight=48 21 21 13.499999999999998 60 60 27 31 40 33.5 72 22 48 27 22 34 20 20 41.5 42.5 72 24 36 60 51.5 52.5 39 24 54 18 20 24 39 62 24 35 22 40 128 359 29 20 34 28 137
leaf_count=24 21 21 6 24 30 27 16 31 16 32 12 48 27 22 34 20 20 25 23 36 22 22 36 23 21 30 19 42 18 20 24 32 26 24 20 18 28 98 152 14 20 34 24 68
internal_value=5.04589e-12 0.000820682 -2.73957e-05 -0.000982218 2.52437e-05 -0.000562887 4.01744e-06 -7.11804e-05 -0.000131059 4.16164e-05 3.5826e-06 3.14453e-05 -2.34735e-05 -0.000364158 1.04115e-05 2.13125e-05 0.000518771 7.61317e-06 7.27089e-05 -4.82475e-05 1.41116e-05 7.51323e-05 -8.39674e-05 0.000183082 0.000263641 0.000235363 -2.67093e-05 6.59215e-05 2.6636e-06 -9.69078e-05 0.000119113 1.72089e-05 -8.33464e-06 -7.3009e-05 -1.68358e-05 -0.000157814 -0.000298445 7.63849e-07 1.91997e-05 0.000135542 2.00113e-05 -1.35346e-05 0.000155185 -3.46246e-05
internal_weight=2136 69 2067 108 1959 48 1899 633 619.5 1266 1194 1163 586 49 1141 1107 40 537 248 289 217 193 102.5 145.5 104 75 118 78 1067 136 116 931 892 92 874 97 62 777 715 157 68 558 62 496
internal_count=1350 69 1281 48 1233 48 1203 401 395 802 770 754 379 49 742 708 40 330 128 202 166 144 59 69 44 52 92 61 668 136 116 532 500 92 482 66 46 416 390 112 68 278 58 220
is_linear=0
shrinkage=0.08


Tree=138
num_leaves=45
num_cat=0
split_feature=37 27 11 6 36 11 12 3 3 23 37 13 31 37 34 0 37 3 20 22 9 31 0 36 16 37 34 37 9 37 13 20 20 19 21 37 32 32 37 31 34 17 17 37
split_gain=0.00650815 0.0359724 0.0153341 0.00732504 0.00337469 0.133137 0.102666 0.0105105 0.00754681 0.000503134 0.000407719 0.00162131 0.000662155 0.000369612 0.00179427 0.00143917 0.000436332 0.000430777 0.000315498 0.000249418 0.000337011 0.000218431 0.000215739 0.000351055 0.000250655 0.00021364 0.00116959 0.000814587 0.000624453 0.00101879 0.000540457 0.000603457 0.000351624 0.00093864 0.000596898 0.000488203 0.000848236 0.00033093 0.000150092 0.000183046 0.000257581 0.000314788 0.000194954 0.000579597
threshold=17.630000000000006 11.900000000000002 9.9550000000000018 11.911538461538465 2.5000000000000004 9.8950000000000014 9.8250000000000011 17.935000000000006 17.955000000000002 7.5000000000000009 16.625000000000004 7.5750000000000002 3.1000000000000005 11.760384615384618 78.300000000000026 17.795000000000005 10.105000000000002 17.400000000000002 0.70000000000000007 70.600000000000009 10.065000000000003 22.000000000000004 14.200000000000001 1.5000000000000002 6.705000000000001 10.115 71.100000000000023 14.200000000000001 9.9950000000000028 7.9500000000000011 7.8800000000000008 3.0000000000000004 11.500000000000002 5.9000000000000012 4.7000000000000002 8.8800000000000008 7.3000000000000016 1.3 9.9650000000000016 14.900000000000002 55.600000000000009 13.900000000000002 0.3000000000000001 3.5200000000000005
decision_type=2 2 2 2 2 2 2 2 2 2 2 2 2 2 2 2 2 2 2 2 2 2 2 2 2 2 2 2 2 2 2 2 2 2 2 2 2 2 2 2 2 2 2 2
left_child=2 3 4 -2 5 8 7 9 10 25 13 -12 -13 15 19 16 17 21 -18 20 22 38 -15 24 -24 28 27 -27 32 -30 31 -29 33 34 35 36 37 -6 39 40 41 42 -1 -44
right_child=1 -3 -4 -5 6 -7 -8 -9 -10 -11 11 12 -14 14 -16 -17 18 -19 -20 -21 -22 -23 23 -25 -26 26 -28 30 29 -31 -32 -33 -34 -35 -36 -37 -38 -39 -40 -41 -42 -43 43 -45
leaf_value=2.5242240088957199e-05 -0.001607202650713069 0.0035044840315268154 -0.0012533307941778313 0.00050580100816053654 -0.00017894943710416555 0.0046334661575965583 -0.0042580728865649602 0.0015298133813554332 -0.00097829744543155876 0.00026492343641051626 0.0002591003940324299 -0.00022029261158119579 -0.00084356162603944549 -6.1807906551455906e-05 0.00062741619206088434 -0.00046347544156014921 -0.0003318575388984755 0.00029798710937885677 -4.1801103856414552e-05 -0.00027337621117476374 -0.00022470552973183141 0.00017624193883460502 0.0001249742969160988 -6.6809377001066294e-06 0.00051584514334709159 0.00025114502464510641 0.0006584002402378246 -0.00057111451330666362 3.6165785764090042e-05 -0.00047554883911468822 0.00016740294755436481 -5.5772490714761347e-05 0.00025286348066069103 -0.00038420390783409989 0.00028858332588496775 0.00011724514260229561 -0.00054418388679623611 0.0002246833363404641 0.00011362719371390995 0.00015597450589810154 -0.00016615727946261099 0.00021911227798743826 -0.00037987650276216514 -2.5179809182853753e-05
leaf_weight=269 21 21 63 21 26 40 36.5 31.5 54 53.5 30 24 20 44 34 45 40 34 60 20 28 46 21 42 21 52 20 26 55 45.5 24 33 41 35 55.5 84.5 25 26 64 38 73 37 34 222
leaf_count=146 21 21 33 21 26 20 19 14 24 26 30 24 20 44 20 18 20 14 30 20 24 24 21 42 21 37 16 26 22 21 24 33 28 24 36 39 10 17 32 16 40 32 34 120
internal_value=-1.04552e-11 0.000801027 -2.43438e-05 -0.000550701 1.41767e-05 8.7475e-05 -0.00013242 0.000105285 -5.24017e-05 3.07461e-05 -1.22746e-05 -0.000194395 -0.000503597 -7.7547e-07 9.53806e-05 -2.17659e-05 -8.98457e-08 1.92166e-05 -0.000157824 -7.39897e-06 2.67007e-05 7.11164e-06 8.16958e-05 0.000156864 0.00032041 7.90471e-06 8.74564e-05 2.87217e-06 -2.34308e-05 -0.000195506 -0.000152672 -0.000282872 3.55916e-05 2.41812e-07 6.22492e-05 -1.55313e-05 -0.00016124 2.28669e-05 -3.44466e-06 -1.45778e-05 -2.47841e-05 -6.42064e-06 -2.23153e-05 -7.2288e-05
internal_weight=2136 63 2073 42 2010 1340 670 633.5 1300 602 1246 74 44 1172 210 962 917 817 100 176 156 783 128 84 42 548.5 155 135 393.5 100.5 83 59 293 252 217 161.5 77 52 737 673 635 562 525 256
internal_count=1350 63 1287 42 1254 836 418 399 816 385 792 74 44 718 192 526 508 458 50 172 152 444 128 84 42 359 136 120 223 43 83 59 180 152 128 92 53 43 420 388 372 332 300 154
is_linear=0
shrinkage=0.08


Tree=139
num_leaves=45
num_cat=0
split_feature=37 31 11 36 12 10 4 10 0 4 37 0 17 37 37 10 33 8 0 37 37 37 17 37 37 18 17 37 0 37 21 34 37 21 20 20 24 24 37 37 37 34 8 10
split_gain=0.0055742 0.040108 0.0209331 0.00328255 0.105221 0.0873915 0.00904339 0.00483901 0.00299233 0.000552799 0.00115376 0.00146545 0.000280188 0.000271373 0.000300976 0.0010092 0.00113055 0.000513483 0.000597242 0.000493677 0.00106608 0.000452327 0.000452743 0.000754962 0.00176863 0.00159637 0.000581871 0.000618742 0.000368495 0.000258973 0.000593016 0.000377796 0.000581197 0.000253228 0.000175265 0.000184587 0.00016702 0.000321093 0.000567648 0.000446774 0.00088462 0.000398314 0.000160504 0.000145875
threshold=17.475000000000005 2.5000000000000004 9.9550000000000018 1.5000000000000002 9.8250000000000011 9.8950000000000014 17.845000000000002 9.7700000000000014 17.860000000000003 17.400000000000002 9.5600000000000005 17.860000000000003 15.500000000000002 16.895000000000003 15.345000000000001 7.6650000000000009 4.6000000000000005 10.065000000000003 16.505000000000006 2.2750000000000004 2.5300000000000007 14.200000000000001 1.9000000000000001 3.8950000000000005 5.3900000000000015 13.900000000000002 1.3 4.3200000000000012 14.640000000000002 9.8750000000000018 3.0000000000000004 44.500000000000007 7.8650000000000011 2.3000000000000003 5.0000000000000009 0.50000000000000011 11.400000000000002 5.4000000000000012 16.295000000000005 4.580000000000001 3.0500000000000003 71.100000000000023 10.115 9.0900000000000016
decision_type=2 2 2 2 2 2 2 2 2 2 2 2 2 2 2 2 2 2 2 2 2 2 2 2 2 2 2 2 2 2 2 2 2 2 2 2 2 2 2 2 2 2 2 2
left_child=2 -2 3 4 6 7 12 9 -3 13 -11 -12 36 14 19 16 -16 18 -17 -5 -21 22 26 -24 -25 29 27 -22 -23 31 -31 32 -26 -15 35 43 37 38 39 40 -1 42 -41 -29
right_child=1 8 -4 5 -6 -7 -8 -9 -10 10 11 -13 -14 33 15 17 -18 -19 -20 20 21 28 23 24 25 -27 -28 34 -30 30 -32 -33 -34 -35 -36 -37 -38 -39 -40 41 -42 -43 -44 -45
leaf_value=0.00012507938693844428 0.0036525522030535196 -0.00093159780668264087 -0.0015368757259688879 -0.00088793628849089153 0.004338948158164547 -0.0038359924209745307 -0.0014001580484447971 0.00082009983425914302 0.00024240672598049666 -0.00012028389788148078 0.00069188317550080162 5.3756846224560455e-05 0.0002208419458474964 -0.00040036872611381113 3.2834481564350426e-05 -0.00052690849173814064 0.00088345195451620387 0.00028730682691093532 5.4581910562074673e-05 0.0009222910576499999 -0.00034219766183763144 -4.4219154127252598e-05 0.00047522852161949105 -0.00052278001530794429 0.00019234237808419708 0.00058748577860808979 -0.00030242563195631138 7.0712036265460141e-05 -0.00050917449546977874 0.00038275835104286673 -4.4304769759511823e-05 -0.00018111722351374826 -0.00018052598688660598 2.2052386484574525e-06 0.00015969532385023068 -8.2735223378139472e-05 0.00015361282229423522 -0.00024149394412150329 -0.00030755658592216859 -1.2810282006564935e-05 -0.00057656890813909145 0.00023644940977966464 0.00016336997769571639 -5.7404496195728977e-05
leaf_weight=23 21 33 57 3.9999999999999991 36.5 38 31.5 51 24 55 42 51 32 20 20 20 20 20 26 7.9999999999999991 34 24 28 32 77 38 49 191 20 38 46 62 41 20 46 132 32.5 43.5 39 313.5 23 55.5 37 81
leaf_count=23 21 33 27 4 19 18 14 26 24 22 22 24 27 20 20 20 20 20 26 8 34 24 28 32 38 26 24 106 20 20 28 30 20 20 26 68 15 21 39 189 23 28 17 36
internal_value=1.09428e-11 0.000663829 -2.51597e-05 1.79027e-05 0.000162809 -5.45505e-05 -7.895e-05 5.63251e-05 -0.00043728 2.5038e-05 0.000170169 0.000341943 -9.47076e-06 5.4578e-06 1.31982e-05 0.000141064 0.000458143 -5.11046e-05 -0.00019824 -1.05399e-06 2.69208e-06 -5.14263e-06 7.16851e-06 7.62106e-05 4.276e-05 0.000102685 -3.97231e-05 -1.31272e-05 -0.000255562 3.29028e-05 0.00014889 -2.12248e-05 6.27864e-05 -0.000199082 1.17359e-05 -5.11093e-06 -2.2469e-05 -3.31756e-05 -1.47197e-05 1.05472e-05 -0.000225745 3.73192e-05 5.78792e-06 3.25597e-05
internal_weight=2136 78 2058 2001 667 1334 630.5 1296 57 1245 148 93 599 1097 1057 106 40 66 46 951 947 939 895 362 334 302 533 484 44 264 84 180 118 40 450 404 567 534.5 491 452 46 406 350.5 272
internal_count=1350 78 1272 1245 415 830 396 812 57 786 68 46 382 718 678 106 40 66 46 572 568 560 516 222 194 162 294 270 44 136 48 88 58 40 236 210 355 340 319 280 46 234 206 142
is_linear=0
shrinkage=0.08


Tree=140
num_leaves=45
num_cat=0
split_feature=27 9 35 16 11 36 11 11 27 29 23 30 1 15 1 30 31 29 32 20 30 34 30 34 32 26 35 33 33 18 29 6 35 33 36 19 31 32 22 36 31 16 33 34
split_gain=0.00489918 0.00439679 0.0565173 0.0981316 0.00315593 0.000993443 0.00839515 0.0041249 0.00038295 0.000325419 0.000579081 0.000465728 0.00030734 0.000256822 0.000267964 0.000233346 0.000199204 0.000313279 0.00015537 0.00016005 0.000218746 0.000389122 0.00025784 0.000121886 0.000113788 0.000110163 0.000102144 0.000422739 0.000572723 6.95897e-05 0.000116437 6.60469e-05 0.000104273 0.000182218 0.000109106 7.64908e-05 9.85004e-05 9.69203e-05 0.000163839 0.000144485 9.14724e-05 8.50199e-05 8.68149e-05 7.58984e-05
threshold=22.700000000000006 11.911538461538465 1.5000000000000002 6.0226923076923082 9.9550000000000018 2.5000000000000004 9.7700000000000014 9.8550000000000022 13.000000000000002 8.1000000000000014 7.5000000000000009 11.900000000000002 17.860000000000003 0.094999999999998877 17.400000000000002 8.1000000000000014 7.7000000000000011 12.100000000000001 14.100000000000003 11.500000000000002 0.70000000000000007 8.2000000000000046 1.0000000180025095e-35 6.0000000000000044 26.500000000000004 6.2000000000000011 1.5000000000000002 4.2000000000000011 0.70000000000000007 15.500000000000002 3.3000000000000003 10.105000000000002 1.5000000000000002 4.6000000000000005 1.5000000000000002 1.9000000000000001 0.70000000000000007 5.9000000000000012 33.000000000000007 1.5000000000000002 7.1000000000000005 8.9950000000000028 0.70000000000000007 6.7000000000000037
decision_type=2 2 2 2 2 2 2 2 2 2 2 2 2 2 2 2 2 2 2 2 2 2 2 2 2 2 2 2 2 2 2 2 2 2 2 2 2 2 2 2 2 2 2 2
left_child=1 4 3 -3 5 7 9 8 12 10 18 15 13 -1 24 16 17 -11 19 20 22 -22 -7 -24 29 -16 27 28 -23 31 -31 35 33 -33 -35 41 -37 38 -38 -39 -40 43 -43 -15
right_child=-2 2 -4 -5 -6 6 -8 -9 -10 11 -12 -13 -14 14 25 -17 -18 -19 -20 -21 21 26 23 -25 -26 -27 -28 -29 -30 30 -32 32 -34 34 -36 36 37 39 40 -41 -42 42 -44 -45
leaf_value=-0.00028715159744024276 0.00096719444448932674 -0.0049727434675312706 0.0012748217795182158 0.00063101529330015181 0.00064734617680913269 -4.8223023768514394e-05 0.0014491975700313396 -0.00092324898070232436 -0.00028584496146350196 -0.00013423918426704051 0.00041541463475335732 -0.00026442877741323577 0.00023116113759125725 8.0542179137661033e-05 -0.0002313823093374429 0.00018745249395983086 -0.00018526705071689135 0.0002130466847588788 0.000189962204794089 0.00017335249239725892 -0.00038243530946783719 -8.7617064709775148e-05 7.892770488979295e-05 0.00031992386721196728 -0.00013343714977590701 -6.1550911515951157e-05 -7.9271846169168934e-05 -0.00014074342216345226 0.00040429910969440688 -0.00019362087489972854 2.0474828716770216e-05 0.00027639153252433367 -1.2313389095167319e-05 -7.2961983348553377e-05 0.00014279715693555771 0.00014750178939374606 -0.00012129659140303445 -2.0329582909500174e-05 0.00011463555612363945 0.0001710389046422621 -5.9615742610467061e-05 -0.00022346962699278566 -3.2735298459772905e-05 -1.7957456395299748e-05
leaf_weight=22 33 36 67.5 45 49.5 43 27.5 33 33 33.5 27.5 54 33 58 44 36 41.5 33 37.5 38 20 28 24 30.5 39 55 81 47 33 29 37 30 75 30 30 42 65 50.5 51 50.5 31 24 42 366
leaf_count=12 18 24 27 30 27 33 15 18 18 21 15 33 18 48 24 21 24 21 24 27 15 20 24 18 24 30 39 34 24 24 30 20 30 20 20 30 48 36 36 36 24 24 42 204
internal_value=-1.07136e-12 -1.51771e-05 -0.000434832 -0.00185954 1.67077e-05 3.21025e-07 8.20223e-05 -4.05296e-05 -1.69809e-05 2.01337e-05 6.08478e-05 -6.40703e-05 -9.61173e-06 -1.6397e-05 -1.12128e-05 1.10641e-05 -4.7732e-05 3.80982e-05 3.53227e-05 1.84896e-05 -7.10346e-07 -4.68712e-05 9.82395e-05 0.000213797 6.50112e-07 -0.000137032 -1.13617e-05 3.95709e-05 0.000178502 5.82262e-06 -7.35975e-05 1.13694e-05 5.73533e-05 0.000115409 3.49176e-05 1.64206e-06 3.42067e-05 1.50196e-05 -2.64351e-05 7.53547e-05 4.87601e-05 -1.76309e-05 -0.000102093 -4.48345e-06
internal_weight=2136 2103 148.5 81 1954.5 1905 635 1270 1237 607.5 409.5 198 1204 1171 1149 144 108 66.5 382 344.5 306.5 209 97.5 54.5 1050 99 189 108 61 1011 66 945 165 90 60 780 290 248 147 101 82 490 66 424
internal_count=1350 1332 81 54 1251 1224 408 816 798 393 273 120 780 762 750 87 66 42 258 234 207 132 75 42 696 54 117 78 44 672 54 618 90 60 40 528 210 180 108 72 60 318 66 252
is_linear=0
shrinkage=0.08


Tree=141
num_leaves=45
num_cat=0
split_feature=37 1 4 25 10 37 37 4 11 37 32 37 1 28 30 34 20 29 33 33 14 1 21 31 20 22 37 1 1 37 37 22 32 31 37 1 37 37 31 9 34 10 32 20
split_gain=0.00548869 0.0416108 0.0128228 0.00333482 0.00262493 0.000476586 0.000576159 0.000961916 0.000472362 0.00161722 0.000775826 0.000347078 0.00212478 0.000766338 0.000346132 0.000446025 0.00031111 0.000235178 0.000209763 0.000179398 0.000197823 0.000174926 0.000172702 0.000158683 0.000143766 0.000215384 0.000152857 0.000840183 0.000765964 0.000191981 0.000237414 0.000670408 0.000137968 0.000103202 0.000240102 0.000236776 0.000158009 0.000155383 0.000495979 0.000394874 0.000209355 0.00020815 0.000107415 0.00010188
threshold=17.545000000000005 17.775000000000002 17.955000000000002 8.7000000000000011 9.9450000000000021 17.355000000000004 16.985000000000003 17.355000000000004 9.5600000000000005 9.8250000000000011 1.3 11.575000000000001 17.775000000000002 55.699999999999996 19.000000000000004 72.000000000000014 13.900000000000002 32.100000000000001 26.000000000000004 11.4 7.8500000000000005 16.545000000000005 23.100000000000005 7.7000000000000011 19.300000000000004 67.200000000000017 5.2800000000000002 14.240000000000002 15.475000000000001 3.9500000000000006 3.0300000000000007 19.300000000000004 4.2000000000000011 6.9000000000000012 7.3050000000000006 16.165000000000003 9.4050000000000029 9.3250000000000011 3.9000000000000004 10.045000000000002 21.500000000000007 8.7350000000000012 0.70000000000000007 0.90000000000000013
decision_type=2 2 2 2 2 2 2 2 2 2 2 2 2 2 2 2 2 2 2 2 2 2 2 2 2 2 2 2 2 2 2 2 2 2 2 2 2 2 2 2 2 2 2 2
left_child=2 -2 4 -3 5 6 8 -8 11 10 -10 13 14 17 15 16 19 18 22 20 23 -22 24 32 25 26 27 29 -28 30 31 -1 -13 34 -30 36 -36 39 40 41 42 -37 -39 -35
right_child=1 3 -4 -5 -6 -7 7 -9 9 -11 -12 12 -14 -15 -16 -17 -18 -19 -20 -21 21 -23 -24 -25 -26 -27 28 -29 33 -31 -32 -33 -34 43 35 37 -38 38 -40 -41 -42 -43 -44 -45
leaf_value=0.00025307715485622695 0.003672048733126195 -0.001353651506125018 -0.0010100680218296655 -9.4771743924529466e-06 0.0006107982123390802 -0.00031381503321851296 -0.0001050077500708756 0.00063638723600888624 -0.0001806097425897384 -0.00056686408001423616 0.00026438505878710811 -2.1039091339899284e-05 0.00051667309785261755 -0.00024270779571749951 -0.00029563848424004393 0.00031243629140468936 -0.00030868652675833022 -0.00018081412596030185 0.00016928830395314704 -0.00018086283674670592 0.00035036855366169699 5.5011632573565075e-05 -0.00015749381928262897 -0.00021263100761210636 -0.00012406697564367806 0.00018261624885854697 -0.00047876280510709398 0.00055522157677582334 0.000219625267257661 0.00013281109459327398 -0.00025646746992909658 -0.00027427026721717858 0.00017479843723898134 1.8010947991300513e-05 5.765631230491581e-06 -0.00022256279213442689 -0.00019794301770161837 0.00019038380241428299 0.00031834405226012074 0.00012395770091450575 -9.2832812030489245e-05 2.712376285455234e-06 1.4087635092437267e-05 -6.9967088568740073e-05
leaf_weight=36 21 21 81 27 46.5 30 21 24 52.5 40.5 48 99 60 82.5 24 30 21 40.5 54 27 21 33 39 21 46.5 49.5 21 21 40.5 54 27 27 30 175.5 49.5 52.5 48 43.5 48 82.5 60 52.5 45 162
leaf_count=36 21 21 36 27 24 30 21 24 24 21 21 99 30 33 24 24 21 18 27 27 21 33 30 21 36 36 21 21 18 54 27 27 30 78 21 21 24 21 24 33 30 21 21 72
internal_value=-6.61308e-13 0.000701891 -2.34303e-05 -0.000597553 1.68102e-05 2.56918e-06 7.53987e-06 0.000290403 7.12928e-07 -0.000140068 3.19251e-05 1.22302e-05 8.13699e-05 -6.41077e-06 -3.98364e-06 2.08381e-05 -1.3876e-05 8.87904e-06 1.51023e-05 1.29249e-05 3.85733e-05 0.000169873 8.04929e-06 -8.69445e-06 1.37052e-05 1.95558e-05 1.18355e-05 8.24989e-05 -1.40632e-06 1.35601e-05 -5.79905e-05 2.70711e-05 2.45045e-05 1.02568e-05 3.25469e-05 1.68114e-05 -9.45217e-05 4.50796e-05 9.47897e-05 -7.01673e-06 2.25298e-05 -0.000109925 0.000100742 -2.42185e-05
internal_weight=2136 69 2067 48 1986 1939.5 1909.5 45 1864.5 141 100.5 1723.5 366 1357.5 306 282 252 1275 1234.5 231 204 54 1180.5 150 1141.5 1095 1045.5 165 880.5 144 90 63 129 859.5 522 481.5 97.5 384 196.5 187.5 148.5 105 88.5 337.5
internal_count=1350 69 1281 48 1245 1221 1191 45 1146 66 45 1080 330 750 300 276 252 717 699 231 204 54 672 150 642 606 570 165 405 144 90 63 129 384 234 216 45 171 96 75 72 42 42 150
is_linear=0
shrinkage=0.08


Tree=142
num_leaves=45
num_cat=0
split_feature=37 1 11 36 11 4 15 4 31 4 37 37 14 36 37 23 37 20 22 29 33 22 31 31 23 37 28 28 33 37 28 9 20 33 33 9 22 37 37 37 37 17 31 37
split_gain=0.00494419 0.0323266 0.0118121 0.00286974 0.113829 0.0928274 0.0107754 0.0080055 0.00278489 0.000956629 0.0004218 0.000353997 0.0016123 0.000756095 0.000311666 0.000285469 0.00041278 0.00131276 0.000768688 0.000754298 0.000829 0.000601497 0.000417481 0.000350621 0.00025317 0.000274362 0.00132379 0.000638004 0.000284707 0.000275693 0.00038693 0.000286208 0.00024063 0.000235146 0.000322683 0.000215395 0.00020082 0.000157863 0.000882747 0.000245545 0.000268995 0.000769196 0.000233617 0.000256713
threshold=17.630000000000006 17.820000000000004 9.9550000000000018 2.5000000000000004 9.8950000000000014 17.890000000000004 -0.065000000000001265 17.935000000000006 5.7000000000000002 17.400000000000002 16.895000000000003 16.625000000000004 7.6250000000000009 1.5000000000000002 16.295000000000005 5.4000000000000012 8.0350000000000019 11.500000000000002 57.000000000000007 3.9000000000000004 4.2000000000000011 15.100000000000001 10.300000000000002 0.50000000000000011 19.500000000000004 11.760384615384618 64.400000000000006 55.699999999999996 11.700000000000001 10.105000000000002 21.100000000000001 10.045000000000002 0.90000000000000013 7.1000000000000005 0.50000000000000011 10.065000000000003 67.200000000000017 2.2750000000000004 2.3250000000000006 3.0300000000000007 4.3200000000000012 3.0000000000000004 10.500000000000002 7.4800000000000013
decision_type=2 2 2 2 2 2 2 2 2 2 2 2 2 2 2 2 2 2 2 2 2 2 2 2 2 2 2 2 2 2 2 2 2 2 2 2 2 2 2 2 2 2 2 2
left_child=2 -2 3 4 7 6 -5 11 -3 10 14 24 -13 -14 15 16 17 19 22 20 21 -8 23 -18 25 27 28 29 35 31 -31 37 -33 34 -25 36 -27 -1 -39 -40 41 -41 -42 -44
right_child=1 8 -4 5 -6 -7 9 -9 -10 -11 -12 12 13 -15 -16 -17 18 -19 -20 -21 -22 -23 -24 33 -26 26 -28 -29 -30 30 -32 32 -34 -35 -36 -37 -38 38 39 40 42 -43 43 -45
leaf_value=0.00049096582923084501 0.0032609791095767706 -0.0012346541322767735 -0.001099872850177307 0.0025687564367597756 0.0042836395737249405 -0.0043621062191705855 0.00016985465650973114 -0.0012254993461020705 6.8210453859397343e-05 0.00030913179311411158 -0.00032899524500269603 0.0002196049497818903 -0.0008775169956497849 -0.00018188714800635353 0.00030898463812342888 0.00021157713721931719 -0.00016648798663583067 0.00055036926154224651 -0.00044368577611749062 -0.00020882263831380343 0.00042189260714917218 -0.00033428725739078664 -0.00024514813771408595 0.00020777723056455261 -0.00021401037850106758 5.8463645885543277e-05 0.00070321566890925175 -0.00027402454553621596 0.00024511848110705616 -0.00030174503251063553 4.2041862499900161e-05 0.00020422320812940598 1.099933143250826e-05 0.00026007584185878697 -8.5025830222071992e-05 -0.00023416773505652183 -0.00021637569111771881 -0.0011978748068213463 0.00020343831201042871 -0.00052178850378065058 -2.8103405799171282e-05 0.00010627168208324851 0.00023890106356702745 -4.4116892968304453e-06
leaf_weight=3.9999999999999991 21 21 63 10.999999999999998 40 31.5 34.5 36 21 76 23 34 20 20 23 40.5 45 31.5 32 72 38.5 27 44.5 39 36 114 20 58 30 44 40 83 82 38 63 26 20 3.9999999999999991 34 24 432 26 49 64
leaf_count=4 21 21 33 6 20 14 27 16 21 36 23 34 20 20 23 18 31 23 25 36 25 24 26 24 16 114 10 24 26 22 20 36 34 21 36 22 20 4 34 24 232 26 28 30
internal_value=-4.84614e-12 0.000698178 -2.12182e-05 1.25904e-05 8.01829e-05 -0.000122594 8.65592e-05 -4.91543e-05 -0.000583222 4.30466e-05 6.37842e-06 -1.56508e-05 -0.000185426 -0.000529702 2.09737e-05 7.86932e-06 -9.87297e-06 7.557e-05 -7.63649e-05 -1.13845e-05 0.000130771 -5.14759e-05 -2.51481e-05 2.77709e-05 -5.09332e-06 1.42403e-06 8.41279e-05 -1.69741e-05 1.89607e-05 -1.46836e-07 -0.000138037 1.42955e-05 0.000108197 9.02112e-05 2.69283e-05 -2.34439e-05 1.74428e-05 -1.00274e-05 -1.31932e-05 -5.6595e-06 -1.76079e-05 -0.000195197 -1.31535e-06 0.000101096
internal_weight=2136 63 2073 2010 1340 670 638.5 1300 42 627.5 551.5 1264 74 40 528.5 505.5 465 203.5 261.5 172 100 61.5 229.5 185 1190 1154 210 944 190 886 84 802 165 140 102 160 134 637 633 629 595 50 545 113
internal_count=1350 63 1287 1254 836 418 404 816 42 398 362 800 74 40 339 316 298 135 163 112 76 51 138 112 726 710 192 518 182 494 42 452 70 81 60 156 134 382 378 374 340 50 290 58
is_linear=0
shrinkage=0.08


Tree=143
num_leaves=45
num_cat=0
split_feature=37 10 10 37 37 0 3 15 11 11 0 16 26 15 10 13 33 29 8 16 11 10 22 21 31 37 33 37 15 37 18 10 37 10 37 10 37 18 37 33 31 25 31 21
split_gain=0.00494046 0.107692 0.078641 0.0109562 0.00516905 0.00538397 0.00330603 0.00178722 0.000937374 0.000766634 0.000732285 0.00448541 0.00058757 0.000571984 0.000229933 0.000208331 0.000227512 0.000719047 0.000379336 0.000249002 0.000404651 0.000204433 0.000163335 0.000145113 0.000154459 0.000268629 0.000647425 0.00018236 0.00142157 0.00107694 0.00115614 0.000742816 0.000204749 0.000353472 0.000183803 0.000441719 0.000172135 0.000202415 0.00040931 0.000186291 0.000147155 0.000108222 9.97527e-05 9.21026e-05
threshold=11.703076923076924 9.9550000000000018 9.9550000000000018 11.911538461538465 17.475000000000005 17.845000000000002 17.955000000000002 -0.15000000000000033 9.7050000000000018 9.5150000000000023 17.795000000000005 6.0453846153846165 10.400000000000002 -0.11500000000000109 9.0900000000000016 8.7400000000000002 6.3000000000000016 12.100000000000001 9.9200000000000017 6.1500000000000012 7.4800000000000013 9.5600000000000005 48.300000000000004 23.100000000000005 6.9000000000000012 9.9350000000000005 7.1000000000000005 5.0400000000000009 2.1950000000000003 5.8000000000000007 2.3000000000000003 5.3400000000000007 7.3050000000000006 7.3050000000000006 7.6650000000000009 7.6750000000000007 3.9500000000000006 4.7000000000000002 2.8300000000000005 0.70000000000000007 8.4000000000000004 4.1000000000000005 6.9000000000000012 1.3
decision_type=2 2 2 2 2 2 2 2 2 2 2 2 2 2 2 2 2 2 2 2 2 2 2 2 2 2 2 2 2 2 2 2 2 2 2 2 2 2 2 2 2 2 2 2
left_child=2 3 6 -2 8 -6 7 -1 9 12 11 -9 14 -13 15 16 19 18 -18 -5 22 23 43 24 27 40 -27 28 36 30 -29 -31 -33 -34 -35 -36 37 38 -15 -40 -26 -42 -24 -21
right_child=1 -3 -4 4 5 -7 -8 10 -10 -11 -12 13 -14 21 -16 -17 17 -19 -20 20 -22 -23 42 -25 25 26 -28 29 -30 31 -32 32 33 34 35 -37 -38 -39 39 -41 41 -43 -44 -45
leaf_value=0.0009156505539323445 0.0013787735263920493 -0.0054469837434589861 0.0034876747052406984 0.00014213793045387437 -0.001517336466504882 -6.6222862418120103e-05 -0.00069662344911032255 0.0019545041720072428 0.00055565794198108578 -0.00046316652414610699 -0.000266429687263789 -0.00052535246367807747 0.00035601212233869419 0.00030839798395477592 0.00024233751914531847 -0.0002151471706783923 0.00012923253278824547 0.00048720704081157843 -0.00025511117669305318 9.3111529120640772e-05 -0.00041077696759852448 -0.00012542735831237134 -0.00028828836841663969 -0.00014645559904284967 -0.00010773806098273129 3.7088820503817668e-05 -0.00038170360948979148 4.0741877053819952e-05 0.0006748147976274292 0.00050719440959039186 -0.00079872002913838338 0.00018184601911343633 -0.00019790261125308462 -0.00012530713155865669 0.00026995712091600657 1.7239390844601599e-05 0.0001580132546333709 -0.00025454141218991328 5.4676158885870663e-05 -0.00027159398576865598 5.2730205062623578e-05 -6.8923079639545871e-05 -5.5810666677576523e-05 -5.919150256280166e-05
leaf_weight=13.499999999999998 36 24 42 39 30 36 45 7.4999999999999991 21 21 67.5 13.499999999999998 33 21 24 30 42 24 27 54 21 81 21 39 61.5 54 42 21 24 21 21 48 48 45 49.5 418.5 33 24 21 24 234 58.5 27 48
leaf_count=6 18 18 18 36 30 36 18 3 21 15 27 6 18 21 21 27 42 24 27 54 21 36 21 30 30 27 21 21 24 18 21 21 24 18 24 186 33 24 21 24 120 24 27 48
internal_value=-1.62842e-12 -0.000204602 7.23497e-05 3.10109e-05 -6.64177e-05 -0.00072582 -2.10381e-05 -6.48219e-07 3.43243e-05 7.68679e-06 -9.02049e-06 3.30229e-06 3.30404e-05 -7.13195e-06 3.18591e-06 -1.40502e-05 5.86034e-06 0.000110029 -2.11628e-05 -4.02717e-05 -8.18739e-05 -2.09525e-06 -3.58274e-05 5.54229e-06 1.02136e-05 -2.74395e-05 -0.000146133 3.09022e-05 0.000111614 1.32464e-05 -0.000378989 3.93954e-05 2.32644e-05 9.69593e-06 2.91204e-05 4.39692e-05 1.7215e-06 -5.55855e-05 1.67621e-05 -0.000119335 4.74852e-06 2.83995e-05 -0.00015752 2.14395e-05
internal_weight=2136 558 1578 534 498 66 1536 1491 432 411 1477.5 1410 390 1402.5 357 333 303 93 69 210 171 1389 150 1308 1269 450 96 819 147 672 42 630 609 561 513 468 123 90 66 45 354 292.5 48 102
internal_count=1350 504 846 486 468 66 828 810 402 381 804 777 366 774 348 327 300 93 69 207 171 768 150 732 702 222 48 480 147 333 42 291 273 252 228 210 123 90 66 45 174 144 48 102
is_linear=0
shrinkage=0.08


Tree=144
num_leaves=45
num_cat=0
split_feature=27 4 35 10 36 11 10 27 27 0 0 29 13 24 35 4 29 22 29 22 22 30 30 35 35 32 20 22 36 29 20 36 22 35 33 31 0 32 36 29 31 35 4 32
split_gain=0.00419757 0.00300517 0.074652 0.00192332 0.00101399 0.0061401 0.00540524 0.000575382 0.000377478 0.000237359 0.000313905 0.000185611 0.000413897 0.000221072 0.000166095 0.000159459 0.000133803 0.000132153 0.000122909 0.000116644 0.000106312 0.000398158 0.000133841 0.00045484 0.00011723 9.60669e-05 9.41491e-05 9.12481e-05 8.22704e-05 5.48132e-05 7.55757e-05 0.000149939 0.000256261 0.00024056 0.000311973 0.000163356 0.0001288 6.26872e-05 8.75249e-05 7.11698e-05 8.83995e-05 9.17883e-05 0.00026639 0.000292395
threshold=22.700000000000006 17.955000000000002 1.5000000000000002 9.9450000000000021 2.5000000000000004 9.7700000000000014 9.8250000000000011 11.400000000000002 10.400000000000002 17.890000000000004 17.430000000000003 8.1000000000000014 3.6000000000000005 5.4000000000000012 1.5000000000000002 17.400000000000002 5.1000000000000005 57.000000000000007 3.5000000000000004 11.100000000000001 17.300000000000004 3.3000000000000003 0.70000000000000007 1.5000000000000002 1.5000000000000002 26.500000000000004 1.1000000000000003 5.4000000000000012 1.5000000000000002 1.3 11.500000000000002 1.5000000000000002 11.300000000000002 1.0000000180025095e-35 1.3 0.50000000000000011 14.310000000000002 0.50000000000000011 1.5000000000000002 5.1000000000000005 1.9000000000000001 1.0000000180025095e-35 16.185000000000006 4.6000000000000005
decision_type=2 2 2 2 2 2 2 2 2 2 2 2 2 2 2 2 2 2 2 2 2 2 2 2 2 2 2 2 2 2 2 2 2 2 2 2 2 2 2 2 2 2 2 2
left_child=1 3 -3 4 6 7 8 11 9 10 15 16 -13 19 -12 25 17 18 20 27 22 -22 23 -6 -24 29 -18 -14 -10 30 31 33 35 -1 -35 -33 -34 38 -31 40 -39 -42 43 -43
right_child=-2 2 -4 -5 5 -7 -8 -9 28 -11 14 12 13 -15 -16 -17 26 -19 -20 -21 21 -23 24 -25 -26 -27 -28 -29 -30 37 -32 32 36 34 -36 -37 -38 39 -40 -41 41 42 -44 -45
leaf_value=0.00011290861566417983 0.00089526336301456804 -0.0026841290778376993 0.0021488587041695916 0.00049779991252404271 -2.840679793411659e-05 0.0012441641850904986 -0.0010585885105485265 0.0003481139074728796 -0.00027604095674083604 0.00020094992868094285 -0.00024749703567337106 -0.00046322941624869904 4.3729194110692148e-05 -0.00018111433717422188 -3.9392190261019597e-05 -0.00017714673582690233 3.3539640535781911e-05 0.00015434655543366396 -0.0001292992479284294 0.00012965222288455284 -0.00023112458415420318 0.00013624093882390299 6.8785967043962106e-05 0.00037577822145421879 -0.00011643235282854566 -0.00012169867568912034 0.00020352115875089561 -0.00012048483895010908 -0.00011065586070929255 0.0001741709197560946 -0.00014488768833087245 5.5417467989883887e-05 4.3159851295597577e-05 1.8710484146140515e-05 -0.00026098887585616166 -0.0001796192683300365 0.00027797240054985481 -6.7339521498443225e-05 1.326623031248649e-06 -1.1912791862188915e-05 -3.9032468207138169e-05 0.00035396563928001204 -2.6106690056622031e-06 4.215104376750165e-05
leaf_weight=35 33 45 37.5 49.5 45 27.5 33 33 38.5 33 54 14.999999999999998 49.5 44 45 33 38.5 37 44 45.5 41 35 49 29.5 39.5 39 45.5 38.5 38.5 37.5 29 43.5 27 48 54.5 33.5 33.5 39 37.5 371 44 39 90 38
leaf_count=35 18 30 15 27 38 15 18 18 21 18 36 15 27 24 18 18 21 30 24 30 36 24 34 19 17 24 27 21 21 24 24 36 27 38 32 21 21 24 24 228 44 24 40 24
internal_value=8.2189e-12 -1.40483e-05 -0.000487316 5.27589e-06 -7.09344e-06 7.40547e-05 -4.76675e-05 2.2938e-05 -2.16251e-05 -1.06428e-05 -1.66057e-05 4.94835e-06 -5.97006e-05 -2.55996e-05 -0.000152904 -4.01841e-06 3.57526e-05 1.21643e-05 -6.42493e-06 2.56562e-05 1.61963e-05 -6.19431e-05 5.26294e-05 0.00013164 -1.38821e-05 1.48037e-06 0.000125613 -2.81144e-05 -0.000193348 6.28436e-06 -2.20557e-05 -9.10248e-06 4.99695e-05 -6.81745e-05 -0.000130008 -4.68388e-05 0.00017318 1.86628e-05 8.77488e-05 1.0319e-05 4.33111e-05 6.37631e-05 9.08469e-05 0.000200083
internal_weight=2136 2103 82.5 2020.5 1971 657 1314 629.5 1281 1204 1171 596.5 192.5 177.5 99 1072 404 320 283 133.5 239 76 163 74.5 88.5 1039 84 88 77 1000 304 275 137.5 137.5 102.5 77 60.5 696 75 621 250 211 167 77
internal_count=1350 1332 45 1287 1260 420 840 405 822 780 762 387 117 102 54 708 270 222 192 78 168 60 108 57 51 690 48 48 42 666 234 210 105 105 70 57 48 432 48 384 156 132 88 48
is_linear=0
shrinkage=0.08


Tree=145
num_leaves=45
num_cat=0
split_feature=37 31 10 0 37 4 4 4 4 23 9 16 30 34 10 8 19 10 20 20 34 21 29 19 37 37 20 0 33 37 17 35 34 32 37 4 37 2 4 37 32 37 20 19
split_gain=0.00671998 0.0422378 0.0209079 0.00301105 0.00165442 0.0115088 0.00553482 0.000926523 0.000835359 0.000750856 0.000531122 0.000379343 0.000240911 0.000512931 0.000204539 0.000146146 0.000241009 0.000243627 0.000186231 0.00014113 0.000371275 0.000131407 0.000490559 0.000304472 0.000175074 0.000247414 0.00123189 0.000444977 0.000138346 0.00017602 0.000307358 0.000319113 0.000132117 0.000127784 0.000114888 0.000167722 0.000236224 0.000130621 0.000121064 0.000107482 0.000103389 8.83032e-05 7.99971e-05 0.000115153
threshold=17.475000000000005 2.5000000000000004 9.9550000000000018 17.860000000000003 11.802307692307695 17.935000000000006 17.935000000000006 17.400000000000002 17.820000000000004 10.400000000000002 11.410000000000002 6.0453846153846165 19.000000000000004 71.100000000000023 9.5600000000000005 10.065000000000003 4.2000000000000011 7.8800000000000008 13.900000000000002 2.3000000000000003 39.70000000000001 13.900000000000002 4.6000000000000005 19.300000000000004 2.5300000000000007 6.9350000000000014 10.000000000000002 15.880000000000001 5.9000000000000012 5.2800000000000002 2.5000000000000004 1.5000000000000002 2.9000000000000021 0.3000000000000001 7.3250000000000011 16.155000000000005 7.8650000000000011 16.165000000000003 16.295000000000005 7.4800000000000013 3.5000000000000004 9.8850000000000033 4.2000000000000011 2.3000000000000003
decision_type=2 2 2 2 2 2 2 2 2 2 2 2 2 2 2 2 2 2 2 2 2 2 2 2 2 2 2 2 2 2 2 2 2 2 2 2 2 2 2 2 2 2 2 2
left_child=2 -2 4 -3 6 7 8 12 10 -9 11 -1 13 15 21 18 17 -17 19 20 33 23 -23 24 -13 26 28 -27 29 30 31 -26 -33 -6 -29 36 -36 -37 41 -40 -21 -39 43 -41
right_child=1 3 -4 -5 5 -7 -8 9 -10 -11 -12 14 -14 -15 -16 16 -18 -19 -20 40 -22 22 -24 -25 25 27 -28 34 -30 -31 -32 32 -34 -35 35 37 -38 38 39 42 -42 -43 -44 -45
leaf_value=0.00042422857170027714 0.0037959205440156875 -0.00089695999342383757 -0.0015809938021832043 0.00028070966674325368 -0.00010028220128906132 0.00185329454485327 -0.00091484529876160894 0.00048412628444459514 0.00034597374027830433 -2.026218796769778e-05 -0.00020325085409639174 0.00027578593914707501 -0.00024749501768383197 0.00039757287203212311 -0.00015451939034931086 0.00037283732478196423 -0.00012950152491352388 -2.7828738980350042e-07 -0.00026771110238596089 -4.3010524241253737e-05 -0.00037891523025575138 0.00011462339484650229 -0.00023871611607702154 0.00022736845550595862 0.00014143432129868399 0.00029405474352339907 -0.00056677988716074385 0.00013185872220330768 -0.00016285985753168922 -0.00014463227428495885 0.00030995102116355191 -2.2627490495021144e-05 -0.0002973915601892042 7.1451761397296209e-05 4.027436875427763e-05 -8.9658011371890694e-05 -0.00016999666882186847 4.6652565207118277e-05 -9.886169967787628e-05 2.0182961462633617e-05 0.00013406164226848085 0.00018181776974718862 -5.8628564079602562e-05 0.00015608037149326669
leaf_weight=13.499999999999998 21 33 54 24 54 24 43.5 51 43.5 30 85.5 14.999999999999998 24 21 54 24 21 21 21 36 21 45 57 40.5 51 36 28.5 45 28.5 30 27 24 21 57 60 67.5 79.5 87 52.5 352.5 51 48 67.5 45
leaf_count=6 21 33 24 24 54 12 18 36 18 15 36 15 24 21 24 24 21 21 21 36 21 36 36 30 51 21 24 18 24 21 27 24 21 57 24 30 39 36 21 159 51 24 30 21
internal_value=8.05027e-12 0.000728868 -2.76247e-05 -0.000401099 1.42325e-05 0.000148159 -2.52188e-05 5.34296e-05 5.03245e-07 0.000297316 -9.78284e-06 2.24298e-06 -2.85187e-06 1.51036e-05 -1.93969e-06 -1.11443e-05 9.42836e-05 0.000198717 -4.0137e-05 -1.83148e-05 -7.04523e-05 4.35947e-06 -8.2831e-05 1.17338e-05 4.24069e-06 7.00338e-07 -7.78103e-05 1.82306e-05 -1.02991e-06 2.91149e-05 7.14922e-05 4.42571e-06 -0.000150851 -1.20945e-05 7.25254e-06 7.28657e-07 -7.95575e-05 1.62841e-05 2.72436e-05 9.64337e-06 6.07904e-05 9.47113e-05 2.18939e-05 3.55676e-05
internal_weight=2136 78 2058 57 2004 456 1548 432 1504.5 81 1461 1375.5 351 327 1362 306 66 45 240 219 132 1308 102 1206 1165.5 1150.5 210 940.5 181.5 153 123 96 45 111 904.5 859.5 139.5 720 652.5 517.5 87 135 465 397.5
internal_count=1350 78 1272 57 1248 414 834 402 816 51 798 762 351 327 756 306 66 45 240 219 132 732 72 660 630 615 192 423 168 144 123 96 45 111 402 384 63 321 291 231 87 60 210 180
is_linear=0
shrinkage=0.08


Tree=146
num_leaves=45
num_cat=0
split_feature=37 34 10 0 37 10 4 15 30 4 36 15 4 37 31 24 37 32 37 17 35 37 15 23 34 36 34 31 17 1 2 19 31 18 31 8 37 16 4 7 37 37 37 37
split_gain=0.00568779 0.0389078 0.0176965 0.00152505 0.0014003 0.0100607 0.00468468 0.00127655 0.000659491 0.000826666 0.000574098 0.00504512 0.00223267 0.00144822 0.000440243 0.000766594 0.000592125 0.000765266 0.00137263 0.00193145 0.000437027 0.000314805 0.000361207 0.000279317 0.000249865 0.000316991 0.000785658 0.000714843 0.000500915 0.0004712 0.000442371 0.000360813 0.000238038 0.000223686 0.000198101 0.000178524 0.000256282 0.000174183 0.000162315 0.000159066 0.000157745 0.000194764 0.000654606 0.000244633
threshold=17.475000000000005 35.100000000000009 9.9550000000000018 17.820000000000004 11.802307692307695 9.7700000000000014 17.935000000000006 -0.15000000000000033 23.000000000000004 17.400000000000002 2.5000000000000004 -0.065000000000001265 17.650000000000002 10.115 12.300000000000002 1.6000000000000003 9.5600000000000005 7.7000000000000011 6.9350000000000014 7.6000000000000005 1.5000000000000002 10.105000000000002 3.1650000000000005 7.5000000000000009 72.000000000000014 1.5000000000000002 53.900000000000013 4.6000000000000005 1.9000000000000001 16.165000000000003 16.185000000000006 3.7000000000000006 7.3000000000000016 0.90000000000000013 1.7000000000000004 9.9950000000000028 8.0350000000000019 8.9800000000000022 16.550000000000004 9.9550000000000018 2.3250000000000006 3.0300000000000007 3.1100000000000008 3.7450000000000006
decision_type=2 2 2 2 2 2 2 2 2 2 2 2 2 2 2 2 2 2 2 2 2 2 2 2 2 2 2 2 2 2 2 2 2 2 2 2 2 2 2 2 2 2 2 2
left_child=2 -2 4 -3 6 8 7 -1 9 24 12 -12 21 14 15 16 17 18 19 20 -13 23 -23 35 25 28 27 30 29 -6 33 -30 -29 37 -32 39 -37 -27 -18 40 -9 -42 -43 -44
right_child=1 3 -4 -5 5 -7 -8 10 -10 -11 11 13 -14 -15 -16 -17 38 -19 -20 -21 -22 22 -24 -25 -26 26 -28 32 31 -31 34 -33 -34 -35 -36 36 -38 -39 -40 -41 41 42 43 -45
leaf_value=0.00077489658914230489 0.0036142275650941193 -0.00095574865827248207 -0.0014545147838415924 -9.7903027457909455e-05 -0.00031630812007933857 0.0014816550724208355 -0.00084165800748200255 -0.00034973775153048338 -0.00035120122962527803 0.00033096116300051408 0.0019405339658260345 -0.00010926339766010642 -0.00052330197674093834 0.00045623819462691797 -0.00019641159658527211 0.0002855197445322306 -0.00031962552596814927 -0.00022158632854456611 0.00033925029959050971 -0.00076513324279424758 0.00035092196610224039 -0.0002608969960783725 4.5556482393294569e-05 -0.0002016590677667409 0.00027577810395520091 0.00029262514851870945 -0.00047761215917909377 0.00040440692852895989 0.00053312605670229952 0.00014722967714988043 -0.00014455196351627819 9.2922299383924568e-05 7.8520895367546476e-05 -0.00013934027700174956 -0.00049243365964767613 1.4975491338051282e-05 0.0002066460653783425 -3.3580648014321924e-05 -0.00010741970719718332 -0.00018040506955003367 0.00019356150725370218 -0.000722143123857677 0.00028142020187806336 -4.0001571613810651e-06
leaf_weight=13.499999999999998 21 21 54 36 25 33 43.5 7.9999999999999991 27 60 8.9999999999999982 25 58 46 72 58.5 40 53 89.5 21.5 28 64 40 40 21 20 26 26 22 32 20 26 32 42 22 130 68 22 54.5 32 34 7.9999999999999991 20 492
leaf_count=6 21 21 24 36 25 24 18 8 21 33 4 25 24 23 35 24 20 29 39 17 28 32 20 16 21 20 26 26 22 32 20 26 32 42 22 52 32 22 26 14 34 8 20 280
internal_value=-1.27103e-11 0.000670558 -2.54148e-05 -0.000413951 1.30939e-05 0.000136307 -2.32013e-05 4.62986e-07 3.13503e-05 5.74333e-05 -6.54899e-06 6.36546e-05 -4.16508e-05 2.904e-05 -1.54195e-05 1.98005e-05 -3.01018e-05 4.26852e-05 0.00012809 -0.000125586 0.000133853 -1.18049e-05 -0.00014303 4.59831e-06 8.58908e-06 -9.22352e-06 -6.59705e-05 -7.80377e-06 0.00010427 -5.60764e-05 -0.000114787 0.000294682 0.000224608 -8.79242e-06 -0.000326776 1.50153e-05 8.08017e-05 0.000121755 -0.000197242 -6.91345e-06 2.96507e-06 8.05825e-06 -4.0708e-06 7.14908e-06
internal_weight=2136 78 2058 57 2004 456 1548 1504.5 423 396 1491 497 994 488 442 370 311.5 217 164 74.5 53 936 104 832 336 315 210 184 105 57 126 48 58 84 42 792 198 42 94.5 594 562 554 520 512
internal_count=1350 78 1272 57 1248 414 834 816 390 369 810 270 540 266 243 208 184 138 109 70 53 516 52 464 336 315 210 184 105 57 126 48 58 84 42 448 84 42 46 364 350 342 308 300
is_linear=0
shrinkage=0.08


Tree=147
num_leaves=45
num_cat=0
split_feature=37 28 11 36 27 11 15 1 4 0 5 4 35 36 11 32 37 25 37 31 19 37 30 15 37 1 37 37 22 15 22 0 22 35 32 27 5 37 7 37 15 4 37 21
split_gain=0.00481415 0.0343714 0.0169883 0.00294088 0.0985589 0.0769838 0.00974641 0.00648305 0.00596129 0.00377675 0.00143617 0.000527836 0.0020509 0.00165379 0.000445604 0.000340278 0.000356592 0.000242711 0.000417803 0.00117346 0.000622927 0.000409458 0.000281987 0.000801411 0.000673848 0.000517284 0.000335791 0.000202173 0.00463478 0.0021596 0.00161527 0.00037485 0.000380106 0.000212456 0.000171063 0.00015651 0.000140629 0.000479356 0.000337986 0.000280561 0.000463458 0.000362161 0.000234525 0.00105693
threshold=17.475000000000005 36.700000000000003 9.9550000000000018 1.5000000000000002 13.000000000000002 9.8950000000000014 -0.065000000000001265 17.875000000000004 17.890000000000004 17.650000000000002 11.868846153846155 17.400000000000002 1.5000000000000002 2.5000000000000004 9.6300000000000008 19.000000000000004 16.495000000000001 5.4000000000000012 10.105000000000002 8.1000000000000014 2.3000000000000003 9.7950000000000017 1.0000000000000002 2.1500000000000008 5.3900000000000015 15.475000000000001 8.1850000000000023 5.3900000000000015 65.700000000000017 2.1715384615384621 72.800000000000011 13.955000000000002 15.100000000000001 1.5000000000000002 0.70000000000000007 6.2000000000000011 9.8750000000000018 7.4050000000000011 9.9550000000000018 14.200000000000001 2.6050000000000004 16.590000000000003 10.105000000000002 0.50000000000000011
decision_type=2 2 2 2 2 2 2 2 2 2 2 2 2 2 2 2 2 2 2 2 2 2 2 2 2 2 2 2 2 2 2 2 2 2 2 2 2 2 2 2 2 2 2 2
left_child=2 -2 3 4 6 8 -1 9 11 14 -3 27 13 -13 15 16 17 18 21 20 -20 22 23 34 -24 -26 -27 28 29 31 35 32 -5 -34 -8 36 39 -38 -39 -29 41 -41 -40 -44
right_child=1 10 -4 5 -6 -7 7 -9 -10 -11 -12 12 -14 -15 -16 -17 -18 -19 19 -21 -22 -23 24 -25 25 26 -28 30 -30 -31 -32 -33 33 -35 -36 -37 37 38 42 40 -42 -43 43 -45
leaf_value=-0.0024280988086353649 0.0033836566251037375 -0.0009281838206308228 -0.0013852286854301365 0.00031700682872906323 0.0044494094907377773 -0.0035097649674862624 0.00019156968386303033 -0.001144197676330805 0.0009583062141512831 0.00088598621213653432 -9.5712859054199528e-05 8.7149305521355328e-05 -0.00011797596345422791 0.00085397086170915933 -0.00032830389792268928 -0.00022247669612988831 0.00027012604923049152 0.00021592992638784741 -0.00021438621114888836 -0.00070513749495148658 0.00023346963199167347 0.00026298476083736334 0.00044749524560756983 -0.00042124013349946054 -0.00034952804227941672 0.00015908988813559215 -8.8284193057446721e-05 3.2279945981199998e-07 -0.0012142938645556571 0.00078018468998682989 0.00049980984823334786 -0.00034376057684615567 7.0206490296792869e-05 -0.0002664088131374835 -8.2524020563472404e-05 -0.00015474618820007891 -0.00023476542346179485 0.00019255689637632007 -3.5365327965559032e-05 -0.00042447174102754184 0.0001776639630988939 -5.2643044599487139e-05 0.00047059354812113778 -3.9171625703989348e-05
leaf_weight=10.999999999999998 21 21 57 20 32.5 40 31 31.5 45 31.5 36 36 80 36 27.5 40 34 31.5 46 20 35 42 24 35 24 81 62 322 20 24 42 24 24 24 27.5 44 40 90 205 38 20 30 36 94
leaf_count=6 21 21 27 20 15 20 26 14 20 14 36 20 32 20 15 24 34 14 38 17 32 21 24 20 20 33 28 184 20 24 36 24 24 24 20 24 16 52 88 38 20 30 26 68
internal_value=-5.61422e-12 0.000616914 -2.33816e-05 1.54117e-05 0.000152569 -5.31671e-05 -6.7521e-05 -2.58749e-05 5.36829e-05 3.36304e-05 -0.000402413 2.10904e-05 0.000160804 0.00047056 -1.42718e-05 1.9306e-06 2.01381e-05 1.62046e-06 -1.41708e-05 -0.000156367 -2.08683e-05 2.98165e-05 -4.60556e-06 -0.00011844 5.11198e-05 -5.84438e-06 5.18368e-05 1.73164e-06 -8.95619e-05 0.000104357 1.46514e-05 -7.19454e-05 2.39894e-05 -9.81012e-05 6.27222e-05 -7.5212e-06 -1.17886e-07 2.99975e-05 5.49164e-05 -3.42732e-05 -0.000160863 -0.00026043 1.79383e-05 0.000101994
internal_weight=2136 78 2058 2001 667 1334 634.5 623.5 1294 592 57 1249 152 72 560.5 533 493 459 427.5 101 81 326.5 284.5 93.5 191 167 143 1097 136 116 961 92 68 48 58.5 919 875 465 425 410 88 68 335 130
internal_count=1350 78 1272 1245 415 830 400 394 810 380 57 790 72 40 366 351 327 293 279 87 70 192 171 66 105 81 61 718 136 116 582 92 68 48 46 546 522 250 234 272 88 68 182 94
is_linear=0
shrinkage=0.08


Tree=148
num_leaves=45
num_cat=0
split_feature=37 10 10 36 4 31 10 3 10 10 37 37 31 27 2 34 33 4 32 16 4 2 32 2 15 21 19 37 15 37 30 2 18 19 21 37 31 30 32 21 37 17 34 36
split_gain=0.00527571 0.0970263 0.0783711 0.0076266 0.0842024 0.083482 0.0200614 0.00333249 0.00199985 0.00198614 0.00156204 0.00130313 0.00121159 0.00074509 0.000508172 0.000658947 0.000473481 0.000260529 0.000237179 0.000436359 0.0001887 0.000203806 0.000245532 0.000155781 0.000142249 0.000117388 0.000149343 0.00012033 0.00170201 0.000520013 0.00104335 0.000472942 0.000460742 0.000257653 0.000146156 0.000191112 0.000425345 0.000124928 0.00023309 0.000233791 0.00012205 0.000201433 9.17237e-05 0.000385411
threshold=11.470000000000001 9.9550000000000018 9.9550000000000018 2.5000000000000004 17.965000000000003 0.70000000000000007 9.5600000000000005 17.955000000000002 9.8550000000000022 9.6700000000000017 17.430000000000003 17.220000000000002 15.100000000000001 10.400000000000002 17.775000000000002 72.800000000000026 3.5000000000000004 17.475000000000005 8.1000000000000014 6.7150000000000025 16.985000000000003 15.825000000000001 3.1000000000000005 14.110000000000001 2.2350000000000008 23.100000000000005 19.300000000000004 5.0400000000000009 2.2350000000000008 7.0900000000000007 1.5000000000000002 14.055000000000001 11.800000000000002 5.6000000000000005 7.6000000000000005 2.7650000000000001 0.70000000000000007 7.3000000000000016 12.100000000000001 3.0000000000000004 10.115 3.7000000000000006 53.900000000000013 1.5000000000000002
decision_type=2 2 2 2 2 2 2 2 2 2 2 2 2 2 2 2 2 2 2 2 2 2 2 2 2 2 2 2 2 2 2 2 2 2 2 2 2 2 2 2 2 2 2 2
left_child=2 3 7 4 9 -5 11 8 13 10 14 12 16 17 15 18 -7 25 20 -20 21 22 23 -2 -23 26 27 28 31 30 -29 34 37 -32 35 -1 -37 38 -31 -40 41 42 -39 -44
right_child=1 -3 -4 5 -6 6 -8 -9 -10 -11 -12 -13 -14 -15 -16 -17 -18 -19 19 -21 -22 24 -24 -25 -26 -27 -28 29 -30 32 33 -33 -34 -35 -36 36 -38 40 39 -41 -42 -43 43 -45
leaf_value=0.00026875363100164882 -7.4553360693818444e-05 -0.0051860796784361212 0.0034856809558169474 -0.0038106110634760475 0.0048010679698199969 0.00025945719111607305 0.0027268650595630916 -0.00069586576852533554 0.00051091628304372229 -0.00080038726252193264 -0.00055916032452574542 -0.00040226264654969173 0.00072313597298819909 -0.0003401011344173859 0.00029528703419297623 -0.00034296121642303967 -0.00014045693929074334 -0.00014581565613834522 -4.8063798458315433e-05 0.00044519375422334467 -0.00020669358955014366 2.3243235955305862e-05 -0.00027513992584620914 0.00018578935957824189 0.00027516552177705587 -0.00013196893275166168 0.00014515527942678843 -0.00053601339542091 0.00073920964152507851 4.3141211591157042e-07 -0.00014967001136392355 -0.00038343704882122222 0.00026114981031666199 0.00018189007338757318 -0.00014713204562819251 0.00016592192496838316 -0.00024106331535020016 -9.7692956598439894e-07 -0.00026616896492659403 -2.7180682557324572e-05 0.00016337215035621609 -0.00012031465993254438 0.00028164840222376841 -1.9599279672231364e-06
leaf_weight=24 38 24 42 37 24 36 21 45 48 24 34 30 22 43.5 36 36 40 78 24 22 28 32 24 24 26 39 49.5 34.5 21 438 30 21 45 30 24 42 27 130.5 46.5 60 42 55.5 46 92
leaf_count=24 38 18 18 36 16 35 15 18 21 20 34 30 16 18 18 28 34 33 24 22 26 32 24 24 26 30 36 30 21 195 21 21 24 21 24 42 27 57 21 27 21 24 20 40
internal_value=-1.94618e-12 -0.000205444 7.69424e-05 8.77674e-06 0.00021791 -0.00040949 0.000435084 -1.77448e-05 3.05647e-06 -9.81697e-05 -4.61536e-05 5.90882e-05 0.000200318 -1.41227e-05 1.3992e-05 -2.58766e-05 4.89761e-05 -3.81369e-06 2.6486e-05 0.000187842 -1.66673e-05 2.02823e-05 -5.78772e-05 2.62245e-05 0.000136174 4.72284e-06 8.95882e-06 3.38254e-06 6.824e-05 -6.43873e-06 -0.000185459 -3.38641e-05 1.12666e-05 1.611e-05 2.88797e-05 7.43021e-05 6.66683e-06 -1.08352e-06 -2.53788e-05 -0.000131528 3.50606e-05 1.84277e-05 4.71062e-05 9.25762e-05
internal_weight=2136 582 1554 558 372 186 149 1512 1467 348 324 128 98 1419 290 254 76 1375.5 218 46 172 144 86 62 58 1297.5 1258.5 1209 159 1050 94.5 138 955.5 60 117 93 69 910.5 544.5 106.5 366 324 268.5 138
internal_count=1350 516 834 498 332 166 130 816 798 316 296 115 85 777 262 244 69 759 216 46 170 144 86 62 58 726 696 660 159 501 72 138 429 42 117 93 69 405 243 48 162 141 117 60
is_linear=0
shrinkage=0.08


Tree=149
num_leaves=45
num_cat=0
split_feature=37 28 10 28 36 3 15 12 3 36 1 1 4 37 14 37 4 37 9 32 22 26 32 32 16 32 37 22 25 37 3 33 37 32 37 4 15 32 31 18 25 18 37 29
split_gain=0.00470497 0.0699414 0.0155171 0.00481053 0.00128644 0.00762246 0.00531693 0.00485645 0.00438327 0.00522222 0.078448 0.0468183 0.00392011 0.00128605 0.00381983 0.000993332 0.000767318 0.000675635 0.000855961 0.000758119 0.000657315 0.000631213 0.000427383 0.000797015 0.000358969 0.000280413 0.000372929 0.000236915 0.000203251 0.000334209 0.001008 0.000388714 0.000352539 0.000208829 0.000734526 0.000408619 0.000297092 0.000241417 0.000225989 0.000202101 0.000253872 0.000321666 0.000363008 0.000525705
threshold=17.400000000000002 27.699999999999999 9.9550000000000018 44.100000000000001 1.5000000000000002 17.935000000000006 -0.065000000000001265 9.9450000000000021 17.955000000000002 2.5000000000000004 17.835000000000004 17.835000000000004 17.630000000000006 10.115 7.8350000000000009 14.640000000000002 17.365000000000006 8.2800000000000011 9.9950000000000028 3.3000000000000003 48.300000000000004 10.400000000000002 8.8000000000000025 1.5000000000000002 6.5600000000000014 19.000000000000004 16.495000000000001 17.800000000000008 5.4000000000000012 10.105000000000002 16.155000000000005 1.5000000000000002 9.7950000000000017 2.8000000000000003 6.8050000000000006 16.185000000000006 2.2350000000000008 1.0000000000000002 1.7000000000000004 8.9000000000000021 5.4000000000000012 2.1000000000000005 11.035000000000002 7.1000000000000005
decision_type=2 2 2 2 2 2 2 2 2 2 2 2 2 2 2 2 2 2 2 2 2 2 2 2 2 2 2 2 2 2 2 2 2 2 2 2 2 2 2 2 2 2 2 2
left_child=2 -2 4 -3 5 6 -1 8 9 11 13 39 16 17 15 27 25 20 19 -19 22 -5 23 -11 -17 26 28 -15 29 32 31 -31 33 36 -35 -36 37 38 -8 40 41 -6 43 -43
right_child=1 3 -4 21 7 -7 12 -9 -10 10 -12 -13 -14 14 -16 24 -18 18 -20 -21 -22 -23 -24 -25 -26 -27 -28 -29 -30 30 -32 -33 -34 34 35 -37 -38 -39 -40 -41 -42 42 -44 -45
leaf_value=-0.0014821428661384889 0.0045974476103271752 -0.0017030723783231917 -0.0013625954146738407 4.3563117930413383e-05 -4.3121333063388146e-07 -0.0012937287841406134 0.00016730993632227184 0.0010467513109887799 0.00073918609585638887 -0.00013860951794292001 -0.0040508871953675732 0.003171957654375879 0.00087320236603801067 0.00034617356628783652 0.00087398955228061169 -5.3620270296834921e-05 -0.00033250709282880536 -0.00019791626461033979 -0.00042260921224951745 0.00017014984004495162 0.00032534062814879787 -0.00055701428935641339 -0.00020249798082479155 0.00026353478046568264 -0.00046298826579004525 -0.00020555578684434297 0.0002744706718614466 5.1339402738394159e-05 0.00019231327380689366 -0.00015587477819752638 -0.00044510426886734509 0.00025629332078096922 0.00023726382226284062 0.0004030483204875172 -0.0002338600211909839 8.4874073491620844e-05 -0.00027312197823178125 -0.00019369459640460485 -0.00011189389216192698 -0.00011997504814439388 -0.00014114398937321499 9.4377212563826561e-05 -7.3864284515947378e-05 0.00047871736042639785
leaf_weight=15.499999999999998 21 21 54 24 327.5 31.5 50 31 54 60 31.5 31.5 32.5 37 44 29 49 83 50 63 49 21 50.5 66.5 26 40 33 33 31.5 27 42 32 42 31 42 66.5 37 33 29.5 71 53.5 69 36 34
leaf_count=8 21 21 24 24 203 14 42 16 24 48 14 14 15 26 37 29 24 38 23 30 39 21 22 35 26 24 33 26 14 27 28 32 21 28 20 28 20 20 15 54 26 44 34 18
internal_value=-6.89089e-12 0.000576208 -2.44656e-05 -0.000703277 1.17544e-05 -7.90964e-05 -1.87003e-05 5.71798e-05 3.35642e-05 2.95889e-06 -0.000160886 0.000166804 1.80041e-05 4.64491e-05 0.000232932 7.27952e-06 -2.94663e-05 -2.82323e-05 -0.000136929 -3.90932e-05 6.60356e-05 -0.000236706 -5.74947e-06 7.27944e-05 -0.00024714 -1.78876e-06 1.46275e-05 0.00020718 -3.87264e-06 -1.81779e-05 -0.000145561 6.7674e-05 2.06912e-05 -1.07831e-05 5.96165e-05 -3.85069e-05 -7.64736e-05 -1.17982e-05 6.3706e-05 6.63054e-06 2.39171e-05 4.28469e-05 0.000144815 0.000221247
internal_weight=2136 87 2049 66 1995 665 633.5 1330 1299 1245 622.5 622.5 618 591 169 125 585.5 422 196 146 226 45 177 126.5 55 536.5 496.5 70 463.5 432 101 59 331 289 139.5 108.5 149.5 112.5 79.5 591 520 466.5 139 103
internal_count=1350 87 1263 66 1239 413 399 826 810 786 393 393 391 379 144 107 376 235 91 68 144 45 105 83 55 352 328 52 295 281 87 59 194 173 76 48 97 77 57 379 325 299 96 62
is_linear=0
shrinkage=0.08


Tree=150
num_leaves=45
num_cat=0
split_feature=37 10 10 36 13 14 16 4 3 4 37 34 37 1 19 1 28 14 34 33 36 30 37 14 15 1 31 30 36 4 32 4 32 37 18 1 16 37 10 30 32 37 1 34
split_gain=0.00485093 0.0865323 0.0708939 0.00612982 0.0954624 0.075592 0.00413927 0.00381816 0.00286575 0.00180534 0.001025 0.000966476 0.000887524 0.000816943 0.000584697 0.00050604 0.00047942 0.00078691 0.000480007 0.000438883 0.000433854 0.000392486 0.000262189 0.00153974 0.000668513 0.000227755 0.000247087 0.000225271 0.000252375 0.000767108 0.000141585 0.000188199 0.000164666 0.000117983 0.00116049 0.000730136 0.000125427 0.00012476 0.000210833 0.000363621 0.00019858 0.000179324 0.000414786 0.000173888
threshold=11.470000000000001 9.9550000000000018 9.9550000000000018 2.5000000000000004 9.7700000000000014 9.4850000000000012 6.0350000000000028 17.935000000000006 17.955000000000002 17.795000000000005 17.280000000000005 71.100000000000023 17.380000000000006 16.165000000000003 2.7000000000000006 17.775000000000002 64.400000000000006 7.5750000000000002 59.500000000000007 1.0000000000000002 1.5000000000000002 6.3000000000000016 9.9200000000000017 7.8350000000000009 1.0000000180025095e-35 15.880000000000001 5.5000000000000009 1.7000000000000004 1.5000000000000002 17.220000000000002 19.000000000000004 17.365000000000006 12.800000000000002 5.3900000000000015 13.900000000000002 15.100000000000003 6.1150000000000011 7.4400000000000004 7.4800000000000013 6.9000000000000012 4.2000000000000011 8.6700000000000017 16.525000000000002 43.400000000000013
decision_type=2 2 2 2 2 2 2 2 2 2 2 2 2 2 2 2 2 2 2 2 2 2 2 2 2 2 2 2 2 2 2 2 2 2 2 2 2 2 2 2 2 2 2 2
left_child=2 3 8 4 7 6 -5 12 9 15 11 13 16 14 -8 22 17 18 25 -19 -21 -14 24 27 -1 26 -2 -24 -29 -30 31 32 33 34 -26 -35 -37 40 39 -39 -38 43 -43 -40
right_child=1 -3 -4 5 -6 -7 10 -9 -10 -11 -12 -13 21 -15 -16 -17 -18 19 -20 20 -22 -23 23 -25 30 -27 -28 28 29 -31 -32 -33 -34 35 -36 36 37 38 41 -41 -42 42 -44 -45
leaf_value=0.00036721661235346938 2.2966763683239392e-05 -0.0049005870272715883 0.0033158340411526817 0.0009641772231245544 0.0053044022502779786 -0.0048903594157170679 0.00040120490947096003 -0.0011023410433942142 -0.00064512036782171992 0.00051069056551004282 -0.00050331287657503381 0.00059772316168528049 -0.00066036461316980419 -0.00039451300363557847 -9.4754771325824549e-05 -0.0002764994903571076 0.00033477786729539129 6.8242685769551566e-05 0.00044289821968413894 -0.00048606271212338472 -0.00011345944274216891 -0.0001591751551022753 0.00019929274273592802 -0.00042547817258694313 2.2848957912707383e-05 0.00018851927794074936 -0.00029306357866153122 -0.00016105354191192116 0.00025473858084296808 -0.00020396259427070618 0.00010063288193495608 -0.000140472257598525 -0.00013974604808320905 0.00034882449446567556 -0.00060671959116700145 9.7167254143366304e-05 0.00015986450500208742 2.7352728426367756e-05 -0.00017660869844257832 -0.00030265817333055637 -4.6541250377960573e-05 0.00025908608703563608 -1.0367422632556646e-05 6.1107754707336425e-06
leaf_weight=33 76 24 42 36 22 21 29 24 45 43.5 22 20 20 26 32 45 24 28 20 40 40 20 42 61.5 174 38 20 48 56 40 85.5 63 49.5 42 21 82.5 64.5 42 60 43.5 55.5 45 195 75
leaf_count=15 76 18 18 24 20 19 29 16 18 18 22 16 20 24 32 18 12 28 20 31 31 20 21 30 174 38 20 24 28 20 42 27 27 39 21 33 33 21 24 21 24 21 87 30
internal_value=9.65427e-13 -0.000197 7.37798e-05 5.30504e-06 0.000192797 -0.000369678 0.000205681 -0.000128504 -1.62772e-05 3.01245e-06 -5.992e-06 9.62609e-05 -5.68108e-05 -1.90178e-05 0.000141029 -1.25014e-05 -7.44588e-06 -3.87946e-05 7.7311e-05 -0.000204353 -0.000299761 -0.00040977 -3.88342e-06 -7.8466e-05 1.24377e-05 2.27458e-05 -4.28729e-05 3.62719e-05 -1.12758e-05 6.36131e-05 1.77494e-06 -6.57307e-06 2.31124e-06 1.01244e-05 -4.49507e-05 2.53579e-05 4.86684e-06 -8.25079e-06 -2.71831e-05 -0.000140548 6.44018e-05 -1.33597e-06 4.01551e-05 -7.50979e-05
internal_weight=2136 582 1554 558 372 186 165 350 1512 1467 129 107 326 87 61 1423.5 286 262 154 108 80 40 1378.5 247.5 1131 134 96 186 144 96 1098 1012.5 949.5 900 195 705 663 580.5 460.5 85.5 120 375 240 135
internal_count=1350 516 834 498 332 166 147 312 816 798 123 101 296 85 61 780 256 244 154 90 62 40 762 123 639 134 96 93 72 48 624 582 555 528 195 333 294 261 204 42 57 162 108 54
is_linear=0
shrinkage=0.08


Tree=151
num_leaves=45
num_cat=0
split_feature=27 4 35 35 10 10 18 18 22 25 25 3 35 28 3 22 18 18 6 22 16 34 30 35 31 29 31 22 6 34 4 29 1 31 31 31 34 34 16 34 31 1 29 21
split_gain=0.00480483 0.00307958 0.0660325 0.000934272 0.0147377 0.00748366 0.00116532 0.000823219 0.000804847 0.000542416 0.000566871 0.000477412 0.00127992 0.000415433 0.000627534 0.000384638 0.000263744 0.000333278 0.000939283 0.000600942 0.000343549 0.000377071 0.000301334 0.000244273 0.000231439 0.000194562 0.000262691 0.000224643 0.00019056 0.000176812 0.000150801 0.000125097 0.000124961 9.87495e-05 0.000181672 0.000102407 0.000141953 0.000173022 0.000150165 0.000133468 0.000125903 9.67835e-05 9.28762e-05 8.94528e-05
threshold=22.700000000000006 17.935000000000006 1.5000000000000002 1.5000000000000002 9.9200000000000017 9.8550000000000022 15.500000000000002 21.000000000000004 57.000000000000007 19.500000000000004 10.400000000000002 17.380000000000006 1.0000000180025095e-35 55.699999999999996 17.380000000000006 57.000000000000007 4.7000000000000002 0.50000000000000011 9.8750000000000018 19.300000000000004 7.2300000000000013 2.9000000000000021 3.1000000000000005 1.0000000180025095e-35 2.3000000000000003 8.9000000000000021 9.1000000000000014 3.7000000000000002 9.9800000000000022 12.000000000000004 17.400000000000002 6.0000000000000009 16.685000000000006 16.100000000000005 12.100000000000001 4.6000000000000005 3.5000000000000004 8.9000000000000057 6.5150000000000006 25.600000000000005 2.3000000000000003 16.715000000000003 1.0000000180025095e-35 3.8000000000000003
decision_type=2 2 2 2 2 2 2 2 2 2 2 2 2 2 2 2 2 2 2 2 2 2 2 2 2 2 2 2 2 2 2 2 2 2 2 2 2 2 2 2 2 2 2 2
left_child=1 3 -3 4 7 6 8 9 13 10 11 15 -13 14 16 25 17 20 19 -19 24 -22 -18 -17 29 30 27 -27 -26 -5 31 33 -33 34 35 36 -1 42 39 -39 -40 -28 -38 -20
right_child=-2 2 -4 5 -6 -7 -8 -9 -10 -11 -12 12 -14 -15 -16 23 22 18 43 -21 21 -23 -24 -25 28 26 41 -29 -30 -31 -32 32 -34 -35 -36 -37 37 38 40 -41 -42 -43 -44 -45
leaf_value=0.00010259395516477525 0.00095783608210639969 -0.0023366714230117699 0.0018127085280915101 0.00019212526639568662 0.001646544516293539 -0.0011621212931970755 -0.00045111214842311005 0.00036314949727593327 0.00033718463974774521 -0.00036503710853004901 0.00027590754980014431 -0.00056271345813810412 2.1505057164985271e-05 -0.00017515176715272846 0.00028059620742819141 1.1875400594316232e-05 -0.00030829547966519991 0.00067377517455800742 -5.2792479339543554e-05 0.0001424116115011866 -5.2818639500849487e-05 -0.00047377630819876992 1.1587481217822811e-06 -0.00024530452939992153 -0.00015055089827794104 -0.00014895082980122729 -0.00025978812378727725 8.4413669715609609e-05 4.6593129546159789e-05 -1.5500326651991125e-05 0.0002311503859581771 4.0806030337181357e-05 0.00024077505338937044 0.0001709799820350276 -0.00016728189865578756 9.8844372292256191e-05 -0.00025960324176897606 4.9679972515958887e-05 2.0535433367412122e-05 -0.00015698343291458314 0.00020923874905389366 -7.4283612840291528e-05 -6.2322875758885255e-05 6.9657483603805304e-05
leaf_weight=75 33 54 45 52.5 36 37.5 36 39 46.5 27 45 36 72 82.5 52.5 39 37.5 24 105 31.5 34.5 22.5 43.5 60 78 36 36 99 52.5 52.5 27 45 36 27 33 99 24 36 72 45 33 36 42 60
leaf_count=72 18 36 18 21 24 15 27 36 33 18 30 36 36 33 21 39 24 15 42 27 30 18 21 39 33 24 24 72 21 21 18 30 24 18 24 72 18 24 60 30 24 24 36 24
internal_value=2.81855e-12 -1.50302e-05 -0.00045059 6.48692e-06 5.33187e-05 -5.72242e-05 -6.16607e-06 2.06211e-06 1.44891e-05 -1.09772e-05 -1.89869e-06 -1.43008e-05 -0.000173234 -6.0944e-06 1.5479e-05 4.77128e-06 -7.95303e-06 1.32292e-05 8.74957e-05 0.00037219 -4.27563e-05 -0.000218986 -0.000142107 -0.000143991 -1.02002e-07 2.31577e-05 -4.36322e-05 2.21831e-05 -7.12401e-05 8.83125e-05 4.64329e-05 3.76368e-05 0.000129681 2.22961e-05 1.355e-05 2.75581e-05 5.97603e-06 -2.27793e-05 1.67078e-05 -6.5133e-05 7.98422e-05 -0.000167036 -0.000134061 -8.26522e-06
internal_weight=2136 2103 99 2004 1155 849 811.5 1119 775.5 1080 1053 1008 108 729 646.5 900 594 513 220.5 55.5 292.5 57 81 99 235.5 801 207 135 130.5 105 594 567 81 486 459 426 327 252 186 81 105 72 66 165
internal_count=1350 1332 54 1278 852 426 411 828 384 792 774 744 72 351 318 672 297 252 108 42 144 48 45 78 96 594 144 96 54 42 450 432 54 378 360 336 264 192 138 54 84 48 54 66
is_linear=0
shrinkage=0.08


Tree=152
num_leaves=45
num_cat=0
split_feature=37 32 11 30 10 37 11 4 23 24 27 30 34 34 8 10 21 0 34 16 37 37 37 37 17 19 37 37 17 16 0 19 37 32 32 20 26 37 34 21 30 0 6 20
split_gain=0.00650049 0.0341891 0.019999 0.00300884 0.00133786 0.00143323 0.0092991 0.00473677 0.000699214 0.00127752 0.000319766 0.000196135 0.000233095 0.000204257 0.00023986 0.000285733 0.00024503 0.000471635 0.000227359 0.000108615 9.19066e-05 0.000262523 0.00014742 0.000703924 0.000397514 0.000248129 0.000556046 0.000254822 0.00114917 0.000328286 0.000205717 0.000229793 8.56159e-05 0.000291665 0.000163834 0.000440263 0.000197565 0.000199799 0.000319575 0.000245743 0.000184493 0.000171059 0.000123612 0.000135178
threshold=17.475000000000005 3.5000000000000004 9.9550000000000018 6.3000000000000016 9.9200000000000017 11.760384615384618 9.7450000000000028 17.890000000000004 11.400000000000002 9.5000000000000018 8.7000000000000011 19.000000000000004 72.000000000000014 13.700000000000005 10.065000000000003 7.8950000000000005 3.0000000000000004 16.495000000000001 10.900000000000004 6.0453846153846165 2.3250000000000006 2.6750000000000003 4.1950000000000012 3.7450000000000006 2.5000000000000004 19.300000000000004 4.8450000000000006 7.0900000000000007 13.900000000000002 7.280000000000002 15.280000000000003 1.0000000180025095e-35 8.4150000000000009 22.000000000000004 1.7000000000000004 0.90000000000000013 5.4000000000000012 9.1850000000000005 36.300000000000004 0.3000000000000001 4.6000000000000005 16.625000000000004 9.8850000000000033 0.3000000000000001
decision_type=2 2 2 2 2 2 2 2 2 2 2 2 2 2 2 2 2 2 2 2 2 2 2 2 2 2 2 2 2 2 2 2 2 2 2 2 2 2 2 2 2 2 2 2
left_child=2 -2 4 -3 5 7 8 10 9 11 19 12 13 18 16 -16 17 -15 -7 -1 -21 -22 23 24 -23 26 -24 28 30 32 31 -28 42 34 35 41 37 -36 40 -40 -39 -34 -29 -44
right_child=1 3 -4 -5 -6 6 -8 -9 -10 -11 -12 -13 -14 14 15 -17 -18 -19 -20 20 21 22 25 -25 -26 -27 27 29 -30 -31 -32 -33 33 -35 36 -37 -38 38 39 -41 -42 -43 43 -45
leaf_value=-0.00017603894074757893 0.0034762652823701503 -0.00098131398515154925 -0.0015047710225508924 0.00019592369119918936 0.00045373202397905549 4.8927784490602451e-05 0.0014907431095683328 -0.00092037133971850085 -0.00032018041859070457 0.0006702860879401367 -0.00018188805248814101 -0.00019225303520215676 0.00023694875559562609 -0.00038901756973549106 0.00024956279641224279 -0.00012175553544823613 1.090788505224074e-05 5.3296089086129708e-05 0.00032705395687419999 -0.00021926730638369919 0.00037563424557447435 -9.7258212432886165e-05 0.00034061153682220414 -0.00044361393502051082 0.00027869144980623216 0.0001888933392073859 8.3221236071992854e-05 0.000139276495469468 -0.00056188710687453283 0.00021199590456421659 0.00014227592914054792 -0.00029103037091859039 0.00012983723721602777 -0.00022291845759783669 -7.5138035892264161e-05 -0.00027943116011253251 -0.0001415942924166762 4.2016918409560152e-05 0.0003146671021490225 8.6612260115712325e-05 -0.00015763802320829462 -5.9670937819179718e-05 0.00010647177227117398 -2.1675105119356885e-05
leaf_weight=22.5 21 24 57 33 43.5 87 30 37.5 33 21 66 24 36 36 36 21 81 27 24 11.999999999999998 11.999999999999998 54 30 27 27 46.5 21 52.5 28.5 46.5 45 21 45 43.5 78 48 43.5 100.5 42 108 42 94.5 67.5 240
leaf_count=9 21 24 27 33 21 87 21 15 18 12 27 24 27 36 36 18 81 27 24 12 12 54 30 27 27 33 21 21 24 24 27 21 21 21 33 24 21 48 21 54 21 42 27 96
internal_value=6.09453e-12 0.000716866 -2.71698e-05 -0.000299755 1.49208e-05 5.1694e-06 0.000129385 -3.25545e-05 3.35151e-05 6.32148e-05 -9.81333e-06 2.89446e-05 4.41996e-05 2.19593e-05 -2.61428e-05 0.000112761 -8.11257e-05 -0.000199455 0.000109063 -1.68963e-06 1.16232e-06 3.1023e-06 -2.05421e-07 -8.98597e-05 2.80583e-05 7.5812e-06 5.37748e-07 -8.20451e-06 -0.000120999 4.18516e-06 2.34302e-05 -0.000103905 -5.42996e-06 -2.28743e-05 -8.40731e-06 -7.04476e-05 1.96906e-05 3.86269e-05 6.89643e-05 0.000150468 -1.68287e-05 1.46073e-06 2.58245e-05 6.4547e-06
internal_weight=2136 78 2058 57 2001 1957.5 456 1501.5 426 393 1464 372 348 312 201 57 144 63 111 1398 1375.5 1363.5 1351.5 108 81 1243.5 1197 1167 115.5 1051.5 87 42 1005 645 601.5 187.5 414 370.5 292.5 150 142.5 139.5 360 307.5
internal_count=1350 78 1272 57 1245 1224 411 813 390 372 798 360 336 309 198 54 144 63 111 771 762 750 738 108 81 630 597 567 93 474 69 42 450 306 285 87 198 177 144 75 69 63 144 123
is_linear=0
shrinkage=0.08


Tree=153
num_leaves=45
num_cat=0
split_feature=37 0 11 31 36 4 11 15 4 37 14 37 30 34 37 37 24 24 37 31 24 37 37 22 31 37 31 15 9 37 14 37 22 37 22 22 36 37 22 21 34 31 19 17
split_gain=0.00550201 0.0322968 0.0169271 0.0034981 0.0024276 0.0921413 0.0681101 0.00830196 0.00441635 0.000581725 0.000628689 0.000456051 0.00191698 0.000537429 0.000407455 0.000775039 0.000353 0.000436791 0.000313658 0.00109524 0.000228204 0.00118653 0.00096271 0.00150957 0.000275049 0.000280785 0.000271099 0.00025113 0.000323777 0.000236633 0.000191798 0.000227124 0.000253688 0.000313424 0.000418391 0.000373522 0.000562916 0.000213071 0.000202424 0.000266022 0.000155229 0.000184736 0.000222253 0.00018705
threshold=17.475000000000005 17.745000000000001 9.9550000000000018 5.7000000000000002 1.5000000000000002 17.890000000000004 9.8950000000000014 -0.065000000000001265 17.890000000000004 16.295000000000005 7.6950000000000012 16.330000000000002 3.3000000000000003 61.500000000000007 2.2750000000000004 2.5300000000000007 5.4000000000000012 2.8000000000000003 4.1100000000000003 0.70000000000000007 5.4000000000000012 4.580000000000001 5.1700000000000008 72.800000000000011 9.9000000000000004 7.0900000000000007 10.800000000000002 2.2850000000000006 10.025 9.8500000000000014 9.4400000000000031 7.3050000000000006 57.000000000000007 8.8800000000000008 10.200000000000001 9.3000000000000025 2.5000000000000004 9.7850000000000019 11.100000000000001 4.5000000000000009 72.000000000000014 1.7000000000000004 0.90000000000000013 0.90000000000000013
decision_type=2 2 2 2 2 2 2 2 2 2 2 2 2 2 2 2 2 2 2 2 2 2 2 2 2 2 2 2 2 2 2 2 2 2 2 2 2 2 2 2 2 2 2 2
left_child=2 -2 4 -3 5 7 8 -1 11 16 -11 14 -13 -14 -6 -16 17 40 19 -17 21 -20 -23 24 25 -24 -22 -26 29 -29 31 -27 33 34 -33 36 -35 -32 -37 -40 41 42 43 -9
right_child=1 3 -4 -5 6 -7 -8 9 -10 10 -12 12 13 -15 15 18 -18 -19 20 -21 26 22 23 -25 27 30 -28 28 -30 -31 37 32 -34 35 -36 38 -38 -39 39 -41 -42 -43 -44 -45
leaf_value=-0.0022496727786280894 0.0028968249730382078 -0.001316843825126333 -0.0013843893159278915 2.9390687433381874e-05 -0.00079578466247767212 0.0043616880535606358 -0.0032998647629283368 3.0616501570437798e-05 0.00083054991775295792 3.6685094935819512e-05 -0.00055509452132456426 0.00065075768513553258 -0.0002822157961782068 0.00023500758683076128 0.00079771904274821286 0.00015792970299824245 -0.00017065777310955468 0.00028230743456838863 0.00068625746178440749 -0.0004661054523765213 8.4681335813653321e-06 -0.0005086405103490203 -0.00018396662576339188 0.00046162289069880819 4.0194946729267642e-05 0.00033095161485321376 0.00022181719092057191 -0.00018194471406916688 -0.0003358572514520751 7.2819900640752171e-05 -0.00017575615753109256 -0.00017636848522039751 -0.00017382607382855246 3.2403572174773471e-05 0.00010093651145983202 -0.00016182758918148465 0.00037468959070075815 4.0233134569828973e-05 0.00020255781432542089 -3.2267882549939191e-05 0.00013974944395678384 -6.7005434380175926e-05 0.00015071116371331275 -0.00020767650714046079
leaf_weight=10.999999999999998 27 21 57 30 3.9999999999999991 31.5 40 81 45 20 27 36 36 20 7.9999999999999991 36 76.5 36 15.999999999999998 36 81 24 46 44 57 17 72 56 45 40 60 75 35 61.5 65 32 61.5 57 52 76 42 243 70.5 28.5
leaf_count=6 27 21 27 30 4 14 20 56 20 20 27 36 36 20 8 36 34 16 16 36 36 24 34 38 32 8 32 28 20 26 24 30 24 37 26 20 37 28 42 52 22 148 51 21
internal_value=-2.47113e-12 0.000659516 -2.49962e-05 -0.000524941 1.37271e-05 0.000138342 -4.85804e-05 -7.09977e-05 5.1923e-05 -3.26223e-05 -0.000303273 2.387e-05 0.000195301 -9.74932e-05 1.02385e-05 1.30348e-05 -1.05953e-05 1.38453e-05 7.55228e-06 -0.000154088 1.83986e-05 3.35319e-06 -8.73361e-06 4.90021e-06 -1.91378e-05 6.42531e-06 0.000108868 -0.000101508 -0.000158792 -7.57928e-05 2.12193e-05 4.38187e-05 3.3161e-05 5.02875e-05 -4.76197e-05 9.87222e-05 0.000203547 -7.05306e-05 1.81385e-05 6.31301e-05 -6.93882e-06 -2.15036e-05 3.99239e-05 -3.1405e-05
internal_weight=2136 78 2058 51 2001 667 1334 635.5 1294 624.5 47 1249 92 56 1157 1153 577.5 501 1145 72 1073 920 904 880 836 638 153 198 141 96 592 475 458 423 140 283 123 117 160 128 465 423 180 109.5
internal_count=1350 78 1272 51 1245 415 830 401 810 395 47 790 92 56 698 694 348 314 686 72 614 546 530 506 468 362 68 106 74 54 328 276 268 244 56 188 74 52 114 94 298 276 128 77
is_linear=0
shrinkage=0.08


Tree=154
num_leaves=45
num_cat=0
split_feature=27 4 35 11 36 11 11 16 27 29 30 15 23 0 16 30 35 21 33 5 35 0 23 0 11 14 14 19 35 32 36 32 33 33 29 22 36 17 30 33 29 8 33 33
split_gain=0.00383816 0.00349933 0.0584755 0.00157642 0.0013245 0.00671183 0.00287468 0.000649022 0.000589943 0.000339145 0.000318262 0.000298747 0.00024462 0.000179673 0.000157593 0.000387852 0.000488723 0.00064374 0.0001532 0.000116476 9.85044e-05 0.000795886 9.78491e-05 0.000132489 8.6307e-05 0.000118021 7.46218e-05 6.44571e-05 6.63414e-05 0.000494836 0.000682065 0.000417923 0.000643442 0.000411029 0.000517781 0.00034738 0.000339784 0.000326544 0.000540967 0.000263185 0.000248893 0.000272565 0.000204607 0.000178136
threshold=22.700000000000006 17.935000000000006 1.5000000000000002 9.9550000000000018 2.5000000000000004 9.7700000000000014 9.8550000000000022 6.0550000000000024 10.400000000000002 6.9000000000000012 11.900000000000002 0.094999999999998877 14.400000000000002 15.935000000000002 7.1750000000000016 3.1000000000000005 1.5000000000000002 2.7000000000000006 0.50000000000000011 10.065000000000003 1.5000000000000002 16.330000000000002 8.7000000000000011 17.430000000000003 7.9050000000000011 7.4400000000000004 7.4800000000000013 21.000000000000004 1.5000000000000002 12.100000000000001 1.5000000000000002 13.300000000000002 8.8000000000000025 11.100000000000001 9.1000000000000014 52.000000000000007 1.5000000000000002 0.3000000000000001 0.70000000000000007 5.9000000000000012 14.100000000000003 10.105000000000002 2.5000000000000004 4.2000000000000011
decision_type=2 2 2 2 2 2 2 2 2 2 2 2 2 2 2 2 2 2 2 2 2 2 2 2 2 2 2 2 2 2 2 2 2 2 2 2 2 2 2 2 2 2 2 2
left_child=1 3 -3 4 6 7 8 -6 11 14 13 -1 22 -11 18 16 17 -16 -9 20 21 -20 23 27 25 -15 -21 28 29 33 -31 32 35 39 36 37 -35 42 -39 40 41 43 -30 -13
right_child=-2 2 -4 -5 5 -7 -8 9 -10 10 -12 12 -14 24 15 -17 -18 -19 19 26 -22 -23 -24 -25 -26 -27 -28 -29 31 30 -32 -33 -34 34 -36 -37 -38 38 -40 -41 -42 -43 -44 -45
leaf_value=-0.0003085319697856903 0.0008560781046275445 -0.0022526073550667475 0.0016521256963411969 0.00045535720659024788 0.00026424052682216771 0.0013144950460303915 -0.00078550898300653151 0.00018464120282303718 -0.00026208278083438263 0.00016079480526968838 -0.0002662302311076674 -9.1906884922501603e-06 -0.00019608425209298732 -0.00010277148118460333 -5.5625651652614272e-05 0.00038435908902625915 -0.00023937857387444145 0.00051411211505844471 -0.00027082018610654458 0.00013824968884529717 -0.00014145722843263999 0.00028479408698551585 0.00013190136220531934 -0.00011780605284553585 -0.0001314138761175073 9.531460218615347e-05 -9.0871935390168809e-06 -0.0001004946460161591 4.3168893303064743e-05 -0.00040246141507573752 3.3189742421002493e-05 0.00023074577246526523 -0.00019968206997040706 0.00011469485643770425 -0.00010287918119380871 0.00028229334416824417 0.00048925874709722502 -0.00034453973949626635 3.1790520203695901e-05 -0.00017209065255398553 0.00023816700650578632 -0.00026983755563075347 0.00026855101229975357 0.00021050854621884916
leaf_weight=22 33 54 45 49.5 71.5 27.5 33 31.5 66 28.5 43 258 44 38.5 30 29.5 26 22 33 44 50.5 33 33 66 60.5 38.5 44 40 85 46 46 56 83 31 30 37 31 34 87 60 28 24 37 26
leaf_count=12 18 36 18 27 39 15 18 18 36 24 27 208 24 21 30 27 26 22 22 24 22 22 18 36 33 21 24 36 46 32 32 26 38 22 20 22 22 22 48 44 20 16 16 20
internal_value=3.51467e-12 -1.34335e-05 -0.000477729 9.50328e-06 -1.78849e-06 9.13466e-05 -4.8356e-05 3.74418e-05 -2.92016e-05 8.09134e-06 -7.22626e-05 -1.64357e-05 -1.09991e-05 -2.20179e-05 5.69821e-05 0.000137269 4.38186e-05 0.000185417 2.04106e-05 -4.88656e-06 -5.73601e-05 6.98695e-06 -3.8429e-06 -7.8968e-06 -5.991e-05 -3.72844e-06 6.45812e-05 -9.15076e-07 3.07209e-06 -1.44503e-05 -0.000184636 2.73274e-05 -4.05397e-06 1.76339e-05 0.000169959 5.39358e-05 0.000301977 1.91653e-05 -7.39552e-05 -1.77546e-05 9.80536e-06 -1.09548e-05 0.000111522 1.09226e-05
internal_weight=2136 2103 99 2004 1954.5 651.5 1303 624 1270 552.5 209 1204 1182 166 343.5 107.5 78 52 236 204.5 116.5 66 1138 1105 137.5 77 88 1039 999 580 92 419 363 488 92 280 62 243 121 396 336 308 122 284
internal_count=1350 1332 54 1278 1251 417 834 402 816 363 126 780 768 99 237 105 78 52 132 114 66 44 744 726 75 42 48 690 654 436 64 218 192 372 64 154 44 132 70 308 264 244 62 228
is_linear=0
shrinkage=0.08


Tree=155
num_leaves=45
num_cat=0
split_feature=37 1 16 35 10 31 36 16 4 3 12 36 10 10 37 0 3 29 37 37 21 37 15 26 37 37 37 37 30 17 37 17 37 0 35 20 20 16 37 20 37 10 34 21
split_gain=0.00575696 0.0282729 0.0110245 0.117164 0.00380443 0.00286352 0.00114294 0.00999293 0.0188371 0.0036529 0.00343587 0.00459471 0.0625224 0.0435232 0.00101068 0.000392186 0.000330629 0.000269564 0.00031964 0.000660852 0.00031361 0.000426543 0.000452333 0.000242274 0.000219138 0.000682691 0.000586482 0.000292533 0.000194353 0.000192027 0.000277045 0.000988721 0.000363246 0.000279543 0.00060437 0.000217985 0.000257958 0.000203152 0.000226061 0.000307702 0.000187911 0.0005297 0.00043771 0.0002316
threshold=17.630000000000006 17.820000000000004 5.9461538461538463 1.5000000000000002 9.9450000000000021 5.7000000000000002 1.5000000000000002 6.0057692307692303 17.710000000000004 17.955000000000002 9.9200000000000017 2.5000000000000004 9.5150000000000023 9.5150000000000023 16.685000000000006 17.515000000000004 17.355000000000004 1.5000000000000002 16.455000000000002 15.280000000000003 11.000000000000002 10.675000000000002 2.6899999999999999 3.9000000000000004 6.6650000000000009 3.1100000000000008 9.4050000000000029 13.350000000000003 22.000000000000004 15.500000000000002 5.0400000000000009 2.1000000000000005 7.4400000000000004 16.740000000000006 1.5000000000000002 8.9000000000000021 2.1000000000000005 6.8350000000000017 10.105000000000002 0.3000000000000001 15.345000000000001 7.8800000000000008 60.100000000000009 4.7000000000000002
decision_type=2 2 2 2 2 2 2 2 2 2 2 2 2 2 2 2 2 2 2 2 2 2 2 2 2 2 2 2 2 2 2 2 2 2 2 2 2 2 2 2 2 2 2 2
left_child=2 -2 3 -1 6 -3 7 -4 14 10 11 13 15 16 29 17 23 24 19 20 21 22 -19 28 25 -13 -26 -28 40 30 31 -9 -32 35 -35 36 37 38 39 -34 42 -42 43 -8
right_child=1 5 4 -5 -6 -7 9 8 -10 -11 -12 12 -14 -15 -16 -17 -18 18 -20 -21 -22 -23 -24 -25 26 -27 27 -29 -30 -31 32 -33 33 34 -36 -37 -38 -39 -40 -41 41 -43 -44 -45
leaf_value=-0.0037558168110748131 0.0031501144707380309 -0.0011055493993418557 0.0020656505130507326 0.0015469551432567338 0.00063198493630994878 0.00021558069668355443 3.358954046224693e-05 0.00010889795845529686 -0.0019795656181983094 0.00068776360161050597 0.00082044165412133391 0.00029725881382113413 -0.0036040015515027336 0.0030199152242857963 -0.00045250531775630355 0.0002974489853898091 -0.00018121764883118914 -2.4850167979561126e-05 -0.00025993918539659884 0.00039667681716382505 -0.00021329765346380744 -0.00027379126948935375 0.00023104149755090475 0.0002182050651842446 0.00041880750808080561 -0.00031601551678389883 -0.00012444617897272112 0.0001971396992116102 0.00019423821379013103 0.00019032317475648598 0.00018353242778204501 -0.0005971862068293955 -5.796154395544103e-05 -0.00028011763667953865 5.8650571745462141e-05 0.00021822664170311048 -0.00014079359954032372 0.00021109196571878305 -0.00019207596918568014 0.00021593738512860406 0.00030751984503253231 -0.00020070438328686924 -0.00028855041034496677 -0.0001119107122067362
leaf_weight=48 21 21 13.499999999999998 60 63 21 233.5 30 33.5 54 33 21 32 32 34 33.5 66.5 168 33 25 50.5 31 60 33 38 26 37.5 35 29 31 63 22 63 70 65 32.5 63.5 38 30 45 35 21 40.5 100
leaf_count=24 21 21 6 24 33 21 149 30 16 24 18 21 17 17 34 16 34 88 33 25 33 22 27 18 17 26 21 35 18 26 39 22 28 35 26 23 41 28 28 20 35 21 23 66
internal_value=2.5008e-12 0.000753382 -2.28958e-05 -0.000809832 2.03556e-05 -0.000444984 9.66307e-08 -8.76058e-05 -0.000134453 4.39479e-05 1.53103e-05 -7.18706e-06 -0.000164982 0.000150608 -2.91532e-05 3.20608e-05 -1.37925e-05 1.51265e-05 -2.24013e-05 1.03295e-06 -3.09254e-05 4.63372e-06 4.24897e-05 8.83714e-06 0.000102691 -4.19993e-05 0.000164234 3.08022e-05 -6.21546e-06 -3.12432e-06 -1.46126e-05 -0.00018983 4.77317e-06 -2.28972e-05 -0.000117007 2.38117e-05 -2.57024e-06 4.73001e-05 2.19801e-06 5.6163e-05 -1.97344e-05 0.000116936 -4.01984e-05 -1.00387e-05
internal_weight=2136 63 2073 108 1965 42 1902 634 620.5 1268 1214 1181 590.5 590.5 587 558.5 558.5 525 367.5 334.5 309.5 259 228 492 157.5 47 110.5 72.5 459 553 522 52 470 407 135 272 239.5 176 138 108 430 56 374 333.5
internal_count=1350 63 1287 48 1239 42 1206 402 396 804 780 762 381 381 380 364 364 348 228 195 170 137 115 330 120 47 73 56 312 346 320 52 268 229 61 168 145 104 76 48 294 56 238 215
is_linear=0
shrinkage=0.08


Tree=156
num_leaves=45
num_cat=0
split_feature=37 23 16 35 12 37 23 37 12 4 23 24 0 22 29 31 31 26 21 29 17 19 15 20 22 22 29 29 17 37 0 23 37 29 37 37 37 22 18 20 2 37 3 35
split_gain=0.00487269 0.0275538 0.00933116 0.0991677 0.0020504 0.00508664 0.00103459 0.000598253 0.0108968 0.00747231 0.00161836 0.000566922 0.000242652 0.000193018 0.000314454 0.000302832 0.000481192 0.000252266 0.000161761 0.000693513 0.000126581 0.000147415 0.000111589 0.000109832 0.000167886 0.000112926 0.000100697 7.41467e-05 5.46639e-05 5.373e-05 5.30799e-05 5.29869e-05 5.63873e-05 8.23305e-05 0.000105427 5.60075e-05 0.000142421 0.00010537 0.000340774 9.84783e-05 0.000108364 0.000311218 9.76357e-05 0.000286654
threshold=17.630000000000006 1.6000000000000003 5.9461538461538463 1.5000000000000002 9.8950000000000014 9.9200000000000017 10.400000000000002 11.802307692307695 9.7450000000000028 17.965000000000003 11.900000000000002 5.4000000000000012 17.795000000000005 77.200000000000003 16.100000000000005 2.8000000000000003 4.2000000000000011 1.6000000000000003 19.300000000000004 4.6000000000000005 1.0000000180025095e-35 4.5000000000000009 0.094999999999998877 19.300000000000004 67.200000000000017 77.200000000000003 6.9000000000000012 32.100000000000001 2.5000000000000004 14.005000000000001 16.575000000000003 6.6000000000000005 2.5300000000000007 1.0000000180025095e-35 4.580000000000001 5.2800000000000002 6.9350000000000014 29.300000000000004 2.1000000000000005 8.2000000000000011 16.165000000000003 9.4050000000000029 16.525000000000002 1.5000000000000002
decision_type=2 2 2 2 2 2 2 2 2 2 2 2 2 2 2 2 2 2 2 2 2 2 2 2 2 2 2 2 2 2 2 2 2 2 2 2 2 2 2 2 2 2 2 2
left_child=2 -2 3 -1 7 -6 -3 9 10 12 11 13 18 14 15 26 -17 20 22 -20 -18 -22 -4 24 27 -26 28 31 29 -9 -31 32 -24 34 -34 37 -37 38 -35 40 41 -38 43 -42
right_child=1 6 4 -5 5 -7 -8 8 -10 -11 -12 -13 -14 -15 -16 16 17 -19 19 -21 21 -23 23 -25 25 -27 -28 -29 -30 30 -32 -33 33 35 -36 36 39 -39 -40 -41 42 -43 -44 -45
leaf_value=-0.0034553515513349948 0.0030591709486075809 -0.00088697287919265887 -0.00015757956266127253 0.0014231987974296016 0.00094106014201636695 -0.00013952564584409317 -9.2863877791733962e-05 4.2106034622217219e-06 0.0018589045462154207 -0.0011637703080972035 -0.0006949792057275772 0.00043068295078618188 0.00018946264292402513 -0.00023244441886033333 0.00029650724531772235 -0.00035824059014857721 0.00021780039440879291 -0.00021878473186882696 0.00013585491268895567 -0.00041522175792539331 -0.00013518886028409557 0.00012917011562320921 0.0001457979923321141 -0.0001139216300072549 3.6224289919788905e-05 0.00026453637121314253 0.0002013985803205287 -8.6656705545330484e-05 -5.5875430659701432e-05 0.00018492450683631681 2.8563057840074179e-05 8.6631508958008555e-05 -0.00019229568688509366 3.2727639190852639e-06 -1.0083463479069964e-05 -0.00012643554467050468 4.0324428812303444e-05 -9.5169724608283677e-05 0.00035995493701193484 0.00011002045450732112 0.00018168073129625276 -0.00022377415249745053 -3.0791005675626581e-06 -2.4077907586709048e-05
leaf_weight=48 21 21 27 60 51 61.5 21 48 21 36 21 21 43.5 21 24 33 24 27 30 28.5 27 27 18 46.5 28.5 27 30 54 30 33 24 54 30 60 63 51 70.5 21 24 60 78 48 445.5 97.5
leaf_count=24 21 21 12 24 24 36 21 42 15 15 15 18 18 21 24 33 24 27 24 18 27 27 18 36 18 24 30 24 30 33 24 24 30 60 33 33 30 21 24 27 39 24 198 39
internal_value=1.63157e-12 0.000693111 -2.10642e-05 -0.000745046 1.87272e-05 0.00035034 -0.000489918 -1.41123e-06 8.373e-05 -2.56867e-05 -1.18564e-05 2.70206e-05 3.46383e-06 2.66162e-06 1.77602e-05 -4.31881e-06 -9.17712e-05 -8.02366e-06 -2.47667e-06 -0.000132618 6.49321e-05 -3.00937e-06 3.36398e-06 6.7682e-06 1.13309e-05 0.000147295 6.88232e-05 4.90599e-06 3.9362e-05 6.65727e-05 0.000119088 9.31865e-06 5.40407e-06 2.99388e-06 -6.88616e-05 9.98766e-06 3.18223e-06 6.51116e-05 0.000105182 1.14505e-05 3.45297e-06 -6.66522e-05 1.68305e-05 6.73704e-05
internal_weight=2136 63 2073 108 1965 112.5 42 1852.5 411 1441.5 390 369 1405.5 348 327 303 138 105 1362 58.5 78 54 1303.5 1276.5 1230 55.5 165 1174.5 135 105 57 1120.5 1066.5 1048.5 93 955.5 850.5 105 84 799.5 739.5 118.5 621 175.5
internal_count=1350 63 1287 48 1239 60 42 1179 390 789 375 360 774 342 321 297 138 105 756 42 78 54 714 702 666 42 159 624 129 99 57 600 576 558 63 495 390 105 84 357 330 54 276 78
is_linear=0
shrinkage=0.08


Tree=157
num_leaves=45
num_cat=0
split_feature=37 37 11 11 35 0 7 0 3 5 16 36 14 4 5 0 16 9 22 34 15 4 15 29 0 29 21 20 22 37 15 0 36 29 37 29 21 22 34 8 15 30 11 36
split_gain=0.00489207 0.129154 0.0516627 0.042548 0.00721602 0.00525061 0.00444881 0.00430788 0.00385494 0.00527445 0.00316669 0.000435939 0.00253437 0.000760161 0.000666623 0.000545563 0.000353859 0.000297312 0.000218613 0.000254553 0.000143938 0.000175814 0.00010215 0.000127979 9.18095e-05 7.91588e-05 7.16769e-05 0.0001015 0.000135027 9.85083e-05 0.00053599 0.000469076 0.0001506 0.000303489 0.000317189 0.000299919 0.00021267 9.55805e-05 5.73131e-05 8.52266e-05 4.86926e-05 4.21295e-05 3.95523e-05 3.83817e-05
threshold=11.802307692307695 11.470000000000001 9.9200000000000017 9.9350000000000005 1.0000000180025095e-35 17.795000000000005 11.974615384615387 17.935000000000006 17.380000000000006 11.832692307692311 6.0453846153846165 2.5000000000000004 7.8350000000000009 17.255000000000006 10.105000000000002 14.640000000000002 6.5600000000000014 9.9200000000000017 70.600000000000009 40.70000000000001 -0.065000000000001265 17.365000000000006 2.0784615384615379 0.70000000000000007 17.475000000000005 26.500000000000004 23.100000000000005 19.300000000000004 67.200000000000017 5.2800000000000002 2.1715384615384621 15.555000000000001 1.5000000000000002 0.3000000000000001 3.3550000000000004 0.3000000000000001 0.50000000000000011 77.200000000000003 66.100000000000009 9.9350000000000005 2.2350000000000008 0.3000000000000001 9.1350000000000016 1.5000000000000002
decision_type=2 2 2 2 2 2 2 2 2 2 2 2 2 2 2 2 2 2 2 2 2 2 2 2 2 2 2 2 2 2 2 2 2 2 2 2 2 2 2 2 2 2 2 2
left_child=1 3 4 5 8 10 -7 -6 11 -10 -1 13 15 14 17 -13 -17 18 19 22 -12 24 23 -2 25 26 27 28 29 30 32 -31 35 36 -35 -22 -34 -30 41 -40 -24 -33 43 -43
right_child=2 -3 -4 -5 7 6 -8 -9 9 -11 20 12 -14 -15 -16 16 -18 -19 -20 -21 21 -23 40 -25 -26 -27 -28 -29 37 31 -32 38 33 34 -36 -37 -38 -39 39 -41 -42 42 -44 -45
leaf_value=0.0016485296885172527 -0.0001950155118247494 -0.0041570260248651424 0.0040988696756817048 0.0019983156035195335 0.0013014592850092977 -0.0010971284688760837 -8.8728722805778184e-05 0.00015564995108260997 -0.0014275332254668077 -1.6588420750429998e-05 0.00026009849376148651 0.00019329231588498635 0.00079847705935866666 -0.00044800221355846868 0.00042721353116741573 -2.9069198250410055e-05 -0.00042926716349589141 -0.00024493491493760505 -0.00023683681944385173 0.00026138931477492276 -6.0562687481601297e-05 -0.0001104521376805173 0.00017488025443162768 3.4979973421893626e-05 0.00013398872985356098 -0.00010071943944660567 -0.00010095244085487839 -0.00011504112909559482 3.3326333535737114e-05 -0.0003767305602585631 0.00039016085676848891 4.806921147204266e-05 -0.00010599805818249783 -0.00044963237401680087 9.2394405510276563e-07 0.00035150582459755241 0.00021853581234089297 0.00024337346199091472 -1.061651549577989e-05 0.00013151674755607491 8.8456739635708235e-06 -3.0902938812502615e-05 -6.1402216238935509e-05 1.2904425305653905e-05
leaf_weight=7.4999999999999991 30 48 21 69 42 52.5 60 42 30 39 13.499999999999998 34 29 26 22 31 26 36 20 28 26 90 20 32 34.5 46.5 39 40.5 28.5 21 27 94.5 24 20 20 20 28 27 54 54 26 192 81 384
leaf_count=3 30 24 21 30 21 21 24 21 30 39 6 34 29 26 22 31 26 36 20 28 26 39 20 32 15 24 30 30 18 21 27 42 24 20 20 20 28 24 24 24 26 86 36 172
internal_value=-4.53952e-13 -6.98996e-05 0.000209699 5.63436e-05 5.04931e-05 -3.38894e-05 -0.000559315 0.000728555 -8.22742e-05 -0.000630043 9.1783e-06 2.27148e-05 0.000147214 -3.95349e-05 1.0092e-05 -6.03313e-05 -0.000211616 -3.77032e-05 1.01196e-05 4.64367e-05 1.70875e-07 -2.42552e-06 -9.29179e-06 -7.63082e-05 5.2815e-06 1.66259e-06 5.69543e-06 9.33911e-06 1.39144e-05 7.45947e-06 6.41861e-05 -3.17074e-06 4.08459e-07 -5.86861e-05 -0.000224354 0.000118598 6.87509e-05 0.000135511 5.95638e-06 6.04501e-05 8.10346e-05 -1.87506e-06 -9.05882e-06 -1.69803e-06
internal_weight=2136 1602 534 1554 513 1485 112.5 84 429 69 1372.5 360 120 240 214 91 57 192 156 136 1365 1351.5 108 62 1261.5 1227 1180.5 1141.5 1101 1045.5 165 880.5 138 92 40 46 52 55.5 859.5 108 46 751.5 657 576
internal_count=1350 858 492 834 471 804 45 42 429 69 759 360 120 240 214 91 57 192 156 136 756 750 108 62 711 696 672 642 612 570 165 405 138 92 40 46 52 42 384 48 46 336 294 258
is_linear=0
shrinkage=0.08


Tree=158
num_leaves=45
num_cat=0
split_feature=27 4 35 35 10 10 16 36 15 15 19 16 17 25 33 19 22 18 32 33 15 29 18 34 32 32 36 30 0 32 17 18 30 31 29 36 33 21 29 31 18 29 30 18
split_gain=0.00293367 0.00272374 0.0496146 0.0012479 0.00907511 0.0057158 0.00151742 0.00136081 0.00844998 0.00469877 0.00106933 0.00122823 0.00083556 0.000756531 0.000732228 0.000674131 0.000613248 0.000506294 0.000686326 0.000477284 0.000376489 0.000307427 0.000295904 0.000443374 0.000270096 0.000454076 0.000448945 0.000434278 0.000264606 0.000226475 0.000208047 0.000398852 0.00028607 0.000233462 0.000326329 0.00042266 0.000280462 0.00022711 0.000178915 0.000170839 0.000162162 0.000158272 0.000192525 0.000200587
threshold=22.700000000000006 17.935000000000006 1.5000000000000002 1.5000000000000002 9.9200000000000017 9.8550000000000022 5.9461538461538463 2.5000000000000004 0.094999999999998877 0.034999999999999261 15.500000000000002 5.9461538461538463 11.500000000000002 4.9000000000000012 24.700000000000006 15.500000000000002 57.000000000000007 0.70000000000000007 3.3000000000000003 5.5000000000000009 0.15999999999999928 8.9000000000000021 1.0000000180025095e-35 16.900000000000009 2.5000000000000004 1.7000000000000004 2.5000000000000004 0.50000000000000011 16.245000000000001 19.000000000000004 0.3000000000000001 5.9000000000000012 3.3000000000000003 3.5000000000000004 1.0000000000000002 1.5000000000000002 3.5000000000000004 0.3000000000000001 4.2000000000000011 3.5000000000000004 0.3000000000000001 5.5000000000000009 3.5000000000000004 1.0000000180025095e-35
decision_type=2 2 2 2 2 2 2 2 2 2 2 2 2 2 2 2 2 2 2 2 2 2 2 2 2 2 2 2 2 2 2 2 2 2 2 2 2 2 2 2 2 2 2 2
left_child=1 3 -3 4 6 10 -1 9 -9 -8 11 -5 13 17 15 20 21 22 38 -20 -11 24 23 -10 25 26 27 -13 -23 30 37 33 -33 34 -32 -36 -35 -22 -19 -25 -39 42 43 -26
right_child=-2 2 -4 5 -6 -7 7 8 12 14 -12 16 -14 -15 -16 -17 -18 18 19 -21 29 28 -24 39 41 -27 -28 -29 -30 -31 31 32 -34 36 35 -37 -38 40 -40 -41 -42 -43 -44 -45
leaf_value=0.0004038019930285084 0.00074844112055319728 -0.0020562503907691548 0.0015404925660954583 -0.00037435126517500195 0.0013128425255935225 -0.0010307545691728593 -0.0013404906696329513 0.0022144601431985699 0.00018724457388743761 -0.00047670566399271287 -0.0004467457992723212 -8.9436432806126362e-05 0.0004246502272518618 0.00039341936726123092 -0.0003930362974129179 0.00030596492637414486 0.00030742271347672389 -0.00020146171387750656 0.00027791506217407258 -0.00015818349823045236 -7.1273391038024185e-06 -8.794552070044336e-05 0.00027854862146983473 6.3630115085591871e-06 -3.0009341293147633e-05 0.000285020787985279 -0.00019475282868370414 0.00021562039772106802 0.00013804798892566136 -0.00018370208885663979 0.00018099218298383828 6.3383893917917322e-05 -0.00023739085356355648 0.00038383500844550635 0.00010102462329086848 -0.00026674070075387134 9.2696203080575097e-05 -9.2827009336490712e-05 -0.00047112861828457926 -0.0002574136435534015 -0.00032862016997699229 -0.00018852300941944123 3.0145350222786271e-05 -0.00027226119022816421
leaf_weight=63 33 54 45 52.5 36 37.5 18 11.999999999999998 50 11.999999999999998 36 56 35 30 34 40 46.5 32 29 36 150 42 34 30 52.5 39 60 64 157.5 52 48 34 50 30 40 40 72 56 31 33 28 67.5 100.5 37.5
leaf_count=42 18 36 18 21 24 15 12 8 40 8 27 38 30 20 24 32 33 26 22 26 108 24 26 20 21 21 36 34 63 36 40 28 40 20 30 30 52 44 22 22 20 27 42 24
internal_value=-2.1064e-12 -1.17444e-05 -0.000421367 8.49141e-06 6.2616e-05 -6.51409e-05 2.23942e-05 -3.60231e-07 0.000128071 -6.45761e-05 -2.05192e-05 -7.33092e-07 5.44342e-05 1.19504e-05 -3.10973e-05 -1.22231e-05 2.63969e-05 -2.96644e-05 -0.000145991 3.63836e-05 -3.30197e-05 7.08022e-06 7.16267e-05 9.36698e-06 -2.77968e-05 3.7543e-05 -1.60772e-05 7.32605e-05 9.04704e-05 -2.4146e-05 -9.00567e-06 3.35467e-05 -0.000115649 8.80355e-05 1.60858e-05 -8.2858e-05 0.000178325 -6.61059e-05 -0.000334155 -0.000131806 -0.000171425 -8.32596e-05 -4.59616e-05 -0.000130948
internal_weight=2136 2103 99 2004 1155 849 1119 1056 352 704 811.5 775.5 340 305 686 652 723 275 128 65 612 676.5 147 113 477 219 180 120 199.5 600 548 314 84 230 128 80 102 234 63 63 84 258 190.5 90
internal_count=1350 1332 54 1278 852 426 828 786 262 524 411 384 254 224 512 488 363 204 96 48 456 330 108 82 243 129 108 72 87 448 412 240 68 172 100 60 72 172 48 42 64 114 87 45
is_linear=0
shrinkage=0.08


Tree=159
num_leaves=45
num_cat=0
split_feature=37 27 11 0 37 16 16 5 37 16 37 2 15 15 31 37 2 32 10 32 21 33 9 18 32 30 32 35 19 5 37 15 22 32 20 34 35 18 18 18 0 33 32 18
split_gain=0.00471859 0.0236774 0.013616 0.00594851 0.00194477 0.0123799 0.00572434 0.0038744 0.000548456 0.000494444 0.000474226 0.00030484 0.000296971 0.000549986 0.000255999 0.00024875 0.000690493 0.000158892 0.000229983 0.000178626 0.000165481 0.000211303 0.000152203 0.000150909 0.000121944 0.000139931 0.000237529 0.000408341 0.000191021 0.000129181 0.00012136 0.000148536 0.000142764 0.000211642 0.000107772 9.1374e-05 0.000174473 0.00113661 0.000921074 0.000348281 0.000428396 0.000381124 0.000326938 0.000250284
threshold=17.590000000000003 11.900000000000002 9.9550000000000018 17.860000000000003 9.9350000000000005 6.0350000000000028 6.0350000000000028 11.974615384615387 9.9800000000000022 6.0453846153846165 17.355000000000004 17.475000000000005 1.0000000180025095e-35 0.15999999999999928 13.300000000000002 9.8850000000000033 17.400000000000002 12.800000000000002 7.6650000000000009 2.8000000000000003 3.0000000000000004 10.800000000000002 10.770000000000001 2.1000000000000005 19.000000000000004 9.1000000000000014 9.1000000000000014 1.5000000000000002 19.300000000000004 9.9200000000000017 10.105000000000002 2.4650000000000012 5.4000000000000012 0.3000000000000001 1.1000000000000003 54.70000000000001 1.5000000000000002 11.800000000000002 11.800000000000002 0.50000000000000011 16.495000000000001 0.70000000000000007 2.5000000000000004 0.50000000000000011
decision_type=2 2 2 2 2 2 2 2 2 2 2 2 2 2 2 2 2 2 2 2 2 2 2 2 2 2 2 2 2 2 2 2 2 2 2 2 2 2 2 2 2 2 2 2
left_child=2 3 4 -2 6 7 -1 -6 -7 -10 11 12 -11 -14 17 16 22 19 -19 30 21 23 24 -21 25 28 27 -27 35 -29 -15 32 33 -32 -16 36 38 43 39 40 41 -8 -41 -38
right_child=1 -3 -4 -5 5 8 15 -9 9 10 -12 -13 13 14 34 -17 -18 18 -20 20 -22 -23 -24 -25 -26 26 -28 29 -30 -31 31 -33 -34 -35 -36 -37 37 -39 -40 42 -42 -43 -44 -45
leaf_value=-0.0006341716043460064 -0.0013525092956565676 0.0028840004989650059 -0.0011792988455965228 0.00049116829565415778 0.0013687095140809552 -0.00055029831826686865 2.1541448184978909e-05 0.00039320555530139247 -0.0005128881490478913 -0.00055096533770362531 -0.00030459650668005151 0.00028405892559223703 0.00063516986038949759 0.00020783645706251263 -2.6172927960201545e-05 -0.00019876126341211299 0.0002379864065632599 0.00030236308618138233 -1.9471853178132462e-05 2.8886632068201388e-05 2.5025948336059673e-05 -0.00030995330704307116 -0.00016820261306646798 -0.00021438279460805161 9.95327353787919e-05 -0.00021103137868967858 -0.00023654844146221878 0.00015351071590114209 0.0001915980148655565 -1.8323798353473347e-05 -4.8672350504520262e-05 0.00018037069634172238 -6.699687474803336e-05 0.00024491948502448695 -0.00023760917286078136 0.00010355565377106571 -5.276472007648812e-05 -0.00048098910195024119 0.00045897724405707171 -0.00034540959997243726 -4.458755057010635e-05 0.00044660750457465101 1.069736365796857e-05 8.3623593122327845e-05
leaf_weight=97.5 21 21 63 24 57 11.999999999999998 27 48 11.999999999999998 5.9999999999999991 30 27 8.9999999999999982 30 27 37.5 79.5 30 27 51 105 27 36 24 72 51 42 52.5 34.5 60 33 36 87 30 36 49.5 225 34.5 30 33 102 27 33 139.5
leaf_count=39 21 21 33 24 27 6 27 24 6 6 30 15 9 15 18 18 33 24 18 42 75 21 15 21 36 30 24 30 27 24 33 30 78 30 30 27 117 21 21 27 51 21 24 81
internal_value=3.85251e-12 0.000665899 -2.12316e-05 -0.000369215 1.51203e-05 0.000117725 -4.53212e-05 0.000922765 -1.45589e-05 -4.3055e-06 5.61806e-06 2.15265e-05 8.82332e-06 1.4908e-05 4.6274e-06 3.93911e-06 1.06778e-05 2.45277e-05 0.000149915 7.6315e-06 -4.54734e-05 -0.000118046 -6.55731e-06 -4.89596e-05 -8.09923e-07 -8.49166e-06 -6.68504e-05 -2.32582e-05 7.82496e-06 6.18656e-05 5.85236e-05 3.44409e-05 -5.82207e-07 9.11333e-05 -0.000146994 -1.22596e-06 -9.19323e-06 -4.2107e-05 4.29203e-05 -1.33037e-05 5.18724e-05 0.000234074 -0.000167356 -5.66724e-07
internal_weight=2136 66 2070 45 2007 744 1263 105 639 627 615 585 558 552 543 1165.5 1128 480 57 423 207 102 1048.5 75 1012.5 940.5 205.5 163.5 735 112.5 216 186 150 63 63 700.5 651 399 252 222 156 54 66 364.5
internal_count=1350 66 1284 45 1251 558 693 51 507 501 495 465 450 444 435 654 636 387 42 345 159 84 603 63 588 552 108 84 444 54 186 171 141 63 48 417 390 219 171 150 99 48 51 198
is_linear=0
shrinkage=0.08


Tree=160
num_leaves=45
num_cat=0
split_feature=37 37 10 11 36 13 31 13 3 37 36 16 1 15 10 35 6 10 14 14 1 15 31 29 30 6 17 31 30 37 14 9 0 22 0 33 22 0 37 6 29 37 29 36
split_gain=0.0039976 0.111363 0.0548995 0.0422455 0.00914491 0.0835398 0.080001 0.0206512 0.00468277 0.00194306 0.00170558 0.00984552 0.00682449 0.0050462 0.00132894 0.00171644 0.00112674 0.000902993 0.00102137 0.000875497 0.000511264 0.00044402 0.000404236 0.000376615 0.000433002 0.00037403 0.000342344 0.000464319 0.000475383 0.000457245 0.000286824 0.000238497 0.00023007 0.00025665 0.000222606 0.000148007 0.000271693 0.000234862 0.000266424 0.000233535 0.000193688 0.000319158 0.000313762 0.000207502
threshold=11.760384615384618 11.345000000000002 9.9550000000000018 9.9200000000000017 2.5000000000000004 9.7450000000000028 0.70000000000000007 9.3250000000000011 17.955000000000002 14.640000000000002 2.5000000000000004 6.0057692307692303 17.795000000000005 -0.065000000000001265 9.5150000000000023 1.0000000180025095e-35 11.090000000000002 8.4150000000000009 7.4400000000000004 9.9350000000000005 17.475000000000005 1.0000000180025095e-35 4.6000000000000005 8.1000000000000014 3.1000000000000005 10.115 1.9000000000000001 0.50000000000000011 1.9000000000000001 6.6650000000000009 7.3450000000000015 10.065000000000003 16.625000000000004 70.600000000000009 14.200000000000001 2.3000000000000003 52.000000000000007 14.200000000000001 7.8200000000000012 6.9750000000000005 4.6000000000000005 9.8750000000000018 1.9000000000000001 1.5000000000000002
decision_type=2 2 2 2 2 2 2 2 2 2 2 2 2 2 2 2 2 2 2 2 2 2 2 2 2 2 2 2 2 2 2 2 2 2 2 2 2 2 2 2 2 2 2 2
left_child=1 2 8 4 5 14 -6 9 10 -8 12 -12 19 -13 15 16 25 18 -11 20 35 -15 26 24 -24 31 27 -23 -29 -28 -26 32 33 34 -2 36 37 -1 -39 -37 42 -42 43 -41
right_child=3 -3 -4 -5 6 -7 7 -9 -10 17 11 13 -14 21 -16 -17 -18 -19 -20 -21 -22 22 23 -25 30 -27 29 28 -30 -31 -32 -33 -34 -35 -36 39 -38 38 -40 40 41 -43 -44 -45
leaf_value=0.00014289187857684737 -6.0770423138323672e-05 -0.0038588944515989473 0.0029066712879354047 0.0037052315007895234 -0.0038471282150603658 0.0050544252297417677 0.00051456174309793363 0.0028090607188642025 -0.00082963404224978558 -0.00032361230563872275 0.0017556587590111627 0.0015659221944709621 -0.0010243357121944427 -0.00079452987346384258 -0.00052772864000871778 0.00053268922906782898 -0.00045924460784973282 -0.00063591788057237864 0.00032885449888583808 -0.00032804690284171596 0.00028700592999274916 -0.00018265410854447902 -0.00021809360122779846 -0.00021918336001036117 0.00025301536216455349 0.00032527966975149785 -6.0003980184167936e-05 0.00033928779451074866 -3.1805888343697944e-05 0.00032095382838108678 -3.601210708678751e-05 -0.00028433386795222762 -0.00020386119351314846 -0.00022137346304953101 0.00015961247027999805 -0.00020519437900778332 0.00023885007676047583 -0.00018990511647783793 1.4344501317934626e-05 -0.00015980089779629885 -8.3537354942867151e-06 -0.0002076461122002608 0.00015958560355257514 6.3011491775651963e-05
leaf_weight=64 44 48 42 21 35 22 37 20 45 34 22.5 13.499999999999998 45 4.4999999999999991 32 36 38 21 28 54 39 56 38.5 76.5 42.5 22 30 35.5 58.5 61.5 45.5 20 28 20 88 48 36 52 191 53.5 180 72 82 53.5
leaf_count=64 44 24 18 21 34 18 27 15 18 34 9 6 18 2 22 18 38 21 28 24 16 36 20 38 24 22 30 22 27 30 20 20 28 20 88 48 24 40 86 26 80 36 40 26
internal_value=-2.70918e-12 -6.41337e-05 5.39911e-05 0.000186763 4.60244e-05 0.000282118 -0.000426164 0.000429077 -2.58839e-05 3.24135e-05 -1.0257e-06 0.000121467 -6.22719e-05 4.19654e-05 -3.79753e-05 1.4971e-05 -5.67131e-05 -0.00018252 -2.89499e-05 -1.54688e-05 3.91035e-06 -3.85508e-06 4.1495e-06 -7.90617e-05 5.67588e-06 1.21887e-05 7.40952e-05 -2.97052e-07 0.000108341 0.00019605 0.000103575 -2.22513e-05 6.86898e-06 4.56877e-05 8.61515e-05 -9.35976e-06 3.09283e-05 6.54663e-06 -2.93632e-05 -3.76191e-05 -1.93796e-05 -6.52944e-05 4.18401e-05 -4.83947e-05
internal_weight=2136 1590 1542 546 525 350 175 140 1500 120 1455 485 970 462.5 328 296 260 83 62 925 871 449 444.5 203 126.5 222 241.5 150 94 91.5 88 200 180 152 132 832 343 307 243 489 441 252 189 107
internal_count=1350 852 828 498 477 318 159 125 810 110 792 264 528 255 300 278 260 83 62 510 486 249 247 102 64 222 145 85 49 60 44 200 180 152 132 470 214 190 126 256 208 116 92 52
is_linear=0
shrinkage=0.08


Tree=161
num_leaves=45
num_cat=0
split_feature=37 1 11 1 36 16 10 4 10 37 37 37 34 31 36 1 6 4 17 2 37 3 27 0 37 18 37 19 22 37 29 32 10 29 3 32 29 17 37 0 37 28 29 37
split_gain=0.00357115 0.0253312 0.0150865 0.00253698 0.00238852 0.088291 0.0672251 0.016935 0.00212601 0.00110647 0.00102036 0.00315045 0.000934751 0.00131827 0.00178766 0.000750469 0.000511411 0.000733477 0.00049367 0.000461956 0.000335731 0.000353027 0.000228114 0.000209165 0.000378959 0.00132742 0.000682349 0.00429679 0.00113952 0.000285687 0.000304113 0.000259478 0.000195787 0.000207161 0.000283369 0.000227016 0.000187745 0.000143188 0.000280903 0.0015517 0.000513058 0.000252406 0.000163651 0.00030039
threshold=17.590000000000003 17.795000000000005 9.9550000000000018 17.910000000000004 1.5000000000000002 6.0057692307692303 9.8950000000000014 17.710000000000004 9.8250000000000011 16.685000000000006 11.245000000000003 11.911538461538465 74.200000000000017 0.70000000000000007 2.5000000000000004 16.165000000000003 11.941153846153847 17.365000000000006 0.90000000000000013 17.365000000000006 16.495000000000001 17.020000000000003 1.9000000000000001 12.915000000000001 3.6250000000000004 0.50000000000000011 5.1700000000000008 4.7000000000000002 67.200000000000017 7.4050000000000011 19.000000000000004 4.2000000000000011 7.4050000000000011 7.3000000000000016 16.590000000000003 7.7000000000000011 3.3000000000000003 15.500000000000002 5.8000000000000007 14.240000000000002 7.4400000000000004 3.1000000000000005 1.0000000000000002 16.140000000000004
decision_type=2 2 2 2 2 2 2 2 2 2 2 2 2 2 2 2 2 2 2 2 2 2 2 2 2 2 2 2 2 2 2 2 2 2 2 2 2 2 2 2 2 2 2 2
left_child=2 -2 4 -3 5 -1 8 9 10 19 16 -12 13 14 -13 18 17 23 -15 22 -17 -22 37 -6 25 -25 27 -26 29 31 32 -28 -31 35 -35 -34 -20 38 39 -7 -40 42 -42 -44
right_child=1 3 -4 -5 6 7 -8 -9 -10 -11 11 12 -14 15 -16 20 -18 -19 36 -21 21 -23 -24 24 26 -27 28 -29 -30 30 -32 -33 33 34 -36 -37 -38 -39 40 -41 41 -43 43 -45
leaf_value=0.0033944887311122556 0.0028735624036441247 -0.0011335015871251624 -0.0012374674106046322 7.0533595668772863e-05 -0.00032685325461595006 9.8218495436215206e-05 -0.003358628351829554 -0.0018659672585885918 0.00070959422071932609 -0.00046656541685065767 0.00079044806823896419 -0.00011107114265541895 0.00040192416996102438 0.00038366099184548316 0.0007345433891168796 -0.00049224786258613069 0.00025985498286253356 -0.00026325984071763105 0.00011001544700075802 0.00027039604215526285 7.3187614519459505e-05 -0.00032291958996211179 -0.00018229256777299777 -0.00016784176862399494 0.00026960770463726173 0.00062598333371659894 6.9389119744300846e-06 -0.0011494935574856671 0.00038891546998401079 0.00016160553408553824 -0.00016889651495687389 -0.00025209251649423755 8.4803747804076208e-06 1.3516728573412908e-05 0.00025381658165513174 -0.00016742420872136699 -0.00016897280548475562 0.00017243234635961634 0.00029604996112772287 -0.00074583988884478454 -7.5211375448349353e-05 -0.00021552347011216308 8.7540004891150993e-05 -0.00021934616004886187
leaf_weight=49.5 21 21 63 24 11.999999999999998 46 38 33.5 31 33 44 32 44 22 32 30 45 71 26 40.5 24 36 45 28 36 26 45 22 49 64 54 55 230 99 46 59 38 31 39 20 92.5 34.5 181.5 23
leaf_count=22 21 21 33 24 12 46 18 16 16 33 22 32 32 22 32 22 18 30 26 18 24 36 20 28 36 26 30 22 36 32 24 28 102 44 20 26 38 26 21 20 58 17 97 23
internal_value=-1.24162e-12 0.000579304 -1.84706e-05 -0.000491349 1.97939e-05 0.000143217 -4.19176e-05 -0.00011657 5.50325e-05 -1.65618e-05 3.90424e-05 0.000160547 6.29567e-05 8.1271e-07 0.000311736 -0.00011225 -3.30994e-06 -1.65269e-05 5.67439e-05 1.02919e-05 -0.000273734 -0.000164477 -1.02627e-05 4.70705e-06 9.60093e-06 0.00021437 -4.96764e-06 -0.000268672 1.6851e-05 -1.11109e-05 1.14285e-05 -0.000135528 3.09818e-05 1.17193e-05 8.97498e-05 -2.74309e-05 -5.56338e-05 6.29635e-06 -5.50255e-06 -0.000157557 2.1584e-05 -1.07061e-05 1.30858e-05 5.30247e-05
internal_weight=2136 66 2070 45 2007 669 1338 619.5 1300 586 1269 328 284 240 64 176 941 896 86 553 90 60 512.5 825 813 54 759 58 701 652 552 100 498 434 145 289 64 467.5 436.5 66 370.5 331.5 297 204.5
internal_count=1350 66 1284 45 1251 417 834 395 816 379 800 286 264 232 64 168 514 496 86 346 82 60 328 466 454 54 400 58 342 306 248 58 224 192 64 128 64 308 282 66 216 195 178 120
is_linear=0
shrinkage=0.08


Tree=162
num_leaves=45
num_cat=0
split_feature=36 10 10 10 12 3 36 2 2 0 35 15 16 17 16 34 17 22 32 31 35 33 34 31 29 29 31 0 30 21 29 17 15 16 0 21 21 0 35 0 33 35 34 31
split_gain=0.00137895 0.0845349 0.064721 0.0119777 0.00359911 0.00277062 0.00315124 0.066627 0.0423745 0.000903154 0.000634557 0.0033842 0.000672029 0.00163367 0.00117592 0.000604 0.00142383 0.00096805 0.000470484 0.000323783 0.000561919 0.000387166 0.000393245 0.000248493 0.000246085 0.000368248 0.000376852 0.000334698 0.000220367 0.00021 0.000178255 0.000186566 0.000200674 0.000253008 0.000562841 0.000173164 0.000282568 0.000191502 0.000172182 0.000196276 0.000169314 0.000163956 0.00100492 0.000275115
threshold=1.5000000000000002 9.9200000000000017 9.9550000000000018 9.7700000000000014 9.9450000000000021 17.955000000000002 2.5000000000000004 17.860000000000003 17.860000000000003 17.820000000000004 1.5000000000000002 0.094999999999998877 6.8350000000000017 3.7000000000000006 7.9600000000000017 103.00000000000001 13.900000000000002 40.300000000000004 7.1000000000000005 1.3 1.0000000180025095e-35 1.9000000000000001 36.300000000000004 5.7000000000000002 8.9000000000000021 6.0000000000000009 8.8000000000000025 17.345000000000002 7.5000000000000009 5.0000000000000009 26.500000000000004 15.500000000000002 3.1650000000000005 7.1300000000000008 14.640000000000002 2.3000000000000003 0.70000000000000007 16.765000000000004 1.5000000000000002 14.055000000000001 3.5000000000000004 1.0000000180025095e-35 45.000000000000007 3.3000000000000003
decision_type=2 2 2 2 2 2 2 2 2 2 2 2 2 2 2 2 2 2 2 2 2 2 2 2 2 2 2 2 2 2 2 2 2 2 2 2 2 2 2 2 2 2 2 2
left_child=1 3 4 9 5 6 8 10 24 30 11 -8 18 14 -14 16 17 19 23 20 -13 -21 -23 -12 25 26 35 -26 -24 -28 31 32 33 41 38 36 37 -2 39 -35 -19 42 43 -1
right_child=2 -3 -4 -5 -6 -7 7 -9 -10 -11 12 15 13 -15 -16 -17 -18 40 -20 21 -22 22 28 -25 27 -27 29 -29 -30 -31 -32 -33 -34 34 -36 -37 -38 -39 -40 -41 -42 -43 -44 -45
leaf_value=0.00029849233998296163 1.9113678915299855e-05 0.0037368170694484339 -0.0030658955166158693 -0.0016038282287208308 0.00087627159981903708 0.00053610295720511313 0.0016528325983219678 -0.0039731814251704649 0.003202241683209484 -0.00033506932397313376 0.00029931771529323248 0.00046211847729864529 -0.00025163295380771158 -0.00079835045191904784 0.00042034451222862119 0.00042453059973195193 0.00064124367781914771 -0.00016457205064241486 -0.00011496981275418113 -0.00018385902221780271 2.3596849240776564e-05 -9.4288707503841987e-05 7.8960519102919439e-05 4.4325940566612225e-05 3.4634354740901047e-06 -0.00018904541030918297 0.00026592415370298237 0.00024816592459124748 0.00037253826654826599 -6.5967748127686864e-06 0.00017799586882112455 0.00016675654478603974 -0.0001854719653151779 -4.8992497000941325e-05 -0.00041979695970224124 3.0072903985155503e-05 -0.00031700167534572462 -0.00018510078841989689 -0.00017362733914827306 0.00025126653321256692 -0.00044295964797061904 4.4627615229704629e-05 -0.00056807861541165042 -9.8002725059077856e-05
leaf_weight=24 88.5 38.5 44 33 33 66 8.9999999999999982 27.5 27.5 60.5 47 32 50 23 25 30 24 29 62 48 45 45 36 51 129 85.5 44.5 49.5 30 30.5 30.5 32 49.5 38 29.5 110.5 31 44 30 22 27 283.5 20 21
leaf_count=24 66 21 24 18 18 36 6 15 15 33 20 32 20 20 25 20 22 22 26 34 32 32 24 21 81 48 27 27 20 21 18 27 27 38 21 81 21 24 30 22 20 130 20 21
internal_value=4.07178e-12 9.09032e-05 -4.54516e-05 -0.000117512 5.08524e-05 3.06306e-05 4.58748e-06 -0.000120887 0.000130062 -4.09337e-05 5.19319e-05 0.000121321 -4.35452e-05 -0.000208521 -2.76405e-05 8.14839e-05 4.89161e-05 2.31683e-07 5.75027e-05 7.11871e-05 0.00020584 5.978e-06 8.80697e-05 0.000166618 -7.75992e-06 -4.02482e-05 -3.79498e-06 7.13221e-05 0.000212405 0.000155099 -1.02523e-05 -2.0701e-05 -3.22926e-05 -1.6091e-05 -0.000116541 -4.72878e-05 -9.95714e-05 -4.87009e-05 -1.71408e-05 6.11025e-05 -0.000298795 1.83533e-05 -9.62433e-05 0.000113461
internal_weight=2136 712 1424 673.5 1380 1347 1281 640.5 640.5 640.5 613 355 258 98 75 346 316 292 160 236 77 159 111 98 613 434.5 349 178.5 66 75 580 549.5 517.5 468 119.5 274 163.5 132.5 90 60 56 348.5 65 45
internal_count=1350 450 900 429 876 858 822 411 411 411 396 264 132 65 45 258 238 216 67 174 64 110 76 41 396 288 240 108 44 48 378 360 333 306 111 192 111 90 90 60 42 195 65 45
is_linear=0
shrinkage=0.08


Tree=163
num_leaves=45
num_cat=0
split_feature=37 11 10 36 4 11 0 7 11 1 12 37 34 37 26 14 14 34 30 34 29 36 19 36 15 3 9 34 37 18 0 37 18 30 18 1 9 16 34 19 36 37 37 37
split_gain=0.00360979 0.0890875 0.0518537 0.0395031 0.256958 0.243415 0.00424475 0.00328536 0.00311599 0.0020308 0.0015957 0.00155624 0.00204641 0.00109022 0.000863637 0.000796431 0.00156903 0.000588583 0.000570213 0.000322423 0.000640973 0.000382621 0.000209209 0.000170865 0.00186681 0.000856753 0.00037956 0.000399012 0.00077735 0.00280262 0.00212645 0.000241214 0.000699997 0.00021375 0.000160347 0.000131741 0.000201271 0.000192184 0.000219107 0.00018094 0.000306841 0.00017011 0.000792051 0.000167735
threshold=11.703076923076924 9.9450000000000021 9.9550000000000018 1.5000000000000002 17.890000000000004 9.8250000000000011 17.795000000000005 11.974615384615387 9.6300000000000008 17.430000000000003 9.2200000000000006 17.335000000000004 74.200000000000017 9.7850000000000019 6.6000000000000005 8.4850000000000012 7.5750000000000002 53.900000000000013 5.5000000000000009 43.900000000000013 5.1000000000000005 2.5000000000000004 3.7000000000000006 2.5000000000000004 -0.065000000000001265 17.355000000000004 10.025 59.500000000000007 5.2400000000000011 2.5000000000000004 15.195000000000002 8.2800000000000011 1.5000000000000002 3.1000000000000005 1.0000000180025095e-35 17.355000000000004 9.9200000000000017 6.1300000000000008 59.500000000000007 0.90000000000000013 1.5000000000000002 2.2750000000000004 2.3250000000000006 5.1300000000000017
decision_type=2 2 2 2 2 2 2 2 2 2 2 2 2 2 2 2 2 2 2 2 2 2 2 2 2 2 2 2 2 2 2 2 2 2 2 2 2 2 2 2 2 2 2 2
left_child=2 3 6 4 10 8 9 -8 11 23 15 12 17 -11 -13 16 18 19 22 20 21 -5 -2 24 -1 26 27 28 29 -25 -30 -32 33 -33 -23 36 37 -26 41 -38 -41 -39 -43 -44
right_child=1 -3 -4 5 -6 -7 7 -9 -10 13 -12 14 -14 -15 -16 -17 -18 -19 -20 -21 -22 34 -24 25 35 -27 -28 -29 30 -31 31 32 -34 -35 -36 -37 39 38 -40 40 -42 42 43 -45
leaf_value=-0.00082983613221181769 9.6021714740462841e-05 -0.0052865139102297167 0.0028351455997853055 -3.333306187751414e-05 0.0093094390435587791 -0.0082421466025213407 -0.00094922540656157905 -8.2658404173950351e-05 0.00097720151883549998 7.2974909924798537e-05 -0.00077749166812282058 -0.00058392938747096597 0.00056410648778322731 0.00059972353279590606 5.2290217188948937e-05 0.00045393885555677118 -0.00049936775502283128 -0.00035426473576360599 0.00042279749786337979 0.00034006297207352792 -0.00024499222979515749 0.00043408365348692645 -0.00023101081606000662 0.00017297525569242805 -0.00023198354515005596 0.00041151658424900639 -0.00015621534079995032 0.0002601438214617741 0.00096292412359616725 -0.00096723844508894469 0.00013927860551925957 -5.0903931427914821e-05 -0.00033530279615661128 0.00017655564024860024 0.00015351999987615273 -0.00011805460684829288 0.00016119094703484466 0.00051854990422725675 -0.00022716707196728938 0.00012661453385173885 -9.99704637207864e-05 -0.0011264904495328664 9.5297698394906718e-05 -1.9629852764774114e-05
leaf_weight=18 31 21 42 54 21 24 52.5 60 24 45 20 36 52 57 22 20 40 26 26 22 44 22 21 37 27 36 76.5 46 15.999999999999998 22 61 55.5 40 50.5 32 63 81 3.9999999999999991 29 76.5 76.5 3.9999999999999991 102 400
leaf_count=8 31 18 18 54 14 18 21 24 18 18 18 36 36 27 22 16 36 22 26 20 44 22 21 37 12 16 34 26 15 22 28 25 20 23 32 28 36 4 24 34 34 4 102 206
internal_value=1.47955e-13 -0.000174891 6.18435e-05 2.50051e-05 0.000995367 -0.000460176 -1.3989e-05 -0.000487056 9.90079e-05 2.33978e-05 -0.000109668 3.10187e-05 0.000117011 0.000367334 -0.000342605 -1.28823e-05 -9.20045e-05 7.66696e-07 0.0001169 5.38174e-05 1.23871e-05 0.000117245 -3.60491e-05 -3.14896e-06 -2.34898e-05 3.75327e-05 4.24856e-06 4.16738e-05 6.03688e-06 -0.000252189 7.43568e-05 5.67524e-06 -5.01453e-05 5.74612e-05 0.000267824 -6.67143e-06 2.1e-06 -2.3701e-05 -1.32675e-05 6.45074e-05 1.3322e-05 -1.10458e-06 -5.21253e-06 3.72196e-06
internal_weight=2136 558 1578 537 179 358 1536 112.5 334 1423.5 158 310 252 102 58 138 118 200 78 174 152 108 52 1321.5 881 440.5 404.5 328 282 59 223 207 146 106 54 863 800 566 539 234 153 510 506 502
internal_count=1350 504 846 486 162 324 828 45 306 783 148 288 230 45 58 130 114 194 78 172 152 108 52 738 492 246 230 196 170 59 111 96 68 48 54 484 456 352 340 104 68 316 312 308
is_linear=0
shrinkage=0.08


Tree=164
num_leaves=45
num_cat=0
split_feature=4 4 35 36 10 4 36 35 2 27 10 29 17 29 27 4 31 31 22 22 19 22 35 19 5 33 19 35 16 19 31 21 30 17 21 36 17 2 2 35 36 30 22 3
split_gain=0.00306835 0.0023424 0.0882397 0.00129232 0.00316162 0.00145505 0.00143323 0.00104924 0.000728061 0.000540382 0.000296258 0.00020341 0.000167851 0.000152488 0.000218636 0.000144564 0.000141852 0.00013444 0.000132993 9.4407e-05 0.000130497 7.96289e-05 0.000184414 0.000679921 5.26088e-05 6.22357e-05 6.17444e-05 0.00010917 0.000408945 0.000132377 0.000128653 8.86417e-05 8.39096e-05 6.11379e-05 9.47031e-05 5.82845e-05 5.31744e-05 6.61456e-05 0.000243736 9.11006e-05 5.37154e-05 0.000133384 0.000127116 0.000190348
threshold=17.98 17.935000000000006 1.5000000000000002 2.5000000000000004 9.6300000000000008 17.545000000000005 1.5000000000000002 1.5000000000000002 17.680000000000003 8.7000000000000011 9.5600000000000005 1.5000000000000002 8.9000000000000021 37.000000000000007 6.6000000000000005 16.380000000000006 10.800000000000002 4.6000000000000005 10.600000000000003 26.300000000000008 8.2000000000000011 21.100000000000005 1.5000000000000002 0.3000000000000001 9.9050000000000029 12.800000000000002 0.3000000000000001 1.0000000180025095e-35 6.4650000000000007 0.70000000000000007 4.6000000000000005 1.1000000000000003 6.3000000000000016 13.900000000000002 8.9000000000000021 1.5000000000000002 11.500000000000002 14.110000000000001 14.365000000000002 1.0000000180025095e-35 1.5000000000000002 8.8000000000000025 61.800000000000004 16.740000000000006
decision_type=2 2 2 2 2 2 2 2 2 2 2 2 2 2 2 2 2 2 2 2 2 2 2 2 2 2 2 2 2 2 2 2 2 2 2 2 2 2 2 2 2 2 2 2
left_child=1 3 -3 5 8 10 7 -7 11 -8 13 21 15 14 24 18 17 -17 -13 -20 -21 22 23 -5 25 33 32 28 30 -29 -28 -31 -26 36 -35 -33 37 39 -39 -1 42 -42 43 -40
right_child=-2 2 -4 4 -6 6 9 -9 -10 -11 -12 12 -14 -15 -16 16 -18 -19 19 20 -22 -23 -24 -25 26 -27 27 29 -30 31 -32 35 -34 34 -36 -37 -38 38 40 -41 41 -43 -44 -45
leaf_value=-5.6314354130466071e-05 0.0007654280463854472 -0.0028182299232317343 0.0024362184007962547 0.00017951368259504265 0.00067678369014439262 -0.00023078295732072246 0.00014846523320584588 -0.00078555878438055519 0.00032166751254011287 -0.00025115639164850312 -0.00024425467194029779 -3.2915893839452214e-05 -0.00015184863668048023 0.0001683535212368676 -0.00020898474027600253 -8.4974297136719624e-05 -0.00018040594756724189 7.0163100970895977e-05 0.0002134550336972121 -4.6043295336708634e-05 0.00017716756440237195 0.00018547750982390935 0.00018005953189761687 -0.00032173387039902401 -0.00010163218621164561 -0.00011590374639765927 -0.00014139370283704591 0.00012900954543578405 0.00043162549403496088 -9.9825045369841429e-05 0.00013895477331243457 -2.8958231624629764e-05 3.2161328990971949e-05 0.00017028497997671367 -4.4550147140398626e-05 6.4452877731133285e-05 -0.00010703603940783069 -0.000245764485890201 -7.7575661248581378e-05 8.7987358690172965e-05 -9.3964543605766938e-05 5.7320595991894095e-05 0.00015771432391678292 0.00013569835706480913
leaf_weight=42 33 45 37.5 43 55 48 49.5 40 55 38.5 33 63.5 49.5 33 33 71.5 38.5 71.5 38.5 36.5 31 43 48 29 55 37 22 54 20 54 20 85.5 66 29 24 85.5 39 30 88 84 104.5 58 36 38.5
leaf_count=42 18 30 15 36 30 32 27 16 30 21 18 36 36 18 18 39 21 39 24 27 24 33 30 24 30 30 22 24 20 24 20 38 36 24 24 38 24 30 51 84 63 36 27 21
internal_value=-1.54968e-12 -1.2011e-05 -0.000429844 5.04975e-06 9.55313e-05 -4.0191e-05 -0.000254662 -0.000482954 4.38436e-05 -2.63692e-05 -7.95636e-06 1.67268e-05 -1.39367e-05 -1.10412e-06 -6.16485e-06 5.51238e-06 -4.41026e-05 -7.4056e-06 5.864e-05 0.000113487 5.64684e-05 9.20687e-05 5.85972e-05 -2.23777e-05 7.86735e-08 -1.53447e-05 2.04428e-05 3.78642e-05 0.000133886 1.6526e-05 -7.89443e-06 -1.047e-05 -2.86539e-05 -8.85131e-06 7.30011e-05 1.77473e-05 -1.7194e-05 -9.90947e-06 -2.75836e-05 3.98868e-05 -7.44386e-06 -3.99674e-05 2.50797e-05 -1.26662e-05
internal_weight=2136 2103 82.5 2020.5 673.5 1347 176 88 618.5 88 1171 563.5 400.5 1138 1105 351 181.5 143 169.5 106 67.5 163 120 72 1072 610 462 341 62 279 42 225 121 573 53 171 520 481 355 126 325 162.5 162.5 126.5
internal_count=1350 1332 45 1287 429 858 96 48 399 48 762 369 246 744 726 210 99 78 111 75 51 123 90 60 708 456 252 186 62 124 42 100 66 426 48 76 378 354 228 126 198 99 99 72
is_linear=0
shrinkage=0.08


Tree=165
num_leaves=45
num_cat=0
split_feature=4 4 27 25 25 0 8 1 19 32 34 33 15 32 30 34 30 34 16 16 0 30 4 15 0 21 18 0 0 22 16 18 24 22 0 16 1 15 32 16 32 32 24 0
split_gain=0.00259705 0.00198261 0.000357429 0.000210534 0.00017711 0.000141712 0.000256896 9.41183e-05 7.98319e-05 6.093e-05 4.62183e-05 2.50478e-05 4.66229e-05 6.53318e-05 4.51352e-05 4.50201e-05 7.29072e-05 4.91002e-05 6.32736e-05 3.96742e-05 4.44081e-05 3.38822e-05 5.94267e-05 4.15146e-05 8.69032e-05 2.67063e-05 3.20292e-05 4.24221e-05 3.27087e-05 1.94689e-05 1.93496e-05 1.86712e-05 1.4881e-05 1.24898e-05 1.18782e-05 9.44149e-06 8.39454e-06 8.23597e-06 6.99306e-06 6.11251e-06 6.02298e-06 5.87152e-06 4.53938e-06 4.31973e-06
threshold=17.98 17.935000000000006 19.500000000000004 19.500000000000004 5.8000000000000007 17.475000000000005 11.130000000000001 17.630000000000006 25.300000000000001 6.3000000000000016 130.90000000000003 1.0000000180025095e-35 1.9903846153846161 1.0000000180025095e-35 2.1000000000000005 4.9000000000000012 1.0000000180025095e-35 7.5000000000000027 7.1300000000000008 9.1650000000000009 12.915000000000001 1.0000000000000002 17.400000000000002 2.1715384615384621 16.495000000000001 1.0000000180025095e-35 4.2000000000000011 15.280000000000003 14.570000000000002 53.300000000000004 7.280000000000002 2.3000000000000003 9.5000000000000018 8.6000000000000032 16.380000000000006 6.3150000000000004 16.195000000000004 2.5457692307692312 11.700000000000001 7.5050000000000017 5.1000000000000005 14.900000000000002 1.9000000000000001 16.175000000000004
decision_type=2 2 2 2 2 2 2 2 2 2 2 2 2 2 2 2 2 2 2 2 2 2 2 2 2 2 2 2 2 2 2 2 2 2 2 2 2 2 2 2 2 2 2 2
left_child=1 2 3 4 5 6 8 -7 10 -6 11 12 14 -14 -1 16 -13 18 -17 21 -21 30 23 24 -23 -25 29 28 -28 33 36 -18 -11 34 38 -29 -19 -31 -27 -32 -26 -37 43 -35
right_child=-2 -3 -4 -5 9 7 -8 -9 -10 32 -12 15 13 -15 -16 17 31 19 -20 20 -22 22 -24 25 40 26 27 35 -30 37 39 -33 -34 42 -36 41 -38 -39 -40 -41 -42 -43 -44 -45
leaf_value=0.00015287230378421753 0.00070419370224981601 -0.00039545685718908461 -0.00020767669725546973 -0.00015292362055995248 0.00013834184653718364 -0.00016498471412694816 0.00023253564581726536 -8.9793708739858681e-06 -0.00012224193910757701 8.1483523050944007e-05 -8.4162433913937128e-05 0.0001536292909388093 -0.00010388948562279067 5.0008444174868516e-05 3.3672541765627835e-05 2.3936029086171679e-05 -4.0554952219180355e-05 -2.1373590539124881e-05 -0.00012409413521665902 2.228533935353712e-06 0.00014732415287720937 -0.0001425096780007732 0.00011660837221301556 7.1824504664600496e-05 -1.8909577235598304e-05 -1.8486846379484191e-05 3.343233260912476e-05 3.2474985991269996e-05 0.00015795682367213346 -1.6807773541929065e-05 -8.8137941544546796e-05 4.4137425118543464e-05 2.345746002075347e-05 2.740757823314356e-05 -4.522105725952471e-05 -1.661625342458729e-05 2.0298552969846912e-05 -7.4121288217914599e-05 2.4037353054742621e-05 -4.0396297372700206e-05 1.8006213887763973e-05 2.1411123582058485e-05 4.449618147742568e-05 1.3321752876344353e-06
leaf_weight=34.5 33 82.5 49.5 49.5 82.5 49.5 33 49.5 30 49.5 33 34.5 27 51 49.5 33 27 82.5 42 27 27 34.5 33 49.5 49.5 49.5 27 115.5 27 34.5 25.5 43.5 66 69 49.5 61.5 49.5 30 49.5 52.5 66 45 33 99
leaf_count=27 18 45 27 27 45 27 18 27 27 27 18 27 27 36 27 18 27 45 27 27 27 27 18 27 27 27 27 63 27 27 18 36 36 45 27 36 27 27 27 45 36 27 18 54
internal_value=-4.40584e-12 -1.10501e-05 4.64578e-06 9.97807e-06 1.41746e-05 5.94237e-06 1.16054e-05 -8.6982e-05 7.02433e-06 8.58325e-05 9.50783e-06 1.15302e-05 4.12735e-05 -3.26392e-06 8.26296e-05 8.00405e-06 5.83353e-05 3.81477e-06 -5.89609e-05 7.78289e-06 7.47763e-05 4.5885e-06 1.11906e-05 7.27967e-06 -3.10947e-05 1.50635e-05 1.09915e-05 3.21013e-05 9.56946e-05 -3.08168e-06 -2.44136e-05 1.1702e-05 4.83258e-05 4.37107e-06 -1.32235e-05 1.66327e-05 -5.74654e-06 -4.34652e-05 2.77525e-06 -5.60041e-05 2.18516e-06 -5.48348e-07 1.73701e-05 1.20417e-05
internal_weight=2136 2103 2020.5 1971 1921.5 1723.5 1624.5 99 1591.5 198 1561.5 1528.5 162 78 84 1366.5 105 1261.5 75 1186.5 54 1132.5 922.5 889.5 150 739.5 690 276 54 414 210 70.5 115.5 349.5 148.5 222 132 64.5 99 78 115.5 106.5 201 168
internal_count=1350 1332 1287 1260 1233 1125 1071 54 1053 108 1026 1008 117 63 54 891 90 801 45 756 54 702 567 549 90 459 432 180 54 252 135 63 63 198 81 126 72 54 54 63 63 63 117 99
is_linear=0
shrinkage=0.08


Tree=166
num_leaves=45
num_cat=0
split_feature=37 37 11 10 36 13 15 3 4 10 37 37 23 9 5 16 15 36 23 30 20 37 20 15 20 29 29 19 37 0 21 36 21 21 37 37 18 18 23 8 30 36 37 21
split_gain=0.0038911 0.0911267 0.045017 0.0426434 0.00669709 0.0746656 0.0686968 0.0165156 0.00461272 0.00161114 0.00126546 0.00118326 0.00114625 0.000938816 0.000911765 0.000832797 0.000724713 0.000358925 0.000263679 0.000199843 0.000391351 0.000176703 0.000822949 0.000620889 0.000160045 0.000141135 0.000109205 9.70618e-05 0.000147171 0.000856352 0.000230436 9.51772e-05 0.000392242 9.01962e-05 0.000138458 8.89857e-05 0.000334947 0.000228857 5.29169e-05 7.96224e-05 5.21016e-05 5.02121e-05 0.000299298 0.000177489
threshold=11.760384615384618 11.345000000000002 9.9200000000000017 9.9550000000000018 2.5000000000000004 9.7450000000000028 1.8492307692307708 17.935000000000006 17.935000000000006 9.4850000000000012 17.380000000000006 14.640000000000002 4.4000000000000012 9.9550000000000018 10.105000000000002 5.9461538461538463 -0.15000000000000033 1.5000000000000002 13.000000000000002 4.6000000000000005 2.5000000000000004 9.9200000000000017 0.3000000000000001 1.0000000180025095e-35 0.90000000000000013 24.700000000000006 5.5000000000000009 15.500000000000002 6.3050000000000006 14.760000000000003 15.500000000000002 1.5000000000000002 3.3000000000000003 7.6000000000000005 2.7650000000000001 5.2400000000000011 2.1000000000000005 0.3000000000000001 5.4000000000000012 10.105000000000002 1.0000000180025095e-35 1.5000000000000002 7.4800000000000013 1.0000000180025095e-35
decision_type=2 2 2 2 2 2 2 2 2 2 2 2 2 2 2 2 2 2 2 2 2 2 2 2 2 2 2 2 2 2 2 2 2 2 2 2 2 2 2 2 2 2 2 2
left_child=1 3 4 8 5 9 -6 11 15 10 14 -8 13 -13 19 -1 -17 -16 21 26 -21 23 -23 -18 -24 27 -2 28 29 33 38 -26 -33 34 -25 36 37 40 39 41 -36 42 -30 -44
right_child=2 -3 -4 -5 6 -7 7 -9 -10 -11 -12 12 -14 -15 17 16 18 -19 -20 20 -22 22 24 25 31 -27 -28 -29 30 -31 -32 32 -34 -35 35 -37 -38 -39 -40 -41 -42 -43 43 -45
leaf_value=-0.00031720570545820963 -2.5621180817403871e-06 -0.0034959732506346583 0.0038163107065927416 0.0025577517332775251 -0.0034262067888787872 0.0047527348766611384 0.00045894143599513418 0.0025213905211005894 -0.00090291896661122645 -0.0005514067756992422 -0.00045597696368692114 -0.00017171786684128974 -0.00061267022229731082 0.00047423212439753117 0.00051443933902191926 0.00059063082905831167 0.00035036572918408746 0.00013553304743254557 0.00019552845208124184 -0.0003155607369909477 5.7463362916476197e-05 -0.00038179677108238485 0.00014212648206878277 0.00020478963331697743 -0.00012733801753104975 0.0001393423088887792 0.00017787593649700283 -0.00011217279622710689 0.00021180431841008634 0.00054192477360456479 -0.00019386829756614233 0.00017233888152986765 -0.00015107691433513537 -0.00012357153602836964 0.00010145560920204002 -0.00015503375042629029 0.00022685301684153577 -0.00027365755386805782 -8.4770535518016138e-05 6.8688237444601135e-05 -5.1727352896705267e-05 -2.8539036721863515e-05 3.6620211201153258e-05 -0.00013934474422643752
leaf_weight=52.5 92 48 21 42 37 22 37 21 37.5 38 34 36 20 24 32 13.499999999999998 33 32 43.5 36 36 43.5 42 24 48 43.5 28 54 41.5 21 45 48 48 30 27 21 36 24 52.5 90 30 395 97 59
leaf_count=21 92 24 21 18 36 18 29 14 15 26 34 36 20 24 24 6 15 24 18 36 36 21 21 24 24 24 28 39 19 21 24 24 24 30 27 21 36 24 21 36 30 176 43 26
internal_value=-1.43955e-12 -6.32737e-05 0.000184259 4.35808e-05 3.89764e-05 0.000241017 -0.000365105 0.000455626 -2.6816e-05 -6.15983e-05 2.58347e-06 8.48475e-05 -8.8171e-05 8.66621e-05 6.3486e-05 -4.35183e-06 7.29699e-06 0.000324986 1.65789e-06 -2.36807e-05 -0.000129049 -4.5752e-06 -6.85425e-05 8.49154e-06 4.71861e-06 -1.85403e-06 3.95401e-05 -7.72035e-06 -2.04016e-06 5.68964e-05 -1.81344e-05 -3.53587e-05 1.0631e-05 3.84638e-06 2.74423e-05 -3.40073e-06 2.38155e-05 -6.64235e-05 -7.37514e-06 -1.42165e-06 2.0833e-05 -1.20713e-05 2.08643e-05 -2.99306e-05
internal_weight=2136 1590 546 1542 525 350 175 138 1500 328 290 117 80 60 256 1462.5 1410 64 1396.5 192 72 1353 229.5 1123.5 186 1090.5 120 1047 993 213 780 144 96 192 162 138 117 81 735 682.5 57 592.5 197.5 156
internal_count=1350 852 498 828 477 318 159 123 810 300 274 109 80 60 240 795 774 48 768 192 72 750 114 636 93 621 120 597 558 213 345 72 48 192 162 138 117 81 321 300 57 264 88 69
is_linear=0
shrinkage=0.08


Tree=167
num_leaves=45
num_cat=0
split_feature=37 37 10 12 36 14 31 14 4 4 37 37 16 3 22 16 28 27 5 34 24 22 34 37 14 3 31 36 36 32 7 37 36 37 37 16 36 19 32 16 37 4 31 31
split_gain=0.00329342 0.0771296 0.0360934 0.0319031 0.00614521 0.0729619 0.0637003 0.0188219 0.00390421 0.00352622 0.00135461 0.000957611 0.000715454 0.00070763 0.000705915 0.00103332 0.000682924 0.000305509 0.000436061 0.000184923 0.000179878 0.000173496 0.000147416 0.000116737 0.000840891 0.000463128 0.000178607 0.000224968 0.00025635 0.000113815 0.000196595 0.000232148 0.00040898 0.000269794 0.000773903 0.000338727 0.000307989 0.000510713 0.000323249 0.000233076 0.000117227 0.000280967 0.000209653 0.000256076
threshold=11.760384615384618 11.345000000000002 9.9550000000000018 9.8950000000000014 2.5000000000000004 9.5600000000000005 0.70000000000000007 9.1850000000000005 17.935000000000006 17.935000000000006 14.640000000000002 17.380000000000006 5.9665384615384607 17.590000000000003 3.4000000000000004 6.5600000000000014 64.400000000000006 6.2000000000000011 10.105000000000002 72.000000000000014 7.5000000000000009 70.600000000000009 40.70000000000001 9.9200000000000017 7.8350000000000009 17.430000000000003 9.1000000000000014 1.5000000000000002 2.5000000000000004 2.8000000000000003 10.105000000000002 9.7050000000000018 2.5000000000000004 5.3900000000000015 5.1300000000000017 6.955000000000001 2.5000000000000004 0.3000000000000001 0.50000000000000011 6.785000000000001 9.4550000000000018 16.590000000000003 3.9000000000000004 7.3000000000000016
decision_type=2 2 2 2 2 2 2 2 2 2 2 2 2 2 2 2 2 2 2 2 2 2 2 2 2 2 2 2 2 2 2 2 2 2 2 2 2 2 2 2 2 2 2 2
left_child=1 2 8 4 5 9 -6 10 12 11 -8 16 -1 23 -12 -16 17 18 19 21 -13 22 -2 25 26 29 27 -25 -29 30 31 33 -33 34 36 39 38 -38 -14 -35 42 -42 -31 -44
right_child=3 -3 -4 -5 6 -7 7 -9 -10 -11 14 20 13 -15 15 -17 -18 -19 -20 -21 -22 -23 -24 24 -26 -27 -28 28 -30 40 -32 32 -34 35 -36 -37 37 -39 -40 -41 41 -43 43 -45
leaf_value=-0.00027452945150434972 -4.370024889121177e-06 -0.0032162953276808066 0.0023531315990147138 0.0030214519472792746 -0.0034002089226684933 0.0043090063363062934 0.00042323591617437513 0.0026890715021872891 -0.00083068542480468747 -0.0010295395897022292 -0.00053765179830158802 -0.00021610911563038827 5.0231418537441643e-05 0.00032518894593606051 0.00028846612567025607 -0.00039339183438569307 0.00044133780659952516 -0.00027715424240644398 0.00031805034419189076 -0.00023854355243119329 -0.0005554049296770245 -0.00021157788531854749 0.00019112648191367044 0.00023726475025926319 -0.00030808308487379453 0.00026877859562990212 -9.5256346394307915e-05 -0.00012925256287590379 0.00015025701462512925 7.6437238815179587e-05 -0.00022767407121136786 -8.6150015213425795e-06 -0.00031619821630238769 7.7583131670204842e-05 -0.00051765723469933227 0.00025610284028443125 -0.00010134517234594872 0.00045021336242577741 -0.00026416046350883943 -0.0001310013679903932 0.00022644737549988483 -3.5389345824061068e-05 -0.00014653712182809584 1.5684710600628301e-05
leaf_weight=60 108 48 42 24 35 26 39 20 37.5 24 22 20 50 43.5 33 25 24 24 28 22 20 20 32 42 61.5 42 48 42 42 168 30 83 41.5 120 21 49.5 21 22 36 48 54 51 91.5 195
leaf_count=24 108 24 18 24 34 24 28 16 15 16 22 20 50 18 33 25 12 14 28 22 20 20 32 21 30 18 24 21 21 96 12 40 20 51 21 27 21 22 36 24 27 24 48 99
internal_value=-1.06394e-12 -5.82118e-05 4.00943e-05 0.000169518 3.83944e-05 0.000232487 -0.00034979 0.000418301 -2.46707e-05 -9.66734e-05 3.66592e-05 -2.15433e-05 -4.00368e-06 7.56962e-06 -0.000151797 -5.43817e-06 3.4924e-05 -6.7595e-06 2.41428e-05 -2.10738e-05 -0.000385757 8.82829e-06 4.03149e-05 -2.59701e-06 -5.38094e-05 8.13776e-06 3.60632e-05 8.60897e-05 1.05022e-05 -1.98421e-06 -2.88526e-05 -1.67293e-05 -0.000111143 1.52556e-05 -6.72837e-05 7.21793e-05 6.03287e-06 0.000180848 -8.13745e-05 1.79876e-05 2.30833e-05 9.92695e-05 5.48257e-06 -3.61244e-05
internal_weight=2136 1590 1542 546 522 348 174 139 1500 322 119 298 1462.5 1402.5 80 58 258 234 210 182 40 160 140 1359 235.5 1123.5 174 126 84 1081.5 522 492 124.5 367.5 150 217.5 129 43 86 168 559.5 105 454.5 286.5
internal_count=1350 852 828 498 474 316 158 124 810 292 108 276 795 771 80 58 236 224 210 182 40 160 140 753 117 636 87 63 42 618 324 312 60 252 150 102 129 43 86 75 294 51 243 147
is_linear=0
shrinkage=0.08


Tree=168
num_leaves=45
num_cat=0
split_feature=11 11 36 3 3 13 36 2 10 10 10 27 0 19 0 23 31 22 0 31 26 30 21 3 22 3 34 21 32 32 5 29 25 5 33 19 22 0 19 33 22 22 0 32
split_gain=0.00228322 0.00250094 0.00180482 0.00960956 0.00230226 0.00188744 0.00172418 0.0546344 0.0386476 0.00234142 0.000677862 0.000367382 0.000474121 0.000363644 0.000358136 0.000415628 0.000283107 0.000239421 0.000338307 0.000222579 0.000213292 0.000243695 0.000202703 0.000248744 0.000195635 0.000176624 0.000168409 0.000155263 0.000141346 0.000199409 0.00018504 0.000172219 0.000157881 0.000121135 0.000170878 0.000118465 0.000142768 0.000159671 0.000115839 0.000175261 0.00011415 0.000107134 9.8864e-05 9.07852e-05
threshold=9.9550000000000018 9.9350000000000005 1.5000000000000002 17.935000000000006 17.955000000000002 9.8250000000000011 2.5000000000000004 17.860000000000003 9.7050000000000018 9.6300000000000008 9.1350000000000016 9.5000000000000018 17.515000000000004 1.0000000180025095e-35 17.475000000000005 5.4000000000000012 1.3 69.90000000000002 15.625000000000002 1.7000000000000004 1.9000000000000001 0.70000000000000007 4.7000000000000002 16.140000000000004 0.70000000000000018 16.175000000000004 33.300000000000004 2.7000000000000006 19.000000000000004 7.7000000000000011 10.025 1.0000000180025095e-35 0.50000000000000011 9.8850000000000033 7.7000000000000011 14.600000000000001 23.700000000000006 16.625000000000004 3.0000000000000004 2.3000000000000003 11.100000000000001 50.300000000000004 14.310000000000002 0.50000000000000011
decision_type=2 2 2 2 2 2 2 2 2 2 2 2 2 2 2 2 2 2 2 2 2 2 2 2 2 2 2 2 2 2 2 2 2 2 2 2 2 2 2 2 2 2 2 2
left_child=1 2 3 5 6 11 8 9 10 13 14 12 28 20 15 19 42 18 41 24 21 -8 23 -21 -4 27 -20 -26 29 31 -31 -1 35 -25 -35 36 37 43 -24 -40 -28 -18 -15 -33
right_child=-2 -3 4 -5 -6 -7 7 -9 -10 -11 -12 -13 -14 16 -16 -17 17 -19 26 22 -22 -23 38 33 25 -27 40 -29 -30 30 -32 32 -34 34 -36 -37 -38 -39 39 -41 -42 -43 -44 -45
leaf_value=-0.00018321207357803359 -0.00046320871065924592 0.00070563640558358402 0.00010934818985073694 -0.0013304584781040571 0.00051769154428532636 -0.0006775120672854511 0.00022791789079686472 -0.0035482107861475511 0.0030602279034527865 0.00081758216802369475 -0.00023642802275587003 -0.00028581316278062085 0.00023695822886656969 0.00028026043223993233 0.00020906367623978409 -0.00027144114663259997 8.6975111781309062e-05 -0.00024477170518877214 -0.00017480104966465421 0.00027498747075625351 0.00027930169971659779 2.7646476147923941e-05 0.00010029124916862633 -3.5017148088875479e-05 -0.00026211069441170145 7.0868933742696593e-05 -9.7582376816055994e-05 -5.0567988936296283e-05 -0.00015440480504184961 6.2096832940975822e-06 0.00021082536242149696 4.4932811892627235e-05 -0.00013150072056239217 0.00024560325367787439 3.3528420346115264e-05 -0.00013782315115493378 0.00013480751088529799 0.00014311541881799312 5.3508873937315626e-05 -0.00020396682580834942 4.6161769823444006e-05 0.00032257142543260544 8.7440287113253382e-05 -8.6680160654910792e-05
leaf_weight=40 66 33 35 38.5 66 27.5 60 27.5 27.5 27.5 71.5 27.5 55 24 60.5 33 30 28.5 49.5 44.5 55 110.5 29.5 55 46.5 27.5 55 42.5 40 66 49.5 52 55 38.5 66 28.5 66.5 38.5 30.5 38 99 21 58.5 94.5
leaf_count=30 36 18 30 21 36 15 45 15 15 15 39 15 30 24 33 18 27 24 27 36 30 63 21 30 39 15 30 33 24 45 27 42 30 21 36 24 48 21 21 27 54 21 39 60
internal_value=5.62511e-12 1.4769e-05 3.57672e-06 -0.000102918 5.68238e-05 -2.91309e-05 3.32811e-05 -5.91356e-05 0.000125698 9.59971e-05 -4.77856e-06 -4.36628e-08 1.33785e-05 6.24208e-05 2.5501e-05 2.67361e-06 1.31302e-05 -2.48848e-05 -2.60959e-07 2.26202e-05 0.000142313 9.81232e-05 6.23161e-05 0.000107743 -5.65096e-05 -0.000106338 -4.64357e-05 -0.000161093 -9.80133e-06 1.991e-06 9.39021e-05 -2.63176e-05 -7.58396e-06 6.10825e-05 0.000111661 1.67568e-05 3.42739e-05 -1.86392e-06 -3.22462e-05 -8.93244e-05 -5.17543e-06 0.000183985 0.000143533 -3.99643e-05
internal_weight=2136 2070 2037 679 1358 640.5 1292 646 646 618.5 618.5 613 585.5 591 547 486.5 365.5 283 254.5 453.5 225.5 170.5 302 204 151.5 116.5 203.5 89 530.5 490.5 115.5 375 335 159.5 104.5 280 251.5 185 98 68.5 154 51 82.5 146.5
internal_count=1350 1314 1296 432 864 411 828 414 414 399 399 396 381 384 360 327 246 183 159 309 138 108 192 123 117 87 111 72 351 327 72 255 225 87 57 195 171 123 69 48 84 48 63 102
is_linear=0
shrinkage=0.08


Tree=169
num_leaves=45
num_cat=0
split_feature=37 16 11 37 36 9 12 13 4 37 3 34 15 29 6 23 10 9 16 5 36 16 15 37 30 30 37 13 13 37 4 36 4 32 37 32 21 36 15 22 37 37 2 16
split_gain=0.00330872 0.0224035 0.0190508 0.0022398 0.0105264 0.132864 0.105931 0.0116375 0.00433261 0.00307036 0.0025121 0.00221472 0.0022585 0.00165416 0.000781516 0.00071361 0.000582532 0.000593633 0.00041735 0.000384481 0.000404475 0.000205829 0.000235285 0.000311317 0.000269941 0.000217461 0.000277379 0.000400196 0.000283181 0.00020262 0.000344015 0.000191845 0.000156188 0.000151515 0.000169322 0.000111435 0.000123588 0.000351071 5.96886e-05 5.63654e-05 0.000417542 0.000104833 7.54228e-05 5.18535e-05
threshold=17.590000000000003 5.9461538461538463 9.9550000000000018 9.9350000000000005 1.5000000000000002 11.941153846153847 9.8550000000000022 9.5600000000000005 17.890000000000004 16.685000000000006 17.355000000000004 71.100000000000023 3.0700000000000007 3.7000000000000006 10.115 6.6000000000000005 7.8800000000000008 10.025 5.9461538461538463 5.2400000000000011 2.5000000000000004 7.1300000000000008 0.72499999999999976 16.210000000000004 5.1000000000000005 1.0000000000000002 10.105000000000002 7.7750000000000012 7.3800000000000017 9.8850000000000033 17.630000000000006 2.5000000000000004 17.475000000000005 7.3000000000000016 14.200000000000001 19.000000000000004 11.500000000000002 2.5000000000000004 2.5850000000000009 67.200000000000017 7.0900000000000007 2.5300000000000007 12.915000000000001 6.0700000000000012
decision_type=2 2 2 2 2 2 2 2 2 2 2 2 2 2 2 2 2 2 2 2 2 2 2 2 2 2 2 2 2 2 2 2 2 2 2 2 2 2 2 2 2 2 2 2
left_child=2 -2 3 8 5 9 7 11 18 10 14 15 -13 -3 16 19 17 33 -1 20 -6 22 -21 25 -25 -24 -27 28 31 30 32 -28 35 34 -5 36 39 38 -38 41 -41 -20 -43 -44
right_child=1 13 -4 4 6 -7 -8 -9 -10 -11 -12 12 -14 -15 -16 -17 -18 -19 29 21 -22 -23 23 24 -26 26 27 -29 -30 -31 -32 -33 -34 -35 -36 -37 37 -39 -40 40 -42 42 43 -45
leaf_value=-0.00023439999492395493 0.0025074357842095195 -0.0010586312359997204 -0.0013876021425017998 -0.00014847774354910309 3.1627943238202972e-05 0.0063524466049452513 -0.0050482192922096996 0.0019135908949344108 -0.00088668490648269652 -0.00071968583967204074 0.00067748681217811896 0.00014985620628487175 0.0010040634637698532 -5.451425023022152e-05 -0.00050281024671026638 -0.0003413886584894499 0.00038844963434435755 -0.00042579503137279642 0.00020481899753212928 0.00042407876625657082 0.00050607402404041399 -0.0001715839707503619 -9.1570315154967843e-05 7.79449051769916e-05 -0.00030148694803938274 -6.2763219641055908e-05 4.3800774191577844e-05 0.00042176086848485286 -0.00011810121791703361 -0.00018681004100168746 0.00021178823017786879 0.00035112287670087351 -0.00017455262199476146 0.00022101069969887086 0.00011189726829123233 8.9500026554806429e-05 8.5401049549026155e-05 -0.00030222015496452945 -6.4567110755226828e-05 -0.00013172580594740188 0.00029587136548862121 -0.00020770001974597109 0.00011408450213881832 -9.1392740136263711e-06
leaf_weight=52.5 24 21 63 33 23 23 26 24 37.5 35 38 52 32 21 21 32 23 22 14.999999999999998 9.9999999999999982 23 32 40 20 30 40 26 32 28 37.5 48 26 34.5 22 31 79.5 35 34 33 30 28.5 11.999999999999998 22.5 763.5
leaf_count=21 24 21 33 27 23 11 16 18 15 35 19 38 16 21 11 20 19 15 15 10 23 32 28 20 30 20 20 22 16 18 21 20 15 18 31 39 24 23 22 30 18 12 9 411
internal_value=-7.80953e-12 0.000557612 -1.77789e-05 2.522e-05 0.000135332 0.000560891 -7.74469e-05 0.000197532 -3.96443e-05 -3.1135e-05 9.57033e-05 0.000105188 0.000475268 -0.000556573 -4.97426e-05 1.93129e-05 2.28865e-05 -5.49649e-05 -1.3725e-05 5.42901e-05 0.000268851 1.95372e-05 4.38066e-05 2.80929e-05 -0.000149714 7.43968e-05 0.000118072 0.000182657 8.70148e-05 -3.84826e-06 2.19407e-06 0.000197462 -7.05698e-06 3.98987e-05 -2.23586e-05 -1.56923e-06 -9.00632e-06 -9.23251e-05 1.26224e-05 7.45278e-07 7.65908e-05 -4.71224e-06 -8.6508e-06 -5.61188e-06
internal_weight=2136 66 2070 2007 744 248 496 470 1263 225 190 446 84 42 152 362 131 108 1225.5 330 46 284 252 242 50 192 152 112 80 1173 1135.5 52 1087.5 86 64 1053 973.5 102 68 871.5 58.5 813 798 786
internal_count=1350 66 1284 1251 558 186 372 356 693 175 140 338 54 42 121 284 110 91 678 264 46 218 186 176 50 126 98 78 56 657 639 40 618 76 58 603 564 69 46 495 48 447 432 420
is_linear=0
shrinkage=0.08


Tree=170
num_leaves=45
num_cat=0
split_feature=37 11 10 36 13 14 10 37 3 32 36 16 1 15 37 34 24 26 34 36 14 17 15 34 32 8 34 34 37 17 10 11 34 19 37 20 14 16 1 20 1 37 32 37
split_gain=0.00356922 0.0756555 0.03361 0.029721 0.280691 0.188107 0.0108694 0.00316616 0.00268328 0.0017163 0.00164165 0.013838 0.00744535 0.00375689 0.001569 0.00125013 0.000759611 0.000776011 0.000733046 0.000799391 0.000699488 0.000699323 0.000689063 0.000528645 0.000472509 0.000572308 0.00030499 0.000528243 0.000685928 0.00285544 0.00190263 0.000282868 0.000261539 0.000260181 0.000259876 0.000596985 0.000308765 0.000205908 0.000388999 0.000140989 0.000102698 0.000109984 0.000224682 0.000130616
threshold=11.703076923076924 9.9450000000000021 9.9550000000000018 1.5000000000000002 9.8000000000000025 9.4850000000000012 9.7450000000000028 11.245000000000003 17.955000000000002 19.000000000000004 2.5000000000000004 6.0057692307692303 17.835000000000004 -0.065000000000001265 16.895000000000003 74.200000000000017 3.4000000000000004 6.2000000000000011 53.900000000000013 2.5000000000000004 9.9350000000000005 1.7000000000000004 1.0000000180025095e-35 12.600000000000003 5.1000000000000005 9.9950000000000028 72.000000000000014 59.500000000000007 5.2400000000000011 3.0000000000000004 5.3400000000000007 7.9050000000000011 36.800000000000004 3.7000000000000006 7.7950000000000008 2.3000000000000003 7.8650000000000011 6.0550000000000024 17.475000000000005 5.3000000000000016 17.355000000000004 9.9050000000000029 7.7000000000000011 2.2750000000000004
decision_type=2 2 2 2 2 2 2 2 2 2 2 2 2 2 2 2 2 2 2 2 2 2 2 2 2 2 2 2 2 2 2 2 2 2 2 2 2 2 2 2 2 2 2 2
left_child=2 3 7 5 6 9 14 8 10 21 12 -12 20 -13 15 18 -16 -18 19 31 37 24 -15 -21 25 -2 27 28 29 -24 -30 39 -25 -23 -32 36 -36 -1 40 -5 41 43 -43 -39
right_child=1 -3 -4 4 -6 -7 -8 -9 -10 -11 11 13 -14 22 16 -17 17 -19 -20 23 -22 33 26 32 -26 -27 -28 -29 30 -31 34 -33 -34 -35 35 -37 -38 38 -40 -41 -42 42 -44 -45
leaf_value=-0.00019704384842153752 -4.574653114909429e-05 -0.004884444158080788 0.0022942536554875831 9.647933062075115e-05 -0.0091648238126865855 0.0077799429507418114 0.0018032334539263197 0.00063994432178636387 -0.00062852875226073802 -0.00079193021303841052 0.0020564718337522615 0.0013391662057903079 -0.0012069347660456386 -0.0010004147721661462 2.5138138521773119e-05 0.00049202450653538111 -0.00086494912300258886 -0.00019021971311303787 -0.00037100327996692308 0.00053290382529667111 -0.00029772175519071793 0.00042077480339566651 0.00013959942608683681 -3.2896336012830337e-05 7.3169449477323461e-05 -0.00058183122202754023 -0.00018257663610878343 0.00031365683617096552 0.00088825985731091352 -0.0010361241111531854 0.00014473044745890159 -0.00033586051264501297 0.00034058409370481968 5.4618120710882883e-05 0.00021132057542682335 -0.00024632431314913208 -3.6121240057828022e-05 0.00044583286158740522 0.00027174295309711908 -0.00015842497781185167 -0.00010519607295282184 0.00015704602340089257 -7.0113831792365425e-05 -1.2784291472315184e-05
leaf_weight=33 26 21 42 41 22 22 24 48 45 21 22.5 13.499999999999998 35 4.4999999999999991 30 50 20 24 24 32 54 23 39 30 35 25 54.5 35.5 15.999999999999998 20 56 20 20 27 46.5 67.5 105.5 3.9999999999999991 34 21 60 76 44 622
leaf_count=14 26 18 18 41 18 19 16 24 18 17 9 6 14 2 30 34 20 24 20 32 24 23 39 30 29 21 26 19 15 20 26 19 19 27 21 32 47 4 14 21 26 38 22 368
internal_value=-8.03315e-12 -0.000173905 6.1495e-05 1.03058e-05 -0.000410537 0.000851991 0.00016266 4.43001e-07 -2.01861e-05 -0.000118804 -1.21489e-06 0.000119459 -6.15516e-05 2.44034e-05 3.64624e-05 0.000136497 -0.000285272 -0.000496915 4.19423e-05 0.000102373 -1.83063e-05 -1.48658e-05 -1.54827e-05 0.000278997 -0.000153189 -0.000308533 -5.42094e-06 1.9592e-05 -1.01921e-05 -0.000258951 4.01571e-05 -7.42498e-05 0.000116496 0.00022305 -9.09753e-06 -4.83429e-05 3.95764e-05 -1.02286e-06 6.67796e-06 1.01408e-05 -4.50344e-06 3.59516e-06 7.37541e-05 -9.85383e-06
internal_weight=2136 558 1578 537 358 179 336 1536 1488 157 1443 481 962 458.5 312 238 74 44 188 164 927 136 445 82 86 51 440.5 386 350.5 59 291.5 82 50 50 275.5 219.5 152 873 840 62 806 746 120 626
internal_count=1350 504 846 486 324 162 306 828 804 143 786 262 524 253 290 216 74 44 182 162 510 126 247 81 76 47 245 219 200 59 141 81 49 50 126 100 68 486 472 62 458 432 60 372
is_linear=0
shrinkage=0.08


Tree=171
num_leaves=45
num_cat=0
split_feature=37 31 10 5 36 3 14 37 0 5 10 6 37 4 5 6 4 9 34 37 3 17 32 34 37 34 36 31 31 32 37 8 0 21 34 31 37 32 33 37 17 32 36 32
split_gain=0.00329595 0.0300242 0.0191144 0.00244045 0.00194802 0.00879893 0.0044649 0.00433712 0.0206526 0.00586445 0.00369015 0.00186329 0.00156898 0.00236943 0.00566029 0.00080329 0.000922536 0.000782981 0.000780331 0.000646116 0.000441932 0.00032993 0.000378703 0.000578903 0.000391325 0.000298764 0.00027391 0.000273411 0.000532984 0.000336758 0.000271278 0.000267282 0.000308925 0.000313676 0.000441384 0.000242287 0.000552869 0.000283503 0.000242822 0.000193912 0.000177014 0.000215533 0.00017328 0.000148444
threshold=17.475000000000005 2.5000000000000004 9.9550000000000018 11.868846153846155 1.5000000000000002 17.935000000000006 9.9200000000000017 11.345000000000002 17.745000000000001 11.190000000000003 9.8550000000000022 10.115 11.345000000000002 17.355000000000004 11.911538461538465 11.941153846153847 17.475000000000005 9.9200000000000017 72.000000000000014 14.200000000000001 17.020000000000003 1.7000000000000004 1.5000000000000002 54.70000000000001 7.5050000000000008 10.900000000000004 2.5000000000000004 4.6000000000000005 3.1000000000000005 3.5000000000000004 2.5300000000000007 10.065000000000003 16.505000000000006 10.000000000000002 34.100000000000009 6.1000000000000005 6.5250000000000012 17.100000000000005 6.3000000000000016 3.0500000000000003 1.0000000180025095e-35 3.5000000000000004 2.5000000000000004 2.5000000000000004
decision_type=2 2 2 2 2 2 2 2 2 2 2 2 2 2 2 2 2 2 2 2 2 2 2 2 2 2 2 2 2 2 2 2 2 2 2 2 2 2 2 2 2 2 2 2
left_child=2 -2 4 -3 5 6 7 9 11 21 12 17 15 18 -15 16 27 25 19 26 31 40 -23 24 -24 -9 -14 28 30 -30 -6 32 33 34 -21 -29 -37 38 -38 -32 -1 -42 -40 -27
right_child=1 3 -4 -5 10 -7 -8 8 -10 -11 -12 -13 13 14 -16 -17 -18 -19 -20 20 -22 22 23 -25 -26 43 -28 35 29 -31 39 -33 -34 -35 -36 36 37 -39 42 -41 41 -43 -44 -45
leaf_value=1.2250256797009375e-05 0.0030963178431903499 -0.00099401579203980939 -0.0015045966994431284 5.4367496088768043e-05 0.00040711936727166182 -0.001396021388825916 -0.00086133753014546995 -0.00023778909262126455 0.0027943451727624052 -0.00090342361616956848 0.00068958633967364832 0.00064751071417704228 8.5065621119261221e-05 0.0011922062683681195 -0.00012269399873912336 0.00032647579722106456 -0.00036494474362661229 -0.00057195190219499635 0.00052425336854701693 -5.2806927278652438e-05 -0.00037242687753556914 -0.00027628770143068817 0.00032218167268093938 -0.00022277948050068158 -2.1697890678686755e-05 0.00026511525514069943 0.00045228233847480551 -0.00018952578094533901 4.7025790984701855e-05 0.00034286079800881024 -0.00020324045977758941 0.00027002120413817463 0.00016487632929056419 8.0185546888969839e-05 -0.0005182953947223723 0.00033247413664447284 -8.2139238397603491e-05 -0.00021451306624970001 0.0001789939101293402 3.1882152302667826e-06 3.7211384017130622e-05 0.00028212250681123235 -2.5575846293062533e-05 -6.7153687511260308e-06
leaf_weight=125.5 21 27 54 30 9.9999999999999982 31.5 38.5 26 20 51 60 25 26 44 40 45 47 20 22 32 24 44 35.5 50.5 52.5 20 26 66 46 53 32 20 32 30 22 26 147 56 53 324 46.5 45.5 53 36
leaf_count=68 21 27 24 30 10 14 21 26 10 21 30 20 24 30 20 18 20 20 22 32 24 32 25 28 25 20 24 36 24 30 32 20 32 30 22 26 66 26 24 186 28 22 24 36
internal_value=5.15748e-12 0.000510452 -1.93466e-05 -0.000442235 2.06751e-05 -9.08705e-05 -2.62794e-05 2.74827e-05 0.000404855 -9.55189e-05 7.6448e-05 2.85572e-05 4.7617e-05 0.000201589 0.000566063 -3.49282e-06 -1.97563e-05 -0.000123147 7.07525e-05 2.36911e-05 -5.59283e-05 7.489e-06 -7.18286e-05 -6.87403e-06 0.000117026 -1.36825e-05 0.000268674 -1.02209e-06 4.07211e-05 0.000205402 -3.82382e-06 -7.56421e-08 -4.66441e-05 -0.000127223 -0.00024245 -4.94275e-05 -2.1826e-05 -5.16377e-05 -1.55862e-05 -1.53672e-05 7.40428e-05 0.000158336 7.6709e-05 9.0367e-05
internal_weight=2136 78 2058 57 2004 668 636.5 598 147 451 1336 127 1276 318 84 958 913 102 234 212 160 400 182.5 138.5 88 82 52 866 465 99 366 136 116 84 54 401 335 309 253 356 217.5 92 106 56
internal_count=1350 78 1272 57 1248 416 402 381 132 249 832 122 802 280 50 522 504 102 230 208 160 228 110 78 50 82 48 484 282 54 228 136 116 84 54 202 166 140 114 218 118 50 48 56
is_linear=0
shrinkage=0.08


Tree=172
num_leaves=45
num_cat=0
split_feature=37 11 10 36 4 11 12 4 37 14 37 14 14 31 4 14 14 0 7 3 29 20 17 24 31 18 17 29 18 37 15 0 0 37 18 0 30 20 2 37 4 11 37 15
split_gain=0.00358036 0.0645051 0.0317322 0.0252132 0.20205 0.181183 0.00489335 0.0023617 0.00286389 0.00200501 0.00132027 0.00086613 0.00119849 0.000917385 0.000777098 0.000504449 0.000926426 0.000412126 0.000390948 0.000329174 0.000304366 0.000293644 0.000221988 0.000189604 0.000155382 0.000140524 0.00011083 7.69085e-05 8.09329e-05 0.00013916 0.000880144 0.000349477 0.00011357 0.000102192 0.000159935 0.000131376 9.37159e-05 0.000236579 6.60173e-05 9.7372e-05 8.05603e-05 4.4123e-05 7.13256e-05 0.000207525
threshold=11.703076923076924 9.9450000000000021 9.9550000000000018 1.5000000000000002 17.890000000000004 9.8250000000000011 9.2200000000000006 17.935000000000006 11.345000000000002 9.3000000000000025 17.680000000000003 8.9200000000000017 7.8350000000000009 10.300000000000002 17.820000000000004 7.4400000000000004 8.4850000000000012 15.825000000000001 9.9350000000000005 17.515000000000004 7.8000000000000007 8.2000000000000011 11.500000000000002 2.8000000000000003 4.6000000000000005 1.0000000180025095e-35 2.1000000000000005 32.100000000000001 21.000000000000004 5.2800000000000002 2.2350000000000008 14.310000000000002 14.950000000000001 3.9500000000000006 0.3000000000000001 13.095000000000002 0.70000000000000007 0.3000000000000001 17.365000000000006 5.9750000000000005 17.365000000000006 7.3800000000000017 8.6700000000000017 2.2050000000000001
decision_type=2 2 2 2 2 2 2 2 2 2 2 2 2 2 2 2 2 2 2 2 2 2 2 2 2 2 2 2 2 2 2 2 2 2 2 2 2 2 2 2 2 2 2 2
left_child=2 3 7 4 6 9 15 8 14 10 11 12 18 -14 19 17 23 26 21 27 -20 22 24 -17 25 -5 -2 28 29 30 33 -31 -33 35 -35 -1 37 -37 39 -34 41 -41 43 -43
right_child=1 -3 -4 5 -6 -7 -8 -9 -10 -11 -12 -13 13 -15 -16 16 -18 -19 20 -21 -22 -23 -24 -25 -26 -27 -28 -29 -30 31 -32 32 38 34 -36 36 -38 -39 -40 40 -42 42 -44 -45
leaf_value=8.8806698147285117e-05 -0.00015818370581837372 -0.0045237581343168303 0.0022310810979633104 0.00031350726282901385 0.0081435927393890568 -0.0071056025216724578 -0.0013781998889171518 -0.00062480549414952596 0.00072287593864732327 0.00063779167423490431 -0.00050220364704728132 -0.00038344602963964768 0.00010840346088765986 0.00074511108733713624 0.00033367271695671413 -0.00024001703844405713 0.00025933364056982103 0.00041712457733228804 -1.4448105665745542e-05 -0.00016620239633836862 -0.00040775394439697264 -9.9447680857136023e-05 -6.867379290633835e-05 -0.00056203621630133548 0.00041008889082480565 5.0857781188824448e-05 8.3366491411241805e-05 -0.00011801510293414627 -0.00011050716269379243 -0.00086656838655471799 0.00049275270387254375 -0.00015539914701366797 0.00025933789503243234 -2.3972328164029134e-05 0.00025844545203394125 4.2143244839583835e-06 2.9232404305643981e-05 -0.00035099758323970797 8.1861847715954935e-05 -2.8462279730433217e-05 -8.9339918004245394e-05 -0.00016345231565425083 3.1923868812771705e-05 1.5033247127531119e-05
leaf_weight=30 20 21 42 22 21 24 20 37.5 36 38 28 24 28 30 43.5 25 20 20 34 81 20 36 20 22 22 32 31 34.5 39 2.9999999999999991 27 30 8.9999999999999982 33 21 24 21 24 63 237 67.5 52.5 420 202.5
leaf_count=30 20 18 18 22 14 18 18 15 18 34 28 18 20 20 18 25 16 20 34 33 20 36 20 18 22 32 31 15 36 3 27 30 9 33 21 24 21 24 27 114 30 21 198 81
internal_value=6.87367e-13 -0.000174176 6.15908e-05 -4.08085e-06 0.000771151 -0.000391697 -0.00020873 2.26884e-06 1.79614e-05 9.07394e-05 2.05097e-05 7.51216e-05 0.000120227 0.000437735 6.09646e-07 -3.92418e-05 -0.000196695 0.000109341 2.12186e-05 -9.60053e-06 -0.000160117 9.54013e-05 0.00016847 -0.000390749 0.000230876 0.000157863 -1.13591e-05 -1.20151e-07 3.0002e-06 6.50102e-06 7.16437e-05 -4.31105e-06 -1.91921e-06 -2.6696e-06 8.58568e-05 -5.09567e-05 -0.000111723 -0.000173392 2.45967e-06 -2.60086e-06 -5.00765e-06 1.23405e-06 1.16608e-05 -2.17138e-05
internal_weight=2136 558 1578 537 179 358 158 1536 1498.5 334 296 268 244 58 1462.5 138 67 71 186 1419 54 132 96 47 76 54 51 1338 1303.5 1264.5 180 1084.5 1081.5 153 54 99 69 48 1051.5 988.5 979.5 912 675 255
internal_count=1350 504 846 486 162 324 148 828 813 306 272 244 226 40 795 130 59 71 186 777 54 132 96 43 76 54 51 744 729 693 180 513 510 153 54 99 69 48 480 453 444 414 300 102
is_linear=0
shrinkage=0.08


Tree=173
num_leaves=45
num_cat=0
split_feature=37 0 11 16 10 36 11 10 37 34 37 31 31 0 0 13 34 16 30 30 34 34 31 17 35 32 31 10 8 36 37 34 34 37 34 17 17 37 37 37 32 32 34 36
split_gain=0.00337928 0.0304269 0.0228085 0.00229214 0.00216835 0.00356867 0.0150287 0.0103655 0.00112178 0.00309602 0.000987525 0.00146728 0.00121334 0.000507215 0.000576748 0.000448989 0.000370982 0.000364911 0.000465581 0.000654018 0.000340163 0.00035159 0.000436331 0.00029073 0.0003666 0.00040644 0.000282492 0.000278959 0.000274333 0.000242418 0.00017916 6.06313e-05 0.000141783 0.000111374 0.00123643 0.000566569 0.000314784 0.000298659 9.68341e-05 7.99139e-05 7.26877e-05 6.88917e-05 7.79637e-05 0.000155861
threshold=17.475000000000005 17.680000000000003 9.9550000000000018 5.9846153846153838 9.9200000000000017 2.5000000000000004 9.7450000000000028 9.8000000000000025 16.625000000000004 12.000000000000004 10.115 17.600000000000005 0.70000000000000007 17.845000000000002 17.475000000000005 7.455000000000001 71.100000000000023 5.8842307692307685 4.6000000000000005 3.3000000000000003 51.400000000000013 41.300000000000011 4.6000000000000005 1.9000000000000001 1.5000000000000002 1.3 1.0000000000000002 4.120000000000001 9.9950000000000028 1.5000000000000002 8.8800000000000008 74.200000000000017 61.500000000000007 5.1300000000000017 21.900000000000006 15.500000000000002 0.90000000000000013 3.0300000000000007 9.8500000000000014 15.695000000000002 5.1000000000000005 12.800000000000002 5.6000000000000041 1.5000000000000002
decision_type=2 2 2 2 2 2 2 2 2 2 2 2 2 2 2 2 2 2 2 2 2 2 2 2 2 2 2 2 2 2 2 2 2 2 2 2 2 2 2 2 2 2 2 2
left_child=2 -2 4 -3 5 7 10 8 13 -10 17 12 -12 14 31 -11 20 -7 19 23 21 22 -14 24 -19 -26 -25 -20 30 -15 -29 32 33 34 36 39 37 -1 -33 41 -41 42 43 -35
right_child=1 3 -4 -5 -6 6 -8 -9 9 15 11 -13 16 29 -16 -17 -18 18 27 -21 -22 -23 -24 26 25 -27 -28 28 -30 -31 -32 38 -34 35 -36 -37 -38 -39 -40 40 -42 -43 -44 -45
leaf_value=0.00024232359353585969 0.0031200139561579346 3.9086626376956703e-05 -0.001597569494328478 -0.00097694180215950359 0.00058400749475106433 0.00043305258974432945 0.0017663269902212203 -0.0012049356524889566 -0.0011709016096501728 0.00030632666312158108 0.00061018987537439289 0.00087501090113073585 -0.00020002019395561594 -0.00031498545904954273 0.00023272976072298156 -0.00019785298549462684 0.00035729890600556417 -0.00022152996813671943 -0.00041798508173087614 0.00036066378427033384 -0.00025675674210543984 0.00035347536677450298 0.00021202455981281297 0.00033541329613510982 -0.000154876218770038 0.00022230931955230672 -9.6458993279016946e-06 -8.305001690299536e-05 -0.00017890337406645848 -5.2393891331222329e-05 0.00013740625416675767 0.00013765725563755451 -0.00013110043908714684 0.00019049137448588308 0.00061232352137184621 -0.0003000234432302688 -0.00025814073662331792 -0.00012096512022738655 -2.3960468318799269e-05 0.0001662116054730076 -5.6504844022648675e-06 8.9683770590151342e-05 -2.0023664420137857e-05 -4.9980399316932628e-05
leaf_weight=28 21 30 57 27 43.5 12.499999999999998 35.5 49 20 20 30 20 38 45 72 26 21 53 15.999999999999998 41 27 21 29 28.5 33 41 32.5 49 79 45 45.5 49 56 34.5 22 41 32 30 46 36 28 48 543 34.5
leaf_count=28 21 30 27 27 21 5 18 24 20 20 30 14 33 20 32 26 14 35 16 22 20 17 24 20 21 20 21 23 33 20 22 22 36 27 22 36 32 30 28 36 28 26 276 27
internal_value=-9.86226e-12 0.000516865 -1.95896e-05 -0.00044219 2.53603e-05 1.29459e-05 0.000165705 -6.34336e-05 -1.89005e-05 -0.000339934 7.36109e-05 0.000227676 0.000149684 -1.09526e-06 1.38443e-05 2.13556e-05 4.81013e-05 7.12354e-06 -5.59836e-06 7.11602e-05 -8.36091e-06 6.78514e-05 -2.16725e-05 8.02375e-06 -6.09238e-05 5.4105e-05 0.00015157 -9.83567e-05 -6.88809e-05 -0.00018369 2.30956e-05 -1.48622e-06 -7.68581e-06 1.94714e-07 7.47029e-05 -1.07137e-05 -5.67155e-05 5.44156e-05 5.94003e-05 5.6699e-06 9.10219e-05 -2.60667e-06 -9.84513e-06 7.02555e-05
internal_weight=2136 78 2058 57 2001 1957.5 652.5 1305 1256 66 617 186 166 1190 1100 46 136 431 418.5 229 115 88 67 188 127 74 61 189.5 173.5 90 94.5 1028 933 877 112 765 90 58 95 724 64 660 612 69
internal_count=1350 78 1272 57 1245 1224 408 816 792 66 390 152 138 726 686 46 108 238 233 139 94 74 57 117 76 41 41 94 78 40 45 654 604 568 112 456 90 58 50 420 64 356 330 54
is_linear=0
shrinkage=0.08


Tree=174
num_leaves=45
num_cat=0
split_feature=37 37 11 10 36 13 14 9 37 23 36 16 1 15 12 37 15 33 14 15 0 30 17 30 37 34 31 32 35 5 36 7 33 9 33 37 17 0 16 16 29 37 32 22
split_gain=0.00328169 0.0590549 0.0489918 0.0294571 0.00424029 0.0202268 0.0118242 0.00197953 0.00226129 0.00150854 0.00118074 0.0113237 0.00595674 0.0027813 0.00112741 0.00106608 0.000724628 0.000682272 0.000668899 0.000425691 0.000415744 0.000589554 0.000228878 0.000423513 0.000683451 0.000416197 0.000247803 0.000399953 0.000251341 0.000206816 0.000422219 0.000202854 0.000187047 0.000229366 0.00014604 0.000257809 0.000320395 0.000190594 0.000312966 0.000184853 0.000113965 0.000322849 0.000342292 0.000223713
threshold=11.703076923076924 11.911538461538465 9.9200000000000017 9.9550000000000018 2.5000000000000004 9.6300000000000008 9.2600000000000016 12.01346153846154 11.345000000000002 4.9000000000000012 2.5000000000000004 6.0057692307692303 17.835000000000004 -0.065000000000001265 9.2600000000000016 17.475000000000005 1.0000000180025095e-35 11.100000000000001 7.8500000000000005 -0.065000000000001265 14.200000000000001 4.6000000000000005 1.9000000000000001 4.6000000000000005 6.9350000000000014 61.500000000000007 0.3000000000000001 5.1000000000000005 1.5000000000000002 10.105000000000002 1.5000000000000002 9.9200000000000017 11.700000000000001 9.9800000000000022 2.3000000000000003 9.8250000000000011 7.6000000000000005 14.200000000000001 7.1750000000000016 7.7400000000000011 4.6000000000000005 8.6200000000000028 10.800000000000002 28.600000000000005
decision_type=2 2 2 2 2 2 2 2 2 2 2 2 2 2 2 2 2 2 2 2 2 2 2 2 2 2 2 2 2 2 2 2 2 2 2 2 2 2 2 2 2 2 2 2
left_child=3 -2 4 7 5 14 9 8 10 17 12 -12 19 -13 15 29 -15 18 20 -1 -6 -22 26 24 -24 -25 -18 28 -28 32 -31 -29 33 -3 35 36 37 -21 -39 40 -36 43 -43 -42
right_child=1 2 -4 -5 6 -7 -8 -9 -10 -11 11 13 -14 16 -16 -17 22 -19 -20 34 21 -23 23 25 -26 -27 27 31 -30 30 -32 -33 -34 -35 39 -37 -38 38 -40 -41 41 42 -44 -45
leaf_value=-0.00032354629072533163 -0.0028494126039246719 -1.2242934317328036e-05 0.0038693847489498913 0.0021492346855146545 0.00040916622955013409 -0.0027081825770437717 0.0020783480822574346 -0.00052095610068904027 0.00064392733672219849 -0.0004823518343619071 0.0018565863740320008 0.0011501434114244249 -0.0010735289310770375 -0.0010253449984722668 -0.0005027659298826216 -0.00049350150087515692 -0.00021347759938281443 -0.00022676822710782291 0.00065333336871117355 0.00011217863260147473 -0.00028408479008551994 0.00030402362259337681 -8.0026008019393142e-05 -0.00017346724560515051 0.00039291665802011267 0.00017054494522826771 -5.1038237925240539e-05 -1.3752711891401105e-05 0.00017528544004251072 0.0003626906096694931 -5.484443426417607e-05 -0.00025548245892235917 0.00017451387988070825 -0.00030296279315371067 3.3395600692143272e-05 0.00020054488723992179 0.00026378812807299003 -1.7272321760086692e-06 -0.00023465270611821958 -0.00017787282723778238 0.00010269470332537358 -4.4579079688486198e-05 -0.00031185187976402436 -0.00010825517280225425
leaf_weight=27 48 132 21 42 22 20 20 45 36 32 22.5 13.499999999999998 35 4.4999999999999991 36 28 49.5 25 20 60 24 20 33 61.5 48 35.5 56 41 71.5 31 31 48.5 28 20 198 53 29 187 46 48 102 92 46 47
leaf_count=12 24 132 21 18 22 20 20 18 18 26 9 6 14 2 28 28 32 24 17 60 24 20 30 36 24 18 32 20 34 25 25 21 28 20 96 26 24 84 34 48 42 44 22 22
internal_value=-6.63776e-12 -0.000166753 8.57321e-05 5.8966e-05 -7.67561e-05 -0.000243334 0.0002564 1.81026e-06 1.75879e-05 1.5825e-06 2.09086e-06 0.000104009 -4.8868e-05 1.87481e-05 -8.22331e-05 -2.6162e-05 -1.52693e-05 0.000141095 0.000248032 -1.05117e-05 0.000125214 -1.67628e-05 -5.04361e-06 6.5198e-05 0.000200236 -4.75659e-05 -5.19592e-05 -1.51152e-05 7.58805e-05 2.79103e-05 0.000153923 -0.000144746 -1.54941e-05 -5.04955e-05 -1.20344e-06 3.70465e-05 1.01353e-05 -1.49703e-05 -4.77125e-05 -2.81148e-05 -1.32933e-05 -4.55038e-05 -0.00013367 3.61535e-05
internal_weight=2136 558 510 1578 489 326 163 1536 1491 143 1455 485 970 462.5 306 270 449 111 86 935 66 44 444.5 178 81 97 266.5 217 127.5 242 62 89.5 180 152 908 375 322 293 233 533 485 287 138 149
internal_count=1350 504 480 846 459 306 153 828 810 133 792 264 528 255 286 258 249 107 83 514 66 44 247 108 54 54 139 107 66 230 50 41 180 152 502 228 202 178 118 274 226 130 66 64
is_linear=0
shrinkage=0.08


Tree=175
num_leaves=45
num_cat=0
split_feature=37 1 11 10 36 11 10 25 37 14 37 34 34 33 33 33 30 27 37 2 16 16 0 37 19 14 0 37 33 37 5 30 9 37 37 0 1 15 0 0 37 32 17 37
split_gain=0.00288954 0.0228344 0.01619 0.0019027 0.00264911 0.0133176 0.0077144 0.00175331 0.00116732 0.00253408 0.000695538 0.00148996 0.000887576 0.000320155 0.00060136 0.000314383 0.000449971 0.000293599 0.000315878 0.000765005 0.000316878 0.000272228 0.000452589 0.000252714 0.000291379 0.000227191 0.000205362 0.000192783 0.000192599 0.000139256 0.000136703 0.000212587 0.000123004 0.000236205 0.000154093 0.000154224 0.000157208 0.000124893 0.000125296 0.000134077 0.000427305 0.000941884 0.000849232 0.000118669
threshold=17.590000000000003 17.795000000000005 9.9550000000000018 9.9200000000000017 2.5000000000000004 9.7450000000000028 9.8000000000000025 10.400000000000002 16.625000000000004 7.6950000000000012 10.115 72.000000000000014 13.700000000000005 11.900000000000002 7.7000000000000011 11.4 8.4000000000000004 10.400000000000002 10.675000000000002 17.365000000000006 6.0453846153846165 6.9750000000000023 14.200000000000001 7.8200000000000012 0.3000000000000001 7.455000000000001 13.485000000000001 10.085000000000003 11.700000000000001 9.1050000000000022 9.9800000000000022 7.5000000000000009 10.045000000000002 8.2800000000000011 2.3250000000000006 13.095000000000002 13.095000000000002 2.8750000000000004 14.200000000000001 15.625000000000002 6.8050000000000006 2.3000000000000003 8.9000000000000021 15.825000000000001
decision_type=2 2 2 2 2 2 2 2 2 2 2 2 2 2 2 2 2 2 2 2 2 2 2 2 2 2 2 2 2 2 2 2 2 2 2 2 2 2 2 2 2 2 2 2
left_child=2 -2 3 4 6 10 8 -3 17 25 13 12 -12 14 21 16 43 18 20 28 -1 23 26 -6 29 -10 -23 32 30 -25 31 -20 34 -34 -22 -36 -37 38 -38 40 41 -40 -43 -14
right_child=1 7 -4 -5 5 -7 -8 -9 9 -11 11 -13 15 -15 -16 -17 -18 -19 19 -21 27 22 -24 24 -26 -27 -28 -29 -30 -31 -32 -33 33 -35 35 36 37 -39 39 -41 -42 42 -44 -45
leaf_value=-0.00029093986786901953 0.0026993532066366503 -0.00096253261629802487 -0.0012794076879730537 0.0005463507994153034 0.00010730987645330884 0.0016497242647472402 -0.0010390996508186266 3.8411534790481839e-05 0.00027404794350150043 -0.0008892655509213607 0.00040653892249489825 0.00065570409489529465 -0.00020257291315797847 0.00014595856960815721 -0.0003202357761016706 -0.00024826126114930959 0.00029412377167803547 -0.00015388607516393272 5.5476819524420021e-06 0.00036484984065352291 -0.00035768748144619165 0.00010307927761459724 0.00026495122817453063 9.9810117625453494e-05 -0.00021980789904720591 -0.00010726876539411022 -0.00025112083456902345 -0.00016491576097905637 0.00020781258889473976 -9.7143417812491732e-05 0.00010277573549198374 -0.00023383943131193518 2.8964483750645411e-06 0.00020981252265091124 0.00027968841837719085 -0.00050979349762201307 8.9510759598852014e-05 0.0001338162192750085 -0.0003412339760689065 -8.8876759400591263e-06 -0.00039126602646249997 -0.00010811540679159489 0.00061216495046392079 4.0758295508567247e-05
leaf_weight=25 21 24 63 43.5 52.5 35.5 49 21 20 30 39 35 29 79 41 32 30 72 92 52 7.9999999999999991 20 56 44.5 68.5 20 22 44 30 47.5 48 32 110 52 11.999999999999998 3.9999999999999991 64 38 32 407 26 22 20 23
leaf_count=10 21 24 33 21 24 18 24 21 20 30 38 23 22 39 21 24 24 32 92 26 8 20 40 18 32 20 22 22 26 22 38 32 44 24 12 4 64 20 32 180 18 22 20 23
internal_value=1.23183e-11 0.000521095 -1.66146e-05 2.30246e-05 1.14307e-05 0.000142844 -5.4276e-05 -0.000495425 -1.59773e-05 -0.000333463 5.64237e-05 0.000184824 7.71059e-05 4.16291e-07 -3.2248e-05 -3.55949e-05 4.73968e-05 2.69829e-06 1.27824e-05 9.121e-05 -1.02738e-05 5.7182e-06 0.000116063 -4.50509e-05 -9.48885e-05 8.33896e-05 -8.24541e-05 -1.91069e-06 2.0768e-05 -1.87785e-06 -1.1856e-05 -5.62296e-05 7.11097e-06 6.9314e-05 -8.80827e-06 -4.34262e-06 -9.90277e-06 -6.61941e-06 -1.59654e-05 -2.92799e-05 -0.000112276 -1.42531e-05 0.000234875 -9.49456e-05
internal_weight=2136 66 2070 2007 1963.5 654.5 1309 45 1260 70 619 188 153 431 352 114 82 1190 1118 254 864 311 98 213 160.5 40 42 839 202 92 172 124 795 162 633 625 613 609 571 507 100 74 42 52
internal_count=1350 66 1284 1251 1230 410 820 45 796 70 392 154 131 238 199 93 69 726 694 214 480 178 82 96 72 40 42 470 188 40 162 124 448 68 380 372 360 356 336 272 92 74 42 45
is_linear=0
shrinkage=0.08


Tree=176
num_leaves=45
num_cat=0
split_feature=37 11 4 36 13 4 4 15 12 37 4 37 31 5 29 24 26 36 37 16 4 4 33 19 29 31 4 21 29 19 36 37 37 33 0 37 15 36 37 36 29 4 37 37
split_gain=0.00296327 0.0596371 0.0288702 0.0232586 0.21697 0.179459 0.0122544 0.00407064 0.00285129 0.00174354 0.00135747 0.00110227 0.000874167 0.0010459 0.000581155 0.000571368 0.000701428 0.00047702 0.000457214 0.000777017 0.000404664 0.000371527 0.00030616 0.000298088 0.00026288 0.00015226 9.46942e-05 7.57187e-05 0.000198993 0.000169229 9.486e-05 7.84597e-05 0.000103256 0.000781054 0.000280014 0.000208355 0.000238944 0.000342589 0.000217324 9.93111e-05 6.13085e-05 5.27744e-05 0.000143905 7.03336e-05
threshold=11.703076923076924 9.9450000000000021 17.955000000000002 1.5000000000000002 9.8000000000000025 17.890000000000004 17.935000000000006 -0.1650000000000009 9.2200000000000006 11.345000000000002 17.835000000000004 16.895000000000003 8.8000000000000025 9.8750000000000018 8.7000000000000011 3.4000000000000004 6.2000000000000011 2.5000000000000004 16.295000000000005 6.5600000000000014 17.475000000000005 16.175000000000004 1.5000000000000002 2.3000000000000003 1.3 6.5000000000000009 16.115000000000006 11.500000000000002 4.6000000000000005 19.300000000000004 2.5000000000000004 2.5300000000000007 6.9350000000000014 5.9000000000000012 15.880000000000001 5.2800000000000002 2.1950000000000003 1.5000000000000002 3.7450000000000006 2.5000000000000004 1.9000000000000001 16.155000000000005 7.8650000000000011 9.3250000000000011
decision_type=2 2 2 2 2 2 2 2 2 2 2 2 2 2 2 2 2 2 2 2 2 2 2 2 2 2 2 2 2 2 2 2 2 2 2 2 2 2 2 2 2 2 2 2
left_child=2 3 7 5 6 8 11 -1 18 10 20 12 14 -14 17 -13 -17 26 22 -20 27 -16 -2 -19 -22 -24 -5 29 30 31 40 -9 33 35 -34 36 37 -33 39 -39 -29 42 -36 -43
right_child=1 -3 -4 4 -6 -7 -8 9 -10 -11 -12 15 13 -15 21 16 -18 23 19 -21 24 -23 25 -25 -26 -27 -28 28 -30 -31 -32 32 34 -35 41 -37 -38 38 -40 -41 -42 43 -44 -45
leaf_value=-0.00097619542645083538 -0.00013200929861120655 -0.0043406929936082592 0.0020532527358995546 -8.2829335791080491e-06 -0.0080639238824898561 0.0076977563897768653 0.001878717860672623 0.00018411714211106302 -0.0010665117483586073 0.00056490826601576479 0.00044162738811353159 2.3081391118466853e-06 -3.6885057675785253e-05 0.00060748706865859658 -1.4276831008663233e-05 -0.00080036262003704915 -0.00015887657000954885 0.00036361486183922374 -0.00055255526984110479 9.1750373097096126e-05 -2.0362242745856446e-07 -0.00046941928313268966 6.267600721030525e-05 -1.415478764101863e-06 -0.00023729734543019777 0.00032750000536907464 -0.00021898695186246188 -0.00011330215522320942 -0.00016977919404509298 0.00016888035777496335 0.00013584134464732326 0.00022000217839377001 0.00023021922705488072 -0.0004177526562725977 4.1766463468472157e-05 -0.00013595285536400202 0.00031342455452041963 -8.0511484295129785e-05 7.314227681490593e-05 -0.00033262083501904273 4.7296204058260756e-05 -1.3185802521488442e-05 -0.00013237523127014077 3.6405124034078528e-05
leaf_weight=27 33 21 45 43 22 21 24 14.999999999999998 20 36 43.5 30 28 38 22 20 24 41 25 23 48 24 33 22 79.5 24 20 32 57 40.5 30.5 36 36 31.5 60 43.5 21 20 32 20 29 382.5 61.5 351
leaf_count=12 33 18 18 43 18 14 16 15 18 18 18 30 28 28 22 20 24 38 25 23 21 18 31 22 33 18 17 20 36 30 20 36 21 27 24 30 21 20 32 20 20 153 30 171
internal_value=-1.49511e-12 -0.000158457 5.60323e-05 5.09427e-06 -0.000367194 0.000749671 0.000136759 -2.59455e-06 -0.000173809 1.48604e-05 1.38989e-06 2.76183e-06 8.66081e-05 0.000334117 -8.36622e-06 -0.000266906 -0.000450461 8.04854e-05 -4.4432e-05 -0.000243825 -1.20348e-05 -0.000251742 6.19111e-05 0.000236144 -0.000148039 0.000174181 -7.51731e-05 1.31428e-06 -5.24467e-05 8.25344e-06 2.06457e-05 2.39273e-06 -9.66438e-08 -5.14375e-05 1.16582e-05 1.54548e-05 6.65109e-05 1.84999e-05 -8.22513e-05 -0.000206566 -3.69521e-05 2.4556e-06 -4.63793e-05 1.05448e-05
internal_weight=2136 558 1578 537 358 179 336 1533 158 1506 1470 312 238 66 172 74 44 126 138 48 1426.5 46 90 63 127.5 57 63 1299 148.5 1150.5 91.5 1110 1095 204 891 172.5 129 108 72 40 61 855 121.5 733.5
internal_count=1350 504 846 486 324 162 306 828 148 816 798 290 216 56 160 74 44 120 130 48 780 40 82 60 54 49 60 726 96 630 60 600 585 186 399 159 129 108 72 40 40 378 54 324
is_linear=0
shrinkage=0.08


Tree=177
num_leaves=45
num_cat=0
split_feature=37 34 12 36 12 12 4 5 36 36 25 37 37 30 27 37 28 16 37 1 15 19 34 31 37 37 16 37 34 32 34 34 31 16 37 37 34 17 17 37 2 1 34 18
split_gain=0.00348228 0.0491379 0.013407 0.00368686 0.135687 0.0867553 0.0103882 0.00248733 0.00563014 0.00176875 0.00143026 0.000381612 0.000381909 0.000306618 0.000251181 0.000262631 0.000511073 0.000238129 0.000177444 0.000287522 0.000900049 0.000326191 0.000263767 0.000605357 0.000199045 0.000194182 0.000169816 0.000166689 0.0001626 0.000133892 0.000112353 0.000162539 0.00010144 0.000106308 0.000118587 0.000206149 0.00108841 0.000543986 0.000241186 0.000252358 0.000180483 0.000165632 0.000160439 9.8335e-05
threshold=16.985000000000003 13.900000000000004 9.9350000000000005 2.5000000000000004 9.8550000000000022 9.7700000000000014 17.935000000000006 11.345000000000002 1.5000000000000002 2.5000000000000004 5.4000000000000012 16.295000000000005 16.625000000000004 11.900000000000002 10.400000000000002 10.675000000000002 27.699999999999999 6.0453846153846165 10.115 15.195000000000002 2.1715384615384621 0.3000000000000001 41.300000000000011 0.70000000000000007 3.3550000000000004 15.100000000000003 6.7150000000000025 10.085000000000003 71.100000000000023 7.3000000000000016 74.200000000000017 66.100000000000009 12.300000000000002 6.0700000000000012 9.1850000000000005 5.1300000000000017 21.900000000000006 11.500000000000002 0.90000000000000013 3.0300000000000007 14.950000000000001 16.505000000000006 28.100000000000005 3.0000000000000004
decision_type=2 2 2 2 2 2 2 2 2 2 2 2 2 2 2 2 2 2 2 2 2 2 2 2 2 2 2 2 2 2 2 2 2 2 2 2 2 2 2 2 2 2 2 2
left_child=2 -2 3 4 6 10 11 -3 -9 -10 13 14 -13 18 15 17 43 -1 19 20 24 26 23 -20 -5 -25 -21 30 -15 -23 31 32 33 -19 35 36 38 40 39 -35 -37 -36 -42 -17
right_child=1 7 -4 5 -6 -7 -8 8 9 -11 -12 12 -14 28 -16 16 -18 27 22 21 -22 29 -24 25 -26 -27 -28 -29 -30 -31 -32 -33 -34 34 41 37 -38 -39 -40 -41 42 -43 -44 -45
leaf_value=-0.00025247438903898005 0.0034621370673455576 8.0396676096011337e-05 -0.0010360971155265967 -0.00022923298908964447 0.0049348016931778857 -0.0042355373078986763 -0.0013867526111587519 -0.0016859850588529792 -0.00062579144512049168 0.00038864957338029688 0.00037416594527792514 -2.6753993454174355e-06 -0.00043628444698137731 -0.00020747757954500142 -0.00015318460732934968 6.4652867977403931e-05 0.00027115083926165589 0.00020606022328138352 0.00036766905613519528 0.00018906842946926964 0.00050509190913450362 -4.7013928126168739e-05 0.00033422062948962019 4.1578664877933682e-05 9.6868546027690166e-05 -0.00026605051350391782 -7.5273769907653331e-06 -0.00015340741660276597 1.1131490923856433e-05 -0.00021675881225324115 8.8175026549020254e-05 -0.00017011362658296195 0.00011771685523080064 0.00021018850143134064 0.00013798735712447927 0.00021561825596210031 0.0005926307162735611 -0.00036085038342409663 -0.00023612942648469472 -0.00012375481318061549 -0.00018308005854487421 -1.5256150701652813e-05 -1.5169321967737448e-05 -6.1772351228033329e-05
leaf_weight=25 27 57 81 23 36 31.5 36 22 22 22 85.5 26 26 51 63 90 68 14.999999999999998 27 47 29 74.5 31 29 25 24 70 44 38 49.5 95 36 47 28 72 18 20 36 32 30 45 121 191 70
leaf_count=10 27 57 36 23 16 14 16 22 22 22 38 26 26 30 28 86 34 6 27 21 28 34 25 22 25 24 31 22 23 23 44 22 24 28 36 18 20 24 32 30 18 56 86 68
internal_value=5.42938e-13 0.000371677 -2.80723e-05 1.47886e-05 9.34852e-05 -0.000142605 -4.77525e-05 -0.000306717 -0.000641042 -0.000118571 7.10282e-05 -7.51546e-06 -0.00021948 2.09929e-05 2.10248e-06 1.11358e-05 8.74252e-05 -9.20805e-06 4.90273e-05 1.86296e-05 0.000153208 -2.43685e-05 0.000136112 5.93454e-05 -5.93884e-05 -9.77251e-05 7.1447e-05 -1.88075e-06 -0.000114139 -0.000114775 6.60166e-06 -4.6132e-06 4.48301e-06 -4.27027e-06 -9.5906e-06 -3.44408e-05 5.88101e-05 -6.98118e-05 -5.98168e-05 3.74592e-05 -2.85623e-05 4.19124e-05 -4.71862e-05 9.34183e-06
internal_weight=2136 150 1986 1905 1270 635 1234 123 66 44 603.5 1198 52 518 1146 1083 228 855 429 318 77 241 111 80 48 53 117 830 89 124 786 691 655 608 593 400 110 290 90 58 254 193 236 160
internal_count=1350 150 1200 1164 776 388 760 123 66 44 374 744 52 336 692 664 188 476 283 185 76 109 98 73 48 46 52 466 53 57 444 400 378 354 348 256 110 146 90 58 122 92 104 154
is_linear=0
shrinkage=0.08


Tree=178
num_leaves=45
num_cat=0
split_feature=27 36 10 11 36 11 11 13 24 23 12 12 32 13 19 16 34 34 3 17 33 16 17 33 31 0 16 22 22 19 10 15 30 0 31 20 32 19 19 20 20 36 34 36
split_gain=0.00180832 0.00290509 0.0139121 0.00325359 0.0129137 0.0448727 0.026549 0.00322587 0.000232406 0.000486642 0.000169308 0.000193276 0.00015399 0.000144401 0.000128221 0.00014275 0.000113748 0.000215519 0.000196103 0.000155016 0.000147408 0.000110787 0.000110133 0.00012286 9.16439e-05 0.000114218 7.83263e-05 0.000127295 0.000196394 9.38192e-05 7.51546e-05 7.37406e-05 8.79097e-05 0.000139333 7.05739e-05 0.00012052 6.12006e-05 5.98238e-05 5.52609e-05 5.26549e-05 5.34337e-05 9.59643e-05 0.000211726 6.09258e-05
threshold=22.700000000000006 1.5000000000000002 9.6700000000000017 9.7050000000000018 2.5000000000000004 9.8950000000000014 9.8950000000000014 9.8950000000000014 7.5000000000000009 6.6000000000000005 9.5600000000000005 9.4400000000000031 19.000000000000004 9.3000000000000025 19.300000000000004 7.4750000000000023 36.300000000000004 31.700000000000006 14.485000000000001 2.7000000000000006 2.5000000000000004 7.0450000000000008 0.50000000000000011 0.3000000000000001 26.000000000000004 17.475000000000005 6.7350000000000021 53.300000000000004 77.200000000000003 1.5000000000000002 8.1100000000000012 1.6800000000000004 1.0000000180025095e-35 14.240000000000002 3.1000000000000005 0.70000000000000007 9.9000000000000004 0.70000000000000007 3.7000000000000006 10.000000000000002 2.5000000000000004 2.5000000000000004 43.900000000000013 2.5000000000000004
decision_type=2 2 2 2 2 2 2 2 2 2 2 2 2 2 2 2 2 2 2 2 2 2 2 2 2 2 2 2 2 2 2 2 2 2 2 2 2 2 2 2 2 2 2 2
left_child=1 2 8 10 6 -6 -5 -4 9 12 11 13 16 14 24 -16 17 19 -18 22 -21 34 23 -1 25 26 30 29 -29 31 39 -28 -33 -34 -20 -36 -27 -35 -31 40 43 42 -42 -3
right_child=-2 3 7 4 5 -7 -8 -9 -10 -11 -12 -13 -14 -15 15 -17 18 -19 21 20 -22 -23 -24 -25 -26 36 27 28 -30 38 -32 32 33 37 35 -37 -38 -39 -40 -41 41 -43 -44 -45
leaf_value=8.3774378382306744e-05 0.00058761133826478861 -5.8385863707775979e-05 -0.0016528030451653259 -0.00034870828344643888 0.0016028554931089476 -0.0022596213855333143 0.0026222653377365756 -0.00065007334829054087 -0.00016096251177763151 0.00033225121594626796 -0.00013968203343789687 0.00021102409569941687 -0.00015361582891053552 -0.00012747021397279407 2.2500919919736958e-05 -0.00024564753499968598 0.00036039969961469378 -0.00020414325519232078 0.00014792559503377237 0.00023683674427016303 -8.6805859909338112e-06 -0.00010381588322000907 -0.00015313571470594684 -6.8395249864330423e-05 -6.1050620570313188e-05 0.0001562109634660098 0.00012560444869649635 0.00029967171108971039 -7.2910163838129786e-07 -9.0507732014744901e-05 -8.7660892686637295e-05 0.00015005553971665601 -0.00012053008740102607 0.00012019915882653247 0.00011704303079632798 -4.9767622554172127e-05 4.7265077503680281e-05 -2.1612172325452172e-05 2.3066419224929191e-05 -4.9690119851368e-05 0.00021219689479436387 -3.4967058066589137e-06 -2.7984640385001532e-05 3.9735355466190315e-05
leaf_weight=57 33 81 38.5 38.5 38.5 38.5 38.5 44 60.5 27.5 44 33 45.5 44 27 24 11.999999999999998 40 39.5 29 34 34 43 84 72 66 73 30 26 52 55 30 42 45 49.5 63 66 33 58 74 55 96 41 81
leaf_count=42 18 45 21 21 21 21 21 24 33 15 24 18 27 24 18 24 12 24 24 24 24 24 33 54 42 36 48 30 24 42 30 30 42 30 27 36 36 18 48 42 30 54 24 45
internal_value=-7.44418e-12 -9.22073e-06 -0.000142194 5.7266e-05 0.000404198 -0.000328383 0.00113678 -0.00111801 -1.20323e-05 4.11519e-06 1.44555e-05 2.00884e-05 -1.28947e-05 1.47077e-05 2.02585e-05 -0.000103687 3.0698e-07 -3.18728e-05 4.69515e-05 -3.97478e-06 0.000104335 2.6729e-05 -4.10592e-05 -6.87987e-06 2.61332e-05 3.23855e-05 2.18872e-05 4.86039e-05 0.0001602 2.98371e-05 3.69909e-07 5.96605e-05 2.75678e-05 -3.05419e-06 5.59298e-05 2.36291e-05 0.000101738 6.02021e-05 -3.06232e-05 1.16823e-05 2.45115e-05 5.30613e-05 0.000109619 -9.32525e-06
internal_weight=2136 2103 701 1402 154 77 77 82.5 618.5 558 1248 1204 530.5 1171 1127 51 485 287 198 247 63 186 184 141 1076 1004 872 389 56 333 483 223 150 120 152 112.5 132 78 110 428 354 192 96 162
internal_count=1350 1332 444 888 84 42 42 45 399 366 804 780 351 762 738 42 324 201 123 177 48 111 129 96 696 654 582 312 54 258 270 168 120 90 87 63 72 48 90 240 198 108 54 90
is_linear=0
shrinkage=0.08


Tree=179
num_leaves=45
num_cat=0
split_feature=37 34 12 36 12 13 4 3 5 36 27 37 31 31 37 0 30 31 12 37 37 37 22 27 37 24 16 31 37 22 37 31 30 37 20 16 34 31 37 0 0 17 0 37
split_gain=0.00294714 0.0413649 0.0111609 0.00339554 0.114625 0.106081 0.00775393 0.00605683 0.00205315 0.00444976 0.00676178 0.000737567 0.00140328 0.000357002 0.000319764 0.000316383 0.000296288 0.000203207 0.000369356 0.000252629 0.0009201 0.000772643 0.00023353 0.000202785 0.000209831 0.000451031 0.000200677 0.000189282 0.00017696 0.000166047 0.000142121 0.000139 0.000136734 0.000121077 0.000426707 0.000263967 0.000236031 0.000163675 0.000116667 0.000413203 0.000636688 0.000408464 0.000106653 9.23452e-05
threshold=16.985000000000003 13.900000000000004 9.9350000000000005 2.5000000000000004 9.8550000000000022 9.7700000000000014 17.935000000000006 17.935000000000006 11.345000000000002 2.5000000000000004 5.8000000000000007 10.115 14.900000000000002 1.3 16.295000000000005 16.625000000000004 8.1000000000000014 4.6000000000000005 4.0150000000000015 7.8200000000000012 6.9350000000000014 4.745000000000001 21.900000000000002 10.400000000000002 10.675000000000002 7.5000000000000009 6.0453846153846165 5.9000000000000012 8.8800000000000008 70.600000000000009 10.085000000000003 0.3000000000000001 12.100000000000001 4.3200000000000012 5.9000000000000012 8.9950000000000028 7.5000000000000027 24.700000000000006 6.8050000000000006 15.020000000000001 14.390000000000002 11.000000000000002 16.185000000000006 7.5300000000000002
decision_type=2 2 2 2 2 2 2 2 2 2 2 2 2 2 2 2 2 2 2 2 2 2 2 2 2 2 2 2 2 2 2 2 2 2 2 2 2 2 2 2 2 2 2 2
left_child=2 -2 3 4 6 7 14 11 -3 10 -10 17 13 -13 23 -16 27 19 -19 20 21 31 28 24 26 29 -1 -15 -20 32 33 -5 -26 34 35 -28 -37 38 39 40 -35 43 -21 -40
right_child=1 8 -4 5 -6 -7 -8 -9 9 -11 -12 12 -14 16 15 -17 -18 18 22 42 -22 -23 -24 -25 25 -27 30 -29 -30 -31 -32 -33 -34 37 -36 36 -38 -39 41 -41 -42 -43 -44 -45
leaf_value=-0.00023082918897271158 0.0031774376360354599 7.1206253288485301e-05 -0.00094554451903627239 4.2303899550461217e-05 0.004538546349439356 -0.0045897985490468834 -0.0011978422048398191 0.0011823181228505242 -0.0021351216088514773 0.0003447193529626185 -0.00014341076525549093 0.00028042486647325684 0.00072669920153342756 -0.0002402332246966773 -2.9453230896391548e-06 -0.00039760706256716869 0.00017980343786101524 -0.00044049867399735375 -0.00017292967216382102 -0.00013865965051466927 0.00051331080721113192 -0.00037207334101492284 0.00010870749027364784 -0.00013697032600508205 2.8864878918587541e-05 0.0003573346696794033 0.00022824339529809852 5.5036935373209416e-05 1.4205883752118359e-05 -0.00018503333488479259 -0.00014069910457527096 0.00034056504652835428 0.00022759004352757565 2.6120392568899612e-05 -0.00040608713158871976 -0.00030660013970918956 5.3232713086929709e-05 0.00017557445052079855 0.00010107602795220115 -0.0001514307627904004 0.00058376889652572575 -0.00023562553825063836 1.9401154477831002e-05 2.331245549958595e-06
leaf_weight=25 27 57 81 20 36 32.5 36 31.5 20 22 24 41 26 33 26 26 35 15.999999999999998 77.5 42.5 29 25.5 49.5 63 150 32 24 24 55.5 20 44 20 26 38 20 20 28 40 70 29 20 45 76.5 452
leaf_count=10 27 57 36 20 16 15 16 14 20 22 24 40 18 27 26 26 25 16 31 20 14 24 25 28 132 16 24 19 26 20 22 20 20 38 20 20 28 20 28 20 20 26 34 200
internal_value=7.96813e-13 0.000341927 -2.58253e-05 1.32808e-05 8.88043e-05 -0.000137766 -4.10099e-05 0.000102385 -0.000280502 -0.000584249 -0.00104873 4.28091e-05 0.000189169 8.40882e-05 -6.24701e-06 -0.000200276 -3.40967e-06 -1.36745e-05 -7.19425e-05 4.04997e-05 0.000138154 -2.79464e-05 -3.96307e-05 2.5571e-06 1.06737e-05 7.88645e-05 -7.51058e-06 -0.000115909 -9.48393e-05 3.34e-05 -7.84113e-07 0.000191434 5.8222e-05 7.04828e-06 -7.9189e-05 1.1616e-05 -9.66976e-05 1.84803e-05 8.8721e-06 9.51317e-05 0.000218413 -4.3635e-06 -3.70491e-05 1.55729e-05
internal_weight=2136 150 1986 1905 1270 635 1234 602.5 123 66 44 571 159 133 1198 52 92 412 198.5 213.5 94.5 65.5 182.5 1146 1083 228 855 57 133 196 830 40 176 786 92 72 48 694 654 87 58 567 119 522
internal_count=1350 150 1200 1164 776 388 760 373 123 66 44 359 129 111 744 52 71 230 98 132 78 64 82 692 664 188 476 46 57 172 466 40 152 444 92 72 48 352 332 78 58 254 54 228
is_linear=0
shrinkage=0.08


Tree=180
num_leaves=45
num_cat=0
split_feature=37 11 10 36 13 4 11 14 4 15 37 37 22 14 33 33 0 34 37 36 15 10 11 16 0 14 12 37 21 18 22 30 22 6 34 30 29 36 37 37 22 37 0 37
split_gain=0.00312688 0.0547937 0.0288181 0.0217196 0.206318 0.171302 0.00593592 0.00473005 0.00217838 0.00165938 0.00126321 0.00125768 0.000935128 0.000844651 0.000504511 0.000577903 0.000463531 0.000419748 0.000346445 0.000241516 0.00303271 0.00170956 0.000392033 0.000382282 0.000316161 0.000217265 0.000295156 0.000284781 0.000820568 0.000715066 0.00106517 0.000569984 0.000220358 0.000193395 0.000263769 0.000147542 9.94407e-05 0.000177707 8.80015e-05 0.000116022 0.00017924 7.20254e-05 0.000366776 0.000155153
threshold=11.703076923076924 9.9450000000000021 9.9550000000000018 2.5000000000000004 9.8000000000000025 17.890000000000004 9.5600000000000005 9.0900000000000016 17.935000000000006 -0.15000000000000033 16.455000000000002 11.345000000000002 8.6000000000000032 7.8350000000000009 26.000000000000004 8.4000000000000004 14.640000000000002 59.500000000000007 17.430000000000003 2.5000000000000004 -0.065000000000001265 9.7700000000000014 9.4050000000000029 5.9665384615384607 17.590000000000003 7.8350000000000009 8.7350000000000012 7.4800000000000013 3.3000000000000003 11.800000000000002 50.300000000000004 1.0000000000000002 33.000000000000007 10.010000000000002 43.900000000000013 7.8000000000000007 0.50000000000000011 1.5000000000000002 10.105000000000002 9.9050000000000029 9.8000000000000025 4.3200000000000012 14.200000000000001 6.8050000000000006
decision_type=2 2 2 2 2 2 2 2 2 2 2 2 2 2 2 2 2 2 2 2 2 2 2 2 2 2 2 2 2 2 2 2 2 2 2 2 2 2 2 2 2 2 2 2
left_child=2 3 8 4 6 7 14 10 9 -1 13 19 -12 16 15 18 -5 -17 33 21 -21 23 25 -11 38 27 -27 29 -29 30 31 -22 -30 34 36 -35 -2 -38 39 41 -41 42 -25 -43
right_child=1 -3 -4 5 -6 -7 -8 -9 -10 11 12 -13 -14 -15 -16 17 -18 -19 -20 20 22 -23 -24 24 -26 26 -28 28 32 -31 -32 -33 -34 35 -36 -37 37 -39 -40 40 -42 43 -44 -45
leaf_value=0.0008990370509801088 -0.00012736018420481641 -0.0041715857475286442 0.0021250333246730624 0.00022214903468813969 0.0078591782743619252 -0.0075138567068747109 -0.0011398090123582413 0.0013265124568133616 -0.00060121995210647586 -0.00024762875749729575 -0.00075370238069444903 0.00047515385008106627 1.0648518800735474e-05 0.00052893657237291342 -0.00036173658982778973 5.422959075076506e-06 -0.0001955900143708705 0.00040910735589397306 -0.00037471441831439734 0.0014974436660607658 0.00013857280898312303 -0.00056754924770858561 0.00024391089057571245 3.825819872755317e-05 0.00024085016122886113 -0.00022886612051134479 1.4392199375155105e-05 0.00028942432187825272 6.1489905810131783e-05 -0.000448410163196374 0.0005273874498776753 -0.00027246905071660877 -0.00018960247860177532 -6.2249482834886298e-06 -0.00029433589021209627 0.0002629022925711152 0.00016116471935270562 -9.0201042864161235e-05 -8.6633706293804078e-05 -2.4932642001658678e-05 0.00021456037042662503 9.9417800876915784e-05 -0.00030248548587163293 -1.3879436269481919e-05
leaf_weight=13.499999999999998 36 21 42 34 22 21 34 20 37.5 40 20 36 21 29 26 32 34 34 20 8.9999999999999982 38 36 43.5 62 35 58 71 77.5 44 24.5 22 50 45.5 32 28 22 36 36 76 40 40 91 30 516
leaf_count=6 36 18 18 34 18 14 24 20 15 16 20 18 21 19 20 32 34 28 20 4 38 16 19 62 14 25 31 37 20 20 19 29 21 26 28 20 36 36 38 20 20 82 30 228
internal_value=9.08436e-12 -0.000162773 5.75584e-05 -6.00348e-06 0.000353757 -0.000725525 -0.000137669 0.000176721 1.0259e-06 1.60971e-05 1.00851e-05 8.0704e-06 -0.000362206 0.000167445 -2.48453e-05 6.89083e-06 1.32795e-05 0.000213382 -5.80063e-05 -3.53416e-06 4.26554e-05 -2.66289e-05 1.50328e-05 -5.69008e-06 5.18357e-06 -8.09424e-06 -9.49798e-05 2.90807e-05 9.88565e-05 -5.75555e-05 2.94985e-05 -9.49737e-05 -6.61604e-05 -2.46686e-05 -7.55271e-05 0.000103419 -1.87988e-05 3.54818e-05 -4.4636e-06 3.553e-06 9.48139e-05 -6.89174e-06 -7.28539e-05 3.10582e-06
internal_weight=2136 558 1578 537 358 179 336 158 1536 1498.5 138 1485 41 97 302 276 68 66 210 1449 483 966 474 930 890 430.5 129 301.5 167 134.5 110 88 89.5 190 136 54 108 72 855 779 80 699 92 607
internal_count=1350 504 846 486 324 162 306 148 828 813 128 807 41 87 282 262 68 60 202 789 263 526 259 510 494 240 56 184 78 106 86 67 41 182 136 46 108 72 480 442 40 402 92 310
is_linear=0
shrinkage=0.08


Tree=181
num_leaves=45
num_cat=0
split_feature=35 11 11 36 13 11 36 11 14 10 1 10 33 33 19 35 32 18 2 10 32 29 18 14 14 10 32 27 9 35 20 24 15 29 0 29 17 32 35 17 35 0 36 30
split_gain=0.00103258 0.0429995 0.0169544 0.00301244 0.0207358 0.0110735 0.00266051 0.0865786 0.0354375 0.00663451 0.00585936 0.00093448 0.000746858 0.000665767 0.000374426 0.000269181 0.00116312 0.000898355 0.00110322 0.000587453 0.00058274 0.000503864 0.000220693 0.000262332 0.000202355 0.000408393 0.00018432 0.000135122 0.000132703 0.000236449 0.000467437 0.000148178 0.00010273 9.87163e-05 0.000195635 0.00011981 8.48152e-05 0.000159978 0.000315652 0.000162064 0.000157496 0.000290838 0.000163398 5.79235e-05
threshold=1.0000000180025095e-35 9.9200000000000017 9.9550000000000018 2.5000000000000004 9.6300000000000008 9.2600000000000016 2.5000000000000004 9.8950000000000014 9.5600000000000005 9.7700000000000014 17.875000000000004 8.1850000000000023 20.700000000000006 11.700000000000001 0.3000000000000001 1.5000000000000002 3.3000000000000003 5.9000000000000012 16.155000000000005 7.455000000000001 8.4000000000000004 1.0000000000000002 3.7000000000000006 7.4400000000000004 7.6750000000000007 8.5600000000000005 8.8000000000000025 10.400000000000002 10.045000000000002 1.5000000000000002 0.90000000000000013 1.9000000000000001 0.94499999999999951 1.0000000000000002 13.955000000000002 5.5000000000000009 1.3 8.1000000000000014 1.5000000000000002 13.900000000000002 1.5000000000000002 15.995000000000003 1.5000000000000002 1.0000000180025095e-35
decision_type=2 2 2 2 2 2 2 2 2 2 2 2 2 2 2 2 2 2 2 2 2 2 2 2 2 2 2 2 2 2 2 2 2 2 2 2 2 2 2 2 2 2 2 2
left_child=1 3 6 4 12 11 7 9 10 27 15 14 13 24 -5 16 21 18 -17 -18 -20 -8 23 -16 26 -26 33 28 36 30 -30 -31 -27 34 -1 -35 43 39 -39 40 42 -42 -38 -2
right_child=2 -3 -4 5 -6 -7 8 -9 -10 -11 -12 -13 -14 -15 22 17 19 -19 20 -21 -22 -23 -24 -25 25 32 -28 -29 29 31 -32 -33 -34 35 -36 -37 37 38 -40 -41 41 -43 -44 -45
leaf_value=-9.3454003217630091e-05 8.7569619106943718e-05 0.003642217644179861 -0.0014233888223491335 0.0003659250433847774 -0.0026994976422283802 0.001980278239119798 0.00010879032692173496 0.0039474159572273496 -0.0018425866330939312 -0.00099275352433323858 0.00098467390197846624 -0.00050921685487517851 -0.00049860488693229859 0.00035009228151466231 -0.0003285926203850819 0.00036634106128379548 0.00047860554957555401 -0.00040688633306750231 6.1145891983281167e-05 0.000113888243366474 -0.00026064521327614782 -0.0003033192678858355 0.00012216599456764556 6.7567449063062667e-05 -0.00036342584378871832 -0.0001217251549824141 0.00017829016679623985 -0.00010551200389171654 0.00027773272177642762 8.0606325923536837e-05 -3.4381705336272721e-05 -7.7908558900364574e-05 0.00012377106361479188 -0.0002167681447075059 0.0002393515753283282 1.3329117448717756e-05 -6.6700069029338474e-05 -0.00026235015152801334 8.0007617559157697e-06 0.00015218073112034314 -0.00023298616455867888 6.7694823124579015e-05 0.0001591583505193362 9.8004476482121549e-07
leaf_weight=26 60 21 54 20 20 20 31 36 67.5 45 45 23 20 32 23 48 45 35 85 76 62.5 49 37 20 32 20 34 72 68 65 56 90 24 30 20 28 41 52 59 37 50 35 41 281
leaf_count=26 40 21 24 20 20 20 26 16 30 20 20 23 20 32 23 39 29 23 34 38 25 28 37 20 32 20 34 32 34 26 28 36 24 30 20 28 26 32 32 32 38 14 26 152
internal_value=2.28947e-12 0.000107665 -2.87361e-05 -6.53555e-05 -0.000215257 0.000234447 1.74105e-05 8.96371e-05 -0.000127043 -4.23781e-05 0.000115978 -4.94279e-05 -2.84718e-05 9.75038e-06 5.63236e-05 2.53836e-05 9.30478e-05 -3.36207e-05 3.32043e-05 0.000249527 -7.52063e-05 -0.000143627 -2.10767e-05 -0.000144332 -4.11419e-05 -0.000145969 1.65889e-05 9.14798e-08 8.22351e-06 5.44376e-05 0.000136778 -1.14346e-05 1.21819e-05 -3.6275e-05 5.12441e-05 -0.000105687 -1.14316e-05 -4.13609e-05 -0.00011865 6.93565e-07 -3.28695e-05 -0.000109176 4.62291e-05 1.62157e-05
internal_weight=2136 450 1686 429 286 143 1632 1088 544 1052 476.5 123 266 246 100 431.5 201 230.5 195.5 121 147.5 80 80 43 214 76 138 1007 935 279 124 155 44 104 46 58 656 315 111 204 167 85 82 341
internal_count=1350 450 900 429 286 143 876 584 292 568 262 123 266 246 100 242 121 121 98 67 59 54 80 43 214 76 138 548 516 124 62 62 44 104 46 58 392 200 64 136 104 52 52 192
is_linear=0
shrinkage=0.08


Tree=182
num_leaves=45
num_cat=0
split_feature=37 33 10 36 2 15 36 10 10 10 0 0 0 37 13 37 25 29 16 33 34 34 34 21 15 33 37 22 15 22 0 34 37 31 37 22 15 37 5 20 0 29 0 31
split_gain=0.0037151 0.0311647 0.0157511 0.00344222 0.00423556 0.00182198 0.00177412 0.0104636 0.00421613 0.000808744 0.000246107 0.000365662 0.000192432 0.000172686 0.000340269 0.000190893 0.000703109 0.000665215 0.000560497 0.000300425 0.000290556 0.000292472 0.000289333 0.000206872 0.000203282 0.000178695 0.000166899 0.00294364 0.00137142 0.00102232 0.000147382 0.000229248 0.00012004 0.000323045 0.000218851 0.000368094 0.000207928 0.000328407 0.000188561 0.000219456 0.000162363 0.000237298 0.000125205 0.000118121
threshold=17.400000000000002 2.5000000000000004 9.9550000000000018 1.5000000000000002 17.820000000000004 -0.15000000000000033 1.5000000000000002 9.6700000000000017 9.8550000000000022 9.6300000000000008 17.475000000000005 17.845000000000002 17.365000000000006 16.295000000000005 7.6950000000000012 10.115 4.4000000000000012 10.800000000000002 5.9461538461538463 5.9000000000000012 72.000000000000014 54.70000000000001 43.900000000000013 2.1000000000000005 2.1950000000000003 1.7000000000000004 5.3900000000000015 65.700000000000017 2.1715384615384621 84.600000000000009 13.955000000000002 9.9000000000000039 16.455000000000002 4.6000000000000005 15.345000000000001 10.200000000000001 2.1715384615384621 8.8450000000000006 9.9550000000000018 0.50000000000000011 16.495000000000001 0.3000000000000001 16.085000000000004 3.3000000000000003
decision_type=2 2 2 2 2 2 2 2 2 2 2 2 2 2 2 2 2 2 2 2 2 2 2 2 2 2 2 2 2 2 2 2 2 2 2 2 2 2 2 2 2 2 2 2
left_child=2 -2 5 -3 -5 -1 7 13 9 10 12 -12 26 15 -15 18 17 19 -7 23 21 22 24 -17 -20 -26 27 28 30 32 31 -8 34 -34 36 -36 37 -28 39 -38 41 -39 -37 -27
right_child=1 3 -4 4 -6 6 8 -9 -10 -11 11 -13 -14 14 -16 16 -18 -19 20 -21 -22 -23 -24 -25 25 43 29 -29 -30 -31 -32 -33 33 -35 35 42 38 40 -40 -41 -42 -43 -44 -45
leaf_value=0.00094098519395898893 0.0031962760129854795 -0.0011591188990595666 -0.0013699217871935279 -0.00079335809219628574 0.00078298552155805124 -0.000461310048188482 0.00017909399050820087 -0.0011603882520912438 0.00079015207552940274 0.0002962749728828039 0.00024400420504712709 -1.0959577306898104e-05 -0.00016707562419469469 7.9205538961105059e-05 -0.00037672577341171825 0.0001358051637739495 0.00038323937461858518 -0.00042120779867261832 3.5210962663076712e-05 0.00031465479601174593 0.00016858122891566732 -0.00024051146862441548 0.00019553473668105633 -0.00017736038538040938 -0.00025048013627529143 4.4801376760005952e-05 -0.00018093298269628453 -0.0009670232012867927 0.00062242867973206259 0.00045467143446919231 -0.00022706469006758805 -0.0001193677419651067 -0.0002706781915484873 6.8756824475713074e-05 0.00044231719663366677 0.00015758236362065265 -0.00027312119767884723 4.5467175480623085e-05 2.0073832650841389e-05 -4.6916772271241086e-05 5.9234002919131248e-05 0.00037567210100435962 -0.00010663544886152854 -0.00013456597811572495
leaf_weight=13.499999999999998 21 22 54 20 24 17.5 28 54.5 49 71 72 72 40 20 22 27 38 21 142 25 57 36.5 41.5 27 37.5 47.5 29 20 24 34 24 40 34 38 20 24 32 26 270 193 129 30 22 46.5
leaf_count=6 21 22 24 20 24 7 28 27 24 36 32 32 20 20 22 25 19 17 92 20 27 20 23 25 22 24 14 20 24 28 24 40 34 38 20 24 20 26 120 112 58 26 22 21
internal_value=1.13758e-12 0.000512019 -2.17402e-05 -0.000342063 6.64657e-05 1.47519e-05 8.44149e-06 -9.86116e-05 6.1968e-05 3.39169e-05 1.8407e-05 0.000116522 5.0403e-06 -3.12181e-06 -0.000159616 8.53198e-06 9.03052e-05 -2.10098e-05 -1.79579e-05 8.53719e-05 1.03513e-06 -2.61345e-05 -1.294e-06 -2.07776e-05 -3.11601e-05 -0.000102831 1.18099e-05 -7.0675e-05 8.38677e-05 2.45431e-05 -5.66264e-05 3.52827e-06 7.27698e-06 -9.15319e-05 1.64566e-05 0.000155793 3.48598e-06 6.93759e-05 -2.49998e-05 -7.90881e-05 0.000108613 0.000222363 3.12173e-05 -4.39282e-05
internal_weight=2136 87 2049 66 44 1995 1981.5 660.5 1321 1272 1201 144 1057 606 42 564 138 100 426 79 408.5 351.5 315 54 273.5 131.5 1017 136 116 881 92 68 847 72 775 66 709 214 495 225 185 56 46 94
internal_count=1350 87 1263 66 44 1239 1233 411 822 798 762 64 698 384 42 342 106 87 236 70 229 202 182 50 159 67 678 136 116 542 92 68 514 72 442 66 376 124 252 132 110 52 46 45
is_linear=0
shrinkage=0.08


Tree=183
num_leaves=45
num_cat=0
split_feature=37 11 27 37 4 9 15 37 23 37 30 4 31 23 0 31 30 11 33 13 30 31 30 37 37 37 22 0 19 22 30 16 0 15 37 0 21 4 37 33 37 9 31 4
split_gain=0.00327815 0.0522913 0.0254791 0.00376943 0.00317838 0.00254893 0.00153638 0.000872646 0.000617811 0.000397374 0.000516949 0.000317958 0.000277715 0.000371394 0.00028404 0.000215704 0.00019408 0.000174148 0.000134726 0.000135881 0.000113943 9.84469e-05 9.5592e-05 9.36988e-05 0.000152253 7.46822e-05 0.00139199 0.000536463 0.000531345 0.000245656 0.000177167 0.000152531 9.10911e-05 0.00039335 9.65748e-05 6.88933e-05 7.16051e-05 6.53125e-05 8.57082e-05 6.35683e-05 6.21839e-05 0.000211976 0.000147864 0.000250968
threshold=11.703076923076924 9.9450000000000021 11.900000000000002 11.911538461538465 17.875000000000004 11.992692307692311 -0.15000000000000033 11.345000000000002 13.000000000000002 17.710000000000004 26.000000000000004 17.515000000000004 20.700000000000006 1.6000000000000003 16.685000000000006 10.300000000000002 1.3 9.6300000000000008 11.4 7.9050000000000011 1.3 0.70000000000000007 8.1000000000000014 2.3250000000000006 2.6750000000000003 5.1700000000000008 68.500000000000014 14.280000000000003 17.200000000000006 19.300000000000004 1.0000000180025095e-35 8.9950000000000028 15.280000000000003 2.2350000000000008 6.8050000000000006 14.390000000000002 8.9000000000000021 16.155000000000005 9.6200000000000028 3.5000000000000004 8.6700000000000017 9.9350000000000005 15.100000000000001 16.575000000000003
decision_type=2 2 2 2 2 2 2 2 2 2 2 2 2 2 2 2 2 2 2 2 2 2 2 2 2 2 2 2 2 2 2 2 2 2 2 2 2 2 2 2 2 2 2 2
left_child=2 3 4 -2 6 8 -1 11 9 10 12 17 13 14 18 -15 -16 23 19 21 -13 -5 35 -8 -25 26 27 29 32 30 -26 -32 33 -27 -34 -23 -37 38 39 -36 41 -39 43 -42
right_child=1 -3 -4 5 -6 -7 7 -9 -10 -11 -12 20 -14 15 16 -17 -18 -19 -20 -21 -22 22 -24 24 25 28 -28 -29 -30 -31 31 -33 34 -35 37 36 -38 40 -40 -41 42 -43 -44 -45
leaf_value=0.00086570636541755109 0.00071412718311573075 -0.0040828645629586565 0.0015975578681029607 9.0007315377464914e-05 -0.00055770115616420902 -0.00069600478614656588 -0.00021895465208217503 0.00039715853946593904 -0.00037306195994218189 0.00031876838222766915 -0.00040274743966403457 -0.00022842215024866165 -0.00025845863720557345 8.2820248790085318e-05 -2.1067428557823104e-07 0.00038764577203740682 -0.00031730970643790594 0.00017206130296359829 -0.00013779716771872093 0.00017824727041909519 -5.6692223959401546e-05 2.2961623054773857e-05 0.00010679672219945738 0.00028924813067230087 2.97918353365579e-05 0.00014012460552510761 -0.00065536695665546838 0.00034293898396814865 0.00027505620163665104 0.00013343592856674352 -8.3417545344370103e-05 -0.00037864729318590391 0.00012957802340388298 -0.00033397585852071646 -5.4560279379944376e-05 -0.00020172965448265047 -1.2759902026681673e-05 -0.00015126177571558703 -0.00010635984094383626 4.6607374547506281e-05 0.00017583697031323727 1.6855786353213868e-05 -0.00010061143543377208 1.360732312073496e-05
leaf_weight=13.499999999999998 42 21 66 66 64.5 39 11.999999999999998 36 30 24 21 48 24 39 21 24 30 40.5 30 39 51 30 24 11.999999999999998 30 21 21 30 46.5 36 24 21 37.5 24 79.5 33 21 60 78 79.5 78 240 48 280.5
leaf_count=6 21 18 27 66 27 30 12 18 24 24 18 21 21 33 21 21 30 18 30 39 21 30 24 12 30 21 21 30 33 36 24 21 24 24 36 33 21 24 39 33 39 96 24 129
internal_value=1.08465e-12 -0.000166663 5.89342e-05 -1.35159e-05 -8.22792e-06 -7.52553e-05 1.62564e-05 8.25947e-06 -2.21649e-05 2.54614e-06 -1.63328e-05 -1.7551e-06 4.96564e-06 2.26748e-05 -1.50972e-05 0.000198944 -0.00018674 8.77747e-06 2.09265e-05 4.3282e-05 -0.000139955 1.30311e-05 -3.40099e-05 3.52281e-06 5.66459e-06 2.908e-06 -4.77204e-05 4.27802e-05 1.05554e-05 -3.83438e-05 -0.000120798 -0.000221191 -1.43224e-06 -0.000112729 3.67311e-06 -7.42403e-05 -0.000128241 -1.33106e-06 -3.76723e-05 -3.97645e-06 1.08598e-05 -1.67677e-05 3.12492e-05 4.89042e-05
internal_weight=2136 558 1578 537 1512 495 1447.5 1434 456 426 402 1398 381 357 294 63 51 1299 243 213 99 174 108 1258.5 1246.5 1234.5 162 141 1072.5 111 75 45 1026 45 981 84 54 943.5 237 159 706.5 300 406.5 358.5
internal_count=1350 504 846 486 819 465 792 786 435 411 387 768 369 348 294 54 51 726 243 213 42 174 108 708 696 684 162 141 522 111 75 45 489 45 444 84 54 420 108 69 312 120 192 168
is_linear=0
shrinkage=0.08


Tree=184
num_leaves=45
num_cat=0
split_feature=37 28 10 36 28 36 10 10 37 24 37 29 36 12 12 37 37 4 14 18 25 37 37 17 0 18 30 30 37 37 37 18 17 18 1 37 34 30 31 34 37 37 17 17
split_gain=0.00397916 0.042278 0.0129211 0.004283 0.00512107 0.0015244 0.007132 0.00471558 0.000729164 0.00026644 0.00091813 0.000460268 0.000201361 0.000569703 0.000462984 0.000244122 0.000476648 0.000292117 0.00027246 0.000333584 0.000201572 0.000197567 0.000222887 0.00151081 0.00116764 0.000480934 0.000166689 0.000244391 0.000222492 0.00033207 0.000407956 0.000444176 0.000299646 0.000226372 0.000217718 0.000261792 0.000321796 0.000164219 0.000156218 0.000264559 0.000256242 0.00022362 0.000248173 0.000193844
threshold=17.400000000000002 27.699999999999999 9.9550000000000018 2.5000000000000004 54.700000000000003 1.5000000000000002 9.6700000000000017 9.8550000000000022 16.985000000000003 5.4000000000000012 11.470000000000001 8.4000000000000004 2.5000000000000004 9.6300000000000008 9.4400000000000031 10.115 14.200000000000001 16.860000000000003 7.8350000000000009 3.3000000000000003 3.9000000000000004 9.9200000000000017 5.3900000000000015 4.7000000000000002 15.195000000000002 1.0000000180025095e-35 7.1000000000000005 5.5000000000000009 16.380000000000006 8.0350000000000019 6.5250000000000012 3.0000000000000004 2.1000000000000005 1.0000000180025095e-35 17.355000000000004 10.065000000000003 46.100000000000009 13.300000000000002 1.3 25.100000000000005 10.115 9.4050000000000029 5.3000000000000016 1.0000000180025095e-35
decision_type=2 2 2 2 2 2 2 2 2 2 2 2 2 2 2 2 2 2 2 2 2 2 2 2 2 2 2 2 2 2 2 2 2 2 2 2 2 2 2 2 2 2 2 2
left_child=2 -2 5 4 -3 6 26 8 9 12 11 -11 13 20 15 17 -17 21 19 -18 38 22 23 25 -24 -14 27 28 29 30 31 33 -31 -1 35 37 -37 -28 39 40 -7 42 -40 -43
right_child=1 3 -4 -5 -6 7 -8 -9 -10 10 -12 -13 14 -15 -16 16 18 -19 -20 -21 -22 -23 24 -25 -26 -27 34 -29 -30 32 -32 -33 -34 -35 -36 36 -38 -39 41 -41 -42 43 -44 -45
leaf_value=7.9363426722755485e-05 0.0036563428464744772 -0.0018660117560066283 -0.0012435770003745954 0.0004465226498855786 -0.00013270322621489563 7.5829915279014548e-05 -0.00092798872661413792 0.00076544287839326358 0.00037299780064801633 -0.00015941374811283764 0.00040662819946495196 0.00015010508804078231 -0.00013845278661392513 -0.00037729452942208996 0.00026881875484250489 0.00029434694926469372 -0.0003396718178798134 -0.00021492886046568555 0.00022060913582598523 6.6780358611140397e-05 -0.00018977439858166401 -0.00015083382160148838 0.00070873288163805716 -0.00065730470243752714 1.5772760595174751e-05 0.00037913590583398389 0.00015169258197762675 -0.00018217262871563435 -0.00026862473390065137 1.5129086669480456e-05 -0.00023437140812707501 0.00034198390023613517 0.00024718377278380407 -0.00028784654036696468 0.00020292633549964177 2.8505245494738184e-05 -0.00039487652061507102 -4.4020893882312206e-05 -8.7595151244992554e-05 -0.00023198829162432704 -0.00018793792477950002 -3.5112350791071855e-06 0.00014249937352724373 0.00018384482846920227
leaf_weight=22 21 20 54 22 24 82.5 59 58 38 62 48 61 20 29 50 52 24 43.5 21 28 38 44 17 21 184 27 68 62.5 20 138 64.5 22 48 21 47 27 20 46 120 43 33 60 40 86
leaf_count=22 21 20 24 22 24 61 29 28 38 26 24 26 20 14 25 37 24 18 21 28 18 22 16 21 83 27 36 34 20 78 29 22 37 21 22 22 18 23 64 26 32 37 26 64
internal_value=2.43336e-12 0.000529903 -2.24996e-05 -0.000464873 -0.000920571 1.05522e-05 -8.83448e-05 6.00007e-05 2.78343e-05 1.72052e-05 0.000109888 -5.91254e-06 2.29572e-06 -3.25229e-05 3.71143e-05 1.30536e-05 0.000109252 -2.06767e-05 -2.25956e-05 -0.000120813 -1.26256e-05 6.32004e-06 3.20255e-05 -9.31733e-05 7.43813e-05 0.000158885 -6.59729e-06 -3.6929e-05 -9.87169e-06 6.53104e-06 -9.18308e-05 4.96133e-05 7.50142e-05 -9.99717e-05 5.14413e-05 7.21892e-06 -0.000151657 7.27205e-05 1.86665e-06 -6.25961e-05 4.67675e-07 3.52567e-05 -3.00715e-05 0.000106849
internal_weight=2136 87 2049 66 44 1995 665 1330 1272 1234 171 123 1063 531.5 531.5 481.5 125 356.5 73 52 502.5 313 269 68 201 47 606 398 335.5 315.5 129.5 65 186 43 208 161 47 114 464.5 158.5 115.5 306 160 146
internal_count=1350 87 1263 66 44 1239 413 826 798 760 76 52 684 342 342 317 110 207 73 52 328 189 167 68 99 47 384 263 229 209 94 65 115 43 121 99 40 59 310 119 93 191 90 101
is_linear=0
shrinkage=0.08


Tree=185
num_leaves=45
num_cat=0
split_feature=37 0 10 5 36 10 10 10 37 27 37 37 37 22 15 22 37 37 32 33 32 37 16 3 37 32 32 30 34 31 0 30 35 35 14 29 36 33 33 37 22 20 33 33
split_gain=0.00365657 0.0234193 0.0109414 0.0021144 0.00131067 0.00602859 0.00399827 0.000703729 0.000212502 0.00032361 0.000256011 0.000416719 0.00021924 0.00218647 0.00124033 0.000778249 0.000247691 0.00098111 0.000348057 0.000480674 0.000233647 0.000195244 0.000175442 0.000195007 0.000243398 0.000525074 0.000440672 0.000321457 0.000213254 0.000247539 0.000436256 0.000199512 0.000307626 0.000254118 0.000181924 0.000176594 0.000150038 0.000136154 0.000148488 0.00022444 0.000461017 0.000455519 0.000188239 0.000178472
threshold=17.475000000000005 17.680000000000003 9.9550000000000018 11.868846153846155 1.5000000000000002 9.6700000000000017 9.8550000000000022 9.6300000000000008 16.895000000000003 2.8000000000000003 2.2750000000000004 2.5300000000000007 5.3900000000000015 65.700000000000017 2.1715384615384621 72.800000000000011 11.245000000000003 11.974615384615387 22.000000000000004 8.1000000000000014 24.700000000000006 3.9500000000000006 5.8630769230769237 17.355000000000004 10.105000000000002 12.100000000000001 7.1000000000000005 1.3 72.000000000000014 3.1000000000000005 15.280000000000003 1.0000000000000002 1.5000000000000002 1.5000000000000002 7.5250000000000012 3.3000000000000003 2.5000000000000004 1.7000000000000004 6.1000000000000005 8.8450000000000006 21.900000000000002 2.7000000000000006 12.300000000000002 3.7000000000000006
decision_type=2 2 2 2 2 2 2 2 2 2 2 2 2 2 2 2 2 2 2 2 2 2 2 2 2 2 2 2 2 2 2 2 2 2 2 2 2 2 2 2 2 2 2 2
left_child=2 -2 4 -3 5 22 7 8 10 -10 -6 -12 13 14 21 16 20 -18 19 -19 37 36 -1 24 28 26 27 -26 29 31 -31 32 -24 -33 -29 -32 -13 -14 43 41 42 -40 -41 -39
right_child=1 3 -4 -5 6 -7 -8 -9 9 -11 11 12 15 -15 -16 -17 17 18 -20 -21 -22 -23 23 -25 25 -27 -28 34 -30 30 35 33 -34 -35 -36 -37 -38 38 39 40 -42 -43 -44 -45
leaf_value=-0.00025212995397547882 0.0028214503223231687 -0.00094169844562808677 -0.0011440909491782939 6.8391394904918136e-05 -0.00062146993819624187 -0.00084663673117756847 0.00069387371372431523 0.00027039487196893339 -0.00039763371832668778 5.7460005453322088e-05 0.00059503865079022942 -4.9450846854597334e-05 5.8590136812904816e-05 -0.00085088206036016344 0.00056688299324984348 0.0003650306401375149 0.00044534714970359345 4.1159815648222923e-05 0.00033049749024212361 -0.00028353872938573151 -0.00017689725141972301 6.4220611930068119e-05 0.00013714832383104496 0.00011629301798601343 7.2235887009331859e-05 -0.00048608278995379805 0.00029948965972289443 -0.0001192899801535532 0.00018146453226466525 -0.00039208181566209534 -0.00014684998043104197 -2.1068513223498658e-05 -0.0001833335245198502 0.00025008768615820867 -0.00040165537963216398 4.8148307638863725e-05 -0.00033232927632828558 -1.655717970619739e-05 -0.00019191567192643159 0.00031650439132178244 -0.00013086875528097152 9.3656381342927341e-05 8.4880736849686885e-05 -0.00016845518484172461
leaf_weight=18 21 21 54 36 3.9999999999999991 60 60 71 20 20 7.9999999999999991 24 196 20 24 42 40 154 20 36 50 32 36 81.5 38 20 20 40 44.5 24 46 37 41 55 23 84 24 142 72 43 40 71 47 76
leaf_count=8 21 21 24 36 4 30 30 36 20 20 8 24 94 20 24 36 20 148 16 30 24 32 28 39 37 18 18 34 22 24 21 22 29 28 20 38 24 64 30 20 20 32 22 34
internal_value=-2.78489e-12 0.000537652 -2.03775e-05 -0.000303747 9.90221e-06 -8.15939e-05 5.56503e-05 2.56397e-05 1.12185e-05 -0.000170087 1.74436e-05 1.96448e-05 1.56525e-05 -8.48396e-05 6.24762e-05 2.77623e-05 1.34105e-05 8.22202e-05 1.30532e-05 -2.0362e-05 -9.93067e-06 -8.88458e-05 -6.09623e-06 1.40988e-06 -1.70031e-05 -0.000106359 -4.35943e-05 -0.000111532 1.72803e-05 -5.33948e-06 -7.87052e-05 6.15145e-05 -3.34979e-05 0.000141036 -0.000222376 -2.08511e-05 -0.00019089 2.2212e-06 -2.02805e-05 1.9033e-05 9.51103e-05 -5.01281e-05 0.000195545 -6.95124e-05
internal_weight=2136 78 2058 57 2004 668 1336 1276 1205 40 1165 1161 1153 124 104 1029 987 250 210 190 737 80 608 590 508.5 141 121 101 367.5 323 154 169 77 92 63 130 48 687 491 273 130 143 90 218
internal_count=1350 78 1272 57 1248 416 832 802 766 40 726 722 714 124 104 590 554 214 194 178 340 80 386 378 339 127 109 91 212 190 83 107 57 50 54 59 48 316 222 124 62 62 42 98
is_linear=0
shrinkage=0.08


Tree=186
num_leaves=45
num_cat=0
split_feature=37 16 11 36 27 27 10 3 36 1 1 10 10 37 27 37 37 14 30 34 30 30 17 9 37 0 2 37 37 37 37 34 37 24 23 37 17 37 17 8 30 37 16 31
split_gain=0.00350488 0.0193427 0.00607509 0.00139014 0.0661554 0.0551619 0.00646236 0.00354936 0.00176241 0.0520006 0.0379724 0.00737427 0.00126777 0.000476638 0.000291808 0.000270306 0.000240701 0.00071146 0.000387591 0.000367027 0.000286446 0.000337433 0.000244969 0.000285578 0.000311777 0.00021321 0.000281808 0.000207837 0.000456673 0.000556518 0.000281856 0.000174345 0.000214683 0.000196905 0.000166566 0.000155159 0.000128169 0.000264866 0.000324193 0.000209801 0.000165334 0.000306866 0.000359337 0.000538871
threshold=17.630000000000006 5.9461538461538463 9.9550000000000018 1.5000000000000002 13.000000000000002 19.500000000000004 9.7700000000000014 17.955000000000002 2.5000000000000004 17.835000000000004 17.835000000000004 9.6300000000000008 9.7050000000000018 16.685000000000006 5.4000000000000012 16.455000000000002 10.115 7.8050000000000006 8.1000000000000014 34.100000000000009 4.6000000000000005 3.3000000000000003 4.5000000000000009 10.045000000000002 8.8450000000000006 17.820000000000004 17.365000000000006 9.6200000000000028 6.9350000000000014 4.745000000000001 3.0300000000000007 74.200000000000017 16.660000000000004 5.4000000000000012 4.1000000000000005 14.110000000000001 1.7000000000000004 10.105000000000002 0.90000000000000013 9.9800000000000022 7.1000000000000005 13.180000000000001 6.5950000000000015 3.1000000000000005
decision_type=2 2 2 2 2 2 2 2 2 2 2 2 2 2 2 2 2 2 2 2 2 2 2 2 2 2 2 2 2 2 2 2 2 2 2 2 2 2 2 2 2 2 2 2
left_child=2 -2 3 4 6 7 13 8 10 11 12 14 31 25 15 16 20 18 19 35 21 27 23 24 -22 26 36 28 29 30 -10 32 33 34 -5 -18 37 38 -1 -39 41 42 -38 -44
right_child=1 -3 -4 5 -6 -7 -8 -9 9 -11 -12 -13 -14 -15 -16 -17 17 -19 -20 -21 22 -23 -24 -25 -26 -27 -28 -29 -30 -31 -32 -33 -34 -35 -36 -37 40 39 -40 -41 -42 -43 43 -45
leaf_value=3.0229389398280173e-05 0.0023747529275715351 -0.0005118068486141662 -0.00079142543768125865 -5.5940303778929444e-06 0.0036212071621289049 -0.0030451550231756349 -0.0010634482521563768 0.00074513073472513099 -0.00012790718348696829 -0.0032406086421438622 0.0028238558474676834 0.0012568292867702743 -0.00055659681025215174 -0.00031856163100699983 0.00026505275434183498 -0.0001930509347738208 0.00022327360241552411 0.00055140483592237746 0.00032615569970485841 -0.00030390331975650042 -9.1084924871337756e-05 0.00028486333858583949 -0.00024642129596996021 -0.0001669560260725794 0.0002220037449816508 -0.0001986638740414665 0.00023167434316645894 -0.00013918168975838595 0.00020938828132218784 -0.00042022910055726075 0.00029681371769402177 0.00011730408873937442 -0.00023649066835383162 0.00017527553032980196 -0.00019658466874961816 -8.1399042275734248e-05 -3.942272640302662e-05 -2.2360513991627253e-06 0.00028093673099108317 -0.00031731393033017716 4.1964699240291821e-05 0.00014118546331667823 -6.5789565484484898e-05 -0.00062288429772178102
leaf_weight=178.5 24 39 63 404.5 32.5 38 40 45 20 31.5 31.5 33 27.5 31 31 38 23 21 22 25 39.5 36 41.5 54 42 31.5 36 42 67.5 21.5 20 70.5 27 36 31.5 20 64.5 38 40.5 21 85 27 23 21.5
leaf_count=98 24 39 33 275 15 18 20 20 20 14 14 18 15 31 16 38 21 16 17 20 20 20 26 23 20 14 16 21 29 20 20 38 27 16 14 20 30 36 20 17 53 27 22 19
internal_value=-1.18541e-13 0.000587835 -1.78647e-05 6.38119e-06 0.00010047 -4.0663e-05 -7.9019e-05 4.70257e-05 2.20339e-05 -7.26935e-05 0.000116761 9.44578e-05 -2.60754e-05 -1.31157e-05 2.64467e-05 1.2569e-05 2.8354e-05 0.000132114 3.42795e-05 -6.0151e-05 -1.63918e-06 6.2253e-05 -7.63605e-05 -2.42754e-05 7.02614e-05 3.59886e-06 1.55078e-05 1.53876e-05 6.57125e-05 -9.19804e-05 8.44533e-05 -4.57582e-07 -1.70953e-05 -4.54509e-06 -1.93927e-05 8.15654e-05 -8.73952e-08 3.60623e-05 7.65931e-05 -0.000114382 -4.55608e-05 -0.000100264 -0.000160073 -0.000334948
internal_weight=2136 63 2073 2010 670 1340 637.5 1302 1257 628.5 628.5 597 597 597.5 564 533 495 111 90 68 384 207 177 135.5 81.5 566.5 535 171 129 61.5 40 569.5 499 472 436 43 499 278 219 59 221 136 109 44.5
internal_count=1350 63 1287 1254 418 836 403 818 798 399 399 385 385 383 367 351 313 94 78 61 219 130 89 63 40 352 338 110 89 60 40 370 332 305 289 41 322 171 118 53 151 98 71 41
is_linear=0
shrinkage=0.08


Tree=187
num_leaves=45
num_cat=0
split_feature=10 36 10 10 27 10 36 25 27 4 25 4 18 29 17 7 32 32 32 15 16 32 16 29 36 34 15 15 34 34 18 16 32 14 36 29 18 24 23 36 16 17 23 1
split_gain=0.00139486 0.00206917 0.013072 0.0036952 0.00127516 0.000734882 0.00120233 0.000194822 0.00019181 0.000397868 0.000145763 0.000154064 8.19835e-05 0.000165352 0.000154923 0.000126516 0.000105896 0.000143652 0.00010317 8.91068e-05 0.00013228 5.84494e-05 6.28341e-05 5.31675e-05 0.000135504 0.000199245 0.000187844 0.000141935 0.000146469 0.000177614 0.000121739 0.000273796 0.000108225 8.69672e-05 8.16767e-05 0.000140238 7.04851e-05 6.55798e-05 8.82136e-05 0.00014122 6.46621e-05 6.09987e-05 5.68648e-05 5.57892e-05
threshold=9.9450000000000021 1.5000000000000002 9.8000000000000025 9.8550000000000022 10.400000000000002 9.6300000000000008 2.5000000000000004 19.500000000000004 6.2000000000000011 17.400000000000002 5.4000000000000012 17.310000000000006 8.2000000000000011 3.5000000000000004 1.5000000000000002 10.065000000000003 7.7000000000000011 0.50000000000000011 1.0000000180025095e-35 2.2350000000000008 7.0000000000000018 2.5000000000000004 6.7650000000000006 1.5000000000000002 2.5000000000000004 25.600000000000005 2.1950000000000003 2.2796153846153855 10.500000000000005 4.9000000000000012 8.9000000000000021 8.1900000000000013 1.0000000180025095e-35 7.3050000000000006 2.5000000000000004 7.1000000000000005 12.900000000000002 7.5000000000000009 4.9000000000000012 2.5000000000000004 8.9950000000000028 0.3000000000000001 1.9000000000000001 15.555000000000001
decision_type=2 2 2 2 2 2 2 2 2 2 2 2 2 2 2 2 2 2 2 2 2 2 2 2 2 2 2 2 2 2 2 2 2 2 2 2 2 2 2 2 2 2 2 2
left_child=1 2 4 5 8 7 -7 23 9 10 11 12 14 -14 16 19 17 18 -1 -16 -21 22 -19 24 25 26 32 28 29 40 33 36 -3 34 35 -25 -32 38 42 -40 -26 -34 -35 -36
right_child=-2 3 -4 -5 -6 6 -8 -9 -10 -11 -12 -13 13 -15 15 -17 -18 21 -20 20 -22 -23 -24 30 27 -27 -28 -29 -30 -31 31 -33 41 37 43 -37 -38 -39 39 -41 -42 -43 -44 -45
leaf_value=-2.3075526515985357e-05 0.00032253348793495786 -0.00014914279670587608 -0.0015585807691533844 0.00068625308293849229 -0.00045692440704442561 -5.9392551782649835e-05 0.00057285508165111788 -0.00018976059714050002 0.00016196799162146333 -0.00029212016047853415 0.00015699155900316934 -0.00020067614697935908 -3.8824504084111034e-05 0.0002062235986813903 8.3541924444337695e-06 6.4251436428590253e-05 0.00010736624034301889 -3.9752923405250987e-05 0.00018232380245428753 -9.4387386925518511e-05 -0.00030488826888452832 -6.1306999523894516e-06 -0.00019348939784639884 2.153879553644043e-05 -7.4325733510975515e-05 -0.00016171419353739705 0.00017963051465870458 0.0002245876022091467 -5.106595468468371e-05 0.00026626140866879255 -8.9321817690183204e-05 -0.00032217686879448592 0.00010761921943412744 -2.0191194492244081e-05 5.7975428388454023e-05 0.00022438189426723582 6.8986014100826443e-05 5.6436294504568322e-05 -0.00020557402494036919 1.1108019993967049e-05 0.0001188495070008295 -6.7851081645737098e-05 4.8938715604670123e-05 -7.0145869409883171e-05
leaf_weight=29 82.5 31.5 38.5 55 44 38.5 38.5 33 38.5 33 33 27.5 38.5 32.5 24 27.5 62 37 34 56 29 69 31.5 49.5 23.5 44.5 39.5 36.5 56.5 31 36 24 32 330 50 39 36 88 38.5 38.5 21 21 99 38.5
leaf_count=24 45 24 21 30 24 21 21 18 21 18 18 15 30 24 24 15 36 21 24 33 24 39 24 39 21 27 27 24 39 21 24 24 27 180 45 27 24 48 21 21 21 21 54 21
internal_value=4.56852e-12 -1.29579e-05 -0.000126526 4.38261e-05 -4.11788e-05 1.6936e-05 0.000256731 2.00942e-06 -1.07921e-05 -2.25956e-05 -5.8297e-06 -1.66299e-05 -5.86124e-06 7.33454e-05 -1.99557e-05 -8.90845e-05 1.59914e-05 -1.22642e-05 8.77749e-05 -0.00012777 -0.000166205 -5.81003e-05 -0.000110449 7.26558e-06 3.42302e-05 -1.64981e-05 3.56157e-05 8.49585e-05 4.6349e-05 0.000119249 -3.21548e-06 -8.81701e-05 -3.17048e-05 7.36253e-06 5.65832e-05 0.000110927 -1.01679e-05 -7.30422e-06 -1.83895e-05 -9.7233e-05 1.68356e-05 3.80933e-05 -4.23814e-06 2.23904e-06
internal_weight=2136 2053.5 684.5 1369 646 1314 77 1237 602 563.5 530.5 497.5 470 71 399 136.5 262.5 200.5 63 109 85 137.5 68.5 1204 337 168.5 124 168.5 132 75.5 867 96 84.5 771 177 88.5 72 594 506 77 44.5 53 429 88.5
internal_count=1350 1305 435 870 414 840 42 798 390 369 351 333 318 54 264 96 168 132 48 81 57 84 45 780 252 126 99 126 102 63 528 72 72 456 132 66 48 324 276 42 42 48 234 66
is_linear=0
shrinkage=0.08


Tree=188
num_leaves=45
num_cat=0
split_feature=37 37 10 10 4 15 36 13 14 37 0 37 32 29 36 15 10 28 10 14 33 37 8 34 31 10 0 34 37 17 37 18 37 18 10 34 34 17 22 37 22 37 37 32
split_gain=0.00329316 0.0466805 0.0351176 0.0283402 0.00202317 0.00133606 0.001333 0.00818476 0.00586311 0.000886943 0.000643294 0.000529767 0.000319062 0.000479416 0.000269492 0.00191428 0.00106522 0.000446845 0.00034724 0.000279242 0.000209914 0.000312876 0.000232159 0.000219339 0.000195415 0.000188943 0.000172994 0.000172486 0.00051565 0.00153332 0.000790159 0.000522664 0.000332847 0.000152548 0.000133344 0.000103049 0.000114647 0.000112371 8.89065e-05 0.000156016 9.2142e-05 0.000279065 0.000111704 0.000220817
threshold=11.703076923076924 11.911538461538465 9.9550000000000018 9.9200000000000017 17.935000000000006 -0.15000000000000033 2.5000000000000004 9.6300000000000008 9.2600000000000016 17.365000000000006 17.935000000000006 11.345000000000002 12.800000000000002 5.5000000000000009 2.5000000000000004 -0.065000000000001265 9.7700000000000014 55.699999999999996 8.8950000000000014 7.8350000000000009 7.1000000000000005 17.380000000000006 10.065000000000003 43.900000000000013 6.5000000000000009 9.5600000000000005 16.895000000000003 59.500000000000007 5.3900000000000015 3.0000000000000004 7.8500000000000005 3.0000000000000004 3.5200000000000005 2.7000000000000006 7.6500000000000012 12.000000000000004 5.400000000000003 2.7000000000000006 67.200000000000017 7.0900000000000007 48.300000000000004 7.0900000000000007 7.4800000000000013 8.8000000000000025
decision_type=2 2 2 2 2 2 2 2 2 2 2 2 2 2 2 2 2 2 2 2 2 2 2 2 2 2 2 2 2 2 2 2 2 2 2 2 2 2 2 2 2 2 2 2
left_child=2 -2 4 6 5 -1 7 10 9 12 20 14 13 33 16 -16 17 25 19 27 21 22 23 35 34 38 -20 28 29 32 -30 -32 -17 -8 -22 36 -3 -37 40 -40 42 -42 43 -7
right_child=1 3 -4 -5 -6 11 8 -9 -10 -11 -12 -13 -14 -15 15 18 -18 -19 26 -21 24 -23 -24 -25 -26 -27 -28 -29 30 -31 31 -33 -34 -35 -36 37 -38 -39 39 -41 41 -43 -44 -45
leaf_value=0.00080345436240787855 -0.0025521357922116297 6.9876166967982754e-06 0.0023413547146178427 0.002935169337406045 -0.00058373199800650273 -1.2591629090003561e-06 1.2683675029418537e-06 -0.0017274884595535696 0.0014036057419871213 -0.00052604115377603605 -0.00034787803311787902 0.00030713095968369289 0.0003096477838144416 -0.0002524333215581301 0.0012010556128289965 0.00030974552367946931 -0.00045492575400405463 -0.00023259619386358695 5.0711604559587107e-05 -0.00014267571733234832 0.0001179500562676157 -0.0003565656329737976 0.00017975643432388704 -0.00027504892643684381 0.0002505184768961044 0.00017940708821500979 0.00027016589418053625 0.00014707049538827493 0.00027161638855829206 -0.00074059287043796345 8.2512967151085874e-05 -0.000272463433285977 -0.00014626962908369023 0.00025850777700543406 -0.00014965810643678362 0.00018886621008277872 -0.00023705470591349611 -3.7226664461045666e-05 0.00020288512607187254 -4.5263033901010786e-05 -0.00026433855664971122 5.7467177244169371e-05 -2.3187837812831556e-05 0.00020113455870634188
leaf_weight=13.499999999999998 48 28 42 21 37.5 138 36 20 20 22 42 36 21 39 8.9999999999999982 21 36 55 45 80.5 26 20 30 26 32 37 47 59.5 71 22 61 47 20 25 22 24 22 34 34 31 34 35 520 46
leaf_count=6 24 28 18 21 15 120 34 20 20 22 28 18 17 35 4 21 16 22 20 35 26 20 28 26 30 16 20 32 38 22 28 23 20 25 20 24 22 34 34 18 28 16 234 22
internal_value=-5.24084e-13 -0.000167045 5.9069e-05 5.74346e-05 -3.33725e-06 1.11871e-05 -6.61491e-05 -0.000159547 0.000120646 -5.87891e-05 -5.70667e-05 3.98471e-06 2.61658e-05 -3.33654e-05 -3.54687e-06 4.52445e-05 -2.79426e-05 -1.14142e-05 2.32988e-05 -1.03042e-05 -1.08013e-05 -5.78389e-05 -2.14088e-05 -6.64458e-05 9.73852e-05 2.48868e-06 0.000162824 2.50388e-05 -4.9649e-06 -0.000201806 6.43144e-05 -7.19675e-05 8.72991e-05 0.000106694 -4.70368e-06 -1.62266e-05 -0.000100391 5.6329e-05 -5.32276e-06 8.45375e-05 -1.28789e-05 -0.000101104 -4.23189e-06 4.93393e-05
internal_weight=2136 558 1578 510 1536 1498.5 489 326 163 143 306 1485 121 100 1449 483 966 930 474 382 264 184 164 134 80 875 92 301.5 242 63 179 108 41 61 48 108 50 58 838 65 773 69 704 184
internal_count=1350 504 846 480 828 813 459 306 153 133 286 807 111 94 789 263 526 510 259 219 258 182 162 134 76 488 40 184 152 63 89 51 41 59 46 108 50 58 472 52 420 44 376 142
is_linear=0
shrinkage=0.08


Tree=189
num_leaves=45
num_cat=0
split_feature=37 26 11 36 27 11 10 3 36 9 2 4 26 10 34 37 30 37 20 30 30 32 37 37 37 18 17 35 10 22 37 17 37 32 22 10 32 31 10 34 21 31 14 18
split_gain=0.00288176 0.0152005 0.00765183 0.001506 0.0572427 0.0510556 0.00369747 0.00331919 0.00263562 0.0431347 0.0322676 0.00192665 0.000343192 0.000331018 0.000204503 0.000180804 0.00022324 0.000172144 0.000415081 0.000148888 0.000300281 0.000263249 0.000416949 0.000216711 0.000333856 0.000499322 0.000251009 0.000180534 0.00014882 0.000137472 0.000406709 0.00112025 0.000267792 0.00049044 0.000275053 0.000297001 0.000774497 0.000130154 0.000121083 0.000117113 0.000138408 0.000250542 0.000234795 0.00022435
threshold=17.630000000000006 3.4000000000000004 9.9550000000000018 1.5000000000000002 13.000000000000002 9.9200000000000017 9.6700000000000017 17.955000000000002 2.5000000000000004 11.575000000000001 17.820000000000004 17.400000000000002 11.900000000000002 9.5150000000000023 76.600000000000009 16.455000000000002 6.0000000000000009 16.295000000000005 0.50000000000000011 7.1000000000000005 5.5000000000000009 3.5000000000000004 9.9200000000000017 8.0350000000000019 5.9750000000000005 3.0000000000000004 2.1000000000000005 1.5000000000000002 7.3800000000000017 69.90000000000002 4.580000000000001 2.1000000000000005 7.4800000000000013 8.1000000000000014 40.500000000000007 7.455000000000001 3.3000000000000003 7.7000000000000011 7.9050000000000011 66.100000000000009 4.2000000000000011 3.1000000000000005 7.3150000000000004 1.3
decision_type=2 2 2 2 2 2 2 2 2 2 2 2 2 2 2 2 2 2 2 2 2 2 2 2 2 2 2 2 2 2 2 2 2 2 2 2 2 2 2 2 2 2 2 2
left_child=2 -2 3 4 6 7 17 8 10 11 13 15 -3 14 39 29 -17 19 -19 20 23 28 -23 24 25 27 38 -1 -21 30 31 -10 33 -32 35 36 -34 -37 -25 40 41 -5 -43 -42
right_child=1 12 -4 5 -6 -7 -8 -9 9 -11 -12 -13 -14 -15 -16 16 -18 18 -20 21 -22 22 -24 26 -26 -27 -28 -29 -30 -31 32 -33 34 -35 -36 37 -38 -39 -40 -41 43 42 -44 -45
leaf_value=7.373852608725429e-05 0.0022903944126197273 -0.00011697697519723858 -0.0008843611671574532 -2.9834045465669487e-05 0.0033839421667731726 -0.0032467940425680531 -0.00071843902990221978 0.00065217020274657342 -0.00011641531450247081 -0.0029423262935418348 0.0026229156116171488 0.00056327758078602544 -0.00057434324543767924 -0.00025059566325084731 0.00013857663396357311 3.9319251442239392e-05 -0.00032534140225669203 -0.00036115760843341164 0.00012361000129021703 6.8881053799906594e-05 -0.0001948633957829959 3.8019283856083823e-05 0.00036478597117034164 -8.8815810479584862e-05 -0.00019528729540224259 0.00038142637172270386 0.00022453170062362916 -0.00026210518864293894 -0.0001680481139714764 -0.00011974300470061695 2.2828626382025952e-05 0.00067391798577525407 -2.5112215485988241e-05 -0.00041573245190083981 -0.00015087843028938069 6.6672068426449756e-05 0.00056520707905292509 -5.8531533360627358e-05 6.9954593510677414e-05 -0.00014797830888607972 -0.00022788846329556116 0.00027834043662005572 4.6739842603232136e-05 -3.4326223836264066e-06
leaf_weight=20 21 21 63 172.5 32.5 31 50 54 24 32.5 31.5 43.5 21 33 69.5 21 22 26 20 32.5 53 77 37 49 65 21 48 21 35.5 39.5 47 22 33 25 42.5 174 25 76.5 82.5 35.5 38 40 93.5 114
leaf_count=20 21 21 33 123 15 16 25 24 24 15 14 21 21 18 37 21 22 26 20 23 27 37 22 37 31 21 37 21 18 33 32 22 29 13 29 84 15 38 38 23 27 30 51 75
internal_value=-4.17685e-12 0.000533025 -1.6199e-05 1.1012e-05 0.000108943 -3.79533e-05 -5.8018e-05 3.80391e-05 1.16143e-05 -0.000104319 0.000127548 5.06978e-05 -0.00034566 -4.33804e-06 1.00962e-05 1.02677e-05 -0.000147251 -1.81196e-06 -0.000150389 1.08096e-05 -1.90379e-05 6.97664e-05 0.000144075 1.13659e-05 -6.86075e-05 6.42019e-05 6.79488e-05 -9.8279e-05 -5.48099e-05 2.35879e-05 3.56594e-05 0.00026157 1.10923e-05 -0.00012945 3.99214e-05 6.62066e-05 0.000229336 2.84362e-05 1.0793e-05 -7.99775e-06 2.85227e-06 3.38478e-05 0.000116133 -5.95466e-05
internal_weight=2136 63 2073 2010 670 1340 637.5 1309 1255 627.5 627.5 595 42 596 563 551.5 43 587.5 46 541.5 359.5 182 114 306.5 127 62 179.5 41 68 508.5 469 46 423 72 351 308.5 58 250.5 131.5 493.5 458 306 133.5 152
internal_count=1350 63 1287 1254 418 836 403 820 796 398 398 383 42 384 366 362 43 378 46 332 232 100 59 205 93 62 112 41 41 319 286 46 240 45 195 166 44 122 75 329 306 204 81 102
is_linear=0
shrinkage=0.08


Tree=190
num_leaves=45
num_cat=0
split_feature=37 11 10 36 13 4 4 12 36 4 10 37 28 12 14 36 31 33 23 37 31 29 32 5 32 25 37 23 28 2 15 21 18 18 36 32 29 5 33 37 37 37 33 33
split_gain=0.00299699 0.0511202 0.0317653 0.0228016 0.210319 0.1631 0.0142899 0.00226642 0.00197168 0.0100666 0.0100657 0.00084895 0.000722424 0.000646837 0.00185907 0.000680491 0.000311068 0.000688561 0.000210524 0.000209086 0.000265421 0.000180739 0.000176085 0.000384962 0.000251718 0.000166998 0.00043004 0.000151848 0.000144718 0.00013531 0.000136257 0.000130162 0.000128276 0.000157775 0.000338614 0.000172229 0.000154966 0.000111978 0.000111262 0.000327659 8.39168e-05 0.000157246 0.000105908 0.000201153
threshold=11.703076923076924 9.9450000000000021 9.9550000000000018 1.5000000000000002 9.8000000000000025 17.890000000000004 17.935000000000006 9.2200000000000006 2.5000000000000004 17.650000000000002 9.8550000000000022 17.475000000000005 57.20000000000001 8.7350000000000012 7.8350000000000009 2.5000000000000004 3.5000000000000004 5.7000000000000002 11.900000000000002 10.115 4.6000000000000005 3.3000000000000003 1.0000000000000002 9.5700000000000021 1.0000000180025095e-35 3.9000000000000004 8.8450000000000006 4.1000000000000005 8.2000000000000011 17.280000000000005 0.034999999999999261 0.50000000000000011 1.0000000180025095e-35 3.0000000000000004 2.5000000000000004 4.2000000000000011 3.3000000000000003 9.9550000000000018 3.3000000000000003 8.4150000000000009 10.085000000000003 2.3250000000000006 11.700000000000001 16.100000000000005
decision_type=2 2 2 2 2 2 2 2 2 2 2 2 2 2 2 2 2 2 2 2 2 2 2 2 2 2 2 2 2 2 2 2 2 2 2 2 2 2 2 2 2 2 2 2
left_child=2 3 8 5 6 7 11 16 10 19 12 13 18 14 27 -15 21 -18 25 20 22 -2 24 -24 -10 29 -27 28 32 30 -1 -19 -5 34 -34 36 -35 -25 -22 -40 41 -32 -43 -44
right_child=1 -3 -4 4 -6 -7 -8 -9 9 -11 -12 -13 -14 15 -16 -17 17 31 -20 -21 38 -23 23 37 -26 26 -28 -29 -30 -31 40 -33 33 35 -36 -37 -38 -39 39 -41 -42 42 43 -45
leaf_value=-0.00031315642926428052 2.1776347421109678e-06 -0.0040314580979091781 0.0022269693726585027 0.00015166779858051226 -0.0079543918396600272 0.0073531313080872811 0.0020007006369996815 -0.00094698808109387755 0.00012683865710774937 0.0012542244399209384 -0.0012799075152724981 -0.00040241876110324969 -0.00031463646386959115 -0.00045451088616656226 0.00067266839835792777 5.9247677440218848e-05 -0.00041714676719328223 -5.1713528732458746e-05 0.0001875079031152701 0.00017968342199558472 8.8818388802660554e-06 0.00030365056891605493 0.00031906736968660059 0.00011468813589049709 -0.00012948612949704051 5.7428659955886279e-05 -0.00026039022262449614 -0.00020408447069877929 0.0002213749022339471 0.00012215624910668802 -0.00034625767963007091 0.00021176292293239384 5.6871633169066627e-05 8.8281912263482817e-05 -0.00036809233444121982 0.00019530278317128811 -0.000226643412548583 -6.0532714057828961e-05 -5.7208365386854992e-06 -0.00027206751811228552 -0.00011898137965343066 2.4422813763174759e-05 -0.00019378359344872562 2.7721584058151795e-05
leaf_weight=8.9999999999999982 35 21 42 26 22 21 24 20 41 46 42 34 49 33 30 33 33 30 37 44 65.5 20 40.5 45 61 55 54 22 20 59 7.9999999999999991 20 24 20 24 26 20 48.5 68.5 52 36 566 44 65
leaf_count=4 35 18 18 26 18 14 16 18 26 19 18 34 20 25 24 25 33 22 16 22 35 20 34 20 41 22 26 22 20 26 8 20 24 20 24 26 20 21 34 24 18 336 26 32
internal_value=2.71144e-12 -0.000159356 5.63503e-05 -7.93314e-06 -0.000376546 0.000729292 0.000119623 -0.000151092 -3.0026e-06 0.000125179 -6.70936e-05 -2.50754e-05 -1.52217e-05 2.10745e-05 8.91623e-05 -0.000197632 -3.57447e-05 -0.000133518 5.03166e-07 1.37286e-05 -3.57474e-06 0.000111804 5.27504e-05 0.00011304 -2.64536e-05 -7.21913e-06 -0.000100023 -7.02007e-06 2.00763e-05 5.63425e-06 -3.80915e-06 5.36771e-05 -8.68066e-06 -4.52514e-05 -0.00015561 3.50097e-05 -6.91808e-05 2.37982e-05 -7.5041e-05 -0.000120659 6.30686e-08 6.33774e-06 1.05166e-05 -6.16933e-05
internal_weight=2136 558 1578 537 358 179 336 158 1536 512 1024 312 982 278 212 66 138 83 933 466 422 55 236 134 102 896 109 182 160 787 728 50 140 114 48 66 40 93.5 186 120.5 719 683 675 109
internal_count=1350 504 846 486 324 162 306 148 828 276 552 290 534 256 206 50 130 75 514 257 235 55 142 75 67 498 48 182 160 450 424 42 140 114 48 66 40 41 93 58 420 402 394 58
is_linear=0
shrinkage=0.08


Tree=191
num_leaves=45
num_cat=0
split_feature=37 11 11 36 13 14 11 36 16 11 13 15 16 16 37 34 16 14 11 33 34 0 11 34 20 3 35 16 0 32 18 18 15 2 32 36 30 0 15 0 37 8 37 37
split_gain=0.00253666 0.0432682 0.0221919 0.0192992 0.178014 0.14005 0.012095 0.00384566 0.0334093 0.0205174 0.00308851 0.0022065 0.00152734 0.000970412 0.000718551 0.000718231 0.000360729 0.000287145 0.000685579 0.000371303 0.000302792 0.000271938 0.000256341 0.000185928 0.000195004 0.000194201 0.000174055 0.00068461 0.00232134 0.000925292 0.000584544 0.000560909 0.00089184 0.000669708 0.000460909 0.000166842 0.000196459 0.000153352 0.00011137 0.000102742 6.59015e-05 7.35142e-05 0.000123376 0.000110116
threshold=11.703076923076924 9.9450000000000021 9.9550000000000018 1.5000000000000002 9.8000000000000025 9.4850000000000012 9.6700000000000017 2.5000000000000004 6.0057692307692303 9.8550000000000022 9.1850000000000005 -0.065000000000001265 6.0388461538461549 6.0350000000000028 17.475000000000005 80.600000000000009 6.0453846153846165 7.4050000000000011 8.4150000000000009 1.5000000000000002 36.300000000000004 17.475000000000005 9.4050000000000029 53.900000000000013 12.900000000000002 16.175000000000004 1.5000000000000002 7.0850000000000017 14.760000000000003 8.4000000000000004 2.7000000000000006 5.9000000000000012 0.094999999999998877 16.155000000000005 8.4000000000000004 2.5000000000000004 1.9000000000000001 16.590000000000003 0.034999999999999261 17.365000000000006 10.105000000000002 9.9950000000000028 2.3250000000000006 2.9350000000000005
decision_type=2 2 2 2 2 2 2 2 2 2 2 2 2 2 2 2 2 2 2 2 2 2 2 2 2 2 2 2 2 2 2 2 2 2 2 2 2 2 2 2 2 2 2 2
left_child=2 3 7 5 6 10 14 9 -9 13 17 -10 -13 -1 15 22 -14 19 -19 -2 -21 38 23 24 25 35 27 29 -29 30 -18 32 -28 -34 -35 -5 -37 -27 -15 40 41 42 -40 -44
right_child=1 -3 -4 4 -6 -7 -8 8 11 -11 -12 12 16 21 -16 -17 26 18 -20 20 -22 -23 -24 -25 -26 37 31 28 -30 -31 -32 -33 33 34 -36 36 -38 -39 39 -41 -42 -43 43 -45
leaf_value=-0.00032833124914517 -0.00014761950066140682 -0.003708941386458242 0.0017456298678492509 2.0846896711736921e-05 -0.0073180407673035831 0.0066487834196199067 0.0018406445639751231 0.0028902661711644297 0.0012643767727745902 -0.0018223731795192831 -0.0010953767402097584 -0.00087264992594718923 0.0009819263219833375 -0.00028810395134819879 -0.00037022524759830797 0.00033304779522586611 -3.2672705492586828e-06 -0.00039445925163870147 0.00011379619100780197 1.7831484576509824e-05 0.00044743497667479369 0.0001628004011581652 -0.00030743658076971771 -0.0001640323535830248 -0.00020850708766374738 -0.00019447310673837949 -0.00083495786289374029 -8.1396077172636667e-05 0.00097696974607450627 0.00026009873464667742 -0.00039311522338539366 -0.00032412683009169996 0.00031449948806160441 7.8465451199847912e-05 -0.00020711415408827043 9.8037161088238164e-05 0.00042173158936202528 6.5847610792843625e-05 -0.00031855709850788118 -0.00013742979978107744 -7.9979662026744339e-05 5.2888154514326382e-05 0.00016551496441631269 -9.5842120238638234e-06
leaf_weight=60 27 21 48 50 22 22 24 27.5 8.9999999999999982 42 20 12.499999999999998 2.4999999999999991 8.9999999999999982 34 40 64 35 33 21 21 64 20 40 20 28 7.4999999999999991 36 21 52 40 35 48 97.5 57.5 30 20 30 7.9999999999999991 36 60 173 24 544
leaf_count=24 27 18 21 50 18 19 16 11 4 18 14 5 1 4 34 28 32 35 25 21 21 28 14 36 20 28 3 36 13 26 20 23 39 39 23 30 20 30 8 16 30 74 24 324
internal_value=-2.30264e-12 -0.000146608 5.18422e-05 -7.29851e-06 -0.000346422 0.000670948 0.000110053 -1.29619e-06 0.000178072 -9.09802e-05 -0.00016671 2.34907e-05 -9.52743e-08 -1.66259e-05 -2.30694e-05 1.93886e-05 2.3564e-05 -3.11382e-05 -0.000147806 8.38387e-05 0.000232633 3.74704e-06 -3.33273e-05 -8.17965e-06 2.68434e-05 5.66346e-05 1.83385e-05 7.1256e-05 0.000308528 -1.54396e-05 -0.000153209 -2.75736e-05 2.17345e-05 5.33857e-05 -2.74754e-05 0.000124181 0.000227515 -5.98245e-05 -8.17265e-06 -5.19114e-06 6.93402e-07 7.15586e-06 -6.5797e-06 -2.18566e-06
internal_weight=2136 558 1578 537 358 179 336 1530 510 1020 157 482.5 473.5 978 312 278 461 137 68 69 42 918 238 218 178 158 458.5 213 57 156 104 245.5 210.5 203 155 100 50 58 854 845 809 749 576 568
internal_count=1350 504 846 486 324 162 306 825 275 550 143 264 260 532 290 256 255 129 60 69 42 508 228 214 178 158 254 127 49 78 52 127 104 101 62 100 50 58 480 476 460 430 356 348
is_linear=0
shrinkage=0.08


Tree=192
num_leaves=45
num_cat=0
split_feature=37 33 11 28 28 11 32 21 27 37 37 16 12 23 23 11 32 33 15 33 21 37 37 37 33 29 37 37 32 18 31 2 37 32 22 22 33 4 21 37 37 4 37 9
split_gain=0.00338159 0.040237 0.0130059 0.00253375 0.00352852 0.00175555 0.00107746 0.000807613 0.000647454 0.000451635 0.00394937 0.00271512 0.000888839 0.000217946 0.000267548 0.000186687 0.000102386 0.000159599 0.000153288 0.000121317 0.000130083 6.58527e-05 0.000408481 6.90348e-05 0.00040547 0.000215115 0.000211736 0.000340623 0.000275716 0.000244975 0.00012745 0.000118266 7.56131e-05 5.22964e-05 0.00014131 0.000105486 5.37312e-05 4.51373e-05 7.95761e-05 5.29211e-05 5.55967e-05 4.28117e-05 2.87753e-05 0.000171333
threshold=16.985000000000003 1.3 9.9550000000000018 27.699999999999999 45.899999999999999 9.8950000000000014 6.5000000000000009 1.1000000000000003 16.300000000000004 11.345000000000002 11.911538461538465 6.0388461538461549 9.3600000000000012 3.9000000000000004 1.6000000000000003 9.5600000000000005 3.1000000000000005 11.4 2.2250000000000001 5.5000000000000009 4.7000000000000002 2.3250000000000006 2.5300000000000007 4.0150000000000015 2.5000000000000004 0.70000000000000007 5.0400000000000009 5.535000000000001 3.3000000000000003 15.500000000000002 0.70000000000000007 15.020000000000001 6.8050000000000006 0.3000000000000001 11.300000000000002 14.300000000000002 1.5000000000000002 16.155000000000005 3.8000000000000003 9.9050000000000029 7.8650000000000011 16.165000000000003 8.6700000000000017 9.9350000000000005
decision_type=2 2 2 2 2 2 2 2 2 2 2 2 2 2 2 2 2 2 2 2 2 2 2 2 2 2 2 2 2 2 2 2 2 2 2 2 2 2 2 2 2 2 2 2
left_child=2 -2 5 7 -5 8 -6 -3 9 11 -11 -1 13 14 16 21 33 18 -18 20 -20 -13 -23 24 25 -24 28 -28 -25 31 -27 -29 -33 34 -12 -35 -37 38 -34 40 -40 -39 43 -43
right_child=1 3 -4 4 6 -7 -8 -9 -10 10 12 15 -14 -15 -16 -17 17 -19 19 -21 -22 22 23 26 -26 30 27 29 -30 -31 -32 32 37 35 -36 36 -38 41 39 -41 -42 42 -44 -45
leaf_value=-0.00046502568215752642 0.0036137109640098754 0.0006702687041390509 -0.0012522147864931161 -0.0013278263390419029 0.0002518449691814129 0.00045628463504491026 -0.00042959467959449146 8.782479886172546e-06 -0.00027936791069805623 0.00064245957881212232 -0.0001024692693952089 -0.00018658261435727279 -0.00050292383743605264 -0.0002298386247518162 0.00029604934155941009 0.00012016959319852746 0.00015392988238966575 -0.00023881244672035488 -0.00025598222902906988 9.4791977765756511e-05 -7.6501773394368311e-06 0.00066021196233729531 -0.00011858338519978599 -2.8926032634141544e-06 -0.00037776372351107146 0.00028169743228881132 -0.00024547353076438108 -0.00017942098042112776 0.00036089809815166519 0.00017580857468476774 2.9794911720923018e-06 0.00011173144293328127 -0.00012835547047597106 0.00018955390153375145 0.00015493142185732723 -8.7450545924227873e-05 7.9396284185349945e-05 7.443080225062592e-05 1.4528967957529756e-05 6.0990744386799634e-05 -8.8149052466852246e-05 -0.0001388198572676629 1.4771912595557509e-05 1.4467751497120064e-05
leaf_weight=82.5 21 21 54 21 27 54 33 27 54 66 39 11.999999999999998 24 24 21 88.5 27 24 27 21 27 5.9999999999999991 39 30 21 21 36 24 24 51 21 37.5 46.5 36 21 21 30 54 67.5 48 67.5 60 369 210
leaf_count=33 21 21 24 21 27 24 33 27 24 33 39 12 21 15 15 39 27 24 27 18 27 6 39 30 21 21 36 24 24 33 21 24 21 36 21 21 30 24 27 24 33 24 174 84
internal_value=-2.3397e-12 0.000366264 -2.76634e-05 -0.000162391 -0.000435323 6.56318e-06 -0.000122947 0.000298183 -6.36811e-06 1.71412e-06 7.58747e-05 -1.96542e-05 -3.34663e-05 1.96446e-06 2.08872e-05 7.89975e-06 -2.79156e-07 -5.31971e-05 -9.52291e-06 -6.83659e-05 -0.000131816 -8.08806e-08 1.73422e-06 -1.48572e-06 -6.45056e-05 1.67094e-05 4.22809e-06 -3.56506e-06 0.000158792 4.84915e-06 0.000142338 -4.01155e-06 3.73683e-07 4.50791e-05 -1.2379e-05 8.47054e-05 1.06946e-05 -4.15306e-06 -3.49034e-05 -1.11574e-05 -3.681e-05 6.0305e-06 2.50191e-07 -1.95962e-05
internal_weight=2136 150 1986 129 81 1932 60 48 1878 1824 408 1416 342 318 294 1333.5 273 126 102 75 54 1245 1233 1227 102 81 1125 1071 54 1035 42 984 960 147 60 87 51 922.5 229.5 183 135 693 639 270
internal_count=1350 150 1200 129 81 1176 60 48 1152 1128 354 774 321 300 285 741 270 123 99 72 54 702 690 684 102 81 582 528 54 492 42 459 435 147 60 87 51 411 105 84 60 306 282 108
is_linear=0
shrinkage=0.08


Tree=193
num_leaves=45
num_cat=0
split_feature=37 0 11 13 36 35 27 36 4 26 27 25 26 37 37 30 22 37 37 33 8 37 20 11 0 0 30 32 15 37 32 37 33 37 37 22 37 18 22 20 37 18 37 36
split_gain=0.00292308 0.0232698 0.0102318 0.00165416 0.0574873 0.0906591 0.00153506 0.00100512 0.00543948 0.00531987 0.000915014 0.000304534 0.000247723 0.000172479 0.000704747 0.000621619 0.00055015 0.000499908 0.000928863 0.00016032 0.000244253 0.000160239 0.000101168 8.34334e-05 0.00011614 0.0001005 8.20253e-05 8.46503e-05 6.68673e-05 6.4714e-05 0.000105169 5.99494e-05 9.68219e-05 5.51725e-05 0.000304073 0.000271064 0.000160332 0.00148628 0.000284209 0.000121888 0.000137155 0.000117515 0.000168286 0.000272792
threshold=17.475000000000005 17.680000000000003 9.9550000000000018 9.8000000000000025 2.5000000000000004 1.5000000000000002 6.2000000000000011 2.5000000000000004 17.935000000000006 11.900000000000002 8.7000000000000011 4.9000000000000012 3.4000000000000004 7.7950000000000008 7.4050000000000011 14.100000000000003 67.200000000000017 5.0400000000000009 3.0500000000000003 3.3000000000000003 9.8850000000000033 10.105000000000002 2.5000000000000004 8.8450000000000006 16.895000000000003 17.475000000000005 0.50000000000000011 3.1000000000000005 1.9903846153846161 16.495000000000001 8.8000000000000025 9.4550000000000018 0.50000000000000011 3.5200000000000005 3.0300000000000007 17.800000000000008 4.9500000000000011 4.7000000000000002 77.200000000000003 4.2000000000000011 6.8050000000000006 6.4000000000000012 7.4800000000000013 1.5000000000000002
decision_type=2 2 2 2 2 2 2 2 2 2 2 2 2 2 2 2 2 2 2 2 2 2 2 2 2 2 2 2 2 2 2 2 2 2 2 2 2 2 2 2 2 2 2 2
left_child=2 -2 3 7 5 -5 -3 8 10 11 23 12 13 14 16 19 17 18 -9 26 22 -22 -21 25 31 29 -15 28 -28 33 -31 -25 -33 34 35 -1 37 -35 39 41 -41 42 43 -38
right_child=1 6 -4 4 -6 -7 -8 9 -10 -11 -12 -13 -14 15 -16 -17 -18 -19 -20 20 21 -23 -24 24 -26 -27 27 -29 -30 30 -32 32 -34 36 -36 -37 38 -39 -40 40 -42 -43 -44 -45
leaf_value=0.00023976606465029446 0.0027572078666915851 -0.00090156835903014464 -0.0010751079679711868 0.0040066546088730155 -0.0021241294965147974 -0.0012556854877620936 -4.0913536213338379e-05 -0.00013720949013393534 -0.0010174932078613589 0.0010063061286770814 -0.00027602985596665775 0.00016453477622678454 -0.00022068704900448212 0.00016448442881673942 0.00039744090369862059 -0.00036156800265113511 -0.00039023502339415885 -0.00012021455302601681 0.000548923112375113 -7.1619714445043958e-05 -5.7973980351730631e-05 0.00018369402556169415 -0.00027949717347429875 4.7838561617853966e-05 -0.00017155891293441528 0.00010603548352798772 4.9564092025522973e-05 0.00010984254400962247 -0.00010872434082333571 -3.6863433302972803e-05 0.00020079644325260933 2.2542824118295913e-05 -0.00015725273176536172 -0.00024587946677846566 -0.00033300884859636427 -0.00016716827708296476 0.0002376044701871484 0.00063280762511898163 -0.0002093807043552044 0.00028044161252182675 3.6935202684488636e-05 -0.00014528512317199438 -2.9709480093680959e-05 -4.7357163478642015e-05
leaf_weight=22 21 21 57 44 42 40 36 23 36 37 83 78 32 40.5 34.5 31.5 20.5 48 28 31 40.5 31 29 55 40 63 36 52 32.5 22 26 41 36 28 20 20 43 22 42 15.999999999999998 198 42 352 43
leaf_count=22 21 21 27 28 22 16 36 23 16 17 38 38 17 28 15 21 19 30 28 19 18 23 22 22 20 28 21 32 22 22 26 26 24 28 20 20 25 22 36 16 114 32 204 25
internal_value=5.99129e-12 0.000480712 -1.82194e-05 1.18869e-05 0.000292476 0.00150078 -0.000357997 -6.9687e-06 -4.83862e-05 7.58663e-05 -1.96483e-05 1.73182e-05 -5.19729e-06 9.2288e-06 7.89326e-05 -2.3902e-05 -1.30217e-05 6.50882e-05 0.000239491 1.2462e-05 -5.30727e-05 4.68052e-05 -0.000172094 -8.33341e-07 -5.214e-05 8.36869e-06 6.59888e-05 3.28845e-05 -2.55363e-05 1.50149e-06 9.1869e-05 -1.59524e-05 -6.15174e-05 -3.61365e-06 -7.62692e-05 4.59878e-05 2.11744e-06 0.000140743 -7.30004e-06 4.92962e-06 5.51413e-05 -1.74564e-05 -5.19886e-06 9.51237e-05
internal_weight=2136 78 2058 2001 126 84 57 1875 1250 625 1214 588 510 478 154 324 119.5 99 51 292.5 131.5 71.5 60 1131 172 959 161 120.5 68.5 896 48 132 77 848 62 42 786 50 736 694 214 480 438 86
internal_count=1350 78 1272 1245 66 44 57 1179 786 393 770 376 338 321 115 206 100 81 51 185 82 41 41 732 92 640 103 75 43 612 48 72 50 564 62 42 502 50 452 416 130 286 254 50
is_linear=0
shrinkage=0.08


Tree=194
num_leaves=45
num_cat=0
split_feature=37 37 11 10 4 4 37 28 36 10 13 27 27 5 37 30 9 10 2 3 8 5 0 4 31 31 15 37 37 37 31 34 19 37 0 37 19 15 0 34 37 37 36 11
split_gain=0.00274568 0.0407849 0.0365283 0.0284644 0.00322974 0.00151542 0.00109221 0.0012037 0.000961761 0.00458038 0.00228065 0.000471413 0.000292908 0.000254096 0.000199141 0.000191345 0.000267708 0.000287945 0.000151523 0.000164416 0.000110991 0.000124989 8.61447e-05 6.54619e-05 0.000116979 0.000110208 9.03318e-05 4.95203e-05 8.90965e-05 7.20244e-05 0.000349089 0.000298805 0.000168815 0.000139341 0.00022842 0.000179131 0.00028124 0.000203889 0.000122451 4.5054e-05 0.000176461 3.89629e-05 0.000150473 0.000203666
threshold=11.703076923076924 11.911538461538465 9.9200000000000017 9.9350000000000005 17.890000000000004 17.890000000000004 17.475000000000005 58.300000000000004 2.5000000000000004 9.1850000000000005 9.4400000000000031 13.000000000000002 5.4000000000000012 10.105000000000002 11.345000000000002 12.100000000000001 9.9550000000000018 7.3050000000000006 17.475000000000005 17.400000000000002 9.9950000000000028 9.8850000000000033 14.200000000000001 16.575000000000003 3.9000000000000004 1.5000000000000002 2.4650000000000012 2.3250000000000006 2.7650000000000001 4.0150000000000015 0.70000000000000007 3.5000000000000004 4.7000000000000002 5.0400000000000009 14.570000000000002 5.6350000000000007 15.500000000000002 2.1950000000000003 15.345000000000001 10.700000000000005 9.7050000000000018 7.7300000000000013 1.5000000000000002 7.4800000000000013
decision_type=2 2 2 2 2 2 2 2 2 2 2 2 2 2 2 2 2 2 2 2 2 2 2 2 2 2 2 2 2 2 2 2 2 2 2 2 2 2 2 2 2 2 2 2
left_child=3 -2 4 5 6 11 8 -8 10 15 12 14 13 20 18 16 17 22 19 27 21 23 -10 24 25 -3 -26 -1 -29 30 31 -30 -32 34 -31 37 38 -35 -37 40 -40 42 -41 -44
right_child=1 2 -4 -5 -6 -7 7 -9 9 -11 -12 -13 -14 -15 -16 -17 -18 -19 -20 -21 -22 -23 -24 -25 26 -27 -28 28 29 33 32 -33 -34 35 -36 36 -38 -39 39 41 -42 -43 43 -45
leaf_value=-0.0001590814224133889 -0.0023819233747053659 -3.639867353437391e-05 0.0033244139126812418 0.0017201216311918367 -0.00088721110299229617 -0.00051757659142216055 -0.00079217043608271825 9.0620193320016069e-06 0.00017977968091145157 0.0012719711100327828 -0.00089732617844128979 -0.00026205603333040217 -0.00020305310409250005 0.00025271349251852369 0.00019104594933903882 -0.00023712877207435667 0.00026626649904452887 -0.00029157238413712812 -0.00010082867178713408 0.00017965695240359375 -0.00016639748020679689 0.00020516908826539293 -3.0152509029119693e-05 0.00012536642700433732 -0.00026165435626171528 0.0001696360910621782 -2.6740527365208518e-05 0.00018091536760847602 -9.5933870481396157e-05 1.2339112193634113e-06 -7.5330530027193683e-05 0.00030642427637108733 -0.00039610591983156541 1.5095363016284647e-05 0.00033874420027825094 -0.00016145955569421254 0.000185147092367212 -0.00033743115452428661 0.00014778982956583302 0.00011545080898536576 -3.6276629365359744e-05 -1.4824395687941938e-05 -8.6272804595493858e-05 0.00011051181312650443
leaf_weight=11.999999999999998 48 54 21 63 30 37.5 24 24 22 21 20 43.5 42 28 36 20 24 21 88.5 34.5 24 20 29 20 20 24 22 18 27 33 21 21 21 21 21 30 54 21 60 76.5 75 610.5 103 50
leaf_count=12 24 54 21 27 24 15 24 24 22 16 20 18 26 28 18 19 22 21 36 15 24 20 29 20 20 24 22 18 27 33 21 21 21 21 21 27 33 21 24 33 36 282 46 20
internal_value=3.07552e-12 -0.000152528 5.72969e-05 5.39359e-05 -8.30087e-05 -1.5351e-05 -3.04465e-05 -0.000391554 1.17267e-05 0.000184795 -7.48075e-05 -2.60416e-06 -1.00422e-05 2.81958e-05 5.26624e-06 -1.20213e-05 3.48761e-05 -4.2254e-05 4.82215e-07 7.32911e-06 -5.96995e-06 1.80942e-05 6.04065e-05 -8.6308e-06 -3.09637e-05 2.69966e-05 -0.000138604 2.66612e-06 4.20292e-06 1.64804e-06 -6.7283e-05 8.00978e-05 -0.000235718 7.01929e-06 0.000132488 8.65515e-07 7.29177e-06 -0.000161168 -2.26464e-06 2.63367e-06 4.55307e-05 -4.26049e-06 2.38409e-05 -2.19641e-05
internal_weight=2136 558 510 1578 489 1515 459 48 411 137 274 1477.5 254 212 1434 116 96 72 1398 1309.5 184 160 51 140 120 78 42 1275 1263 1245 90 48 42 1155 54 1101 1059 42 1005 975 135 840 229.5 153
internal_count=1350 504 480 846 459 819 435 48 387 129 258 804 238 212 786 113 94 72 768 732 184 160 51 140 120 78 42 717 705 687 90 48 42 597 54 543 501 42 468 441 60 381 99 66
is_linear=0
shrinkage=0.08


Tree=195
num_leaves=45
num_cat=0
split_feature=37 16 11 10 27 11 37 37 14 16 37 34 33 10 0 13 31 1 30 22 16 10 31 17 37 30 17 35 37 18 37 32 23 31 37 34 32 30 6 31 18 37 37 18
split_gain=0.00282152 0.0175167 0.00748683 0.00161883 0.000449227 0.000249014 0.00106126 0.000199561 0.000556452 0.000161575 9.3696e-05 0.00117121 0.000288272 0.000220627 0.00017987 0.000148679 0.000105318 9.39806e-05 8.29153e-05 6.98469e-05 5.42405e-05 4.71252e-05 4.43617e-05 4.08589e-05 0.000342046 0.000584287 0.000100426 9.97647e-05 5.25788e-05 0.000109292 0.000178129 9.29876e-05 7.28797e-05 0.00018687 0.000117095 0.000196869 0.000134559 8.40665e-05 0.000114956 0.000116035 6.14009e-05 0.000218142 0.000125463 0.000203352
threshold=17.630000000000006 5.9461538461538463 9.9550000000000018 9.8950000000000014 16.300000000000004 9.7050000000000018 9.8250000000000011 16.625000000000004 7.6950000000000012 5.8630769230769237 11.345000000000002 87.000000000000014 11.4 9.5150000000000023 17.795000000000005 7.9050000000000011 0.70000000000000007 16.155000000000005 8.1000000000000014 50.300000000000004 8.9650000000000016 8.8450000000000006 10.800000000000002 12.900000000000002 7.5300000000000002 3.3000000000000003 8.2000000000000011 1.5000000000000002 7.7300000000000013 11.000000000000002 2.6750000000000003 11.700000000000001 1.6000000000000003 10.300000000000002 8.6700000000000017 39.70000000000001 9.4000000000000004 1.0000000000000002 10.025 9.4000000000000004 2.3000000000000003 4.1100000000000003 4.1100000000000003 1.0000000180025095e-35
decision_type=2 2 2 2 2 2 2 2 2 2 2 2 2 2 2 2 2 2 2 2 2 2 2 2 2 2 2 2 2 2 2 2 2 2 2 2 2 2 2 2 2 2 2 2
left_child=2 -2 3 4 5 7 -7 9 22 -1 13 12 15 14 23 16 20 18 19 -18 -12 -17 -9 26 25 -25 28 -28 29 30 -11 40 34 -34 35 -30 37 -36 39 -39 42 -42 43 -32
right_child=1 -3 -4 -5 -6 6 -8 8 -10 10 11 -13 -14 -15 -16 21 17 -19 -20 -21 -22 -23 -24 24 -26 -27 27 -29 32 -31 31 -33 33 -35 36 -37 -38 38 -40 -41 41 -43 -44 -45
leaf_value=-0.0001533957294843815 0.0022279096363733214 -0.0005190274859211432 -0.00087477932551077427 0.00043113615821328084 -0.0002226638149372057 -0.00010383497164972748 0.00039658009366254614 -8.6905407119451821e-06 -0.00034695311059178307 0.00025466225109994412 0.00017240550832260245 0.00052306704238678017 -0.00018779512828526399 0.00019839621115259935 -0.00017924063379565875 0.00019544467853847893 2.7645959138074732e-06 -0.00020292000590069664 0.00011295698117464782 -0.00015284253455077608 2.1642929787049071e-05 6.3091943421485745e-05 0.00013761825637803192 -0.00032389971182534568 0.00028076906802884319 0.00015664858271678288 9.6359083222018342e-07 -0.00018371885403608665 1.2645994413033718e-05 0.00014888139714682361 -2.9663382020468513e-05 6.8270103518097179e-05 -2.3703677031923744e-06 -0.0001782371825119061 7.0666924265900717e-05 -0.00018469133916511842 0.00012341071564868903 -3.3306816495353732e-05 -0.0001424486804310055 0.00011566754037307368 0.00022854316635251355 -5.1465302408821342e-05 -6.727809684422335e-06 -0.00035424887269203158
leaf_weight=40.5 24 39 63 57 57 60 49.5 36 39 18 24 30 45 34.5 37.5 36 48 21 24 30 42 33 21 28.5 28.5 37.5 36 39 88.5 40.5 30 84 127.5 55.5 84 51 73.5 130.5 42 45 24 69 91.5 21
leaf_count=18 24 39 33 27 27 27 30 36 39 18 24 18 39 15 15 27 48 21 24 30 42 24 21 24 15 33 21 21 36 27 30 39 57 27 39 21 36 60 21 21 24 42 69 21
internal_value=4.79355e-12 0.000527425 -1.60288e-05 1.08872e-05 -1.37809e-06 5.27449e-06 0.00012238 -1.90327e-06 -0.000114105 4.46842e-06 8.34326e-06 4.62555e-05 -9.53568e-07 -1.24275e-06 -6.61315e-06 3.16351e-05 -5.05922e-06 -4.88043e-05 -1.70746e-05 -5.70843e-05 7.64657e-05 0.000132146 4.52127e-05 -1.41353e-06 4.91545e-05 -5.08609e-05 -5.56709e-06 -9.50713e-05 6.74481e-07 2.47024e-05 9.80094e-06 -3.99406e-06 -1.23471e-05 -5.5707e-05 3.07537e-06 -5.94988e-05 2.6353e-05 2.69213e-06 -2.35602e-05 4.89174e-06 -2.97698e-05 2.07949e-05 -6.277e-05 -0.000163316
internal_weight=2136 63 2073 2010 1953 1896 109.5 1786.5 96 1690.5 1650 333 303 1317 1282.5 258 189 123 102 78 66 69 57 1245 94.5 66 1150.5 75 1075.5 378 337.5 319.5 697.5 183 514.5 139.5 375 301.5 217.5 175.5 235.5 93 142.5 51
internal_count=1350 63 1287 1254 1227 1200 57 1143 96 1047 1029 297 279 732 717 240 189 123 102 78 66 51 57 702 72 57 630 42 588 270 243 225 318 84 234 57 177 141 102 81 186 66 120 51
is_linear=0
shrinkage=0.08


Tree=196
num_leaves=45
num_cat=0
split_feature=37 11 10 37 9 11 16 37 2 16 30 22 13 32 22 3 37 30 20 20 29 21 29 35 29 29 0 22 37 10 19 0 37 37 32 18 0 0 37 37 8 30 32 30
split_gain=0.00245984 0.0435638 0.0261343 0.00521582 0.00221918 0.00137737 0.00185024 0.000645525 0.000764414 0.000234214 0.000157429 0.000141392 0.000243904 0.000246004 0.000156616 0.000152486 0.00013468 8.47316e-05 9.24672e-05 0.000127035 9.33632e-05 8.43472e-05 0.00014891 0.000116644 6.77413e-05 6.2305e-05 9.13729e-05 5.16238e-05 0.000211199 3.80668e-05 2.56467e-05 2.22023e-05 7.94415e-05 5.6511e-05 7.95615e-05 0.000115015 6.40635e-05 4.59182e-05 2.9615e-05 3.98116e-05 0.000160928 0.000119469 0.000229769 0.000202598
threshold=11.703076923076924 9.9450000000000021 9.9550000000000018 11.911538461538465 11.992692307692311 9.8950000000000014 6.0350000000000028 17.475000000000005 17.775000000000002 6.0453846153846165 1.0000000180025095e-35 3.7000000000000002 8.8450000000000006 2.5000000000000004 7.7000000000000002 16.155000000000005 11.345000000000002 0.70000000000000007 0.70000000000000007 1.7000000000000004 7.3000000000000016 11.500000000000002 4.6000000000000005 1.5000000000000002 27.500000000000004 2.3000000000000003 15.020000000000001 67.200000000000017 7.0900000000000007 9.5600000000000005 3.7000000000000006 13.095000000000002 3.0500000000000003 5.2800000000000002 0.3000000000000001 1.0000000180025095e-35 15.555000000000001 13.775000000000002 7.3050000000000006 8.6700000000000017 9.9350000000000005 7.3000000000000016 9.4000000000000004 1.0000000000000002
decision_type=2 2 2 2 2 2 2 2 2 2 2 2 2 2 2 2 2 2 2 2 2 2 2 2 2 2 2 2 2 2 2 2 2 2 2 2 2 2 2 2 2 2 2 2
left_child=2 3 5 -2 7 6 -1 10 -9 -8 -5 12 15 -14 -13 -12 21 -16 -19 -20 25 24 23 -23 27 26 -21 29 -29 31 -27 -11 37 34 35 -34 -35 -33 -38 40 -40 43 -43 -41
right_child=1 -3 -4 4 -6 -7 9 8 -10 16 11 14 13 -15 17 -17 -18 18 19 20 -22 22 -24 -25 -26 30 -28 28 -30 -31 -32 32 33 36 -36 -37 38 -39 39 41 -42 42 -44 -45
leaf_value=-0.00035327891144567192 0.00085135099633286404 -0.0037188544621070225 0.0020199021253557432 0.00015783007196986523 -0.00065641911228736625 0.00041900963755324482 0.00032164083917935691 -0.0006671787208567064 -2.3626986615083835e-05 7.9165067290887237e-05 -6.820746772367177e-05 0.00021848584898786312 -0.00015162372016206836 0.00014026035510358357 -0.00013862503285054118 -0.00034534995189729938 0.00015649996283981536 0.00016772144765127452 -0.0001842500185150476 -7.4819519844216599e-05 0.00012704418948574346 -7.9911855882528466e-05 -0.00015865213850415068 0.00010095838564394534 -8.6315416168266287e-05 -9.9554951884783811e-06 0.00013033146395834841 -8.6669373170783127e-05 0.00023542836831327071 6.5155308870426206e-05 -0.0001252265515504405 -0.00017647719811066055 1.4183126899990298e-05 -0.00013734715414189156 -1.5504618640989066e-05 0.00027895520019921523 6.0595264574428933e-05 -2.439438744827553e-05 -0.00013981907023116947 7.5623301377724091e-05 5.798814217925218e-06 1.2964008324262168e-05 0.00023224412995789733 -5.8116167265431205e-05
leaf_weight=97.5 42 21 42 39 39 48 14.999999999999998 21 27 24 24 24 33 42 24 27 36 24 21 24 42 48 57 43.5 48 21 33 24 28.5 67.5 30 24 21 21 36 21 55.5 27 60 109.5 255 112.5 42 214.5
leaf_count=39 21 18 18 39 30 21 6 21 27 24 24 24 33 30 24 18 18 24 21 24 42 30 36 30 24 21 33 24 18 30 30 24 21 21 36 21 24 27 24 51 102 54 21 102
internal_value=-8.70356e-13 -0.000144371 5.10513e-05 -4.58659e-06 -7.72116e-05 -2.78447e-06 -1.63907e-05 -2.76741e-05 -0.000305181 7.23142e-06 4.97374e-06 -1.11818e-05 -7.9953e-05 1.18314e-05 2.44773e-05 -0.00021493 3.80274e-06 3.21611e-06 2.06735e-05 3.51664e-08 2.58351e-05 -3.01103e-07 -5.71532e-05 6.07564e-06 6.78751e-06 -1.3524e-05 4.39521e-05 1.06973e-05 8.81837e-05 6.96691e-06 -7.7762e-05 3.1275e-06 1.30078e-06 6.53331e-06 7.17659e-05 0.000146569 6.84872e-07 -9.59628e-05 4.09909e-06 1.47563e-07 -2.19379e-05 1.46866e-05 7.25741e-05 -1.29172e-05
internal_weight=2136 558 1578 537 495 1536 1488 456 48 1390.5 408 369 126 75 243 51 1375.5 219 195 171 150 1339.5 148.5 91.5 1191 108 57 1143 52.5 1090.5 51 1023 999 948 78 42 870 51 849 793.5 315 478.5 154.5 324
internal_count=1350 504 846 486 465 828 807 435 48 768 387 348 105 63 243 42 762 219 195 171 150 744 96 60 648 108 57 624 42 582 51 552 528 477 78 42 399 51 378 354 126 228 75 153
is_linear=0
shrinkage=0.08


Tree=197
num_leaves=45
num_cat=0
split_feature=37 31 10 36 12 36 3 37 37 12 16 5 15 15 34 27 15 33 34 31 32 37 18 0 37 29 21 6 37 37 28 0 31 31 18 0 32 33 17 32 15 32 21 37
split_gain=0.00285392 0.0215263 0.0108865 0.00143131 0.00596098 0.0157013 0.00464632 0.00304579 0.0032819 0.0151628 0.0118653 0.00087336 0.000545992 0.00172854 0.000357202 0.000350186 0.000248006 0.000206165 0.000168774 0.000313806 0.000277654 0.000177884 0.000503355 0.000309562 0.000144841 0.000292509 0.000129148 0.000126625 0.000127992 0.000206057 0.000937319 0.000372507 0.000158031 0.000342642 0.000285405 0.000380521 0.000238108 0.000136679 0.000136174 0.000142453 0.000144463 0.000116779 8.40016e-05 0.00100184
threshold=17.475000000000005 2.5000000000000004 9.9550000000000018 1.5000000000000002 9.7450000000000028 2.5000000000000004 17.935000000000006 16.685000000000006 11.345000000000002 8.8000000000000025 6.0057692307692303 11.868846153846155 -0.15000000000000033 -0.11500000000000109 72.800000000000026 11.400000000000002 0.15999999999999928 1.3 72.000000000000014 13.300000000000002 11.4 5.2800000000000002 2.5000000000000004 15.695000000000002 9.1050000000000022 1.9000000000000001 4.2000000000000011 12.049615384615388 16.895000000000003 11.470000000000001 1.0000000180025095e-35 17.590000000000003 4.6000000000000005 3.1000000000000005 8.9000000000000021 15.345000000000001 17.100000000000005 11.4 1.9000000000000001 0.3000000000000001 1.5600000000000003 3.5000000000000004 7.6000000000000005 2.5300000000000007
decision_type=2 2 2 2 2 2 2 2 2 2 2 2 2 2 2 2 2 2 2 2 2 2 2 2 2 2 2 2 2 2 2 2 2 2 2 2 2 2 2 2 2 2 2 2
left_child=2 -2 3 6 15 -6 7 8 10 14 -1 -3 -12 -14 17 27 -15 -10 19 20 21 22 -18 -23 -25 -26 -19 28 29 31 37 32 33 42 35 -34 -37 38 39 -31 -41 -35 43 -5
right_child=1 11 -4 4 5 -7 -8 -9 9 -11 12 -13 13 16 -16 -17 18 26 -20 -21 -22 23 -24 24 25 -27 -28 -29 -30 30 -32 -33 34 41 -36 36 -38 -39 -40 40 -42 -43 -44 -45
leaf_value=-0.0019957703761756423 0.0026645427055302117 -0.00066177180226616281 -0.0011388959445887143 0.0010380779462866485 0.0016245935059403286 -0.00034135076167541017 -0.0010318320008024337 -0.00077315812600906671 -0.00010033914512446658 0.0023903195231687276 0.00087138606442345521 -3.4607000338534514e-05 -0.0015743348002433778 0.00026027288080917465 -0.00032506947172805667 0.00019163371753305771 -9.1688456994138272e-05 2.5073460444969975e-05 0.00011940670972946315 -0.00026302786078304054 0.00016499588146141851 -0.0003272540317211335 0.00038915061180225827 -0.0001074190491762681 -0.0001187436854870049 0.00014594892697299228 0.00029035853532453378 -0.00014685933995578024 -0.00013878740125188702 -5.6669335213622874e-05 0.00043000851012766364 -0.00026266386679240635 0.00027312827529385686 6.8899564642418669e-05 -0.00022377062788776433 -3.2109814503836251e-06 -0.00019275607175978961 -0.00018465911122885617 -5.5674628446857761e-05 2.6171661031964634e-05 0.0002715552248992026 0.00024024550737649725 -9.2839892509139399e-05 -6.09128325162896e-06
leaf_weight=20 21 27 54 5.9999999999999991 52 52 31.5 34 33 20 4.4999999999999991 30 4.4999999999999991 22.5 20 65 38 23 54.5 34 50.5 26.5 22 97.5 48.5 59.5 24 36 38 28 40 35 28 46 45 252 51 22 70 28 34 57 55 296
leaf_count=8 21 27 24 6 27 27 14 34 33 15 2 30 2 10 13 30 38 21 26 18 26 20 22 39 23 29 23 16 38 28 26 14 28 24 28 112 24 22 70 28 34 32 36 182
internal_value=4.51625e-12 0.000474992 -1.80026e-05 1.22011e-05 6.00083e-05 0.000641621 -8.34133e-05 -3.64766e-05 5.09549e-06 0.000379493 -8.80188e-05 -0.000331685 -5.52144e-06 -1.41373e-05 -2.26729e-05 1.09111e-05 1.34422e-06 5.29263e-05 -1.21729e-05 -3.12197e-05 -8.20804e-06 -3.81628e-05 8.46192e-05 -6.99168e-05 -3.67322e-05 2.70823e-05 0.000160538 8.45141e-07 5.54661e-06 1.05646e-05 7.93674e-05 -6.97178e-06 3.73303e-06 3.51796e-05 -3.47389e-05 -9.03968e-06 -3.51146e-05 2.3034e-06 2.80107e-05 9.30994e-05 0.000160737 0.000163722 -1.90685e-06 1.46538e-05
internal_weight=2136 78 2058 2004 1336 104 668 636.5 602.5 120 482.5 57 462.5 458 100 1232 453.5 80 431 376.5 342.5 292 60 232 205.5 108 47 1167 1131 1093 222 871 836 460 376 331 303 182 160 90 62 103 357 302
internal_count=1350 78 1272 1248 832 54 416 402 368 105 263 57 255 253 90 778 251 77 241 215 197 171 60 111 91 52 44 748 732 694 208 486 472 280 192 164 136 182 160 90 62 56 224 188
is_linear=0
shrinkage=0.08


Tree=198
num_leaves=45
num_cat=0
split_feature=4 36 10 14 36 36 4 10 33 6 27 6 24 25 24 0 23 3 25 27 23 31 32 35 31 18 20 20 16 22 35 33 32 7 22 33 10 20 21 19 30 31 20 35
split_gain=0.000867273 0.00109494 0.00367865 0.00279771 0.00715352 0.0034143 0.041628 0.0315086 0.00220202 0.000801706 0.000752836 0.000380559 0.000224167 0.000210343 0.000229959 0.000199813 0.000183789 0.000179714 0.000177084 0.000129484 0.000128798 0.000122069 0.000147955 0.000389393 0.000102887 0.000145913 0.00011607 0.00025297 0.000101124 0.000116923 0.000130434 0.000711245 0.000398573 0.000501286 0.000298086 0.000237728 0.000218484 9.73246e-05 0.000178347 9.01273e-05 8.35105e-05 7.75134e-05 7.62101e-05 7.15712e-05
threshold=17.98 1.5000000000000002 9.6300000000000008 9.8950000000000014 2.5000000000000004 2.5000000000000004 17.910000000000004 9.8000000000000025 1.7000000000000004 12.049615384615388 13.000000000000002 12.049615384615388 5.4000000000000012 10.400000000000002 7.5000000000000009 17.775000000000002 5.4000000000000012 17.355000000000004 6.2000000000000011 0.50000000000000011 5.4000000000000012 1.3 1.0000000000000002 1.5000000000000002 3.1000000000000005 7.6000000000000005 3.0000000000000004 0.3000000000000001 6.1500000000000012 69.90000000000002 1.5000000000000002 0.70000000000000007 3.3000000000000003 9.8850000000000033 42.500000000000007 4.2000000000000011 7.7300000000000013 1.5000000000000002 5.6000000000000005 1.0000000180025095e-35 8.8000000000000025 0.70000000000000007 5.3000000000000016 1.5000000000000002
decision_type=2 2 2 2 2 2 2 2 2 2 2 2 2 2 2 2 2 2 2 2 2 2 2 2 2 2 2 2 2 2 2 2 2 2 2 2 2 2 2 2 2 2 2 2
left_child=1 2 10 5 -5 6 9 11 -4 15 13 12 20 14 16 17 43 19 -14 24 21 22 23 39 25 26 27 41 -23 30 32 -32 36 34 -34 -33 -30 40 -39 -7 -26 -3 -40 -1
right_child=-2 3 8 4 -6 7 -8 -9 -10 -11 -12 -13 18 -15 -16 -17 -18 -19 -20 -21 -22 28 -24 -25 37 -27 -28 -29 29 -31 31 35 33 -35 -36 -37 -38 38 42 -41 -42 -43 -44 -45
leaf_value=-4.0668490244910298e-05 0.00040693968986019944 7.318370321410753e-05 -0.0001479625312139752 -0.00025016486951657993 0.0011924106737768109 0.00021427385653529702 0.0029032223721063045 -0.0025328814136711037 -0.00097642087970267646 -0.00043462087620388379 -0.00043025393767113037 0.00029460465501655235 -0.00024182842906818471 0.00017874817303442335 -0.0002401578196070411 0.00018344346938848304 0.00017992899287492037 -0.00013518207491960469 -6.8924730861341798e-06 0.00011519835870289668 0.00016275870585531898 -0.00014110391065266659 0.00014571126123863088 -0.00023561463543465212 -8.8656538314270709e-05 -0.00020762169682226765 9.8673845312612898e-05 -0.00020924810930672617 -0.00038758906852453954 -0.00016439863398932573 0.00047335251927789718 -0.00021833436246479636 0.00037564127045052668 -0.00017222155661632615 1.0156247299164533e-07 6.3013343728686642e-05 -6.7367704740415026e-05 0.00020153271308896066 0.00010080958022644707 6.9992560893297198e-06 5.4573719013444704e-05 -7.2086188802495597e-05 -8.1022204897765595e-05 2.1310514619050943e-05
leaf_weight=289 33 63 38.5 44 44 29 33 33 44 27.5 27.5 27.5 44 38.5 27.5 38.5 33 60.5 38.5 66 33 44 68.5 31.5 55 30 42.5 45 25 28.5 22.5 29 31 36 24 57 30 48.5 25.5 25 49.5 37.5 35 203
leaf_count=220 18 48 21 24 24 26 18 18 24 15 15 15 24 21 15 21 18 33 21 36 18 24 45 24 30 24 33 30 20 24 12 14 22 24 20 27 20 36 21 22 27 24 24 110
internal_value=-2.06118e-12 -6.38565e-06 -8.80215e-05 3.44323e-05 0.000471123 5.18666e-06 0.000134143 -0.00012377 -0.000589807 -1.22985e-05 -2.10898e-05 3.63507e-06 -9.77929e-06 -2.05083e-06 -1.46495e-05 7.17151e-06 -2.83715e-06 -4.99062e-06 -0.000132192 1.08417e-05 9.86861e-06 -6.20729e-07 5.81057e-05 -1.20811e-05 -5.12015e-06 -4.37791e-05 -1.7634e-05 -5.1607e-05 -2.82778e-05 -1.0736e-05 6.47182e-06 7.29078e-05 -4.29001e-05 5.98609e-05 0.000211769 -3.18597e-05 -0.000212923 3.43536e-05 8.72404e-05 0.000118313 -2.08106e-05 1.89785e-05 -4.38236e-06 -1.50959e-05
internal_weight=2136 2103 701 1402 88 1314 657 657 82.5 624 618.5 624 596.5 591 552.5 596.5 525 558 82.5 497.5 514 481 154 85.5 431.5 218 188 145.5 327 283 254.5 108.5 146 91 55 86 55 213.5 109 54 104.5 100.5 60.5 492
internal_count=1350 1332 444 888 48 840 420 420 45 402 399 402 387 384 363 387 348 366 45 333 342 324 117 72 297 159 135 102 207 183 159 53 106 66 42 41 40 138 81 48 57 72 45 330
is_linear=0
shrinkage=0.08


Tree=199
num_leaves=45
num_cat=0
split_feature=37 28 11 36 2 36 27 27 10 12 36 27 3 37 37 32 19 30 9 30 32 32 19 37 17 1 17 27 37 32 28 4 32 19 1 30 32 17 4 30 36 30 31 10
split_gain=0.00246623 0.0335049 0.0102589 0.0044743 0.00191159 0.00125038 0.0506975 0.0429926 0.00409454 0.00391821 0.0161188 0.000199748 0.000173739 0.0001284 0.000128298 0.00043638 0.000276673 0.000250464 0.000237051 0.000181976 0.000123618 0.000292495 0.000152679 0.000119745 0.00136626 0.000730941 0.000595631 0.000114855 0.000240709 0.000705259 0.000299071 0.000250376 0.000190005 0.000181293 0.000217476 0.000183014 0.000148105 0.000118538 0.000107473 9.31168e-05 8.27963e-05 0.000332331 0.000103816 0.000197019
threshold=17.400000000000002 27.699999999999999 9.9550000000000018 1.5000000000000002 17.875000000000004 1.5000000000000002 13.000000000000002 19.500000000000004 9.6300000000000008 9.7450000000000028 2.5000000000000004 11.400000000000002 17.355000000000004 16.895000000000003 10.105000000000002 11.900000000000002 0.70000000000000007 8.8000000000000025 9.8750000000000018 3.9000000000000004 7.3000000000000016 4.2000000000000011 4.7000000000000002 5.3900000000000015 8.9000000000000021 14.200000000000001 17.200000000000006 5.8000000000000007 10.105000000000002 12.800000000000002 42.100000000000001 17.345000000000002 9.4000000000000004 1.3 16.115000000000006 6.9000000000000012 12.300000000000002 2.3000000000000003 17.100000000000005 11.100000000000001 2.5000000000000004 0.50000000000000011 3.9000000000000004 7.5250000000000012
decision_type=2 2 2 2 2 2 2 2 2 2 2 2 2 2 2 2 2 2 2 2 2 2 2 2 2 2 2 2 2 2 2 2 2 2 2 2 2 2 2 2 2 2 2 2
left_child=2 -2 5 -3 -5 6 8 9 12 11 -11 13 14 23 18 16 19 -18 20 -16 21 22 -1 24 25 -7 27 28 31 30 32 36 33 35 -35 -30 38 -38 40 -20 41 -25 -43 -44
right_child=1 3 -4 4 -6 7 -8 -9 -10 10 -12 -13 -14 -15 15 -17 17 -19 39 -21 -22 -23 -24 26 -26 -27 -28 -29 29 -31 -32 -33 -34 34 -36 -37 37 -39 -40 -41 -42 42 43 -45
leaf_value=-2.2507529361622831e-06 0.0032003893952129319 -0.0013999215763231571 -0.0011057509681968777 -0.00048399145055251817 0.00057500286167487503 -4.5210129775858316e-05 0.0031827970565511633 -0.0026852107592123119 -0.00071333328480119101 0.0015983987069608625 -0.00050801941343853554 0.00019175019115209581 0.0001151178199913561 -0.00015276268449858487 -2.5033811762114056e-05 -0.00042290759994648397 -1.4189409217002189e-05 0.00033112950343638659 0.00016587465880907697 -0.00032004559513829322 -0.00014823373426940846 0.00019714773260056976 -0.00017697844738036059 0.00030120763932009817 -0.0005869248787908314 0.00047034465273926881 0.00032961102919904769 -8.8658873911625076e-05 6.5223264666840531e-06 0.00042682106829033728 0.00027135875275624647 -0.00019828726444393396 -0.0002295292670499872 8.3480510268903652e-06 -0.00030564110563136639 0.00021891468542162331 -0.00019357281049624795 -1.4375019646077246e-05 0.0001324125677195337 2.0994129008613528e-05 -3.1683302763324395e-05 -7.3057119956328767e-05 0.0001706128365590631 -4.3893506443719299e-05
leaf_weight=114 21 22 54 24 20 88 32.5 38 55.5 46.5 46.5 36 80.5 34 32 20 41 20 69.5 23 47 37.5 44.5 27 26 22 37 81 74 32 28 45 22 48 20 40 42 54 46 48 212 73.5 48.5 63
leaf_count=77 21 22 24 24 20 88 15 18 28 24 24 16 38 34 31 18 38 17 30 19 30 21 30 12 26 22 32 36 68 26 14 18 20 48 16 30 20 26 20 21 100 36 24 28
internal_value=-5.26423e-12 0.000417174 -1.77131e-05 -0.000468394 -2.6304e-06 1.17375e-05 0.000101306 -3.30466e-05 -5.70317e-05 4.49582e-05 0.00054519 6.15795e-06 6.09612e-06 4.13046e-07 -1.15801e-05 -7.77901e-05 -1.82871e-05 9.90299e-05 1.33979e-05 -0.000148402 -3.17122e-05 -3.77085e-06 -5.13068e-05 5.02596e-06 -6.53747e-05 5.79008e-05 1.46679e-05 2.47872e-06 1.09155e-05 7.47492e-05 2.61876e-05 -1.66658e-05 -7.46333e-06 1.93798e-05 -8.40017e-05 8.1046e-05 -2.22589e-06 -9.27741e-05 1.62691e-05 0.000106689 3.66858e-06 3.90205e-05 7.55315e-07 4.94119e-05
internal_weight=2136 87 2049 66 44 1995 665 1330 632.5 1292 93 1199 577 1163 496.5 136 116 61 360.5 55 243 196 158.5 1129 136 110 993 956 875 264 232 611 204 182 68 114 566 96 470 117.5 424 212 185 111.5
internal_count=1350 87 1263 66 44 1239 413 826 398 808 48 760 370 744 332 123 105 55 209 50 158 128 107 710 136 110 574 542 506 222 196 284 182 162 64 98 266 46 220 51 200 100 88 52
is_linear=0
shrinkage=0.08


end of trees

feature_importances:
current_level=1579
horizon=536
water_level_X.173A_current=471
rain_SLA003_roll6h=389
station_id=336
rain_SLA003_lag3h=334
water_diff_173_90=333
water_level_X.44_current=314
water_diff_90_44=309
water_level_X.173A_lag6h=278
rain_SLA001_roll6h=276
rain_SLA003_lag2h=273
rain_SLA003_lag1h=259
rain_SLA003_lag6h=256
rain_SLA003_current=254
rain_SLA001_current=231
rain_SLA001_lag1h=218
water_level_X.44_lag1h=212
rain_SLA001_lag6h=184
water_level_X.44_lag6h=172
rain_SLA001_lag3h=169
water_level_X.173A_lag1h=167
rain_SLA001_lag2h=141
water_level_X.90_current=122
water_level_X.173A_lag3h=99
rain_SLA002_lag6h=99
water_level_X.90_lag6h=90
water_level_X.44_lag3h=88
water_level_X.173A_lag2h=80
water_level_X.44_lag2h=78
rain_SLA002_current=70
rain_SLA002_roll6h=70
rain_SLA002_lag2h=67
water_level_X.90_lag1h=60
rain_SLA002_lag1h=52
rain_SLA002_lag3h=49
water_level_X.90_lag3h=48
water_level_X.90_lag2h=33

parameters:
[boosting: gbdt]
[objective: regression]
[metric: l2]
[tree_learner: serial]
[device_type: cpu]
[data_sample_strategy: bagging]
[data: ]
[valid: ]
[num_iterations: 200]
[learning_rate: 0.08]
[num_leaves: 45]
[num_threads: 12]
[seed: 42]
[deterministic: 0]
[force_col_wise: 0]
[force_row_wise: 0]
[histogram_pool_size: -1]
[max_depth: -1]
[min_data_in_leaf: 20]
[min_sum_hessian_in_leaf: 0.001]
[bagging_fraction: 0.8]
[pos_bagging_fraction: 1]
[neg_bagging_fraction: 1]
[bagging_freq: 0]
[bagging_seed: 400]
[bagging_by_query: 0]
[feature_fraction: 0.8]
[feature_fraction_bynode: 1]
[feature_fraction_seed: 30056]
[extra_trees: 0]
[extra_seed: 12879]
[early_stopping_round: 0]
[early_stopping_min_delta: 0]
[first_metric_only: 0]
[max_delta_step: 0]
[lambda_l1: 0]
[lambda_l2: 0]
[linear_lambda: 0]
[min_gain_to_split: 0]
[drop_rate: 0.1]
[max_drop: 50]
[skip_drop: 0.5]
[xgboost_dart_mode: 0]
[uniform_drop: 0]
[drop_seed: 17869]
[top_rate: 0.2]
[other_rate: 0.1]
[min_data_per_group: 100]
[max_cat_threshold: 32]
[cat_l2: 10]
[cat_smooth: 10]
[max_cat_to_onehot: 4]
[top_k: 20]
[monotone_constraints: ]
[monotone_constraints_method: basic]
[monotone_penalty: 0]
[feature_contri: ]
[forcedsplits_filename: ]
[refit_decay_rate: 0.9]
[cegb_tradeoff: 1]
[cegb_penalty_split: 0]
[cegb_penalty_feature_lazy: ]
[cegb_penalty_feature_coupled: ]
[path_smooth: 0]
[interaction_constraints: ]
[verbosity: -1]
[saved_feature_importance_type: 0]
[use_quantized_grad: 0]
[num_grad_quant_bins: 4]
[quant_train_renew_leaf: 0]
[stochastic_rounding: 1]
[linear_tree: 0]
[max_bin: 255]
[max_bin_by_feature: ]
[min_data_in_bin: 3]
[bin_construct_sample_cnt: 200000]
[data_random_seed: 175]
[is_enable_sparse: 1]
[enable_bundle: 1]
[use_missing: 1]
[zero_as_missing: 0]
[feature_pre_filter: 1]
[pre_partition: 0]
[two_round: 0]
[header: 0]
[label_column: ]
[weight_column: ]
[group_column: ]
[ignore_column: ]
[categorical_feature: ]
[forcedbins_filename: ]
[precise_float_parser: 0]
[parser_config_file: ]
[objective_seed: 16083]
[num_class: 1]
[is_unbalance: 0]
[scale_pos_weight: 1]
[sigmoid: 1]
[boost_from_average: 1]
[reg_sqrt: 0]
[alpha: 0.9]
[fair_c: 1]
[poisson_max_delta_step: 0.7]
[tweedie_variance_power: 1.5]
[lambdarank_truncation_level: 30]
[lambdarank_norm: 1]
[label_gain: ]
[lambdarank_position_bias_regularization: 0]
[eval_at: ]
[multi_error_top_k: 1]
[auc_mu_weights: ]
[num_machines: 1]
[local_listen_port: 12400]
[time_out: 120]
[machine_list_filename: ]
[machines: ]
[gpu_platform_id: -1]
[gpu_device_id: -1]
[gpu_device_id_list: ]
[gpu_use_dp: 0]
[num_gpu: 1]

end of parameters

pandas_categorical:[]
