tree
version=v4
num_class=1
num_tree_per_iteration=1
label_index=0
max_feature_idx=37
objective=regression
feature_names=water_level_X.173A_current water_level_X.173A_lag1h water_level_X.173A_lag2h water_level_X.173A_lag3h water_level_X.173A_lag6h water_level_X.90_current water_level_X.90_lag1h water_level_X.90_lag2h water_level_X.90_lag3h water_level_X.90_lag6h water_level_X.44_current water_level_X.44_lag1h water_level_X.44_lag2h water_level_X.44_lag3h water_level_X.44_lag6h water_diff_90_44 water_diff_173_90 rain_SLA001_current rain_SLA001_lag1h rain_SLA001_lag2h rain_SLA001_lag3h rain_SLA001_lag6h rain_SLA001_roll6h rain_SLA002_current rain_SLA002_lag1h rain_SLA002_lag2h rain_SLA002_lag3h rain_SLA002_lag6h rain_SLA002_roll6h rain_SLA003_current rain_SLA003_lag1h rain_SLA003_lag2h rain_SLA003_lag3h rain_SLA003_lag6h rain_SLA003_roll6h station_id horizon current_level
feature_infos=[11.970000267028809:18] [11.970000267028809:18] [11.979999542236328:18] [11.979999542236328:18] [11.890000000000001:18] [2.9200000762939453:12.140000000000001] [2.9300000667572021:12.140000000000001] [2.9300000667572021:12.140000000000001] [2.940000057220459:12.140000000000001] [2.79:12.140000000000001] [1.1399999856948853:9.9700000000000006] [1.1499999761581421:9.9700000000000006] [1.1499999761581421:9.9700000000000006] [1.1499999761581421:9.9700000000000006] [1.1499999761581421:9.9700000000000006] [-0.18000000000000149:3.3500000000000005] [5.7699999999999978:9.3000000000000007] [0:28.399999999999999] [0:28.399999999999999] [0:28.399999999999999] [0:28.399999999999999] [0:28.399999999999999] [0:115.59999999999999] [0:26.800000000000001] [0:26.800000000000001] [0:26.800000000000001] [0:26.800000000000001] [0:26.800000000000001] [0:81.199999999999989] [0:43.600000000000001] [0:43.600000000000001] [0:43.600000000000001] [0:43.600000000000001] [0:43.600000000000001] [0:138.19999999999999] [0:2] [1:3] [1.1399999856948853:18]
tree_sizes=4067 4066 4058 4067 4093 4097 4065 4097 4114 4122 4138 4108 4119 4105 4111 4093 4117 4101 4127 4144 4122 4148 4105 4148 4134 4131 4136 4153 4148 4121 4140 4215 4137 4162 4192 4140 4182 4184 4146 4179 4132 4191 4173 4174 4224 4216 4188 4201 4208 4222 4186 4231 4215 4222 4202 4200 4223 4229 4213 4257 4230 4201 4248 4200 4193 4165 4294 4217 4233 4186 4205 4235 4300 4298 4308 4246 4216 4222 4202 4200 4215 4239 4237 4320 4177 4252 4313 4206 4192 4216 4299 4310 4182 4245 4203 4222 4259 4229 4221 4199 4212 4194 4242 4281 4278 4265 4183 4297 4257 4258 4229 4240 4223 4250 4235 4260 4289 4205 4275 4221 4239 4249 4240 4244 4263 4310 4268 4252 4226 4240 4261 4243 4250 4226 4226 4240 4257 4264 4276 4264 4256 4279 4260 4270 4240 4268 4227 4289 4265 4258 4284 4237 4287 4298 4252 4282 4261 4265 4235 4292 4246 4238 4275 4241 4285 4319 4214 4265 4325 4292 4270 4263 4214 4287 4317 4280 4202 4245 4304 4249 4262 4265 4256 4262 4258 4262 4255 4302 4270 4232 4231 4253 4266 4284 4221 4298 4276 4271 4250 4264

Tree=0
num_leaves=45
num_cat=0
split_feature=34 15 14 15 15 27 36 0 0 37 37 37 12 37 36 0 36 15 37 37 36 0 34 37 31 37 0 36 37 15 37 36 37 37 2 36 36 31 15 37 2 37 36 37
split_gain=203.357 493.872 18.0458 6.86893 6.5521 5.97121 2.80705 2.39255 1.93157 2.52416 1.13233 1.03444 0.744936 0.992158 0.717344 0.562281 0.59445 0.488554 0.493557 0.418365 0.389092 0.364504 0.323166 0.275103 0.243479 0.214273 0.206322 0.189552 0.182589 0.172902 0.173655 0.170395 0.165684 0.190202 0.162752 0.127302 0.12648 0.115261 0.0881325 0.0878597 0.0840068 0.0755745 0.0636056 0.0625851
threshold=1.0000000180025095e-35 1.8150000357627867 7.6650000000000009 2.3826923076923081 1.7800000452995304 11.900000000000002 1.5000000000000002 16.085000000000004 14.390000000000002 8.8800000000000008 11.992692307692311 9.6700000000000017 9.8250000000000011 11.760384615384618 2.5000000000000004 17.590000000000003 1.5000000000000002 2.305000000000001 7.4400000000000004 10.875000000000002 2.5000000000000004 17.890000000000004 3.5000000000000004 16.660000000000004 4.2000000000000011 9.6200000000000028 16.115000000000006 2.5000000000000004 17.280000000000005 2.5050000000000003 8.8800000000000008 2.5000000000000004 3.0500000000000003 13.265000000000002 16.455000000000002 2.5000000000000004 1.5000000000000002 4.2000000000000011 2.2746153846153851 3.0500000000000003 16.455000000000002 9.9800000000000022 2.5000000000000004 9.9950000000000028
decision_type=2 2 2 2 2 2 2 2 2 2 2 2 2 2 2 2 2 2 2 2 2 2 2 2 2 2 2 2 2 2 2 2 2 2 2 2 2 2 2 2 2 2 2 2
left_child=1 4 6 5 -1 11 26 8 22 14 15 20 23 -14 37 -5 -17 -9 -19 31 36 -12 39 38 -16 -11 29 -18 -21 -2 -31 -20 -24 35 -22 -34 -4 -10 43 -8 -38 -40 -27 -13
right_child=2 -3 3 10 -6 -7 7 17 9 25 21 12 13 -15 24 16 27 18 19 28 34 -23 32 -25 -26 42 -28 -29 -30 30 -32 -33 33 -35 -36 -37 40 -39 41 -41 -42 -43 -44 -45
leaf_value=-0.06295693943550866 -0.0061748171157400729 -0.42381009148551368 -0.015647857761886531 -0.0070209217804467075 -0.012245258658148482 -0.044407142001412277 -0.0080624034144277778 -0.0092114943005438057 0.017652313611598965 0.0086118823550348084 -0.0050115608411824102 -0.011303978176489289 -0.015382922784345807 -0.031111726843188654 0.031720237229411793 -0.0046697501243214527 0.0026037190537226158 -0.0089024031460578634 0.00079503266277980433 -0.00073718594454895946 -0.020022403184353849 -0.014948557070451297 -0.0019639417039380627 -0.019080180992298197 0.021523683140375935 -0.0020135144297740923 -0.0081933124162550178 0.0096404541164191102 -0.0089309747948471685 0.0020211920235221857 -0.0052424032725687224 0.0069010152679885028 0.0040118825270367836 -0.0012624032236929136 -0.026202403678277673 0.01164045387556769 -0.01706240327137663 0.010636727188077118 -0.01153973654685372 -0.0017110989662585657 -0.021502402994811078 -0.0061526596981083754 0.0027420411271060104 -0.01342218352803968
leaf_weight=22 116 26 110 54 63 49.5 20 55 26.5 28 42 190.5 115.5 33 26.5 49 49 40 58.5 46 50 54 26 36 34.5 36 137.5 49 28 44.5 40 58.5 28 20 60 28 50 34.5 37.5 46 60 30 36 168
leaf_count=16 111 14 44 24 63 27 20 30 20 14 39 93 51 30 20 21 21 16 26 30 20 36 26 36 25 32 75 21 28 30 30 26 28 20 24 28 20 25 18 46 24 24 32 129
internal_value=-0.0129374 -0.118699 -0.00783548 -0.014124 -0.0253706 -0.0173252 0.000146117 0.00312245 0.00719811 0.0120958 -0.0034535 -0.0158998 -0.0139491 -0.0188782 0.0198189 -3.97167e-05 0.00252481 -0.00243527 -0.000821884 0.000870371 -0.0195085 -0.0106011 0.000726168 -0.0123648 0.0259533 0.0026736 -0.00580655 0.00612209 -0.00383754 -0.00416974 -0.0014172 0.00384802 0.00354858 0.00543444 -0.0233933 0.00782617 -0.017566 0.0136845 -0.0117973 -0.00363574 -0.0194842 -0.00914548 0.000364263 -0.0122966
internal_weight=2412 111 2301 1287 85 990 1014 676 390 222 297 940.5 610.5 148.5 122 201 147 286 231 191 330 96 168 462 61 100 338 98 74 200.5 84.5 117 102 76 110 56 220 61 426 66 110 67.5 72 358.5
internal_count=1533 93 1440 702 79 540 738 492 336 168 162 513 381 81 90 87 63 156 126 110 132 75 168 300 45 78 246 42 58 171 60 52 102 76 44 56 88 45 264 66 44 42 64 222
is_linear=0
shrinkage=1


Tree=1
num_leaves=45
num_cat=0
split_feature=34 1 14 0 15 16 22 35 35 5 35 0 0 16 0 22 35 0 10 0 35 15 35 19 33 35 35 7 35 35 35 31 29 13 0 16 0 33 19 15 11 11 35 0
split_gain=172.121 418.013 15.2739 6.02985 5.84527 5.80292 2.76733 1.29641 0.827068 1.15688 0.732959 0.709359 0.640513 0.514118 0.441114 0.352185 0.379822 0.350742 0.279234 0.156258 0.23555 0.152903 0.158886 0.152199 0.127693 0.124907 0.110912 0.106802 0.0996623 0.08453 0.222116 0.0756278 0.0624142 0.0599474 0.0589024 0.0415169 0.0411849 0.0259984 0.0225938 0.0219402 0.0204718 0.0145739 0.0154939 0.0377178
threshold=1.0000000180025095e-35 16.415000000000003 7.6650000000000009 11.984999656677248 2.5157692307692314 6.0226923076923082 53.300000000000004 1.0000000180025095e-35 1.5000000000000002 10.065000000000003 1.5000000000000002 15.825000000000001 17.860000000000003 6.1450000000000005 14.695000000000002 14.300000000000002 1.5000000000000002 16.085000000000004 7.6650000000000009 16.895000000000003 1.0000000180025095e-35 2.1950000000000003 1.5000000000000002 1.1000000000000003 2.5000000000000004 1.5000000000000002 1.0000000180025095e-35 9.8350000000000026 1.0000000180025095e-35 1.5000000000000002 1.0000000180025095e-35 11.4 1.7000000000000004 9.8250000000000011 14.240000000000002 5.9461538461538463 13.350000000000003 1.9000000000000001 14.600000000000001 3.1200000000000006 9.8550000000000022 7.8800000000000008 1.0000000180025095e-35 16.590000000000003
decision_type=2 2 2 2 2 2 2 2 2 2 2 2 2 2 2 2 2 2 2 2 2 2 2 2 2 2 2 2 2 2 2 2 2 2 2 2 2 2 2 2 2 2 2 2
left_child=1 3 6 -1 5 -4 13 38 18 27 12 14 39 32 -9 16 24 21 -7 41 40 25 -23 34 -15 28 -26 -10 36 30 -19 -16 -2 -22 -18 -12 -17 -27 -8 -6 -21 -20 43 -43
right_child=2 -3 4 -5 10 8 7 11 9 -11 35 -13 -14 15 31 17 23 29 19 20 33 22 -24 -25 26 37 -28 -29 -30 -31 -32 -33 -34 -35 -36 -37 -38 -39 -40 -41 -42 42 -44 -45
leaf_value=0.0011528390799722976 0.0023259296940846574 -0.37800289144882793 -0.026678472111622491 -0.047495830549265858 0.011954540606174204 0.0054149718555035423 0.0085401897017772371 0.019897219050261709 -0.0076484021459724393 0.0033749002013711204 0.016369443848019555 0.016673353539572822 -0.00076566854422843017 0.0080498938714012955 0.032934262340977079 0.01374118983745575 0.0036613232331971328 0.0023485159778007954 0.0013931029520574071 -0.0059753035574599545 -0.0028354759443373905 0.013963371763626735 0.020776763307875482 -0.0003733834934731325 0.0087790841087698936 0.007335334994174816 0.014788615431701929 -0.0045353497014595911 0.016553085818886756 0.011174716328129624 0.010386892019799261 0.027675157984097802 0.0063433193553690658 0.0011943765646881526 0.0082691382805163832 0.013288929899533591 0.0090544786925117176 0.011088453091326214 0.0116599194953839 0.0093048496445020043 -0.0093057079826082498 8.8267449991426608e-05 0.00047033876470393602 -0.0037838634766549583
leaf_weight=63 49.5 26 66 22 36 54 39 36 255 90 52.5 67.5 54 66 42 24 30 33 63 27 42 60 34.5 30 30 27 57 97.5 48 82.5 66 30 49.5 54 43.5 60 24 21 24 45 21 69 180 21
leaf_count=63 27 14 36 16 24 36 39 36 102 36 21 30 36 66 36 24 30 33 42 27 21 42 21 12 30 27 30 39 48 33 33 24 27 27 21 24 24 21 24 30 21 69 90 21
internal_value=-6.91162e-11 -0.0973005 0.00469377 -0.0114386 -0.00109168 -0.00372242 0.0120368 0.019573 -0.00216608 -0.00472045 0.00995744 0.0231068 0.00598323 0.00971914 0.0271277 0.0105071 0.00817139 0.0119336 -3.74434e-05 -0.000654698 -0.00285657 0.0139503 0.0164508 0.00442846 0.0107034 0.0123094 0.0127164 -0.00678735 0.0139755 0.00928347 0.00770743 0.030743 0.00433462 -0.000568684 0.0063884 0.0147265 0.0113978 0.00897732 0.00972866 0.0104825 -0.00743236 0.000297465 4.18159e-05 -0.00081523
internal_weight=2412 111 2301 85 1287 1039.5 1014 238.5 973.5 442.5 247.5 175.5 135 775.5 108 676.5 256.5 420 531 477 144 238.5 94.5 103.5 153 144 87 352.5 96 181.5 99 72 99 96 73.5 112.5 48 48 63 81 48 333 270 90
internal_count=1533 93 1440 79 702 567 738 189 531 177 135 126 90 549 96 495 189 306 354 318 96 207 63 63 126 144 60 141 96 99 66 60 54 48 51 45 48 48 63 54 48 222 180 90
is_linear=0
shrinkage=0.08


Tree=2
num_leaves=45
num_cat=0
split_feature=34 1 14 15 24 16 36 22 37 37 22 15 37 36 36 12 36 35 36 37 1 22 37 1 12 37 34 36 2 1 15 37 35 34 37 7 22 3 36 16 35 17 33 11
split_gain=145.683 353.806 12.9279 5.13889 5.09957 7.596 2.4111 1.73865 1.31974 0.909328 0.887423 0.837603 0.658256 0.559269 0.403531 0.378245 0.36641 0.357339 0.356059 0.349125 0.268362 0.267258 0.263248 0.257135 0.163182 0.157779 0.1334 0.114095 0.107589 0.0995229 0.0992845 0.0930379 0.0717622 0.223119 0.111509 0.0887892 0.0694198 0.0560062 0.0491249 0.0446564 0.102705 0.0423748 0.0279516 0.0252362
threshold=1.0000000180025095e-35 16.415000000000003 7.6650000000000009 1.7800000452995304 1.0000000180025095e-35 6.0226923076923082 2.5000000000000004 53.300000000000004 9.4550000000000018 9.7850000000000019 53.300000000000004 3.035000000000001 9.6200000000000028 1.5000000000000002 1.5000000000000002 7.3800000000000017 1.5000000000000002 1.5000000000000002 2.5000000000000004 16.625000000000004 17.890000000000004 14.300000000000002 11.760384615384618 16.960000000000004 7.3450000000000015 13.095000000000002 3.5000000000000004 1.5000000000000002 16.465000000000003 16.960000000000004 2.1715384615384621 13.265000000000002 1.0000000180025095e-35 52.800000000000011 9.8250000000000011 10.025 2.7000000000000006 16.475000000000005 1.5000000000000002 6.8650000000000011 1.5000000000000002 3.3000000000000003 1.7000000000000004 9.8550000000000022
decision_type=2 2 2 2 2 2 2 2 2 2 2 2 2 2 2 2 2 2 2 2 2 2 2 2 2 2 2 2 2 2 2 2 2 2 2 2 2 2 2 2 2 2 2 2
left_child=1 3 6 -1 5 -4 10 15 -9 18 16 17 13 -12 -13 21 41 20 27 32 -6 36 -16 -17 26 30 -18 -7 -20 -26 -23 39 33 -11 -34 -36 -8 -29 -14 -28 -41 -2 -37 -21
right_child=2 -3 4 -5 11 9 7 8 -10 19 12 14 38 -15 22 23 24 -19 28 43 -22 25 -24 -25 29 -27 31 37 -30 -31 -32 -33 34 -35 35 42 -38 -39 -40 40 -42 -43 -44 -45
leaf_value=-0.043810454756021501 0.0038232917557122991 -0.34776264960949232 -0.034732784129904978 0.0011005230821550839 0.0057217205481396782 -0.0021171798638322139 0.0088755894700686139 0.035177677746900581 0.014044443042047564 0.00021530085983566751 0.011489802141590875 0.0053737978895833675 0.00442133182081683 0.023395908445414931 0.016096521947957292 0.0050405852822586897 0.0061831061677499258 0.0069074780344963076 -0.0067727135971188549 -0.0050716293587659798 -0.0027377811824488975 0.017476885148457119 0.0082581318489142828 0.013078153152634536 0.003607677733525634 0.012449818504042925 0.015854578238946419 -0.003783433583378792 -0.011797399123509725 0.0084434206275777381 0.023481386883158081 0.0073292748744345528 0.00093941748142242429 0.0095053702601719473 -0.0044905569901069007 -0.0020145649831185396 0.014226039266341353 -0.0074087317784627283 0.0090778020743666026 0.014970564372611768 0.0083831508989845004 0.005967890727845441 0.000663189530834301 -0.0085612515111764282
leaf_weight=22 167.5 26 49.5 63 36 110 27 48.5 31 78 50.5 60.5 29 50.5 79 44 33 90 50 36 72 35 42 60.5 44 20 27 50 60 71.5 35.5 22 216 21 54 43.5 36.5 60 29 33 28 91 58.5 21
leaf_count=16 123 14 27 63 24 44 27 37 26 78 38 33 25 38 34 24 33 36 20 36 48 35 32 33 24 20 14 20 24 39 20 22 108 21 24 21 24 24 25 29 22 60 27 21
internal_value=3.28936e-11 -0.0895164 0.00431826 -0.0105235 -0.00100435 -0.00426084 0.0110739 0.0165908 0.026937 -0.00250284 0.00831545 0.00678292 0.0135422 0.0174429 0.0107084 0.0134088 0.00670801 0.00318452 -0.00579717 -0.000443886 8.20527e-05 0.0159297 0.0133758 0.00969391 0.00883775 0.0187213 0.0106442 -0.00393902 -0.00951345 0.00660123 0.0205004 0.0119825 0.000271748 0.00218592 -0.000237669 -0.00186748 0.011951 -0.00576087 0.00674957 0.0131458 0.0119468 0.00457826 -0.000478794 -0.00635728
internal_weight=2412 111 2301 85 1287 907.5 1014 338 79.5 858 676 379.5 159 101 181.5 258.5 517 198 330 528 108 154 121 104.5 258.5 90.5 143 220 110 115.5 70.5 110 471 99 372 156 63.5 110 58 88 61 258.5 102 57
internal_count=1533 93 1440 79 702 495 738 246 63 468 492 207 126 76 99 183 366 108 132 336 72 126 66 57 183 75 120 88 44 63 55 87 279 99 180 72 51 44 50 65 51 183 48 57
is_linear=0
shrinkage=0.08


Tree=3
num_leaves=45
num_cat=0
split_feature=34 1 14 0 10 15 22 35 35 0 15 35 0 0 12 0 34 0 35 5 6 35 35 35 16 35 0 35 0 31 32 22 35 16 35 0 16 17 5 35 0 30 0 15
split_gain=123.306 299.461 10.9421 4.74313 4.44463 3.36438 1.9825 0.932858 0.560085 0.545147 0.501714 0.534229 0.469221 0.454742 0.420394 0.373359 0.329782 0.290387 0.238792 0.423948 0.305534 0.315141 0.19099 0.163178 0.118549 0.294316 0.112465 0.0823618 0.0669831 0.0640114 0.0633415 0.0605958 0.0544633 0.053854 0.0458051 0.0413885 0.0386027 0.0354879 0.0346834 0.0337408 0.0298216 0.0212431 0.0204739 0.0179387
threshold=1.0000000180025095e-35 16.415000000000003 7.6650000000000009 11.984999656677248 9.9550000000000018 2.5157692307692314 53.300000000000004 1.0000000180025095e-35 1.5000000000000002 15.825000000000001 1.8823076923076927 1.5000000000000002 17.860000000000003 17.255000000000006 7.3450000000000015 14.695000000000002 3.5000000000000004 17.070000000000004 1.0000000180025095e-35 10.065000000000003 10.105000000000002 1.5000000000000002 1.0000000180025095e-35 1.0000000180025095e-35 6.8650000000000011 1.5000000000000002 14.280000000000003 1.0000000180025095e-35 16.625000000000004 11.4 2.5000000000000004 10.200000000000001 1.5000000000000002 6.8650000000000011 1.5000000000000002 17.020000000000003 5.9461538461538463 4.2000000000000011 10.045000000000002 1.5000000000000002 17.355000000000004 3.5000000000000004 13.955000000000002 3.1200000000000006
decision_type=2 2 2 2 2 2 2 2 2 2 2 2 2 2 2 2 2 2 2 2 2 2 2 2 2 2 2 2 2 2 2 2 2 2 2 2 2 2 2 2 2 2 2 2
left_child=1 3 6 -1 5 10 14 41 12 15 11 13 43 27 16 -9 34 38 19 -12 31 -22 26 -19 32 -26 -18 28 -4 -17 -27 39 -24 -28 42 -13 -10 40 -16 -20 -25 -8 -2 -7
right_child=2 -3 4 -5 -6 8 7 9 36 -11 18 35 -14 -15 17 29 22 23 20 -21 21 -23 24 37 25 30 33 -29 -30 -31 -32 -33 -34 -35 -36 -37 -38 -39 -40 -41 -42 -43 -44 -45
leaf_value=0.0014858384624110638 0.0089313937847812983 -0.3199416444851802 -0.00037683190777897834 -0.041661141988905998 -0.021145070382873669 0.010205418783136539 0.0099121529967696586 0.016437084385090405 0.014250613507770358 0.01392437282094249 0.011085691158518648 -0.0066199876013256255 -0.00075297836714458683 -0.0096929926839139733 0.0044982562462488815 0.02843116433847518 0.01108967309578871 0.0032897760069821604 -0.0020704724270652866 -0.0012346679168060803 -0.0020649157022988355 0.006134485739248771 0.012766672287668502 0.0067819536242772031 0.01455587584620867 0.0099282471214731539 0.0083444059320858539 0.00083270501705908016 -0.0047846662387665776 0.023592787782351174 0.0055346062460115975 -0.00028926981406079397 0.016918388330019438 0.0029427365351606298 0.0034170748332910468 -0.0041086488933790299 0.011280181268850963 0.010449640176914356 0.0019047104432529799 -0.0044972620507081349 0.0094406784353432832 0.006943657952878211 0.0060023122919457298 0.0078095078037844767
leaf_weight=63 24 26 57 22 66 36 27 36 52.5 67.5 33 210 54 36 66 42 39 39 66 39 54 67.5 42 54 78 42 21 186 36 30 42 54 39 27 33 52.5 60 67.5 66 82.5 54 36 42 45
leaf_count=63 24 14 57 16 36 24 27 36 21 30 33 84 36 24 36 36 39 39 33 39 27 27 21 24 66 42 21 93 36 24 24 24 21 27 33 21 24 30 36 33 24 36 42 30
internal_value=-2.49428e-11 -0.0823551 0.0039728 -0.00968162 -0.000923998 0.000169033 0.010188 0.0165666 0.0084975 0.0195642 -0.00194837 -0.00345228 0.00502342 -0.00123109 0.00822628 0.0230891 0.00990026 0.00615374 0.000244829 0.00441216 -0.000681245 0.00249031 0.0111151 0.00797051 0.0122667 0.0110173 0.00789866 -0.000139227 -0.00208309 0.0264152 0.00773143 -0.00258418 0.0147656 0.00530597 0.00585065 -0.00611772 0.0126664 0.00901067 0.00320148 -0.00341869 0.00811132 0.00821587 0.00706743 0.00887436
internal_weight=2412 111 2301 85 1287 1221 1014 238.5 247.5 175.5 973.5 577.5 135 315 775.5 108 429 346.5 396 72 324 121.5 330 214.5 243 162 87 279 93 72 84 202.5 81 48 99 262.5 112.5 175.5 132 148.5 108 63 66 81
internal_count=1533 93 1440 79 702 666 738 189 135 126 531 315 90 210 549 96 360 189 216 72 144 54 261 117 174 132 87 186 93 60 66 90 42 48 99 105 45 78 72 66 48 63 66 54
is_linear=0
shrinkage=0.08


Tree=4
num_leaves=45
num_cat=0
split_feature=31 16 0 14 10 15 36 0 36 0 35 35 0 0 0 15 36 0 0 35 15 35 5 6 35 0 35 0 0 36 0 20 19 15 35 14 36 0 16 35 0 33 15 19
split_gain=38.3651 62.3179 66.3085 8.80271 3.871 2.67479 2.0392 1.01881 0.660884 0.625259 0.701741 0.474056 0.470335 0.397148 0.396107 0.392342 0.439067 0.39106 0.298014 0.403543 0.28585 0.202113 0.35883 0.258604 0.266736 0.165948 0.162312 0.160533 0.113602 0.0771753 0.0751182 0.0734624 0.0592022 0.0574977 0.057341 0.0516089 0.0554136 0.0431626 0.0326733 0.0318721 0.0301486 0.0206387 0.0199939 0.019607
threshold=1.0000000180025095e-35 6.8750000000000018 16.415000000000003 7.6650000000000009 9.9550000000000018 2.5157692307692314 2.5000000000000004 16.050000000000004 1.5000000000000002 14.390000000000002 1.0000000180025095e-35 1.5000000000000002 16.660000000000004 17.860000000000003 16.085000000000004 1.8823076923076927 2.5000000000000004 15.345000000000001 16.920000000000005 1.5000000000000002 2.4900000000000007 1.0000000180025095e-35 10.065000000000003 10.105000000000002 1.5000000000000002 11.984999656677248 1.5000000000000002 15.4 17.150000000000002 1.5000000000000002 16.115000000000006 0.3000000000000001 0.50000000000000011 2.5050000000000003 1.5000000000000002 7.7950000000000008 1.5000000000000002 17.220000000000002 5.9461538461538463 1.0000000180025095e-35 15.475000000000001 1.0000000180025095e-35 0.65499999999999947 0.50000000000000011
decision_type=2 2 2 2 2 2 2 2 2 2 2 2 2 2 2 2 2 2 2 2 2 2 2 2 2 2 2 2 2 2 2 2 2 2 2 2 2 2 2 2 2 2 2 2
left_child=1 2 -1 6 5 15 8 9 30 31 -11 13 25 -7 20 16 26 -12 19 -18 32 22 -17 35 -25 -3 39 -22 -9 -28 33 -8 -10 43 41 -23 -37 -16 -13 42 -35 -27 -5 -2
right_child=3 12 -4 4 -6 11 7 28 14 10 17 38 -14 -15 37 21 18 -19 -20 -21 27 23 -24 24 -26 34 29 -29 -30 -31 -32 -33 -34 40 -36 36 -38 -39 -40 -41 -42 -43 -44 -45
leaf_value=0.00036376154400652862 0.0022596505718926589 0.0013669713633874107 -0.11991640872218544 -0.0032235008236867462 -0.01945346425216871 0.0081644084757584844 0.0095430844277143486 0.0069858597053421871 0.0056606995873153213 0.011972539789146848 0.033219026659216201 0.01311056475412278 -0.0038750112237352316 -0.00069274011611317589 0.0046201563107244898 0.010198835851342389 -0.00034560035618524698 0.021859295011936935 -0.012789635398945252 -0.0098423698061988456 0.019526551236977448 -0.00057128917011949748 -0.0011358944708720232 -0.0018997224406511696 0.0056437269118097093 0.0069267034716904161 -0.0015959499946662358 0.012590217678853781 0.011776475363876672 -0.0053525504384722032 0.0030414460875506223 0.015168504760815547 0.010335051286220552 0.0087765328193965715 0.0037963698462893563 -0.00098835237820943194 -0.0044266035573350057 0.0076082987189292905 0.010377766946951548 0.0009931697909321103 0.0057389124298608428 0.010244426714877288 -0.00012835200656862819 0.0049046324172490078
leaf_weight=49.5 24 63 72 22 66 81 24 49.5 24 27 35 52.5 66 54 49.5 33 63 43.5 38.5 52.5 37 67.5 39 54 67.5 24 70 50.5 88 70 126.5 39 62.5 38 24 45 90 82.5 60 112 46.5 24 34 71
leaf_count=27 24 63 39 22 36 54 24 27 24 27 32 21 36 36 27 33 42 22 21 21 33 30 39 27 27 24 28 30 48 28 69 39 60 33 24 20 40 45 24 56 27 24 34 66
internal_value=2.21985e-11 -0.0256818 -0.0709134 0.00396381 -0.000632686 0.000490942 0.00982961 0.0151619 0.00716346 0.0193318 0.0230977 0.0078177 0.00165964 0.00462155 0.00979238 -0.00162254 -0.00320636 0.0269241 -0.00669414 -0.00466231 0.0122993 0.000225243 0.00405919 -0.000626746 0.00229108 0.00436548 -0.00146247 0.0155233 0.0100519 -0.00347425 0.00453455 0.0130255 0.00903812 0.00558679 0.00698917 -0.00237744 -0.00328052 0.00648775 0.0116531 0.000214012 0.00710494 0.00858557 -0.0013443 0.00423643
internal_weight=2412 322.5 121.5 2089.5 1171.5 1105.5 918 306 612 168.5 105.5 247.5 201 135 306 858 462 78.5 154 115.5 174 396 72 324 121.5 135 308 87.5 137.5 140 306 63 86.5 179.5 72 202.5 135 132 112.5 168 84.5 48 56 95
internal_count=1533 237 66 1296 639 603 657 219 438 144 81 135 171 90 219 468 252 54 84 63 147 216 72 144 54 135 168 63 75 56 219 63 84 150 72 90 60 72 45 112 60 48 56 90
is_linear=0
shrinkage=0.08


Tree=5
num_leaves=45
num_cat=0
split_feature=34 1 14 36 4 35 12 36 3 1 37 37 35 36 22 37 36 1 22 37 37 36 37 4 34 37 36 37 11 37 37 34 34 36 37 22 37 1 28 34 37 20 1 3
split_gain=95.5511 239.012 7.69899 5.3955 2.51416 6.63244 2.48143 1.66479 1.60651 0.66803 0.748151 0.647764 0.591228 0.589492 0.570071 0.895327 0.551401 0.271904 0.266307 0.433416 0.258706 0.256294 0.238449 0.236673 0.18715 0.173858 0.172203 0.156744 0.133601 0.105059 0.102998 0.0885715 0.0856927 0.084154 0.0687613 0.0558046 0.0824411 0.0525846 0.046498 0.0369192 0.036484 0.0287029 0.0244426 0.0200639
threshold=1.0000000180025095e-35 16.415000000000003 8.5500000000000025 2.5000000000000004 17.955000000000002 1.5000000000000002 7.3250000000000011 2.5000000000000004 16.440000000000001 17.545000000000005 9.7850000000000019 7.4800000000000013 1.5000000000000002 2.5000000000000004 53.300000000000004 9.4550000000000018 1.5000000000000002 11.984999656677248 53.300000000000004 9.4550000000000018 11.984999656677248 2.5000000000000004 16.185000000000006 16.140000000000004 3.5000000000000004 13.265000000000002 1.5000000000000002 16.625000000000004 7.7750000000000012 17.220000000000002 7.8750000000000009 3.5000000000000004 61.500000000000007 1.5000000000000002 13.265000000000002 19.300000000000004 9.4050000000000029 14.240000000000002 44.100000000000001 26.700000000000006 17.325000000000003 0.90000000000000013 14.240000000000002 17.335000000000004
decision_type=2 2 2 2 2 2 2 2 2 2 2 2 2 2 2 2 2 2 2 2 2 2 2 2 2 2 2 2 2 2 2 2 2 2 2 2 2 2 2 2 2 2 2 2
left_child=1 3 6 17 9 -6 7 16 22 12 -11 -10 27 26 24 -16 35 -1 31 -20 32 33 23 -8 -9 37 40 -4 -24 -28 -25 -18 -15 -14 42 -2 39 -26 -12 -37 43 -32 -33 -13
right_child=2 -3 4 -5 5 -7 8 14 11 10 38 13 21 20 15 -17 18 -19 19 -21 -22 -23 28 30 25 -27 29 -29 -30 -31 41 34 -34 -35 -36 36 -38 -39 -40 -41 -42 -43 -44 -45
leaf_value=0.001468323071797689 0.0028134251139018424 -0.28475300211172838 0.00062765819307130115 -0.037933146380461177 -0.033889388340628809 0.0076960196097691858 0.0027446018162988811 0.0078495691970668063 -0.0013628015723966417 0.011086771068118869 0.0012054464808620867 0.0061756394404760551 -0.0019239669422949515 0.012014265303810438 0.028399542978743919 0.010992991635876317 0.0047449897139361409 0.012603802836459618 0.018897306172503639 0.0067864583961425289 0.0062688823812641209 -0.0094225155307400606 0.010413959425474918 -0.0041179831140872201 0.013913177197629757 0.0082535336663325624 0.0088216606991358068 -0.0045278644323762923 0.0013899407995909096 0.0029365537202228672 -0.0018099367091420041 0.0088350711356509817 0.016462832492532081 -0.0056521013936688827 0.0054071259871125224 0.0048410506549319537 0.0031438550620593807 0.018019563986523317 -0.0023436761084034245 0.0081309412962706513 0.0010331949147141793 0.00028980721867149644 0.011634724529662934 0.003929771612915728
leaf_weight=36 64.5 26 234 26 54 45 103.5 33 52.5 52.5 42 35.5 77.5 60 48.5 31 33 23 48.5 31 36 77.5 21 82.5 33 21 124.5 45 21 23 76.5 33 51.5 77.5 21 33 55 50.5 54 64.5 22 91.5 50.5 90
leaf_count=36 57 14 141 25 36 18 51 33 21 21 24 21 31 27 37 26 33 18 37 26 33 31 21 33 33 21 60 45 21 23 39 33 23 31 21 30 48 30 36 45 22 51 30 40
internal_value=-1.75938e-11 -0.0724963 0.00349722 -0.00757076 -0.00309862 -0.0149869 0.0067438 0.0104983 0.00400065 -0.00131537 0.00340825 0.007039 -0.00268675 0.00803583 0.0162196 0.0216121 0.00763761 0.00580927 0.0104891 0.0141748 0.0121652 -0.00566619 0.000202707 -0.000473475 0.0131017 0.0147603 0.00597113 -0.000203878 0.00590195 0.00790398 -0.0018031 0.00835815 0.014069 -0.00378803 0.00949914 0.00478608 0.00562041 0.0163967 -0.000790935 0.00701744 0.00403827 -0.000666326 0.0105283 0.00456506
internal_weight=2412 111 2301 85 759 99 1542 651 891 660 148.5 495 511.5 442.5 217 79.5 434 59 217 79.5 147.5 232.5 396 354 137.5 104.5 295 279 42 147.5 250.5 137.5 111.5 155 104.5 217 152.5 83.5 96 97.5 147.5 168 83.5 125.5
internal_count=1533 93 1440 79 414 54 1026 540 486 360 81 270 279 249 180 63 360 54 180 63 83 93 216 174 117 84 166 186 42 83 123 117 50 62 84 180 123 63 60 75 83 90 63 61
is_linear=0
shrinkage=0.08


Tree=6
num_leaves=45
num_cat=0
split_feature=34 1 14 0 10 12 3 22 0 37 37 37 37 37 37 10 37 34 37 4 37 22 37 10 37 37 22 18 14 0 37 32 37 21 37 0 0 21 22 12 37 0 29 14
split_gain=80.8745 202.3 6.51642 3.12952 2.37313 2.10028 1.35975 0.672204 0.604492 0.682383 0.548267 0.428013 0.559043 0.363166 0.306916 0.406906 0.287515 0.2089 0.201823 0.20032 0.168238 0.144179 0.208009 0.11308 0.0871779 0.0736105 0.0915783 0.0647005 0.0614429 0.0556918 0.052939 0.0839365 0.0778619 0.0553041 0.0437649 0.0414779 0.0386681 0.0367723 0.0351407 0.0340978 0.0324608 0.0301798 0.0273996 0.0247044
threshold=1.0000000180025095e-35 16.415000000000003 8.5500000000000025 11.984999656677248 9.9550000000000018 7.3250000000000011 16.440000000000001 89.40000000000002 17.875000000000004 9.8750000000000018 7.4800000000000013 13.56 3.0500000000000003 9.7850000000000019 9.9450000000000021 9.9200000000000017 17.220000000000002 59.500000000000007 16.185000000000006 16.140000000000004 8.2450000000000028 14.300000000000002 9.4050000000000029 7.7550000000000008 7.8750000000000009 4.745000000000001 63.400000000000013 6.4000000000000012 7.455000000000001 13.350000000000003 10.875000000000002 8.4000000000000004 8.4550000000000018 3.0000000000000004 16.740000000000006 15.880000000000001 15.935000000000002 3.8000000000000003 2.7000000000000006 9.9200000000000017 6.6650000000000009 17.220000000000002 8.4000000000000004 7.7950000000000008
decision_type=2 2 2 2 2 2 2 2 2 2 2 2 2 2 2 2 2 2 2 2 2 2 2 2 2 2 2 2 2 2 2 2 2 2 2 2 2 2 2 2 2 2 2 2
left_child=1 3 5 -1 8 7 18 11 13 -10 -8 12 29 -4 39 34 30 21 19 -7 -9 38 25 -20 -21 27 40 -23 -18 -2 32 42 33 -12 -16 -24 37 -13 -14 -15 -27 -34 -32 -26
right_child=2 -3 4 -5 -6 6 10 20 9 -11 16 36 17 14 15 -17 28 -19 23 24 -22 22 35 -25 43 26 -28 -29 -30 -31 31 -33 41 -35 -36 -37 -38 -39 -40 -41 -42 -43 -44 -45
leaf_value=0.0021060118664588249 0.0064934744499623781 -0.26197276445535517 -0.0053891441976582563 -0.032941466082226145 -0.017345928244546734 0.0025250336407134895 -0.0012537774628116971 0.022671272020649027 0.0096403242349624631 -0.0014111470763629439 0.0056022257407506307 0.0041894204927874464 0.0053477663353637414 0.001137177746343074 -0.0008998706688483556 -0.014088901256521543 -0.0009606856285106569 0.017602298078437648 0.0095808427816345583 -0.0037885445320244991 0.013740568337617096 0.012343028473357361 0.0094379386405150107 0.0012787454961133854 0.00099084823206067093 0.014426586925983429 0.017120314271022112 0.0069045188969799453 0.0042275569254222019 0.0017214977793499002 0.0067926087206052182 0.0094466305248163372 0.0087175561913422177 0.0090642299166432145 -0.0044962162738948156 0.005597665530939897 0.0017168645605090118 0.0071285657941674201 0.0088665589636510566 -0.0012971498889307823 0.01152750759654575 0.011386577802545884 0.0038478659813363965 -0.001199801236209346
leaf_weight=63 24 26 202.5 22 66 103.5 52.5 27 60 88.5 52.5 63 27 177 63 22.5 21 30 21 82.5 27 42 45 21 45 39 39 21 48 45 42 54 42 67.5 33 30 21 48 55.5 46.5 67.5 76.5 39 123
leaf_count=63 24 14 81 16 36 51 21 24 24 57 21 63 27 87 60 15 21 30 21 33 21 42 39 21 24 30 27 21 48 45 24 33 21 27 33 15 21 48 33 21 30 33 21 66
internal_value=-7.13681e-11 -0.0666966 0.00321744 -0.0069651 -0.00285073 0.0062043 0.0036806 0.0096584 -0.00147024 0.00305409 0.00647588 0.00888526 0.0100265 -0.00270414 -0.00111434 -0.00440563 0.00739296 0.0111844 0.00018649 -0.000435597 0.0182059 0.0106584 0.0115149 0.00542979 -0.00165885 0.0128146 0.0138037 0.0105302 0.00264853 0.00338132 0.00826944 0.00700351 0.00898601 0.0075496 -0.00213611 0.00790183 0.00486484 0.0054604 0.00771495 0.000630707 0.0125891 0.0104406 0.00537477 -0.00061302
internal_weight=2412 111 2301 85 759 1542 891 651 693 148.5 495 597 465 544.5 342 118.5 442.5 396 396 354 54 366 283.5 42 250.5 208.5 145.5 63 69 69 373.5 135 238.5 120 96 75 132 111 82.5 223.5 106.5 118.5 81 168
internal_count=1533 93 1440 79 414 1026 486 540 378 81 270 495 363 297 216 108 249 294 216 174 45 264 204 42 123 150 87 63 69 69 180 78 102 48 93 54 132 111 60 108 60 54 45 90
is_linear=0
shrinkage=0.08


Tree=7
num_leaves=45
num_cat=0
split_feature=34 15 14 36 37 37 12 0 36 3 35 36 12 36 22 37 36 7 36 22 37 37 37 4 27 36 37 22 37 15 10 37 37 36 34 35 37 36 37 22 37 34 30 37
split_gain=68.4521 171.227 5.5155 4.62794 2.02027 21.5601 1.77972 1.4775 1.4249 1.13055 0.508979 0.508428 0.65444 0.470128 0.448706 0.697309 0.432735 0.332667 0.216927 0.199972 0.320878 0.180896 0.170823 0.169551 0.144675 0.141916 0.139418 0.177265 0.115896 0.177787 0.0957107 0.0737874 0.0728852 0.071228 0.0603558 0.0516641 0.0492767 0.0404473 0.036 0.0339213 0.0509718 0.024484 0.024457 0.0223101
threshold=1.0000000180025095e-35 1.8150000357627867 8.5500000000000025 2.5000000000000004 11.703076923076924 11.760384615384618 7.3450000000000015 17.475000000000005 2.5000000000000004 16.440000000000001 1.5000000000000002 2.5000000000000004 9.7050000000000018 1.5000000000000002 53.300000000000004 8.7150000000000016 2.5000000000000004 2.9550000429153447 2.5000000000000004 53.300000000000004 9.6200000000000028 7.4800000000000013 16.185000000000006 16.140000000000004 8.7000000000000011 1.5000000000000002 14.055000000000001 2.7000000000000006 17.325000000000003 3.0700000000000007 7.7550000000000008 7.8750000000000009 17.325000000000003 1.5000000000000002 3.5000000000000004 1.5000000000000002 13.265000000000002 1.5000000000000002 10.675000000000002 19.300000000000004 9.4050000000000029 26.700000000000006 2.5000000000000004 17.325000000000003
decision_type=2 2 2 2 2 2 2 2 2 2 2 2 2 2 2 2 2 2 2 2 2 2 2 2 2 2 2 2 2 2 2 2 2 2 2 2 2 2 2 2 2 2 2 2
left_child=1 3 6 17 7 -6 8 10 13 22 -4 37 -13 39 26 -16 21 -1 33 34 -21 -11 23 -8 -9 43 27 -10 29 -18 -24 -25 -27 -12 -15 42 -36 -7 -31 -2 41 -41 -29 -23
right_child=2 -3 4 -5 5 11 9 24 14 16 18 12 -14 19 15 -17 28 -19 -20 20 -22 25 30 31 -26 32 -28 35 -30 38 -32 -33 -34 -35 36 -37 -38 -39 -40 40 -42 -43 -44 -45
leaf_value=0.001182376282910506 0.0021469540666855338 -0.24101493505331184 0.00082361291893707806 -0.034527783244848252 -0.11337756355603537 0.0011670337978113606 0.0023230309521662441 0.0046637928299605846 0.0060770396969240647 -0.0016638103928416966 -0.0013481470291172304 -0.0034387655084596037 -0.020425925829580853 0.0040165263301495356 0.025176039876476413 0.009970468625877844 0.0059506022167760278 0.013499390570365864 -0.0082468117590873465 0.015873526201979949 0.005315107400047368 0.0035113127940163318 0.0088143752488706803 -0.0034854609397324647 0.010137509248874806 0.0073970417441154013 0.0053465882511365978 0.014027102105319501 0.0039613592421466658 0.013493280782612091 0.0011764458948302836 -0.00056397849339104831 0.0023959587247703563 -0.0047780307531356814 0.0087640341830609193 0.01178796237984369 0.0045309748161922805 -0.001592242200037136 0.010332976251840591 0.0036002864158063224 0.0023268110719932753 0.0062794340881266331 0.017405455261468888 0.00074439910134639262
leaf_weight=36 70 26 186 26 11.999999999999998 68 103.5 57 23 30 77.5 47 21 33 46.5 33 43 23 77.5 50.5 29 122.5 21 82.5 67.5 122.5 21 32 22 54.5 21 168 22 77.5 88 43 22 68 40 33 55 64.5 24 22
leaf_count=36 60 14 93 25 6 57 51 24 23 12 31 39 18 33 36 27 23 18 31 38 25 59 21 33 27 59 21 30 22 22 21 90 22 31 65 31 22 57 20 30 48 45 15 22
internal_value=2.86506e-11 -0.0613609 0.00296004 -0.00640789 -0.00262267 -0.00916672 0.00570796 -1.9515e-05 0.0088188 0.00333347 -0.00229561 -0.00303667 -0.0086848 0.00620519 0.014046 0.0188643 0.00595021 0.00598392 -0.004791 0.00880545 0.012022 0.00424905 0.000171571 -0.000400749 0.00763147 0.00486284 0.0113673 0.0124037 0.00935253 0.0102151 0.00499541 -0.00152614 0.00663563 -0.00306309 0.00701722 0.0138735 0.00791742 -0.000212604 0.0121556 0.00360492 0.00427415 0.00537265 0.015475 0.00309005
internal_weight=2412 111 2301 85 759 216 1542 543 667.5 874.5 418.5 204 68 445 222.5 79.5 478.5 59 232.5 222.5 79.5 319 396 354 124.5 289 143 122 159.5 137.5 42 250.5 144.5 155 143 99 110 136 94.5 222.5 152.5 97.5 56 144.5
internal_count=1533 93 1440 79 414 177 1026 237 549 477 186 171 57 366 183 63 261 54 93 183 63 174 216 174 51 162 120 99 87 65 42 123 81 62 120 76 87 114 42 183 123 75 45 81
is_linear=0
shrinkage=0.08


Tree=8
num_leaves=45
num_cat=0
split_feature=34 1 14 36 37 37 0 0 36 4 15 37 36 35 36 14 36 37 1 37 15 37 36 4 37 37 37 36 1 37 37 33 36 37 37 37 17 37 37 15 37 4 17 36
split_gain=57.9379 144.926 4.66832 3.91709 1.70995 18.2485 1.51617 1.25056 1.17962 0.971879 0.550892 0.619421 0.434761 0.4308 0.430334 0.592625 0.387012 0.38257 0.281569 0.261808 0.217784 0.264005 0.183607 0.141603 0.187487 0.135595 0.13345 0.129289 0.119339 0.114349 0.0825982 0.0732605 0.0602874 0.0572246 0.0598952 0.0483927 0.0380178 0.0379049 0.0374701 0.0366937 0.0367826 0.0353506 0.0220637 0.0215944
threshold=1.0000000180025095e-35 16.415000000000003 8.5500000000000025 2.5000000000000004 11.703076923076924 11.760384615384618 16.085000000000004 17.475000000000005 2.5000000000000004 16.475000000000005 2.4900000000000007 8.7150000000000016 2.5000000000000004 1.5000000000000002 2.5000000000000004 9.5600000000000005 1.5000000000000002 16.245000000000001 11.984999656677248 11.984999656677248 2.5050000000000003 8.8800000000000008 2.5000000000000004 16.140000000000004 7.8950000000000005 3.0500000000000003 13.835000000000003 1.5000000000000002 16.425000000000004 8.3850000000000033 12.049615384615388 5.7000000000000002 1.5000000000000002 3.0500000000000003 13.835000000000003 10.010000000000002 0.90000000000000013 8.4550000000000018 10.115 2.5050000000000003 8.7150000000000016 17.955000000000002 2.5000000000000004 1.5000000000000002
decision_type=2 2 2 2 2 2 2 2 2 2 2 2 2 2 2 2 2 2 2 2 2 2 2 2 2 2 2 2 2 2 2 2 2 2 2 2 2 2 2 2 2 2 2 2
left_child=1 3 6 18 7 -6 8 13 16 17 25 -12 27 -4 41 -16 39 23 -1 29 33 -22 32 35 -25 -10 36 -11 38 -14 37 -9 -15 -18 42 -8 -27 -29 -26 -2 -41 43 -35 -7
right_child=2 -3 4 -5 5 14 9 31 10 12 11 -13 19 22 15 -17 20 -19 -20 -21 21 -23 -24 24 28 26 -28 30 -30 -31 -32 -33 -34 34 -36 -37 -38 -39 -40 40 -42 -43 -44 -45
leaf_value=0.001087786166721748 0.0024398313478366006 -0.22173374542823204 0.0007577238912864398 -0.031765560507774356 -0.10430735786755881 0.00027889956194148574 0.0036885990678436225 0.0051492541497067893 0.0042580411243049992 0.0025237428636923666 0.024869870335868238 0.011405907903992854 0.0081289351951508299 -0.0012402952327843636 -0.0029978826098104421 -0.019162886718376761 0.0025508602862448801 0.0086712737929903801 0.012419438906337904 0.0031367393242461338 0.015736550896355277 0.0067805370129644868 -0.0075870671118459399 -0.0034456521434916391 -0.0010473293838677584 0.010433574691414833 0.0054769437611103056 0.0050957549268549141 0.0043455177725389088 0.01303851894206471 0.0021804789010661119 0.0090330287665128708 -0.004395788386944802 0.006786668311585399 0.0033105294548329855 0.0006123237949019919 0.014451761906161721 0.0078892536346728982 0.0019925151104954156 0.0063136758436174957 0.0029754148397062507 0.0023375014481799945 0.0097018034320611232 -0.0019835492120020919
leaf_weight=36 110.5 26 186 26 11.999999999999998 54 72 64.5 23 159.5 44.5 43 52.5 77.5 47 21 23 36 23 35 44.5 40 77.5 112.5 121.5 24 20 55 43.5 72 33 60 77.5 34 21 60 40.5 71.5 33 42.5 42 28 32.5 54
leaf_count=36 108 14 93 25 6 47 30 27 23 87 31 32 21 31 37 20 23 36 18 32 30 30 31 45 57 24 20 22 21 34 31 24 31 34 21 42 38 34 30 29 31 20 30 47
internal_value=-3.84227e-11 -0.056452 0.00272324 -0.00589526 -0.00241286 -0.00843338 0.00525132 -1.79538e-05 0.0084598 0.00329002 0.0135402 0.0182533 0.00583943 -0.00211197 -0.00279374 -0.00799002 0.0059196 0.000740608 0.00550521 0.00924971 0.00843971 0.011497 -0.00440772 9.54016e-05 -0.000837692 0.00970396 0.0111863 0.0041343 0.000644104 0.0109682 0.00574485 0.00702095 -0.00281804 0.00610178 0.00703516 0.00229029 0.0129566 0.00667469 -0.000398042 0.00339949 0.00465442 -0.000195596 0.00821136 -0.000852325
internal_weight=2412 111 2301 85 759 216 1542 543 585 957 195 87.5 478.5 418.5 204 68 390 478.5 59 159.5 195 84.5 232.5 442.5 310.5 107.5 84.5 319 198 124.5 159.5 124.5 155 110.5 87.5 132 64.5 126.5 154.5 195 84.5 136 66.5 108
internal_count=1533 93 1440 79 414 177 1026 237 504 522 168 63 261 186 171 57 336 261 54 87 168 60 93 225 153 105 82 174 108 55 87 51 62 108 85 72 62 56 87 168 60 114 64 94
is_linear=0
shrinkage=0.08


Tree=9
num_leaves=45
num_cat=0
split_feature=32 16 33 14 37 37 37 0 0 4 37 15 0 37 37 22 4 37 37 37 27 37 17 10 16 14 37 22 0 37 16 37 19 37 0 0 0 14 0 16 37 3 10 18
split_gain=18.1257 37.3645 48.3428 3.7782 1.55658 15.3916 1.55617 1.34099 1.00492 0.772668 0.428384 0.537654 0.309848 0.254553 0.242971 0.240719 0.211113 0.200499 0.285266 0.113484 0.10939 0.103493 0.0982554 0.0838677 0.076387 0.0731841 0.0703968 0.0580459 0.0563887 0.0502854 0.045525 0.0426163 0.0389193 0.0464483 0.036951 0.0319638 0.0399396 0.0307906 0.0305547 0.0201993 0.020026 0.0131927 0.0126319 0.0117949
threshold=1.0000000180025095e-35 6.8350000000000017 3.5000000000000004 8.5500000000000025 11.703076923076924 11.760384615384618 11.802307692307695 16.050000000000004 17.475000000000005 16.380000000000006 9.6200000000000028 2.2350000000000008 16.625000000000004 9.7850000000000019 16.195000000000004 77.200000000000003 16.140000000000004 12.049615384615388 7.5300000000000002 3.0500000000000003 8.7000000000000011 7.8950000000000005 14.600000000000001 7.4800000000000013 6.1050000000000013 7.4200000000000008 7.7950000000000008 14.300000000000002 17.775000000000002 10.875000000000002 9.0399996042251605 17.630000000000006 8.9000000000000021 8.8800000000000008 13.350000000000003 14.005000000000001 14.485000000000001 7.7550000000000008 16.740000000000006 9.0499998331069964 4.580000000000001 17.955000000000002 8.0600000000000023 6.4000000000000012
decision_type=2 2 2 2 2 2 2 2 2 2 2 2 2 2 2 2 2 2 2 2 2 2 2 2 2 2 2 2 2 2 2 2 2 2 2 2 2 2 2 2 2 2 2 2
left_child=1 2 -1 7 8 -6 -7 10 13 14 11 19 30 -5 16 22 26 18 -11 34 -10 -18 32 -20 -25 -19 -9 -21 -27 42 40 38 33 -13 -2 -12 -37 -23 -8 -32 -3 -40 -26 -29
right_child=3 12 -4 4 5 6 31 9 20 17 35 15 -14 -15 -16 -17 21 25 23 27 -22 37 -24 24 29 28 -28 43 -30 -31 39 -33 -34 -35 -36 36 -38 -39 41 -41 -42 -43 -44 -45
leaf_value=-0.12269880951152129 0.0053254337599112972 0.0017026198364030094 -0.012108727227523923 -0.0040960117189780525 -0.095962765614191689 -0.042671944896380112 -0.0003880534258981546 0.0057844310383001959 0.0038787490887600079 0.0013952785011518884 0.0070297602108783195 0.012716849214500852 -0.0024809105414897205 0.00013829829326520362 0.0072042241794141862 0.017609862469964557 -0.0031337014003878548 -0.0017154311021537676 0.010197466015815735 0.0040423512849069778 0.0086383887750131113 0.0022109487960519998 0.015038487513860067 0.0084008150175213809 0.007361006163233934 0.0050368693509032407 0.0015392485449711483 0.0098469608618567388 0.00061554830513584123 0.0038489384638766451 0.0075540176178846095 0.0010730346327032655 0.0084508205302529504 0.0087275647024313615 0.00085106343582824426 0.0020747525296691393 0.0052276132388247385 -0.00048301563674912738 -0.0035377740115744246 0.0044595095794647934 0.004220135754107365 -0.0015815866779949931 0.005676201205043232 0.007635020337205518
leaf_weight=42.5 21 39 62.5 172.5 11.999999999999998 5.9999999999999991 54 37.5 57 67.5 36 49.5 66 192 33 45 105 24 48 21 67.5 34.5 31.5 96 64.5 48 75 36 30 66 27 39 55.5 30 27 36 90 127.5 57 27 42 36 51 27
leaf_count=23 21 39 34 69 6 3 54 15 24 27 36 36 36 93 33 36 42 24 24 21 27 18 24 42 27 48 45 36 24 33 27 39 36 15 27 36 81 72 45 27 42 18 21 27
internal_value=1.0892e-11 -0.0181935 -0.0568714 0.00264351 -0.00219496 -0.00806511 -0.0025715 0.00501651 0.000253929 0.00317714 0.00831864 0.00991798 0.00201131 -0.00186559 0.000620009 0.0124184 4.74688e-05 0.00530809 0.00612834 0.00591165 0.00645928 -0.00117732 0.0110153 0.00710985 0.00657578 0.0021477 0.00295431 0.00768483 0.00333636 0.00561047 0.0042075 -0.00127794 0.0100765 0.0112115 0.0028086 0.00492745 0.0043268 9.0699e-05 -0.00190167 0.00600676 0.003008 -0.00278054 0.00661707 0.00889899
internal_weight=2412 306 105 2106 693 204 192 1413 489 907.5 505.5 343.5 201 364.5 412.5 211.5 379.5 495 393 132 124.5 267 166.5 325.5 277.5 102 112.5 84 78 181.5 135 186 135 79.5 48 162 126 162 147 54 81 93 115.5 63
internal_count=1533 228 57 1305 378 165 159 927 213 495 432 279 171 162 225 147 192 270 174 132 51 132 111 147 123 96 60 84 72 81 135 156 87 51 48 153 117 90 117 54 81 63 48 63
is_linear=0
shrinkage=0.08


Tree=10
num_leaves=45
num_cat=0
split_feature=32 16 0 14 37 37 37 0 36 0 4 36 37 0 36 35 0 37 36 0 37 36 37 37 15 36 35 27 37 36 14 0 37 37 36 16 35 0 35 0 36 22 14 32
split_gain=15.3416 31.6253 41.9618 3.19787 1.31749 13.0275 1.31714 1.13501 1.00193 0.850567 0.653986 0.376391 0.324146 0.383414 0.318201 0.264931 0.262255 0.205651 0.196168 0.18477 0.176554 0.135796 0.131392 0.124933 0.189077 0.110894 0.0950005 0.0925877 0.0880138 0.0647765 0.061375 0.0536222 0.0492406 0.0447608 0.0428483 0.0323262 0.0325452 0.0299546 0.0268345 0.0249976 0.0232028 0.0204968 0.0197183 0.0189696
threshold=1.0000000180025095e-35 6.8350000000000017 16.415000000000003 8.5500000000000025 11.703076923076924 11.760384615384618 11.802307692307695 16.050000000000004 2.5000000000000004 17.475000000000005 16.380000000000006 2.5000000000000004 9.6200000000000028 14.640000000000002 1.5000000000000002 1.5000000000000002 16.625000000000004 16.195000000000004 2.5000000000000004 16.140000000000004 11.984999656677248 2.5000000000000004 8.2450000000000028 9.3000000000000025 2.2350000000000008 1.5000000000000002 1.5000000000000002 8.7000000000000011 7.6650000000000009 1.5000000000000002 7.7750000000000012 15.345000000000001 12.049615384615388 8.2450000000000028 1.5000000000000002 7.0250000000000012 1.0000000180025095e-35 11.984999656677248 1.5000000000000002 13.265000000000002 2.5000000000000004 77.200000000000003 9.0050000000000008 1.7000000000000004
decision_type=2 2 2 2 2 2 2 2 2 2 2 2 2 2 2 2 2 2 2 2 2 2 2 2 2 2 2 2 2 2 2 2 2 2 2 2 2 2 2 2 2 2 2 2
left_child=1 2 -1 7 9 -6 -7 8 14 15 17 25 13 26 41 -5 18 19 37 -9 22 34 -13 24 38 -12 -10 -11 -21 -8 -30 -26 33 -27 -17 36 42 -3 -16 -20 -32 -2 -31 -14
right_child=3 16 -4 4 5 6 29 10 12 27 11 20 43 -15 23 21 -18 -19 39 28 -22 -23 -24 -25 31 32 -28 -29 30 35 40 -33 -34 -35 -36 -37 -38 -39 -40 -41 -42 -43 -44 -45
leaf_value=0.0012291973643004895 0.0023168617127959498 0.00015428164208840047 -0.10008325230967892 0.00069501948669368834 -0.088285744587580359 -0.039258189797401429 0.00093563051774136487 0.0046014649976242449 0.01355513678656684 0.0035684491445620854 0.0018570418892089617 0.0061763558864593509 0.0059657822459936137 0.019473326422951437 0.0071450912749225449 -0.00075529767848827212 -0.0022824377281534854 0.006627886261029 0.0099473791321118676 -0.0036437231188728696 0.0030495010626812773 -0.0065752253179196963 0.011416834736172157 0.004663611477861802 0.014224765634897985 0.0036119655560702085 0.0068441547127440572 0.0079473175881085573 0.0014708939025005335 0.0011514978189594469 -0.00033608077800479426 0.0096102106003534225 0.0020773515565430415 0.0066559819233270338 -0.0036057909693982867 -0.0051768672317266465 -0.0034550281986594203 0.0030797678001302604 0.0031937905349662867 0.0061679180130539898 -0.0022957921966886277 0.0048414648582305138 -0.0017076472683172478 0.0089728776596743488
leaf_weight=49.5 144.5 42 55.5 162 11.999999999999998 5.9999999999999991 62 49.5 27 57 165 50 25 60.5 22 67.5 66 33 24 52.5 36 67.5 79 60 33 50 27 67.5 103.5 26 116 31.5 34 81 67.5 20 40 48 22 21 58 24 38 29
leaf_count=27 123 42 30 81 6 3 52 27 27 24 90 20 23 39 22 27 36 33 24 21 33 27 37 54 30 20 27 27 54 26 60 16 32 38 27 20 20 48 22 21 30 21 38 28
internal_value=3.26516e-11 -0.0167381 -0.0523217 0.00243202 -0.00201937 -0.0074199 -0.00236578 0.00461519 0.00765315 0.000233615 0.00292297 0.00488344 0.0126901 0.0150997 0.0051347 -0.00171635 0.0018504 0.000570408 0.0038709 4.36713e-05 0.00800321 -0.00364544 0.00938564 0.00759294 0.00921285 0.00332356 0.0101996 0.00594253 -0.000639998 -0.0011757 -7.17254e-05 0.0119711 0.00479008 0.00549414 -0.00218054 -0.00223137 -0.00166493 0.00171454 0.00516944 0.00818363 -0.000989318 0.00267645 -0.00054612 0.0075807
internal_weight=2412 306 105 2106 693 204 192 1413 505.5 489 907.5 495 168.5 114.5 337 364.5 201 412.5 135 379.5 165 202.5 129 168.5 108.5 330 54 124.5 330 186 277.5 64.5 165 131 135 124 104 90 44 45 174 168.5 64 54
internal_count=1533 228 57 1305 378 165 159 927 432 213 495 270 144 93 288 162 171 225 135 192 90 81 57 144 90 180 54 51 165 156 144 46 90 58 54 104 84 90 44 45 90 144 64 51
is_linear=0
shrinkage=0.08


Tree=11
num_leaves=45
num_cat=0
split_feature=34 15 36 14 37 37 7 0 36 0 7 15 37 36 12 36 35 36 37 22 37 0 16 36 36 37 14 37 16 34 22 4 35 37 37 36 37 37 37 37 37 22 17 36
split_gain=40.4035 102.546 3.6573 3.05222 1.0371 11.0649 1.0247 0.758218 0.716535 0.606101 0.481246 0.406981 0.433706 0.352595 0.449787 0.344356 0.284602 0.23804 0.18785 0.185114 0.164293 0.134629 0.171425 0.13447 0.104289 0.0948877 0.0867523 0.0848659 0.0810982 0.0798761 0.0521478 0.0490884 0.0475208 0.113396 0.0450914 0.0442839 0.035889 0.035027 0.0304211 0.0230573 0.0208215 0.0195781 0.0151236 0.0144868
threshold=1.0000000180025095e-35 1.8150000357627867 2.5000000000000004 8.5500000000000025 11.703076923076924 11.760384615384618 9.8350000000000026 17.475000000000005 2.5000000000000004 16.960000000000004 2.9550000429153447 2.4900000000000007 8.7150000000000016 2.5000000000000004 9.7050000000000018 2.5000000000000004 1.5000000000000002 1.5000000000000002 16.195000000000004 1.0000000180025095e-35 11.984999656677248 14.695000000000002 6.6250000000000018 2.5000000000000004 1.5000000000000002 7.6650000000000009 7.7750000000000012 8.3850000000000033 6.0226923076923082 5.1000000000000023 0.50000000000000011 17.955000000000002 1.5000000000000002 9.8750000000000018 12.049615384615388 1.5000000000000002 3.0500000000000003 13.835000000000003 8.4550000000000018 10.025 9.8850000000000033 77.200000000000003 2.1000000000000005 1.5000000000000002
decision_type=2 2 2 2 2 2 2 2 2 2 2 2 2 2 2 2 2 2 2 2 2 2 2 2 2 2 2 2 2 2 2 2 2 2 2 2 2 2 2 2 2 2 2 2
left_child=1 2 10 6 7 -6 8 16 17 18 -1 29 -13 31 -15 24 -5 19 25 -2 27 36 -23 35 -11 -8 40 -17 -9 30 -10 43 33 -31 38 -18 -19 42 -26 -28 -27 -21 -38 -7
right_child=3 -3 -4 4 5 13 9 28 11 15 -12 12 -14 14 -16 20 23 21 -20 41 -22 22 -24 -25 34 26 39 -29 -30 32 -32 -33 -34 -35 -36 -37 37 -39 -40 -41 -42 -43 -44 -45
leaf_value=0.00062584844107429192 0.01112572021556623 -0.18617248241717999 -0.029612682507588316 0.00068821259163400178 -0.081222888628641757 0.00032836955842665503 -0.0033522252960219269 0.0075841044814636306 0.0023473233618634811 0.001528790402682323 0.015440257917279782 0.02023576385519478 0.0089695683329604394 -0.0025305443755945468 -0.016613359288090754 0.0064432080757050297 -0.00079758387131075709 0.0018771262928519562 0.0060976553448673452 0.0020188384951902263 0.0026853744291833472 0.0060921544728995258 0.01247614633374744 -0.0062310963138457265 0.0036942769085819074 0.0026164237691614872 -0.0015529547306971673 0.010672769993543624 0.0034978547282228174 0.014646706928809483 0.0076490228654195868 0.0031607060726465924 0.006613242696039379 0.0071528458488839012 0.0017881925059764676 -0.0035020224968752558 0.0050153475441038608 0.0025419466011226176 0.0061968603417589955 0.00040922265499830244 0.00074955441461255158 0.0044541475747246293 0.0075260521559154282 -0.0015247121691289876
leaf_weight=36 16.5 26 26 186 11.999999999999998 54 52.5 60 23.5 159.5 23 44.5 43 47 21 52.5 77.5 23 33 176.5 35 67 45 77.5 55 78 117 72 64.5 24 24 28 30 28 33 77.5 28 20 71.5 57 75 24 34 54
leaf_count=36 9 14 25 93 6 47 21 24 21 87 18 31 32 39 18 21 31 23 33 150 32 39 36 31 22 33 51 34 27 22 24 20 24 26 31 31 28 20 34 39 48 21 34 47
internal_value=-3.88637e-11 -0.047142 -0.00461498 0.00227412 -0.00187886 -0.00656756 0.0043183 -1.37459e-05 0.00673095 0.00255552 0.00640096 0.0104844 0.0146992 -0.00217607 -0.00687965 0.00449281 -0.00164426 0.00485421 0.000308263 0.00298064 0.00752787 0.00672778 0.00865715 -0.00351023 0.00297528 -0.000195163 0.000311705 0.00888922 0.00546713 0.00763658 0.00502608 0.000175715 0.00914876 0.0106116 0.00442176 -0.0021498 0.00466979 0.0054531 0.00510878 -0.000910172 0.00170129 0.00231035 0.00639219 -0.000598171
internal_weight=2412 111 85 2301 759 216 1542 543 651 891 59 217 87.5 204 68 478.5 418.5 434 412.5 217 159.5 217 112 232.5 319 379.5 327 124.5 124.5 129.5 47.5 136 82 52 159.5 155 105 82 126.5 174 153 200.5 62 108
internal_count=1533 93 79 1440 414 177 1026 237 540 486 54 180 63 171 57 261 186 360 225 180 87 180 75 93 174 192 171 55 51 117 45 114 72 48 87 62 105 82 56 90 81 171 62 94
is_linear=0
shrinkage=0.08


Tree=12
num_leaves=45
num_cat=0
split_feature=33 0 29 13 15 36 32 10 36 31 29 27 22 37 36 36 36 0 37 37 2 37 37 10 36 0 17 10 14 37 15 35 36 0 37 37 10 37 17 37 35 22 27 37
split_gain=11.1979 25.3912 38.7808 2.47545 1.35482 1.2732 2.10548 1.12268 0.739167 0.670446 0.742624 0.398154 0.370336 0.287248 0.262374 0.197789 0.184537 0.152478 0.146635 0.139632 0.177303 0.116872 0.142316 0.101598 0.079362 0.0690649 0.0616763 0.048173 0.0438096 0.0338982 0.0328636 0.0505242 0.0289133 0.0263422 0.0256553 0.024076 0.024075 0.0204287 0.0181275 0.018035 0.0506481 0.0168217 0.0120312 0.0116031
threshold=1.0000000180025095e-35 16.415000000000003 0.3000000000000001 7.4050000000000011 2.3826923076923081 2.5000000000000004 1.0000000180025095e-35 9.9200000000000017 1.5000000000000002 1.0000000180025095e-35 1.0000000180025095e-35 11.400000000000002 89.40000000000002 14.160000000000002 2.5000000000000004 2.5000000000000004 2.5000000000000004 13.485000000000001 9.6700000000000017 11.992692307692311 17.365000000000006 3.0500000000000003 7.2450000000000001 9.9350000000000005 1.5000000000000002 14.695000000000002 10.000000000000002 7.3050000000000006 9.4850000000000012 9.7850000000000019 2.9400000000000008 1.5000000000000002 1.5000000000000002 14.515000000000002 13.425000000000002 3.4700000000000002 1.1549999713897707 9.0050000000000008 2.5000000000000004 9.8850000000000033 1.0000000180025095e-35 10.900000000000002 2.3000000000000003 7.3800000000000017
decision_type=2 2 2 2 2 2 2 2 2 2 2 2 2 2 2 2 2 2 2 2 2 2 2 2 2 2 2 2 2 2 2 2 2 2 2 2 2 2 2 2 2 2 2 2
left_child=1 15 -3 8 5 9 -7 18 34 10 -5 23 13 16 24 36 26 -17 -8 20 -16 -18 25 29 42 -23 35 33 39 32 -26 -32 -11 -15 38 -10 -1 -24 -2 -20 -41 -37 -6 -43
right_child=3 2 -4 4 14 6 7 -9 12 11 -12 -13 -14 27 19 17 21 -19 28 -21 -22 22 37 -25 30 -27 -28 -29 -30 -31 31 -33 -34 -35 -36 41 -38 -39 -40 40 -42 43 -44 -45
leaf_value=-0.0018029465050333076 0.0013266142993008049 -0.10552047598493451 -0.0013378377983139622 0.014213452322239226 -9.2403751355831084e-05 -0.022815738940312538 -0.003925514525837369 -0.016034839284884465 0.0026728259203465362 -0.00020762890543004402 -0.00048471448011696341 -0.0079479059153659791 0.015501025801317559 0.0014821549529733602 0.0039861727122104526 0.011520603398482005 0.0035979157817714355 0.0030851737999182663 0.0021472762457349086 0.002282962016544716 0.010299680553265472 0.01115778644497578 0.0068660777853085447 0.0036534665829756042 0.0017551826550201936 0.016338813263073303 0.0087727714296091681 -0.00072091711964458228 -0.0023068607016785503 0.00017653728233805549 0.0026721977168150867 0.0061155028223991393 -0.0021813784147563732 0.005069090120837485 0.00054367232939694075 0.0040268779242480244 0.0013906661434188248 0.0093959100842475902 0.0031050053371993059 0.002250249782778524 -0.0018563855718821288 0.0075186526961624625 0.0014094420594417238 0.005567801541090012
leaf_weight=18 51.5 42.5 49.5 44 49.5 40.5 90 38.5 19 95 44 44 36 20 49.5 24 17 32 44 43 67 39 32.5 44 49.5 28.5 44 20 36.5 294 60 50 95 38 50 27 94 55 127.5 37 40 32 110 50
leaf_count=18 42 23 27 24 27 22 36 21 19 38 24 24 30 20 22 24 17 27 21 36 29 39 14 24 27 18 29 20 21 188 40 20 38 38 50 17 84 35 85 37 20 29 60 29
internal_value=-4.95458e-11 -0.0156821 -0.0494657 0.00189468 3.66407e-05 -0.00165772 -0.00574392 -0.00332641 0.00585688 0.00036372 0.00686437 -0.000636379 0.00771241 0.00704798 0.00352981 0.00281839 0.00804185 0.00670036 -0.00134955 0.00617907 0.00761712 0.00989475 0.0105854 -2.70856e-05 0.00220518 0.0133453 0.00618894 0.00266475 0.000122435 -0.000361681 0.00346701 0.00423734 -0.0011945 0.00383222 0.00214582 0.00530075 0.000877407 0.00845626 0.00259335 0.000855239 0.000116933 0.00575883 0.000943352 0.00632911
internal_weight=2412 260 92 2152 1465 986.5 326.5 286 687 660 88 572 458 422 478.5 168 344 56 247.5 159.5 116.5 172 155 528 319 67.5 172 78 157.5 484 159.5 110 190 58 229 128 112 87.5 179 121 77 109 159.5 82
internal_count=1533 203 50 1330 799 538 178 156 531 360 48 312 354 324 261 153 246 51 135 87 51 123 106 288 174 57 123 78 99 264 87 60 76 58 177 94 102 49 127 78 57 75 87 58
is_linear=0
shrinkage=0.08


Tree=13
num_leaves=45
num_cat=0
split_feature=34 1 36 4 35 12 36 27 1 37 36 35 22 37 36 1 36 36 1 32 30 29 37 22 35 37 17 10 35 15 4 22 1 36 37 1 22 37 34 22 37 34 35 1
split_gain=31.582 77.8757 3.18698 1.78728 2.50892 1.27712 0.648378 0.57618 0.377463 0.283908 0.316646 0.254666 0.210984 0.340749 0.207287 0.164235 0.114433 0.102963 0.0999042 0.0963462 0.140034 0.0938235 0.0852163 0.117135 0.0771725 0.0745142 0.076628 0.0582667 0.0446838 0.0421521 0.0383634 0.036077 0.0354005 0.0349248 0.0328596 0.0439987 0.0285916 0.0285021 0.0267032 0.0173388 0.0208004 0.0156987 0.0150745 0.014745
threshold=1.0000000180025095e-35 16.415000000000003 2.5000000000000004 17.955000000000002 1.5000000000000002 7.3800000000000017 2.5000000000000004 1.0000000180025095e-35 11.984999656677248 11.911538461538465 2.5000000000000004 1.5000000000000002 53.300000000000004 9.4550000000000018 1.5000000000000002 16.440000000000001 1.5000000000000002 1.5000000000000002 17.590000000000003 1.0000000180025095e-35 1.7000000000000004 1.0000000000000002 13.56 53.300000000000004 1.0000000180025095e-35 14.055000000000001 0.50000000000000011 7.6650000000000009 1.5000000000000002 3.2350000000000003 17.365000000000006 5.4000000000000012 17.590000000000003 2.5000000000000004 16.475000000000005 16.895000000000003 8.6000000000000032 9.9200000000000017 34.100000000000009 14.300000000000002 13.265000000000002 34.600000000000009 1.5000000000000002 16.920000000000005
decision_type=2 2 2 2 2 2 2 2 2 2 2 2 2 2 2 2 2 2 2 2 2 2 2 2 2 2 2 2 2 2 2 2 2 2 2 2 2 2 2 2 2 2 2 2
left_child=1 2 8 5 -5 6 14 11 -1 10 17 19 25 -14 39 21 -17 -9 -12 20 -7 -13 23 31 29 26 -8 37 -28 30 -11 -16 -19 -18 35 -29 -23 -21 -25 -2 41 -41 -33 -36
right_child=3 -3 -4 4 -6 7 12 9 -10 24 18 15 13 -15 22 16 33 32 -20 27 -22 36 -24 38 -26 -27 28 34 -30 -31 -32 42 -34 -35 43 -37 -38 -39 -40 40 -42 -43 -44 -45
leaf_value=0.00054969027224514215 0.0007696112279203174 -0.16283704757690429 -0.027954016625881196 -0.020130496882592087 0.0054463850342565115 0.0074859471699973154 0.0047287292855693712 0.0012589563345131666 0.013669822708420131 0.005785056883025737 0.0061149017634215177 0.002914361428883341 0.016280315484582763 0.0055419328892903942 0.0015756726074032485 -0.00024890333172437309 -0.002595913206604687 0.0034668058068663987 0.010903761411968032 0.0013002254360665877 0.00042976338054156966 -0.0020513422886530557 0.0024132307463934502 0.0068318973515521398 -0.0017259712976713977 0.0028185438162282757 0.010618620109558106 0.00037759799443659164 0.0071014983202655644 -0.0011602709930212726 0.0016854467456384251 0.0061753060216350221 0.0063174618796298376 -0.0047942832901671133 -0.00018265365622937679 0.002761133184035619 0.00050506515020415897 0.0047072946714858217 0.010360413842821775 0.0020855348092165722 0.00069706789313409565 0.0038726122031609218 0.0042322406384776882 -0.0025788906145047534
leaf_weight=36 63.5 26 26 54 45 36 38 115 23 21 67.5 67.5 48.5 31 20 92.5 92.5 67.5 47.5 30 36 60 52 22 60 23 50 285 43 21 48 56 47.5 92.5 42 60 52.5 33 36.5 78.5 39 52.5 47 27
leaf_count=36 51 14 25 36 18 24 38 50 18 21 30 27 37 26 20 37 37 30 20 15 24 24 52 12 30 23 37 177 28 21 48 43 20 37 42 30 21 27 30 61 39 38 32 27
internal_value=-6.28113e-11 -0.041679 -0.00461894 0.00201059 -0.00850464 0.00248335 0.00530404 0.0011674 0.00566432 0.00340205 0.00466537 6.83885e-05 0.00874608 0.012093 0.00358303 -0.0013256 -0.00254637 0.0029516 0.00809291 0.00123005 0.00395786 0.000556415 0.00526848 0.00608652 0.000496424 0.00701827 0.00775563 0.000818301 0.00899242 0.00197802 0.00293315 0.00468493 0.00464425 -0.0036951 0.000473386 0.000792126 -0.000858352 0.00308488 0.00903345 0.00189757 0.0023189 0.00280173 0.00528866 -0.00112031
internal_weight=2412 111 85 2301 99 2202 700.5 1501.5 59 495 345 1006.5 233.5 79.5 467 457.5 277.5 230 115 549 72 180 233.5 181.5 150 154 131 477 93 90 69 123 115 185 414 345 112.5 63 58.5 233.5 170 131 103 69
internal_count=1533 93 79 1440 54 1386 567 819 54 270 150 549 189 63 378 183 111 100 50 366 48 72 189 137 120 126 103 318 65 90 69 95 50 74 276 207 45 42 42 189 138 99 75 69
is_linear=0
shrinkage=0.08


Tree=14
num_leaves=45
num_cat=0
split_feature=32 16 35 13 4 35 27 36 37 36 37 37 0 36 36 37 0 0 37 36 0 36 28 17 10 31 37 35 0 16 16 37 36 21 0 37 0 37 6 0 17 37 17 3
split_gain=8.36341 18.6792 29.8908 1.57514 1.09038 2.12355 0.568552 0.537341 0.209649 0.260298 0.202838 0.187379 0.183747 0.306057 0.173545 0.118574 0.188387 0.198698 0.0945971 0.092601 0.0843552 0.0821639 0.0804956 0.0656391 0.0546227 0.0453829 0.0432955 0.0415412 0.0378815 0.0349643 0.0328543 0.0312454 0.0301536 0.0284443 0.02786 0.0269113 0.0352115 0.0241242 0.0236429 0.0214608 0.0209288 0.0173346 0.0172421 0.0132757
threshold=1.0000000180025095e-35 6.8350000000000017 1.5000000000000002 7.4050000000000011 17.955000000000002 1.5000000000000002 1.0000000180025095e-35 2.5000000000000004 11.911538461538465 2.5000000000000004 13.955000000000002 9.7850000000000019 14.110000000000001 2.5000000000000004 1.5000000000000002 3.0500000000000003 15.765000000000002 14.695000000000002 14.055000000000001 2.5000000000000004 17.650000000000002 1.5000000000000002 38.399999999999999 10.000000000000002 7.6650000000000009 1.0000000180025095e-35 17.355000000000004 1.5000000000000002 11.984999656677248 6.1050000000000013 6.6500000000000012 5.535000000000001 1.5000000000000002 2.5000000000000004 16.050000000000004 16.545000000000005 17.400000000000002 9.9200000000000017 12.049615384615388 11.984999656677248 2.1000000000000005 14.160000000000002 2.5000000000000004 16.455000000000002
decision_type=2 2 2 2 2 2 2 2 2 2 2 2 2 2 2 2 2 2 2 2 2 2 2 2 2 2 2 2 2 2 2 2 2 2 2 2 2 2 2 2 2 2 2 2
left_child=1 2 -1 7 6 -6 11 14 9 21 15 19 13 39 41 -9 17 40 23 32 -11 -8 -10 31 37 -26 38 -14 -15 -23 -21 -16 -5 -12 -33 36 -27 -13 -24 -3 -17 42 -2 -34
right_child=3 12 -4 4 5 -7 8 10 22 20 33 24 27 28 18 16 -18 -19 -20 30 -22 29 26 -25 25 35 -28 -29 -30 -31 -32 34 43 -35 -36 -37 -38 -39 -40 -41 -42 -43 -44 -45
leaf_value=-0.076670832344020404 0.0010247065485337703 -0.00027311393813717934 0.0095815688868363703 6.3459593843182802e-05 -0.018520056746762107 0.0050106741752889419 0.0010966835086638072 0.0027368438639678062 0.0051883780388605029 0.0054933611704752992 0.0013209276900372721 0.0011962074617913457 0.00046120444013338004 0.011772151901608421 0.0029869372876627103 0.00697099531814456 0.0068686686290635006 0.016399275362491608 0.0016721655796889379 -0.0020911264106631276 0.010031460561250385 0.0058589824375353365 -0.00020876802326667878 0.0081679636985063555 0.0027331603086656999 -2.2253937470589499e-06 0.0016126013080151203 -0.0033317560160701924 0.0069669788528145069 0.0029373157075327687 -0.0048188079595565796 0.007037026409473685 -0.00083069643804005206 0.0052650931117823353 0.0042219581753015515 -0.0018619885109364986 0.0025003862992664916 0.0043307110825271319 -0.0031492694889505707 0.0022843111754350721 0.010269931508228183 0.00039326442177924846 0.0026802867184389369 -0.0025563294589519502
leaf_weight=60 59.5 42 45 115 54 45 106 15.999999999999998 21 58.5 22 30 42 21 42 20 72 42 46 50 47.5 47.5 42 51 45 322.5 51 33 21 58.5 65 45 52.5 25 45 42 40.5 33 30 42 32 45 124.5 62.5
leaf_count=39 50 42 18 46 36 18 46 16 21 26 22 15 30 21 42 20 32 30 46 20 20 20 27 35 30 198 51 15 21 26 26 34 21 25 20 42 18 27 15 42 32 45 82 25
internal_value=-4.4884e-11 -0.0123584 -0.0397055 0.00179566 0.000273335 -0.00782427 0.000880655 0.00494003 0.00314327 0.00429006 0.00810414 -0.000337677 0.00192744 0.00379359 0.00335798 0.00931407 0.00994802 0.0123067 0.00491525 -0.00177931 0.00752694 0.00267162 0.00061078 0.00573045 0.000631845 0.00032297 -0.000170762 -0.0012077 0.00936957 0.00424655 -0.00363286 0.00478868 -0.00085254 0.00341889 0.00562949 5.51715e-05 0.000276992 0.00283809 -0.00143398 0.0010056 0.00900111 0.00180071 0.00214492 -0.00176854
internal_weight=2412 306 105 2106 1419 99 1320 687 462 318 229 858 201 126 458 182 166 94 229 345 106 212 144 183 513 450 123 75 42 106 115 132 230 47 90 405 363 63 72 84 52 229 184 115
internal_count=1533 228 57 1305 774 54 720 531 252 138 177 468 171 126 354 130 114 82 177 138 46 92 114 131 330 288 93 45 42 46 46 96 92 47 54 258 216 42 42 84 52 177 132 46
is_linear=0
shrinkage=0.08


Tree=15
num_leaves=45
num_cat=0
split_feature=34 1 36 14 10 5 36 1 15 37 36 1 16 1 37 1 36 37 37 36 37 37 4 1 37 37 36 37 37 37 3 14 15 36 37 28 17 37 36 14 17 20 37 1
split_gain=25.3172 63.0459 2.85833 1.60938 0.668532 0.584498 0.408866 0.396102 0.237817 0.221402 0.222647 0.202892 0.224651 0.196909 0.152462 0.148353 0.15549 0.222252 0.144568 0.142627 0.133526 0.107158 0.149734 0.0822805 0.134079 0.069436 0.0688823 0.0576592 0.0511442 0.0500265 0.0473156 0.0444326 0.0393484 0.0292844 0.0448196 0.0259428 0.0243968 0.0229148 0.021254 0.019939 0.0188561 0.0186982 0.0182465 0.0156727
threshold=1.0000000180025095e-35 16.415000000000003 2.5000000000000004 8.5500000000000025 9.9550000000000018 9.8350000000000026 2.5000000000000004 11.984999656677248 2.4650000000000012 7.4050000000000011 2.5000000000000004 14.570000000000002 6.6250000000000018 16.415000000000003 10.875000000000002 17.875000000000004 2.5000000000000004 11.760384615384618 9.7850000000000019 1.5000000000000002 9.8750000000000018 16.185000000000006 16.140000000000004 14.640000000000002 8.7150000000000016 3.0500000000000003 1.5000000000000002 9.7850000000000019 10.875000000000002 13.56 16.195000000000004 7.5750000000000002 1.3899999999999995 1.5000000000000002 7.8750000000000009 44.100000000000001 1.9000000000000001 3.0500000000000003 1.5000000000000002 7.5750000000000002 2.1000000000000005 0.90000000000000013 13.835000000000003 14.695000000000002
decision_type=2 2 2 2 2 2 2 2 2 2 2 2 2 2 2 2 2 2 2 2 2 2 2 2 2 2 2 2 2 2 2 2 2 2 2 2 2 2 2 2 2 2 2 2
left_child=1 2 7 5 15 6 13 -1 21 -10 26 25 -13 19 -12 16 27 18 -18 43 -17 22 36 37 -25 -8 -11 38 -28 40 -23 -16 -29 -24 -35 -22 -7 -21 -5 -30 -27 -36 -39 -2
right_child=3 -3 -4 4 -6 8 11 -9 9 10 14 12 -14 -15 31 20 17 -19 -20 23 35 30 33 24 -26 29 28 32 39 -31 -32 -33 -34 34 41 -37 -38 42 -40 -41 -42 -43 -44 -45
leaf_value=0.00052756420336663723 0.0010339921046289857 -0.14633033825800967 -0.026070847969788771 -0.00046068569783259321 -0.0089090081462354382 0.0010369569519835134 0.0016955177384712125 0.01396771506122921 -0.001402437321220835 0.0013036480543522344 0.0086252900190148616 0.0071431474560605624 0.014601554131756227 0.0096610211332639057 0.0010585422707455499 0.0046216597228000561 -0.004369222835258201 -0.0088884081470999212 0.00074217906684283436 0.0010429194893525995 0.0011846909882025976 0.0017260749779996417 0.000257567448798054 0.009795984287472333 0.0034224687268336611 0.0062852498291370773 0.0050810219502887841 0.00016882045116470003 0.00047566291077860766 0.0035488887775041488 0.0070963620110636658 0.0051927689263006538 0.0030977834090590477 -0.0033275024145841599 -0.0019115361127825009 -0.0013313115464040526 0.0033783631287768586 0.0045781072253181085 -0.0024682689551953916 0.0032451270041396708 0.0092516502737998961 0.00025417501952212593 0.0017991881924681367 0.0025035109024700575
leaf_weight=36 108 26 26 67.5 66 46.5 23 23 60 150.5 81.5 56 48 33 28 60 67.5 34 74.5 23 51 21 83.5 42.5 42 24 81.5 182 28 23 21 41 35 60 42 54 73.5 62 67.5 41 32 65 20 81.5
leaf_count=36 108 14 25 27 36 24 23 18 24 85 35 33 39 18 22 24 27 33 36 23 30 21 41 29 31 24 35 116 22 23 21 28 22 24 22 36 36 62 27 28 32 36 20 57
internal_value=-6.8991e-11 -0.0373169 -0.00397167 0.00180017 -0.00121549 0.00328453 0.00518903 0.00576695 0.00201074 0.0031633 0.00377004 0.00809908 0.0105855 0.003734 0.00628242 -0.000482777 -0.00113711 -0.00307861 -0.00168754 0.00321793 0.00161108 0.000581559 0.000147427 0.00476985 0.00662808 0.00556392 0.00251386 -0.000166354 0.00372407 0.00669017 0.00441122 0.00351511 0.000641234 -0.000965694 -0.00157733 -0.000109253 0.00247107 0.00327441 -0.00146448 0.00212129 0.00798034 -0.000595917 0.00390032 0.001666
internal_weight=2412 111 85 2301 759 1542 618 59 924 511.5 451.5 206 104 412 150.5 693 528 176 142 379 165 412.5 370.5 189.5 84.5 102 301 352 150.5 79 42 69 217 250.5 167 105 120 105 135 69 56 107 82 189.5
internal_count=1533 93 79 1440 414 1026 522 54 504 279 255 174 72 348 85 378 288 96 63 330 90 225 183 165 60 102 170 192 85 79 42 50 138 123 82 66 60 105 54 50 56 58 82 165
is_linear=0
shrinkage=0.08


Tree=16
num_leaves=45
num_cat=0
split_feature=34 2 36 37 4 35 12 36 15 32 15 37 10 37 36 36 37 20 37 15 1 37 37 17 36 37 16 9 36 35 37 0 37 0 0 35 35 0 0 37 13 36 9 21
split_gain=21.4285 55.6555 20.6296 17.6239 1.22139 1.78268 0.711226 0.395651 0.369088 0.477537 0.225581 0.148598 0.147018 0.135523 0.129915 0.127844 0.127219 0.189402 0.108062 0.0801796 0.0986181 0.0643531 0.0547948 0.0702324 0.0520742 0.0417529 0.0904139 0.0442382 0.0386356 0.0380246 0.0362212 0.0334078 0.0339924 0.0320633 0.0853537 0.0244168 0.024287 0.0213554 0.0201525 0.0197503 0.0195765 0.0161292 0.015949 0.013798
threshold=1.0000000180025095e-35 16.415000000000003 1.5000000000000002 7.9350000000000014 17.955000000000002 1.5000000000000002 7.3800000000000017 2.5000000000000004 1.6099999999999997 1.0000000180025095e-35 2.9400000000000008 7.6650000000000009 7.4200000000000008 9.7850000000000019 2.5000000000000004 1.5000000000000002 14.055000000000001 13.900000000000002 10.875000000000002 2.5050000000000003 15.695000000000002 16.330000000000002 14.055000000000001 2.1000000000000005 1.5000000000000002 9.8850000000000033 6.0453846153846165 10.045000000000002 1.5000000000000002 1.5000000000000002 12.049615384615388 17.475000000000005 9.8250000000000011 15.695000000000002 14.695000000000002 1.5000000000000002 1.0000000180025095e-35 16.895000000000003 16.805000000000003 12.101923076923079 7.8650000000000011 2.5000000000000004 10.025 2.5000000000000004
decision_type=2 2 2 2 2 2 2 2 2 2 2 2 2 2 2 2 2 2 2 2 2 2 2 2 2 2 2 2 2 2 2 2 2 2 2 2 2 2 2 2 2 2 2 2
left_child=1 2 -1 -4 6 -6 7 15 13 -10 11 -11 -13 24 28 -2 17 19 -16 29 -21 25 23 35 -8 26 -14 -28 -12 -9 -30 32 38 34 -25 -17 40 -34 -15 -20 -27 -26 -38 -18
right_child=4 -3 3 -5 5 -7 8 16 9 10 14 12 21 31 18 22 43 -19 39 20 -22 -23 -24 33 41 36 27 -29 30 -31 -32 -33 37 -35 -36 -37 42 -39 -40 -41 -42 -43 -44 -45
leaf_value=0.051056492131013993 0.0014838851830868223 -0.13675647240418654 0.0068973848060704772 -0.084341315986152673 -0.016836297559655374 0.0047233454816871219 -0.00042383083971907139 0.00648187597803944 0.0085770816175323537 -0.0030362339203280431 0.00097886155992515456 0.0067106219767420388 0.0043054031663470804 0.00022257949417782207 0.0076509626942165834 0.0039117566636967952 0.0014135661320760844 0.014154516682028771 0.0040814366564154627 0.012331955330125217 0.0063495082590315083 0.0037263593517052824 0.0015878892021084373 0.0045111847608350223 -0.0022708074920983227 -0.00032670372372700109 0.0016410301110528886 -0.0011501966531078022 0.0037599932600653942 0.0031253100376731407 0.00047795420379510948 0.0027927527012247028 6.2668083912946961e-05 0.0043153556816355153 0.010078794530459814 0.00083054334839636633 0.00025365326281947393 -0.0020512423150878594 0.0020039340940614541 0.0011878626589448406 0.0029300634075133574 -0.0040196849770016141 -0.001498963120824623 0.0042587066069245342
leaf_weight=29.5 233.5 26 32 23.5 54 45 67.5 54 66 67.5 121 27 45 126 59 41 20 25.5 36 29 45 39 44 40 67.5 27 70.5 75 93 36 28 33 66 49.5 31.5 27.5 48 57 60 26 21 67.5 108 24
leaf_count=27 189 14 32 20 36 18 27 52 36 27 66 18 18 63 24 36 20 20 18 20 20 39 44 40 27 27 30 30 41 33 25 18 66 22 24 23 24 39 30 24 21 27 54 24
internal_value=5.90953e-11 -0.0343316 -0.00300162 -0.0317352 0.00165615 -0.00703646 0.00204696 0.00415192 0.00106493 0.00201103 0.00152465 0.0004692 0.000983026 -0.000597906 0.00305985 0.00280753 0.00684072 0.00774051 0.00520019 0.00674321 0.00869398 0.00062629 0.00413117 0.0047217 -0.00223811 0.000319819 0.0011715 0.000202253 0.00198969 0.00513925 0.00300051 0.000373267 0.000114875 0.00588049 0.00696405 0.00267477 -0.000475502 -0.000916949 0.00079721 0.002868 0.00109813 -0.00314525 -0.000959697 0.00296546
internal_weight=2412 111 85 55.5 2301 99 2202 700.5 1501.5 957 891 528 460.5 544.5 363 467 233.5 189.5 121 164 74 433.5 233.5 189.5 202.5 394.5 190.5 145.5 242 90 121 342 309 121 71.5 68.5 204 123 186 62 48 135 156 44
internal_count=1533 93 79 52 1440 54 1386 567 819 522 486 288 261 297 198 378 189 145 66 125 40 243 189 145 81 204 78 60 132 85 66 216 198 86 64 59 126 105 93 42 48 54 78 44
is_linear=0
shrinkage=0.08


Tree=17
num_leaves=45
num_cat=0
split_feature=34 1 36 10 37 37 13 36 16 32 35 4 37 36 37 37 5 20 34 37 36 37 37 37 36 36 36 16 0 4 36 0 6 36 32 34 37 36 37 17 37 37 27 37
split_gain=18.1371 49.3888 2.18811 1.05221 3.351 0.863205 0.601264 0.325387 0.309494 0.389864 0.290925 0.184813 0.188991 0.169424 0.158167 0.198311 0.156186 0.124837 0.115304 0.0703686 0.0694658 0.0534008 0.0532074 0.0508608 0.0470789 0.0444769 0.0332046 0.0476766 0.0328426 0.0273069 0.0318527 0.0241912 0.0214617 0.02034 0.0142536 0.032866 0.0162708 0.0137525 0.0134147 0.0198716 0.0222657 0.0131521 0.0126602 0.0118272
threshold=1.0000000180025095e-35 16.415000000000003 2.5000000000000004 9.9350000000000005 11.703076923076924 7.995000000000001 7.3450000000000015 1.5000000000000002 6.6350000000000016 1.0000000180025095e-35 1.5000000000000002 17.220000000000002 11.911538461538465 2.5000000000000004 13.095000000000002 3.0500000000000003 9.8750000000000018 13.900000000000002 54.70000000000001 7.0900000000000007 1.5000000000000002 9.7950000000000017 17.380000000000006 10.675000000000002 1.5000000000000002 2.5000000000000004 1.5000000000000002 6.1600000000000019 15.880000000000001 16.140000000000004 2.5000000000000004 13.485000000000001 11.992692307692311 2.5000000000000004 3.3000000000000003 29.400000000000002 16.685000000000006 2.5000000000000004 13.56 13.900000000000002 5.535000000000001 9.7950000000000017 7.5000000000000009 7.3050000000000006
decision_type=2 2 2 2 2 2 2 2 2 2 2 2 2 2 2 2 2 2 2 2 2 2 2 2 2 2 2 2 2 2 2 2 2 2 2 2 2 2 2 2 2 2 2 2
left_child=1 2 5 6 -5 -1 7 38 9 -8 16 23 13 24 15 31 34 18 25 -19 -12 -15 32 29 -13 -17 -25 -28 37 -11 -31 -9 -14 -22 36 -36 -10 -16 39 40 -2 -26 -24 -27
right_child=3 -3 -4 4 -6 -7 8 14 10 11 20 12 22 21 28 17 -18 19 -20 -21 33 -23 42 26 41 43 27 -29 -30 30 -32 -33 -34 -35 35 -37 -38 -39 -40 -41 -42 -43 -44 -45
leaf_value=-0.0024393882704680436 0.00017218661125575712 -0.12807134188138522 -0.021407070480860196 0.0045815372833656887 -0.026015060748904945 0.016983600504420424 0.0078909151323816994 0.0031547983149066566 0.00038483831153006843 0.0010587709017649844 -0.00045244866456740939 0.0010914523001436319 7.3924334719777115e-05 0.0074428958627912739 0.0021676059832122733 0.0041014381737071934 0.0051778468851827906 0.0073961906787008052 0.010283053824130226 0.01334058739542961 -0.0022506831716268493 0.0039417188763618471 0.0026322438512654161 -0.00058905274751374411 0.0040982598514744508 0.0071909672471469847 0.0007370725913311947 0.0061339297518134116 -0.00043486069422215222 -0.00025220425562826 -0.0024128709665236585 -0.00054600429076414843 -0.0025879855649102303 -0.0038847832458141526 0.0031891523539606071 0.00032908685883093213 -0.0016669043423219896 0.0041029015064556543 0.00024494736893507696 0.0039387441053986552 0.0021489046964579851 0.0023607092282097591 0.00050319041294807736 0.0054884281915269393
leaf_weight=32 59 26 26 63 36 27 66 20 141 54 97.5 115 36 67.5 47 105.5 54 26 34 25 97.5 47.5 39 21 67.5 58 22 20 20 131 65.5 26 42 97.5 36 90 30 47 51 22.5 95.5 47.5 33 47.5
leaf_count=32 59 14 25 27 27 22 36 20 84 24 39 50 27 27 47 74 36 26 24 14 39 23 39 20 27 49 22 18 20 58 29 26 21 39 24 60 30 47 51 20 56 23 33 25
internal_value=2.30967e-11 -0.0315851 -0.00207161 0.00152366 -0.0065445 0.0064491 0.0018864 0.00385574 0.000999025 0.00197891 -0.000332612 0.0014963 0.00245887 0.0034896 0.00508955 0.00594976 0.00122019 0.00670918 0.0059596 0.0103101 -0.00219597 0.00599676 8.81912e-05 -2.35537e-05 0.00223601 0.00526293 0.00200832 0.003307 0.00250892 -0.000534564 -0.000972426 0.00106304 -0.00135941 -0.00306773 0.000500614 0.00114625 2.48835e-05 0.00313525 0.00138813 0.00171752 0.00139404 0.00338058 0.00165643 0.00642442
internal_weight=2412 111 85 2301 99 59 2202 684 1518 874.5 643.5 808.5 495 345 456 342 351 296 245 51 292.5 115 150 313.5 230 211 63 42 114 250.5 196.5 46 78 195 297 126 171 94 228 177 154.5 115 72 105.5
internal_count=1533 93 79 1440 54 54 1386 558 828 477 351 441 270 150 372 258 234 212 172 40 117 50 120 171 100 148 60 40 114 111 87 46 48 78 198 84 114 94 186 135 115 50 72 74
is_linear=0
shrinkage=0.08


Tree=18
num_leaves=45
num_cat=0
split_feature=34 2 37 14 10 5 1 4 15 37 15 37 1 37 26 37 37 4 14 37 22 37 37 12 37 1 37 37 18 37 3 37 33 1 27 32 37 1 20 37 15 37 17 26
split_gain=15.3512 44.9789 2.26179 0.983507 0.484169 0.379379 0.343018 0.325588 0.196829 0.260869 0.143585 0.156811 0.138347 0.110347 0.103103 0.0852575 0.0701315 0.0814312 0.063575 0.0602099 0.0587441 0.0436096 0.0423436 0.0664014 0.0898911 0.0530846 0.0407101 0.0477748 0.0414439 0.0436631 0.0365672 0.0354224 0.0325519 0.0292798 0.0262537 0.0224043 0.0223325 0.019122 0.0167141 0.0166207 0.0164914 0.0145871 0.0144343 0.0125291
threshold=1.0000000180025095e-35 16.415000000000003 9.7850000000000019 8.5500000000000025 9.9550000000000018 9.8350000000000026 16.425000000000004 11.994999885559084 2.5050000000000003 8.7150000000000016 2.4650000000000012 7.4050000000000011 15.345000000000001 10.875000000000002 1.6000000000000003 6.8050000000000006 16.185000000000006 16.140000000000004 7.4400000000000004 11.911538461538465 5.4000000000000012 9.9950000000000028 9.3250000000000011 9.6300000000000008 11.760384615384618 16.895000000000003 14.240000000000002 3.0500000000000003 6.4000000000000012 4.3200000000000012 16.195000000000004 9.7850000000000019 2.1000000000000005 14.240000000000002 4.1000000000000005 8.4000000000000004 5.0400000000000009 17.310000000000006 12.900000000000002 7.8750000000000009 3.0950000000000002 12.135000000000003 5.0000000000000009 6.6000000000000005
decision_type=2 2 2 2 2 2 2 2 2 2 2 2 2 2 2 2 2 2 2 2 2 2 2 2 2 2 2 2 2 2 2 2 2 2 2 2 2 2 2 2 2 2 2 2
left_child=1 2 7 5 14 6 8 -1 20 12 16 -12 15 21 22 -10 17 42 -15 -16 31 34 -5 25 37 -24 27 32 33 -30 -18 36 -22 -29 -13 43 -2 -25 -11 -19 -37 -21 -7 -20
right_child=3 -3 -4 4 -6 10 -8 -9 9 38 11 13 -14 18 19 -17 30 39 35 41 26 -23 23 24 -26 -27 -28 28 29 -31 -32 -33 -34 -35 -36 40 -38 -39 -40 -41 -42 -43 -44 -45
leaf_value=0.0037566854103157914 0.00084254750471223991 -0.12113619272525494 -0.017687856387346983 -0.0020266416565629477 -0.0075029791490823939 0.0010899105901215351 0.012032016691836445 0.016408058667312497 0.0075466162034056403 0.003294224853236829 -0.0014109629690647124 0.002483281554185856 0.0051481587152049793 -0.00096880701254121961 0.0029191394707961389 0.013297232407512087 0.0011630391047912695 -0.0016168843530532386 0.0022918255807211001 -0.001616966363042593 -0.001067580075468868 0.0060996234651516995 -4.5346813851353418e-05 -0.0014173042801795183 -0.0051886139841129386 0.0034130635733405751 0.00050267193522868735 0.0041233536138624363 -0.0004621506482362747 0.0044016539953924995 0.005884119061132273 0.0027371498290449381 0.0033867589295620009 0.0069596473024123237 0.0043715116211346218 0.0050200202757561653 -0.0021587985657228561 0.00059775666178514563 0.0011985800166924795 -0.00025869802848908855 0.0024045143344159849 0.00082043751058253375 0.0028908864360663203 0.00040401598231659994
leaf_weight=30 42 26 32 142.5 66 73.5 33 23 33 93 60 85.5 61.5 48 85.5 33 21 90 60 30 21 54 204 81 36 33 33 66 21 27 21 39 21 36 105 27 25.5 48 33 160.5 36 33 46.5 36
leaf_count=30 42 14 29 57 36 36 18 20 33 66 24 36 30 39 36 24 21 36 42 15 21 27 132 36 33 18 33 66 21 27 21 36 21 36 42 21 21 21 27 87 24 30 24 24
internal_value=4.02794e-11 -0.0290583 -0.000893241 0.00140177 -0.000955679 0.00256214 0.0040965 0.0092469 0.00364886 0.00532692 0.00153592 0.00243149 0.00787811 0.00294211 -0.000332126 0.0104219 0.000425417 7.42079e-05 0.00158287 0.00153638 0.00236563 0.00409288 -0.000841718 -0.000421689 -0.00165394 0.000436204 0.00309831 0.00354443 0.00421219 0.00227374 0.00352358 0.000817713 0.00115959 0.0051244 0.00352404 0.00235319 -0.000291294 -0.000667514 0.00274537 -0.000746669 0.00352545 -0.000340231 0.00178779 0.0015839
internal_weight=2412 111 85 2301 759 1542 618 53 585 253.5 924 511.5 127.5 451.5 693 66 412.5 370.5 207 148.5 331.5 244.5 544.5 402 165 237 225 192 150 48 42 106.5 42 102 190.5 159 67.5 129 126 250.5 63 63 120 96
internal_count=1533 93 79 1440 414 1026 522 50 504 180 504 279 87 255 378 57 225 183 150 81 324 105 297 240 90 150 225 192 150 48 42 99 42 102 78 111 63 57 93 123 45 45 60 66
is_linear=0
shrinkage=0.08


Tree=19
num_leaves=45
num_cat=0
split_feature=34 1 36 1 10 35 11 36 15 32 15 15 0 36 35 36 35 16 35 36 3 18 21 35 36 34 17 33 35 35 29 36 33 13 20 33 35 6 6 21 35 3 35 15
split_gain=12.9933 39.2949 2.00829 1.05113 0.762953 1.46897 0.433231 0.298786 0.267688 0.311379 0.132405 0.105496 0.170116 0.0956561 0.0905405 0.0883598 0.0610679 0.0830403 0.0453609 0.0437339 0.0384056 0.0378005 0.0356832 0.0341781 0.0280149 0.0261788 0.0215114 0.0183075 0.0153715 0.0392996 0.014149 0.0134073 0.0130402 0.0106855 0.0106294 0.0100869 0.018866 0.0663354 0.0441093 0.0098688 0.00962045 0.00944158 0.00731818 0.00644259
threshold=1.0000000180025095e-35 16.415000000000003 2.5000000000000004 11.984999656677248 9.9350000000000005 1.5000000000000002 7.3250000000000011 2.5000000000000004 1.6099999999999997 1.0000000180025095e-35 2.9400000000000008 2.5050000000000003 15.4 2.5000000000000004 1.5000000000000002 1.5000000000000002 1.0000000180025095e-35 6.4000000000000012 1.5000000000000002 1.5000000000000002 17.955000000000002 5.0000000000000009 1.5000000000000002 1.0000000180025095e-35 1.5000000000000002 3.5000000000000004 10.000000000000002 6.3000000000000016 1.0000000180025095e-35 1.5000000000000002 16.100000000000005 2.5000000000000004 1.0000000180025095e-35 7.8650000000000011 7.0000000000000009 1.7000000000000004 1.5000000000000002 10.010000000000002 10.010000000000002 2.5000000000000004 1.5000000000000002 17.935000000000006 1.0000000180025095e-35 2.1950000000000003
decision_type=2 2 2 2 2 2 2 2 2 2 2 2 2 2 2 2 2 2 2 2 2 2 2 2 2 2 2 2 2 2 2 2 2 2 2 2 2 2 2 2 2 2 2 2
left_child=1 2 3 -1 6 -6 7 15 14 -10 16 25 -13 24 32 39 17 33 27 -16 21 30 43 -24 -12 -9 34 -15 -27 -30 35 -21 -8 -11 -25 -18 38 -38 -37 -2 -26 -35 -34 -17
right_child=4 -3 -4 -5 5 -7 8 11 9 10 13 12 -14 18 19 22 20 -19 -20 31 -22 -23 23 26 40 28 -28 -29 29 -31 -32 -33 42 41 -36 36 37 -39 -40 -41 -42 -43 -44 -45
leaf_value=-0.00078021232116346558 0.00033105477198412041 -0.11279722653902495 -0.018932166191247792 0.02111402406640675 -0.014476485537296092 0.0050944408194886319 0.0017508588524328338 0.0022221253839123881 0.0069180008667436513 -0.00040358825369427601 0.00068174081664024427 0.01229510143837508 0.0053473059682926137 0.004065296109765768 -0.00026216259238620598 0.0011641799699559454 -0.00088009568926676249 0.0055681272296968735 0.0057679764181375508 -0.0018718240499496462 0.0017240883511157685 0.0017963208728987311 0.0019800524172396998 0.0031218805421321166 0.0017064872466855581 0.0032799560844898224 0.0063058160225281847 0.0015139560794664754 0.0078998754116205074 0.0035220919900907661 -0.0014041457977145911 -0.0033844963749249772 -0.00051735804799066579 0.0025105794789151 0.0051800765727575008 0.0028590239730796646 -0.0025935171260720209 0.0014280759649617331 -0.0008074213586570252 0.001439725288373997 0.0030781041507919635 0.00024884556553193501 0.00043169356309450589 0.0027762254261795211
leaf_weight=36 88 26 26 23 54 45 36 33 66 30 132 34 67 36 75 42 94.5 33 60 75 81 54 39 42 72 25 37 36 26 26.5 81 75 78 27 26 42 52.5 52.5 42 123.5 60 21 156 25.5
leaf_count=36 78 14 25 18 36 18 24 33 36 30 72 30 39 24 30 42 42 33 24 30 36 24 39 34 48 25 26 24 25 25 36 30 78 27 18 21 21 21 21 99 24 21 78 18
internal_value=-2.11784e-11 -0.0267336 -0.000408252 0.00775483 0.00128963 -0.00558061 0.00159851 0.00336222 0.00088458 0.00159482 0.00124576 0.00581732 0.00768617 0.00238504 -0.000654273 0.00213467 0.000506767 0.00220407 0.00414342 -0.00183949 0.000129588 -0.000179025 0.00329091 0.00400235 0.00150585 0.00410915 0.00475349 0.00278963 0.00491266 0.00569014 -0.000471669 -0.00262816 0.000333412 0.000780817 0.00390884 -0.000205247 0.000132178 -0.000582721 0.0010258 0.000978434 0.00232995 0.00152107 0.000115343 0.00177317
internal_weight=2412 111 85 59 2301 99 2202 634.5 1567.5 1072.5 1006.5 211.5 101 396 495 423 610.5 111 132 225 499.5 418.5 211.5 144 264 110.5 105 72 77.5 52.5 364.5 150 270 78 68 283.5 189 105 84 211.5 132 48 234 67.5
internal_count=1533 93 79 54 1440 54 1386 531 855 585 549 177 69 216 270 354 333 111 72 90 222 186 177 117 144 108 78 48 75 50 162 60 180 78 52 126 84 42 42 177 72 48 156 60
is_linear=0
shrinkage=0.08


Tree=20
num_leaves=45
num_cat=0
split_feature=34 2 37 4 37 14 2 5 1 15 37 1 37 1 37 37 1 37 21 37 37 37 4 1 1 37 37 1 37 37 33 37 37 37 37 2 37 1 20 1 37 34 15 15
split_gain=10.9975 36.4914 1.70928 0.787036 1.2023 0.359383 0.358636 0.280504 0.287868 0.148034 0.211939 0.11049 0.112816 0.105367 0.121911 0.0919877 0.0901889 0.0960568 0.0590111 0.0545187 0.0533251 0.050338 0.0477915 0.0404653 0.040049 0.0383976 0.0489773 0.0345242 0.0443936 0.0934283 0.0322019 0.0305485 0.0279258 0.0252408 0.0201945 0.0303391 0.0199225 0.016365 0.0148009 0.01474 0.0147287 0.0140938 0.0112008 0.00973063
threshold=1.0000000180025095e-35 16.415000000000003 9.7850000000000019 17.955000000000002 11.703076923076924 8.5500000000000025 11.984999656677248 9.8350000000000026 16.425000000000004 2.5050000000000003 8.7150000000000016 15.195000000000002 6.9350000000000014 17.150000000000002 16.330000000000002 12.049615384615388 17.475000000000005 11.911538461538465 5.3000000000000016 9.7850000000000019 7.5750000000000002 7.6650000000000009 17.280000000000005 16.525000000000002 17.680000000000003 3.0500000000000003 3.8950000000000005 13.835000000000003 5.2400000000000011 8.0300000000000029 1.9000000000000001 17.380000000000006 8.3150000000000013 17.400000000000002 7.8200000000000012 16.185000000000006 9.8250000000000011 16.895000000000003 12.900000000000002 16.920000000000005 16.115000000000006 25.600000000000005 2.1350000000000002 3.1650000000000005
decision_type=2 2 2 2 2 2 2 2 2 2 2 2 2 2 2 2 2 2 2 2 2 2 2 2 2 2 2 2 2 2 2 2 2 2 2 2 2 2 2 2 2 2 2 2
left_child=1 2 6 5 -5 7 -1 8 9 25 11 12 -11 14 18 20 19 -18 21 -7 -15 -9 -22 40 32 30 42 -28 -29 -30 -2 -17 -24 -19 -20 -36 37 -21 -12 -38 41 -23 -27 -34
right_child=3 -3 -4 4 -6 16 -8 13 -10 10 38 -13 -14 15 -16 31 17 33 34 36 22 23 24 -25 -26 26 27 28 29 -31 -32 -33 43 -35 35 -37 39 -39 -40 -41 -42 -43 -44 -45
leaf_value=0.0038268643647121885 -0.00097626759215361548 -0.10753153214087853 -0.013825971900951117 0.0038662338621086546 -0.013839368009594856 -0.0016109764369802526 0.017104790239878324 -0.002219506369717419 0.010757808990099213 0.006309833569374557 0.0027229494349129742 0.0048142731453285738 0.013668612682571014 0.00046374573310216263 0.0054339058551316453 -0.0014481991568269829 0.0032561584501977891 -0.0019019143363194807 0.0031744078586498897 0.00011923053320349447 0.0057301266420455212 0.00031176580599060768 0.0033350872973601027 0.002407188871210175 0.004441813629498516 0.0036040196922563373 0.0032827536994889856 -0.0013830125870916879 0.0053032670791597217 0.00032885868856239885 0.0026523697007602705 0.0015061422557170903 0.0020478392009224211 0.0011363289790848892 -6.9735145453757392e-05 0.0029371236151818077 3.0127902291221263e-05 0.0017837985066903961 0.00075088804432501394 -0.0018294562862545092 0.0011704836317908808 -0.0011504526626732615 0.0062168975742090318 0.00047188604366965592
leaf_weight=30 45 26 32 45 54 202.5 23 75 33 30 93 73.5 24 52.5 30 48 93 42 37.5 126 42 67.5 75 42 69 21 78 33 36 73.5 24 42 52.5 30 61.5 33 66 54 33 46.5 36 112.5 21 48
leaf_count=30 45 14 29 18 36 81 20 30 18 30 66 39 18 21 30 42 39 21 15 63 21 30 30 21 30 21 78 33 36 66 24 42 24 30 39 18 66 27 27 33 36 51 21 24
internal_value=4.2086e-11 -0.0245949 0.000773941 0.00118646 -0.00579137 0.00150017 0.00958898 0.00216881 0.00348816 0.00307807 0.00453335 0.00683287 0.0095804 0.00128639 0.000491088 0.00220404 -6.20055e-05 0.00155777 0.000172196 -0.000601931 0.00280764 -0.000395211 0.00323715 0.000135107 0.00280891 0.00196521 0.00240664 0.00192972 0.00118912 0.00196428 0.000285867 -6.95065e-05 0.00216692 -0.00063598 0.00160361 0.000980279 9.66389e-05 0.000618601 0.00220646 -0.0007385 -0.000306687 -0.000602121 0.00491046 0.00129515
internal_weight=2412 111 85 2301 99 2202 53 1542 618 585 253.5 127.5 54 924 495 429 660 165 465 495 339 333 286.5 258 244.5 331.5 262.5 220.5 142.5 109.5 69 90 175.5 72 132 94.5 292.5 180 126 112.5 216 180 42 100.5
internal_count=1533 93 79 1440 54 1386 50 1026 522 504 180 87 48 504 270 234 360 90 240 270 150 168 129 138 108 324 255 213 135 102 69 84 78 51 72 57 189 90 93 99 117 81 42 48
is_linear=0
shrinkage=0.08


Tree=21
num_leaves=45
num_cat=0
split_feature=34 1 36 1 4 0 14 14 36 0 0 0 0 0 36 13 14 6 33 21 22 36 0 0 18 0 0 17 21 21 24 14 20 13 18 0 34 17 32 16 25 17 34 32
split_gain=9.30829 31.2647 1.83436 1.25536 0.666147 0.818135 0.305478 0.4572 0.256912 0.196065 0.111275 0.112215 0.105642 0.0881078 0.0703055 0.0679994 0.0518 0.033821 0.0269875 0.0245565 0.0242589 0.0216622 0.0182387 0.0167461 0.015278 0.0136651 0.0322707 0.010606 0.0102544 0.0096757 0.00698016 0.00688109 0.00606778 0.00484211 0.00454099 0.00449293 0.00407999 0.00394973 0.00675815 0.00388842 0.0059367 0.00305908 0.00235731 0.00539952
threshold=1.0000000180025095e-35 16.415000000000003 2.5000000000000004 11.984999656677248 17.955000000000002 17.835000000000004 8.490000000000002 8.4200000000000017 2.5000000000000004 15.995000000000003 14.695000000000002 15.345000000000001 16.860000000000003 17.400000000000002 1.5000000000000002 7.3150000000000004 7.7300000000000013 10.105000000000002 1.0000000180025095e-35 1.5000000000000002 2.7000000000000006 1.5000000000000002 17.430000000000003 17.955000000000002 6.4000000000000012 15.695000000000002 14.760000000000003 3.3000000000000003 5.6000000000000005 3.5000000000000004 3.4000000000000004 7.7750000000000012 0.3000000000000001 7.8650000000000011 0.50000000000000011 16.895000000000003 50.000000000000007 13.900000000000002 12.100000000000001 6.1050000000000013 2.3000000000000003 5.6000000000000005 47.20000000000001 1.9000000000000001
decision_type=2 2 2 2 2 2 2 2 2 2 2 2 2 2 2 2 2 2 2 2 2 2 2 2 2 2 2 2 2 2 2 2 2 2 2 2 2 2 2 2 2 2 2 2
left_child=1 2 3 -1 6 -6 7 8 14 10 20 -12 16 18 27 19 -11 31 -8 34 -10 -20 36 -15 29 26 28 39 -21 -22 -25 -17 -19 -18 -16 -23 -14 38 41 -2 42 -29 43 -41
right_child=4 -3 -4 -5 5 -7 13 -9 9 12 11 -13 22 23 15 17 33 32 21 25 24 35 -24 30 -26 -27 -28 37 -30 -31 -32 -33 -34 -35 -36 -37 -38 -39 -40 40 -42 -43 -44 -45
leaf_value=-0.000671228226274252 0.00064058462952400425 -0.09939500148479756 -0.016849057766107411 0.023255555239789515 -0.012600575516922306 0.0019444598885949213 0.00096212610390714623 0.011331606028657971 0.0015960775922845909 0.0022813569491898474 0.011490789753152058 0.0052782273697381723 0.0034756475462662901 0.0023458211160067356 0.0007289948956437271 0.00056148008866743608 -9.006121873178265e-05 0.0023916705710089899 1.7646638541686215e-05 0.0035922555128733318 0.0059789711688504081 -0.0009638273464955845 0.0047184258838268841 0.00013080841062044856 0.0026988426813234884 0.00218665190379728 0.0053817546089208615 0.0014240621145222791 0.0014432428166684177 0.0037823181368765381 0.0014743005205886534 -0.00057129853973024046 0.0013210559462185029 -0.0012769112848168749 0.0020683865244557828 -0.0016452532709015279 0.0024421021071347323 0.001620388743467629 -0.00034882555425655649 -0.00020252225215884701 -0.00087209536609324538 0.00053694248149391787 -0.00017485223517487287 0.00085926920801067538
leaf_weight=36 71.5 26 26 23 49.5 49.5 66 33 27 66 30 49 44 82.5 27 71.5 44 60.5 148.5 30 33 209 55 49.5 24 44 48.5 53.5 27 21 49.5 66 77 44 40.5 88 55 38 30.5 56.5 44 46.5 84.5 67
leaf_count=36 39 14 25 18 27 27 36 18 27 36 27 30 24 45 27 39 24 33 81 30 33 114 30 27 24 24 39 33 27 21 27 36 42 24 33 48 30 33 18 54 24 33 51 45
internal_value=5.54207e-11 -0.0226273 0.000854565 0.00865616 0.00109154 -0.00532806 0.00138016 0.00201871 0.00181049 0.00330313 0.00536934 0.00763743 0.00206877 -1.02716e-05 0.00106417 0.00174039 0.000587161 0.000904936 -0.000547608 0.00279915 0.00366287 -0.000771272 0.00355037 0.00150404 0.00437829 0.00337099 0.00386493 0.000387955 0.0025743 0.00512472 0.000802554 1.77463e-05 0.00179213 -0.000683486 0.00153263 -0.00116573 0.00290146 0.000902616 0.000693609 0.000119886 -2.78519e-05 0.00101155 0.000150738 0.00037351
internal_weight=2412 111 85 59 2301 99 2202 1509 1476 492 184 79 308 693 984 492 154 275 511.5 217 105 445.5 154 181.5 78 149.5 105.5 492 57 54 99 137.5 137.5 88 67.5 297 99 168.5 130.5 323.5 252 100 208 123.5
internal_count=1533 93 79 54 1440 54 1386 1008 990 330 162 57 168 378 660 330 84 150 279 180 105 243 84 99 78 120 96 330 57 54 54 75 75 48 60 162 54 117 84 213 174 66 150 99
is_linear=0
shrinkage=0.08


Tree=22
num_leaves=45
num_cat=0
split_feature=34 37 37 4 37 14 14 36 0 0 37 0 0 37 35 37 4 36 12 37 37 36 37 36 37 37 0 37 0 21 31 37 37 37 37 36 23 37 0 37 32 37 20 25
split_gain=7.87853 31.5898 2.78428 0.563827 1.18673 0.258557 0.386974 0.21745 0.166069 0.104162 0.11885 0.0844826 0.0745744 0.108293 0.0731373 0.0646536 0.10861 0.0595066 0.0566736 0.0473367 0.0621623 0.0394298 0.0345657 0.0279427 0.026774 0.0444169 0.0306855 0.0261281 0.0256115 0.0228931 0.0188319 0.0175098 0.0146248 0.0135177 0.0121758 0.0116832 0.0115447 0.00911558 0.00845051 0.0077248 0.00746135 0.0063048 0.00559112 0.00482594
threshold=1.0000000180025095e-35 9.7850000000000019 2.9500000238418584 17.955000000000002 11.802307692307695 8.490000000000002 8.4200000000000017 2.5000000000000004 15.935000000000002 14.695000000000002 8.2450000000000028 16.860000000000003 17.400000000000002 9.9450000000000021 1.5000000000000002 10.105000000000002 16.140000000000004 1.5000000000000002 7.3450000000000015 7.9350000000000014 17.220000000000002 1.5000000000000002 3.0500000000000003 1.5000000000000002 9.3000000000000025 5.3900000000000015 15.765000000000002 13.56 16.960000000000004 1.5000000000000002 1.0000000180025095e-35 10.025 16.195000000000004 5.3900000000000015 3.0500000000000003 2.5000000000000004 2.3000000000000003 16.545000000000005 16.245000000000001 17.070000000000004 1.7000000000000004 8.7750000000000004 2.1000000000000005 5.4000000000000012
decision_type=2 2 2 2 2 2 2 2 2 2 2 2 2 2 2 2 2 2 2 2 2 2 2 2 2 2 2 2 2 2 2 2 2 2 2 2 2 2 2 2 2 2 2 2
left_child=1 2 -1 5 -5 6 7 17 9 22 -11 15 14 -14 30 16 -10 32 24 -13 29 -16 -9 -15 25 34 -27 33 31 -21 -7 38 43 -24 -19 -23 -25 -32 -20 41 -26 -30 -36 -2
right_child=3 -3 -4 4 -6 12 -8 8 11 10 -12 19 13 23 21 -17 -18 18 28 20 -22 35 27 36 40 26 -28 -29 39 -31 37 -33 -34 -35 42 -37 -38 -39 -40 -41 -42 -43 -44 -45
leaf_value=0.0032419227345440631 0.00038883683693894002 -0.069710686101267738 0.037874018015960853 -0.011522897088101931 0.0066850828006863594 0.001868241098192003 0.010425077485428615 0.00062914251238512604 0.0027938270196318626 0.010811749303074025 0.0043525083013810214 0.00089851165749132631 0.0036347087310292783 0.0015462720257473056 -7.8367310869056859e-05 0.0036771749201164185 -0.0020704494948898043 0.00028512072268590009 0.0001767730782739818 0.0063097156875807307 0.00047959340115388236 -0.0015938406416004705 0.0041711387675451607 -0.00016134727238254114 0.00053410563504855551 0.0060185599256129497 0.0025809403657913212 0.0019186081194008389 0.0013185979596206121 0.0037572568045421079 0.00031477296905601783 0.001294801302999258 -0.0011295968887563316 0.0067406410872936249 0.003501102675994237 -0.002982943481014621 -0.0022329089894062943 -0.00098633969524165692 -0.0013491971124377517 0.00028768974610350351 0.0020570681851357223 0.0025614018451709016 0.001713666767658045 0.0011946728689320109
leaf_weight=39 399 48 24 63 36 45 33 23 47.5 33.5 40 40 78 34.5 77.5 35 77 23 48 46 24 77.5 38 33 35 42 27.5 24 52.5 44 192 50 39 20 21 77.5 36 42 45 22 50 52 24 54
leaf_count=39 267 39 15 27 27 30 18 23 21 25 29 16 33 22 31 32 34 23 20 23 24 31 38 20 32 31 11 24 21 21 114 38 39 20 21 31 24 42 20 22 41 26 24 24
internal_value=4.00238e-12 -0.0208171 0.0164351 0.00100422 -0.00490181 0.00126975 0.00185721 0.00166565 0.00303888 0.00498671 0.00729652 0.00192983 -9.44987e-06 0.00138372 -0.000503799 0.000639394 -0.000214601 0.00097904 0.00160116 0.00326634 0.00409716 -0.00155172 0.00336984 -0.000312684 0.00254612 0.0032361 0.00465835 0.00413857 0.000821001 0.00506185 0.000369466 8.74916e-05 0.000356919 0.00505717 0.00178248 -0.00228839 -0.00124216 8.12399e-05 -0.0005616 0.00165019 0.00142997 0.00193703 0.0025478 0.000484897
internal_weight=2412 111 63 2301 99 2202 1509 1476 492 178.5 73.5 313.5 693 181.5 511.5 159.5 124.5 984 492 154 114 232.5 105 103.5 222.5 137.5 69.5 82 269.5 90 279 143 492 58 68 155 69 234 93 126.5 85 104.5 45 453
internal_count=1533 93 54 1440 54 1386 1008 990 330 159 54 171 378 99 279 87 55 660 330 84 68 93 105 66 183 110 42 82 147 44 186 78 330 58 68 62 44 156 40 69 73 47 45 291
is_linear=0
shrinkage=0.08


Tree=23
num_leaves=45
num_cat=0
split_feature=34 36 0 36 4 0 12 36 7 31 29 36 22 0 16 36 18 21 22 34 36 0 17 0 0 21 0 15 0 36 13 36 22 5 15 9 19 19 4 34 34 21 26 27
split_gain=6.66839 29.8635 77.5296 0.745163 0.477223 0.638733 0.221593 0.179118 0.102429 0.118508 0.198881 0.0528642 0.0526896 0.0532731 0.0641458 0.0524481 0.0395023 0.0214106 0.0204541 0.017364 0.0170501 0.0166456 0.0129588 0.0126288 0.0195367 0.0128091 0.00858845 0.01009 0.0160555 0.00814692 0.0169581 0.00598865 0.00580961 0.00546552 0.00482386 0.00468013 0.00349535 0.00610316 0.00283982 0.00273544 0.00254739 0.00249433 0.00242619 0.00434218
threshold=1.0000000180025095e-35 1.5000000000000002 16.415000000000003 2.5000000000000004 17.955000000000002 17.835000000000004 7.3800000000000017 2.5000000000000004 10.770000000000001 1.0000000180025095e-35 1.7000000000000004 1.5000000000000002 53.300000000000004 15.345000000000001 7.9600000000000017 1.5000000000000002 1.9000000000000001 2.3000000000000003 2.7000000000000006 36.300000000000004 2.5000000000000004 17.860000000000003 5.0000000000000009 15.695000000000002 14.760000000000003 5.6000000000000005 13.265000000000002 2.1715384615384621 15.765000000000002 1.5000000000000002 7.6950000000000012 1.5000000000000002 71.40000000000002 11.285000000000002 2.1950000000000003 10.065000000000003 7.6000000000000005 0.90000000000000013 16.495000000000001 10.900000000000004 86.000000000000014 1.3 7.5000000000000009 6.2000000000000011
decision_type=2 2 2 2 2 2 2 2 2 2 2 2 2 2 2 2 2 2 2 2 2 2 2 2 2 2 2 2 2 2 2 2 2 2 2 2 2 2 2 2 2 2 2 2
left_child=1 -1 3 -3 6 -6 7 11 9 10 -8 32 18 14 -14 19 29 34 -9 -10 42 33 31 24 25 -19 -20 -28 -29 35 -31 -18 36 -22 -13 38 37 -2 -11 -32 -21 -33 43 -17
right_child=4 2 -4 -5 5 -7 8 12 15 16 -12 17 13 -15 -16 20 22 23 26 40 21 -23 -24 -25 -26 -27 27 28 -30 30 39 41 -34 -35 -36 -37 -38 -39 -40 -41 -42 -43 -44 -45
leaf_value=0.039531406617245163 0.00013024790998498483 0.0018051824361706773 -0.15975406793447641 0.021740583727757137 -0.010935541909150404 0.0019162048286560809 0.0049044819637907274 0.001289220996959894 0.0017429009427062489 -0.0007751785623229514 -0.0009873616485856474 0.00075306945966763629 0.010081623635358281 0.0032684380218150123 0.0041863607402358735 0.0024750226515937936 -0.00027235963328910823 0.0036946984163175028 0.005191962960220519 -0.0004532678397090146 0.0027915721340104937 0.0016594139102733497 0.0020075109601020813 0.0017897282636047088 0.0046302353664413919 0.0011546206067497326 0.0020859940505276123 0.0051561282160026691 0.0028602159078317609 0.00058632987240950262 -0.0011609099522665745 0.00044479506090283394 0.0016072718414568133 0.0039878043639579447 0.001905996494848902 0.00050638497566113936 -0.00016100495391208487 0.0011380282837206862 -5.5891325445229973e-05 -0.00067954048427328355 0.0003655610949575127 0.0012966311350464822 0.0012549599093839155 0.0013511102942919189
leaf_weight=37 79.5 24 26 24 49.5 49.5 82.5 27 44 49.5 66 45 27 31.5 21 44 44 24 21 66 44 49.5 49.5 44 45.5 27 27 35 44 66 99 44 31 55 48 71.5 48.5 74.5 121 319 38.5 44 60.5 44
leaf_count=31 66 24 14 24 27 27 45 27 24 27 36 45 24 18 21 24 24 24 21 36 24 27 27 24 36 27 27 27 24 36 54 24 27 30 33 39 36 60 66 174 21 24 33 24
internal_value=2.29658e-11 -0.0191518 -0.0484933 0.0117729 0.000923879 -0.00450967 0.00116817 0.00234311 0.000620014 0.000190844 0.00228588 0.00143855 0.00415225 0.00582482 0.00750245 0.00163731 -0.000151981 0.00228971 0.00328881 0.000409738 0.00225109 0.00285724 0.00090364 0.00291296 0.00342511 0.00234995 0.00371391 0.00342109 0.00387739 -0.000415886 -0.000605384 0.000489689 0.000587385 0.00345615 0.00134813 -3.68912e-05 0.000431255 0.000617778 -0.000264717 -0.000793549 -0.000151594 0.000870713 0.00164495 0.00191307
internal_weight=2412 111 74 48 2301 99 2202 700.5 1501.5 1056 148.5 467 233.5 79.5 48 445.5 907.5 233.5 154 148.5 297 148.5 181.5 140.5 96.5 51 127 106 79 726 484 132 233.5 99 93 242 202.5 154 170.5 418 104.5 88 148.5 88
internal_count=1533 93 62 48 1440 54 1386 567 819 576 81 378 189 63 45 243 495 189 126 81 162 81 99 111 87 51 99 78 51 396 264 72 189 54 78 132 162 126 93 228 57 48 81 48
is_linear=0
shrinkage=0.08


Tree=24
num_leaves=45
num_cat=0
split_feature=34 36 1 36 10 14 14 36 22 37 36 12 4 37 14 3 37 9 36 13 1 37 22 37 37 37 5 37 1 20 3 37 19 18 37 24 37 1 31 37 17 37 37 32
split_gain=5.64413 25.2764 65.6211 0.630706 0.404184 0.214366 0.318712 0.157781 0.121156 0.168184 0.0607309 0.194186 0.15755 0.0558936 0.174084 0.0462553 0.0575949 0.0611453 0.0429171 0.0431823 0.0399277 0.110245 0.0365295 0.0338833 0.0292001 0.0487199 0.0239217 0.0233768 0.0214697 0.0188882 0.0153101 0.0128764 0.0125693 0.0269145 0.0121597 0.0121121 0.00900476 0.0114935 0.0181527 0.00740801 0.00733802 0.00732117 0.00635643 0.00631421
threshold=1.0000000180025095e-35 1.5000000000000002 16.375000000000004 2.5000000000000004 9.9550000000000018 8.490000000000002 8.4200000000000017 2.5000000000000004 45.400000000000013 9.6200000000000028 2.5000000000000004 9.8250000000000011 17.965000000000003 8.0900000000000016 7.5750000000000002 16.195000000000004 17.220000000000002 10.010000000000002 1.5000000000000002 7.3150000000000004 16.895000000000003 11.911538461538465 14.300000000000002 9.3250000000000011 9.0050000000000008 5.535000000000001 9.9800000000000022 8.1550000000000029 15.100000000000003 1.7000000000000004 16.195000000000004 17.220000000000002 5.0000000000000009 0.50000000000000011 16.195000000000004 3.4000000000000004 9.3250000000000011 16.920000000000005 0.50000000000000011 11.345000000000002 3.3000000000000003 11.035000000000002 14.240000000000002 5.9000000000000012
decision_type=2 2 2 2 2 2 2 2 2 2 2 2 2 2 2 2 2 2 2 2 2 2 2 2 2 2 2 2 2 2 2 2 2 2 2 2 2 2 2 2 2 2 2 2
left_child=1 -1 3 -3 5 6 7 18 13 28 12 20 35 14 22 26 17 -17 34 24 23 -22 -9 -12 25 32 -15 29 -10 -21 -29 39 33 -20 40 36 -7 38 -38 -32 -2 -42 -26 -24
right_child=4 2 -4 -5 -6 10 -8 8 9 -11 11 -13 -14 15 -16 16 -18 -19 19 27 21 -23 43 -25 42 -27 -28 30 -30 -31 31 -33 -34 -35 -36 -37 37 -39 -40 -41 41 -43 -44 -45
leaf_value=0.036368893821899957 0.00016675401775815134 0.0016607678961008787 -0.14697374417231632 0.020001336981852851 -0.0053200716605748648 -0.00084823154062032701 0.0093511594448125717 0.0007216299917683544 0.0091723811055623716 0.0007306401417944082 -0.0026670185148715973 -0.0063422130599811478 0.0049843255938454107 0.002739548172387812 -0.0028408437967300418 0.0071644732426549944 0.00019230094039812684 0.0031630219498442282 0.00056084357268576111 -0.0013372073088373457 0.003479559444686742 -0.0025586952408963456 0.0042712960553171302 5.1680758767015249e-05 0.0016444885979096093 0.0046488734255781617 0.00017210541214202142 3.4229278826387597e-05 0.0061440805557729872 0.00083540597856044774 0.0016554372418543389 -4.0108474310148852e-05 -0.00016689211223274472 0.004300034689632329 -0.0010668905912779082 0.001074077531695366 0.0019706048524240033 -0.00051285209870636183 -1.2460289063525543e-05 0.0031502023984988532 0.0011148100278395065 -0.00022211105717966954 0.00026711434138485711 0.0027607881560407837
leaf_weight=37 292.5 24 26 24 66 100 33 41.5 31 35 50 38.5 44 45 55 37 24 72 28 52.5 51.5 31 45.5 71 51 59 48 48 29 50 72.5 22 20 22 39 55 40 132 113 30 127.5 33 37 29
leaf_count=31 182 24 14 24 36 40 18 31 30 30 20 21 24 39 22 23 24 35 28 21 22 23 35 46 37 36 32 32 15 20 34 22 20 22 39 30 24 72 74 21 77 32 37 14
internal_value=-2.11262e-12 -0.0176196 -0.0446139 0.0108311 0.000849969 0.00103217 0.00157561 0.00140177 0.00257151 0.00513784 -9.738e-05 -0.00113214 0.000420002 0.0019574 0.000866129 0.00278309 0.00374014 0.00452131 0.000816901 0.00134523 -0.000146456 0.00121064 0.00262375 -0.00107175 0.00218895 0.00295543 0.00141442 0.000679465 0.0077087 -0.000277396 0.00124803 0.00171601 0.00152809 0.00220609 0.000288568 -3.643e-05 -0.000195074 3.41042e-05 0.000505988 0.00209293 0.000405263 0.000839929 0.00106537 0.00368331
internal_weight=2412 111 74 48 2301 2235 1509 1476 492 95 726 242 484 397 171 226 133 109 984 492 203.5 82.5 116 121 217 129 93 275 60 102.5 172.5 124.5 70 50 492 440 385 285 153 102.5 453 160.5 88 74.5
internal_count=1533 93 62 48 1440 1404 1008 990 330 75 396 132 264 255 102 153 82 58 660 330 111 45 80 66 180 106 71 150 45 41 109 77 70 50 330 240 210 170 98 55 291 109 74 49
is_linear=0
shrinkage=0.08


Tree=25
num_leaves=45
num_cat=0
split_feature=34 37 37 4 37 11 36 7 37 37 32 0 36 10 37 0 0 37 2 0 37 36 4 36 37 37 34 37 37 23 36 16 19 18 31 37 34 37 1 31 14 0 36 18
split_gain=4.77719 23.7238 4.26029 0.399236 1.13903 0.155898 0.130638 0.0750185 0.123711 0.123429 0.170389 0.194093 0.0852257 0.0675677 0.0623724 0.0670203 0.0689107 0.10068 0.0508566 0.0452419 0.0426827 0.0377901 0.0265661 0.043485 0.0263612 0.0263388 0.0220902 0.0196056 0.0372538 0.0121386 0.0118271 0.0112395 0.0106386 0.0227804 0.0100282 0.00973318 0.0268048 0.0143222 0.0122341 0.0092185 0.00784947 0.00727715 0.00652342 0.00635568
threshold=1.0000000180025095e-35 9.7850000000000019 2.9500000238418584 17.955000000000002 11.703076923076924 7.3250000000000011 2.5000000000000004 10.230000000000002 11.911538461538465 9.7850000000000019 1.0000000180025095e-35 16.625000000000004 1.5000000000000002 7.455000000000001 14.160000000000002 14.240000000000002 15.345000000000001 5.535000000000001 17.650000000000002 16.860000000000003 17.380000000000006 1.5000000000000002 16.115000000000006 1.5000000000000002 10.875000000000002 3.3550000000000004 12.000000000000004 9.0050000000000008 5.535000000000001 8.7000000000000011 2.5000000000000004 6.1450000000000005 5.0000000000000009 0.50000000000000011 1.0000000180025095e-35 16.115000000000006 55.900000000000013 9.8250000000000011 16.165000000000003 6.5000000000000009 7.8350000000000009 13.56 2.5000000000000004 2.1000000000000005
decision_type=2 2 2 2 2 2 2 2 2 2 2 2 2 2 2 2 2 2 2 2 2 2 2 2 2 2 2 2 2 2 2 2 2 2 2 2 2 2 2 2 2 2 2 2
left_child=1 2 -1 5 -5 6 21 9 12 19 11 -11 31 -12 15 25 17 -17 24 22 39 -2 -7 -24 42 -8 -25 28 32 -22 -28 -9 33 -23 -15 37 38 -36 -37 -10 -39 -27 -14 -29
right_child=3 -3 -4 4 -6 7 14 8 20 10 13 -13 18 34 -16 16 -18 -19 -20 -21 29 27 23 26 -26 41 30 43 -30 -31 -32 -33 -34 -35 35 36 -38 40 -40 -41 -42 -43 -44 -45
leaf_value=-0.00024698238915357837 0.00049556842093063122 -0.058581205519537133 0.042592267468571664 0.0052122266226344643 -0.012021183586093012 0.0011822255313219058 0.00015352133782985418 -0.0002855736236194618 -0.0010238902469841289 0.008736382867209614 0.003396820111821095 0.00042910592468817617 0.0022537834034724669 0.001291718649212271 0.00075126487835261381 0.0044161989757170277 0.0038361556609956232 0.012001152975218636 0.0045752422840789307 -0.0027364786300394274 0.0019645128159835523 0.00051597609849912782 0.000555414899837139 5.7888127863407137e-05 0.00068394516491725177 0.0045230377059091225 -0.0011842763068323787 0.0019812473654747011 0.0041673609250085014 -0.00015965998850085518 -0.0025388940499926154 0.0012401502356569991 -0.00015354079101234674 0.003956031933088194 0.0003653967849742104 0.0018062016309150272 0.0030288791586644947 -0.00014111252526442211 -0.00034518345100564309 -0.0026959178294055164 -0.0012671128012949511 0.0024653744799169627 0.0034859266623177309 0.00054409550399416018
leaf_weight=39 211.5 48 24 45 54 52.5 23 65.5 51 36 45 36 55 45 38 24 61.5 21 86 67.5 36 28 107.5 50 52 22 82.5 31 56.5 33 82.5 58.5 20 22 144 21 24 75 87 36 84 22 55 54
leaf_count=39 177 39 15 18 36 21 23 28 33 24 30 24 23 30 38 24 30 18 36 27 36 28 43 20 26 22 33 27 35 33 33 26 20 22 72 21 24 39 87 24 39 22 23 45
internal_value=-9.0004e-11 -0.0162101 0.0160727 0.000781971 -0.00418782 0.00100541 0.00206342 0.000577143 0.00135369 0.000182708 0.000933217 0.00458274 0.00214668 0.00043271 0.00368681 0.00432976 0.00557687 0.00795584 0.0030029 -0.000829843 -0.000537293 0.00125172 -0.000486649 -0.000758326 0.0021682 0.0023474 -0.0014152 0.00200787 0.00263925 0.000948604 -0.00186159 0.000434224 0.00140585 0.0020296 0.000154825 3.72152e-05 0.000610548 -0.000212554 7.31414e-05 -0.00171576 -0.000735981 0.00349421 0.00286986 0.00106823
internal_weight=2412 111 63 2301 99 2202 634.5 1567.5 528 1039.5 597 72 372 525 211.5 173.5 106.5 45 248 442.5 156 423 375 322.5 162 67 215 211.5 126.5 69 165 124 70 50 480 435 132 303 108 87 159 44 110 85
internal_count=1533 93 54 1440 54 1386 531 855 288 567 390 48 162 342 177 139 72 42 108 177 126 354 150 129 72 67 86 177 105 69 66 54 70 50 312 282 132 150 108 57 78 44 46 72
is_linear=0
shrinkage=0.08


Tree=26
num_leaves=45
num_cat=0
split_feature=33 37 36 10 16 36 37 0 15 10 37 0 36 32 32 30 12 15 36 9 37 37 37 37 16 37 16 14 37 36 37 37 15 37 19 19 36 22 35 1 0 0 35 13
split_gain=1.41824 16.5714 1.03907 9.09928 4.99229 1.43094 1.36493 0.665749 0.489749 0.323026 0.197576 0.170381 0.276031 1.89528 1.15078 1.53574 0.241194 0.110248 0.106965 0.10226 0.0747085 0.0953616 0.0667239 0.065314 0.0931005 0.051885 0.0392464 0.0635113 0.0334137 0.0308015 0.0264733 0.0366898 0.022389 0.0203684 0.0192173 0.014819 0.0135649 0.00981036 0.00673213 0.0258737 0.0110004 0.00668637 0.00810517 0.00995237
threshold=1.0000000180025095e-35 14.055000000000001 1.5000000000000002 7.9050000000000011 6.6350000000000016 2.5000000000000004 8.9450000000000021 16.425000000000004 1.7950000762939455 9.9550000000000018 3.0500000000000003 16.050000000000004 2.5000000000000004 1.0000000180025095e-35 1.0000000180025095e-35 1.7000000000000004 9.8250000000000011 2.3550000000000009 2.5000000000000004 11.992692307692311 7.5750000000000002 10.875000000000002 9.6700000000000017 5.3900000000000015 6.785000000000001 11.760384615384618 6.0057692307692303 7.5250000000000012 9.6700000000000017 1.5000000000000002 8.8800000000000008 5.535000000000001 2.835 12.049615384615388 3.0000000000000004 3.0000000000000004 1.5000000000000002 9.3000000000000025 1.0000000180025095e-35 16.455000000000002 16.455000000000002 16.155000000000005 1.5000000000000002 7.5250000000000012
decision_type=2 2 2 2 2 2 2 2 2 2 2 2 2 2 2 2 2 2 2 2 2 2 2 2 2 2 2 2 2 2 2 2 2 2 2 2 2 2 2 2 2 2 2 2
left_child=1 2 3 8 -4 7 -7 10 -1 11 -6 18 14 -14 15 -13 17 28 29 32 -19 37 23 34 -25 -21 -23 -28 -15 -2 31 35 41 36 -20 -31 -34 -22 39 -30 -40 -16 43 -43
right_child=9 -3 4 -5 5 6 -8 -9 -10 -11 -12 12 13 16 19 -17 -18 20 22 25 21 26 -24 24 -26 -27 27 -29 38 30 -32 -33 33 -35 -36 -37 -38 -39 40 -41 -42 42 -44 -45
leaf_value=-0.006260437464807183 0.00053935991430196367 -0.060474351359486221 -0.035034615284934338 0.042357745290288538 -0.0033503557527861136 0.024331595557240338 0.0010556107059892384 -0.015172068720476495 -0.023210943503450838 -0.0048359889136345095 0.0076360464895842599 0.020512107743627647 -0.017684924453338836 -0.0015822451884547871 0.00081224012230946257 -0.00062463840639049358 -0.0057442734905748397 -0.00099747690861113378 0.004098480567936936 0.00091074213704892568 0.0054166171327233318 -0.0015973715042626416 0.0013899974164982829 0.0042410194798360897 0.01064343018376309 0.0050813311959306395 -0.0010316181346774103 0.0042171714538967028 0.0033217003634199499 0.0026582808798411863 0.00084995235182920136 0.0046085600454485818 0.00045505729842592376 -0.00052545916105648785 0.0010464559191756923 2.8537885130693517e-05 0.0016811484571755964 0.0037628309699622069 -0.0009726353012956679 -0.00069886118417517061 0.00077432254995774788 0.0014500512938636046 -0.0005490533114410937 -8.5878379681768522e-05
leaf_weight=24 168.5 31 24.5 31.5 22 32.5 32 22.5 20 66 20 44 40.5 90 44 44 38.5 40 31 35 48 27 52 39.5 23 42 25 36 20 32 68 44.5 115.5 66 23 24 115.5 44 40 21 54.5 30 250 270
leaf_count=24 144 31 11 14 22 31 21 10 19 36 20 24 22 36 24 24 21 16 31 14 20 18 50 20 20 28 20 26 20 32 58 30 51 60 23 24 51 20 20 21 26 20 100 180
internal_value=-3.10066e-11 -0.00558098 0.00185 0.00953377 -0.00192932 0.00435812 0.0127838 -0.00406757 -0.0139652 0.000674282 0.00188126 0.000848624 0.000439735 -0.0010604 0.00118483 0.00994373 0.000330699 0.000855697 0.00212706 0.000388567 0.00212983 0.00282478 0.00377282 0.0048364 0.00659711 0.00318561 0.000942031 0.00206603 -0.000387357 0.00130418 0.00206901 0.00289384 0.000146847 0.000713978 0.00279854 0.00153125 0.0010681 0.00462568 0.000406296 0.00126239 3.48695e-05 -0.000136718 -0.000212634 6.77146e-05
internal_weight=2412 260 229 75.5 153.5 129 64.5 64.5 44 2152 42 2086 1580.5 524.5 1056 88 484 445.5 505.5 968 220 180 168.5 116.5 62.5 77 88 61 225.5 337 168.5 100.5 891 297 54 56 231 92 135.5 41 94.5 594 550 300
internal_count=1533 203 172 57 115 104 52 52 43 1330 42 1294 862 286 576 48 264 243 432 528 120 104 144 94 40 42 64 46 123 288 144 86 486 162 54 56 102 40 87 41 46 324 300 200
is_linear=0
shrinkage=0.08


Tree=27
num_leaves=45
num_cat=0
split_feature=34 36 0 36 10 0 0 37 37 14 14 36 21 37 22 3 22 6 35 21 36 30 10 21 37 0 0 37 35 36 31 36 35 13 13 5 13 37 20 37 36 37 29 33
split_gain=4.06832 21.442 53.9171 0.454689 0.283862 0.127006 0.0823968 0.114478 0.102044 0.0573076 0.188636 0.0526793 0.0405137 0.0371316 0.0597696 0.0547314 0.0685267 0.0457638 0.0367055 0.0580399 0.0335352 0.14187 0.0910574 0.0283096 0.0264316 0.0252822 0.0243064 0.0578505 0.0193842 0.0190859 0.0179541 0.014703 0.0138955 0.0153959 0.023312 0.0136998 0.0111309 0.0151372 0.0109527 0.00908036 0.00770217 0.00750814 0.00877247 0.00684236
threshold=1.0000000180025095e-35 1.5000000000000002 16.415000000000003 2.5000000000000004 9.9550000000000018 15.765000000000002 14.695000000000002 8.5250000000000004 6.8050000000000006 8.5500000000000025 8.4550000000000018 2.5000000000000004 15.000000000000002 10.105000000000002 13.600000000000003 17.325000000000003 10.200000000000001 10.085000000000003 1.5000000000000002 5.6000000000000005 2.5000000000000004 0.50000000000000011 9.8950000000000014 2.3000000000000003 14.160000000000002 14.240000000000002 16.805000000000003 11.911538461538465 1.5000000000000002 2.5000000000000004 6.9000000000000012 1.5000000000000002 1.5000000000000002 9.5600000000000005 9.7700000000000014 10.105000000000002 7.4800000000000013 9.9950000000000028 0.50000000000000011 17.280000000000005 2.5000000000000004 16.195000000000004 1.0000000000000002 2.5000000000000004
decision_type=2 2 2 2 2 2 2 2 2 2 2 2 2 2 2 2 2 2 2 2 2 2 2 2 2 2 2 2 2 2 2 2 2 2 2 2 2 2 2 2 2 2 2 2
left_child=1 -1 3 -3 5 6 18 8 12 10 11 31 -8 15 17 16 -13 -15 24 23 22 -22 32 25 29 -20 28 -28 -23 -2 -18 41 33 -11 -35 36 -33 -38 -31 -37 -9 42 -7 -34
right_child=4 2 -4 -5 -6 9 7 40 -10 20 -12 13 -14 14 -16 -17 30 -19 19 -21 21 26 -24 -25 -26 -27 27 -29 -30 38 -32 35 43 34 -36 39 37 -39 -40 -41 -42 -43 -44 -45
leaf_value=0.034766069952197172 0.0017073253312472453 0.0026499094472577172 -0.13260534689976619 0.018222340556482475 -0.0044491085985844791 -0.00095020468768320591 0.0019906742265447972 0.00086596874573372374 0.0095900521261824499 2.1721983973776212e-05 0.0057488014029734059 -0.0016490158579018834 0.0064121502354031511 0.0069565085807572237 0.0002163635664397762 0.0032059447139501573 0.0027011510085624951 0.0026952740846684685 -0.0012038854240543312 -0.0034257882918852073 -0.0045922277269489836 0.00039284896863368802 0.0038463421978733761 0.0033582771115470678 6.6478491256323946e-05 0.0022889134296703905 0.0026689517806316241 -0.0016582793469230334 -0.0019204942934653339 0.0021760160832301431 0.00048320284338442833 0.0010478897663776202 -0.00099106679980953531 0.0031182803118135782 9.8747027158323274e-05 0.0014465442355515992 -0.00099692932683332204 0.00089759606381385531 0.0044501951246550585 -0.00024174373286465806 0.0024627416330421791 -0.0011220910430420191 0.00023653945498799367 -2.9568371828645468e-05
leaf_weight=37 112 24 26 24 66 47.5 36 58 27 162 49.5 73 21 23 42 50 48 54 36 24 49.5 51 44 24 42 21 58 30 42.5 23 45.5 60.5 90 30 36 135.5 72.5 43 33 24 29 40 248 100
leaf_count=31 112 24 14 24 36 25 27 44 21 108 27 32 21 21 32 20 21 37 36 24 27 34 24 24 42 21 25 23 17 23 20 33 36 20 24 63 31 32 33 24 22 40 118 40
internal_value=6.85424e-12 -0.0149591 -0.0398217 0.0104361 0.000721626 0.000874318 0.00201836 0.00343214 0.0055387 0.000556421 0.000927389 0.00069027 0.00361964 0.00150877 0.00264396 0.000884804 0.000187765 0.00396811 0.00125087 2.95908e-05 -8.86247e-06 -0.000795888 0.00038465 0.00105341 0.00186151 8.29352e-05 0.000239477 0.00119376 -0.000658671 0.00231027 0.00162183 0.000281021 2.02618e-05 0.000441326 0.00147126 0.000655504 0.000168844 -0.000291608 0.00351616 0.00119251 0.00139823 -9.34622e-05 4.57769e-05 -0.000485015
internal_weight=2412 111 74 48 2301 2235 486 171 84 1749 1056 1006.5 57 335.5 119 216.5 166.5 77 315 105 693 231 462 81 210 57 181.5 88 93.5 168 93.5 671 418 228 66 335.5 176 115.5 56 159.5 87 335.5 295.5 190
internal_count=1533 93 62 48 1440 1404 450 135 69 954 576 549 48 183 90 93 73 58 315 105 378 126 252 81 210 57 99 48 51 168 41 366 228 152 44 183 96 63 56 87 66 183 143 76
is_linear=0
shrinkage=0.08


Tree=28
num_leaves=45
num_cat=0
split_feature=34 37 37 4 37 2 2 37 36 10 14 13 28 36 37 14 20 16 7 36 35 21 37 21 37 2 32 32 37 2 37 37 35 2 36 36 14 37 21 37 37 14 2 16
split_gain=3.44342 18.4164 4.48775 0.321369 0.990196 0.0959929 0.0697406 0.0968943 0.096285 0.0418651 0.0550139 0.138842 0.124628 0.0360023 0.041207 0.0629063 0.0538132 0.0457394 0.0340578 0.0316818 0.0310675 0.049125 0.0263923 0.0239613 0.0223717 0.0213988 0.0181753 0.033155 0.0207102 0.0172811 0.013622 0.0114354 0.0108424 0.0105436 0.0102834 0.00961733 0.0111798 0.0106495 0.0142569 0.0102996 0.010282 0.0143339 0.00953223 0.00722671
threshold=1.0000000180025095e-35 9.7850000000000019 2.9500000238418584 17.955000000000002 11.802307692307695 15.625000000000002 14.570000000000002 8.5250000000000004 2.5000000000000004 9.9450000000000021 8.490000000000002 8.2800000000000011 60.800000000000004 2.5000000000000004 10.105000000000002 7.8200000000000012 4.2000000000000011 6.5950000000000015 10.065000000000003 1.5000000000000002 1.5000000000000002 5.6000000000000005 8.8450000000000006 2.3000000000000003 14.160000000000002 14.160000000000002 3.3000000000000003 5.1000000000000005 9.7850000000000019 14.335000000000003 7.9050000000000011 9.5600000000000005 1.0000000180025095e-35 17.475000000000005 2.5000000000000004 1.5000000000000002 7.8200000000000012 7.5750000000000002 7.0000000000000009 9.9950000000000028 10.875000000000002 7.5250000000000012 16.715000000000003 6.0388461538461549
decision_type=2 2 2 2 2 2 2 2 2 2 2 2 2 2 2 2 2 2 2 2 2 2 2 2 2 2 2 2 2 2 2 2 2 2 2 2 2 2 2 2 2 2 2 2
left_child=1 2 -1 5 -5 6 20 8 19 10 11 13 -13 35 15 17 18 30 -16 -8 24 23 -12 25 29 -22 31 -28 -29 34 -15 -24 -30 -34 -2 -7 37 -37 40 -38 42 -42 -39 -33
right_child=3 -3 -4 4 -6 9 7 -9 -10 -11 22 12 -14 14 16 -17 -18 -19 -20 -21 21 -23 26 -25 -26 -27 27 28 32 -31 -32 43 33 -35 -36 36 39 38 -40 -41 41 -43 -44 -45
leaf_value=-0.0020686967842853989 0.0013456430899131358 -0.051094331874822575 0.041899321258661075 -0.0098430003113453342 0.0067890805026723277 -9.4559983688243356e-05 0.0012775671786429093 0.0012863682656503422 0.0089260085896655378 0.0028760176268641398 -0.0013349351365533142 0.0065654387430410192 0.00088855818967626548 0.0033708458798272266 0.0062127183098345997 -0.0016358586738964445 -0.00028123191744089127 -0.00050073598264431464 0.0025464577853679662 0.0050832372730863955 -0.0011075746004159252 -0.003151725212519523 -0.0011700946202984563 0.00308961490712439 6.1160211847718096e-05 0.0021058003542323909 0.0029729279577968295 0.0016407438530808404 0.00080920046298868118 0.004272139285291944 0.0014796418919238252 0.001105285720109488 5.462531994217662e-05 -0.0016189484410630217 0.002765046503318816 -0.00015576245940544388 -0.0010774078741669654 0.0011679051547896031 -0.00028805692999126159 0.00080002269154647368 -0.00063275787476283906 0.0020315822320602214 0.0028381382782807513 -0.00016297435604131695
leaf_weight=39 98 48 24 63 36 308 28 87 28 49.5 90 49.5 49.5 52.5 24 57 30 49 50 28 36 24 67.5 24 42 21 34.5 52.5 45 21 45.5 33 54 43.5 49 55 45 43 36.5 32 28 24 44.5 223.5
leaf_count=39 98 39 15 27 27 168 23 66 23 27 36 27 27 21 21 25 23 21 36 23 36 24 27 24 42 21 21 21 45 21 21 18 27 21 49 22 19 20 21 23 23 20 20 135
internal_value=5.71454e-11 -0.0137624 0.014681 0.000663895 -0.00379497 0.000864362 0.00185689 0.00315757 0.0050956 0.000583262 0.000515161 0.000879713 0.003727 0.000574647 0.00128086 0.000620162 0.00257684 0.00149495 0.00373552 0.0031804 0.0011508 2.72236e-05 -6.43843e-05 0.000969134 0.00171259 7.63004e-05 0.000142209 0.000686905 0.000282454 0.00212545 0.00249279 -0.000243616 -0.000217968 -0.000692046 0.00181878 0.000221542 0.000537643 0.000815917 0.00111957 -0.000297177 0.00148787 0.000596938 0.00201734 1.93607e-07
internal_weight=2412 111 63 2301 99 2202 486 171 84 1716 1666.5 1023 99 924 308 204 104 147 74 56 315 105 643.5 81 210 57 553.5 229.5 195 168 98 324 142.5 97.5 147 616 308 231 176 77 139.5 52 87.5 256.5
internal_count=1533 93 54 1440 54 1386 450 135 69 936 909 558 54 504 168 88 80 63 57 46 315 105 351 81 210 57 315 135 114 168 42 180 93 48 147 336 168 126 104 42 83 43 40 153
is_linear=0
shrinkage=0.08


Tree=29
num_leaves=45
num_cat=0
split_feature=34 36 1 37 4 35 1 1 37 37 34 10 15 34 35 36 37 22 16 37 1 37 21 1 35 21 15 37 7 31 1 1 5 22 36 37 37 37 16 19 36 29 34 30
split_gain=2.91451 18.1485 45.5017 0.403529 0.272006 1.10023 0.0812484 0.0590285 0.0820113 0.0863702 0.0356786 0.0354347 0.0544107 0.104412 0.0514687 0.0440321 0.0309479 0.11329 0.0583065 0.0763836 0.0506522 0.0383916 0.046099 0.0292194 0.0262956 0.0415794 0.0308923 0.0189354 0.0179134 0.0149468 0.0149024 0.0146267 0.0141078 0.0124106 0.0122047 0.0108546 0.00930725 0.0115107 0.00717783 0.00659523 0.00651912 0.00517159 0.0058256 0.00482557
threshold=1.0000000180025095e-35 1.5000000000000002 16.375000000000004 2.9500000238418584 17.955000000000002 1.5000000000000002 15.695000000000002 14.640000000000002 8.5250000000000004 6.8050000000000006 43.900000000000013 9.9450000000000021 1.6600000000000001 10.900000000000004 1.5000000000000002 1.5000000000000002 7.8950000000000005 14.300000000000002 6.8850000000000025 9.7950000000000017 17.845000000000002 10.105000000000002 0.50000000000000011 17.820000000000004 1.5000000000000002 5.6000000000000005 2.1715384615384621 14.160000000000002 9.9950000000000028 1.0000000180025095e-35 13.350000000000003 14.365000000000002 10.115 13.600000000000003 2.5000000000000004 15.935000000000002 4.8450000000000006 13.710000000000003 6.1800000000000015 2.3000000000000003 2.5000000000000004 1.0000000000000002 71.100000000000023 7.1000000000000005
decision_type=2 2 2 2 2 2 2 2 2 2 2 2 2 2 2 2 2 2 2 2 2 2 2 2 2 2 2 2 2 2 2 2 2 2 2 2 2 2 2 2 2 2 2 2
left_child=1 -1 3 -3 6 -6 7 24 9 10 -9 12 14 -14 29 41 17 28 19 23 21 38 32 -18 27 26 30 31 -17 -8 -26 36 -23 -24 -16 -35 -2 39 -21 -38 -10 -15 43 -43
right_child=4 2 -4 -5 5 -7 11 8 40 -11 -12 -13 13 15 34 16 18 -19 -20 20 -22 22 33 -25 25 -27 -28 -29 -30 -31 -32 -33 -34 35 -36 -37 37 -39 -40 -41 -42 42 -44 -45
leaf_value=0.033085776543295066 0.0026316509927726455 0.0038870804498975092 -0.12077071593357967 0.018608506714755838 -0.011190165704961315 0.0057471784452597296 0.0018548637343984511 0.001023625520368417 0.00069378177346340539 0.0084151996113359922 0.0050321907291395801 0.0026459361608093136 0.0043727482460213431 -0.00091071059207685978 -0.00068218778260052215 -0.0026742900382727385 0.0017455505141681369 0.0021973628829184333 0.0039596712030470372 0.00014399219103242186 -0.0018633248491419685 0.0046821985758883373 0.001525731101970781 0.0041528465151786801 0.0015714727500120975 -0.0028995872378194082 0.0032993150405430543 5.6267411862444576e-05 -0.00066016593518165444 0.0002628304002782664 -0.0011101277198435533 0.0039303682043793651 0.0022788386102075933 0.00074446148244896899 -0.0019117453914255867 -0.0011703367451102371 0.00019748816596499335 0.0027825455084287869 -0.0013010321938517419 0.001709555265493691 0.002162812852846651 -2.8078299457609484e-05 -0.00044243382628668442 0.00076882441757948367
leaf_weight=37 45 26 26 22 54 45 45 30 58 27 27 49.5 49.5 44 155 50 91 95 48 44 54 22 44 50 21 24 24 42 65 234 36 21 54 40 77.5 36 48 24 44 30 29 132 115.5 77
leaf_count=31 45 26 14 22 36 18 30 21 44 21 27 27 27 24 62 20 38 38 32 22 36 20 34 20 21 24 24 42 26 156 36 21 36 22 31 36 48 24 22 30 22 72 63 42
internal_value=1.55646e-11 -0.0126614 -0.035535 0.0106344 0.000610784 -0.00349137 0.000795213 0.00170834 0.00290497 0.00468796 0.00292242 0.000536601 0.000473948 0.000778149 -0.000212958 0.000617197 0.000974207 0.000152972 0.00130145 0.00103508 0.000382588 0.000809628 0.00143288 0.0025992 0.00105874 2.50457e-05 0.000891604 0.00157558 -0.00153587 0.00051961 -0.00012217 0.00195541 0.00297455 0.000456488 -0.00109204 -0.000162548 0.00167328 0.00125046 -0.00057852 0.000779052 0.00118346 -9.68229e-05 1.35348e-05 0.000265517
internal_weight=2412 111 74 48 2301 99 2202 486 171 84 57 1716 1666.5 1155 511.5 1105.5 737 210 527 479 338 284 196 141 315 105 81 210 115 279 57 168 76 120 232.5 76 147 102 88 78 87 368.5 324.5 209
internal_count=1533 93 62 48 1440 54 1386 450 135 69 48 936 909 630 279 603 402 84 318 286 228 192 148 58 315 105 81 210 46 186 57 168 56 92 93 58 147 102 44 78 66 201 177 114
is_linear=0
shrinkage=0.08


Tree=30
num_leaves=45
num_cat=0
split_feature=34 36 1 36 4 37 1 36 1 37 32 34 7 37 36 37 37 37 1 34 37 35 1 23 36 37 33 36 23 7 1 37 1 15 36 7 18 37 3 35 18 37 37 17
split_gain=2.46684 15.3609 38.5126 0.384848 0.230226 0.947478 0.0687687 0.0534573 0.0608187 0.0577414 0.0343648 0.149215 0.0400845 0.0827315 0.0550468 0.0369232 0.0347841 0.0316463 0.0352388 0.0352363 0.0310526 0.0260253 0.0361958 0.0211363 0.0207004 0.0192588 0.017791 0.0167837 0.0166634 0.0160397 0.0157912 0.0202242 0.0140916 0.0147951 0.0108899 0.0108234 0.00926832 0.0149338 0.00723698 0.00716967 0.00658292 0.00668947 0.00759604 0.00569754
threshold=1.0000000180025095e-35 1.5000000000000002 16.375000000000004 2.5000000000000004 17.955000000000002 11.802307692307695 15.695000000000002 2.5000000000000004 14.640000000000002 8.8800000000000008 1.0000000180025095e-35 10.700000000000005 10.145000000000001 10.875000000000002 2.5000000000000004 9.5600000000000005 8.7750000000000004 10.105000000000002 16.140000000000004 74.200000000000017 9.6200000000000028 1.5000000000000002 16.765000000000004 19.500000000000004 2.5000000000000004 3.0500000000000003 0.3000000000000001 1.5000000000000002 1.1000000000000003 10.770000000000001 14.695000000000002 9.0050000000000008 17.860000000000003 3.1650000000000005 1.5000000000000002 9.9200000000000017 6.4000000000000012 4.9500000000000011 16.440000000000001 1.0000000180025095e-35 7.6000000000000005 3.0500000000000003 4.8450000000000006 1.3
decision_type=2 2 2 2 2 2 2 2 2 2 2 2 2 2 2 2 2 2 2 2 2 2 2 2 2 2 2 2 2 2 2 2 2 2 2 2 2 2 2 2 2 2 2 2
left_child=1 -1 3 -3 6 -6 7 27 25 -10 11 -8 17 14 15 34 -16 18 20 26 -12 22 43 29 38 -9 -19 -2 -28 -15 40 -32 33 39 -14 -26 37 -27 -23 -31 41 -29 -43 -20
right_child=4 2 -4 -5 5 -7 10 8 9 -11 12 -13 13 23 16 -17 -18 19 21 -21 -22 24 -24 -25 35 36 28 30 -30 32 31 -33 -34 -35 -36 -37 -38 -39 -40 -41 -42 42 -44 -45
leaf_value=0.030438912788380845 0.00040260186087430662 0.0026203305274248123 -0.11110906014075646 0.016946966797113418 -0.0091281952608435867 0.0071411673874697754 -0.00095589428674429659 -0.00042959264763023543 0.0071126125566661359 0.0019813282027840613 0.0020581192162426763 0.0044235690897612865 -0.00029456443895053654 -0.0019436170959046908 0.0019672163099050521 0.0028902318309289667 0.0050069276924415299 0.0020282463849677392 -8.4378854138776659e-05 0.0036594767276956525 -0.00063105610775805645 0.00020309357207856681 0.0017840424253679683 -0.0020989702927569549 -0.0021437406499277461 0.0044812010210880547 -0.00025617062282011222 5.890807935169765e-05 0.0018518105364249398 0.00058908481469067432 0.0039548845484387134 0.00080397629433057519 -0.00061636389218389044 -8.9054617934697679e-05 0.0011165712566248008 -0.00067436711561112185 0.00074039681681564869 0.0018147526889267128 -0.00066420728542975014 0.0021656275975207489 -0.00027559584960164057 0.0029545720506991657 0.0011119354382778208 -0.0011191613839140961
leaf_weight=37 162 24 26 24 63 36 66 23 32 25 79.5 66 70 21 50 53 46.5 42 180 27 42 95 72 30 82.5 20 120 21 30 30 32 22 63 63 70 52.5 21 41 175 48 21 21 45 42
leaf_count=31 150 24 14 24 27 27 36 23 25 20 33 36 28 18 20 24 20 36 90 27 21 38 36 21 33 20 120 21 21 30 24 18 42 42 28 21 21 41 70 24 21 21 45 21
internal_value=-4.07624e-11 -0.0116485 -0.0326922 0.00978365 0.000561921 -0.00321206 0.000731596 0.00157167 0.00275823 0.00486205 0.000493673 0.00173384 0.000390326 0.000946376 0.00187187 0.00109183 0.00343195 9.90621e-05 -0.000128984 0.000953452 0.00112853 -0.000347564 0.000225368 -0.000104328 -0.00076347 0.00161616 0.000572918 0.000978389 0.000165426 0.000161624 0.00155418 0.00267118 0.00037834 0.000822782 0.000411003 -0.00157232 0.00218997 0.002689 -0.000359046 0.00155926 0.000995673 0.00130253 0.00169823 -0.000280149
internal_weight=2412 111 74 48 2301 99 2202 486 162 57 1716 132 1584 544.5 289.5 193 96.5 1039.5 820.5 219 121.5 699 294 255 405 105 192 324 150 225 162 54 204 141 140 135 82 61 270 78 108 87 66 222
internal_count=1533 93 62 48 1440 54 1386 450 150 45 936 72 864 297 120 80 40 567 363 204 54 309 147 177 162 105 177 300 141 156 150 42 138 96 56 54 82 61 108 54 108 87 66 111
is_linear=0
shrinkage=0.08


Tree=31
num_leaves=45
num_cat=0
split_feature=34 36 0 36 10 13 36 31 4 6 33 0 16 36 17 21 33 23 25 36 33 4 36 36 17 28 0 0 21 21 31 13 34 21 36 34 8 36 17 3 22 31 29 29
split_gain=2.08794 13.0015 32.5971 0.325736 0.195741 0.0626109 0.0494086 0.0348049 0.111206 0.0414541 0.0336886 0.0240526 0.0322899 0.0157902 0.0113394 0.0082468 0.00816128 0.00813953 0.0108113 0.0188256 0.135487 0.106356 0.00974481 0.00971356 0.00668522 0.0063045 0.00544941 0.00665811 0.00651058 0.00360508 0.00355205 0.00323654 0.0031163 0.00296977 0.00244834 0.00238577 0.00146565 0.00237535 0.0012735 0.00126165 0.00113533 0.000964596 0.00131582 0.0011051
threshold=1.0000000180025095e-35 1.5000000000000002 16.415000000000003 2.5000000000000004 9.9550000000000018 7.3250000000000011 2.5000000000000004 1.0000000180025095e-35 16.475000000000005 10.085000000000003 3.3000000000000003 15.345000000000001 8.0400000000000009 1.5000000000000002 0.50000000000000011 2.3000000000000003 1.0000000180025095e-35 19.500000000000004 6.6000000000000005 2.5000000000000004 4.6000000000000005 17.860000000000003 1.5000000000000002 2.5000000000000004 3.3000000000000003 54.20000000000001 15.695000000000002 14.760000000000003 5.6000000000000005 3.0000000000000004 3.9000000000000004 7.5250000000000012 34.600000000000009 2.7000000000000006 1.5000000000000002 46.100000000000009 9.9950000000000028 1.5000000000000002 5.9000000000000012 16.185000000000006 29.300000000000004 0.50000000000000011 4.6000000000000005 1.7000000000000004
decision_type=2 2 2 2 2 2 2 2 2 2 2 2 2 2 2 2 2 2 2 2 2 2 2 2 2 2 2 2 2 2 2 2 2 2 2 2 2 2 2 2 2 2 2 2
left_child=1 -1 3 -3 5 6 13 8 -7 31 14 12 -12 16 -8 -15 -2 18 19 21 -21 22 33 25 -16 -20 27 28 -17 -22 -24 -9 40 -11 -27 -34 41 -38 -26 -39 -18 -33 43 -43
right_child=4 2 -4 -5 -6 7 10 9 -10 17 11 -13 -14 15 24 26 32 -19 23 20 29 -23 30 -25 38 34 -28 -29 -30 -31 -32 36 35 -35 -36 -37 37 39 -40 -41 -42 42 -44 -45
leaf_value=0.028003799049435438 0.0018302270574938684 0.0024107042327523231 -0.1022203306051401 0.015591209754347801 -0.0037768042093199311 -0.00091489160320524013 0.00018954944499354398 0.00032529561001468787 0.0034908524583460712 -0.00078364188058508766 0.006561591626019575 0.0021799738590533918 0.0023438887777073041 0.00064495718390567285 0.0029518111300869633 0.0023220519946577649 0.00013913708928404219 -0.00012144551428994447 0.0016812480071728881 -0.0041887550097104015 0.0010496572126643827 0.0045396115884862162 0.0013691118627472162 0.0020880093377535092 0.0010033109868472477 8.6446874351664034e-05 0.0009167217107129876 0.0026945181350622859 0.00051113933186840133 0.0020818376715307113 0.00040220301711198057 7.119016947619843e-05 0.00090189593197891917 7.0491387424143873e-05 0.00093039182099429049 6.3373135172953022e-05 0.00047049771655689586 -0.00046367144720120865 0.0017384507629488197 0.00011106692847203126 -0.00036729876276686655 -0.00032670658877274639 -0.00015975935899680764 -0.00070470368450817962
leaf_weight=37 21 24 26 24 66 66 36 82.5 82.5 49.5 26 52 21 82 26 24 59 66 44 38.5 49.5 44 38.5 66 26.5 44 44 45.5 27 38.5 66 49.5 49 55 44 39 49.5 55 35 44 54.5 198 231 66
leaf_count=31 21 24 14 24 36 36 36 45 45 27 24 30 21 72 24 24 54 36 24 21 27 24 21 36 18 24 24 36 27 21 36 27 33 30 24 33 27 30 30 24 42 108 126 36
internal_value=1.83101e-11 -0.0107166 -0.0300768 0.00900096 0.000516967 0.000643763 0.00129263 0.000367452 0.00153274 0.000245503 0.002266 0.00336547 0.00467709 0.00080594 0.00138465 0.00128248 0.000329396 0.000720181 0.000816367 0.000566344 -0.0002305 0.000964766 0.000212167 0.00129558 0.00187635 0.000899362 0.00165456 0.00199099 0.00136333 0.00150124 0.000758433 -0.000148378 0.000172981 -0.000334098 0.000508419 0.000530278 -0.000204768 1.80111e-05 0.00142168 -0.000208232 -0.000104041 -0.000265526 -0.000299197 -0.000421206
internal_weight=2412 111 74 48 2301 2235 667.5 1567.5 148.5 1419 222.5 99 47 445 123.5 222.5 222.5 643.5 577.5 379.5 126.5 253 209 198 87.5 132 140.5 96.5 51 88 104.5 775.5 201.5 104.5 88 88 693 148.5 61.5 99 113.5 544.5 495 264
internal_count=1533 93 62 48 1440 1404 549 855 81 774 183 75 45 366 108 183 183 351 315 207 69 138 114 108 72 72 111 87 51 48 57 423 162 57 48 66 378 81 48 54 96 297 270 144
is_linear=0
shrinkage=0.08


Tree=32
num_leaves=45
num_cat=0
split_feature=37 33 32 10 37 33 37 0 0 36 36 36 36 30 32 30 13 14 36 9 37 37 14 26 37 0 37 17 10 13 36 27 37 0 37 19 12 6 0 37 14 0 29 33
split_gain=0.967309 19.663 0.540491 0.45961 0.358415 0.671242 1.91588 3.69891 2.13401 1.26677 0.44519 0.333174 0.114066 1.26555 0.724832 1.45405 0.253734 0.0731839 0.068124 0.0619271 0.0606042 0.0425859 0.0353131 0.0330963 0.052812 0.0316482 0.0719566 0.0265996 0.0207874 0.0315677 0.0384024 0.0200491 0.0180039 0.0182644 0.0215595 0.0383833 0.0113538 0.0070867 0.00782519 0.00684773 0.00558635 0.00755144 0.0067579 0.00493713
threshold=16.415000000000003 0.3000000000000001 0.70000000000000007 9.9550000000000018 2.9600000238418587 1.0000000180025095e-35 8.9450000000000021 16.155000000000005 16.425000000000004 1.5000000000000002 1.5000000000000002 2.5000000000000004 2.5000000000000004 1.0000000180025095e-35 1.0000000180025095e-35 1.0000000180025095e-35 9.7700000000000014 7.5750000000000002 2.5000000000000004 11.992692307692311 7.8500000000000005 10.875000000000002 7.4400000000000004 1.0000000180025095e-35 11.245000000000003 15.280000000000003 5.3900000000000015 3.3000000000000003 9.8000000000000025 8.3150000000000013 1.5000000000000002 2.3000000000000003 13.095000000000002 15.555000000000001 5.6350000000000007 5.6000000000000005 7.9050000000000011 11.974615384615387 16.895000000000003 9.3250000000000011 8.4200000000000017 17.680000000000003 26.500000000000004 5.5000000000000009
decision_type=2 2 2 2 2 2 2 2 2 2 2 2 2 2 2 2 2 2 2 2 2 2 2 2 2 2 2 2 2 2 2 2 2 2 2 2 2 2 2 2 2 2 2 2
left_child=3 -2 -3 4 10 6 7 -6 9 -8 -1 -11 14 -14 15 -7 17 21 -12 27 -19 25 -4 36 -25 26 -15 40 29 30 -24 -32 33 34 35 -29 -22 38 -31 -38 41 42 -16 -34
right_child=1 2 22 -5 5 12 8 -9 -10 11 18 -13 13 16 19 -17 -18 20 -20 -21 23 -23 28 24 -26 -27 -28 32 -30 37 31 -33 43 -35 -36 -37 39 -39 -40 -41 -42 -43 -44 -45
leaf_value=-0.011547739444808526 -0.076955083930886098 0.012386025923850208 -0.0019809838115341133 -0.0067367208790447978 2.5996071935603114e-05 0.020044571062096873 0.025028893050292267 0.04082166883945465 -0.010929896701122439 -0.0047738475757448566 -0.0027377059570316115 0.0088429974926554633 -0.011323495318189448 0.0022570845629910335 0.00015327169331468237 -0.00032144139341095036 -0.0061391128646948977 -0.0028932204246520997 0.0024027085789676871 0.0028174409166806277 0.0011101902893611364 0.00043002159690644712 -0.00064994317386299382 0.0032507945011362779 -0.00028587234166005382 0.0021901184090867983 0.0083044732362031939 0.0033361723436973988 0.0033140272010738652 1.0321335770034542e-05 0.0054344883766025308 0.0018523906911723316 -0.0009766509313663442 0.00071373951991388052 0.0037865714344661682 -0.0015062113205203786 -0.0012838041740987035 0.0010427754224898915 -0.0018412128822611912 0.00012381097280431068 -0.00030079804740572438 0.0011359712315930262 -0.00089260910934006624 0.00059101980994455514
leaf_weight=33 22 29 27 54 33 37 23 25 60 23 33 23 61 34 390 57 31.5 32.5 33 63 35 61 20 65.5 46 129 20 22 24 48 20 20 36 168 32 20 45 24 21 43.5 279 45 44 20
leaf_count=33 22 29 27 24 33 22 20 10 27 20 33 20 35 34 234 32 14 13 33 28 21 55 20 27 23 60 18 22 24 48 20 20 36 76 26 20 18 24 21 23 124 20 24 20
internal_value=-7.2394e-12 -0.0046595 0.0021667 0.000550845 0.000737972 0.000970102 0.00553401 0.0176103 0.00010435 0.00969935 -0.00396091 0.00203457 0.000500399 -0.000397864 0.000947678 0.00769497 0.000829509 0.00125866 -0.000167499 0.000380882 0.000344742 0.0022606 0.000713948 0.000792545 0.00179172 0.0028708 0.00449686 0.000235519 0.00112504 0.000781669 0.00221231 0.00364344 0.000875876 0.001175 0.00222219 0.00103028 -0.000109545 -0.000141327 -0.000553189 -0.000591926 -1.62306e-05 0.00014952 4.72377e-05 -0.000416769
internal_weight=2412 255 233 2157 2103 2004 187 58 129 69 99 46 1817 604 1213 94 543 511.5 66 1119 267.5 244 204 235 111.5 183 54 1056 177 153 60 40 298 242 74 42 123.5 93 69 88.5 758 479 434 56
internal_count=1533 255 233 1278 1254 1155 130 43 87 60 99 40 1025 341 684 54 306 292 66 630 125 167 204 112 50 112 52 602 177 153 60 40 200 144 68 42 62 93 69 41 402 278 258 56
is_linear=0
shrinkage=0.08


Tree=33
num_leaves=45
num_cat=0
split_feature=34 35 1 35 4 35 36 35 16 16 14 31 21 37 1 10 33 20 35 31 4 37 22 21 4 33 5 36 8 15 33 16 37 34 29 37 23 20 18 16 23 34 37 33
split_gain=1.8504 14.0602 25.085 1.15452 0.19308 1.05795 0.0576541 0.0404916 0.0983621 0.0834217 0.0422125 0.0368687 0.0455308 0.0420808 0.034693 0.0297582 0.0250838 0.0211353 0.0175701 0.0457199 0.0919517 0.0305785 0.0255799 0.0253354 0.0151428 0.0146889 0.013337 0.0160797 0.0148738 0.0130879 0.0118511 0.0108859 0.00795665 0.00615322 0.00577688 0.00679501 0.0146137 0.0069286 0.00958647 0.00538418 0.00516406 0.00600268 0.0111761 0.00489733
threshold=1.0000000180025095e-35 1.5000000000000002 16.375000000000004 1.0000000180025095e-35 17.955000000000002 1.5000000000000002 2.5000000000000004 1.5000000000000002 6.4000000000000012 6.2750000000000004 7.455000000000001 1.0000000180025095e-35 1.1000000000000003 10.675000000000002 17.820000000000004 9.9450000000000021 5.7000000000000002 0.3000000000000001 1.5000000000000002 1.0000000180025095e-35 16.475000000000005 9.0050000000000008 77.200000000000003 10.000000000000002 17.070000000000004 4.6000000000000005 10.875000000000002 1.5000000000000002 5.8650000000000011 2.5457692307692312 1.0000000180025095e-35 7.0450000000000008 16.330000000000002 25.100000000000005 22.000000000000004 11.992692307692311 5.4000000000000012 3.0000000000000004 1.5000000000000002 6.8350000000000017 3.9000000000000004 10.900000000000004 16.590000000000003 6.9000000000000012
decision_type=2 2 2 2 2 2 2 2 2 2 2 2 2 2 2 2 2 2 2 2 2 2 2 2 2 2 2 2 2 2 2 2 2 2 2 2 2 2 2 2 2 2 2 2
left_child=1 2 3 -1 6 -6 15 8 14 16 29 -10 24 -14 17 18 -9 -8 19 20 -2 22 -21 26 32 -12 28 -28 -20 -11 -23 33 39 -30 35 36 37 38 -32 -13 41 -37 -43 -19
right_child=4 -3 -4 -5 5 -7 7 9 11 10 25 12 13 -15 -16 -17 -18 43 23 21 -22 30 -24 -25 -26 -27 27 -29 31 -31 34 -33 -34 -35 -36 40 -38 -39 -40 -41 -42 42 -44 -45
leaf_value=0.014753320109060344 0.00029679352005657094 0.028597794807492156 -0.097823651432991029 -0.010060862582176923 -0.010518904247804097 0.0060898659469352827 0.0023400847955296435 0.00093984974473714834 0.0050782428059194772 -0.00011106676603150037 -0.00064521857723593714 -0.00016563046316150576 0.00511027705890161 0.0016867863874649631 -0.0023243465051054953 0.0027277967892587185 0.0033438698339462282 0.00050448344951426545 0.0007871431530782439 0.0010012767485835974 0.0058585809543728832 0.001653962506679818 0.0042559819445014005 0.0015789180553085252 0.0027863059927605923 -0.0024275926291942597 -0.0003725154622440459 0.0014421810805797578 -0.00092640345916152002 0.0019676517899192515 0.00011665374739095569 -0.0014586281911092432 0.0021222516728565096 -0.00013406071267518156 -0.00068496556904423854 -0.00091250575513792385 0.0016293239059786385 -0.00048221806413494049 0.0015209594909101727 0.0011641351490183488 -0.00088040676426608122 -9.9674541498269016e-05 0.0015219538091846251 -0.00073253247548233388
leaf_weight=24 52 39 24 24 54 45 36 50 35 36 72.5 40 54 40 30 33 62.5 54 58 68 30 32 20 57 36 50 62.5 62.5 90 42 140 74 25 207 58 36 52 76 40 38 50 136 34 33
leaf_count=24 44 30 15 24 36 18 24 20 28 36 29 20 37 39 20 18 25 36 58 64 20 24 14 36 24 20 25 25 36 24 70 38 25 84 40 36 26 38 20 33 46 128 34 22
internal_value=3.67597e-11 -0.0100886 -0.0310437 0.00234623 0.000486673 -0.00296946 0.000642058 0.00122097 0.0017333 0.000531851 -0.000446459 0.00265724 0.00229357 0.00365347 0.00011491 0.000352603 0.00227542 0.00070985 0.000297982 0.000539032 0.00233159 0.000340932 0.00174098 -2.71009e-05 0.00137392 -0.00137272 -0.000192341 0.000534833 -0.000404222 0.00100824 0.000152546 -0.000590473 0.000880274 -0.000374165 7.53028e-05 0.000153486 0.000406643 0.000158286 0.000428722 0.000482204 -0.000151093 2.59247e-05 0.000224651 3.52705e-05
internal_weight=2412 111 72 48 2301 99 2202 734 421 313 200.5 268 233 94 153 1468 112.5 123 1435 824 82 742 88 611 139 122.5 554 125 429 78 654 371 103 297 622 564 308 256 180 78 256 206 170 87
internal_count=1533 93 63 48 1440 54 1386 462 308 154 109 206 178 76 102 924 45 82 906 604 64 540 78 302 102 49 266 50 216 60 462 158 78 120 438 398 154 128 90 53 244 198 162 58
is_linear=0
shrinkage=0.08


Tree=34
num_leaves=45
num_cat=0
split_feature=34 37 37 10 22 37 31 13 23 5 36 15 25 29 31 37 36 5 14 37 37 37 37 36 16 17 37 37 34 30 2 13 14 21 31 2 36 34 36 15 36 29 34 2
split_gain=1.56618 11.0603 5.83285 0.135006 0.0352783 0.0289093 0.0978053 0.0443679 0.0381054 0.0315792 0.0292399 0.0275092 0.0260506 0.0255374 0.0408202 0.0216744 0.159636 0.0512855 0.0502831 0.0289916 0.0202303 0.0227375 0.0189254 0.0309099 0.0187918 0.016159 0.0176124 0.0223406 0.0191172 0.0219781 0.0183103 0.0153242 0.0147913 0.0123694 0.0118841 0.0164989 0.00851289 0.00835654 0.00864637 0.00695385 0.00688662 0.00680361 0.00639262 0.00579649
threshold=1.0000000180025095e-35 9.7850000000000019 2.9500000238418584 9.9550000000000018 91.600000000000009 16.330000000000002 1.0000000180025095e-35 7.4050000000000011 3.4000000000000004 9.8750000000000018 1.5000000000000002 2.6388461538461545 5.8000000000000007 0.50000000000000011 1.0000000180025095e-35 10.085000000000003 2.5000000000000004 11.035000000000002 7.8950000000000005 9.7850000000000019 3.0500000000000003 14.160000000000002 11.868846153846155 2.5000000000000004 6.8750000000000018 13.900000000000002 10.105000000000002 7.2450000000000001 3.5000000000000004 8.1000000000000014 13.955000000000002 7.5750000000000002 7.7550000000000008 2.3000000000000003 1.7000000000000004 16.590000000000003 2.5000000000000004 25.100000000000005 2.5000000000000004 2.1950000000000003 1.5000000000000002 5.5000000000000009 45.000000000000007 17.650000000000002
decision_type=2 2 2 2 2 2 2 2 2 2 2 2 2 2 2 2 2 2 2 2 2 2 2 2 2 2 2 2 2 2 2 2 2 2 2 2 2 2 2 2 2 2 2 2
left_child=1 2 -1 4 5 7 -7 10 9 34 -2 -11 13 14 -9 17 18 19 -17 24 33 25 23 40 37 26 27 28 -22 36 -28 -10 -21 -12 -8 -36 -30 -15 -39 -34 -14 -29 -23 -33
right_child=3 -3 -4 -5 -6 6 8 12 31 11 20 -13 22 15 -16 16 -18 -19 -20 32 21 42 -24 -25 -26 -27 30 41 29 -31 -32 43 39 -35 35 -37 -38 38 -40 -41 -42 -43 -44 -45
leaf_value=-0.0063345707800143806 0.00018595910965731486 -0.038212355940292278 0.043791386596858502 -0.0031182093574016385 0.002849719003508134 0.0065502462979583507 -0.00080557297833298359 0.0023029857300591807 -0.002433246621152475 0.0045468628111958618 -0.0015512941378013542 0.0011996651574833475 -7.0909521550186416e-05 -0.0014436090765077446 -1.3130245800499642e-05 -0.00070541227617973673 -0.0051861971101268781 0.0017036167195894653 0.0032966006157221272 0.0015299650607630611 -0.00010670798025482023 -0.00040525489088158001 -0.00051541999525701009 0.0027472809480487809 -0.0020536020003535131 0.0031305233796086645 0.0014421803528737083 0.0010473000408804164 0.0023005877888720968 0.00056451631838391563 0.0040394676197320224 0.00094514463424544639 0.00023197314713447207 0.0010748967155814171 0.00013451086865230041 0.0030029669887430611 0.0040777779143789539 7.0160302038017948e-05 -0.0010598847292936765 -0.00080829478524349358 0.0011361546007808575 -0.00024284250355499276 0.0013079424668103457 -0.00067058023375769456
leaf_weight=39 228 48 24 66 42 21 27 70.5 21 33 24 30 60.5 52.5 157.5 54 43 90 32 48 24 46 48 60.5 67.5 46 38 47 34.5 29 32 27 172.5 22 33 21 34.5 130 65 54 60.5 59 20 30
leaf_count=39 178 39 15 36 36 21 27 33 21 33 24 30 26 21 75 36 28 36 20 24 24 46 24 26 27 36 38 22 27 26 18 27 84 22 33 21 27 52 26 27 26 26 20 30
internal_value=-3.89704e-11 -0.00928151 0.012761 0.000447739 0.000553042 0.000509057 0.00133187 0.000406521 0.000838245 0.00160963 0.000925674 0.00295296 0.000126031 -4.47304e-05 0.000703037 -0.000255604 -0.00120626 -7.51258e-05 0.000783709 -0.00034669 0.00129553 0.00147401 0.000897245 0.00127084 -0.00087041 0.00173497 0.00151955 0.00117877 0.00191691 0.0024125 0.00262951 -0.000585855 0.000254302 -0.00029529 0.000564823 0.00125002 0.00318918 -0.000547722 -0.000306521 -1.60378e-05 0.000532623 0.000329202 0.000113896 9.47631e-05
internal_weight=2412 111 63 2301 2235 2193 243 1950 222 144 684 63 1266 1036.5 228 808.5 129 679.5 86 589.5 456 410 229.5 181.5 315 344 298 228 122 98 70 78 274.5 46 81 54 69 247.5 195 226.5 121 106 66 57
internal_count=1533 93 54 1440 1404 1368 243 1125 222 144 534 63 591 489 108 381 84 297 56 261 356 310 102 78 126 244 208 152 104 80 56 78 135 46 81 54 54 99 78 111 52 48 66 57
is_linear=0
shrinkage=0.08


Tree=35
num_leaves=45
num_cat=0
split_feature=37 33 2 4 37 33 29 36 10 37 15 37 22 22 31 36 1 15 36 15 37 37 36 37 0 37 31 22 4 4 5 0 16 7 15 16 27 4 32 37 36 37 37 22
split_gain=0.75324 16.0245 0.527834 0.476687 0.385665 0.712424 1.66015 0.378394 0.205385 0.0791024 0.0737272 0.0658472 0.380466 0.103417 0.0939355 2.15259 0.185257 0.0657231 0.0505366 0.0342963 0.0328156 0.0310119 0.0313276 0.0241417 0.0444587 0.041565 0.0342584 0.0230946 0.0180227 0.0154435 0.0196788 0.0148417 0.0139841 0.0138287 0.0123262 0.0117153 0.00785023 0.00736843 0.00713032 0.00671883 0.00955572 0.00996031 0.0134139 0.0101601
threshold=16.415000000000003 0.3000000000000001 16.455000000000002 17.955000000000002 2.9600000238418587 1.0000000180025095e-35 1.0000000180025095e-35 1.5000000000000002 9.9200000000000017 11.964615518129792 1.7861538866850044 8.0300000000000029 0.70000000000000018 19.300000000000004 1.0000000180025095e-35 2.5000000000000004 16.425000000000004 -0.1650000000000009 1.5000000000000002 2.6488461538461547 9.4550000000000018 12.049615384615388 2.5000000000000004 4.1100000000000003 15.4 6.3050000000000006 3.5000000000000004 15.100000000000001 16.085000000000004 16.565000000000001 11.035000000000002 17.860000000000003 6.5150000000000006 9.9350000000000005 3.1200000000000006 6.2600000000000016 10.400000000000002 16.860000000000003 0.50000000000000011 9.2250000000000032 2.5000000000000004 9.7950000000000017 12.135000000000003 20.100000000000005
decision_type=2 2 2 2 2 2 2 2 2 2 2 2 2 2 2 2 2 2 2 2 2 2 2 2 2 2 2 2 2 2 2 2 2 2 2 2 2 2 2 2 2 2 2 2
left_child=3 -2 -3 4 7 6 9 -1 29 -6 27 12 -7 28 15 16 -13 -16 -15 39 -8 22 32 -20 25 26 -25 -9 -14 -4 37 -23 -21 -30 -24 -26 -32 -31 -22 -19 -41 -42 -43 -44
right_child=1 2 8 -5 5 11 20 10 -10 -11 -12 14 13 18 17 -17 -18 19 23 21 38 31 34 24 35 -27 -28 -29 33 30 36 -33 -34 -35 -36 -37 -38 -39 -40 40 41 42 43 -45
leaf_value=-0.01114621487248576 -0.069376530565998767 0.014476748699322344 0.0016371947852541892 -0.0055346943098436583 0.019330900205119003 0.012031891262158752 -0.00090336593076192993 0.002980896999890154 0.0083953286600964416 0.013568435893083612 -0.0047094468092545869 0.010064802274107934 0.0012763067267403223 0.00032149726159115435 0.0042629999639811336 -0.018206547000248669 0.0018910537437639302 -0.00060543874233068588 0.00047811543010175227 0.00026622505476639897 0.00085768212028073537 0.00025481328625711757 0.003051157837578406 0.001026013043751432 0.0027003449587659403 0.0076355724148452287 0.0056008076071739198 -0.00060755306292170044 -0.0018210887490283875 -0.00018799669357637565 0.0011198311134266029 -0.002359794869553298 0.00176856908803949 -0.0003218529256326812 0.001345730595140144 0.00097026121843120329 -0.00060493616232027618 -0.0017862426292655678 0.0025404027293598843 -0.00017573454655420525 0.0012007726831774262 -0.00067085010558366775 0.0024414733862504361 0.00011365932070960601
leaf_weight=33 22 20 33 81 31 20 61.5 22 21 30 20 35 34.5 96.5 27 35.5 36 120 30 167 33 33 60 22 55 20 20 24 52.5 30 57 24 52 157.5 49.5 46 24 48 31.5 398 79 70 20 30
leaf_count=33 22 20 33 36 19 17 39 22 21 30 20 24 30 67 12 20 16 48 30 76 24 33 28 22 22 18 20 24 21 30 57 12 26 63 23 22 24 48 18 242 37 34 20 30
internal_value=1.94401e-11 -0.00411171 0.00205063 0.000486086 0.000721001 0.000965004 0.00566353 -0.00415167 0.000883858 0.0164969 -0.000654401 0.000474152 0.0011989 0.000793169 0.000149306 -0.00212194 0.00592037 0.000363461 0.0018163 0.000267962 0.000418803 0.000876477 0.00117537 0.0025637 0.00294755 0.00463387 0.00320449 0.00110866 -0.000418268 6.22906e-05 -0.000264576 -0.000846074 0.000622946 -0.000696662 0.00228021 0.00191239 0.000608789 -0.00117153 0.00167948 -5.92109e-05 5.05836e-05 0.00050322 4.39978e-05 0.00104478
internal_weight=2412 255 233 2157 2076 1977 187 99 213 61 66 1790 554 534 1236 106.5 71 1129.5 289.5 1102.5 126 385.5 328.5 193 163 62 42 46 244.5 192 159 57 219 210 109.5 101 81 78 64.5 717 597 199 120 50
internal_count=1533 255 233 1278 1242 1143 130 99 213 49 66 1013 332 315 681 60 40 621 201 609 81 198 153 134 104 60 42 46 114 192 159 45 102 84 51 44 81 78 42 411 363 121 84 50
is_linear=0
shrinkage=0.08


Tree=36
num_leaves=45
num_cat=0
split_feature=34 35 1 35 27 37 37 37 33 12 11 9 1 37 26 32 35 5 17 21 14 22 5 37 13 37 37 17 1 37 19 37 37 34 30 32 32 21 1 31 1 27 2 17
split_gain=1.41458 10.7042 20.1108 1.21975 0.121182 0.755617 1.53017 0.0536188 0.321804 0.0328426 0.0311915 0.0294327 0.0257403 0.024087 0.0214152 0.0257558 0.0968206 0.0219383 0.0203986 0.0153127 0.0176876 0.0151511 0.0133247 0.019078 0.0101279 0.013172 0.00968202 0.0113419 0.0142107 0.0143306 0.0116394 0.0117454 0.015905 0.00938292 0.011252 0.00796524 0.00781566 0.00772082 0.00675356 0.00651517 0.00573395 0.00499377 0.00631441 0.004752
threshold=1.0000000180025095e-35 1.5000000000000002 16.375000000000004 1.0000000180025095e-35 11.400000000000002 11.703076923076924 11.984999656677248 16.330000000000002 0.50000000000000011 7.3800000000000017 9.9450000000000021 11.868846153846155 16.455000000000002 7.6250000000000009 1.0000000180025095e-35 1.0000000180025095e-35 1.5000000000000002 10.105000000000002 25.300000000000001 1.3 7.5250000000000012 102.40000000000001 12.01346153846154 11.470000000000001 7.5250000000000012 8.3150000000000013 14.240000000000002 2.1000000000000005 13.350000000000003 10.105000000000002 5.9000000000000012 7.0900000000000007 5.535000000000001 9.5000000000000053 0.3000000000000001 1.5000000000000002 10.500000000000002 6.4000000000000012 13.895000000000001 0.70000000000000007 13.955000000000002 3.9000000000000004 16.575000000000003 3.7000000000000006
decision_type=2 2 2 2 2 2 2 2 2 2 2 2 2 2 2 2 2 2 2 2 2 2 2 2 2 2 2 2 2 2 2 2 2 2 2 2 2 2 2 2 2 2 2 2
left_child=1 2 3 -1 7 -6 -7 9 -9 18 13 12 -10 -11 15 16 -15 33 21 41 -21 26 23 24 -16 -26 27 28 -2 37 36 32 -32 34 -17 -28 39 38 -30 -29 -31 42 -14 -37
right_child=4 -3 -4 -5 5 6 -8 8 11 10 -12 -13 19 14 22 17 -18 -19 -20 20 -22 -23 -24 -25 25 -27 35 30 29 40 31 -33 -34 -35 -36 43 -38 -39 -40 -41 -42 -43 -44 -45
leaf_value=0.015544568213323753 0.0021053070271456684 0.024934193190091696 -0.086898322701454159 -0.0099609485004718105 0.0039797198458188243 -0.021429151902596155 0.001895986791079243 0.010500535547422868 0.0028237431682646276 -0.0012085197655992074 0.0020760291945879105 0.0035438050591342506 5.8245131125052767e-05 0.00354602318464054 0.001687101958074955 -0.00013833218978510963 -0.0011232977273563543 -0.0018890317281087241 0.0030413780847771302 -0.00053441637417390238 0.002561241275699878 0.0024681029474419177 -0.00025651460058159298 0.0024456588403942684 0.0014322637149265835 -9.9141432356350772e-05 -0.0013214967994038794 0.0022361892419091116 0.00028558514996742209 0.00030291565624928035 -0.0018625494113075547 0.0012908346679552582 0.00077482940418024851 -0.00022271912398410631 0.0015905504461763234 0.0012749049000558444 0.0026155396067685838 0.0006706971344020632 -0.0011673021403162979 0.0010142365341863958 0.0018749192469950879 0.0006075969484767744 -0.0013095762856580593 -0.00017836673682823957
leaf_weight=24 27 39 24 24 73.5 30 45 24 24 82.5 54 21 36 54 49.5 54 60 46.5 27 21 27 33 67.5 48 52.5 114 24 36 30 27 24 64.5 37.5 516 43.5 24 34.5 36 64.5 124.5 33 21 54 36
leaf_count=24 27 30 15 24 30 15 36 24 24 33 24 21 36 30 24 24 24 24 27 21 27 27 30 24 21 51 24 36 30 27 24 33 24 252 21 24 24 30 51 81 24 21 54 36
internal_value=2.91939e-11 -0.00882089 -0.0271049 0.00279181 0.000425519 -0.00178482 -0.00743407 0.000578009 0.00173804 0.000440578 0.000195593 0.000707156 0.000381639 0.000110118 0.000208524 -2.19078e-05 0.00108849 -0.000213703 0.000886398 1.30189e-05 0.00120689 0.000797634 0.000746546 0.00100301 0.000682423 0.000383734 0.000709079 0.000833688 0.00038766 0.000144214 0.0011359 0.000536617 -0.000254392 -8.67222e-05 0.000633015 -8.97549e-05 0.00152314 -0.000326271 -0.000706068 0.00128832 0.00116752 -0.00050325 -0.000762448 0.000402942
internal_weight=2412 111 72 48 2301 148.5 75 2152.5 228 1924.5 1242 204 183 1188 1105.5 774 114 660 682.5 159 48 655.5 331.5 264 216 166.5 622.5 538.5 217.5 190.5 321 126 61.5 613.5 97.5 84 195 130.5 94.5 160.5 60 111 90 60
internal_count=1533 93 63 48 1440 81 51 1359 228 1131 582 204 183 558 525 375 54 321 549 159 48 522 150 120 96 72 495 411 189 162 222 81 48 297 45 84 141 111 81 117 51 111 90 60
is_linear=0
shrinkage=0.08


Tree=37
num_leaves=45
num_cat=0
split_feature=34 36 0 37 4 35 36 31 37 21 37 0 37 0 4 12 34 37 34 37 37 0 11 12 34 34 29 31 36 3 23 10 36 21 37 35 37 37 37 19 29 29 25 18
split_gain=1.1973 11.0231 23.1956 0.379685 0.119584 0.893105 0.0530724 0.0371384 0.090366 0.0258154 0.026853 0.0204694 0.0221313 0.0417216 0.0196611 0.0188551 0.0173298 0.0169916 0.075862 0.0149696 0.0144201 0.0164762 0.014033 0.0139235 0.0241126 0.0153843 0.0451647 0.0105839 0.00872008 0.00642772 0.00579045 0.00566281 0.00537199 0.00519153 0.0148218 0.0112129 0.00880933 0.00451962 0.00410741 0.0043617 0.00404046 0.00414882 0.003571 0.00338179
threshold=1.0000000180025095e-35 1.5000000000000002 16.415000000000003 2.9500000238418584 17.955000000000002 1.5000000000000002 2.5000000000000004 1.0000000180025095e-35 9.7850000000000019 2.3000000000000003 8.7750000000000004 15.625000000000002 8.5250000000000004 14.695000000000002 17.875000000000004 7.3250000000000011 83.40000000000002 16.415000000000003 12.500000000000005 16.895000000000003 16.115000000000006 17.220000000000002 8.9750000000000032 7.3800000000000017 5.400000000000003 10.900000000000004 0.3000000000000001 1.0000000000000002 1.5000000000000002 16.195000000000004 3.9000000000000004 7.455000000000001 1.5000000000000002 2.3000000000000003 8.5250000000000004 1.5000000000000002 7.5050000000000008 10.875000000000002 13.095000000000002 8.9000000000000021 1.9000000000000001 20.700000000000006 5.4000000000000012 5.9000000000000012
decision_type=2 2 2 2 2 2 2 2 2 2 2 2 2 2 2 2 2 2 2 2 2 2 2 2 2 2 2 2 2 2 2 2 2 2 2 2 2 2 2 2 2 2 2 2
left_child=1 -1 3 -3 6 -6 14 8 -8 10 15 12 13 -11 17 -9 19 23 -19 20 21 -12 30 28 -25 26 -26 32 38 -13 -20 -29 -27 36 35 -35 -30 -31 39 43 -33 42 -42 -2
right_child=4 2 -4 -5 5 -7 7 9 -10 11 16 29 -14 -15 -16 -17 -18 18 22 -21 -22 -23 -24 24 25 27 -28 31 33 37 -32 40 -34 34 -36 -37 -38 -39 -40 -41 41 -43 -44 -45
leaf_value=0.027537654587948643 0.00029687801148030535 0.00047764965333044532 -0.086798742092572725 0.014757521753622728 -0.0092648425169668536 0.0059952024320761368 5.0598802427722981e-05 0.0010314250581815274 0.0057825318017207528 0.0015741983955152906 7.0378401199370393e-05 0.00046123577737724867 0.0010591618296291146 0.0063684726896740141 0.0019016062530731273 -0.001056533335028468 0.0022277840876251185 0.0045880481737355389 0.00022113058578085017 -0.001246820180482852 0.0024875610371430717 0.0016324857238481064 0.0020025812527164817 -0.0022938960051584628 0.0028035516461564435 -0.0015064273417927324 -0.00051481729186701752 -0.0010013088376985657 -0.00032096887654107484 0.0020314610211385619 -0.0010313187107177718 -0.0003893669193157142 -0.00033372567802434787 0.0032445129752159121 0.00019690556799076381 0.0011729106265535153 0.0013084227708833559 0.0007877918460872024 -0.00052839057495405615 -0.00035517633676227899 0.00010277618200453962 -0.00039974913856870422 0.00066706098729010788 0.0012644801319378321
leaf_weight=37 95.5 26 26 22 54 45 36.5 39.5 34 26 127 71.5 35 21 44 92.5 54.5 30 54 24 30 65.5 20 31 45 50 63 36 54 45 42 114 50 25 63 50.5 35 32 52 49.5 261 74 99 30.5
leaf_count=31 75 26 14 22 36 18 23 35 25 26 69 39 30 19 24 37 33 30 54 24 30 30 20 16 20 25 28 16 45 19 42 54 25 23 49 37 29 23 52 34 126 34 44 22
internal_value=4.03773e-11 -0.00811522 -0.0259417 0.00702259 0.000391478 -0.00232846 0.000513763 0.0010692 0.00281494 0.000883702 0.000519619 0.00156764 0.00258217 0.00371632 0.000236048 -0.000431728 0.000936821 0.000184584 0.00100218 0.000651396 0.000856147 0.000601901 7.48042e-05 9.11803e-05 -0.000105158 -1.94875e-05 0.000867836 -0.000159591 0.000446315 0.00100743 -0.000326816 -2.93712e-05 -0.000920077 0.000796538 0.00110289 0.00185887 0.000319803 0.00151461 9.60921e-05 0.000281124 3.44788e-05 0.000145811 0.000257955 0.000531099
internal_weight=2412 111 74 48 2301 99 2202 734 70.5 663.5 433 230.5 82 47 1468 132 301 1424 146 246.5 222.5 192.5 116 1278 823 792 108 684 455 148.5 96 584 100 227.5 138.5 75.5 89 77 227.5 175.5 548 434 360 126
internal_count=1533 93 62 48 1440 54 1386 462 48 414 258 156 75 45 924 72 186 900 146 153 129 99 116 754 388 372 48 324 366 81 96 274 50 183 109 60 74 42 183 131 258 204 170 97
is_linear=0
shrinkage=0.08


Tree=38
num_leaves=45
num_cat=0
split_feature=34 35 0 35 16 35 37 37 23 15 14 16 35 2 21 32 16 18 16 15 21 37 30 30 16 0 4 32 13 31 21 23 16 0 21 35 9 9 32 32 1 24 0 37
split_gain=1.0134 9.28385 14.9524 0.990933 0.108774 0.399305 0.724234 0.0523492 0.130272 0.12969 0.111282 0.0631619 0.0537693 0.072228 0.0492412 0.0475781 0.0903383 0.0480306 0.0265264 0.0260448 0.0238736 0.0235424 0.0219703 0.0200188 0.0191483 0.0230084 0.0169029 0.0388542 0.0128315 0.0173312 0.0122628 0.0106162 0.00917187 0.0073695 0.0107455 0.00504698 0.021232 0.00590088 0.00498512 0.00480056 0.0046555 0.00409815 0.00380942 0.00310537
threshold=1.0000000180025095e-35 1.5000000000000002 16.415000000000003 1.0000000180025095e-35 5.9461538461538463 1.5000000000000002 12.101923076923079 16.565000000000001 1.1000000000000003 0.29999999999999899 9.5600000000000005 6.0057692307692303 1.5000000000000002 17.630000000000006 3.0000000000000004 1.0000000180025095e-35 6.8350000000000017 21.000000000000004 6.9300000000000015 2.4650000000000012 5.9000000000000012 14.160000000000002 1.9000000000000001 2.1000000000000005 7.6750000000000016 14.280000000000003 16.465000000000003 1.7000000000000004 9.7050000000000018 1.3 2.7000000000000006 5.4000000000000012 6.6250000000000018 15.935000000000002 8.2000000000000011 1.0000000180025095e-35 10.025 9.9550000000000018 3.9000000000000004 9.1000000000000014 17.365000000000006 6.2000000000000011 16.455000000000002 4.4500000000000011
decision_type=2 2 2 2 2 2 2 2 2 2 2 2 2 2 2 2 2 2 2 2 2 2 2 2 2 2 2 2 2 2 2 2 2 2 2 2 2 2 2 2 2 2 2 2
left_child=1 2 3 -1 5 6 -2 11 9 -9 -11 -6 13 15 24 16 -13 18 31 22 -21 23 -16 43 26 -26 27 -14 29 -28 41 33 -29 -17 35 36 42 -37 -25 -40 -31 -10 -35 -20
right_child=4 -3 -4 -5 7 -7 -8 8 30 10 -12 12 14 -15 19 17 -18 -19 21 20 -22 -23 -24 38 25 -27 28 32 -30 40 -32 -33 -34 34 -36 37 -38 -39 39 -41 -42 -43 -44 -45
leaf_value=0.012779597304761411 -0.015379663420220216 0.023969931988379895 -0.076051528851191208 -0.010209482188026111 -0.0023189643522103631 0.0029504989286263782 0.00089493504525827512 6.4474774214128659e-05 -0.00053328731714928938 0.0035331549098940964 0.010982746123336256 0.0055492910714302623 -0.0033624340538625365 0.0036933012037641474 0.00087859833193237359 0.00061156904350759256 0.00056730009488422772 0.0032469797239471705 0.0015977976543252311 0.00082433407825808363 0.002903627851291707 -0.00059644793160259721 -0.0014883183736791028 0.0030134437442051643 -0.00052745491299512135 0.0021710201155525658 0.0013162634074687957 -7.7872059561989525e-06 -0.0011738831780230006 -0.00049649439097912472 0.00094686025474220519 0.0011320216942544061 -0.0013173417116586978 -0.0012410540110431611 -0.0011775856921449304 0.00017494624520253822 0.0020074751533360946 -0.00056486988959806987 0.0010617922460660339 0.0024320296756923199 0.0002825690247118473 -0.0019395310853031419 8.3574692464687611e-05 0.00053692769477362034
leaf_weight=24 30 39 24 24 54 60 42 33 36 33 21 36 40.5 54 66 90 66 39 21 93 57 48 40.5 33 42 39 52.5 82.5 75 180 30 54 58.5 24 60 138 36 138 30 36 67.5 21 33 111
leaf_count=24 15 30 15 24 24 24 33 33 36 33 21 24 18 27 39 60 54 36 21 39 39 48 27 24 42 30 21 33 30 72 30 27 27 24 39 69 36 69 24 24 27 21 33 87
internal_value=2.12735e-11 -0.00746601 -0.0244938 0.00128506 0.000360159 -0.00186949 -0.00588615 0.00049585 0.00182665 0.00401563 0.00643022 0.000379781 0.000454862 0.000843943 -8.06906e-07 0.000688993 0.00232565 0.000501631 0.000375964 0.000935206 0.00161447 0.00101568 -2.14968e-05 0.00135066 -0.000377415 0.000771811 -0.000544687 -0.00117843 -0.000237955 -3.97251e-06 -0.00036233 6.44809e-05 -0.000551113 -4.65927e-05 -0.000184669 -2.32187e-05 0.000486471 -0.000194962 0.00221061 0.00180919 -0.000284023 -0.00105138 -0.000474164 0.000705702
internal_weight=2412 111 72 48 2301 132 72 2169 174 87 54 1995 1941 1047 894 993 102 891 852 256.5 150 279 106.5 231 637.5 81 556.5 181.5 375 300 87 573 141 519 429 369 93 276 99 66 247.5 57 57 132
internal_count=1533 93 63 48 1440 72 48 1368 174 87 54 1194 1170 726 444 699 78 621 585 144 78 228 66 180 300 72 228 78 150 120 87 357 60 330 270 231 93 138 72 48 99 57 57 108
is_linear=0
shrinkage=0.08


Tree=39
num_leaves=45
num_cat=0
split_feature=37 33 32 37 31 37 2 4 22 1 4 6 10 15 1 35 37 10 37 4 30 37 30 18 5 21 1 37 13 18 18 37 17 5 37 19 6 23 37 37 32 15 37 37
split_gain=0.596074 12.8079 0.601053 0.456626 0.861105 2.89303 1.49468 1.77432 1.15543 0.472735 0.316872 0.155789 0.0246751 0.0315182 0.0334403 0.02877 0.0424995 0.0227597 0.0217936 0.0189552 0.013705 0.0238782 0.0104867 0.0103111 0.0097475 0.00912488 0.00849343 0.00696119 0.0115677 0.00695982 0.0229139 0.0267534 0.0229726 0.010201 0.00855322 0.00681337 0.00680752 0.00605918 0.00447087 0.0178949 0.0068689 0.00740244 0.0113963 0.00753924
threshold=16.415000000000003 0.3000000000000001 0.70000000000000007 2.9600000238418587 1.0000000180025095e-35 8.0300000000000029 16.415000000000003 16.475000000000005 1.0000000180025095e-35 12.279999885559084 17.955000000000002 2.9450000524520878 9.9450000000000021 2.5050000000000003 15.100000000000003 1.0000000180025095e-35 6.8050000000000006 9.8000000000000025 11.992692307692311 16.455000000000002 10.800000000000002 9.0550000000000015 6.5000000000000009 2.1000000000000005 11.992692307692311 3.0000000000000004 13.265000000000002 14.485000000000001 7.8500000000000005 1.9000000000000001 8.9000000000000021 7.6250000000000009 2.5000000000000004 9.9800000000000022 8.8450000000000006 0.90000000000000013 9.9800000000000022 8.7000000000000011 7.2450000000000001 7.5750000000000002 2.5000000000000004 3.1250000000000004 8.3150000000000013 9.4550000000000018
decision_type=2 2 2 2 2 2 2 2 2 2 2 2 2 2 2 2 2 2 2 2 2 2 2 2 2 2 2 2 2 2 2 2 2 2 2 2 2 2 2 2 2 2 2 2
left_child=3 -2 -3 9 5 -5 8 -8 -7 11 12 -1 13 26 15 -15 -17 19 20 -4 38 -22 -20 -11 25 37 -6 29 36 34 31 32 -31 -33 -28 -36 -29 -21 -16 -40 -41 43 -43 -42
right_child=1 2 17 4 10 6 7 -9 -10 23 -12 -13 -14 14 18 16 -18 -19 22 24 21 -23 -24 -25 -26 -27 27 28 -30 30 -32 33 -34 -35 35 -37 -38 -39 39 40 41 42 -44 -45
leaf_value=-0.0060152955251396639 -0.062005626152862203 0.012628228830109382 0.002269985734352044 0.021497786565062901 0.0011111108692628997 0.021390268882115683 -0.018356377335176581 0.0025864802223664746 0.00050725412817719656 0.0014402149639402826 -0.0047877116620908553 -0.015130520488989231 0.0022824191692411718 -3.441799565085343e-05 0.001092365326261834 0.0012518811846772828 0.006179906832763836 0.0026337194976319249 0.00022253501313065902 -0.00056555826218373335 0.00039156515510720125 0.0023370803605302489 -0.0016709292847185565 -0.0008710852199943647 0.0013183947617099398 0.0006287181820494659 -0.00060768176762465232 0.00088708555325865744 0.0021415121364407241 -3.7965970501924552e-05 -0.001554716628872686 -0.00082428879112514679 0.0030647145718380453 0.0007005116922987832 0.00011291630049566917 -0.00078780185667768363 -0.0010852251805010297 -0.0020128079602727668 -0.001159070952071084 -0.00035560884130083855 0.00052137438025049593 0.0011094348160993485 -0.0004953162222949228 0.0017170595846104401
leaf_weight=24 22 29 21 54 42 30 42 67.5 39 30 81 24 40.5 21 57 24 21 24 36 81 85.5 76.5 39 21 21 33 250.5 24 24 24 36 58.5 42 54 366 63 21 24 45 45 67.5 52.5 61.5 67.5
leaf_count=24 22 29 21 36 42 27 21 30 33 30 36 24 18 21 30 24 18 24 30 81 39 36 27 21 21 33 129 24 24 15 36 39 33 24 180 33 21 24 18 21 30 21 30 33
internal_value=1.92737e-11 -0.00365769 0.00185156 0.000432411 0.000687704 0.00527308 0.000364765 -0.0054464 0.00958683 -0.00487461 0.0001037 -0.0105729 0.000330817 0.000284432 0.000696985 0.00241061 0.00355163 0.000319585 0.000518313 1.10338e-05 0.000690407 0.00131028 -0.000762066 0.000488503 -0.000287318 -0.000531666 -2.50885e-06 -5.10779e-05 0.000723139 -0.000110833 0.000286451 0.000657779 0.00193647 -9.23846e-05 -0.000236245 -1.9357e-05 -3.33261e-05 -0.000896358 0.000436823 0.000326599 0.000553998 0.000718384 0.000243714 0.00111922
internal_weight=2412 255 233 2157 2058 232.5 178.5 109.5 69 99 1825.5 48 1744.5 1704 699 66 45 204 633 180 558 162 75 51 159 138 1005 963 69 894 214.5 178.5 66 112.5 679.5 429 45 105 396 339 294 249 114 135
internal_count=1533 255 233 1278 1179 147 111 51 60 99 1032 48 996 978 378 63 42 204 315 180 258 75 57 51 159 138 600 558 69 489 147 111 48 63 342 213 45 105 183 153 135 114 51 63
is_linear=0
shrinkage=0.08


Tree=40
num_leaves=45
num_cat=0
split_feature=37 32 37 32 37 2 36 1 1 33 36 4 4 3 36 15 1 15 37 35 15 37 16 4 31 7 4 16 21 33 32 36 22 33 24 37 32 33 32 27 37 26 37 37
split_gain=0.504517 11.445 0.386488 0.760492 2.25969 1.43405 1.03476 0.638919 0.400122 0.376372 0.353641 0.268431 0.171136 0.13186 0.0248092 0.0309995 0.039011 0.0294897 0.0184683 0.0181745 0.0250598 0.0171008 0.0168239 0.0167708 0.0127431 0.0114914 0.0116259 0.0104435 0.00946138 0.00931984 0.0091164 0.00820673 0.010185 0.0150352 0.010551 0.00992943 0.00927368 0.01284 0.00707882 0.00489368 0.00414372 0.00375316 0.00337559 0.00285495
threshold=16.415000000000003 1.0000000180025095e-35 2.9600000238418587 1.0000000180025095e-35 8.0300000000000029 16.415000000000003 1.5000000000000002 16.660000000000004 12.279999885559084 0.50000000000000011 2.5000000000000004 17.955000000000002 17.935000000000006 11.984999656677248 2.5000000000000004 2.5050000000000003 15.100000000000003 -0.1650000000000009 10.875000000000002 1.5000000000000002 0.42999999999999888 8.8450000000000006 6.21 16.455000000000002 6.1000000000000005 10.875000000000002 16.860000000000003 6.8850000000000025 1.3 2.1000000000000005 3.5000000000000004 1.5000000000000002 18.400000000000006 1.0000000180025095e-35 5.8000000000000007 8.5250000000000004 1.3 0.3000000000000001 4.2000000000000011 10.400000000000002 14.420000000000002 7.5000000000000009 10.065000000000003 7.4800000000000013
decision_type=2 2 2 2 2 2 2 2 2 2 2 2 2 2 2 2 2 2 2 2 2 2 2 2 2 2 2 2 2 2 2 2 2 2 2 2 2 2 2 2 2 2 2 2
left_child=2 -2 8 4 -4 6 -6 -7 13 -3 -8 14 23 -1 17 19 -17 -5 21 20 -16 24 -21 -11 -18 26 -25 42 -29 -10 -24 36 33 -33 43 38 37 -19 -34 -27 41 -38 -22 -35
right_child=1 9 3 11 5 7 10 -9 29 12 -12 -13 -14 -15 15 16 18 31 -20 22 27 -23 30 25 -26 39 -28 28 -30 -31 -32 32 35 34 -36 -37 40 -39 -40 -41 -42 -43 -44 -45
leaf_value=-0.0055340717686340217 -0.059940278490872252 0.011930310027230353 0.018787538827184522 0.0033061448898580336 0.022963330457391948 -0.013411863616534642 -0.0048333398283094816 -0.00025576792053740331 -0.00045538854099383272 0.0020883868954011372 0.0091955262859878331 -0.0044046944975393056 0.0075614242603824966 -0.013920078911663343 0.0034645388945937156 0.0046527009711346849 0.0019782497633884593 -0.0017989710569093675 -8.866203664723089e-05 0.00094420257210731508 -0.00036596525698603895 0.0026667776690877006 -0.00014404598590252656 -0.00011043438136025711 0.00010380005829523657 0.0008377606171416119 -0.0018851048845265593 0.00030739378591533752 0.0022527864633593709 0.00174201067004885 -0.0015633027471291523 0.0016613796628438509 0.002024464364267058 -0.0010105281043150979 0.00079930703547443195 0.00013486192029147864 0.00015634374047200671 -0.00013295155756886266 0.00067695827289883576 -0.00060147510930186234 -0.00083815386224471563 -0.00058575298782964852 0.00055829228007052911 -0.00024843830340049643
leaf_weight=24 21 21 57 18 23 42 23 54 30 21 23 81 21 24 20 22 41 48.5 59 45 66 57.5 56 54 53.5 54 42 32 32 21 60 32.5 45 36 63 94 367 76 56 21 35 49.5 41 249.5
leaf_count=24 21 21 39 8 20 21 20 24 30 21 20 36 21 24 10 21 19 36 36 18 33 27 29 54 23 54 42 30 30 21 27 20 34 21 28 69 187 49 35 21 35 22 30 122
internal_value=-4.50322e-11 -0.00336507 0.000397818 0.000632688 0.00505526 0.000311377 0.00910851 -0.00601156 -0.00448464 0.00171219 0.00218109 9.79331e-05 0.000704771 -0.00972708 0.000305747 0.000731123 0.00144691 9.30586e-05 0.00111265 0.000257322 0.000785093 0.00157896 -0.000368793 -4.51752e-05 0.000917053 -0.000307192 -0.000886853 0.000471708 0.00128009 0.000449423 -0.000878144 4.28541e-05 0.000256379 1.57134e-05 -0.000137756 0.000726603 -0.000170671 -0.000781963 0.00127733 0.000434775 -2.10854e-06 6.81474e-05 -1.18105e-05 -0.000344534
internal_weight=2412 255 2157 2058 222 165 69 96 99 234 46 1836 213 48 1755 585 233 1170 211 352 191 152 161 192 94.5 171 96 171 64 51 116 1152 576 381 348.5 195 576 124.5 101 75 451.5 416.5 107 285.5
internal_count=1533 255 1278 1179 144 105 60 45 99 234 40 1035 213 48 999 333 126 666 105 207 133 69 74 192 42 171 96 123 60 51 56 658 329 191 171 138 329 85 69 75 244 209 63 143
is_linear=0
shrinkage=0.08


Tree=41
num_leaves=45
num_cat=0
split_feature=34 37 37 37 33 4 4 3 4 11 15 0 37 37 15 16 32 37 37 37 29 29 30 37 34 30 17 30 37 37 15 0 37 17 22 30 34 17 33 32 37 37 16 37
split_gain=0.784015 7.89509 3.0891 0.136614 0.443015 0.22712 0.128575 0.111606 0.042165 0.0183113 0.0221239 0.0247966 0.0234903 0.0358517 0.0206328 0.11264 0.0201601 0.0446438 0.017711 0.016965 0.0130305 0.0203752 0.0115292 0.0147802 0.014319 0.00905556 0.00779776 0.00650577 0.00627902 0.0390675 0.0290621 0.00813097 0.014809 0.0136137 0.00607544 0.00528093 0.0052724 0.00407425 0.00385872 0.00382243 0.00372583 0.0120581 0.00806306 0.00452834
threshold=1.0000000180025095e-35 11.97499990463257 7.8750000000000009 16.330000000000002 0.50000000000000011 17.955000000000002 17.935000000000006 11.984999656677248 16.485000000000003 9.9550000000000018 2.5050000000000003 15.195000000000002 14.695000000000002 6.8050000000000006 1.7000000000000002 6.6500000000000012 1.0000000180025095e-35 9.7850000000000019 5.1300000000000017 11.992692307692311 0.3000000000000001 1.0000000180025095e-35 9.9000000000000004 9.0550000000000015 44.500000000000007 6.5000000000000009 3.3000000000000003 0.3000000000000001 5.2400000000000011 3.8950000000000005 2.1715384615384621 16.155000000000005 7.8200000000000012 2.5000000000000004 52.000000000000007 1.5000000000000002 37.600000000000001 1.3 2.5000000000000004 17.600000000000005 7.2450000000000001 7.5750000000000002 6.2500000000000009 9.6700000000000017
decision_type=2 2 2 2 2 2 2 2 2 2 2 2 2 2 2 2 2 2 2 2 2 2 2 2 2 2 2 2 2 2 2 2 2 2 2 2 2 2 2 2 2 2 2 2
left_child=1 2 7 5 -5 9 8 -1 -6 10 14 12 13 -12 15 -2 17 18 -16 22 21 27 39 24 -24 -21 35 -17 29 30 -18 32 34 -34 -30 -10 -35 -33 -37 40 -13 -42 43 -43
right_child=3 -3 -4 4 6 -7 -8 -9 26 -11 11 19 -14 -15 16 20 28 -19 -20 25 -22 -23 23 -25 -26 -27 -28 -29 31 -31 -32 37 33 36 -36 38 -38 -39 -40 -41 41 42 -44 -45
leaf_value=-0.0050913460583736506 0.0044603219807699875 -0.047188888192176821 0.021362950809490987 0.01240783993775646 0.0028833929619092188 -0.0040523191026331472 0.0069565103903767612 -0.012806472498923541 -0.00087768471768746772 0.0019537454673353534 0.00098843484496076895 0.00085447991266846663 -0.0001396686050464355 0.0055146561749279503 -0.0015099455946774192 0.0011233094293210241 -0.0013095137370484216 0.00068505685765384917 -0.0043170734947802977 0.00022544743512601902 -0.00017181702457056658 0.0025339758143361124 0.0015675807863841824 0.0019083309311306838 -0.00043449802273174841 -0.001534074996598065 -0.0015699747754704385 -0.00028477828114456132 0.00057932800996829479 -0.0029849960543215275 0.0028992920847875732 -6.2877436408802983e-06 0.00094998029092776366 -0.0015823012138857988 0.0022234336627739004 0.0012161757156718522 3.9226128941490542e-05 -0.00057863810059861247 8.5492306741688284e-05 0.00099045100274915794 -0.0010704967520303197 0.0003581897063025584 0.00082226842649689717 -0.00065162017605163995
leaf_weight=24 40.5 24 39 24 36 81 21 24 30 40.5 24 54 21 21 33 31.5 21 42 25.5 36 364.5 31.5 40.5 82.5 52.5 39 21 63 25.5 30 21 249 43.5 33 33 24 21 117 99 51 45 60 118.5 54
leaf_count=24 18 24 21 24 36 36 21 24 30 18 24 27 21 18 33 24 21 33 12 30 192 24 21 39 21 27 21 33 21 30 21 129 36 27 24 24 18 57 99 24 18 24 57 27
internal_value=4.952e-12 -0.0065669 0.00463917 0.000316787 0.00206286 9.91676e-05 0.000988055 -0.00894891 0.00039121 0.000270298 0.00023487 0.000594024 0.00206965 0.00310067 3.00165e-05 0.000405422 -0.000257011 -0.00130489 -0.00273357 0.000440167 7.0614e-05 0.000771932 0.000592004 0.00112885 0.000437375 -0.000689504 -0.000124414 0.000184584 -7.97184e-05 -0.000780063 0.000794889 1.68809e-05 0.000500501 -0.000103262 0.00150677 7.39962e-05 -0.000951707 -0.000189252 0.000306113 0.000345687 0.000246492 0.000128181 0.000360184 -0.000120141
internal_weight=2412 111 87 2301 255 2046 231 48 210 1965 1924.5 699 66 45 1225.5 531 694.5 100.5 58.5 633 490.5 126 558 175.5 93 75 174 94.5 594 72 42 522 156 97.5 58.5 153 54 366 123 382.5 331.5 277.5 232.5 114
internal_count=1533 93 69 1440 255 1185 231 48 210 1149 1131 378 63 42 753 291 462 78 45 315 273 81 258 81 42 57 174 57 384 72 42 312 126 81 45 153 45 186 123 177 153 126 108 51
is_linear=0
shrinkage=0.08


Tree=42
num_leaves=45
num_cat=0
split_feature=37 2 33 10 37 31 36 16 3 15 36 10 37 36 36 3 15 36 0 37 37 28 37 37 31 36 0 15 32 15 25 37 36 9 18 37 17 22 32 35 0 1 29 36
split_gain=0.486844 11.8447 0.38293 0.296087 0.315334 0.637951 3.44497 10.5564 9.803 1.05792 0.312959 0.136556 0.0666121 0.0553209 0.0372445 0.0232814 0.0251417 0.0296727 0.0304286 0.0189794 0.0382133 0.0166009 0.0147115 0.0134478 0.01038 0.00819347 0.00841547 0.00789744 0.00724761 0.00874588 0.00811636 0.0067207 0.012471 0.0183581 0.00808303 0.0144048 0.00749542 0.00724272 0.00643151 0.0062911 0.00748175 0.00499433 0.00440901 0.00763107
threshold=16.425000000000004 16.465000000000003 0.50000000000000011 9.9550000000000018 3.0500000000000003 1.0000000180025095e-35 2.5000000000000004 6.6350000000000016 16.415000000000003 1.7861538866850044 1.5000000000000002 9.8950000000000014 2.94500002861023 1.5000000000000002 2.5000000000000004 17.955000000000002 2.5050000000000003 2.5000000000000004 15.195000000000002 3.8950000000000005 4.1100000000000003 16.100000000000005 10.875000000000002 8.8450000000000006 6.1000000000000005 1.5000000000000002 15.195000000000002 2.1350000000000002 3.5000000000000004 2.9550000000000005 2.8000000000000003 14.485000000000001 1.5000000000000002 10.025 3.0000000000000004 9.8250000000000011 5.3000000000000016 50.300000000000004 10.800000000000002 1.5000000000000002 16.920000000000005 17.255000000000006 1.0000000000000002 1.5000000000000002
decision_type=2 2 2 2 2 2 2 2 2 2 2 2 2 2 2 2 2 2 2 2 2 2 2 2 2 2 2 2 2 2 2 2 2 2 2 2 2 2 2 2 2 2 2 2
left_child=3 -2 -3 4 10 6 7 -6 -8 13 -1 28 14 -9 -12 16 19 25 -19 27 -21 31 23 24 -20 -18 -27 -7 41 30 -30 34 -33 -34 39 37 -37 -36 -31 40 -22 -4 -41 -44
right_child=1 2 11 -5 5 15 8 9 -10 -11 12 -13 -14 -15 -16 -17 17 18 22 20 21 -23 -24 -25 -26 26 -28 -29 29 38 -32 32 33 -35 35 36 -38 -39 -40 42 -42 -43 43 -45
leaf_value=-0.0093562671145758572 -0.062379307590425016 0.011415212675929069 -7.5775629297519719e-05 -0.0054673982494407225 0.037036265055239201 0.00048518732012737365 0.020531657762328785 -0.0020607009908156608 -0.036065778788633464 -0.018163594451626731 -0.0012336505099263943 0.0068285833086286279 -0.0045604821406304832 0.0025368556469234065 0.0028208498528291439 0.001568616815371278 -0.0001575160919844279 0.0041149126568978487 0.0017754088333103715 -0.0046415879701574639 -9.2327147492188736e-05 -0.0016817844820059377 -8.3763568654214433e-05 0.0023692724270665128 8.3657652487821683e-05 0.0020023417159576308 0.00035814249466539701 0.0026791962289384437 0.00028316240207964762 0.00030531567715418837 0.0021824443586713946 -0.00077363650663755837 -0.00010469586743662755 0.0030243597637551528 0.00056910632133838678 0.00042279654097827999 -0.0013243955783545972 0.002196609517520604 -0.0013363633103047809 -0.00088193378224968907 0.0011256881228958566 -0.0016240904530665527 0.00040476148848732308 -0.00058355901350344846
leaf_weight=39 20 24 30 54 62.5 21 37.5 33.5 41 28.5 29 21 20 33.5 29 81 233 22 41 11.999999999999998 312 40.5 59 57.5 53.5 22 211 21 36 42 24 24 24 24 42 33 30 30 24 105 36 24 75 150
leaf_count=39 20 24 30 24 34 21 30 21 20 25 29 21 20 21 29 36 126 21 19 12 198 18 36 27 23 21 105 21 36 42 24 24 24 24 24 24 21 21 24 42 18 24 30 60
internal_value=-1.11443e-11 -0.0033802 0.00186416 0.000382164 0.000531656 0.000768269 0.00466933 0.011475 -0.00902879 -0.00525352 -0.00350492 0.000723741 -0.000579242 0.000238077 0.0007936 0.000243915 0.000179988 0.000546502 0.00128363 -8.15666e-05 -0.000156103 -9.79444e-05 0.000988429 0.00140461 0.000817645 0.000177936 0.000513389 0.00158219 1.15089e-05 0.000343834 0.00104288 -2.54636e-05 0.000715342 0.00145983 -9.107e-05 0.000474231 -0.0004092 0.00124723 -0.000291659 -0.00020363 3.36744e-05 -0.000763916 -0.000453878 -0.000254119
internal_weight=2412 245 225 2167 2113 1996 236.5 158 78.5 95.5 117 201 78 67 58 1759.5 1678.5 699 233 979.5 937.5 925.5 211 152 94.5 466 233 42 180 126 60 885 72 48 813 135 63 72 66 678 348 54 330 225
internal_count=1533 245 225 1288 1264 1147 151 101 50 67 117 201 78 42 58 996 960 378 126 582 540 528 105 69 42 252 126 42 180 126 60 510 72 48 438 90 45 45 66 348 216 54 132 90
is_linear=0
shrinkage=0.08


Tree=43
num_leaves=45
num_cat=0
split_feature=34 36 15 36 37 32 10 15 2 0 2 3 15 5 36 0 15 16 15 16 34 36 0 37 37 22 35 7 27 32 36 0 36 4 0 16 15 37 17 37 21 0 37 16
split_gain=0.690047 9.00699 20.8783 4.05784 0.144241 0.263876 0.225726 0.103268 0.0472875 0.0403087 0.035339 0.0199979 0.0202639 0.0410611 0.025115 0.0257547 0.0249971 0.0901878 0.0231701 0.0167585 0.0149164 0.0142568 0.0139612 0.0124518 0.0114951 0.00900787 0.00858928 0.00769822 0.00977779 0.00763362 0.00693495 0.00712285 0.00680133 0.00554201 0.00816528 0.00507029 0.00494787 0.0166919 0.0142602 0.00933344 0.00900551 0.00400677 0.00359979 0.00833636
threshold=1.0000000180025095e-35 1.5000000000000002 1.7950000762939455 2.5000000000000004 16.330000000000002 0.70000000000000007 9.9550000000000018 0.52999999999999947 16.960000000000004 16.590000000000003 16.465000000000003 17.955000000000002 2.5050000000000003 10.105000000000002 2.5000000000000004 15.195000000000002 1.7000000000000002 6.6500000000000012 1.8492307692307708 6.0057692307692303 9.2000000000000046 2.5000000000000004 16.895000000000003 10.875000000000002 8.7750000000000004 13.600000000000003 1.5000000000000002 10.770000000000001 5.4000000000000012 11.900000000000002 1.5000000000000002 15.195000000000002 1.5000000000000002 16.155000000000005 16.185000000000006 6.8350000000000017 2.1500000000000008 7.4800000000000013 2.5000000000000004 13.835000000000003 0.3000000000000001 16.590000000000003 10.115 6.0700000000000012
decision_type=2 2 2 2 2 2 2 2 2 2 2 2 2 2 2 2 2 2 2 2 2 2 2 2 2 2 2 2 2 2 2 2 2 2 2 2 2 2 2 2 2 2 2 2
left_child=1 -1 3 -3 6 7 11 -6 9 10 -7 12 13 16 30 -16 17 -2 -18 -10 21 22 -19 24 25 -17 32 -21 -29 36 42 -32 -22 34 -31 -34 39 38 -38 40 -20 -28 43 -14
right_child=4 2 -4 -5 5 8 -8 -9 19 -11 -12 -13 14 -15 15 23 18 20 29 27 26 -23 -24 -25 -26 -27 41 28 -30 33 31 -33 35 -35 -36 -37 37 -39 -40 -41 -42 -43 -44 -45
leaf_value=0.026067199280133121 0.0040961705718511416 0.028959522986749434 -0.082675390717934602 -0.016965919323265553 0.0039198982019332199 0.0037737997940608431 -0.0050300060157422669 0.0118536423357381 0.0016769497146209081 0.0049940842497852387 -0.00042424796633316544 0.0014431274836354049 -0.0017944466008080375 -0.0020266688907785075 0.0037857195565646345 -0.00022390089333057403 -0.0023956006357357617 0.001306855374429789 -0.0017314923284131856 -0.0013573491409606037 -0.00039094131300225856 0.0020544388269384704 -0.0006859290510829952 -7.7062482330001014e-05 0.0021537143249685566 0.0013870456411477622 -0.00021645410242219739 0.00093592352162684411 -0.0010780207514417945 -0.00038731769375179124 0.001842154374938797 0.00032949110880379356 0.000132218391673329 -0.00021056719213014561 -0.0021919352480520805 0.0011722479552651445 -0.00018762482364157525 -0.00012304074295078877 0.0023096658795916788 0.00076880413504248413 8.3292902447283272e-05 -0.0010077659326295058 0.00028994677161244908 -0.00012709457535203903
leaf_weight=37 40.5 26.5 24.5 23 21 21 54 21 30 27 33 81 22.5 63 22 37.5 31.5 45 42 39 60 45 45 59 60 54.5 129 36 27 34.5 22 211 60 73.5 30 60 24 274.5 37.5 27 30 60 80 130.5
leaf_count=31 18 24 16 22 21 21 24 21 30 27 33 36 9 33 21 15 24 30 42 39 38 25 20 36 28 26 66 36 27 27 21 105 30 36 15 46 24 159 33 27 30 24 50 67
internal_value=1.96838e-11 -0.00616081 -0.0222748 0.00762043 0.000297197 0.00209134 7.35859e-05 0.00788677 0.000948584 0.00247025 0.00120833 0.000211936 0.000159751 -3.80865e-05 0.000502782 0.00118094 7.0948e-05 0.000464113 -0.000283193 1.48376e-05 0.000172251 0.000891788 0.000310463 0.000909355 0.00129224 0.00073041 -9.09947e-05 -0.000474019 7.28045e-05 -0.000167066 0.000163701 0.000472318 0.000304508 -0.000685487 -0.00122667 0.000652233 -2.60089e-06 0.000143854 0.00133511 -0.000499658 -0.000975332 -0.000467664 -0.000144915 -0.000372293
internal_weight=2412 111 74 49.5 2301 255 2046 42 213 81 54 1992 1911 1212 699 233 1149 544.5 604.5 132 504 135 90 211 152 92 369 102 63 573 466 233 180 138 64.5 120 435 336 61.5 99 72 189 233 153
internal_count=1533 93 62 46 1440 255 1185 42 213 81 54 1161 1125 747 378 126 714 297 417 132 279 75 50 105 69 41 204 102 63 393 252 126 114 78 42 76 315 216 57 99 72 90 126 76
is_linear=0
shrinkage=0.08


Tree=44
num_leaves=45
num_cat=0
split_feature=34 36 15 36 11 15 31 29 31 33 0 4 36 33 15 0 0 30 33 0 36 0 34 36 24 9 0 12 31 29 31 34 6 33 34 31 18 33 17 15 28 29 29 16
split_gain=0.584056 7.62352 17.6714 3.43456 0.0972289 0.0382566 0.168375 0.13116 0.063043 0.0401833 0.0307741 0.0163092 0.0283617 0.0125838 0.0120224 0.0170275 0.010576 0.0101522 0.0105645 0.00571778 0.00511616 0.00462181 0.00446057 0.00358763 0.00433423 0.00364233 0.00310428 0.00301434 0.00300269 0.00267052 0.00381423 0.00299376 0.00342356 0.00240562 0.00261144 0.00221076 0.00281895 0.00195088 0.0019259 0.00192051 0.00166165 0.0013471 0.0018808 0.00141845
threshold=1.0000000180025095e-35 1.5000000000000002 1.7950000762939455 2.5000000000000004 9.9550000000000018 1.7000000000000002 1.0000000180025095e-35 0.70000000000000007 1.0000000180025095e-35 0.3000000000000001 16.185000000000006 17.965000000000003 1.5000000000000002 1.0000000180025095e-35 2.1715384615384621 15.695000000000002 13.265000000000002 8.1000000000000014 3.5000000000000004 12.915000000000001 2.5000000000000004 13.835000000000003 46.100000000000009 2.5000000000000004 1.9000000000000001 10.085000000000003 16.590000000000003 7.5750000000000002 4.6000000000000005 1.0000000000000002 1.7000000000000004 69.000000000000014 9.8950000000000014 17.100000000000005 23.700000000000006 6.9000000000000012 5.0000000000000009 1.3 2.1000000000000005 2.2350000000000008 60.800000000000004 22.000000000000004 7.1000000000000005 6.0550000000000024
decision_type=2 2 2 2 2 2 2 2 2 2 2 2 2 2 2 2 2 2 2 2 2 2 2 2 2 2 2 2 2 2 2 2 2 2 2 2 2 2 2 2 2 2 2 2
left_child=1 -1 3 -3 5 6 7 -2 10 26 21 12 13 -10 -14 17 19 18 38 -11 -20 -7 -19 41 25 35 -8 -26 37 30 -15 33 -33 34 -31 36 -25 -18 -16 -40 -29 42 43 -17
right_child=4 2 -4 -5 -6 8 9 -9 11 16 -12 -13 14 29 15 23 28 22 20 -21 -22 -23 -24 24 27 -27 -28 40 -30 31 -32 32 -34 -35 -36 -37 -38 -39 39 -41 -42 -43 -44 -45
leaf_value=0.023981823937312977 0.0067974747837793951 0.026642760954762125 -0.076061358950576002 -0.015608646020941114 -0.0027527687489760644 -0.0011730791755124098 0.0015847685240695012 0.0012021900514443205 -0.0022451211316511037 0.00024991359009786889 -0.0031945190292717229 0.001381025803360072 -0.00058212771514263293 -3.7429796226708024e-05 0.00045805295082655825 0.00051254391119900076 -0.00069397327136178706 0.0010098909620534289 0.0018048460066885405 0.0018963198170617777 0.0034922273230293521 0.00030715001264104138 -0.00042348385868535844 0.0012839530282593393 0.00037913991333070129 -0.00028751758952634505 0.0026700830010866579 0.001332655564940476 0.00016463250492900134 -0.00081009829343695733 -0.0013188833975401081 -0.0011257180633872529 -0.00018828814052403929 -0.00056576540743982469 0.00020660768064759288 0.00016893115854172997 0.00031585715493405019 -0.00016579569749145467 0.00089230168455590802 0.0019537614360451701 0.00068076756480452301 -0.00021108283640139481 0.00051817089843350054 -2.4978816698232742e-06
leaf_weight=37 49.5 26.5 24.5 23 66 27 34.5 58.5 20 27 49.5 82.5 64 29 22 44 58.5 33 23 27 23 27 24 38.5 55 49.5 33 71.5 148.5 17.5 30.5 34 93.5 37 212.5 66 38.5 190.5 24 20 38.5 44 115.5 154
leaf_count=31 27 24 16 22 36 27 27 36 15 27 27 45 54 24 18 24 36 24 21 27 21 27 24 21 30 27 18 39 81 15 18 24 51 21 129 36 21 108 24 18 21 24 63 84
internal_value=1.5405e-11 -0.00566794 -0.0204928 0.00701079 0.000273421 0.000362785 0.000892831 0.0037667 0.000156106 0.000294801 -0.00175371 0.00028749 0.000224046 -0.000281222 0.00047668 0.000553336 2.26239e-05 0.00127552 0.00171786 0.00107312 0.00264854 -0.000432965 0.000406365 0.000382637 0.000561838 0.000303948 0.00211537 0.00086271 -0.000120085 -0.000194706 -0.000694309 -0.000119354 -0.000438269 3.29367e-05 0.00012925 0.000508686 0.000799905 -0.000289886 0.00106921 0.00137478 0.00110449 0.000203436 0.000261614 0.000111956
internal_weight=2412 111 74 49.5 2301 2235 627 108 1608 519 103.5 1504.5 1422 474 948 884 451.5 169 112 54 46 54 57 715 357.5 192.5 67.5 165 397.5 454 59.5 394.5 127.5 267 230 143 77 249 66 44 110 357.5 313.5 198
internal_count=1533 93 62 46 1440 1404 387 63 1017 324 81 936 891 297 594 540 279 150 102 54 42 54 48 390 195 105 45 90 225 282 42 240 75 165 144 78 42 144 60 42 60 195 171 108
is_linear=0
shrinkage=0.08


Tree=45
num_leaves=45
num_cat=0
split_feature=34 35 0 35 37 33 37 37 10 10 37 4 16 17 4 31 32 33 0 37 37 22 37 18 22 5 16 31 25 9 4 4 18 22 22 18 17 15 34 24 35 16 16 33
split_gain=0.494345 7.19966 10.6843 0.62571 0.121177 0.269567 0.202687 2.68218 0.409871 0.0892522 0.0815968 0.0803842 0.0205445 0.0240678 0.0212796 0.0676951 0.0355948 0.0192499 0.0154639 0.0149025 0.0204295 0.0209387 0.0323714 0.0375695 0.0108214 0.01035 0.0100962 0.00818047 0.00645472 0.0106369 0.00653068 0.00813979 0.00577976 0.00455941 0.00958991 0.00412124 0.0040018 0.00373373 0.0036161 0.00335734 0.00710456 0.00752113 0.00437343 0.00331457
threshold=1.0000000180025095e-35 1.5000000000000002 16.415000000000003 1.0000000180025095e-35 16.415000000000003 0.50000000000000011 11.703076923076924 11.802307692307695 9.9550000000000018 9.8950000000000014 11.911538461538465 16.515000000000004 6.0057692307692303 3.3000000000000003 16.475000000000005 1.0000000180025095e-35 1.0000000180025095e-35 1.0000000180025095e-35 16.185000000000006 10.065000000000003 9.6700000000000017 52.000000000000007 7.0900000000000007 17.200000000000006 19.300000000000004 11.992692307692311 9.2000000000000011 0.70000000000000007 7.5000000000000009 11.285000000000002 17.310000000000006 16.960000000000004 3.3000000000000003 20.100000000000005 11.600000000000003 2.3000000000000003 3.7000000000000006 2.1950000000000003 47.20000000000001 1.1000000000000003 1.5000000000000002 7.0850000000000017 7.0850000000000017 12.800000000000002
decision_type=2 2 2 2 2 2 2 2 2 2 2 2 2 2 2 2 2 2 2 2 2 2 2 2 2 2 2 2 2 2 2 2 2 2 2 2 2 2 2 2 2 2 2 2
left_child=1 2 3 -1 6 -6 8 -8 12 11 -9 -7 -2 14 16 -16 18 -12 -14 20 21 24 23 -23 -15 27 33 37 29 30 31 -13 -26 34 35 -18 43 -19 -35 40 41 -17 -42 -29
right_child=4 -3 -4 -5 5 9 7 10 -10 -11 17 28 13 19 15 39 26 25 -20 -21 -22 22 -24 -25 32 -27 -28 36 -30 -31 -32 -33 -34 38 -36 -37 -38 -39 -40 -41 42 -43 -44 -45
leaf_value=0.010715517898400624 0.0015008299907669426 0.022468820966971226 -0.063792178034782404 -0.0075522646183768909 0.0099776586641867962 0.0038136509571893092 -0.027518017068505287 0.0047096728533506391 0.0082084713947205307 0.0060245407833939505 0.0018910496564650979 4.5225332930891048e-05 -0.0011102537280465994 -0.00094295916809803912 0.0026701938374726858 -7.0597735180016909e-05 -0.00035143785858526822 -0.00040782500919180385 -0.0036429714618457687 0.0020133770185930188 -0.0012945147696882488 0.0015874382116728358 0.0026747042353710403 -0.0023319695920993888 0.0011920789623885259 -0.0015032493914588399 0.0012500640760796766 0.00082790680806196868 0.00067456093897374397 -0.0020185190396538625 0.000778987975826374 -0.0017791292717447506 6.3403924154181054e-05 0.00069011760064203174 -0.0013273226879537106 0.00047587783196039742 -0.00029608959807471061 -0.0017192290092740829 -0.00025651389812722942 0.00026419170459006163 -0.00021726585807197766 0.001106196157731271 -0.0010102099183325966 -0.00019377128019308051
leaf_weight=24 75 39 24 24 24 39 24 24 42 21 27 45 36 45 67.5 126 225 33 27 48 36 45 69 24 48 42 30 63 39 24 33 24 73.5 49.5 60 46.5 72 24 54 205.5 172.5 48 60 30
leaf_count=24 30 30 15 24 24 39 12 12 18 21 27 45 36 18 30 63 120 33 12 24 18 36 36 24 36 21 30 63 39 24 33 24 42 36 30 24 72 24 36 90 69 24 24 21
internal_value=9.56553e-12 -0.00521451 -0.0202096 0.00158163 0.000251547 0.00191814 4.93141e-05 -0.00173797 0.000403015 0.00105846 0.000226225 0.000547247 0.000206827 0.000146019 -3.01965e-05 0.000265843 -0.00041118 -0.000143544 -0.0021957 0.000693715 0.000507684 0.000720752 0.00144944 0.000224166 0.000116798 -0.000351627 -0.000169406 -0.000133753 -0.000224812 -0.000503189 -0.000146641 -0.000589333 0.0005093 -0.0002673 -0.00041202 -0.000209743 0.000151676 -0.000959995 0.000196223 6.57746e-07 -0.000132568 0.000254035 -0.000421897 0.000498333
internal_weight=2412 111 72 48 2301 249 2052 339 1713 225 315 204 1671 1596 1207.5 679.5 528 291 63 388.5 340.5 304.5 138 69 166.5 264 465 222 165 126 102 69 121.5 435 331.5 271.5 165 57 103.5 612 406.5 174 232.5 93
internal_count=1533 93 63 48 1440 249 1191 285 906 225 273 204 888 858 624 300 324 261 48 234 210 192 96 60 96 234 276 213 165 126 102 69 78 246 174 144 156 57 72 270 180 87 93 84
is_linear=0
shrinkage=0.08


Tree=46
num_leaves=45
num_cat=0
split_feature=37 34 34 36 0 36 34 10 3 27 30 25 8 36 31 31 37 37 0 37 10 19 5 37 16 21 34 33 29 31 34 35 17 37 37 36 31 36 37 37 37 15 30 12
split_gain=0.459409 10.1618 0.569656 3.73482 17.9905 0.980449 0.238859 0.182101 0.0246955 0.0151304 0.0141808 0.0141535 0.0159727 0.0314626 0.0505026 0.0289183 0.0278324 0.0306546 0.0239262 0.0141307 0.0153535 0.0138541 0.0135848 0.031459 0.0110818 0.00816676 0.00637773 0.0257194 0.0138727 0.0262159 0.00992988 0.00605244 0.00831841 0.00466421 0.0121681 0.00847819 0.00448245 0.00443841 0.00713803 0.00656986 0.00528941 0.0102235 0.00639408 0.00487785
threshold=16.425000000000004 8.7000000000000046 1.0000000180025095e-35 2.5000000000000004 16.415000000000003 1.5000000000000002 12.500000000000005 9.9550000000000018 16.660000000000004 1.6000000000000003 5.9000000000000012 5.4000000000000012 9.8350000000000026 2.5000000000000004 1.0000000180025095e-35 0.70000000000000007 8.1550000000000029 5.3900000000000015 16.185000000000006 7.4400000000000004 7.4200000000000008 3.0000000000000004 12.049615384615388 11.470000000000001 6.0057692307692303 1.1000000000000003 7.5000000000000027 5.9000000000000012 0.3000000000000001 0.70000000000000007 16.900000000000009 1.5000000000000002 3.7000000000000006 8.4550000000000018 4.1950000000000012 1.5000000000000002 3.3000000000000003 1.5000000000000002 7.8500000000000005 7.8950000000000005 9.8250000000000011 2.2350000000000008 3.7000000000000006 7.8800000000000008
decision_type=2 2 2 2 2 2 2 2 2 2 2 2 2 2 2 2 2 2 2 2 2 2 2 2 2 2 2 2 2 2 2 2 2 2 2 2 2 2 2 2 2 2 2 2
left_child=2 -2 3 4 5 -1 -3 11 10 -10 -8 12 13 26 -15 18 17 21 -14 -17 -21 -16 23 -13 -11 -26 27 -4 29 -28 -30 32 36 34 -32 -36 -18 38 -22 -39 -41 -42 -43 -40
right_child=1 6 7 -5 -6 -7 8 -9 9 24 -12 22 15 14 16 19 31 -19 -20 20 37 -23 -24 -25 25 -27 28 -29 30 -31 33 -33 -34 -35 35 -37 -38 39 43 40 41 42 -44 -45
leaf_value=-0.023688610096772512 -0.057930887252092361 0.008219435553842535 2.3291345443188524e-05 -0.015080024792502325 0.071436773014068602 -0.0008214631366233032 0.0034083086516087254 -0.0045116003585496433 -0.001453090025137903 0.0018442792942126593 0.00089781445994352297 0.00049692092357692152 -0.00025130280087739604 0.0031624319937524448 0.0014741254870876156 -0.0010650743477529398 0.0013015522575195696 0.0030629448072674375 -0.0027784659769586341 0.0015284187889968357 0.00063833269576231649 -0.0010957205772399903 -0.00022301919123640768 0.0028680930733874749 -0.0012611420778557659 0.0005462605677894317 0.0027434662144098965 -0.0027520675197816812 -0.00073101293196453274 4.8700021204328347e-06 -0.00097650401394015968 -0.00066617413610219956 -0.00050767616474262946 -8.1021172542952835e-05 0.00018763692209010073 0.00159873849669591 0.0001096941422050198 -0.00039924430589684669 -0.0011430550380846706 0.0010415671538794413 0.0010813221218133415 -0.0011749520969084081 0.00015041308414593741 -0.000114344742042565
leaf_weight=24 20 30 120 36 25 24 24 54 36 27 36 141 49.5 54.5 29 67.5 46 48 46.5 48 37.5 25 67.5 48 24 48 35 26 108 62 28 65 53 225 54.5 54.5 36 85 59 64 54 34 74 59
leaf_count=24 20 30 100 30 13 24 24 24 36 27 36 60 27 37 29 27 30 32 24 24 15 25 30 24 24 48 20 16 68 42 28 26 41 138 36 36 22 34 34 26 32 20 42 28
internal_value=2.99179e-11 -0.00328358 0.00037124 0.00600731 0.0164065 -0.012255 0.00157396 7.27308e-05 0.00055158 -4.86119e-05 0.00190201 0.000196261 0.000114807 0.00030738 0.000921018 -0.000188964 0.000516524 0.00159194 -0.0014754 2.32313e-05 0.000166012 0.000284382 0.000751191 0.00109912 0.000462107 -5.6207e-05 5.61923e-07 -0.000470951 0.000121974 0.000993023 -5.77953e-05 -3.19388e-05 0.000273434 0.000143054 0.000511061 0.000893188 0.000778297 2.58285e-05 -0.000323145 0.000200316 0.000425814 0.000182553 -0.000266832 -0.0006287
internal_weight=2412 245 2167 109 73 48 225 2058 195 135 60 2004 1747.5 1069.5 356.5 678 302 102 96 582 514.5 54 256.5 189 99 72 713 146 567 97 470 200 135 362 137 109 82 466.5 155.5 311 226 162 108 118
internal_count=1533 245 1288 91 61 48 225 1197 195 135 60 1173 1059 726 242 333 205 86 51 282 255 54 114 84 99 72 484 116 368 62 306 119 93 238 100 72 52 231 77 154 120 94 62 62
is_linear=0
shrinkage=0.08


Tree=47
num_leaves=45
num_cat=0
split_feature=34 36 0 36 16 35 25 13 35 34 14 14 36 16 4 0 36 12 35 16 22 35 21 34 34 16 35 17 0 30 16 15 18 17 0 34 36 35 19 34 30 33 33 15
split_gain=0.488911 6.26923 15.1678 0.578505 0.0889466 0.314495 0.321585 0.0558792 0.0959332 0.216467 0.0900484 0.0820517 0.0835867 0.318592 0.306366 0.0306049 0.0242654 0.0295494 0.0185914 0.0156305 0.0317096 0.0145493 0.0219787 0.0218209 0.0548861 0.0221037 0.0156221 0.0200381 0.0143713 0.0194503 0.0168169 0.0134443 0.0103657 0.0102475 0.00947704 0.00400721 0.00357637 0.00722744 0.00775253 0.00719578 0.00333971 0.003319 0.00329217 0.0031755
threshold=1.0000000180025095e-35 1.5000000000000002 16.415000000000003 2.5000000000000004 5.9461538461538463 1.5000000000000002 11.400000000000002 8.2450000000000028 1.0000000180025095e-35 12.500000000000005 9.8550000000000022 8.490000000000002 1.5000000000000002 6.0273076923076916 17.860000000000003 17.475000000000005 2.5000000000000004 8.1550000000000029 1.5000000000000002 6.1300000000000008 11.300000000000002 1.5000000000000002 3.0000000000000004 4.6000000000000023 5.1000000000000023 6.6250000000000018 1.0000000180025095e-35 3.7000000000000006 16.575000000000003 5.9000000000000012 6.0350000000000028 2.4650000000000012 3.0000000000000004 3.3000000000000003 16.805000000000003 37.600000000000001 1.5000000000000002 1.5000000000000002 3.3000000000000003 74.200000000000017 7.3000000000000016 0.70000000000000007 0.70000000000000007 2.3450000000000006
decision_type=2 2 2 2 2 2 2 2 2 2 2 2 2 2 2 2 2 2 2 2 2 2 2 2 2 2 2 2 2 2 2 2 2 2 2 2 2 2 2 2 2 2 2 2
left_child=1 -1 3 -3 5 6 -2 16 9 10 -9 -10 14 -14 41 18 17 19 34 20 -6 23 35 -18 -25 32 33 -28 29 -11 -30 -24 -26 -27 -15 -23 37 39 43 40 -21 -13 -20 -39
right_child=4 2 -4 -5 7 -7 -8 8 11 28 -12 12 13 15 -16 -17 21 -19 42 36 -22 22 31 24 25 26 27 -29 30 -31 -32 -33 -34 -35 -36 -37 -38 38 -40 -41 -42 -43 -44 -45
leaf_value=0.021701733405525617 -0.010677261563121446 -0.00075574632734060293 -0.067841276801549472 0.016809447892010214 -5.2073587230735956e-05 0.0025115385570873817 1.5793474805023934e-05 0.010223677114204124 0.003480515851880665 0.0031356439073351797 0.0032388270433459966 -0.00070932336132785282 -0.0067864312322603324 0.00030091020172139083 0.007360513561631604 0.0021217952227150952 -0.0010834316665967627 -0.0025171141032919743 -2.7125297622247179e-05 -0.00041577048709756398 -0.0026332012424245478 -0.00020516110156857217 -0.00023319288878373697 0.011924208998680115 0.00093123959411901456 0.0019784216176379809 0.0014431556962046991 0.0043623434565961362 0.001287760782454695 -0.00019819342575612522 -0.0017307420406292226 0.0018026409236714244 -0.00049968445087196652 -0.00046334164217114447 0.0017860247164499016 -0.0012024966821450145 0.00024043652864116162 0.0013358116226075331 -0.00033725566982936397 -0.0015708338436750888 0.00033622625443682655 9.2975991206876272e-05 -0.00079116379720203214 0.0003593716464108891
leaf_weight=37 36 24 26 24 99 60 36 27 54 24 21 49.5 45 88 45 54 31 33 55 146 44 45.5 35.5 2.9999999999999991 81 22 34 27 21 21 27 50 54 22 40 59.5 376.5 40.5 65 29 51 99 105 45
leaf_count=31 24 24 14 24 54 24 24 27 24 24 21 22 20 44 20 24 30 18 22 120 24 32 22 2 54 22 23 21 21 21 27 26 36 22 20 25 267 30 38 20 38 44 42 21
internal_value=-1.53299e-11 -0.00518577 -0.0186295 0.00802685 0.000250161 -0.00176606 -0.00533073 0.000372863 0.000917175 0.00280469 0.00716781 0.000497728 0.00022026 -0.000458541 0.00157786 0.000374076 6.9947e-05 -0.000166109 4.63785e-05 -7.95206e-05 -0.000846267 0.000542059 5.09352e-06 0.000915387 0.00117038 0.00103596 0.0019065 0.00273526 0.000552756 0.00157985 -0.000410147 0.000957353 0.00035887 0.00075754 0.000765008 -0.000770318 6.60899e-05 -0.000108257 0.000321266 -0.000394288 -0.000221091 -0.000174457 -0.000528526 0.000821896
internal_weight=2412 111 74 48 2301 132 72 2169 775.5 141 48 634.5 580.5 387 193.5 342 1393.5 929 288 896 143 464.5 190.5 274 243 240 105 61 93 45 48 85.5 135 44 128 105 753 376.5 150.5 226 197 148.5 160 85.5
internal_count=1533 93 62 48 1440 72 48 1368 423 141 48 282 258 172 86 152 945 630 128 612 78 315 105 210 180 178 88 44 93 45 48 48 90 44 64 57 534 267 89 178 158 66 64 51
is_linear=0
shrinkage=0.08


Tree=48
num_leaves=45
num_cat=0
split_feature=34 35 0 35 11 35 14 14 33 14 11 5 17 4 2 32 0 35 0 0 6 16 0 35 35 18 18 22 5 0 33 16 10 16 4 14 0 22 32 0 22 22 18 34
split_gain=0.413814 6.02793 8.99613 0.529601 0.0849658 0.0383487 0.201746 0.10693 0.0315434 0.0216827 0.0190051 0.0238282 0.0143642 0.0206129 0.0366335 0.0280081 0.0120485 0.0275866 0.192251 0.100019 0.0264543 0.0120312 0.0104764 0.0102774 0.0100928 0.0290554 0.0266719 0.0244566 0.015745 0.012112 0.00883936 0.00841301 0.00779219 0.00726582 0.008391 0.005854 0.00578598 0.00539392 0.00426913 0.00381109 0.00369235 0.00652795 0.00383739 0.00281152
threshold=1.0000000180025095e-35 1.5000000000000002 16.415000000000003 1.0000000180025095e-35 9.9550000000000018 1.0000000180025095e-35 9.5600000000000005 9.8550000000000022 1.0000000180025095e-35 7.455000000000001 8.490000000000002 9.9550000000000018 3.3000000000000003 16.475000000000005 16.475000000000005 1.0000000180025095e-35 17.775000000000002 1.5000000000000002 17.475000000000005 17.475000000000005 11.941153846153847 7.0000000000000018 16.185000000000006 1.5000000000000002 1.5000000000000002 15.500000000000002 12.900000000000002 39.100000000000016 10.065000000000003 15.935000000000002 7.5000000000000009 9.2000000000000011 9.0550000000000015 7.0850000000000017 17.150000000000002 7.3050000000000006 16.185000000000006 9.5000000000000018 0.70000000000000007 16.545000000000005 20.100000000000005 11.600000000000003 2.3000000000000003 47.20000000000001
decision_type=2 2 2 2 2 2 2 2 2 2 2 2 2 2 2 2 2 2 2 2 2 2 2 2 2 2 2 2 2 2 2 2 2 2 2 2 2 2 2 2 2 2 2 2
left_child=1 2 3 -1 5 6 8 -8 -2 36 11 30 13 15 -15 22 17 18 21 33 -18 -16 -7 -22 25 28 27 35 29 -14 -11 40 39 34 -19 -26 38 -13 -10 -12 41 42 -17 -42
right_child=4 -3 -4 -5 -6 12 7 -9 9 10 32 37 24 14 16 31 20 19 -20 -21 23 -23 -24 -25 26 -27 -28 -29 -30 -31 -32 -33 -34 -35 -36 -37 -38 -39 -40 -41 43 -43 -44 -45
leaf_value=0.0099072009821732851 0.0029162351034271224 0.020559751932055521 -0.058483079702903826 -0.0068991590415438024 -0.0025987719264671662 -0.001060109279027933 0.010219104436802722 0.002402263075734178 -0.00085833803551005469 0.0041182945242949891 -0.00012704248908751954 0.0010699749660755817 0.00062303548041705247 0.0022822528399141181 -0.00016319646883040557 -0.00034553734013061333 0.0016430555419040421 -0.00025374411971618735 -0.0056296999444298088 0.0036275426685100508 -0.00096424419846799644 0.0010798431244583276 -0.0031447638322909671 0.00051646683603111243 0.00042454138352179235 0.0032783285149683558 -0.0016127944005919354 0.0017060744192451238 0.0017653476130605364 -0.0011741448111004299 0.001870837111103659 0.001139654553650568 0.00072925781699804916 -0.00090748883030135872 0.00092138113968429113 -0.00090122078110774358 -0.0012896311935037374 -0.0004151218054600273 8.1906071841680945e-05 -0.0016027686070828212 0.00060715969098670732 -0.0011308702944467465 0.00045277896146940933 -0.00022754233261501348
leaf_weight=24 30 39 24 24 66 36 21 24 42 21 24 45 72 54 138 225 94.5 150 42 52.5 54 78 27 67.5 40.5 30 42 75 48 36 24 30 39 67.5 52.5 45 36 24 117 21 49.5 60 46.5 54
leaf_count=24 30 30 15 24 36 36 21 24 42 21 24 45 51 24 69 120 42 60 21 21 27 39 12 27 27 24 33 39 24 18 24 30 39 27 21 18 36 24 117 21 36 30 24 36
internal_value=-7.00315e-13 -0.00477091 -0.0184917 0.00150402 0.000230148 0.000313687 0.000957591 0.00605012 0.000415833 0.000224962 0.000814667 0.00148746 0.000143145 2.20556e-05 0.000265801 -0.000370568 0.000129092 -6.07052e-05 -0.00067729 0.000432562 0.000639172 0.000285679 -0.00195353 -0.000141627 0.000572801 0.000998257 0.000182011 0.00065168 0.000559782 2.39754e-05 0.00291965 -0.000156101 -9.8406e-05 -0.000188684 5.0918e-05 -0.000273228 -0.000373815 0.00055342 -0.00016646 -0.000815715 -0.000245464 -0.000375698 -0.000208809 0.000171663
internal_weight=2412 111 72 48 2301 2235 468 45 423 393 198 114 1767 1378.5 850.5 528 796.5 580.5 258 322.5 216 216 63 121.5 388.5 186 202.5 160.5 156 108 45 465 84 270 202.5 85.5 195 69 159 45 435 331.5 271.5 103.5
internal_count=1533 93 63 48 1440 1404 468 45 423 393 198 114 936 702 378 324 354 258 129 129 96 108 48 54 234 117 117 84 93 69 45 276 84 108 81 45 195 69 159 45 246 174 144 72
is_linear=0
shrinkage=0.08


Tree=49
num_leaves=45
num_cat=0
split_feature=37 3 34 37 37 33 4 35 13 11 35 16 16 18 35 1 34 21 15 4 32 33 34 1 34 27 15 25 16 16 29 33 29 35 37 32 21 21 4 31 21 29 33 22
split_gain=0.414359 9.70734 0.60325 3.44481 1.11335 0.207611 0.137689 0.0936117 0.0728609 0.0309142 0.0145673 0.0199733 0.081826 0.0227812 0.0213282 0.0210916 0.0162323 0.0146352 0.0229757 0.0118046 0.0111389 0.0343787 0.0123672 0.0133101 0.0129141 0.0122559 0.00907281 0.00752711 0.00648441 0.00835705 0.00559519 0.00526706 0.00514093 0.00478007 0.00465478 0.00553519 0.00416645 0.00398951 0.00364414 0.00350499 0.00381031 0.00319796 0.00499475 0.00301213
threshold=16.425000000000004 16.465000000000003 1.0000000180025095e-35 7.8750000000000009 11.964615518129792 0.50000000000000011 17.955000000000002 1.5000000000000002 9.7700000000000014 9.9550000000000018 1.5000000000000002 6.5150000000000006 6.6350000000000016 17.200000000000006 1.0000000180025095e-35 16.860000000000003 86.000000000000014 10.000000000000002 2.4650000000000012 16.565000000000001 1.0000000180025095e-35 1.9000000000000001 10.300000000000002 16.920000000000005 3.5000000000000004 4.1000000000000005 2.2050000000000001 7.5000000000000009 6.8750000000000018 7.4350000000000032 20.700000000000006 12.100000000000001 3.1000000000000005 1.0000000180025095e-35 14.310000000000002 1.0000000180025095e-35 3.3000000000000003 2.3000000000000003 17.255000000000006 2.5000000000000004 1.1000000000000003 4.6000000000000005 3.3000000000000003 19.300000000000004
decision_type=2 2 2 2 2 2 2 2 2 2 2 2 2 2 2 2 2 2 2 2 2 2 2 2 2 2 2 2 2 2 2 2 2 2 2 2 2 2 2 2 2 2 2 2
left_child=2 -2 3 7 -5 -3 9 -1 19 10 11 16 -13 15 -15 34 26 20 -19 -7 21 -12 23 24 -22 28 -4 39 41 -30 32 -27 36 -34 35 -14 -28 -31 -17 -21 -41 42 -24 -37
right_child=1 5 6 4 -6 8 -8 -9 -10 -11 17 12 13 14 -16 38 -18 18 -20 27 22 -23 25 -25 -26 31 30 -29 29 37 -32 -33 33 -35 -36 43 -38 -39 -40 40 -42 -43 -44 -45
leaf_value=-0.006347226298724612 -0.056529749000445009 0.0086618438487251603 0.00065507752269816893 0.028723773215756272 0.0070349652852330895 0.001646926459916695 -0.0031874125598021497 -0.013413076237775386 0.0042261897241978935 0.0023653291110639217 0.00038095578965213566 0.0039228835143148896 -0.00070473331561381072 0.00023367792656201692 0.003724746418884024 0.0016914041633545249 0.0012704994927580451 -0.00069721411157777342 0.0019758698077616738 0.00038059954176701251 2.922354138218889e-05 -0.0029358469447793648 -0.00110740672921141 -0.00062913832316795985 0.0023627129182219506 -9.7781946013371146e-05 -0.00022161066359667865 0.00076630236180976797 -0.0015395155575860179 -0.00075076257093594629 -0.0013562028906825515 0.00082852890997221968 0.00075134454689060272 -0.00025170370079307021 -0.00087998989229209912 1.2049899754963597e-06 -0.0012022293155620758 0.00056017533332730336 0.00073339465210059038 -0.0012000221607512702 -6.3789824334283676e-05 -8.1593169880563341e-05 -0.00010423679097935006 0.00054462637204172402
leaf_weight=24 20 24 60 33 28 27 81 24 33 40.5 45 45 54 21 24 54 51 34.5 51 21 25.5 36 60 30 37.5 75 54 39 66 39 36 82.5 39 138 39 204 57 24 48 51 30 243 67.5 96
leaf_count=24 20 24 39 15 28 27 36 24 33 18 27 27 48 21 21 27 27 21 33 21 21 18 24 12 24 30 33 39 30 30 21 33 39 69 39 132 36 24 24 51 30 99 27 87
internal_value=1.86327e-12 -0.00311843 0.000352568 0.00615244 0.0187683 0.00162924 4.53837e-05 -0.00988015 0.000789527 0.000177835 0.000132086 0.000340073 0.000645341 0.000372212 0.00209558 0.000215542 -7.04595e-05 -9.93893e-05 0.000897257 0.000114468 -0.000201932 -0.00109318 -0.000105678 0.000757772 0.00141821 -0.000227901 -0.000248556 -0.000178982 -0.000421924 -0.000910415 -0.000415895 0.000387429 -0.000298357 -3.06931e-05 -5.04968e-05 4.0888e-05 -0.000725172 -0.000251358 0.00124058 -0.000540414 -0.000779195 -0.000251842 -0.000576317 0.0001751
internal_weight=2412 245 2167 109 61 225 2058 48 201 1977 1936.5 1020 585 540 45 495 435 916.5 85.5 168 831 81 750 93 63 657 384 141 499.5 129 324 157.5 288 177 393 354 111 63 102 102 81 370.5 127.5 300
internal_count=1533 245 1288 91 43 225 1197 48 201 1161 1143 690 426 399 42 357 264 453 54 168 399 45 354 57 45 297 237 141 234 84 198 63 177 108 306 267 69 54 51 102 81 150 51 219
is_linear=0
shrinkage=0.08


Tree=50
num_leaves=45
num_cat=0
split_feature=34 37 0 35 37 32 37 10 10 3 37 36 34 16 31 17 37 30 3 31 34 34 33 35 0 16 10 14 36 6 9 20 27 33 31 30 14 0 29 35 34 17 0 26
split_gain=0.417321 6.26267 3.74646 0.139847 0.135855 0.204068 0.150906 2.17189 0.375769 0.0737001 0.0665244 0.0424556 0.0348341 0.0347252 0.0293629 0.01635 0.0180532 0.0128376 0.0128018 0.0118358 0.0270037 0.0220086 0.0116336 0.0111112 0.0109184 0.0107315 0.0107999 0.0073245 0.0109755 0.00670324 0.00712577 0.0063011 0.00582981 0.00688579 0.00541766 0.00658635 0.00860842 0.00517012 0.00479388 0.00471049 0.004602 0.0041542 0.00399567 0.00398517
threshold=1.0000000180025095e-35 11.97499990463257 16.415000000000003 1.5000000000000002 16.415000000000003 0.70000000000000007 11.703076923076924 9.8950000000000014 9.9550000000000018 16.485000000000003 11.911538461538465 2.5000000000000004 13.900000000000004 6.0057692307692303 1.0000000180025095e-35 1.7000000000000004 2.6750000000000003 4.2000000000000011 16.590000000000003 1.0000000180025095e-35 12.000000000000004 8.2000000000000046 1.0000000180025095e-35 1.5000000000000002 15.4 6.0057692307692303 8.6700000000000017 7.455000000000001 1.5000000000000002 11.992692307692311 10.065000000000003 1.9000000000000001 8.7000000000000011 1.0000000180025095e-35 1.0000000000000002 1.3 9.6300000000000008 16.175000000000004 1.0000000000000002 1.5000000000000002 46.100000000000009 14.600000000000001 16.425000000000004 2.3000000000000003
decision_type=2 2 2 2 2 2 2 2 2 2 2 2 2 2 2 2 2 2 2 2 2 2 2 2 2 2 2 2 2 2 2 2 2 2 2 2 2 2 2 2 2 2 2 2
left_child=1 2 3 -1 6 -6 8 10 11 -7 -8 19 -11 -13 -15 16 -16 24 31 20 21 -2 -12 -20 -17 -14 27 -27 -29 30 37 42 33 -21 35 36 -35 -24 39 -36 -19 -40 -18 -30
right_child=4 -3 -4 -5 5 9 7 -9 -10 12 22 13 25 14 15 17 18 40 23 32 -22 -23 29 -25 -26 26 -28 28 43 -31 -32 -33 -34 34 38 -37 -38 -39 41 -41 -42 -43 -44 -45
leaf_value=-0.0041469644177705052 -0.0013914621672838144 -0.040970565204819044 0.026425867794138011 -0.01234003014707317 0.0073101851879022062 0.0049105443225966562 0.0042905563861131667 -0.024723629727959634 0.0077958757013437295 0.0034987341446269839 0.0014901343160481364 0.0036184806108474732 0.0014015525369128834 0.0023269072140848965 0.0061918583512306216 0.0029623240355642574 -0.0013650930862252912 0.00097522623872138418 0.0013549838522007561 -0.00091407772278986302 -0.0027356819482520223 0.0013890319753970418 -0.00014787829574346782 -7.2870981546917135e-05 0.00089361515081744052 -0.00080097247846424582 -0.0013339408440099629 -0.00080018778645899152 0.00069655981450341645 -0.0011801123432815075 0.00082091560214757916 0.00029460976388128032 -0.00087351441633439181 0.0016420609222647423 7.1567146850821489e-05 -0.00014138662980662451 5.5475377788146342e-06 -0.0014849511241828578 -1.9399253952471101e-05 -0.00092766393558122221 -7.9016109120171019e-05 0.00080424558504351557 -0.00042010590256679625 0.0022935914834961296
leaf_weight=30 38 24 33 24 39 27 24 24 42 21 27 25 30 54.5 2.9999999999999991 31 52.5 53 58 52 36 35 156 87.5 34.5 30 42 20 20 42 45 42 54 48 52 63 36 21 586 72 53 42 63 20
leaf_count=30 28 24 15 24 39 27 12 12 18 21 27 10 30 32 3 30 30 30 29 32 16 20 156 35 16 30 42 20 20 21 36 25 22 38 32 36 16 21 284 36 28 32 28 20
internal_value=-4.26938e-11 -0.00479108 0.00518947 -0.00778833 0.000231121 0.00199577 1.69898e-05 -0.00152518 0.000322183 0.00100881 0.000242319 0.000134334 0.00043314 0.000704609 0.000567679 0.000366888 1.64313e-05 0.000992192 -4.47115e-05 -0.000150803 -0.000942605 -5.83485e-05 -9.15563e-05 0.000496308 0.0018727 3.57479e-05 -0.000274662 0.000219668 0.000729988 -0.00025332 -7.7981e-05 -0.000544511 -6.49259e-05 -1.90123e-05 3.27601e-05 0.000476947 0.000940698 -0.000306514 -5.40691e-05 -0.000508632 0.000448105 3.56853e-05 -0.000849646 0.00149508
internal_weight=2412 111 87 54 2301 249 2052 339 1713 210 315 1671 183 557 532 477.5 306 171.5 303 1114 109 73 291 145.5 65.5 162 132 90 60 264 222 157.5 1005 951 899 147 84 177 752 124 106 628 115.5 40
internal_count=1533 93 69 54 1440 249 1191 285 906 210 273 888 183 296 286 254 150 104 147 592 64 48 261 64 46 162 132 90 60 234 213 83 528 506 474 90 54 177 384 68 58 316 58 40
is_linear=0
shrinkage=0.08


Tree=51
num_leaves=45
num_cat=0
split_feature=37 32 34 36 1 36 34 10 3 4 36 31 1 32 16 33 15 1 4 7 1 28 35 32 19 15 34 31 37 37 31 16 34 16 37 25 36 16 35 19 34 4 16 14
split_gain=0.381568 8.96497 0.5729 2.99315 15.2807 0.977641 0.14847 0.144447 0.065507 0.0184754 0.0304782 0.0322924 0.108582 0.00953226 0.0627856 0.0245993 0.00935926 0.0131487 0.0092713 0.0224574 0.0162446 0.0092658 0.00698977 0.0114094 0.00813527 0.00801078 0.00461312 0.00613484 0.00432472 0.00855064 0.00577179 0.00411253 0.00430157 0.00442241 0.012017 0.00409372 0.00341835 0.00710997 0.00384435 0.00472499 0.00451048 0.00366275 0.00337475 0.00504158
threshold=16.425000000000004 0.3000000000000001 1.0000000180025095e-35 2.5000000000000004 16.375000000000004 1.5000000000000002 13.500000000000002 9.9550000000000018 16.485000000000003 17.965000000000003 2.5000000000000004 1.0000000180025095e-35 16.415000000000003 1.0000000180025095e-35 6.6250000000000018 1.7000000000000004 2.4900000000000007 15.100000000000003 16.765000000000004 10.675000000000002 16.575000000000003 36.700000000000003 1.5000000000000002 3.1000000000000005 0.3000000000000001 0.22999999999999957 1.9000000000000006 1.0000000180025095e-35 10.875000000000002 9.0550000000000015 6.1000000000000005 6.0453846153846165 5.1000000000000023 6.8350000000000017 10.025 8.7000000000000011 1.5000000000000002 6.0550000000000024 1.5000000000000002 3.3000000000000003 69.000000000000014 16.465000000000003 6.0550000000000024 7.5250000000000012
decision_type=2 2 2 2 2 2 2 2 2 2 2 2 2 2 2 2 2 2 2 2 2 2 2 2 2 2 2 2 2 2 2 2 2 2 2 2 2 2 2 2 2 2 2 2
left_child=2 -2 3 4 5 -1 -3 9 -8 10 13 12 -12 14 -4 -16 22 -18 20 -20 -10 -21 25 24 -24 -13 -15 -28 29 30 -19 -27 -33 34 -34 -23 37 -29 40 41 -39 -40 -38 -44
right_child=1 6 7 -5 -6 -7 8 -9 18 -11 11 16 -14 26 15 -17 17 28 19 21 -22 35 23 -25 -26 31 27 36 -30 -31 -32 32 33 -35 -36 -37 42 38 39 -41 -42 -43 43 -45
leaf_value=-0.022532081032792726 -0.0543208976094611 0.0065269454060630366 -0.0037686424679828413 -0.012887366302311421 0.066016664123535157 0.00030229224338351442 0.0049347464172613056 -0.004043975477969205 -0.00015475410959441905 0.0016086765613268922 -0.0010924103320576251 0.0024408636490503947 0.0054237677735179211 0.0012255314884371022 -0.00067965387570949494 0.0020919693214091241 0.0024908964566886425 0.0010141351477880227 -0.0022060815244913101 0.0017668148463902376 0.0028119490723613472 -0.00065149280578932821 -0.00025191356628158384 -0.0009768779282099925 0.0013452529071858435 -0.0017545977359016737 -0.00085982697589670205 -0.00094919930341152048 -3.0770105767553134e-05 0.001652739269985366 -0.0001847412953065941 -0.00069273581817036575 -0.00053720879040026505 0.0011231901537841903 0.0013207443050939488 0.00055496728726817915 0.00065981435747100765 -0.00013307727042543278 0.00089667094736209808 -0.00038730887247991747 -0.0010877527361515455 0.00011404294990934433 0.00030141713361883041 -0.00021420002806211522
leaf_weight=24 20 33 33 36 25 24 21 54 27 54 32 11.999999999999998 33.5 18 57 32 25 47.5 27 24 21 36 53.5 78 33 5.9999999999999991 59 65 59 48.5 56 21 56 52 37 36 65 220 62 66.5 37 100 245 240.5
leaf_count=24 20 33 18 30 13 24 21 24 27 24 27 6 16 18 42 22 24 22 27 24 21 36 25 36 21 3 34 30 36 23 24 20 28 44 28 36 30 149 35 38 24 40 173 113
internal_value=1.77836e-11 -0.0029925 0.00033833 0.00599043 0.0153 -0.0111149 0.00157003 3.89726e-05 0.000718056 0.000148992 0.00010857 0.000555853 0.00224029 -0.000115071 -0.000788217 0.000316885 0.000367092 0.000756105 0.000200216 -0.000167769 0.00114318 0.000405507 0.000103657 -0.000275261 0.00035741 0.000442419 -4.53567e-05 -6.50773e-05 0.000550561 0.000776209 0.000365468 0.000302992 0.000377363 0.000532343 0.000201977 -4.82628e-05 -2.24886e-05 -0.000163451 -5.82533e-05 0.00018049 -0.000270521 0.000413567 0.000118474 4.59981e-05
internal_weight=2412 245 2167 109 73 48 225 2058 192 2004 1950 650 65.5 1300 122 89 584.5 236 171 123 48 96 348.5 164.5 86.5 184 1178 1160 211 152 103.5 172 166 145 93 72 1101 550.5 485.5 228.5 257 162 550.5 485.5
internal_count=1533 245 1288 91 61 48 225 1197 192 1173 1149 383 43 766 82 64 340 129 171 123 48 96 211 82 46 129 684 666 105 69 46 123 120 100 56 72 632 316 286 113 173 75 316 286
is_linear=0
shrinkage=0.08


Tree=52
num_leaves=45
num_cat=0
split_feature=34 37 15 37 32 37 37 10 2 37 3 34 4 17 15 15 31 33 37 37 22 37 18 33 33 37 6 9 34 0 37 34 18 33 17 22 18 5 4 5 4 32 17 33
split_gain=0.418892 5.03669 3.241 0.141684 0.301488 0.127395 1.87726 0.348986 0.111442 0.0640234 0.0545651 0.0227509 0.0134974 0.010761 0.0125297 0.0532144 0.0241235 0.00994343 0.00910569 0.0115926 0.0112959 0.021808 0.0291806 0.00904077 0.00990783 0.00736798 0.00532592 0.00613751 0.00511833 0.0087923 0.00426457 0.0068908 0.00955406 0.00530503 0.00498618 0.00403369 0.00416419 0.0037646 0.0034892 0.00442644 0.00533849 0.00340893 0.00324573 0.00311318
threshold=1.0000000180025095e-35 11.97499990463257 1.7950000762939455 16.415000000000003 0.70000000000000007 11.703076923076924 11.802307692307695 9.9550000000000018 11.984999656677248 11.911538461538465 16.475000000000005 13.900000000000004 17.860000000000003 3.3000000000000003 1.7000000000000002 1.5799999999999994 1.0000000180025095e-35 1.0000000180025095e-35 10.065000000000003 9.6700000000000017 52.000000000000007 7.0900000000000007 17.200000000000006 3.1000000000000005 5.3000000000000016 4.9500000000000011 11.992692307692311 10.065000000000003 9.2000000000000046 16.895000000000003 7.4400000000000004 72.000000000000014 0.70000000000000007 12.100000000000001 1.1000000000000003 19.300000000000004 3.3000000000000003 10.010000000000002 16.575000000000003 11.992692307692311 17.365000000000006 0.70000000000000007 3.7000000000000006 5.5000000000000009
decision_type=2 2 2 2 2 2 2 2 2 2 2 2 2 2 2 2 2 2 2 2 2 2 2 2 2 2 2 2 2 2 2 2 2 2 2 2 2 2 2 2 2 2 2 2
left_child=1 2 8 5 -5 7 -7 12 -1 -8 -6 -12 13 14 15 28 25 -11 19 20 35 22 -22 -13 -25 -16 27 37 29 -2 31 32 -18 -32 -35 -15 -37 41 -26 40 -40 -19 -43 -44
right_child=3 -3 -4 4 10 6 9 -9 -10 17 11 23 -14 18 16 -17 30 26 -20 -21 21 -23 -24 24 38 -27 -28 -29 -30 -31 33 -33 -34 34 -36 36 -38 -39 39 -41 -42 42 43 -45
leaf_value=-0.0037076081094952924 0.001247636161389805 -0.037245646665493647 0.026564296385539428 0.0084932235666574582 0.0044239834323525429 -0.022971673831343652 0.004210579770927628 0.0074957239281918317 -0.010836558431872857 0.0013739121667350885 0.0028508873554390101 -0.001009231531001532 0.0013746812911260694 -0.00063717471187313402 -0.00061950611943999926 0.0031049273116364835 -0.00084070358316724512 -0.00074570429252667565 0.0014699026417414039 -0.001064636750638278 0.0011844442172182933 0.0019943282085106424 -0.0022697767335921526 0.0019708985023732697 0.00098970045291242158 -0.0022275870597811159 -0.0010640319384678844 0.00075260545685887337 -0.00013931848604906822 -0.00013274889791177379 -0.00015792259185462611 -0.0016489108887294101 0.00076769450786881718 0.00075903449582044417 -0.00017346092872321604 0.00082902828949348376 -0.00012900162752730405 -0.0012993047486192413 2.2227078831444183e-05 0.00084264523837537992 -0.0015399674330616282 0.00063422907789659113 -0.00065019184920108981 0.00047805729588920565
leaf_weight=36 52.5 24 28 39 24 24 24 42 23 27 21 39 52.5 45 30 39 60 45 48 36 45 69 24 21 21 46.5 42 45 328.5 67.5 385.5 27 39 94.5 60 48 73.5 21 42 21 21 42 45 24
leaf_count=36 30 24 16 39 24 12 12 18 17 27 21 39 21 18 30 24 51 45 24 18 36 36 24 21 21 24 21 36 156 30 171 18 30 42 27 36 42 21 42 21 21 42 45 24
internal_value=-2.42307e-11 -0.00480009 0.00415041 0.000231556 0.00203366 1.2879e-05 -0.00140408 0.000293293 -0.00648669 0.000239167 0.000834031 0.000370812 0.000112262 7.13123e-05 -4.46198e-05 0.000270495 -0.000251513 -8.83718e-05 0.000438356 0.00029294 0.000453441 0.000988652 -1.70239e-05 5.51656e-05 0.000384622 -0.00159697 -0.000237924 -8.16328e-05 2.40228e-05 0.00047117 -9.69681e-05 -0.000516053 -0.000207092 8.18417e-07 0.0003969 9.8431e-06 0.000249479 -0.000293727 6.73665e-05 -0.000163217 -0.000498504 -0.000158361 7.9751e-05 -0.000257757
internal_weight=2412 111 87 2301 249 2052 339 1713 59 315 210 186 1671 1618.5 1230 487.5 742.5 291 388.5 340.5 304.5 138 69 165 126 76.5 264 222 448.5 120 666 126 99 540 154.5 166.5 121.5 177 105 84 63 156 111 69
internal_count=1533 93 69 1440 249 1191 285 906 53 273 210 186 888 867 633 240 393 261 234 210 192 96 60 165 126 54 234 213 216 60 339 99 81 240 69 96 78 177 105 84 63 156 111 69
is_linear=0
shrinkage=0.08


Tree=53
num_leaves=45
num_cat=0
split_feature=34 2 0 35 11 35 13 35 0 35 12 15 35 15 31 30 18 18 21 22 33 35 31 33 0 31 15 21 33 32 21 33 0 15 26 3 35 16 35 18 31 31 11 29
split_gain=0.35455 4.98637 0.958853 0.940595 0.0918919 0.0837107 0.0441835 0.0995475 0.102523 0.0253305 0.122951 0.0795286 0.0169591 0.0232776 0.0904671 0.0282619 0.0187977 0.0173269 0.0206429 0.0120896 0.00967964 0.0095765 0.0162507 0.0161812 0.00822357 0.0158034 0.00990378 0.00920495 0.00781191 0.00846183 0.00572192 0.0067413 0.00719395 0.00366828 0.00342913 0.00565715 0.0063149 0.00375872 0.00344146 0.0132206 0.00850932 0.00308138 0.00300432 0.0044073
threshold=1.0000000180025095e-35 16.415000000000003 11.984999656677248 1.0000000180025095e-35 9.9550000000000018 1.5000000000000002 9.5600000000000005 1.0000000180025095e-35 17.150000000000002 1.5000000000000002 9.8250000000000011 0.29999999999999899 1.5000000000000002 1.7000000000000002 1.0000000180025095e-35 32.100000000000001 21.000000000000004 15.500000000000002 10.000000000000002 53.300000000000004 26.500000000000004 1.0000000180025095e-35 1.7000000000000004 2.1000000000000005 14.570000000000002 1.0000000180025095e-35 2.1715384615384621 2.3000000000000003 12.100000000000001 10.300000000000002 7.6000000000000005 11.700000000000001 14.005000000000001 2.5850000000000009 5.4000000000000012 16.195000000000004 1.0000000180025095e-35 6.5600000000000014 1.0000000180025095e-35 0.90000000000000013 1.0000000000000002 6.9000000000000012 7.5250000000000012 1.0000000000000002
decision_type=2 2 2 2 2 2 2 2 2 2 2 2 2 2 2 2 2 2 2 2 2 2 2 2 2 2 2 2 2 2 2 2 2 2 2 2 2 2 2 2 2 2 2 2
left_child=1 2 3 -1 6 -5 12 8 -8 10 -9 -11 13 14 -2 16 20 18 24 -20 30 22 -16 -24 26 -26 27 -14 42 -30 31 32 -15 -32 35 38 -37 -38 39 -34 -40 -41 -27 -44
right_child=4 -3 -4 5 -6 -7 7 9 -10 11 -12 -13 17 15 21 -17 -18 -19 19 -21 -22 -23 23 -25 25 28 -28 -29 29 -31 33 -33 34 -35 -36 36 37 -39 40 41 -42 -43 43 -45
leaf_value=0.013764642079671223 0.0049518200642231745 -0.035074072846999538 0.019340217899192463 -0.0033999228850007056 -0.0027289311364857537 -0.010543006828853063 0.0087935153288500652 0.0023171048806398175 0.0011394772391455869 -0.00063783086587985364 -0.0036098530034290718 0.0036257309317588803 -0.00075021903134054604 -0.0010132875282627841 -0.00037049683250370432 0.0023726612391571202 0.0017993500675910559 -0.0018154623993258509 0.00043425161570235333 0.002469492942094803 0.0010678040108406078 7.3546074187712902e-05 0.0036946359962513227 0.00090034564047527968 -0.0016986888609826565 -0.00073286090679545654 0.0020933245486091999 0.0012038412821237688 0.00076217890466261963 -0.0004847299355481352 -0.00093000649833508461 -0.00043185798791237176 0.0016883216672188915 -0.00011372534853433246 -0.00020201312619502897 8.5349100538425972e-06 0.0006165210737492003 0.0016528219527875386 -0.00094304079557403777 -0.00083428729201356563 0.0003761171758818774 0.00042921815843631825 -0.00088771216819683713 -9.3172759931379307e-05
leaf_weight=21 33 26 22 21 66 21 21 48 24 60 42 52.5 36 30 30 36 39 36 49.5 30 51 144 21 36 45 88.5 21 27 103.5 52.5 72 150 36 69 81 45 42 48 51 30 81 21 52.5 300
leaf_count=21 24 14 16 21 36 21 21 24 24 24 21 21 36 30 30 24 36 27 27 21 36 87 21 36 18 39 21 27 45 21 54 102 36 48 54 45 21 24 36 30 51 21 21 120
internal_value=-1.96031e-11 -0.00441608 0.00496166 -5.94292e-05 0.000213031 -0.00697146 0.000299908 0.00130788 0.00471136 0.000551547 -0.000448809 0.00135183 0.000174387 0.000374637 0.00103366 0.00017738 8.39635e-05 -9.83238e-05 -2.15802e-05 0.00120227 1.06377e-06 0.00047392 0.00113661 0.00192982 -0.000155597 -0.000252989 0.000588758 8.72354e-05 -0.000144016 0.000342546 -7.08989e-05 3.44845e-05 0.000184918 -0.00053055 0.000267552 0.000374995 0.000782322 0.00116921 0.000123904 0.000514535 -0.000133557 -0.00031402 -0.000316134 -0.000211508
internal_weight=2412 111 85 63 2301 42 2235 247.5 45 202.5 90 112.5 1987.5 1146 264 882 846 841.5 805.5 79.5 807 231 87 57 726 642 84 63 597 156 756 615 465 141 435 354 135 90 219 87 132 51 441 352.5
internal_count=1533 93 79 63 1440 42 1404 135 45 90 45 45 1269 846 198 648 624 423 396 48 588 174 87 57 348 264 84 63 246 66 552 450 348 102 318 264 90 45 174 87 87 51 180 141
is_linear=0
shrinkage=0.08


Tree=54
num_leaves=45
num_cat=0
split_feature=34 35 0 35 11 13 35 0 35 12 14 35 30 16 16 0 30 18 22 19 3 4 9 22 19 3 32 32 16 34 0 12 0 32 34 32 32 18 6 25 0 5 35 22
split_gain=0.300091 4.71777 9.5452 0.578927 0.0777773 0.0373969 0.084257 0.0867751 0.0214397 0.104066 0.067313 0.0143542 0.0196228 0.0221068 0.0510376 0.0158649 0.0154393 0.0146655 0.0171818 0.014018 0.00614409 0.0132314 0.0231126 0.00656984 0.00839202 0.00598161 0.00613325 0.00854046 0.00522203 0.00877597 0.00415675 0.00388524 0.00616267 0.00346571 0.00343281 0.00335568 0.00281929 0.00253921 0.00199862 0.00341695 0.00232137 0.00152127 0.00151513 0.00447086
threshold=1.0000000180025095e-35 1.5000000000000002 16.415000000000003 1.0000000180025095e-35 9.9550000000000018 9.5600000000000005 1.0000000180025095e-35 17.150000000000002 1.5000000000000002 9.8250000000000011 9.8550000000000022 1.5000000000000002 32.100000000000001 6.5150000000000006 6.6350000000000016 14.390000000000002 1.3 15.500000000000002 39.100000000000016 8.2000000000000011 16.155000000000005 16.465000000000003 9.9800000000000022 26.300000000000008 0.3000000000000001 16.625000000000004 2.8000000000000003 9.1000000000000014 6.8000000000000025 36.300000000000004 17.845000000000002 7.8200000000000012 17.890000000000004 1.7000000000000004 12.700000000000003 1.5000000000000002 7.3000000000000016 14.600000000000001 10.105000000000002 1.9000000000000001 17.680000000000003 10.065000000000003 1.0000000180025095e-35 19.300000000000004
decision_type=2 2 2 2 2 2 2 2 2 2 2 2 2 2 2 2 2 2 2 2 2 2 2 2 2 2 2 2 2 2 2 2 2 2 2 2 2 2 2 2 2 2 2 2
left_child=1 2 3 -1 5 11 7 -7 9 -8 -10 12 13 31 -15 35 34 18 20 -20 23 22 -22 24 -13 37 -27 -28 29 -23 -31 33 38 -2 -17 42 41 -18 -33 -40 -41 -35 -16 -44
right_child=4 -3 -4 -5 -6 6 8 -9 10 -11 -12 17 -14 14 15 16 25 -19 19 -21 21 28 -24 -25 -26 26 27 -29 -30 30 -32 32 -34 36 -36 -37 -38 -39 39 40 -42 -43 43 -45
leaf_value=0.013181422203779221 -0.00097487702220678337 0.018346645052616413 -0.057394975349307063 -0.004390172401132683 -0.0025106166066446649 0.0080900339799977478 0.0021317364933202045 0.0010483190789818764 0.0033356723902480947 -0.0033210646884427185 -0.00058680438459850844 -0.00014027468699921844 0.0021828483634938798 0.0031991025991737845 -0.00018130550131438268 0.0012653698208224442 0.000111406146562634 -0.0016702254237154397 0.0018252363130967649 4.8541887663304807e-05 -0.0022674844818012345 0.00078999259754911901 -0.00025497096920541176 -0.00070904052071273332 0.0013355500190740542 0.0017843231657106015 -0.00038907411178418748 0.0012640881803300647 -0.00059118894340865543 -0.00038392623329224683 0.00037203375038074297 -5.8793690469529897e-06 -0.00051833277574688614 0.0002382797326743143 0.0024240806642531728 0.00036698444801870552 -0.00059645104099116805 0.00098345023657505715 0.0012015095598892206 -0.00021402934824840889 0.00064785063597891065 -0.00034185683344387346 -0.0012648105144930574 0.00012296118851130207
leaf_weight=24 45 39 24 24 66 21 48 24 52.5 42 60 46.5 36 45 63 36 195 36 54 60 52.5 90 120 30 52.5 36 36 45 82.5 150 67.5 63 72 81 30 42 72 24 36 36 45 45 39 24
leaf_count=24 30 30 15 24 36 21 24 24 21 21 24 42 24 30 63 24 144 27 36 33 21 36 48 21 39 24 24 30 33 60 27 42 48 54 24 42 48 24 24 24 30 30 39 24
internal_value=1.24202e-11 -0.0040628 -0.0162012 0.00439562 0.000195989 0.000275915 0.00120325 0.00433445 0.000507423 -0.000412904 0.00124368 0.000160436 0.000344666 0.00028505 0.000605349 0.000400579 0.000673422 -9.04579e-05 -1.98538e-05 0.000890134 -0.000169873 -0.000284071 -0.000867475 0.000328081 0.00064236 0.00045369 0.000915495 0.000529349 -2.60267e-05 0.000125602 -0.000149318 -0.000112898 0.000107191 -0.000341139 0.00179206 -0.000252294 -0.000197108 0.000206973 0.000357401 0.000553013 0.000264793 3.10881e-05 -0.000458721 -0.000736136
internal_weight=2412 111 72 48 2301 2235 247.5 45 202.5 90 112.5 1987.5 1146 1110 615 570 402 841.5 805.5 114 691.5 562.5 172.5 129 99 336 117 81 390 307.5 217.5 495 252 243 66 168 198 219 180 117 81 126 126 63
internal_count=1533 93 63 48 1440 1404 135 45 90 45 45 1269 846 822 492 462 294 423 396 69 327 225 69 102 81 246 78 54 156 123 87 330 168 162 48 168 132 168 120 78 54 84 126 63
is_linear=0
shrinkage=0.08


Tree=55
num_leaves=45
num_cat=0
split_feature=37 0 34 36 0 36 34 11 14 4 4 3 36 37 37 16 31 36 16 31 11 15 35 16 16 31 36 36 30 19 37 34 4 35 34 31 34 37 15 1 37 5 3 9
split_gain=0.385482 8.60624 0.659126 2.64173 14.1586 0.827475 0.151477 0.104968 0.0709144 0.0205675 0.00963124 0.0720295 0.0295564 0.333941 0.329084 0.0793163 0.014594 0.0120413 0.0528506 0.0107535 0.0141003 0.00928101 0.00917068 0.00925438 0.00914055 0.00910148 0.00752141 0.0074507 0.00594901 0.00789044 0.00586591 0.00786747 0.0056429 0.00427641 0.00446124 0.00412977 0.00588475 0.00928962 0.00766664 0.00720239 0.004714 0.0041284 0.00588854 0.00391778
threshold=16.425000000000004 16.465000000000003 1.0000000180025095e-35 2.5000000000000004 16.415000000000003 1.5000000000000002 13.500000000000002 9.9550000000000018 9.8550000000000022 16.525000000000002 16.475000000000005 16.475000000000005 1.5000000000000002 11.703076923076924 11.470000000000001 6.0057692307692303 1.0000000180025095e-35 2.5000000000000004 6.6350000000000016 0.70000000000000007 9.0050000000000008 1.8492307692307708 1.5000000000000002 6.8350000000000017 7.0650000000000013 1.9000000000000001 2.5000000000000004 1.5000000000000002 8.1000000000000014 14.600000000000001 2.9600000238418587 21.900000000000006 17.100000000000005 1.5000000000000002 59.500000000000007 4.6000000000000005 3.5000000000000004 7.7300000000000013 2.1950000000000003 16.165000000000003 7.8950000000000005 11.974615384615387 17.590000000000003 9.7950000000000017
decision_type=2 2 2 2 2 2 2 2 2 2 2 2 2 2 2 2 2 2 2 2 2 2 2 2 2 2 2 2 2 2 2 2 2 2 2 2 2 2 2 2 2 2 2 2
left_child=2 -2 3 4 5 -1 8 10 -3 -8 16 -12 14 15 19 -14 17 18 -4 -13 -21 -20 23 -17 32 -11 -25 30 29 35 -18 -32 -24 34 -33 36 40 38 -38 -39 -29 42 -27 -35
right_child=1 6 7 -5 -6 -7 9 -9 -10 25 11 12 13 -15 -16 22 27 -19 21 20 -22 -23 24 26 -26 41 -28 28 -30 -31 31 33 -34 43 -36 -37 37 39 -40 -41 -42 -43 -44 -45
leaf_value=-0.020781824501852193 -0.053298770979046825 0.0081603482475987189 -0.0039090157819516727 -0.011332402349346214 0.063967757225036628 0.00022579899911458296 0.0027319784480191412 -0.003461583201532011 0.0019618542412562028 0.0014008098168091644 0.0034776601824780991 0.00078251400515437128 0.0033703691476786681 -0.0054591042562113969 0.007361330768936092 0.00013243896763500136 0.0015501495044339785 0.00024460022326647528 -0.00081772094385491477 -0.00012439088679825754 -0.0016032478484465222 0.0013444259192328901 -0.00033482230459118179 0.00046755553549155597 -0.0010570136215537788 -7.2921938097598844e-05 0.0020189585657790303 -0.00099820942085768498 -0.00015522362342218902 0.0014094635573497346 -0.0010013105559585605 -9.2484768084500751e-05 0.00046823627199046316 -0.00015479586669243873 -0.0011633596498080913 -8.3785717125874076e-05 0.00043855463809450157 -0.00014441204282444564 0.0020822023125808865 0.0012414585154108479 0.00051317074149847034 0.00081192267947785915 -0.0014371320808789245 0.00089988016468637135
leaf_weight=24 20 27 33 36 25 24 21 54 21 27 43.5 50 55 68 42 120 10.999999999999998 42 27 153 56.5 24 105 40 55 81 40 28 191 43 81.5 93 120 48 34 138 32 88 42 33 25 21 27 42.5
leaf_count=24 20 27 18 30 13 24 21 24 21 27 21 22 22 34 21 60 11 32 22 67 24 24 42 20 22 81 20 28 122 36 69 67 48 30 24 86 32 64 30 18 20 21 27 17
internal_value=5.08955e-12 -0.00300781 0.000340061 0.00640259 0.0151486 -0.010278 0.0014625 1.89649e-05 0.00544851 0.000381551 0.000112752 0.000297854 0.000144928 -0.00017844 0.000791663 0.000492747 -5.34186e-05 -0.000861401 -0.0014144 -0.000271636 -0.000523223 0.00019976 0.00016302 0.000576766 -0.000132513 6.51474e-05 0.00124326 5.605e-05 0.000216165 0.000381515 -0.00026418 -0.000330928 9.34756e-05 -7.97269e-05 -0.000379176 0.000267003 0.0004622 0.000665365 0.00137144 0.000233553 -0.000285294 -0.00021441 -0.000413974 0.000340494
internal_weight=2412 245 2167 109 73 48 225 2058 48 177 2004 948 904.5 603 301.5 535 1056 126 84 259.5 209.5 51 480 200 280 156 80 930 620 429 310 299 225 217.5 127 386 248 195 74 121 53 129 108 90.5
internal_count=1533 245 1288 91 61 48 225 1197 48 177 1173 423 402 268 134 234 750 96 64 113 91 46 212 100 112 156 40 654 436 314 218 207 90 138 91 278 192 144 62 82 48 129 108 47
is_linear=0
shrinkage=0.08


Tree=56
num_leaves=45
num_cat=0
split_feature=37 4 34 37 37 32 16 35 0 35 11 14 16 35 35 32 16 18 3 18 33 4 9 12 15 33 25 16 23 17 30 0 33 33 37 37 17 33 31 16 14 19 15 34
split_gain=0.326272 8.38711 0.557884 2.1483 0.201609 0.149215 0.105281 0.413158 0.100544 0.0962322 0.0290717 0.0129477 0.0125645 0.045122 0.00834601 0.014333 0.0674378 0.0124146 0.015328 0.0123043 0.0112587 0.00993868 0.0174154 0.00642837 0.00594816 0.00906917 0.0055887 0.00509841 0.011018 0.00498009 0.00413816 0.00391198 0.00339312 0.00341086 0.00361761 0.00681951 0.00645064 0.00683449 0.00404984 0.00376362 0.00336976 0.00323288 0.00307928 0.00317542
threshold=16.425000000000004 16.455000000000002 1.0000000180025095e-35 7.8750000000000009 11.964615518129792 0.70000000000000007 5.9461538461538463 1.5000000000000002 16.475000000000005 1.5000000000000002 9.9550000000000018 9.4400000000000031 6.0350000000000028 1.5000000000000002 1.5000000000000002 1.0000000180025095e-35 6.8350000000000017 15.500000000000002 16.155000000000005 21.000000000000004 4.2000000000000011 16.465000000000003 9.9800000000000022 9.5600000000000005 2.1715384615384621 1.7000000000000004 7.5000000000000009 6.6350000000000016 5.8000000000000007 15.500000000000002 1.0000000180025095e-35 14.110000000000001 23.900000000000002 11.700000000000001 10.230000000000002 10.675000000000002 2.7000000000000006 1.0000000180025095e-35 0.3000000000000001 6.9300000000000015 9.0550000000000015 3.0000000000000004 3.1250000000000004 29.900000000000006
decision_type=2 2 2 2 2 2 2 2 2 2 2 2 2 2 2 2 2 2 2 2 2 2 2 2 2 2 2 2 2 2 2 2 2 2 2 2 2 2 2 2 2 2 2 2
left_child=2 -2 3 9 -5 -3 7 -4 -7 -1 12 26 13 -8 15 16 -14 18 20 23 24 22 -20 29 30 -26 40 28 -23 32 -16 -18 33 34 38 -36 37 -37 -17 -40 -10 -22 43 -39
right_child=1 5 6 4 -6 8 10 -9 11 -11 -12 -13 14 -15 17 19 31 -19 21 -21 41 27 -24 -25 25 -27 -28 -29 -30 -31 -32 -33 -34 -35 35 36 -38 42 39 -41 -42 -43 -44 -45
leaf_value=-0.0031886005236689626 -0.052413758398965005 0.0063663098591172865 -0.0079460241936612878 0.02008960592927355 0.010860199092754296 0.0059656385900009245 -0.0008829683216754347 0.0020117850558211406 -0.00033016115459613498 -0.010352667005111773 0.0022731062728497719 0.0015148458758961747 0.0038998624201243121 0.0024078177940003416 0.00033880521232883135 -0.00079976324122725876 -0.00096684033725371894 -0.0015805293231581649 -0.0020015143837247575 0.0014998123140778775 0.0017682637078802526 0.0012461251637765341 -0.00025456210454770676 0.00094366568877982603 0.0011490139146113681 -0.0005680188737691395 0.00055468590321162579 -0.00025926678472508989 -0.00023639792632876023 0.0008703316733814203 -0.0010742855791209473 0.00027009840992589794 0.00073525808074257585 -0.00052993099675560835 0.0017186390996600191 0.0018802286979431907 -0.00048360290726682603 -0.00010089263352804268 -0.00020716147448080098 0.00048584036852440074 -0.0014766891828427711 0.00074777409195517881 -0.00049337637859086191 0.0008580544705995742
leaf_weight=24 20 36 48 33 28 21 48 60 75 24 40.5 33 36 60 21 57 36 36 52.5 39 40.5 52.5 120 48 52.5 31.5 39 277.5 82.5 39 36 30 33 99 18 18 78 39 246 63 21 39 30 51
leaf_count=24 20 36 24 15 28 21 24 24 75 24 18 33 24 24 21 42 36 27 21 36 27 21 48 24 39 18 39 111 33 33 36 18 18 60 9 18 69 39 123 54 21 21 15 42
internal_value=-1.51456e-11 -0.00276718 0.000312856 0.00589039 0.0158532 0.00164585 1.74477e-05 -0.00241391 0.000746712 -0.00677063 0.000152107 9.43459e-05 0.000107122 0.000945246 5.68759e-05 0.00021809 0.00111462 -0.000127041 -6.20802e-05 0.000111509 0.000506345 -0.000276333 -0.000786243 4.53995e-05 7.71012e-05 0.000505127 -0.000252887 -6.30977e-05 0.000340139 -1.05236e-05 -0.000553673 -0.000404595 -5.74545e-05 -9.48787e-05 -2.3095e-05 0.000222578 9.79063e-05 0.000426585 -0.000180165 -6.58698e-05 -0.000580964 0.00126765 0.000208539 0.000442511
internal_weight=2412 245 2167 109 61 225 2058 108 189 48 1950 168 1909.5 108 1801.5 960 102 841.5 805.5 858 220.5 585 172.5 819 141 84 135 412.5 135 771 57 66 732 699 600 234 216 138 366 309 96 79.5 120 90
internal_count=1533 245 1288 91 43 225 1197 48 189 48 1149 168 1131 48 1083 660 78 423 396 582 162 234 69 546 114 57 135 165 54 522 57 54 489 471 411 192 183 114 219 177 96 48 96 81
is_linear=0
shrinkage=0.08


Tree=57
num_leaves=45
num_cat=0
split_feature=34 36 0 36 37 0 10 10 33 16 11 31 16 36 37 36 32 16 32 16 33 37 37 37 37 35 21 16 0 37 21 10 34 31 33 18 21 34 33 16 37 37 33 2
split_gain=0.376564 4.95192 14.2622 0.616974 0.147916 0.173193 0.0970826 0.0631516 0.111674 0.0452101 0.0128834 0.0104296 0.00871692 0.072753 0.167976 0.0200696 0.0188982 0.046494 0.011487 0.0384012 0.00890114 0.00702312 0.0114852 0.00930392 0.00610486 0.00706479 0.0148739 0.0135064 0.0243407 0.00563076 0.00895541 0.00541799 0.00393226 0.00869484 0.00529799 0.003748 0.00329614 0.00285168 0.00272675 0.00226234 0.00276567 0.00295152 0.00407626 0.002951
threshold=1.0000000180025095e-35 1.5000000000000002 16.415000000000003 2.5000000000000004 16.415000000000003 17.070000000000004 9.9550000000000018 8.4550000000000018 0.50000000000000011 6.0057692307692303 9.8550000000000022 3.3000000000000003 6.0350000000000028 2.5000000000000004 9.9350000000000005 2.5000000000000004 1.0000000180025095e-35 7.1300000000000008 1.0000000180025095e-35 6.6250000000000018 1.7000000000000004 2.2750000000000004 2.5300000000000007 3.0300000000000007 3.6250000000000004 1.5000000000000002 3.3000000000000003 6.955000000000001 14.875000000000002 10.105000000000002 1.5000000000000002 7.8850000000000007 10.500000000000005 1.0000000180025095e-35 1.0000000180025095e-35 1.3 0.90000000000000013 41.800000000000004 3.3000000000000003 6.0550000000000024 11.035000000000002 4.1950000000000012 3.1000000000000005 16.165000000000003
decision_type=2 2 2 2 2 2 2 2 2 2 2 2 2 2 2 2 2 2 2 2 2 2 2 2 2 2 2 2 2 2 2 2 2 2 2 2 2 2 2 2 2 2 2 2
left_child=1 -1 3 -3 6 7 12 -6 -9 -7 37 -10 13 14 -2 18 17 -17 19 -14 -21 -18 -23 -24 -25 27 31 29 36 35 -31 -27 34 -34 -20 -26 -29 -11 -36 -35 41 42 -41 -42
right_child=4 2 -4 -5 5 9 -8 8 11 10 -12 -13 15 -15 -16 16 21 -19 32 20 -22 22 23 24 25 26 -28 28 -30 30 -32 -33 33 39 38 -37 -38 -39 -40 40 43 -43 -44 -45
leaf_value=0.019345159248725787 -0.0011162714178745562 0.00027923020388698205 -0.064219337036976451 0.018419037659962972 0.0070839552299525486 0.0027144190278421678 -0.0033510213248707631 0.0078406799974895663 0.0020775179117031041 0.00041524641687930048 -0.0023376379055636272 -0.00036374457219305134 -0.003222279851183747 -0.0016161866663467316 0.0047286309378954481 0.0039836670520404975 -0.00447140783071518 -0.00047025480804344018 0.0013219894592960677 -0.00060426980681848111 0.0010981804616749288 0.0045489125698804853 -0.0024616051791235805 0.0020709916122723373 0.00011160576800731096 -0.001026387739236708 0.00096923459587352622 -0.00045213139692070679 0.0027592114869096295 0.0016257524808558324 -0.00012630518545128601 -0.0001033491250127554 -0.0013716324700840882 -0.00067463596910238258 -0.00020051759282861708 -0.00085512342685390081 0.00075228174922592711 -0.00051471169606563357 0.00058710705213756728 0.00010747342740862885 -8.9649738612301321e-05 4.7361750951481625e-05 -0.0014705711770802738 -0.00081828898846589282
leaf_weight=37 65 24 26 24 39 36 54 21 21 36 21 24 33 63 61 30 1.9999999999999989 30 27 57 30 3.9999999999999991 7.9999999999999991 11.999999999999998 66 67.5 63 26 41 33 43 102.5 35 40 78 42 33 51 44 22 92 670 20 58
leaf_count=31 26 24 14 24 39 36 24 21 21 36 21 24 18 28 30 15 2 25 22 42 20 4 8 12 33 30 33 26 24 22 32 41 20 20 58 21 33 51 24 22 92 330 20 34
internal_value=1.6895e-11 -0.00455111 -0.0164992 0.00934913 0.000219545 0.00206086 -3.88905e-06 0.00453168 0.00302352 0.000259217 -0.000559184 0.000775511 8.6574e-05 0.00060354 0.0017134 3.25626e-05 0.000409401 0.00175671 -0.000155856 -0.00089861 -1.7218e-05 0.000260527 0.00027802 0.000246208 0.000287157 0.000245753 -8.07411e-05 0.000513616 0.00126198 0.000106899 0.000634457 -0.00046985 -7.37842e-05 -0.000134489 0.00030796 -0.000264344 0.000221523 -0.000129901 8.35438e-05 -8.6484e-05 -5.91916e-05 6.58057e-06 -0.000643976 -0.00037139
internal_weight=2412 111 74 48 2301 249 2052 105 66 144 108 45 1998 189 126 1809 603 60 1206 120 87 543 541 537 529 517 233 284 100 184 76 170 1086 937 149 108 59 87 122 902 862 712 42 150
internal_count=1533 93 62 48 1440 249 1191 105 66 144 108 45 1167 84 56 1083 361 40 722 80 62 321 319 315 307 295 104 191 83 108 54 71 642 538 104 54 59 87 82 518 498 372 42 126
is_linear=0
shrinkage=0.08


Tree=58
num_leaves=45
num_cat=0
split_feature=34 37 15 37 4 32 37 37 10 10 37 36 16 31 16 36 14 15 5 34 37 34 32 37 13 29 15 15 10 21 35 21 29 14 14 1 36 15 1 37 19 34 18 18
split_gain=0.318724 4.40833 2.95689 0.125196 0.154306 0.140529 0.110186 0.0962793 1.52578 0.346857 0.0546041 0.0257915 0.0219607 0.0187606 0.00997888 0.0249218 0.009673 0.00933308 0.02029 0.00764309 0.00599904 0.00703583 0.00902097 0.00525683 0.00492264 0.00635752 0.00471979 0.00459016 0.00454701 0.00298975 0.00291555 0.00282414 0.00266339 0.00470377 0.00785758 0.00258079 0.00511019 0.00452572 0.00235047 0.00217157 0.00955911 0.00415276 0.00436303 0.00376912
threshold=1.0000000180025095e-35 11.97499990463257 1.7950000762939455 16.415000000000003 16.515000000000004 0.70000000000000007 2.9200000381469731 11.703076923076924 9.8950000000000014 9.9550000000000018 11.911538461538465 2.5000000000000004 6.0057692307692303 1.0000000180025095e-35 6.0850000000000017 1.5000000000000002 9.4400000000000031 2.475000000000001 8.6300000000000008 38.100000000000001 2.9600000238418587 8.7000000000000046 1.0000000180025095e-35 9.8750000000000018 9.1850000000000005 17.600000000000005 2.1615384615384623 1.4750000000000001 7.6750000000000007 3.0000000000000004 1.5000000000000002 3.3000000000000003 12.300000000000002 7.7750000000000012 8.3850000000000033 14.240000000000002 1.5000000000000002 2.2950000000000004 15.280000000000003 7.0900000000000007 11.500000000000002 12.000000000000004 2.7000000000000006 4.7000000000000002
decision_type=2 2 2 2 2 2 2 2 2 2 2 2 2 2 2 2 2 2 2 2 2 2 2 2 2 2 2 2 2 2 2 2 2 2 2 2 2 2 2 2 2 2 2 2
left_child=1 2 6 7 -5 -6 -1 9 10 11 -9 14 -13 -14 15 -2 24 19 -19 26 -16 22 -22 31 25 29 27 30 -21 -7 -15 -20 33 35 -35 36 -12 -37 -39 40 43 -41 -43 -23
right_child=3 -3 -4 4 5 16 -8 8 -10 -11 32 12 13 17 20 -17 -18 18 23 28 21 39 -24 -25 -26 -27 -28 -29 -30 -31 -32 -33 -34 34 -36 37 -38 38 -40 41 -42 42 -44 -45
leaf_value=-0.01062420707373392 -0.0019010411442688376 -0.034541272819042207 0.025595481459583555 0.0065172388089241653 0.0055874960112851117 -0.00057344281707297673 -0.0034035311070711987 0.0039137049911854164 -0.020679427186648051 0.0074206227177221864 -0.00074040286107144009 0.0028214430034160616 0.0018015047922407901 0.00082640984177123763 0.00097007237881531613 0.00028096992025541056 0.0013293919078723499 0.0029069483498840227 -0.00032581941535075507 -0.0012816573441028596 -0.0016510899046935687 -0.00040819304567333816 -0.00016447824930461747 0.0010429552596062422 -0.0013220852444924059 0.0012699131494654076 0.00087981043546869048 -0.00072561911428226284 -0.00020154740998908977 0.0003591585535093944 -9.6206613768314581e-05 0.00049299452379345898 -0.00058146016535294413 0.0015858210424582165 -0.00020308273872642808 -0.0010923688305923955 0.00068930927979333025 -0.00057916326620788489 0.00039185085605519511 0.00064046594269928485 -0.001390909157742403 -0.00017782236081414403 0.0002677340843080196 0.00072615935761285457
leaf_weight=21 67 24 28 39 36 66 38 24 24 42 24 25 54.5 40 34 67 33 23 58.5 37.5 41 37 72 50 21 21 57 38.5 74.5 33 48.5 50 51 30 33 39 48 27 39 63 38 453 204 38
leaf_count=21 28 24 16 39 36 66 32 12 12 18 24 10 32 23 34 28 33 20 24 20 26 34 52 25 21 21 33 29 33 33 23 24 39 27 18 39 48 27 39 28 32 202 96 32
internal_value=-7.35077e-12 -0.00418702 0.00418656 0.000201982 0.00189599 0.00103776 -0.0059736 -3.57793e-06 -0.0012354 0.000240197 0.000246054 5.97195e-05 0.000504202 0.00039531 -0.000162522 -0.000810036 9.64329e-05 0.000234812 0.000686484 -4.21426e-05 -7.39844e-05 -0.000111509 -0.000703868 0.000364272 -0.000192132 5.60985e-06 0.000275018 3.57509e-06 -0.000563191 -0.000262576 0.000320795 5.15142e-05 -5.6433e-05 5.51353e-05 0.000648776 -0.000156161 0.000212739 -0.00040912 -5.38219e-06 -3.11525e-05 -0.0003572 2.00189e-05 -3.94761e-05 0.000166546
internal_weight=2412 111 87 2301 249 210 59 2052 339 1713 315 1671 557 532 1114 134 174 477.5 181.5 296 980 946 113 158.5 141 120 184 127 112 99 88.5 108.5 291 240 63 177 72 105 66 833 113 720 657 75
internal_count=1533 93 69 1440 249 210 53 1191 285 906 273 888 296 286 592 56 174 254 93 161 536 502 78 73 141 120 108 75 53 99 46 48 261 222 45 177 72 105 66 424 98 326 298 66
is_linear=0
shrinkage=0.08


Tree=59
num_leaves=45
num_cat=0
split_feature=37 34 34 37 37 1 11 3 4 0 3 11 4 36 32 0 15 0 32 16 33 34 31 37 22 34 34 32 34 10 23 36 16 37 2 14 0 16 25 33 31 14 37 15
split_gain=0.328445 7.77516 0.576977 2.26297 0.171384 0.127268 0.0937199 0.0725297 0.05664 0.0407146 0.0799382 0.0327954 0.0136553 0.0185016 0.0214838 0.0590113 0.00684777 0.00664126 0.00621932 0.035467 0.0113353 0.0037486 0.00379442 0.00356895 0.00707795 0.00693774 0.00725432 0.00312008 0.00306935 0.00418549 0.00305499 0.00304778 0.00670703 0.00370913 0.00494339 0.00460639 0.00429981 0.00361218 0.00247599 0.00245576 0.00236577 0.00225444 0.00232152 0.00199053
threshold=16.425000000000004 8.7000000000000046 1.0000000180025095e-35 7.8750000000000009 11.964615518129792 16.920000000000005 9.9550000000000018 11.984999656677248 17.910000000000004 16.660000000000004 16.485000000000003 9.5600000000000005 17.965000000000003 2.5000000000000004 1.0000000180025095e-35 16.375000000000004 2.475000000000001 15.195000000000002 1.0000000180025095e-35 6.6250000000000018 1.7000000000000004 1.9000000000000006 1.0000000180025095e-35 12.135000000000003 14.300000000000002 1.9000000000000006 9.5000000000000053 17.100000000000005 38.100000000000001 7.6750000000000007 5.4000000000000012 1.5000000000000002 6.0550000000000024 11.470000000000001 16.140000000000004 7.6500000000000012 16.415000000000003 6.0550000000000024 7.5000000000000009 4.6000000000000005 9.1000000000000014 7.5250000000000012 2.2750000000000004 2.1615384615384623
decision_type=2 2 2 2 2 2 2 2 2 2 2 2 2 2 2 2 2 2 2 2 2 2 2 2 2 2 2 2 2 2 2 2 2 2 2 2 2 2 2 2 2 2 2 2
left_child=2 -2 3 7 -5 9 12 -1 11 10 -3 27 13 18 15 -15 23 -18 19 -4 -21 -20 -23 25 -25 -16 -27 38 43 -30 -19 32 -24 35 -35 39 -37 -33 40 -34 -7 42 -39 -28
right_child=1 5 6 4 -6 8 -8 -9 -10 -11 -12 -13 -14 14 16 -17 17 30 21 20 -22 22 31 24 -26 26 28 -29 29 -31 -32 37 33 34 -36 36 -38 41 -40 -41 -42 -43 -44 -45
leaf_value=-0.0038986948124753937 -0.050577481194399303 0.0069277367279643107 -0.0028953430846785054 0.020117266557433386 0.01160775582173041 0.00029827174420158069 -0.0032753081536955305 -0.010118222081412871 0.0035933933756314221 0.0070411830909904985 0.00080563075076311064 -0.003535464822891213 0.0012206259013877974 -0.00052727853370015509 -0.0027604699693620205 0.0044552361464192123 0.0018254738333169371 0.00022455667557610238 0.0010905406106677322 -0.00050116343227656263 0.0013802714309713337 -0.00069783567577221635 -0.00093556043964165912 0.0018231874993070961 -0.0001624310493072564 0.0008921388944512919 -0.00015780101844649406 -0.00092036826602582417 -0.0011791247487068176 -0.00015685783676159235 0.00085403425935534085 0.00065422724660199421 4.5886027794419585e-05 -0.0001769446637990768 -0.0016739427307620645 0.00098916856696208331 9.7204214148846361e-05 -0.0025256235897541048 0.00092079963723552371 -0.0004908281822268546 -0.00077017512571598808 -0.00015763152055284482 0.0002111613619262966 0.00050269146079337729
leaf_weight=24 20 21 33 33 28 36 54 24 24 21 39 21 67.5 32 5.9999999999999991 29 25 139 18 57 32 59 65 20 27 47.5 78.5 21 37.5 81 76.5 65 105.5 48 20 45 149.5 1.9999999999999989 21 113 21 236 243 46.5
leaf_count=24 20 21 18 15 28 36 24 24 24 21 39 21 30 27 6 14 24 73 18 42 22 34 30 20 27 30 46 21 20 36 34 30 72 48 16 20 66 2 21 62 21 111 171 24
internal_value=1.10706e-11 -0.00277638 0.000313896 0.00598606 0.0162113 0.00147261 1.34752e-05 -0.00700846 4.56239e-05 0.00400947 0.00294837 -0.00066393 0.000102095 6.31068e-05 0.000412811 0.00184146 0.000263714 0.000591201 -0.000111746 -0.000655278 0.000175308 -5.5021e-05 -7.29359e-05 3.47587e-05 0.000682513 -6.77479e-05 -1.22278e-05 -5.48165e-05 -0.000188644 -0.00048036 0.000448014 -3.9173e-05 -0.000172823 -6.97509e-05 -0.000617238 2.03923e-05 0.000303571 9.44775e-05 0.000178217 -0.000231682 -9.53666e-05 1.88356e-05 0.00018882 8.79022e-05
internal_weight=2412 245 2167 109 61 225 2058 48 144 81 60 120 2004 1936.5 645.5 61 584.5 240.5 1291 122 89 1169 1151 344 47 297 291 99 243.5 118.5 215.5 1092 546 481 68 413 194.5 546 78 218.5 57 481 245 125
internal_count=1533 245 1288 91 43 225 1197 48 144 81 60 120 1173 1143 381 41 340 131 762 82 64 680 662 209 47 162 156 99 126 56 107 628 314 284 64 220 86 314 78 134 57 284 173 70
is_linear=0
shrinkage=0.08


Tree=60
num_leaves=45
num_cat=0
split_feature=34 36 15 36 37 34 3 16 35 14 10 36 30 16 3 27 1 27 37 22 11 16 37 37 35 16 15 34 16 37 16 29 30 37 37 16 34 29 37 37 3 36 1 1
split_gain=0.328293 4.17706 13.4596 2.50144 0.129525 0.158277 0.0908917 0.0839396 0.349485 0.0297777 0.0281122 0.0142077 0.0142522 0.0253051 0.0106266 0.0109371 0.00973293 0.00847469 0.00645096 0.00599649 0.0117616 0.00602274 0.00553982 0.0054342 0.00757868 0.0145726 0.00626407 0.00503842 0.0114821 0.0120988 0.00757961 0.00536791 0.00282207 0.00312798 0.00264098 0.00260718 0.0023576 0.00276202 0.00214735 0.00715752 0.00488968 0.00440544 0.002101 0.00458276
threshold=1.0000000180025095e-35 1.5000000000000002 1.7950000762939455 2.5000000000000004 16.415000000000003 13.500000000000002 16.485000000000003 5.9461538461538463 1.5000000000000002 9.8550000000000022 9.8950000000000014 2.5000000000000004 1.0000000180025095e-35 7.1000000000000005 16.660000000000004 1.6000000000000003 17.650000000000002 2.8000000000000003 9.9450000000000021 10.600000000000003 3.0300000000000007 7.0250000000000012 2.9600000238418587 10.875000000000002 1.5000000000000002 6.8850000000000025 2.5750000000000002 21.900000000000006 6.6250000000000018 9.6700000000000017 6.8000000000000025 3.1000000000000005 3.5000000000000004 8.8450000000000006 3.8950000000000005 8.9950000000000028 9.2000000000000046 1.0000000180025095e-35 14.695000000000002 11.760384615384618 17.365000000000006 1.5000000000000002 14.695000000000002 15.100000000000003
decision_type=2 2 2 2 2 2 2 2 2 2 2 2 2 2 2 2 2 2 2 2 2 2 2 2 2 2 2 2 2 2 2 2 2 2 2 2 2 2 2 2 2 2 2 2
left_child=1 -1 3 -3 7 9 -7 8 -2 -6 11 22 13 -13 -8 -16 19 -17 -12 20 -14 32 -9 24 25 -21 -26 28 29 -24 -30 35 -22 -34 -29 36 37 -32 39 40 42 -42 -36 -44
right_child=4 2 -4 -5 5 6 14 10 -10 -11 18 12 16 -15 15 17 -18 -19 -20 23 21 -23 27 -25 26 -27 -28 34 30 -31 31 -33 33 -35 38 -37 -38 -39 -40 -41 41 -43 43 -45
leaf_value=0.017697771344635939 -0.0072628994736199581 0.02553442898645716 -0.063719348737171722 -0.01052351154063059 0.0072594920997366766 0.0054769179814805596 0.0014408331361806226 0.00089794830117812929 0.0018955044744846722 0.0034058987562145503 0.0021339238019940513 0.0029768582271493 -0.0021206962106387235 -8.7215795883557935e-05 -0.0013001874912232677 0.0016365880348409214 0.0014181911910849591 -9.057448086484026e-05 0.00081180384072164697 0.0003131637013015839 -0.00064186146073951953 0.00083288944553997781 -0.0023512685277632308 -0.00025381557102645595 -0.00044547863885623605 0.0024246242086270026 0.00076468947936188096 0.0014180601900443434 0.0011225248797348251 -0.00033732323308608363 -0.00025910759506972902 -0.0010403749644423701 -0.00042908216784284873 0.00037969091654066803 -0.00071485094803695878 -0.00050513329763715673 -0.00035113103906897941 0.00065482493618234869 -0.00047311649377019535 0.00098641362337564885 -0.0011261048000686025 -5.3346813371290961e-05 0.0011816154928369956 4.8006281118702013e-06
leaf_weight=37 48 26.5 24.5 23 33 24 36 34 60 21 46.5 34.5 18 34.5 36 24 40.5 75 48 52 61.5 45 35 62 54.5 35 55 7.9999999999999991 27 42 33 49 55 69 24 72 51 59 68 44 49 49 22 567
leaf_count=31 24 24 16 22 33 24 36 34 24 21 21 17 18 27 36 24 18 75 21 26 29 25 14 55 35 30 28 8 12 28 18 34 22 37 24 72 26 44 68 30 21 21 20 260
internal_value=-1.50696e-11 -0.00424941 -0.015223 0.00878023 0.000204991 0.00192804 0.000866637 -4.09189e-06 -0.0021749 0.00576087 0.000116508 4.77417e-05 0.000361315 0.00144482 0.000219581 -0.000106087 0.000224764 0.000328132 0.00146237 0.000129431 -0.000151178 2.62342e-06 -0.000109045 0.000399184 0.00060522 0.0011626 0.000162368 -0.0001376 -0.000384036 -0.00125275 -0.00015417 -0.000284741 -0.000198789 2.09609e-05 -2.84685e-05 -0.000112526 8.51499e-05 0.000327001 -4.25295e-05 -3.74815e-06 -6.5024e-05 -0.000589726 1.88598e-05 4.87564e-05
internal_weight=2412 111 74 49.5 2301 249 195 2052 108 54 1944 1849.5 616.5 69 171 135 547.5 99 94.5 507 248.5 230.5 1233 258.5 196.5 87 109.5 1199 368 77 291 264 185.5 124 831 215 143 92 823 755 711 98 613 589
internal_count=1533 93 62 46 1440 249 195 1191 48 54 1143 1101 367 44 171 135 323 99 42 305 131 113 734 174 119 56 63 700 248 42 206 194 88 59 452 160 88 62 444 376 346 42 304 280
is_linear=0
shrinkage=0.08


Tree=61
num_leaves=45
num_cat=0
split_feature=34 35 36 36 11 35 13 0 34 13 30 0 36 11 11 35 32 0 17 6 21 32 21 17 33 22 33 13 33 21 0 13 34 32 33 32 32 17 36 5 0 20 32 30
split_gain=0.277867 3.93313 9.86392 1.1489 0.0542513 0.0349419 0.0711478 0.0958681 0.0333769 0.029187 0.0357909 0.0165487 0.00954531 0.338884 0.311934 0.0168346 0.0158241 0.0139249 0.013911 0.0119818 0.0093473 0.00904855 0.00860188 0.0111988 0.00836465 0.00652799 0.00968225 0.00639552 0.00534059 0.00663895 0.00531081 0.00524771 0.00438773 0.00393108 0.00389698 0.0130464 0.00381379 0.00368423 0.00693397 0.0077503 0.00627204 0.00342202 0.00323203 0.00289442
threshold=1.0000000180025095e-35 1.5000000000000002 2.5000000000000004 1.5000000000000002 9.9550000000000018 1.0000000180025095e-35 9.5150000000000023 17.150000000000002 119.60000000000004 7.8500000000000005 0.70000000000000007 16.465000000000003 1.5000000000000002 9.8950000000000014 9.7450000000000028 1.5000000000000002 1.0000000180025095e-35 17.680000000000003 11.000000000000002 11.911538461538465 3.0000000000000004 2.3000000000000003 4.2000000000000011 3.3000000000000003 1.0000000180025095e-35 14.300000000000002 4.2000000000000011 2.4100000000000006 0.70000000000000007 1.3 16.805000000000003 8.9750000000000032 3.5000000000000004 1.0000000000000002 3.1000000000000005 1.0000000000000002 1.3 3.7000000000000006 1.5000000000000002 10.010000000000002 15.345000000000001 2.3000000000000003 8.7000000000000011 0.50000000000000011
decision_type=2 2 2 2 2 2 2 2 2 2 2 2 2 2 2 2 2 2 2 2 2 2 2 2 2 2 2 2 2 2 2 2 2 2 2 2 2 2 2 2 2 2 2 2
left_child=1 2 3 -1 5 6 8 -8 9 37 -11 -12 14 15 24 16 -14 18 22 20 27 -13 23 30 -7 -22 -27 -17 43 36 32 42 -18 -34 -26 -36 -30 38 41 40 -40 -2 -23 -29
right_child=4 -3 -4 -5 -6 12 7 -9 -10 10 11 21 13 -15 -16 19 17 -19 -20 -21 25 31 -24 -25 34 26 -28 28 29 -31 -32 -33 33 -35 35 -37 -38 -39 39 -41 -42 -43 -44 -45
leaf_value=0.018322143629193308 -0.0012814761187809592 0.016551755475692261 -0.056868459458152457 -0.0064315413559476531 -0.0020719030553079916 -0.0012727649037430927 0.0073630084842443468 0.00021250931390871605 0.0036451273739692715 0.0041126519930548963 0.0023414244453112284 0.0016088665028413138 0.0019518032269147429 -0.0076812327864172409 0.0067566401710112889 0.0041118159890174864 -0.0014175981911830604 0.0014591685967410312 0.0015678636232306334 0.0011052484348416328 -0.00047254007803846379 0.00082378549757171034 -0.00062716540420131581 0.0015563624043409762 0.00022041730185571527 -0.0002202357632546302 0.0012246838834425304 -0.00051666194314344059 -0.0010627308220643064 -0.0013748828638671783 0.00067859638564507746 -0.0013419620698273539 0.00076448386695119556 -0.00022843620324108219 -0.0016729257717626553 -6.8547217483675403e-05 -0.00024875891178443628 -0.00048918647553633759 0.00049034876143559821 -0.00056759620768328514 0.0021666159629821777 4.3243381369393319e-05 -0.00053521146487799434 0.00036822819569404572
leaf_weight=24 26 39 24 24 66 41 24 24 21 24 30 21 46 36 45 1.9999999999999989 15.999999999999998 68 44 50 49 24 88 38 175 51 71 36 46 57 68 21 32 126 36.5 291.5 185 108 50 30 20 24 21 69
leaf_count=21 26 30 21 21 36 26 24 24 21 24 30 21 30 16 20 2 14 34 32 20 22 24 50 22 102 36 38 24 22 30 34 21 20 68 18 146 74 108 50 30 20 24 21 36
internal_value=-3.57487e-12 -0.00390946 -0.0149926 0.0059453 0.000188592 0.000255345 0.000869983 0.00378776 0.000536523 0.000372912 0.00129846 0.000721189 9.25544e-05 -3.89232e-05 0.00035551 0.00020199 0.000534386 0.00039855 0.000223497 -8.18414e-05 -0.000186708 0.000162487 6.27574e-05 0.00027959 -0.000173996 0.000307404 0.00062066 -0.000400615 -0.000423579 -0.000601647 7.91054e-05 -0.000297724 -0.000155178 -2.73385e-05 -8.44339e-05 -0.000247083 -0.000410849 -0.00013291 0.000123609 0.000508219 0.000969282 -0.000645611 0.000189587 6.48373e-05
internal_weight=2412 111 72 48 2301 2235 468 48 420 399 141 117 1767 1178 589 1142 526 480 412 616 566 87 368 280 544 171 122 395 393 288 242 66 174 158 503 328 231 258 150 100 70 50 45 105
internal_count=1533 93 63 42 1440 1404 468 48 420 399 141 117 936 624 312 608 304 274 240 304 284 87 208 158 292 96 74 188 186 126 136 66 102 88 266 164 96 258 150 100 70 50 45 60
is_linear=0
shrinkage=0.08


Tree=62
num_leaves=45
num_cat=0
split_feature=34 3 0 16 9 10 13 14 30 31 15 16 31 34 0 34 29 33 30 30 22 24 31 30 0 18 32 18 16 15 29 0 31 34 30 20 3 18 22 9 0 0 29 20
split_gain=0.235187 3.39339 4.89128 0.0513871 0.108768 0.0404607 0.0367637 0.0214482 0.0181462 0.0130607 0.0104849 0.0643129 0.0146186 0.0110408 0.00961314 0.00786707 0.0064147 0.0046241 0.00458073 0.00401975 0.00322975 0.00221251 0.00167281 0.00151433 0.00378883 0.00281105 0.00225892 0.00181451 0.00147529 0.00140785 0.00115157 0.00110264 0.00103821 0.00103394 0.00103375 0.000970802 0.000891059 0.000751944 0.000751208 0.000705389 0.000607198 0.000601829 0.000540829 0.000487727
threshold=1.0000000180025095e-35 16.415000000000003 11.984999656677248 5.9461538461538463 11.784230769230772 1.1549999713897707 9.5600000000000005 9.8550000000000022 3.1000000000000005 1.3 1.7000000000000002 6.6500000000000012 1.0000000180025095e-35 119.60000000000004 17.710000000000004 4.6000000000000023 11.4 2.5000000000000004 0.3000000000000001 32.100000000000001 0.50000000000000011 3.4000000000000004 6.9000000000000012 3.9000000000000004 15.475000000000001 19.300000000000004 3.3000000000000003 14.600000000000001 6.3150000000000004 1.3549999999999993 1.9000000000000001 16.525000000000002 1.0000000000000002 38.900000000000013 5.5000000000000009 2.3000000000000003 16.175000000000004 1.9000000000000001 33.000000000000007 10.105000000000002 16.575000000000003 17.070000000000004 6.1000000000000005 21.000000000000004
decision_type=2 2 2 2 2 2 2 2 2 2 2 2 2 2 2 2 2 2 2 2 2 2 2 2 2 2 2 2 2 2 2 2 2 2 2 2 2 2 2 2 2 2 2 2
left_child=1 2 5 4 -2 -1 10 14 9 -9 11 -5 15 20 -8 -12 17 22 -19 -15 21 -14 40 24 26 30 32 -28 37 31 -25 -20 -22 34 -32 39 -17 42 -37 -35 -13 -30 -26 -40
right_child=3 -3 -4 6 -6 -7 7 8 -10 -11 12 16 13 19 -16 36 -18 18 29 -21 23 -23 -24 25 28 -27 27 -29 41 -31 33 -33 -34 35 -36 38 -38 -39 43 -41 -42 -43 -44 -45
leaf_value=-0.0023333214030221657 0.00041981009303620364 0.021694422043286837 -0.043807921626351096 0.0031910904718920434 -0.0043236829925591899 0.0017634689249098302 0.0027351113224420888 0.00067309595588030239 0.0017671182202739697 -0.0010459601392762529 6.7053337115794423e-05 -0.00028828593889453422 -0.00062286250159339189 0.00043777695941654124 0.0013249137067433559 -0.0011130846761490988 0.0012091958508685682 0.0011245708310625693 -0.00019654914675768287 0.0013914642482995988 0.00047611641532017127 9.3122610511879126e-06 0.00013660112262836523 -0.00020662889486611493 -0.00021968515622758803 -0.00062827139150822299 0.00039920081469145693 0.0012052227568944008 -0.00046814777433044382 0.00045059673249339449 -7.1730927818200815e-05 0.00027944921468845525 -0.0001002753484580252 0.00024502430543317603 0.00046090966977952222 -0.00046370682419475285 -0.0016945565316938993 0.00026888152993147089 9.0704909463723506e-05 -0.00010909791480787475 -0.00066470915188241483 -1.8356801998434645e-05 0.00013012829894609186 -0.0002497943253478124
leaf_weight=27 82.5 26 22 49.5 49.5 36 49.5 66 49.5 49.5 36 61.5 76.5 66 82.5 34.5 33 34.5 84 49.5 45 66 42 99 49.5 43.5 33 39 45 58.5 33 49.5 36 132 79.5 33 33 115.5 75 49.5 49.5 33 66 42
leaf_count=27 45 14 16 27 27 36 27 36 27 27 36 54 54 36 45 27 18 27 54 27 45 36 27 54 27 36 27 36 27 36 18 27 36 72 54 18 18 63 45 27 27 18 36 36
internal_value=-1.39378e-11 -0.0035967 -0.0113328 0.000173505 -0.001359 7.70164e-06 0.000266769 0.00109365 0.000485586 -6.36424e-05 0.000135581 0.000466336 2.72055e-05 9.97073e-05 0.00185374 -0.000887999 0.000139365 4.63367e-05 0.000275851 0.0008465 2.72854e-05 -0.000330066 -0.000293434 7.58524e-05 0.000184178 -9.47796e-06 0.000509756 0.000835796 2.29691e-05 0.000123346 4.00939e-05 -2.00554e-05 0.000219942 9.51064e-05 0.000304668 2.39881e-05 -0.00139736 0.000124545 -0.000126605 0.000148446 -0.00045615 -0.000277852 -1.97918e-05 -3.15256e-05
internal_weight=2412 111 85 2301 132 63 2169 297 165 115.5 1872 462 1410 1306.5 132 103.5 412.5 379.5 226.5 115.5 1191 142.5 153 1048.5 462 586.5 153 72 309 192 543 133.5 81 444 112.5 331.5 67.5 231 150 181.5 111 78 115.5 117
internal_count=1533 93 79 1440 72 63 1368 162 90 63 1206 297 909 828 72 81 270 252 144 63 765 90 108 675 315 360 144 63 171 117 324 81 81 270 72 198 45 126 99 99 81 45 63 81
is_linear=0
shrinkage=0.08


Tree=63
num_leaves=45
num_cat=0
split_feature=37 0 30 37 32 36 3 36 32 10 4 31 16 36 37 11 10 32 37 36 14 37 37 37 14 37 37 18 2 4 37 22 0 0 22 19 22 32 1 19 37 29 10 14
split_gain=0.31783 7.18269 0.235557 0.694921 0.701032 1.24373 12.8152 1.64116 0.126171 0.0703128 0.0486144 0.0156242 0.00929735 0.0672298 0.160189 0.00816841 0.00623181 0.00600529 0.0072025 0.00446542 0.00488859 0.00675538 0.00830051 0.00426581 0.00592977 0.00707237 0.00612955 0.00567828 0.00487764 0.00686126 0.00466968 0.0238595 0.018679 0.0176581 0.0130803 0.00356932 0.00303103 0.00253648 0.00502887 0.00359321 0.00320549 0.00490307 0.00234017 0.00228309
threshold=16.425000000000004 16.465000000000003 1.0000000180025095e-35 2.3250000000000006 1.0000000180025095e-35 2.5000000000000004 16.415000000000003 1.5000000000000002 0.70000000000000007 9.9550000000000018 16.525000000000002 1.0000000000000002 6.0350000000000028 2.5000000000000004 9.9350000000000005 9.5600000000000005 8.9750000000000032 1.0000000180025095e-35 9.7850000000000019 1.5000000000000002 9.8250000000000011 2.2750000000000004 2.5300000000000007 15.4 7.5250000000000012 7.6650000000000009 14.240000000000002 3.7000000000000006 16.565000000000001 16.765000000000004 5.535000000000001 67.200000000000017 14.280000000000003 15.195000000000002 67.200000000000017 5.9000000000000012 9.8000000000000025 1.3 16.165000000000003 3.7000000000000006 9.0050000000000008 9.1000000000000014 8.5900000000000016 7.455000000000001
decision_type=2 2 2 2 2 2 2 2 2 2 2 2 2 2 2 2 2 2 2 2 2 2 2 2 2 2 2 2 2 2 2 2 2 2 2 2 2 2 2 2 2 2 2 2
left_child=2 -2 3 -1 5 6 7 -5 -3 12 -10 -12 13 14 -4 16 42 18 -14 37 21 -21 -23 24 26 -26 30 -25 36 -30 31 32 -24 34 -32 -28 -27 38 39 -19 -39 -42 43 -13
right_child=1 8 9 4 -6 -7 -8 -9 10 -11 11 15 17 -15 -16 -17 -18 19 -20 20 -22 22 23 27 25 28 35 -29 29 -31 33 -33 -34 -35 -36 -37 -38 40 -40 -41 41 -43 -44 -45
leaf_value=-0.010774528626352548 -0.048674945041537285 0.0056934369081217389 -0.0011178316237548224 -0.029061690156037608 -0.00022543286953748164 -0.0032811357933613988 0.046501516515826007 -0.00018266522870311199 0.0041549445440371832 -0.0028820247644627535 0.0019620958785526456 -0.00050691713703175385 -0.0010467434944584967 -0.0015552313616203647 0.0045899900207754044 -0.0015899329419092588 0.0012785612383768672 0.00036120604838670039 0.00014628428361264237 -0.0031895606219768525 0.00094467353324095415 0.0030710878968238831 -0.00051663058907970008 0.0014107379026930124 -0.0011172565157628721 -0.0004770608754532242 -0.0014354917565360665 -0.00023872107362628661 0.0011301870310549127 -3.0194685587452521e-05 0.00085105469922863827 -0.0025908270920626821 0.0023341612859318654 0.00021566876590532399 0.0034294022405520082 1.1574712116271258e-05 0.00027023043864491314 0.00016066907739339324 -0.0013227685210086518 -0.00078318868313104878 -2.2253542854130722e-05 -0.00088342354267835618 -0.00082857503959288205 0.00042137094188290529
leaf_weight=24 20 36 65 24 159 45 40.5 26.5 21 54 24 30 75 63 61 24 21 40.5 57 3.9999999999999991 45 5.9999999999999991 38 34 45 165 20 22 43 135 34 20 24 259 20 24 44 192.5 33.5 31 131 62.5 30 39
leaf_count=24 20 36 26 23 99 34 22 24 21 24 24 30 48 28 30 24 21 33 39 4 20 6 38 34 18 74 20 22 20 60 34 20 24 122 18 24 20 101 16 24 78 37 30 39
internal_value=-1.63049e-11 -0.00273115 0.000308782 0.00231632 0.00338134 0.00759808 0.0129779 -0.0139074 0.00135275 -3.77574e-05 0.000525948 7.23238e-05 4.7856e-05 0.000578575 0.00164548 -0.000242638 2.68207e-05 -1.464e-05 -0.000531572 3.16839e-05 0.000130177 9.106e-05 0.000105125 8.59277e-05 4.2413e-05 -0.000168009 0.000249479 0.000762736 -5.76309e-05 0.000250122 0.000349249 -0.000188154 0.000586902 0.000490039 0.001806 -0.000646183 -0.000319736 -0.000165302 -0.000513931 -0.000134965 -7.04673e-05 -0.000300409 -0.0002387 1.77674e-05
internal_weight=2412 245 2167 319 295 136 91 50.5 225 1848 189 168 1794 189 126 144 120 1605 132 1473 982 937 933 927 871 432 439 56 387 178 395 82 62 313 54 44 209 491 105 71.5 386 193.5 99 69
internal_count=1533 245 1288 226 202 103 69 47 225 1062 189 168 1038 84 56 144 120 954 87 867 578 558 554 548 492 192 300 56 174 80 256 82 62 174 52 44 94 289 73 57 216 115 99 69
is_linear=0
shrinkage=0.08


Tree=64
num_leaves=45
num_cat=0
split_feature=34 2 36 2 35 14 0 34 16 35 16 15 34 29 32 16 35 36 32 16 30 34 16 35 0 36 14 36 13 0 3 22 22 16 22 9 0 16 7 34 20 22 7 35
split_gain=0.189267 4.03329 4.20102 3.46787 0.0530979 0.0936703 0.113868 0.107713 0.0632826 0.317311 0.0441976 0.0358339 0.0295677 0.0172969 0.0151474 0.0102272 0.037477 0.0110054 0.0180818 0.0253259 0.0144031 0.0156832 0.00802942 0.0124487 0.00504384 0.00469621 0.00927616 0.00868712 0.00697456 0.00670169 0.00451469 0.00574086 0.00439125 0.00219517 0.00242589 0.00210599 0.00170788 0.00166111 0.00309077 0.00234612 0.00197535 0.00204601 0.00228682 0.00221275
threshold=1.0000000180025095e-35 16.415000000000003 1.5000000000000002 11.984999656677248 1.0000000180025095e-35 8.4550000000000018 16.465000000000003 9.5000000000000053 5.9461538461538463 1.5000000000000002 6.0226923076923082 -0.1650000000000009 119.60000000000004 1.5000000000000002 3.5000000000000004 6.0350000000000028 1.5000000000000002 2.5000000000000004 1.0000000180025095e-35 6.8350000000000017 1.0000000180025095e-35 1.9000000000000006 7.1300000000000008 1.5000000000000002 16.625000000000004 1.5000000000000002 7.4800000000000013 2.5000000000000004 7.6750000000000007 14.280000000000003 16.960000000000004 10.600000000000003 21.900000000000002 6.5600000000000014 69.90000000000002 10.025 15.935000000000002 6.1300000000000008 10.105000000000002 39.70000000000001 19.300000000000004 67.200000000000017 9.9800000000000022 1.5000000000000002
decision_type=2 2 2 2 2 2 2 2 2 2 2 2 2 2 2 2 2 2 2 2 2 2 2 2 2 2 2 2 2 2 2 2 2 2 2 2 2 2 2 2 2 2 2 2
left_child=1 2 -1 -4 5 12 -7 -8 9 -6 -9 -10 25 -12 -15 16 -13 18 19 -17 -19 -22 30 -24 -21 28 29 -28 36 -27 31 35 -31 -34 -35 -23 -2 38 -20 -40 41 42 43 -39
right_child=4 -3 3 -5 8 6 7 10 11 -11 13 15 -14 14 -16 17 -18 20 37 24 21 22 23 -25 -26 26 27 -29 -30 32 -32 -33 33 34 -36 -37 -38 40 39 -41 -42 -43 -44 -45
leaf_value=0.029602092534808788 -0.00031143565875267225 -0.030799330931443436 0.010677775591611862 -0.029449285660304275 -0.0067680139928900955 0.0080401179265408278 0.0061561486400939806 0.0032159836521303215 0.0029681408902009327 0.0019586522547372929 -0.0020465670265257356 -0.00088255036932726697 0.0030673105837333769 0.001987801721940438 -0.0010507385783074868 -0.0028913300856947899 0.002116530858601133 0.0014554521652191119 -0.00079133015677884774 0.00056631297039400248 -0.0033827462885528802 -0.00027879153985715542 0.0018296326358209958 -5.2579436451196669e-05 -0.00086531614832994011 0.00061185864683163042 5.841400716059481e-05 0.0019523358284946411 -0.0015264275789678354 -0.0015994822178035976 0.00045986278758694733 0.00029142110276518871 0.000164668365277497 -0.0013074240721762181 -6.1402062885463241e-05 -0.00093018890834516946 0.00052705832947553557 -0.00027702393579296769 0.0003876966593994035 -0.00039443522154518481 -0.00058758555628308975 0.00056069361818272899 0.00022671569075757562 4.7493468429189163e-05
leaf_weight=29.5 53 26 30 25.5 48 21 27 27 27 60 30 48 21 21 21 36 60 59 54 28 7.9999999999999991 108 44 46 36 48 31 31 29 20 108 108 38 20 20 45 22 250 45 54 37 41 180 291
leaf_count=27 53 14 30 22 24 21 27 27 12 24 30 24 21 21 21 16 24 34 24 28 8 48 37 37 16 48 31 31 29 20 48 52 38 20 20 20 22 150 20 24 28 32 80 150
internal_value=-1.10543e-11 -0.00322653 0.00520751 -0.00775898 0.000155647 0.00090417 0.0025862 0.00167721 -4.16568e-05 -0.00191987 0.000455686 7.67592e-05 0.000161652 -0.000579426 0.000468532 3.04559e-05 0.000783606 -2.10904e-05 -0.000170481 -0.00119383 0.000277691 0.000128895 0.0001901 0.000867613 -0.000238978 -3.39215e-05 0.000185547 0.00100537 -0.000472858 -0.0001626 2.48528e-05 -0.000155151 -0.000541926 -0.000270758 -0.000684413 -0.000470379 -6.54774e-05 -6.29872e-05 -0.000304477 -3.89207e-05 -1.67444e-05 1.09736e-05 -2.02865e-05 -0.000102468
internal_weight=2412 111 85 55.5 2301 480 147 126 1821 108 99 1713 333 72 42 1686 108 1578 1052 100 526 467 459 90 64 312 208 62 104 146 369 261 98 78 40 153 75 952 153 99 799 762 721 541
internal_count=1533 93 79 52 1440 480 147 126 960 48 99 912 333 72 42 900 48 852 568 60 284 250 242 74 44 312 208 62 104 146 168 120 98 78 40 68 75 508 68 44 440 412 380 300
is_linear=0
shrinkage=0.08


Tree=65
num_leaves=45
num_cat=0
split_feature=37 4 32 37 37 36 16 36 36 0 9 29 37 37 11 37 32 4 11 16 36 16 0 22 37 37 19 33 18 6 9 2 37 37 4 22 33 33 32 37 32 31 36 19
split_gain=0.294745 6.93907 0.21627 0.776688 1.92364 3.31301 6.73418 1.17876 0.678659 0.712081 0.104053 0.0774363 0.06796 1.28065 0.218155 0.0414238 0.0413683 0.0405396 0.0164104 0.00718605 0.00566494 0.0373833 0.00812266 0.0073176 0.0103921 0.0200765 0.0213993 0.0032877 0.00730402 0.00381359 0.00316643 0.00436296 0.00299513 0.00271619 0.00592917 0.00302332 0.00554391 0.0043148 0.00270652 0.00234077 0.00231667 0.0021985 0.00343682 0.00496978
threshold=16.425000000000004 16.455000000000002 1.0000000180025095e-35 7.8750000000000009 9.3250000000000011 2.5000000000000004 6.6350000000000016 1.5000000000000002 2.5000000000000004 13.265000000000002 9.8350000000000026 0.50000000000000011 11.703076923076924 11.802307692307695 9.8950000000000014 11.911538461538465 1.7000000000000004 17.910000000000004 9.4850000000000012 5.9461538461538463 1.5000000000000002 6.0550000000000024 17.890000000000004 50.300000000000004 8.5250000000000004 7.2450000000000001 8.9000000000000021 1.0000000000000002 0.50000000000000011 10.045000000000002 9.9800000000000022 17.345000000000002 3.0500000000000003 10.105000000000002 17.280000000000005 12.9 4.2000000000000011 1.0000000180025095e-35 1.3 3.7450000000000006 17.100000000000005 1.5000000000000002 2.5000000000000004 3.0000000000000004
decision_type=2 2 2 2 2 2 2 2 2 2 2 2 2 2 2 2 2 2 2 2 2 2 2 2 2 2 2 2 2 2 2 2 2 2 2 2 2 2 2 2 2 2 2 2
left_child=2 -2 3 8 -5 6 -6 -8 9 -1 11 -3 14 -14 20 -15 -13 18 40 -17 21 -4 23 33 25 26 -25 28 -21 41 32 -32 -23 35 -35 37 39 -22 -34 -37 -12 -29 43 -43
right_child=1 10 12 4 5 -7 7 -9 -10 -11 17 16 13 15 -16 19 -18 -19 -20 27 22 30 -24 24 -26 -27 -28 29 -30 -31 31 -33 38 34 -36 36 -38 -39 -40 -41 -42 42 -44 -45
leaf_value=-0.016524149175384081 -0.047788012452423576 0.0074534143383304273 -0.0024165708532616977 0.021615016081929207 0.038020781923484591 -0.015576432798565789 -0.016277766469006354 0.0052687282539330997 0.0059121070387107991 -0.00032706183454904117 9.2783678020350648e-05 0.0046493828250095248 -0.018850965052843095 0.0035656559374183418 0.0040207619900918664 0.0011446494081368049 0.00036150167853015266 0.0030511484465872247 -0.0025840358484891203 0.0011858626663322663 0.00048881736584007742 0.00088464442291297024 0.0011243632871450651 0.0019399330313242373 -0.00067066269490169363 0.003000417013342182 -0.00081740916641645652 -0.00069460920334138258 -0.00036703353980556131 -0.0010084667015406821 0.00066423583735516405 -0.00022342950696983035 -0.000744307724460007 0.0010776374367997051 -0.00019762251164398288 -0.0008824031176761939 0.00063387325756690083 -0.00030111447276233715 -0.00011947424557315661 -2.4755081989148512e-05 -0.00085785933792413701 -0.0011710965741341087 0.00084282997835042142 0.00035509845825193529
leaf_weight=32 20 24 46.5 37.5 35 49.5 32.5 32.5 35 38 75 24 24 24 90 36 36 24 21 36 49 15.999999999999998 45 31 32 24 43 27 42 36 81 63 55 40 56 26 85 457 229.5 94 21 22 29 36
leaf_count=32 20 24 19 15 23 34 23 23 32 32 75 24 12 12 39 18 36 24 21 36 28 16 18 28 16 14 34 27 42 24 36 28 38 20 28 26 44 208 122 54 21 22 29 36
internal_value=1.70448e-12 -0.00263009 0.000297357 0.00232255 0.00541424 0.0013505 0.00972934 -0.00550452 -0.00318359 -0.00773144 0.00138395 0.00361287 -1.80338e-05 -0.00109603 0.000197152 0.000383545 0.00207665 5.60747e-05 -0.000558299 9.42624e-05 -3.64697e-05 -0.000258341 7.4466e-05 2.4044e-05 0.000581063 0.000989789 0.000337694 -7.15882e-05 0.000349688 -0.000290652 -3.25645e-05 0.000275882 -0.000180373 -6.56863e-05 0.000333736 -0.000119617 0.00013956 -0.000224619 -0.000240268 -0.000210579 -0.000115169 -6.39733e-05 0.000131741 -0.000223803
internal_weight=2412 245 2167 292 187 149.5 100 65 105 70 225 84 1875 312 1563 288 60 141 117 264 1473 491 982 937 130 98 74 228 78 150 444.5 144 300.5 807 96 711 205 506 284.5 120 96 114 87 58
internal_count=1533 245 1288 214 118 103 69 46 96 64 225 84 1074 258 816 246 60 141 117 234 777 259 518 500 92 76 62 216 78 138 240 64 176 408 48 360 124 236 160 80 96 114 87 58
is_linear=0
shrinkage=0.08


Tree=66
num_leaves=45
num_cat=0
split_feature=37 32 34 37 15 4 35 11 34 16 36 35 36 32 16 32 37 16 0 7 28 36 37 37 37 37 37 37 37 16 37 25 37 34 33 19 34 37 37 26 19 37 37 37
split_gain=0.249472 6.90191 0.698995 1.91533 0.404599 0.236909 0.139141 0.0702337 0.0407806 0.015524 0.187044 0.213649 0.0179379 0.0462626 0.0955561 0.030731 0.082789 0.00785153 0.00601628 0.00791812 0.0069103 0.00553825 0.00452999 0.00845874 0.00606474 0.00495264 0.00486612 0.00426354 0.00515488 0.00563805 0.00878423 0.00305315 0.00264086 0.00226962 0.00371496 0.00293795 0.00231918 0.00345708 0.00418467 0.00212969 0.00193471 0.00207995 0.00221904 0.001699
threshold=16.425000000000004 0.3000000000000001 1.0000000180025095e-35 7.8750000000000009 1.7861538866850044 16.515000000000004 1.5000000000000002 9.9550000000000018 13.500000000000002 6.0350000000000028 1.5000000000000002 1.5000000000000002 2.5000000000000004 1.0000000180025095e-35 6.6250000000000018 1.0000000180025095e-35 9.6200000000000028 7.1300000000000008 16.575000000000003 10.675000000000002 36.700000000000003 1.5000000000000002 2.2750000000000004 2.5300000000000007 3.0300000000000007 3.6250000000000004 5.2400000000000011 7.3050000000000006 7.4800000000000013 6.955000000000001 12.720000000000001 4.4000000000000012 11.245000000000003 9.5000000000000053 1.0000000180025095e-35 0.50000000000000011 16.900000000000009 4.1950000000000012 6.1500000000000012 6.6000000000000005 15.500000000000002 11.035000000000002 16.155000000000005 9.7950000000000017
decision_type=2 2 2 2 2 2 2 2 2 2 2 2 2 2 2 2 2 2 2 2 2 2 2 2 2 2 2 2 2 2 2 2 2 2 2 2 2 2 2 2 2 2 2 2
left_child=2 -2 3 6 -5 -3 -1 9 -7 10 -4 -12 13 14 -11 16 -14 -16 -10 -20 -21 -19 -17 -24 -25 -26 -27 -28 -29 31 -31 32 43 34 -15 -36 -35 -38 -39 -22 41 -40 -43 -30
right_child=1 5 7 4 -6 8 -8 -9 18 12 11 -13 15 33 17 22 -18 21 19 20 39 -23 23 24 25 26 27 28 29 30 -32 -33 -34 36 35 -37 37 38 40 -41 -42 42 -44 -45
leaf_value=-0.001130835849326104 -0.047456506164744498 0.0078451606111996103 0.0041222016576815531 0.0088506352049963818 0.021925329132513566 0.0032167175761424007 -0.0097452636435627939 -0.0029041272488043264 0.0010282919949386269 -0.0053869993894389177 -0.0045936712194234132 0.0018110568046569824 -0.00084817038878561956 0.0010816597027911081 -0.0014276162457877192 -0.0036907605826854706 0.0050494254494117471 0.00094418310758192104 -0.0012385751898141785 0.0013282723582718368 -0.00075401746481657027 -0.00059301744525631277 0.0037888174504041674 -0.0020899060741066933 0.0017360523653527102 -0.0010202655749162659 0.00090727072160387806 -0.00098784125799482531 -9.6862937533552496e-05 0.0013328018310395154 -0.00030294448794687494 0.00057315352866996313 0.00046580065717260078 -0.00043226462161739267 -0.0002359249899163842 0.00071227364434764309 -0.00093486052472144363 0.00096777646766545687 -3.148418350512225e-05 0.00012851279683499819 0.00043894620004879389 -0.00022089731549688926 -0.0010441366359233283 -0.00060076346288302112
leaf_weight=24 20 33 67.5 28 33 30 24 54 30 33 60 75 31.5 27 29 1.9999999999999989 29.5 30 36 24 30 30 3.9999999999999991 7.9999999999999991 11.999999999999998 24 43 27.5 182 55 34 49 43 124 75 29 28 26 590 42 46 108 26 56
leaf_count=24 20 33 30 22 21 30 24 24 30 18 30 30 21 22 14 2 20 25 36 24 30 25 4 8 12 24 31 11 79 27 34 22 38 84 50 24 28 26 268 42 32 80 26 28
internal_value=1.51509e-11 -0.00241968 0.000273568 0.00651676 0.0159238 0.00158359 -0.00543805 -5.70965e-05 0.000507381 1.96199e-05 0.000683741 -0.00103549 -5.50315e-05 -0.000233534 -0.00171014 0.000301973 0.00200395 -0.000346808 5.65187e-06 -0.000226766 0.000152662 0.000175583 0.000109535 0.000123675 9.61952e-05 0.000129476 9.19314e-05 0.000146462 7.31926e-05 0.000142831 0.00070791 -9.56926e-06 -0.000111183 -6.65773e-05 0.000245545 2.84766e-05 -0.000109708 -6.11681e-05 -3.04352e-05 -0.000239208 -6.4141e-05 -9.61052e-05 -0.00038063 -0.000215428
internal_weight=2412 245 2167 109 61 225 48 2058 192 2004 202.5 135 1801.5 1201 122 600.5 61 89 162 132 96 60 539.5 537.5 533.5 525.5 513.5 489.5 446.5 419 89 330 281 1079 131 104 948 824 796 72 770 724 134 238
internal_count=1533 245 1288 91 43 225 48 1197 192 1173 90 60 1083 722 82 361 41 64 162 132 96 50 320 318 314 306 294 270 239 228 61 167 145 640 96 74 544 460 432 72 406 374 106 107
is_linear=0
shrinkage=0.08


Tree=67
num_leaves=45
num_cat=0
split_feature=37 33 34 34 37 35 34 11 33 34 6 37 37 36 31 11 34 36 32 16 16 2 31 21 21 37 36 2 28 29 32 25 37 16 22 21 25 3 35 16 32 23 9 17
split_gain=0.213046 9.31633 0.70548 0.649821 1.80004 0.117769 0.0627426 0.0598884 0.0472043 0.0384593 0.0369218 0.0133292 0.0895293 0.0846499 0.41044 0.292423 0.0206104 0.0152346 0.0233684 0.0637801 0.0169749 0.0154863 0.0367688 0.0121154 0.0120685 0.0119401 0.00613249 0.00560465 0.00627989 0.00558205 0.0065275 0.00567952 0.00307481 0.00294971 0.00265865 0.00261725 0.00221938 0.00159657 0.00636725 0.00220983 0.00156815 0.00173467 0.00201066 0.0022695
threshold=16.185000000000006 0.3000000000000001 8.7000000000000046 1.0000000180025095e-35 7.8750000000000009 1.5000000000000002 119.60000000000004 9.9550000000000018 1.0000000000000002 14.100000000000005 9.9200000000000017 9.9350000000000005 9.9800000000000022 2.5000000000000004 0.70000000000000007 9.5600000000000005 75.800000000000011 2.5000000000000004 1.0000000180025095e-35 6.8350000000000017 6.0550000000000024 14.110000000000001 1.0000000180025095e-35 1.0000000180025095e-35 2.3000000000000003 3.1100000000000008 1.5000000000000002 15.100000000000003 27.699999999999999 1.3 10.800000000000002 1.1000000000000003 9.7950000000000017 6.0850000000000017 39.100000000000016 1.1000000000000003 4.1000000000000005 16.155000000000005 1.5000000000000002 6.8000000000000025 19.000000000000004 6.2000000000000011 9.9950000000000028 3.7000000000000006
decision_type=2 2 2 2 2 2 2 2 2 2 2 2 2 2 2 2 2 2 2 2 2 2 2 2 2 2 2 2 2 2 2 2 2 2 2 2 2 2 2 2 2 2 2 2
left_child=3 -2 -3 4 5 -1 8 11 -4 -10 -11 17 -13 15 -15 16 33 18 19 -5 -20 24 -23 -16 -19 -24 -21 -27 37 -12 31 -31 40 -14 -25 -35 -37 -29 -39 -40 41 42 43 -22
right_child=1 2 6 7 -6 -7 -8 -9 9 10 29 12 13 14 23 -17 -18 21 20 26 32 22 25 34 -26 27 -28 28 -30 30 -32 -33 -34 35 -36 36 -38 38 39 -41 -42 -43 -44 -45
leaf_value=-0.0010403691613707149 -0.052063962468369446 0.016571854878216982 -0.0028053710757133862 -0.0046859879099896981 0.016023554913046068 -0.0089656428247690198 0.0051202668205258392 -0.0026717971530915412 0.0041883826289059864 0.0027408562641208752 -0.0012478108792787507 0.0048510305017784791 -0.0007372382893744442 -0.0089269606404316932 0.0017247093109075318 0.0086904809105076957 0.0018361589311999046 -0.0024839298463087867 -0.0012302273159079692 0.00067492060537915682 -0.00017226827284122189 0.0028449751094800154 0.0052156862616539006 0.00043302389369769532 0.00016590964176099409 0.0010327344502481382 -0.00089128331688698387 0.00020867263008018629 0.00073401614333744401 0.0017322289979174025 -0.00062979046854057491 0.00018173566881429267 -0.00061371139301495117 0.00042981450361702107 -0.00042950851337185929 5.6234378732640194e-07 -0.00073418248095549646 0.00040938284043504888 -0.00029757563634110346 -0.00095409902610949101 0.00042165079800825982 -0.00053737238002941011 0.00031260448183664791 0.00020582353491075599
leaf_weight=24 22 20 24 28 57 24 21 54 21 39 21 27 36 36 44 28 42 22 85 32 351 36.5 2.9999999999999991 66 22 41 32 68 67.5 21 42 54 55 76 35 148 32 66 87.5 52.5 54 40 112 143
leaf_count=24 22 20 24 12 39 24 21 24 21 39 21 12 22 29 24 14 22 22 34 22 200 16 3 41 22 39 22 33 27 21 42 54 26 58 30 116 16 33 35 21 26 16 46 98
internal_value=-3.46574e-11 -0.002054 0.00212935 0.000275218 0.00641141 -0.00500301 0.000940664 -4.34272e-05 0.000545297 0.000951438 0.000567394 2.86927e-05 0.000354751 0.000131179 -0.00128142 0.000837477 0.000179142 -0.00010425 -0.000290989 -0.00150143 -0.000158418 0.00026923 0.000418146 0.000616786 -0.00115901 0.000188369 -0.000108181 0.000148939 4.28317e-05 -4.68456e-05 0.000168712 0.000615874 -3.77504e-05 -5.91962e-05 0.000134127 3.61535e-05 -0.000130059 -0.000127442 -0.000238392 -0.000543772 7.50365e-06 -2.71155e-05 6.56486e-06 -6.28206e-05
internal_weight=2412 285 263 2127 105 48 243 2022 222 198 177 1968 570 543 181 362 334 1398 932 92 840 466 422 145 44 385.5 64 382.5 341.5 138 117 75 755 292 101 256 180 274 206 140 700 646 606 494
internal_count=1533 285 263 1248 87 48 243 1161 222 198 177 1137 384 372 124 248 234 753 502 56 446 251 207 95 44 191 44 188 149 138 117 75 412 212 71 190 132 122 89 56 386 360 344 298
is_linear=0
shrinkage=0.08


Tree=68
num_leaves=45
num_cat=0
split_feature=3 2 33 35 3 32 35 32 35 0 0 35 4 10 4 35 0 6 30 5 22 16 31 33 30 12 32 33 11 12 21 15 18 2 31 19 18 21 10 22 33 35 18 21
split_gain=0.143554 3.67264 0.395989 0.19722 0.636665 0.227202 0.428747 0.105247 0.082231 0.486482 0.147064 0.0996794 0.0608894 0.0273656 0.0211334 0.00763695 0.0269324 0.0384709 0.00803171 0.00695324 0.0051952 0.00475892 0.00557375 0.00606127 0.00476225 0.0042274 0.00419978 0.00419432 0.0065511 0.00398993 0.00386643 0.00442853 0.00313814 0.00304864 0.00298147 0.0053341 0.00343846 0.00406534 0.00283773 0.00264574 0.00240704 0.00237991 0.00349704 0.00230139
threshold=16.415000000000003 16.415000000000003 1.0000000180025095e-35 1.0000000180025095e-35 16.465000000000003 0.50000000000000011 1.5000000000000002 0.70000000000000007 1.0000000180025095e-35 12.329999885559085 12.329999885559085 1.5000000000000002 16.545000000000005 9.9450000000000021 16.175000000000004 1.5000000000000002 17.795000000000005 11.974615384615387 0.50000000000000011 10.105000000000002 0.70000000000000018 6.0057692307692303 3.7000000000000006 3.1000000000000005 11.4 7.4800000000000013 7.5000000000000009 3.1000000000000005 8.8950000000000014 8.2800000000000011 0.50000000000000011 2.1715384615384621 2.3000000000000003 16.165000000000003 4.6000000000000005 11.500000000000002 14.600000000000001 7.6000000000000005 8.4550000000000018 41.500000000000007 5.3000000000000016 1.5000000000000002 1.9000000000000001 2.3000000000000003
decision_type=2 2 2 2 2 2 2 2 2 2 2 2 2 2 2 2 2 2 2 2 2 2 2 2 2 2 2 2 2 2 2 2 2 2 2 2 2 2 2 2 2 2 2 2
left_child=1 8 -2 4 -4 6 -5 -6 9 -1 11 -10 -9 15 20 16 18 -18 -7 30 -11 -14 23 -23 40 -20 27 -17 29 -29 31 -12 -33 -22 36 -36 37 41 -27 -39 -24 43 -43 -32
right_child=2 -3 3 5 7 13 -8 12 10 14 19 -13 21 -15 -16 26 17 -19 25 -21 33 22 24 -25 -26 38 -28 28 -30 -31 34 32 -34 -35 35 -37 -38 39 -40 -41 -42 42 -44 -45
leaf_value=0.012183222630992531 0.0060389471443110633 -0.028530875001165829 0.015956120256800203 -0.0088237702619732815 0.0056949861982354411 -0.0010769757637310595 0.0008214144924512276 0.0041105978346119331 -0.00095713974403527878 0.0010935482906643302 -0.00089768444481133321 -0.008248391424616178 0.00070240259636193518 0.0019047328815967948 0.0026448233265961916 -0.00039857301383446428 0.0032950478162439094 -2.0322243605429926e-05 0.00066829446928970751 -0.0010462601722022633 -2.4804808540746893e-05 -0.0021292195230212421 0.00093302543381772315 -0.00026814920556110641 -0.001089254113889876 -0.00036279292821692413 -0.00044945269633227817 0.00028110289918258785 0.00088134589101429334 -0.00062821910778681437 -0.00046880153175960811 -0.00036562955677227088 0.00050075184749180657 -0.00094299844362669529 0.00010321981994211982 -0.00092800726206638878 0.00094166407431726181 -0.00065302762413217165 0.00025352497147913605 0.0002074538730084896 -7.1296604084117082e-05 0.0013315141878815163 0.00025700040849014407 0.00046544776484370233
leaf_weight=24 79 29.5 20 54 27 42 65 24 24 24 54 24 30 54 21 97.5 42 48 66 40.5 162 21 24 24 21 102 195 75 67.5 52.5 27 66 45 27 181.5 39 46.5 46.5 90 45 42 36 42 45
leaf_count=24 43 16 20 27 27 21 26 24 24 24 54 24 30 24 21 39 21 24 33 18 162 21 24 24 21 51 78 30 27 21 18 36 30 27 108 24 36 36 45 24 42 27 24 33
internal_value=-1.63056e-11 -0.000703211 0.000541666 0.000203306 0.00230896 -0.000263727 -0.00355539 0.00102754 0.000101608 0.00133606 -0.000316357 -0.00460277 0.000350006 0.000156787 0.000223535 4.92208e-05 0.000313086 0.00152685 -5.10439e-05 -2.81947e-05 -1.51839e-05 -0.000207119 -0.000413829 -0.00113665 -3.99561e-05 0.000115968 -0.000161871 2.98502e-05 0.000244062 -9.33238e-05 3.30252e-05 -0.000303471 -1.43939e-05 -0.000155975 0.000142213 -7.91741e-05 0.000311712 0.000190417 -7.38939e-05 -0.00022984 0.000293911 0.000446774 0.00075293 0.000115104
internal_weight=2412 1049.5 1362.5 1283.5 233 1050.5 119 213 1020 258 762 48 186 931.5 234 877.5 390 90 300 714 213 162 132 45 87 258 487.5 292.5 195 127.5 673.5 165 111 189 508.5 220.5 288 241.5 192 91.5 66 150 78 72
internal_count=1533 790 743 700 233 467 53 213 774 258 516 48 186 414 234 390 195 45 150 468 213 162 132 45 87 129 195 117 78 51 450 120 66 189 330 132 198 162 96 60 66 102 51 51
is_linear=0
shrinkage=0.08


Tree=69
num_leaves=45
num_cat=0
split_feature=37 33 4 33 36 16 10 22 29 36 36 30 4 4 29 15 9 32 37 16 33 15 4 32 10 1 1 30 14 37 37 32 20 10 15 22 33 23 30 37 20 17 37 37
split_gain=0.206821 7.92412 0.688729 0.376346 1.56673 4.04328 2.57244 3.5682 1.1192 1.79017 0.119284 0.525316 0.454923 0.228731 0.122781 0.585254 0.0957133 0.0510368 0.0759999 0.0347033 0.0252681 0.0207263 0.0125346 0.0109388 0.0105792 0.00573417 0.00448355 0.00355454 0.00355207 0.00325872 0.00505458 0.00435888 0.0056415 0.00324405 0.00260138 0.00240561 0.00214089 0.00230195 0.00187533 0.00176013 0.00567564 0.00421463 0.0041071 0.00236271
threshold=16.330000000000002 0.3000000000000001 16.455000000000002 1.0000000180025095e-35 2.5000000000000004 6.6350000000000016 7.9050000000000011 1.0000000180025095e-35 1.0000000180025095e-35 1.5000000000000002 2.5000000000000004 1.0000000180025095e-35 17.935000000000006 17.965000000000003 1.0000000180025095e-35 1.7750000500679015 11.911538461538465 0.50000000000000011 16.475000000000005 6.6500000000000012 1.3 -0.1650000000000009 17.400000000000002 1.0000000180025095e-35 9.7700000000000014 16.575000000000003 17.795000000000005 32.100000000000001 7.7950000000000008 10.675000000000002 9.8250000000000011 10.800000000000002 2.7000000000000006 6.0900000000000007 2.3826923076923081 11.100000000000001 10.800000000000002 8.7000000000000011 1.0000000180025095e-35 7.0900000000000007 5.9000000000000012 12.900000000000002 5.535000000000001 8.0900000000000016
decision_type=2 2 2 2 2 2 2 2 2 2 2 2 2 2 2 2 2 2 2 2 2 2 2 2 2 2 2 2 2 2 2 2 2 2 2 2 2 2 2 2 2 2 2 2
left_child=3 -2 -3 4 5 -1 7 -6 9 -7 13 -12 22 14 15 19 21 -4 -19 -5 -20 -16 28 -23 34 -10 -24 38 29 30 31 32 35 -34 -22 -13 37 -36 -25 40 41 -40 -42 -41
right_child=1 2 17 10 6 8 -8 -9 25 -11 11 12 -14 -15 16 -17 -18 18 20 -21 24 23 26 27 -26 -27 -28 -29 -30 -31 -32 -33 33 -35 36 -37 -38 -39 39 43 42 -43 -44 -45
leaf_value=0.025949257785421717 -0.048071089603684163 0.014394410461760486 0.0040772117084513114 -0.0030332509376522565 0.042168249414678213 -0.028219884355785325 -0.0049754228998920812 -0.0012913046182975883 0.00093104049439231545 -0.0019496584648563378 -0.0078893362657981927 0.00044471583482455962 -0.0095899528749878449 0.0059278938298424092 0.0026787445942560834 0.010125922372369745 -0.0037807614967847866 0.0046982652623028982 -0.0030021483628522782 8.0410932811597982e-05 -0.0010086407885817742 -0.0011901251024727781 0.0017274919516510434 -0.00050584868807345622 0.0016268730061572223 -0.00056652294083808861 0.00059819117385066225 0.00078090486582368609 -0.00019328716834533517 -0.00017926595266270516 0.0012514835000038147 -0.00041567658033707871 0.0014983748213521072 0.00047634592704960839 -5.9076777826517057e-05 -0.00056344869320817069 0.00033868154236234917 -0.0010979723877140456 -0.00030506872930205785 0.00028485024273873142 -0.0016985183463354284 0.00087342206073263962 -0.00024724197614257442 -3.8712846464764863e-05
leaf_weight=28.5 22 26 24 36 28.5 32 33.5 21 30 34.5 64 28 31.5 45 18 43 45 21 21 63 27 52 45 50 21 36 45 36 147.5 73 40 46 35 46 39 33 39 21 52 195 24 31 26 557
leaf_count=15 22 26 24 16 26 31 16 21 30 32 38 16 14 20 8 28 20 21 21 38 27 32 20 30 21 16 20 16 70 62 20 25 32 20 39 24 39 21 46 82 24 28 20 316
internal_value=6.02818e-11 -0.00212667 0.00210253 0.000258047 0.00321636 -0.00138639 0.0121446 0.0237309 -0.00726614 -0.014591 -0.000120468 -0.00101702 -0.00024539 0.000326047 0.000120768 0.00233298 -0.000168491 0.000602111 0.000160829 -0.00105183 -0.000406351 -1.23405e-05 0.000301227 -5.9691e-05 -3.55225e-05 0.000114188 0.00116284 8.47231e-07 0.000128328 0.00028593 0.000434875 0.000261128 0.000480375 0.000917963 -0.000312588 -0.000100685 -0.000122756 -0.00042269 -2.91871e-05 -2.25704e-06 -0.000270528 0.00013509 -0.000943855 4.51898e-05
internal_weight=2412 261 239 2151 244 161 83 49.5 132.5 66.5 1907 634 570 1273 1228 142 1086 213 189 99 168 1041 538.5 1023 147 66 90 971 448.5 301 228 188 142 81 126 61 99 60 935 885 133 83 50 752
internal_count=1533 261 239 1272 187 124 63 47 109 63 1085 361 323 724 704 82 622 213 189 54 168 602 309 594 147 46 40 562 269 199 137 117 92 52 126 40 99 60 546 516 118 74 44 398
is_linear=0
shrinkage=0.08


Tree=70
num_leaves=45
num_cat=0
split_feature=34 36 0 36 16 15 10 33 10 36 15 15 34 0 34 0 0 16 30 0 36 31 31 1 36 30 30 31 21 32 30 36 32 18 0 32 31 30 31 0 36 16 15 15
split_gain=0.268677 2.83328 11.7262 0.600617 0.0585974 0.327501 0.030892 0.0487958 0.0369124 0.0130348 0.382788 0.237679 0.0207634 0.0128894 0.0106192 0.0145585 0.0134105 0.00773345 0.00584027 0.00242284 0.00228983 0.00396311 0.00202982 0.00226446 0.0019183 0.00171917 0.00427104 0.00159998 0.00143818 0.00132071 0.00358169 0.00226751 0.00256378 0.00175623 0.0016424 0.00144821 0.00127808 0.00115435 0.00135645 0.00112758 0.00427558 0.00251237 0.00110904 0.00100917
threshold=1.0000000180025095e-35 1.5000000000000002 16.415000000000003 2.5000000000000004 6.6250000000000018 1.781153891453376 7.455000000000001 0.3000000000000001 8.1550000000000029 1.5000000000000002 2.1615384615384623 1.9703846153846161 25.600000000000005 16.765000000000004 8.7000000000000046 17.400000000000002 16.465000000000003 6.0350000000000028 1.3 17.935000000000006 2.5000000000000004 1.0000000000000002 1.9000000000000001 16.165000000000003 2.5000000000000004 7.1000000000000005 6.1000000000000005 7.1000000000000005 23.100000000000005 1.9000000000000001 0.70000000000000007 1.5000000000000002 10.500000000000002 13.900000000000002 16.960000000000004 3.9000000000000004 4.6000000000000005 1.0000000180025095e-35 1.0000000180025095e-35 14.240000000000002 2.5000000000000004 8.9950000000000028 2.835 2.2796153846153855
decision_type=2 2 2 2 2 2 2 2 2 2 2 2 2 2 2 2 2 2 2 2 2 2 2 2 2 2 2 2 2 2 2 2 2 2 2 2 2 2 2 2 2 2 2 2
left_child=1 -1 3 -3 5 -2 28 13 -9 10 -7 -11 -12 -8 -10 16 -16 24 -18 25 21 -19 23 -22 -13 26 -14 -27 29 33 -31 42 35 37 -34 -33 -23 38 -6 40 41 -39 -32 -24
right_child=4 2 -4 -5 6 9 7 8 14 11 12 17 19 -15 15 -17 18 20 -20 -21 22 36 43 -25 -26 27 -28 -29 -30 30 31 32 34 -35 -36 -37 -38 39 -40 -41 -42 -43 -44 -45
leaf_value=0.014231130206907116 -0.0080876538157463075 0.0016070944437524305 -0.056151990065207845 0.019504831694066523 2.7937800709710077e-05 0.008605657502387962 0.0016757536980539862 0.0024228736746943359 0.0012229303371612773 -0.0068220237890879313 -0.0020577959150515114 0.00037583586223649253 2.5705556618049739e-06 0.0035014082681072518 0.00080859725527004391 0.0015008616921576587 -0.0010745349686329413 -0.00086149801669473005 -9.4206925986986361e-05 -0.00077524740581533735 6.7702833361722332e-05 0.00023043173547380438 -0.00031107659239999275 0.00094412737997708388 0.00098578136915228125 0.00042002961147299484 -0.00098906321886491478 -0.00023968699289366374 -0.00039004645248254136 0.0011151902125372242 -0.00030187242286922272 0.00042430677706411542 0.00099809550195156284 -0.0005746014085080889 0.0002649440235373649 -0.000146097731998279 -0.00016950545450343253 0.00086679977015592159 0.00082984718951155194 0.00031457837724398511 -0.00090140839177889353 -0.00015926113497698679 0.00027437699101273976 0.00012430887669324876
leaf_weight=37 33 24 26 24 27 33 49.5 66 82.5 33 44 66 100 49.5 99 49.5 49.5 44 181.5 38.5 37 78 44 38.5 66 60.5 38.5 38.5 30 30 66.5 52 48 27 33 63 148.5 24 27 48 33 42 31.5 151
leaf_count=31 18 24 14 24 27 18 27 36 45 18 24 36 57 27 54 27 27 24 99 21 21 45 24 21 36 33 21 21 27 27 54 42 36 27 18 48 81 24 27 45 33 42 18 84
internal_value=1.12136e-11 -0.00384427 -0.012882 0.010556 0.000185447 -0.000239341 0.000569127 0.000958735 0.000653139 5.22375e-06 0.000402149 -0.000193239 -0.000443838 0.00258858 0.000400319 0.000221491 2.95851e-05 0.000131798 -0.000304277 -0.00018654 -2.15641e-06 -0.000166742 0.000162429 0.000514621 0.000680809 -9.11075e-05 -0.000273082 0.000163473 0.000149395 0.000178712 0.000282517 0.000197551 0.000354651 3.11994e-05 0.000699404 0.000111824 -3.17787e-05 0.000112576 0.000428892 -3.62237e-06 -0.000157902 0.000213852 -0.000116649 2.60681e-05
internal_weight=2412 111 74 48 2301 1092 1209 627 528 1059 353 706 320 99 462 379.5 330 673 231 276 541 270.5 270.5 75.5 132 237.5 138.5 99 582 552 324 294 196 228 81 115 226.5 201 54 147 99 66 98 195
internal_count=1533 93 62 48 1440 603 837 342 288 585 195 390 177 54 252 207 180 372 126 153 300 150 150 42 72 132 78 54 495 468 243 216 144 225 54 90 126 198 54 144 99 66 72 108
is_linear=0
shrinkage=0.08


Tree=71
num_leaves=45
num_cat=0
split_feature=34 37 15 37 32 3 2 37 10 10 15 1 1 11 16 5 37 29 18 8 10 3 35 32 16 17 18 30 34 22 15 34 22 32 29 29 16 18 11 10 21 37 1 1
split_gain=0.227408 3.56484 3.21511 0.159919 0.237313 0.107101 0.0863501 0.0538034 1.05872 0.304385 0.0381649 0.0289741 0.0433252 0.00991874 0.00924678 0.0111087 0.0067496 0.00439288 0.00469689 0.00425713 0.011279 0.00741102 0.00421072 0.0162433 0.0186097 0.0123414 0.0115598 0.00908021 0.0086463 0.00655805 0.00548147 0.00413823 0.00468049 0.00447066 0.00396741 0.00338 0.00492145 0.00471651 0.00401657 0.00319048 0.0030915 0.00257792 0.00224685 0.00249263
threshold=1.0000000180025095e-35 11.97499990463257 1.7950000762939455 16.425000000000004 0.70000000000000007 16.485000000000003 11.984999656677248 11.703076923076924 9.8950000000000014 9.9550000000000018 3.0700000000000007 16.920000000000005 16.590000000000003 9.8950000000000014 6.0550000000000024 11.868846153846155 16.175000000000004 12.300000000000002 0.50000000000000011 11.72423076923077 8.5900000000000016 17.935000000000006 1.5000000000000002 1.0000000180025095e-35 6.9750000000000023 15.500000000000002 15.500000000000002 1.0000000180025095e-35 10.700000000000005 57.000000000000007 0.36499999999999849 9.5000000000000053 0.3000000000000001 0.50000000000000011 7.3000000000000016 0.50000000000000011 6.6750000000000016 3.0000000000000004 7.6650000000000009 7.8050000000000006 3.0000000000000004 14.055000000000001 12.820000000000002 15.765000000000002
decision_type=2 2 2 2 2 2 2 2 2 2 2 2 2 2 2 2 2 2 2 2 2 2 2 2 2 2 2 2 2 2 2 2 2 2 2 2 2 2 2 2 2 2 2 2
left_child=1 2 6 7 -5 -6 -1 9 10 13 16 12 -7 14 15 -2 17 18 41 20 -13 -21 25 24 -24 27 29 28 -16 31 -29 32 -25 -33 42 -32 38 -38 -37 -18 -39 -9 -35 -44
right_child=3 -3 -4 4 5 11 -8 8 -10 -11 -12 19 -14 -15 22 -17 39 -19 -20 21 -22 -23 23 26 -26 -27 -28 30 -30 -31 35 33 -34 34 -36 36 37 40 -40 -41 -42 -43 43 -45
leaf_value=-0.0041549654358014878 -0.0016628995456267148 -0.030832950373490653 0.026317441314458848 0.0081063947296934197 0.0060937397554516794 -2.1577838644454324e-05 -0.01043023451514866 0.00044741064900586351 -0.017177620753645897 0.006851470172405243 0.003310369175548355 3.2074924304404043e-05 0.0048233748351534204 0.0010893041141874467 0.00015744451588640612 -0.0001708426521056228 -0.0002486717328429222 -0.00063286689420541126 -4.4013879417131341e-05 0.0014053529394247258 -0.001993132207232217 -0.00065252705876316347 -0.0025239374319712322 4.9551421327999345e-05 -9.2055851797005921e-05 0.0016355781748037166 -0.0014196613017379101 0.0011212874959649827 0.001839615090213942 0.00096835147349103804 -0.00063742436252642364 -0.0013367002084851264 0.0012766130720930442 -0.0014841505388418833 0.000206077689260827 -0.00064823260634309715 -1.0091403538811635e-05 0.0012562846779250181 -8.3947013132274142e-06 -0.0016431876192135469 0.00017608004606639347 0.0013694590004807753 0.00033726908446800324 -0.00029962381382710212
leaf_weight=36 49.5 24 28 36 24 27 23 69 24 42 24 66 21 48 48 90 21 39 120 24 24 21 37.5 54 43.5 33 36 24 33 46.5 69 18 31.5 8.9999999999999982 219 108 153 39 150 21 30 27 46.5 255
leaf_count=36 21 24 16 36 24 27 17 48 12 18 12 66 21 21 33 36 21 30 120 24 24 21 15 27 30 27 27 12 18 33 48 9 27 9 93 54 90 24 75 21 24 27 33 102
internal_value=7.27837e-12 -0.00353673 0.00399327 0.000170611 0.0021115 0.00106891 -0.00660126 -5.85611e-05 -0.000970028 0.000125009 0.000241754 0.00040992 0.00209809 -4.40579e-05 -7.75769e-05 -0.000700282 -6.21479e-06 0.000148562 0.000289653 -0.000190317 -0.00050798 0.000445009 -1.90212e-05 -0.000144194 -0.00121793 0.000126103 -2.26392e-05 4.99365e-05 0.000842773 5.13752e-05 -6.21399e-05 -1.59856e-05 0.000501627 -9.68183e-05 -5.46693e-05 -0.000113874 -3.86142e-05 0.000237538 -0.000276234 -0.00094593 0.00078663 0.000706737 -0.000238578 -0.000201397
internal_weight=2412 111 87 2301 243 207 59 2058 345 1713 321 183 48 1671 1623 139.5 297 255 216 135 90 45 1483.5 796.5 81 687 715.5 654 81 679.5 573 633 85.5 547.5 529.5 549 480 222 258 42 69 96 310.5 301.5
internal_count=1533 93 69 1440 243 207 53 1197 291 906 279 183 48 888 867 57 267 225 195 135 90 45 810 405 45 405 360 378 51 333 327 300 54 246 237 315 267 138 129 42 48 75 144 135
is_linear=0
shrinkage=0.08


Tree=72
num_leaves=45
num_cat=0
split_feature=34 36 0 36 12 12 14 36 0 12 30 36 30 32 16 0 34 16 23 15 32 15 34 36 30 16 16 30 15 15 6 18 34 17 32 20 13 31 16 20 34 17 10 36
split_gain=0.192478 2.41722 10.3875 0.508362 0.0404941 0.0939802 0.0558854 0.19025 0.189262 0.16577 0.0297184 0.0251549 0.0450765 0.0356514 0.0539569 0.0140808 0.00675204 0.00633913 0.0105977 0.00453229 0.00474484 0.00392943 0.00327313 0.00304789 0.00253744 0.00291944 0.00229564 0.00180652 0.00139331 0.00159158 0.00408348 0.00176793 0.00192849 0.00126219 0.00145484 0.00148885 0.00127843 0.00117403 0.00142169 0.00116973 0.00107687 0.000997663 0.000939702 0.000826037
threshold=1.0000000180025095e-35 1.5000000000000002 16.415000000000003 2.5000000000000004 9.9200000000000017 9.9550000000000018 9.4400000000000031 1.5000000000000002 16.920000000000005 9.8250000000000011 40.400000000000013 2.5000000000000004 1.0000000180025095e-35 1.0000000180025095e-35 6.6250000000000018 16.765000000000004 1.9000000000000006 6.0550000000000024 1.1000000000000003 2.1200000000000006 0.70000000000000007 1.9073076923076921 107.00000000000001 1.5000000000000002 0.50000000000000011 6.0350000000000028 6.6750000000000016 0.3000000000000001 0.84499999999999897 2.5050000000000003 7.3900000000000006 5.9000000000000012 21.900000000000006 1.0000000180025095e-35 26.500000000000004 19.300000000000004 7.8050000000000006 0.70000000000000007 6.7250000000000023 4.2000000000000011 34.100000000000009 0.50000000000000011 7.5250000000000012 1.5000000000000002
decision_type=2 2 2 2 2 2 2 2 2 2 2 2 2 2 2 2 2 2 2 2 2 2 2 2 2 2 2 2 2 2 2 2 2 2 2 2 2 2 2 2 2 2 2 2
left_child=1 -1 3 -3 6 -6 10 8 -8 15 11 13 -13 14 -2 -9 -14 18 -15 20 -19 -16 24 -20 -18 -26 -22 -21 -27 31 -31 32 -30 36 35 42 -29 -28 -39 -32 -34 -40 43 -35
right_child=4 2 -4 -5 5 -7 7 9 -10 -11 -12 12 16 17 21 -17 22 19 23 27 26 -23 -24 -25 25 28 37 33 29 30 39 -33 40 34 -36 -37 -38 38 41 -41 -42 -43 -44 -45
leaf_value=0.01344178981877662 -0.0042694565241761283 0.0022250047419220208 -0.05232688344441927 0.018690923328200978 -0.0039379371960431035 0.00067337648530321368 0.00091862011489204378 0.0003814831647005948 0.0085991687898512009 -0.0044072532501410354 0.0024697615612636913 0.0026703341169006843 -0.0016240090566376844 -0.0015662404015363957 -0.00077543408961179821 0.0021146615734323861 0.00089519147197125661 0.0011862489116985153 -0.00051791769567846265 -0.00055889625073824497 0.00058157585889355022 0.00060841243869314595 0.0010057919501484215 0.00028510372316049154 0.0007778576979733477 0.0010194212672385303 -0.00043994346906527364 -0.0006325281454841249 0.00056739821420051159 0.0015422544814646245 0.00032289415029651027 -0.00061343645361267918 -0.00043549686365832504 -0.00012283865037413004 -0.00045022577047348022 -0.00035373538682310316 -0.00010582820135207215 -0.00018594598296013746 0.00058778094003597895 -9.2715462057912435e-05 4.5111123408286237e-05 -7.8066692998011905e-06 0.00024728134051677197 0.00014813271488593375
leaf_weight=37 33 24 26 24 49.5 66 44 55 38.5 44 33 54 11.999999999999998 44 29 66 35.5 35 60.5 45 66 24 38.5 60.5 49.5 10.999999999999998 29 39 37.5 14.999999999999998 118 29.5 39 144 39 51 121 55 45 68.5 127 30 176 144
leaf_count=31 18 24 14 24 27 36 24 30 21 24 18 39 12 24 24 36 27 30 33 30 36 24 21 33 27 6 24 24 30 15 66 27 24 99 24 42 66 30 30 42 72 30 96 99
internal_value=7.64629e-12 -0.00325379 -0.0116016 0.010458 0.000156962 -0.0013029 0.000234114 0.00136613 0.00450288 -0.000202242 8.9545e-05 4.83129e-05 0.000459433 -0.000157247 -0.00172997 0.00132685 0.000253945 -4.30119e-05 -0.000503029 3.14756e-05 0.000319743 -0.000148787 0.00029355 -0.000116407 0.000241861 0.000195005 0.000184954 -6.72722e-05 0.000130244 0.000107733 0.000272379 -3.46533e-05 4.9249e-05 -3.62875e-05 2.08746e-05 5.65502e-05 -0.000234211 2.03179e-05 0.000122992 0.000170244 -6.78028e-05 0.000349546 0.000101646 1.2647e-05
internal_weight=2412 111 74 48 2301 115.5 2185.5 247.5 82.5 165 1938 1905 635 1270 86 121 581 1184 165 1019 260 53 569 121 530.5 495 225 759 445.5 434.5 201.5 233 203.5 714 554 515 160 159 130 186.5 166 75 464 288
internal_count=1533 93 62 48 1440 63 1377 135 45 90 1242 1224 408 816 66 66 369 750 90 660 180 48 357 66 336 309 150 480 282 276 123 153 126 450 360 336 90 114 90 108 96 60 294 198
is_linear=0
shrinkage=0.08


Tree=73
num_leaves=45
num_cat=0
split_feature=37 30 34 37 15 33 35 4 11 13 30 10 36 31 16 32 37 0 33 33 15 13 37 37 37 4 37 0 15 37 37 0 37 5 37 37 37 9 37 33 37 37 30 37
split_gain=0.18655 6.25157 0.581725 1.9921 0.436757 0.192616 0.0843687 0.0839642 0.055827 0.0345915 0.0119473 0.00885483 0.0245665 0.0304605 0.0557021 0.0301588 0.0686162 0.00896297 0.00504859 0.004936 0.0069254 0.00479803 0.00356743 0.00632526 0.00416898 0.00312647 0.00304827 0.0041895 0.00249764 0.002264 0.00575324 0.00360715 0.00902529 0.00274445 0.00264532 0.00251275 0.00222886 0.00284891 0.00271675 0.00205235 0.0020261 0.00599129 0.00401667 0.00180279
threshold=16.425000000000004 1.0000000180025095e-35 1.0000000180025095e-35 7.8750000000000009 1.7861538866850044 0.50000000000000011 1.5000000000000002 16.515000000000004 9.9550000000000018 9.7700000000000014 37.000000000000007 9.8950000000000014 2.5000000000000004 1.0000000180025095e-35 6.6250000000000018 1.0000000180025095e-35 9.6200000000000028 16.415000000000003 2.3000000000000003 1.0000000180025095e-35 2.1950000000000003 9.5600000000000005 2.2750000000000004 2.5300000000000007 2.9600000238418587 17.890000000000004 15.935000000000002 16.175000000000004 2.3826923076923081 3.8950000000000005 5.2400000000000011 15.625000000000002 8.2450000000000028 10.105000000000002 10.675000000000002 8.5900000000000016 9.9950000000000028 9.8950000000000014 9.0550000000000015 10.800000000000002 3.7450000000000006 4.1100000000000003 1.5000000000000002 5.0400000000000009
decision_type=2 2 2 2 2 2 2 2 2 2 2 2 2 2 2 2 2 2 2 2 2 2 2 2 2 2 2 2 2 2 2 2 2 2 2 2 2 2 2 2 2 2 2 2
left_child=2 -2 3 6 -5 -3 -1 -7 10 18 11 12 13 14 -4 16 -14 -16 -9 20 -15 22 -17 -24 -25 26 40 -28 -20 -26 -31 32 -32 36 35 -35 37 38 -33 -30 42 -42 -21 -43
right_child=1 5 8 4 -6 7 -8 9 -10 -11 -12 -13 15 19 17 21 -18 -19 28 25 -22 -23 23 24 29 -27 27 -29 39 30 31 33 -34 34 -36 -37 -38 -39 -40 -41 41 43 -44 -45
leaf_value=-0.0029060426544553291 -0.044954944606288336 0.0090130289679481862 -0.0042544409440773909 0.0081768517781581201 0.0217612049073884 0.005122135143589091 -0.0096139941849590592 0.00097587273433981912 -0.0026033792368791719 0.0028083390416577458 0.0013633853868569856 0.0009855017950758339 -0.00055260906616846721 -7.2350385081436895e-05 0.00042905747036760055 -0.0032589176297187807 0.0048164953607118741 -0.001116945358371595 -0.00096185812613729278 0.0012084823886592251 -0.0017498878757968277 0.0010674235431684389 0.0032954870536923411 -0.0019945562010010086 0.0010079372244783575 -0.00081612811113397285 7.6066097244620329e-05 -0.0015613946858793499 -0.00047113442388190717 -0.0012349296456668527 0.0018312012723267631 0.00030308713192741079 3.4210997598491749e-05 0.00019548760142854669 -0.00013323469561766143 0.00099673141036992494 0.00037658303890529337 -0.00068499604347816183 -0.00038989070234155015 0.00029046728514516967 -0.0018322842288762331 0.00075955515986101492 -0.00025515175618541735 -4.8825084590552141e-05
leaf_weight=24 20 21 33 28 33 27 24 21 54 30 40.5 54 31.5 36 42 1.9999999999999989 29.5 56 33 24 28 36 3.9999999999999991 5.9999999999999991 18 36 20 20 54 20 27 75 53 55 54 46 49 60.5 70 39 11.999999999999998 18 24 924
leaf_count=24 20 21 18 22 21 27 24 21 24 30 18 24 21 26 42 2 20 26 33 24 18 16 4 6 18 16 20 20 54 20 26 30 47 22 28 20 37 26 34 39 12 18 24 490
internal_value=-1.3069e-12 -0.0020924 0.000236566 0.00593203 0.0155258 0.0017176 -0.00626002 0.000966602 -6.50886e-05 0.000332707 3.3085e-06 -2.4745e-05 -5.33145e-05 -0.000256216 -0.00141164 0.00035249 0.00204393 -0.000454373 -0.000172524 -0.000123676 -0.000806273 0.000173206 0.000113537 0.000126085 0.000102322 -8.31512e-05 -5.78277e-05 -0.000742664 -0.000363923 0.000126173 9.50212e-05 0.00014936 0.000640695 5.33731e-05 0.000318753 0.000560411 -0.000108253 -0.000223859 -3.14539e-05 -0.000151753 -3.04889e-05 -5.60061e-05 0.000476665 -3.33783e-05
internal_weight=2412 245 2167 109 61 225 48 204 2058 177 2004 1963.5 1909.5 1273 131 636.5 61 98 147 1142 64 575.5 539.5 537.5 533.5 1078 1042 40 126 527.5 509.5 489.5 80 409.5 155 101 254.5 205.5 145 93 1002 954 48 942
internal_count=1533 245 1288 91 43 225 48 204 1197 177 1173 1155 1131 754 86 377 41 68 147 668 44 336 320 318 314 624 608 40 126 308 290 270 73 197 70 42 127 90 64 93 568 520 48 508
is_linear=0
shrinkage=0.08


Tree=74
num_leaves=45
num_cat=0
split_feature=34 37 37 37 33 4 11 32 30 11 36 30 33 31 16 11 1 30 15 37 37 33 16 4 37 37 37 30 15 18 11 11 37 37 30 29 1 37 34 26 37 3 34 16
split_gain=0.20951 3.33807 2.95182 0.152293 0.247875 0.10607 0.047252 0.0442511 0.0101122 0.007384 0.0211643 0.028517 0.0336202 0.0252519 0.0471462 0.0078192 0.00758626 0.00650942 0.0050538 0.00464477 0.00425144 0.00404144 0.00615699 0.00256692 0.0024996 0.00354599 0.00198678 0.00326312 0.00218865 0.00283632 0.00184309 0.00326172 0.00179134 0.00500391 0.00339971 0.0025382 0.00158343 0.00139949 0.00803264 0.00560452 0.0016486 0.00190023 0.00159641 0.00137977
threshold=1.0000000180025095e-35 9.7850000000000019 2.9500000238418584 16.425000000000004 0.50000000000000011 16.515000000000004 9.9550000000000018 0.70000000000000007 37.000000000000007 9.8250000000000011 2.5000000000000004 1.0000000180025095e-35 1.7000000000000004 1.0000000180025095e-35 6.6250000000000018 9.4850000000000012 16.425000000000004 1.9000000000000001 2.1715384615384621 4.745000000000001 8.4550000000000018 1.0000000180025095e-35 6.9750000000000023 17.890000000000004 15.935000000000002 16.175000000000004 14.950000000000001 0.50000000000000011 2.6388461538461545 5.3000000000000016 8.490000000000002 8.7750000000000004 3.7450000000000006 4.1100000000000003 1.5000000000000002 0.70000000000000007 16.465000000000003 11.868846153846155 75.800000000000011 9.5000000000000018 5.2400000000000011 14.310000000000002 87.000000000000014 6.1150000000000011
decision_type=2 2 2 2 2 2 2 2 2 2 2 2 2 2 2 2 2 2 2 2 2 2 2 2 2 2 2 2 2 2 2 2 2 2 2 2 2 2 2 2 2 2 2 2
left_child=1 2 -1 6 -5 -6 8 -7 9 10 13 12 -12 14 -2 18 -16 -9 20 -20 -13 22 -15 24 32 -26 27 -21 29 43 -19 -32 34 -34 -23 -35 -22 39 -39 40 -37 -42 -43 -29
right_child=3 -3 -4 4 5 7 -8 17 -10 -11 11 15 -14 21 16 -17 -18 30 19 26 36 23 -24 -25 25 -27 -28 28 -30 -31 31 -33 33 35 -36 37 -38 38 -40 -41 41 42 -44 -45
leaf_value=-0.0048695123877424079 -0.0039140855566118706 -0.019288439120476446 0.030789362738529839 0.0097760711237788196 0.0053918494351885542 0.0036762615782208741 -0.0023951089540841402 0.0009441534431082094 0.0012543145965002937 0.00066717091193866165 1.9117449040687273e-05 -0.0010015858007086948 0.0036466875184765634 -0.0015513522153900517 0.00039473287475716678 0.0012778587696245975 -0.0010275897629825133 3.0341114024705595e-05 0.0016411982463406666 0.0010732109535758088 0.00044717190689162203 0.0011118038328519712 1.8744332377206194e-05 -0.00075083787553012374 6.9980810862034558e-05 -0.0014364830995909868 0.00072954657906666406 1.5398625816617692e-05 0.00022839031752070285 0.00035967391478009973 -0.0013956605625294505 -0.0001745664563384794 -0.0016857014937947193 -0.00038600118281740398 -0.00023473963995153708 0.00089070767729676188 -0.0002609173910149621 -0.00018785355134990394 0.0013836558212836584 -0.00086381697639202073 -0.0014038870918254057 7.2674899192943279e-05 -0.00032519753078279429 -0.00062146092335700143
leaf_weight=39 33 48 24 24 33 24 54 36 40.5 94.5 31.5 44 34 31 42 36 56 63 13.999999999999998 20.5 28.5 24 33 36 20 20 35 31.5 166.5 41.5 21 42 11.999999999999998 119 24 13.999999999999998 69.5 68 30 48 5.9999999999999991 557 73 70.5
leaf_count=39 18 39 15 24 33 24 24 36 18 42 24 38 19 16 42 16 26 63 14 12 23 24 28 16 20 20 35 14 78 29 21 42 12 74 24 14 31 64 16 20 6 270 32 38
internal_value=-1.05567e-11 -0.0033947 0.00871482 0.00016376 0.00205781 0.00121197 -5.98815e-05 0.00047038 3.04384e-06 -2.27654e-05 -5.76498e-05 0.000323067 0.00190213 -0.000248008 -0.00129871 0.000137544 -0.000418023 -4.56573e-06 5.88267e-05 0.000211165 -0.000348304 -0.000124562 -0.000741771 -8.69779e-05 -6.34321e-05 -0.000683251 0.00015639 9.56924e-05 3.10501e-05 -0.00019792 -0.000275628 -0.000581598 -3.80036e-05 -6.26786e-05 0.000438532 -4.1393e-05 -5.49935e-05 1.0125e-05 0.000293221 -2.9622e-05 3.19801e-05 1.30773e-05 2.65722e-05 -0.000424784
internal_weight=2412 111 63 2301 243 219 2058 186 2004 1963.5 1869 623 65.5 1246 131 557.5 98 162 521.5 379.5 142 1115 64 1051 1015 40 365.5 330.5 310 143.5 126 63 975 927 48 915 98 796 98 698 650 636 630 102
internal_count=1533 93 54 1440 243 219 1197 186 1173 1155 1113 371 43 742 86 328 68 162 312 220 92 656 44 612 596 40 206 171 159 81 126 63 556 508 48 496 54 422 80 342 322 308 302 52
is_linear=0
shrinkage=0.08


Tree=75
num_leaves=45
num_cat=0
split_feature=37 4 34 37 15 34 0 35 37 37 11 37 34 16 34 16 5 25 1 18 35 31 17 18 16 30 4 21 22 31 18 33 16 13 0 31 16 13 12 4 18 25 11 21
split_gain=0.183582 6.03563 0.536783 1.80651 0.340763 0.234926 0.0505558 0.0487984 0.0465086 0.9093 0.18833 0.0339548 0.0284565 0.00816752 0.0220753 0.00757956 0.00949482 0.00579254 0.00561966 0.00513529 0.00345763 0.0103694 0.0101254 0.00931222 0.00929731 0.00755803 0.0100544 0.00623966 0.00661976 0.00452367 0.00660276 0.00337219 0.00579314 0.00329845 0.00321262 0.00292581 0.00298626 0.00291297 0.00268158 0.00258511 0.00263886 0.00249187 0.00198435 0.00195471
threshold=16.425000000000004 16.455000000000002 1.0000000180025095e-35 7.8750000000000009 1.7861538866850044 9.5000000000000053 16.475000000000005 1.5000000000000002 11.703076923076924 11.802307692307695 9.8950000000000014 11.868846153846155 13.500000000000002 6.785000000000001 33.300000000000004 6.0550000000000024 11.868846153846155 8.7000000000000011 16.175000000000004 0.50000000000000011 1.5000000000000002 1.0000000180025095e-35 15.500000000000002 15.500000000000002 7.0250000000000012 1.0000000180025095e-35 16.475000000000005 10.000000000000002 52.000000000000007 1.0000000000000002 0.50000000000000011 1.0000000180025095e-35 6.6750000000000016 7.8050000000000006 14.005000000000001 19.000000000000004 6.8000000000000025 7.9050000000000011 7.3800000000000017 16.860000000000003 3.0000000000000004 6.6000000000000005 8.490000000000002 3.5000000000000004
decision_type=2 2 2 2 2 2 2 2 2 2 2 2 2 2 2 2 2 2 2 2 2 2 2 2 2 2 2 2 2 2 2 2 2 2 2 2 2 2 2 2 2 2 2 2
left_child=2 -2 3 7 -5 -3 -7 -1 10 -10 15 -11 -8 14 -14 16 -4 18 19 34 22 24 25 27 -22 26 -17 29 -29 30 -23 -27 33 -33 -13 36 -31 -35 -38 40 -34 42 -16 -42
right_child=1 5 8 4 -6 6 12 -9 9 11 -12 17 13 -15 41 20 -18 -19 -20 -21 21 23 -24 -25 -26 31 -28 28 -30 35 -32 32 39 37 -36 -37 38 -39 -40 -41 43 -43 -44 -45
leaf_value=-0.0033537645948429899 -0.044191441167145962 0.0086682061547482467 -0.0015356762812595176 0.0083503803105226589 0.020349376653179978 0.0044245898954215499 0.0030377207944790527 -0.008455313664550582 -0.015922898824016256 0.0043956949127217136 0.0036777088253034484 9.4632695739467948e-05 0.0025626936995069537 -0.00121669700877233 -5.2966073465843991e-05 7.3322644776792505e-05 -0.00015625607227492665 0.00086604679546629384 -0.0007482772131103076 -0.00013028271775308693 -0.0017649785696218412 -8.6966990949768661e-05 0.0014698299563800296 -0.0012938338777490166 -0.00012480648796491583 -0.0007868043569704661 0.0019190364554524423 -2.2750737455983958e-05 0.0014659032300114634 -8.1766744055668101e-05 0.001365312941259507 -0.00049851515112634467 -5.1378131088247335e-05 0.00053758318700905267 0.0013364280916284771 0.00039855501471876026 -0.00018233898908216902 -0.00025450888918175435 -0.00088780920635218971 0.00079559876661126807 0.0009971504302864725 0.0001870036418716024 -0.00099207932504618342 7.9308876625469162e-05
leaf_weight=24 20 27 49.5 28 33 21 21 24 24 11.999999999999998 90 24 21 33 24 51 90 48 63 144 45 51 33 36 43.5 39 30 39 37.5 318 33 162 138 48 30 55.5 70.5 78 67.5 48 33 42 36 27
leaf_count=24 20 27 21 22 21 21 21 24 12 6 39 24 21 33 24 36 36 24 51 144 18 33 27 27 30 27 15 21 24 129 24 81 87 24 30 24 48 39 27 24 24 42 36 21
internal_value=-7.88102e-12 -0.00207569 0.000234677 0.00570571 0.0148416 0.00166793 0.000713344 -0.00590454 -5.50909e-05 -0.000902519 0.000115582 0.0002205 0.000273027 -9.91431e-05 0.000200688 -8.19481e-05 -0.000645728 5.83563e-05 -9.01845e-05 0.000119209 -2.89335e-05 -0.000142362 0.000102574 -4.03079e-05 -0.000958792 3.35839e-05 0.00075692 2.68453e-05 0.000706982 -6.05273e-05 0.000483572 -6.86678e-05 -1.62196e-05 -0.000259747 0.000784519 -0.000149881 -0.000216631 4.72405e-05 -0.000527406 0.000268886 0.000141198 -0.000285607 -0.000616434 0.000584122
internal_weight=2412 245 2167 109 61 225 198 48 2058 345 1713 321 177 156 123 1623 139.5 309 261 198 1483.5 796.5 687 708 88.5 654 81 672 76.5 595.5 84 573 534 288 54 511.5 456 126 138 246 198 102 60 60
internal_count=1533 245 1288 91 43 225 198 48 1197 291 906 279 177 156 123 867 57 273 249 198 810 405 405 357 48 378 51 330 45 285 57 327 300 144 54 228 204 63 75 156 132 102 60 45
is_linear=0
shrinkage=0.08


Tree=76
num_leaves=45
num_cat=0
split_feature=34 35 36 7 37 0 33 4 11 32 4 10 30 10 36 31 33 30 37 0 12 37 18 33 36 19 37 37 9 7 14 32 4 33 23 37 19 37 19 19 37 37 26 2
split_gain=0.223685 3.19316 8.1671 0.84189 0.147478 0.213011 0.141057 0.0891496 0.0446367 0.0296288 0.0228253 0.0132482 0.0116758 0.00832378 0.0151116 0.0193791 0.0314442 0.0188682 0.0224591 0.00635418 0.00506863 0.00331 0.00458882 0.00305152 0.00535603 0.00275217 0.00644713 0.00446755 0.00318895 0.00444161 0.00306125 0.00282033 0.00232092 0.00161114 0.0015941 0.00152011 0.00491863 0.00274205 0.00268757 0.00212424 0.00179324 0.00503983 0.00393292 0.00172654
threshold=1.0000000180025095e-35 1.5000000000000002 2.5000000000000004 2.9550000429153447 16.415000000000003 17.150000000000002 0.50000000000000011 16.475000000000005 9.9550000000000018 1.7000000000000004 17.935000000000006 9.6700000000000017 37.000000000000007 9.8950000000000014 2.5000000000000004 1.0000000180025095e-35 3.5000000000000004 1.0000000180025095e-35 9.7850000000000019 16.185000000000006 9.5600000000000005 5.2400000000000011 3.0000000000000004 1.0000000180025095e-35 1.5000000000000002 4.2000000000000011 8.2450000000000028 8.8450000000000006 9.8750000000000018 10.105000000000002 7.5250000000000012 3.5000000000000004 17.890000000000004 11.100000000000001 8.7000000000000011 3.7450000000000006 3.0000000000000004 5.535000000000001 15.500000000000002 7.6000000000000005 12.915000000000001 11.868846153846155 9.5000000000000018 16.155000000000005
decision_type=2 2 2 2 2 2 2 2 2 2 2 2 2 2 2 2 2 2 2 2 2 2 2 2 2 2 2 2 2 2 2 2 2 2 2 2 2 2 2 2 2 2 2 2
left_child=1 2 3 -1 8 6 -6 -8 12 -9 11 33 13 14 15 16 19 18 -16 -2 21 22 -19 24 -17 27 -27 30 -29 -30 -23 -28 35 34 -7 36 -25 39 40 -37 41 42 -39 -42
right_child=4 -3 -4 -5 5 10 7 9 -10 -11 -12 -13 -14 -15 17 23 -18 20 -20 -21 -22 25 -24 32 -26 26 31 28 29 -31 -32 -33 -34 -35 -36 37 -38 38 -40 -41 43 -43 -44 -45
leaf_value=-0.0050367773572603863 0.00048439995042927981 0.014928613793200407 -0.051598146719237167 0.016153026347359021 0.010520661104293097 -8.1105352312858619e-05 0.0070852644175842961 0.0038024682955195505 -0.0023234889405150038 0.00022990951750379723 0.0023377983502688863 -0.002346737383909169 0.0013519411892802626 0.00095907109065188306 0.00025365615120300883 -0.0013709044670031289 -0.0031064138000294556 0.00014372262741542527 0.0031651642024517058 -0.00087788679071569022 0.0010367762028343148 0.0002287958566973239 -0.0013940065694244012 0.0012714640245857565 9.2793357325717806e-05 0.0010798094581280437 -0.0006964629368615404 -0.00010403319526074538 0.0011470532615203411 0.00014065194616634999 -0.00060185754573658897 0.00036167176544519241 -0.00070196757251526128 0.00032436811826190738 -0.00093476246510233209 -0.00020993163343518972 -0.00035384032588738664 -3.2020909590659894e-05 0.0005191854811989917 -0.00128942144010216 -0.0002151539828964115 0.00082062042052192348 -0.00078051588924912113 -0.0010176065913401545
leaf_weight=24 36 39 24 24 21 42 27 24 54 39 21 21 40.5 54 39 32 37 27 30 56 36 40.5 23 22 32 56 28 100.5 44 77.5 95 38 36 33 21 28 26 702 52 20 78 42 48 22
leaf_count=24 36 30 21 18 21 42 27 24 24 39 21 21 18 24 24 22 22 27 20 26 16 23 23 22 22 31 21 61 27 38 38 26 16 33 21 28 26 328 38 20 78 24 20 22
internal_value=-1.08603e-11 -0.00350765 -0.013494 0.00555812 0.000169209 0.0020078 0.00461677 0.0032392 -5.38948e-05 0.00159088 -9.07247e-05 -0.000526613 7.44558e-06 -2.03716e-05 -4.81572e-05 -0.000207545 -0.0011369 0.000270618 0.00151953 -0.000344818 0.000118231 5.57801e-05 -0.000563633 -0.00010238 -0.000639056 0.00012037 0.000448458 8.40643e-06 0.000229349 0.00050511 -0.000353581 -8.72339e-05 -7.04592e-05 -0.000128461 -0.000365658 -4.85993e-05 0.000391091 -6.98746e-05 -3.98825e-05 -0.000659719 -7.24739e-05 -3.21684e-05 -7.99246e-05 -0.000391694
internal_weight=2412 111 72 48 2301 249 111 90 2052 63 138 117 1998 1957.5 1903.5 1269 129 634.5 69 92 565.5 529.5 50 1140 64 479.5 122 357.5 222 121.5 135.5 66 1076 96 63 1040 48 992 944 48 892 792 750 100
internal_count=1533 93 63 42 1440 249 111 90 1191 63 138 117 1167 1149 1125 750 84 375 44 62 331 315 50 666 44 265 78 187 126 65 61 47 622 96 63 606 48 558 510 48 472 372 348 100
is_linear=0
shrinkage=0.08


Tree=77
num_leaves=45
num_cat=0
split_feature=34 2 36 2 37 0 33 4 37 12 4 37 30 4 4 7 36 30 16 31 16 34 37 35 16 16 16 16 26 0 6 22 5 14 14 4 23 31 37 22 17 21 8 37
split_gain=0.189327 2.84962 3.45298 3.12982 0.125882 0.191925 0.111926 0.100864 0.0410801 0.801963 0.163756 0.0370991 0.0194676 0.0193194 0.0152319 0.0118007 0.0105508 0.0157656 0.0127592 0.0145705 0.0208569 0.0101817 0.00423871 0.00332212 0.0125326 0.012738 0.0039225 0.00569021 0.0033081 0.0032933 0.00317846 0.00413783 0.00315246 0.00192127 0.00239242 0.00179697 0.0015505 0.00145055 0.0015434 0.00138755 0.00143935 0.00155927 0.00125338 0.00246683
threshold=1.0000000180025095e-35 16.415000000000003 1.5000000000000002 11.984999656677248 16.425000000000004 17.150000000000002 0.50000000000000011 16.485000000000003 11.703076923076924 9.8000000000000025 17.955000000000002 11.868846153846155 6.9000000000000012 17.935000000000006 17.860000000000003 10.145000000000001 2.5000000000000004 1.0000000180025095e-35 6.0550000000000024 1.0000000180025095e-35 6.6350000000000016 1.9000000000000006 16.185000000000006 1.5000000000000002 7.0000000000000018 7.9600000000000017 6.8000000000000025 7.575000000000002 11.400000000000002 16.660000000000004 11.992692307692311 5.4000000000000012 10.025 7.7950000000000008 8.4200000000000017 16.165000000000003 2.3000000000000003 24.800000000000004 2.9600000238418587 77.200000000000003 12.900000000000002 3.3000000000000003 9.9950000000000028 9.8750000000000018
decision_type=2 2 2 2 2 2 2 2 2 2 2 2 2 2 2 2 2 2 2 2 2 2 2 2 2 2 2 2 2 2 2 2 2 2 2 2 2 2 2 2 2 2 2 2
left_child=1 2 -1 -4 8 6 -6 -8 10 11 14 -10 -9 15 16 -7 18 -18 -2 20 -20 -19 28 24 32 -26 33 -28 30 -22 31 -13 35 -25 -35 -23 -17 38 -21 40 41 -33 43 -40
right_child=4 -3 3 -5 5 13 7 12 9 -11 -12 22 -14 -15 -16 36 17 21 19 37 29 23 -24 26 25 -27 27 -29 -30 -31 -32 39 -34 34 -36 -37 -38 -39 42 -41 -42 -43 -44 -45
leaf_value=0.025978510945530262 -0.0013071926601881546 -0.026403392874277554 0.0096217881908329823 -0.028499334337664585 0.0096790083817073283 -0.0022023035736665839 0.0075323786019968484 0.0024533615270868328 0.004574792918283492 -0.014950109149018925 0.00487488235367669 0.0007244868013852586 -0.00056784194051509812 0.0021507744987805688 0.0013666385412216186 0.00044815407677864039 0.0014650159225586042 -0.0027508303988724946 -0.002583688617580467 0.00060915940102528445 0.00029929972030348271 -0.00068017990497702913 -0.00077486074969379439 0.00045378402548451575 0.0023969953541051257 2.9749495908617978e-06 -0.00097627854914264349 0.00037965866324842954 0.0010456732427701354 -0.00077546838800319378 -0.00081293662699560333 -0.00018019085956944361 0.00044220459920450532 -0.00046819531843066218 0.00031440339535474779 2.7615660122440508e-05 -0.0002943332503653235 0.00040879116089933594 -7.6654008635973367e-05 -0.00065881034181941123 -0.00057483839985382349 0.00039376989839025637 7.2310354353653059e-05 -0.00059684141115708784
leaf_weight=29.5 63 26 30 25.5 21 21 24 39 11.999999999999998 24 45 60 21 21 49.5 24 59 7.9999999999999991 36 22 37 44 36 77.5 33 25 56.5 30.5 24 36 24 54 58 50 50 48 72 46 503 21 21 69 270 66
leaf_count=27 26 14 30 22 21 21 24 39 6 12 18 48 21 21 21 24 34 8 16 22 32 22 36 34 19 25 25 29 12 16 12 54 29 20 20 24 72 24 290 21 21 69 120 32
internal_value=3.62336e-11 -0.00322704 0.0038622 -0.00789332 0.000155672 0.00187767 0.00445517 0.00314921 -4.76544e-05 -0.000844093 0.000112749 0.000210563 0.00139594 -8.34667e-05 -1.57256e-05 -0.000484484 -5.80037e-05 0.000230859 -0.000202435 -0.000133931 -0.00100785 7.93186e-05 4.1078e-05 0.000127236 0.000366446 0.00136509 -6.08752e-05 -0.000500921 0.000148674 -0.000230723 6.22166e-05 0.000155566 -1.96966e-05 0.000154809 -7.6896e-05 -0.000310895 -0.000108711 -2.89072e-05 -5.22918e-05 -5.1314e-05 3.72792e-05 0.000141787 -6.96361e-05 -0.000136992
internal_weight=2412 111 85 55.5 2301 243 105 84 2058 345 1713 321 60 138 1668 117 1618.5 539.5 1079 1016 109 480.5 309 472.5 208 58 264.5 87 273 73 249 225 150 177.5 100 92 96 907 861 165 144 123 839 569
internal_count=1533 93 79 52 1440 243 105 84 1197 291 906 279 60 138 888 117 867 289 578 552 64 255 273 247 119 44 128 54 237 48 225 213 75 74 40 46 96 488 464 165 144 123 442 322
is_linear=0
shrinkage=0.08


Tree=78
num_leaves=45
num_cat=0
split_feature=37 0 32 37 37 36 16 36 36 32 36 10 0 11 16 36 37 0 2 29 33 36 16 37 37 37 37 37 19 18 33 37 21 29 37 0 37 9 18 18 35 32 29 16
split_gain=0.202941 5.90647 0.172964 0.608509 1.47665 2.62793 6.13221 1.12878 0.595005 0.145473 0.109777 0.0395163 0.070778 0.0378657 0.0124158 0.18568 0.225141 0.0115667 0.0188088 0.00412958 0.00397451 0.00267545 0.0059372 0.00338844 0.00356453 0.00331868 0.00516744 0.00488038 0.0123729 0.00958188 0.00428295 0.00293126 0.00345086 0.00296361 0.00245751 0.00180972 0.00180474 0.00311555 0.00227748 0.00380816 0.0025589 0.00272671 0.00215105 0.00181365
threshold=16.425000000000004 16.465000000000003 1.0000000180025095e-35 7.8750000000000009 9.3250000000000011 2.5000000000000004 6.6350000000000016 1.5000000000000002 1.5000000000000002 0.70000000000000007 2.5000000000000004 7.6050000000000013 17.150000000000002 9.9550000000000018 6.0273076923076916 2.5000000000000004 9.9550000000000018 16.590000000000003 17.345000000000002 1.7000000000000004 5.5000000000000009 1.5000000000000002 6.0950000000000015 2.2750000000000004 2.5300000000000007 3.0500000000000003 3.8950000000000005 5.3900000000000015 5.9000000000000012 17.200000000000006 1.0000000180025095e-35 8.9450000000000021 2.1000000000000005 9.1000000000000014 6.5250000000000012 17.680000000000003 15.4 10.025 3.0000000000000004 1.3 1.5000000000000002 1.5000000000000002 13.300000000000002 6.8000000000000025
decision_type=2 2 2 2 2 2 2 2 2 2 2 2 2 2 2 2 2 2 2 2 2 2 2 2 2 2 2 2 2 2 2 2 2 2 2 2 2 2 2 2 2 2 2 2
left_child=2 -2 3 8 -5 6 -6 -8 -1 -3 -10 12 -11 14 15 16 -4 -13 -19 -20 -21 22 -16 -23 -25 -26 -27 28 -28 30 -29 32 -24 -33 -32 36 38 -38 39 40 41 -36 -40 -42
right_child=1 9 13 4 5 -7 7 -9 10 11 -12 17 -14 -15 21 -17 -18 18 19 20 -22 23 31 24 25 26 27 29 -30 -31 34 33 -34 -35 35 -37 37 -39 42 -41 43 -43 -44 -45
leaf_value=-0.01133252004354394 -0.043845082551240921 0.0061818661561442749 -0.00091423074125001821 0.018988678479194641 0.035693758096013752 -0.013841563026336106 -0.016383027477763018 0.0047017405575427874 -0.0017255680970847606 0.0060942523252396352 0.0046105922803814916 -0.0015060176420956851 -0.00026535314119731384 -0.0021230233370981835 -0.00093690163207550844 -0.0030137789572597059 0.0061067332188484433 0.0024996655953249763 -0.0010522616817615926 0.0010000537474600909 -0.0002608198703031424 -0.0022936536744236945 0.00040286295043722706 0.0017214987426996231 -0.00099437166377902043 0.0011181981991311271 0.00031457295508256983 0.00067694549282334678 -0.0022906914204359054 0.0012840452064306308 0.00071329512253955562 -0.00012436982949037809 -0.00020397416461987342 -0.00075778912356871313 0.00065814499233272819 0.00038671262144042109 -9.8112459664763364e-05 0.0011472192285582423 -2.3579131102728363e-05 -0.00070713007165228614 -0.00014893360678557187 -6.4286832923421682e-05 0.00063381322806603025 -0.00062815273025383547
leaf_weight=35 20 36 60 37.5 35 49.5 32.5 32.5 35 21 35 27 24 54 60 58.5 57 21 24 24 48 3.9999999999999991 122.5 7.9999999999999991 20 28 28 57 20 39 27 185 117.5 63.5 42 54 36 20 197 85 155 164 38 75
leaf_count=32 20 36 24 15 23 34 23 23 32 21 32 27 24 24 30 26 28 21 24 24 48 4 67 8 20 28 28 32 20 32 24 113 75 39 26 24 36 20 104 48 62 84 18 30
internal_value=-1.26092e-11 -0.00218239 0.00024674 0.00205786 0.00479443 0.001234 0.0086964 -0.00584064 -0.00281583 0.00152096 0.00144251 0.000633169 0.00270246 -3.5312e-05 2.65971e-05 0.000666233 0.00250624 -1.3485e-05 0.000330946 -0.000143462 0.000159471 -4.1623e-05 -0.000185886 3.05085e-05 3.90141e-05 2.66087e-05 4.5782e-05 1.68257e-05 -0.000770954 5.50597e-05 4.60665e-06 -9.36423e-05 0.000105766 -0.000286229 -3.83086e-05 -6.1742e-05 -9.15653e-05 0.000346649 -0.000124026 -0.000217281 -0.000121782 8.30051e-05 8.27226e-05 -0.000305201
internal_weight=2412 245 2167 292 187 149.5 100 65 105 225 70 189 45 1875 1821 175.5 117 144 117 96 72 1645.5 548.5 1097 1093 1085 1065 1037 48 989 950 488.5 240 248.5 893 866 812 56 756 521 436 206 235 230
internal_count=1533 245 1288 214 118 103 69 46 96 225 64 189 45 1074 1050 78 52 144 117 96 72 972 324 648 644 636 616 588 48 540 508 294 142 152 476 452 428 56 372 250 202 110 122 92
is_linear=0
shrinkage=0.08


Tree=79
num_leaves=45
num_cat=0
split_feature=37 33 34 15 37 34 4 0 2 16 37 15 3 10 34 30 13 34 34 37 33 34 29 37 37 19 17 37 22 15 37 0 34 37 30 14 33 19 37 33 29 9 17 33
split_gain=0.176038 6.84319 0.520363 2.10688 0.689954 0.509274 0.0973946 0.127902 0.0487272 0.037932 0.25861 0.0333268 0.0324668 0.0255896 0.0185096 0.00918932 0.00335323 0.00838784 0.00292542 0.00996001 0.00637299 0.00434478 0.00259495 0.00264328 0.00229629 0.00964302 0.0057824 0.00450967 0.00536529 0.00381004 0.00908055 0.00317008 0.00378899 0.00272019 0.00162202 0.00157976 0.00169179 0.00152408 0.00151826 0.00221436 0.00268078 0.00197216 0.00135555 0.00149122
threshold=16.185000000000006 0.3000000000000001 1.0000000180025095e-35 1.7950000762939455 11.964615518129792 8.7000000000000046 16.545000000000005 16.425000000000004 11.984999656677248 5.9461538461538463 11.703076923076924 0.84499999999999897 16.475000000000005 9.8950000000000014 32.800000000000011 37.000000000000007 7.3450000000000015 5.400000000000003 10.900000000000004 9.7850000000000019 1.3 12.500000000000005 0.70000000000000007 7.5750000000000002 7.0900000000000007 11.500000000000002 8.9000000000000021 8.2450000000000028 17.800000000000008 2.2350000000000008 5.2800000000000002 13.955000000000002 9.9000000000000039 3.7450000000000006 5.5000000000000009 9.0050000000000008 10.800000000000002 1.0000000180025095e-35 9.7950000000000017 6.5000000000000009 5.5000000000000009 10.010000000000002 1.3 11.4
decision_type=2 2 2 2 2 2 2 2 2 2 2 2 2 2 2 2 2 2 2 2 2 2 2 2 2 2 2 2 2 2 2 2 2 2 2 2 2 2 2 2 2 2 2 2
left_child=2 -2 3 4 8 -3 7 -7 -1 10 -4 -8 -9 15 -13 16 24 -18 19 -19 -21 -20 -23 -24 25 29 -27 -26 37 31 -31 32 33 -11 -32 36 -16 -29 42 40 -40 -41 43 -25
right_child=1 5 9 -5 -6 6 11 12 -10 13 -12 14 -14 -15 35 -17 17 18 21 20 -22 22 23 38 27 26 -28 28 -30 30 34 -33 -34 -35 -36 -37 -38 -39 39 41 -42 -43 -44 -45
leaf_value=-0.0043319617832700413 -0.044728214429183448 0.013989131793379784 0.0020077802346398434 0.023249784515750025 0.010678475648164749 -0.00062170198215453912 -0.0029367146282284345 0.0082580094181355975 -0.0092262454557677977 0.0014273663443357995 -0.0058704445821543541 0.0023223350644998608 0.0038094975435662838 0.0013308850147579082 -0.00038576591742673413 0.0011722360459374792 -0.0012208690412942021 -0.00045009424164891247 -0.00080145671172067532 0.00012322154388516799 0.0014926271123447638 -0.00048490940108417705 -0.00049634020266433557 -4.7494836189968975e-05 0.00074819969498749936 -0.00030260745813881143 -0.0018913003181417784 0.0011246859135571868 -0.00011039092573466608 0.0020360402275054227 -0.00038245746281509305 -0.00052760994186004 -0.0002295860432786867 0.00013972533955460502 0.00046705309442724238 -0.00079090321289927322 0.00030570714922550208 0.00036623746682053963 -0.00032486652107379299 6.0593844169662112e-05 0.00037569775924454498 -0.00061080645281998884 0.00039214125066769844 0.00042460460836688674
leaf_weight=30 22 20 60 31 21 33 27 21 23 21 48 21 21 94.5 54 40.5 43.5 75 60 43.5 43.5 97.5 75 267 82.5 34.5 25.5 30 225 21 25.5 60 54 21 33 27 39 39 61.5 42 81 84 82.5 51
leaf_count=30 22 20 24 19 21 33 27 21 17 21 24 21 21 42 54 18 21 30 30 21 21 45 30 114 39 30 21 30 177 21 21 60 54 21 24 27 39 27 33 21 45 42 33 21
internal_value=2.44278e-11 -0.00186709 0.000250175 0.00574123 -0.00159344 0.00171825 0.000708297 0.00310535 -0.0064559 -3.49687e-05 -0.00149365 -0.000361818 0.00603375 4.73395e-05 0.000131247 -1.93244e-05 -4.6451e-05 -0.000132026 -8.74889e-05 0.000225508 0.000807924 -0.000143735 -9.68383e-05 -4.59822e-05 9.45176e-05 -7.24078e-05 -0.000977802 0.000225531 7.88635e-05 0.000158266 0.000609018 -7.14443e-05 0.000213659 0.000783546 9.67536e-05 -0.000252193 -9.57933e-05 0.000695998 4.50642e-06 -0.000142684 7.3349e-05 -0.000387006 0.000103184 2.82192e-05
internal_weight=2412 285 2127 105 74 263 243 75 53 2022 108 168 42 1914 141 1819.5 1779 1107 1063.5 162 87 901.5 841.5 744 672 295.5 60 376.5 294 235.5 79.5 156 96 42 58.5 120 93 69 669 268.5 142.5 126 400.5 318
internal_count=1533 285 1248 87 68 263 243 75 47 1161 48 168 42 1113 141 1071 1053 507 486 72 42 414 384 339 546 273 51 273 234 222 66 156 96 42 45 120 93 57 309 141 78 63 168 135
is_linear=0
shrinkage=0.08


Tree=80
num_leaves=45
num_cat=0
split_feature=34 37 37 37 33 4 37 37 10 37 13 37 12 30 13 16 5 25 32 33 29 37 3 14 1 17 31 16 37 22 15 1 33 31 37 1 34 11 15 29 32 30 33 37
split_gain=0.208732 2.72503 2.26145 0.144307 0.251014 0.179279 0.0352257 0.699228 0.25456 0.0323959 0.0152549 0.0112385 0.00721858 0.00952945 0.004679 0.00612846 0.00936219 0.00458431 0.00452793 0.00839613 0.0155551 0.00735012 0.00688796 0.00393544 0.00353573 0.0031547 0.00316926 0.00366008 0.0027604 0.00215902 0.0020913 0.00399329 0.00205058 0.00199585 0.00166981 0.0015998 0.00150474 0.00136551 0.00134844 0.00129057 0.00206265 0.00109973 0.00106691 0.0027662
threshold=1.0000000180025095e-35 9.7850000000000019 2.9500000238418584 16.425000000000004 0.50000000000000011 16.515000000000004 11.703076923076924 11.802307692307695 9.9550000000000018 11.868846153846155 9.7700000000000014 16.185000000000006 9.4400000000000031 2.5000000000000004 9.7700000000000014 6.0550000000000024 11.893461538461539 8.7000000000000011 1.3 3.5000000000000004 0.70000000000000007 9.3250000000000011 16.175000000000004 9.9550000000000018 14.160000000000002 17.200000000000006 1.0000000000000002 7.0250000000000012 15.4 55.300000000000004 2.1715384615384621 14.005000000000001 10.800000000000002 3.3000000000000003 9.3250000000000011 13.56 9.9000000000000039 8.490000000000002 2.5050000000000003 6.3000000000000016 3.9000000000000004 6.1000000000000005 9.1000000000000014 9.8850000000000033
decision_type=2 2 2 2 2 2 2 2 2 2 2 2 2 2 2 2 2 2 2 2 2 2 2 2 2 2 2 2 2 2 2 2 2 2 2 2 2 2 2 2 2 2 2 2
left_child=1 2 -1 6 -5 -6 8 -8 14 -9 12 17 13 -7 15 16 -2 24 19 21 -21 22 30 -16 35 26 27 34 33 39 31 36 37 -26 -20 -11 -17 -15 -35 -28 -41 -34 -42 -44
right_child=3 -3 -4 4 5 10 7 9 -10 11 -12 -13 -14 32 23 18 -18 -19 25 20 -22 -23 -24 -25 28 -27 29 -29 -30 -31 -32 -33 41 38 -36 -37 -38 -39 -40 40 42 -43 43 -45
leaf_value=-0.0043373261604024152 -0.0013911735050772367 -0.017748701721429824 0.026874264453848204 0.0097741475328803062 0.0065901598661686437 0.0016373233904630796 -0.013963292787472409 0.0042712626171608767 0.006245632157439277 0.0001911189015178631 0.0017518792092574365 -0.0012939398590889242 -0.0015222773399381413 -0.00011763300760790255 0.00086852990878306751 0.00039440748187535932 -5.7954561642625116e-05 0.00091962867794791235 0.00042803029219309489 -0.0021661040946268119 -6.9395652972161769e-05 0.00075370458307097085 -0.0011579446511136161 -6.7400041497657427e-05 -0.00078552127485939606 0.00070153602623733977 -0.00011632192516233242 0.00099638389423489576 0.00024980641617510245 -0.00058226798801252273 0.00039593088656964925 -0.0010132591404641669 -0.00018971844975437438 0.00036571692093275489 -0.00020134461724811845 0.00098213148939733713 -0.00034741786060233911 -0.00083008177326216056 -0.00051208463497459894 0.00041948733840965562 0.00010614056959902207 0.00062900833696836523 7.7288784320999243e-05 -0.00072533403678486747
leaf_weight=39 57 48 24 24 33 21 24 11.999999999999998 42 36 33 36 21 33 61.5 42 82.5 48 52.5 39 54 55.5 45 54 48 43.5 439.5 40.5 66 46.5 49.5 30 21 24 55.5 30 30 36 21 90 181.5 21 79.5 42
leaf_count=39 24 39 15 24 33 21 12 6 18 36 33 36 21 33 27 42 33 24 21 24 24 27 18 24 39 36 216 30 66 36 39 30 21 21 27 30 30 36 21 42 84 21 33 21
internal_value=-1.98735e-11 -0.00338839 0.0075528 0.000163455 0.00200717 0.001156 -5.4243e-05 -0.00079175 9.42917e-05 0.000193038 0.000191872 3.46608e-05 -0.0001446 7.45761e-05 -6.03201e-05 -9.67984e-05 -0.000602711 0.000209861 -4.69575e-05 -0.000299011 -0.00094866 -5.926e-05 -0.000288876 0.000430952 5.84438e-05 3.42364e-05 5.98576e-06 0.000347815 -0.000145877 -5.17635e-05 -3.07367e-05 -0.000237796 -0.000221079 -0.000426684 0.000104602 0.00055067 8.53136e-05 -0.000489345 -4.39238e-05 -2.21318e-05 8.32031e-05 0.000219645 -1.66834e-05 -0.000200161
internal_weight=2412 111 63 2301 243 219 2058 345 1713 321 186 309 153 132 1671 1555.5 139.5 273 1416 345 93 252 196.5 115.5 225 1071 1027.5 148.5 159 879 151.5 102 111 93 108 66 72 69 45 832.5 393 42 303 121.5
internal_count=1533 93 54 1440 243 219 1197 291 906 279 186 273 153 132 888 837 57 237 780 234 48 186 159 51 213 546 510 78 147 432 141 102 111 81 48 66 72 69 42 396 180 42 138 54
is_linear=0
shrinkage=0.08


Tree=81
num_leaves=45
num_cat=0
split_feature=34 37 15 37 33 3 5 11 16 36 35 36 32 37 32 16 36 0 11 0 34 16 36 34 13 15 37 15 37 32 10 34 34 15 29 34 34 15 0 34 32 30 17 0
split_gain=0.176671 2.39943 2.1317 0.122141 0.212458 0.139676 0.0717015 0.0406416 0.0153919 0.162316 0.174919 0.017616 0.0345981 0.0866972 0.0338006 0.0920541 0.0162396 0.0106287 0.0165987 0.0113253 0.00856562 0.00850383 0.00153544 0.00192478 0.00153497 0.00148398 0.00393067 0.0025872 0.00119851 0.0027835 0.00179703 0.00165843 0.00181761 0.00163717 0.00147638 0.00161946 0.00272904 0.00245125 0.00177288 0.00132676 0.00179087 0.00198849 0.00184898 0.00140673
threshold=1.0000000180025095e-35 11.97499990463257 1.7950000762939455 16.425000000000004 0.50000000000000011 16.485000000000003 2.9450000524520878 9.9550000000000018 6.0273076923076916 1.5000000000000002 1.5000000000000002 2.5000000000000004 1.0000000180025095e-35 9.6200000000000028 1.0000000180025095e-35 6.8350000000000017 1.5000000000000002 17.150000000000002 9.8950000000000014 16.765000000000004 35.100000000000009 6.0550000000000024 2.5000000000000004 66.100000000000009 9.5600000000000005 2.1615384615384623 4.745000000000001 1.6349999999999998 9.6700000000000017 19.000000000000004 9.2200000000000006 25.100000000000005 39.70000000000001 2.100000000000001 19.000000000000004 10.900000000000004 25.600000000000005 2.0784615384615379 14.485000000000001 36.300000000000004 19.000000000000004 11.900000000000002 1.3 16.050000000000004
decision_type=2 2 2 2 2 2 2 2 2 2 2 2 2 2 2 2 2 2 2 2 2 2 2 2 2 2 2 2 2 2 2 2 2 2 2 2 2 2 2 2 2 2 2 2
left_child=1 2 6 7 -5 -6 -1 8 9 -2 -11 14 13 -13 15 -10 -17 19 20 -7 -19 -16 23 -22 25 27 -27 -14 34 30 31 33 -33 -30 35 37 -37 -23 -38 43 41 42 -41 -40
right_child=3 -3 -4 4 5 17 -8 -9 11 10 -12 12 24 -15 21 16 -18 18 -20 -21 22 28 -24 -25 -26 26 -28 -29 29 -31 -32 32 -34 -35 -36 36 38 -39 39 40 -42 -43 -44 -45
leaf_value=-0.0033371792412880399 0.0041648039599864652 -0.025511562141279379 0.021238186806440355 0.0089922157178322481 0.0068224401647845904 0.00034324918420881862 -0.0090554540588156044 -0.0022156353501809967 -0.0044248741251331838 -0.0044546217113160171 0.0017704346557864204 -0.0008203330185885231 6.165518922906401e-06 0.0052148596866656164 -0.0010380620581443133 0.0013057923536652174 -0.0010028684203130887 -0.0018790674691886776 0.0020277978000896317 0.0025867914191136758 0.00054412770990679485 0.00068631556040296953 -0.00054993648142103227 -0.00035156242998449932 0.00056390307935667633 0.0014534461351909808 8.623449493655199e-05 -0.00083217420331123523 -4.5817328776281914e-05 -0.00075980817766061848 -0.00046331559115228278 -0.00033441778092834531 7.9450604011071838e-05 0.00069679068239087132 0.00042829904688352889 -0.00050392954809419608 0.0012007231055758893 -0.00020935503088615159 -0.00010179036049818505 -0.00033479421090114081 0.00038075066544115542 -0.0006262615020826178 0.00022510170942017187 0.00046587610610115986
leaf_weight=36 58.5 24 28 24 24 36 23 54 44 52 65 31.5 117 29.5 58 39 39 21 21 24 34 48 31 28 40.5 13.999999999999998 347.5 29.5 38 42 65 118 160 38 55 76 7.9999999999999991 33 49 76 40 53 75 65
leaf_count=36 26 24 16 24 24 36 17 24 24 26 26 21 67 20 28 29 29 21 21 24 34 36 31 28 18 14 198 27 32 26 30 76 98 32 26 52 8 30 24 32 20 30 42 26
internal_value=-1.0718e-11 -0.00311732 0.00306041 0.000150379 0.0018466 0.00106352 -0.00556634 -4.99035e-05 8.45451e-06 0.000724097 -0.000996257 -6.0233e-05 0.000290932 0.00209833 -0.000235815 -0.00149902 0.000151462 0.000354728 -3.9023e-05 0.00124067 -0.000419753 -9.53314e-05 -9.02305e-05 0.000139622 8.99271e-05 5.21397e-05 0.000139183 -0.000162647 -4.27055e-05 -0.000138915 -7.66772e-05 -5.68422e-06 -9.62201e-05 0.000325487 3.40288e-05 -7.43361e-06 -6.76973e-05 0.000321413 2.28864e-05 -3.43393e-06 -0.000108703 -0.000204674 -5.67002e-05 0.000221879
internal_weight=2412 111 87 2301 243 219 59 2058 2004 175.5 117 1828.5 609.5 61 1219 122 78 195 135 60 114 1097 93 62 548.5 508 361.5 146.5 1039 461 419 354 278 76 578 523 442 81 366 358 244 204 151 114
internal_count=1533 93 69 1440 243 219 53 1197 1173 78 52 1095 365 41 730 82 58 195 135 60 114 648 93 62 324 306 212 94 620 294 268 238 174 64 326 300 234 66 182 174 124 104 74 50
is_linear=0
shrinkage=0.08


Tree=82
num_leaves=45
num_cat=0
split_feature=37 4 34 37 33 15 0 37 16 37 10 36 31 16 37 31 0 13 20 22 15 12 10 16 17 30 4 10 9 16 37 2 12 37 31 19 21 30 31 16 34 37 34 30
split_gain=0.192344 5.40714 0.523363 1.62925 0.197207 0.154927 0.0829012 0.074736 0.0327363 0.194018 0.0219516 0.0202941 0.0272283 0.0666225 0.0177171 0.0503675 0.0196653 0.0127376 0.0070221 0.00494699 0.00491756 0.00483367 0.00480421 0.00457976 0.00983216 0.00568662 0.00406363 0.00308521 0.00291537 0.00378039 0.00199399 0.00433939 0.0018575 0.0017405 0.00161217 0.0014713 0.00126569 0.0014151 0.00117234 0.00113544 0.00103034 0.00132916 0.00105375 0.00191158
threshold=16.425000000000004 16.455000000000002 1.0000000180025095e-35 7.8750000000000009 0.50000000000000011 1.7861538866850044 16.475000000000005 2.9200000381469731 5.9461538461538463 11.703076923076924 9.9350000000000005 2.5000000000000004 1.0000000180025095e-35 6.6350000000000016 9.3000000000000025 1.0000000180025095e-35 17.680000000000003 9.7700000000000014 11.000000000000002 39.100000000000016 1.78 9.4400000000000031 7.4800000000000013 6.8000000000000025 0.50000000000000011 3.9000000000000004 17.745000000000001 9.0550000000000015 11.285000000000002 6.0700000000000012 15.825000000000001 16.155000000000005 8.4200000000000017 3.0300000000000007 1.9000000000000001 0.50000000000000011 1.1000000000000003 3.3000000000000003 26.500000000000004 6.0850000000000017 69.000000000000014 8.3850000000000033 16.900000000000009 1.5000000000000002
decision_type=2 2 2 2 2 2 2 2 2 2 2 2 2 2 2 2 2 2 2 2 2 2 2 2 2 2 2 2 2 2 2 2 2 2 2 2 2 2 2 2 2 2 2 2
left_child=2 -2 3 7 -3 -5 -6 -1 9 -4 11 12 13 -10 18 -16 19 21 23 22 -15 27 -17 34 -25 -26 28 32 29 -14 33 -32 35 -31 -13 -8 37 -24 39 -35 42 -42 43 -41
right_child=1 4 8 5 6 -7 17 -9 10 -11 -12 14 26 20 15 16 -18 -19 -20 -21 -22 -23 36 24 25 -27 -28 -29 -30 30 31 -33 -34 38 -36 -37 -38 -39 -40 40 41 -43 -44 -45
leaf_value=-0.0085402136133052413 -0.041987358547747135 0.0082728384931882223 0.0016311156474985184 0.0099416693246790339 0.0053569256691705612 0.018032292308229388 0.00047357259366738924 -0.0022267990310986838 -0.0038357578548179434 -0.0051926902109213791 0.0014466731959470996 0.00042246065257738031 -0.00090767519492091549 -0.00045221868110003699 0.0035637022105798328 0.0010360450927475269 0.0021129315093159676 0.0014657223848343799 0.00092670144368108226 -0.00054668530844187793 0.00081317743767673773 -0.0013971834239505587 -4.0130161011175628e-05 -0.0015707944301065319 0.00073060026105779873 -0.0008324916660785675 -0.0006616107160354862 0.000729881608276628 0.00066712157800793645 0.00060818348678627187 0.00027636817470192912 -0.0013518129390749066 -0.00074048646324728108 0.00084185420638985102 -0.00012744448538396067 -0.00031163090280079768 -0.00025819483581323953 0.00055009416659318271 0.00038067232446337585 -7.3924011286187309e-05 -2.3488993657396195e-05 -0.00063897347380948626 1.8701444642162746e-05 -0.00074313412201316921
leaf_weight=24 20 24 60 28 21 33 24 24 44 48 67.5 48 33 57 36.5 47 37.5 33 38.5 52 30 21 51.5 43 32.5 27.5 72 24 36 28 20 22 36 8.9999999999999982 118 42 43 52.5 42 139 47 43 599 34
leaf_count=24 20 24 24 22 21 21 24 24 24 24 30 20 18 32 23 35 17 33 27 40 30 21 25 34 31 17 32 24 16 28 20 22 36 4 49 42 26 29 22 104 26 24 320 24
internal_value=3.80118e-12 -0.00212465 0.000240212 0.00564242 0.0014187 0.0143186 0.0006003 -0.00538351 -4.59112e-05 -0.00140169 2.91779e-05 -2.16487e-05 -0.000207383 -0.00129889 0.00034982 0.000766523 0.000406393 4.53604e-05 -8.38228e-05 0.000146249 -1.58752e-05 -0.000273496 0.000331984 -0.000228452 -0.000647507 1.41831e-05 -8.01699e-05 -8.62152e-05 -4.03755e-05 -6.54443e-05 -3.717e-05 -0.000576489 -0.000278238 -1.30984e-05 3.15642e-05 -2.61024e-05 0.000106877 0.00025782 -3.2152e-05 -5.20585e-05 -6.13917e-05 -0.000317554 -3.15283e-05 -0.000205445
internal_weight=2412 245 2167 109 225 61 201 48 2058 108 1950 1882.5 1255 131 627.5 320 283.5 180 307.5 246 87 147 194 269 103 60 1124 126 1052 1016 983 42 102 941 166 66 147 104 913 871 862 90 772 173
internal_count=1533 245 1288 91 225 43 201 48 1197 48 1149 1119 746 86 373 195 172 180 178 155 62 147 115 151 82 48 660 126 628 612 594 42 102 552 69 66 80 54 524 502 498 50 448 128
is_linear=0
shrinkage=0.08


Tree=83
num_leaves=45
num_cat=0
split_feature=34 2 36 4 37 0 33 4 10 7 30 34 16 37 36 32 37 32 16 36 16 2 37 37 37 37 37 19 25 36 5 0 37 14 0 7 1 29 4 29 34 15 19 33
split_gain=0.19211 2.77192 2.97589 3.0824 0.120643 0.214009 0.0965054 0.133804 0.0303466 0.0176255 0.0157596 0.0152862 0.0108394 0.0514596 0.0130471 0.0275256 0.06782 0.0254464 0.0694077 0.0137452 0.00640004 0.00195091 0.00231372 0.00457212 0.00298455 0.00200616 0.00284484 0.00286702 0.00146064 0.00394274 0.00157534 0.00123755 0.00126436 0.00161792 0.00185218 0.0015912 0.00159076 0.00115664 0.00127469 0.00123244 0.00114871 0.00223338 0.00210067 0.00174564
threshold=1.0000000180025095e-35 16.415000000000003 1.5000000000000002 11.994999885559084 16.425000000000004 17.070000000000004 0.50000000000000011 16.485000000000003 9.9550000000000018 9.9950000000000028 6.9000000000000012 32.20000000000001 6.0273076923076916 9.9350000000000005 2.5000000000000004 1.0000000180025095e-35 9.6200000000000028 1.0000000180025095e-35 6.8350000000000017 1.5000000000000002 6.0550000000000024 17.545000000000005 2.2750000000000004 2.5300000000000007 2.9600000238418587 3.6250000000000004 5.2400000000000011 12.900000000000002 7.5000000000000009 2.5000000000000004 11.130000000000001 14.200000000000001 14.485000000000001 7.8200000000000012 16.425000000000004 9.9350000000000005 17.335000000000004 27.500000000000004 17.365000000000006 17.100000000000005 10.900000000000004 0.65499999999999947 0.90000000000000013 1.0000000180025095e-35
decision_type=2 2 2 2 2 2 2 2 2 2 2 2 2 2 2 2 2 2 2 2 2 2 2 2 2 2 2 2 2 2 2 2 2 2 2 2 2 2 2 2 2 2 2 2
left_child=1 2 -1 -4 8 6 -6 -8 12 -7 -9 -11 13 -2 17 16 -16 18 -14 -20 -19 22 -17 -24 -25 -26 -27 31 29 30 -13 -28 33 35 -35 -33 -37 38 39 40 42 -42 43 -22
right_child=4 -3 3 -5 5 9 7 10 -10 11 -12 28 14 -15 15 21 -18 20 19 -21 37 -23 23 24 25 26 27 -29 -30 -31 -32 32 -34 34 -36 36 -38 -39 -40 -41 41 -43 -44 -45
leaf_value=0.02427291579165701 -0.0007640895089416793 -0.026108852349794827 0.010209911013642948 -0.027621278444341587 0.0095196682498568594 -0.0022679361499779458 0.0083800138579681518 0.0022911581663929885 -0.001913672292398082 0.0022053097419085957 -0.00051229630511010155 0.00055831006029620771 -0.0038346133982254701 0.0020880446677336338 -0.00071453926818711416 -0.0026765021681785582 0.0046233230854495098 -0.00089462144946647365 0.0012011154195389305 -0.00092285244979370298 0.00055682001204264387 0.00068760691181061768 0.0027440068311989307 -0.0017449921338508526 0.00099413258821836529 -0.00082659172030010569 0.00072228581768771021 0.0007373997885112961 0.00021989289162238724 -0.0012980887692953861 -0.00042270603589713576 -0.000127976130827197 0.00044305119379090945 -0.00068077879481845437 -8.5584394084253985e-05 0.00064162187818014491 1.3762392724553745e-05 -0.00043278351468457421 -0.00031800906010130909 0.00034077494249418926 -0.0013049071238169241 -3.6768700200510763e-05 0.0007354649651263441 -0.00020192526658807975
leaf_weight=29.5 82.5 26 30 25.5 21 21 24 33 54 21 21 20 44 79.5 31.5 1.9999999999999989 29.5 58 39 39 27 31.5 3.9999999999999991 5.9999999999999991 13.999999999999998 24 14.999999999999998 37.5 39 21 22 105 35 45 130.5 49.5 54 44 81 68 8.9999999999999982 715 35 69
leaf_count=27 33 14 30 22 21 21 24 33 24 21 21 20 24 39 21 2 20 28 29 29 22 14 4 6 14 24 15 28 39 21 22 60 35 20 58 22 24 24 36 36 4 418 30 54
internal_value=-4.72308e-11 -0.00325067 0.00374124 -0.00717199 0.000156812 0.0018426 0.00470589 0.00340988 -4.22384e-05 -0.00012592 0.00120093 0.00023979 8.18951e-06 0.000635569 -4.69872e-05 0.000254117 0.00186689 -0.000197539 -0.00129402 0.000139131 -7.65893e-05 7.62171e-05 3.92875e-05 4.97429e-05 2.88369e-05 4.9726e-05 2.30424e-05 6.629e-05 -0.000164876 -0.000403067 4.44445e-05 8.30237e-06 -1.72579e-05 -5.92132e-05 -0.000238198 9.14434e-05 0.000314043 -3.13165e-05 -1.37224e-05 1.2981e-05 -1.30891e-05 -5.25329e-05 0.000204905 1.14718e-05
internal_weight=2412 111 85 55.5 2301 243 99 78 2058 144 54 123 2004 162 1842 614 61 1228 122 78 1106 553 521.5 519.5 515.5 509.5 495.5 471.5 102 63 42 434 419 384 175.5 208.5 103.5 1048 1004 923 855 724 131 96
internal_count=1533 93 79 52 1440 243 99 78 1197 144 54 123 1173 72 1101 367 41 734 82 58 652 326 312 310 306 300 286 262 102 63 42 234 219 184 78 106 46 624 600 564 528 422 106 76
is_linear=0
shrinkage=0.08


Tree=84
num_leaves=45
num_cat=0
split_feature=37 34 34 37 2 0 2 35 37 11 14 25 27 37 37 37 2 18 33 10 32 36 37 37 31 36 37 10 0 31 32 33 35 3 0 12 14 25 36 6 21 0 22 33
split_gain=0.185024 5.34966 0.481553 1.56477 0.165368 0.0692899 0.0647127 0.0632566 0.042874 0.0327395 0.0260826 0.012914 0.00959027 0.00614965 0.00627787 0.0201063 0.00684099 0.00345782 0.00350576 0.00334055 0.00244825 0.0137348 0.0262259 0.0200699 0.0273159 0.0120178 0.115782 0.106869 0.00667917 0.00608309 0.00414232 0.00288971 0.00226316 0.00215947 0.00211327 0.00167107 0.00230901 0.00132283 0.00332649 0.00149221 0.00123968 0.00263002 0.00155152 0.0011402
threshold=16.425000000000004 8.7000000000000046 1.0000000180025095e-35 7.8750000000000009 16.960000000000004 16.590000000000003 16.495000000000001 1.5000000000000002 11.964615518129792 9.9550000000000018 9.8000000000000025 1.1000000000000003 14.400000000000002 16.185000000000006 11.802307692307695 11.911538461538465 17.890000000000004 0.50000000000000011 6.5000000000000009 2.9900000000000007 1.3 2.5000000000000004 9.7850000000000019 7.9050000000000011 0.3000000000000001 2.5000000000000004 10.230000000000002 9.5150000000000023 14.200000000000001 1.0000000000000002 0.50000000000000011 11.900000000000002 1.5000000000000002 17.365000000000006 16.685000000000006 3.9500000000000006 7.8350000000000009 7.5000000000000009 2.5000000000000004 11.090000000000002 3.3000000000000003 14.695000000000002 53.300000000000004 5.0000000000000009
decision_type=2 2 2 2 2 2 2 2 2 2 2 2 2 2 2 2 2 2 2 2 2 2 2 2 2 2 2 2 2 2 2 2 2 2 2 2 2 2 2 2 2 2 2 2
left_child=2 -2 3 7 5 6 -3 -1 -5 12 11 -6 13 14 16 -16 20 18 19 -17 21 23 28 30 -25 27 29 33 -23 -27 32 35 -4 43 -26 -31 -37 38 39 -13 -19 -42 -43 -22
right_child=1 4 9 8 10 -7 -8 -9 -10 -11 -12 37 -14 -15 15 17 -18 40 -20 -21 25 22 -24 24 34 26 -28 -29 -30 31 -32 -33 -34 -35 -36 36 -38 -39 -40 -41 41 42 -44 -45
leaf_value=-0.0024838377721607685 -0.041734095528721815 0.0054248946594695245 7.711123147358497e-05 0.015873886708057287 0.002023738789416495 0.007106927910988982 -0.00028439650846714222 -0.0082921790285035973 0.01161774744944913 -0.0019826748842994373 -0.0028343377138177555 0.00051364526129327713 0.00086623363421057121 -0.0010581611816046967 0.002565802165772766 5.2251249580876906e-05 -0.00096016665867396773 -0.00035226467782564032 -0.00026079035829752685 0.0012209736728109419 0.00015624554308059696 -0.0012285954772960396 0.0020480474800699286 -0.0024859289815328247 -0.00063234155371901576 0.00086844201871484031 -0.0044073722496395925 0.0044684193505802093 0.00016814847510281228 -0.00088684553021772046 -0.0003209476686101787 0.00048699185075559497 0.0009664837375005826 -0.00038226654502024582 8.3117267608435625e-05 0.00020608769784225746 -0.00033975899423794117 0.00020230145426467061 -0.0012385902425739914 -0.00046360244380775836 0.00087857940012500398 0.00027124016291323912 -0.0005646781781688333 -5.856946682218801e-05
leaf_weight=24 20 24 30 33 21 33 27 24 28 54 21 20 81 36 24 24 52.5 69 27 45 325 32 45 58 64 61 40 36 69.5 18 49 58 47 83 45 94 105 39 20 20 21 27 30 308
leaf_count=24 20 24 30 15 21 33 27 24 28 24 21 20 36 36 12 24 21 69 15 36 172 32 22 26 30 31 20 16 38 18 40 29 38 36 20 46 46 39 20 20 21 27 30 156
internal_value=4.43671e-11 -0.00208383 0.000235597 0.00541753 0.00144064 0.00425056 0.00240233 -0.00538801 0.0139202 -3.88593e-05 -0.00023336 0.000221811 1.3519e-05 -2.23988e-05 -2.63861e-06 0.00035679 -6.18777e-05 0.000138615 0.000512047 0.000814462 -3.17915e-05 -0.000191965 0.000440501 -0.000508197 -0.00108331 3.06164e-05 -0.00033867 0.00021526 -0.000272204 0.000145699 0.000254061 -1.46187e-05 0.000619975 1.4138e-06 -0.000336969 -0.00014869 -8.19219e-05 -0.000160416 -0.000396182 2.50214e-05 -0.000105258 0.000113248 -0.000168717 5.17226e-05
internal_weight=2412 245 2167 109 225 84 51 48 61 2058 141 120 2004 1923 1887 267 1620 243 96 69 1567.5 439.5 146.5 293 167 1128 376 752 101.5 336 126 275 77 716 109 217 199 99 60 40 147 78 57 633
internal_count=1533 245 1288 91 225 84 51 48 43 1197 141 120 1173 1137 1101 234 867 222 75 60 846 276 92 184 76 570 190 380 70 170 108 139 68 364 50 110 92 99 60 40 147 78 57 328
is_linear=0
shrinkage=0.08


Tree=85
num_leaves=45
num_cat=0
split_feature=34 37 37 37 34 4 37 10 10 15 16 33 36 16 36 30 16 31 16 37 34 34 15 3 37 16 0 20 19 11 36 25 7 18 16 0 35 16 34 3 29 29 37 19
split_gain=0.204768 2.40022 1.70163 0.118947 0.199213 0.163827 0.0289269 0.608553 0.234872 0.0407047 0.0216981 0.0346836 0.0131513 0.0181279 0.0269934 0.0135398 0.044338 0.0110411 0.0264008 0.00556072 0.00369322 0.00372825 0.00372042 0.00486457 0.00403274 0.00327099 0.00318746 0.00268419 0.00293619 0.00262188 0.00244122 0.00219257 0.00211405 0.00258104 0.00209869 0.00195426 0.00171219 0.00206319 0.00173479 0.00157945 0.00284079 0.00218015 0.00113145 0.00202716
threshold=1.0000000180025095e-35 9.7850000000000019 2.9500000238418584 16.425000000000004 9.5000000000000053 16.515000000000004 11.703076923076924 9.8950000000000014 9.9550000000000018 3.0700000000000007 7.0850000000000017 1.7000000000000004 2.5000000000000004 6.0550000000000024 1.5000000000000002 0.50000000000000011 6.6350000000000016 1.0000000180025095e-35 6.6350000000000016 16.185000000000006 2.9000000000000021 9.5000000000000053 2.3550000000000009 14.820000000000002 7.4800000000000013 6.0057692307692303 14.240000000000002 4.2000000000000011 0.70000000000000007 8.490000000000002 1.5000000000000002 11.400000000000002 10.115 0.50000000000000011 6.0850000000000017 14.005000000000001 1.5000000000000002 6.8000000000000025 17.700000000000006 13.835000000000003 1.0000000180025095e-35 1.5000000000000002 7.4050000000000011 11.500000000000002
decision_type=2 2 2 2 2 2 2 2 2 2 2 2 2 2 2 2 2 2 2 2 2 2 2 2 2 2 2 2 2 2 2 2 2 2 2 2 2 2 2 2 2 2 2 2
left_child=1 2 -1 6 -5 -6 8 9 12 19 11 -7 13 14 -2 16 -14 18 -15 31 -17 -22 34 -24 -25 -13 -18 28 -26 -27 -20 32 33 35 -23 -8 37 -36 -38 40 -19 -41 43 -43
right_child=3 -3 -4 4 5 10 7 -9 -10 -11 -12 25 15 17 -16 20 26 39 30 -21 21 22 23 24 27 29 -28 -29 -30 -31 -32 -33 -34 -35 36 -37 38 -39 -40 41 -42 42 -44 -45
leaf_value=-0.0034015924918154878 -0.0025751711063239043 -0.016833365025619666 0.023672576993703842 0.0083145244350587878 0.00621423451737924 0.0030214477233864645 3.59592494108559e-05 -0.012991940801342328 0.0060075271413439803 0.0033837186362749589 -0.0023291348280119048 0.00057281575758348809 0.0034630685146240627 -0.0026418221633260448 8.0262382647820884e-05 -0.0023451908119022846 -0.00070231511565257932 0.001158092251745984 0.000468079871689416 -0.00097350828297850162 0.0011119666356932034 0.00046713885493003407 0.0017140354944526085 -0.00043644484293718747 0.00026340907786128132 -4.1392148123122757e-06 0.00038253941972340853 -0.00011561472432150208 0.0011229223130448233 -0.0008282701606817898 -0.00045717612827477389 0.00073053366380433236 -0.00058925530682741244 -7.4517922977166665e-05 -0.00031097675923740973 0.0010044855127731959 -0.0011274305144523054 0.00055642692031911936 -0.00033714867943310982 -0.00026155862788005768 -9.0257722352232256e-05 8.7232563342207793e-06 8.5883773018906594e-05 -0.00070914454237722298
leaf_weight=39 49 48 24 27 33 27 24 24 42 24 21 33 34 36 49 3.9999999999999991 28 20 36.5 36 22 26 13.999999999999998 52 64.5 60 45.5 48.5 42 42 36.5 30 33 144 54 30 23.5 26 73 216 28 97 512 34
leaf_count=39 20 39 15 27 33 27 24 12 18 12 21 33 15 16 20 4 28 20 24 36 12 11 14 25 28 60 22 23 20 42 24 15 18 144 27 30 13 20 34 116 28 64 232 28
internal_value=-9.45868e-12 -0.00335605 0.00691238 0.000161896 0.00183579 0.00102595 -3.57505e-05 -0.000704075 9.88508e-05 0.000214643 9.03523e-05 0.00040399 -4.96617e-05 -0.000208359 -0.00124745 0.000267734 0.00107428 -0.000108132 -0.000868877 -4.14435e-05 7.48447e-05 9.65734e-05 4.38257e-05 0.000270799 0.000173189 -0.000119502 -3.07385e-05 0.000377712 0.000602372 -0.000343487 5.45187e-06 8.71172e-05 3.55663e-06 0.000102359 -0.000203884 0.000574029 -0.000302732 -2.90706e-05 -0.000529601 -1.67082e-05 0.000429888 -4.16635e-05 3.22049e-05 -0.000177594
internal_weight=2412 111 63 2301 243 216 2058 345 1713 321 183 162 1671 1114 98 557 107.5 1016 109 297 449.5 445.5 423.5 221 207 135 73.5 155 106.5 102 73 261 231 198 202.5 54 176.5 80 96.5 907 48 859 643 131
internal_count=1533 93 54 1440 243 216 1197 291 906 279 183 162 888 592 40 296 65 552 64 267 231 227 215 110 96 135 50 71 48 102 48 231 216 198 105 54 94 47 47 488 48 440 324 92
is_linear=0
shrinkage=0.08


Tree=86
num_leaves=45
num_cat=0
split_feature=37 1 34 37 34 4 35 11 29 32 34 37 16 36 37 33 36 32 37 32 16 36 16 37 37 37 37 37 25 0 37 22 37 20 37 37 18 17 20 37 20 19 29 16
split_gain=0.179379 5.29997 0.448485 1.42835 0.183872 0.0752384 0.0385013 0.0341112 0.0181687 0.0312918 0.0628452 0.0141222 0.0134751 0.150382 0.23342 0.00901041 0.00899422 0.0214916 0.053808 0.0185091 0.0510994 0.0113978 0.00458097 0.00183538 0.00412991 0.00216737 0.0018257 0.0023413 0.00165435 0.00202524 0.00597307 0.0017363 0.00112674 0.00292983 0.00105179 0.00299436 0.00130531 0.00155036 0.00111374 0.00095016 0.00438947 0.00145094 0.000993043 0.00110542
threshold=16.425000000000004 16.465000000000003 1.0000000180025095e-35 7.8750000000000009 9.5000000000000053 16.545000000000005 1.5000000000000002 9.9450000000000021 0.70000000000000007 3.9000000000000004 31.500000000000004 11.964615518129792 6.0273076923076916 2.5000000000000004 9.9550000000000018 3.7000000000000006 2.5000000000000004 1.0000000180025095e-35 9.6200000000000028 1.0000000180025095e-35 6.8350000000000017 1.5000000000000002 6.0550000000000024 2.2750000000000004 2.5300000000000007 2.9600000238418587 3.6250000000000004 5.2400000000000011 5.4000000000000012 15.625000000000002 8.2450000000000028 48.300000000000004 10.105000000000002 2.3000000000000003 2.3250000000000006 2.9600000238418587 3.0000000000000004 1.5000000000000002 1.5000000000000002 7.0900000000000007 5.9000000000000012 17.200000000000006 1.5000000000000002 6.5600000000000014
decision_type=2 2 2 2 2 2 2 2 2 2 2 2 2 2 2 2 2 2 2 2 2 2 2 2 2 2 2 2 2 2 2 2 2 2 2 2 2 2 2 2 2 2 2 2
left_child=2 -2 3 6 -3 -6 -1 12 -7 10 -10 -5 13 14 -4 -11 19 18 -18 20 -14 -22 -21 -19 -25 -26 -27 -28 29 30 -29 -32 -31 -34 -24 -36 38 -38 -37 40 -39 42 -41 -44
right_child=1 4 7 11 5 8 -8 -9 9 15 -12 -13 16 -15 -16 -17 17 23 -20 22 21 -23 34 24 25 26 27 28 -30 32 31 -33 33 -35 35 36 37 39 -40 41 -42 -43 43 -45
leaf_value=-0.0028252284849683445 -0.041517493702471257 0.0076493625278170746 -0.0011304214075207712 0.014477698513955781 0.0048107576207257812 -0.0021739659032651358 -0.0073566773083681859 -0.0018015524544580665 0.0053057302945914361 -0.0019804202818444797 -0.00029257317496971652 0.012034997445132051 -0.0032778597229414365 -0.0026153323649723303 0.0060184708757227978 -0.00011351273702203821 -0.00066122695822582855 -0.0023644624650478365 0.004093353046199023 -0.00075055686612452929 0.0010988074746460486 -0.00083531441883398939 -0.00093356536701321607 0.0026245474070310591 -0.0014675440111507974 0.00096295275725424292 -0.00073451249937837317 0.0013587549225323732 0.00051331739468180168 -0.00011730141055124276 0.00031342110403909768 -0.00060646811674814672 0.0007701975324501594 -0.00034240520501043647 0.0010731289780233056 -3.9900958426500382e-05 0.0005217766101927834 0.00032227356636593509 -0.0002882764579340195 -0.00042564963323659158 -0.00089410210536751791 0.00058411892297278555 0.00026574348830617965 -0.00015418327722781854
leaf_weight=24 20 27 60 33 24 21 24 67.5 21 21 33 28 44 58.5 57 78 31.5 1.9999999999999989 29.5 58 39 39 7.9999999999999991 3.9999999999999991 5.9999999999999991 13.999999999999998 24 27 49.5 303.5 29 24 33 28 15.999999999999998 503 47 43 150 27 34 35 100 67
leaf_count=24 20 27 24 15 24 21 24 30 21 21 33 28 24 26 28 78 21 2 20 28 29 29 8 4 6 14 24 26 22 133 26 21 23 21 16 266 30 34 96 18 28 26 54 40
internal_value=1.02623e-11 -0.00205179 0.000231975 0.00523283 0.00145627 0.000611755 -0.00509095 -3.28905e-05 3.25823e-05 0.000335442 0.00188454 0.0133565 2.70867e-05 0.000696471 0.00235237 -0.000509523 -3.76388e-05 0.000214215 0.00163812 -0.000163566 -0.00109795 0.000131747 -5.87913e-05 5.45493e-05 6.34755e-05 4.44341e-05 6.14865e-05 3.71225e-05 7.46109e-05 2.5756e-05 0.000390255 -0.000103133 -5.42436e-05 0.000259495 -1.98375e-05 -1.2685e-05 -2.99544e-05 9.39872e-05 -9.69551e-05 2.8281e-05 -0.000214827 0.000110025 2.44924e-05 9.72699e-05
internal_weight=2412 245 2167 109 225 198 48 2058 174 153 54 61 1990.5 175.5 117 99 1815 605 61 1210 122 78 1088 544 542 538 532 518 494 444.5 80 53 364.5 61 1030 1022 1006 353 653 306 77 229 194 167
internal_count=1533 245 1288 91 225 198 48 1197 174 153 54 43 1167 78 52 99 1089 363 41 726 82 58 644 322 320 316 310 296 272 250 73 47 177 44 616 608 592 230 362 200 62 138 112 94
is_linear=0
shrinkage=0.08


Tree=87
num_leaves=45
num_cat=0
split_feature=34 2 36 2 37 0 32 4 37 37 11 37 31 36 11 0 32 0 7 26 0 36 37 4 0 37 17 18 37 0 34 37 37 33 17 13 17 15 37 35 0 15 36 34
split_gain=0.21499 2.60725 2.48575 3.00786 0.117149 0.196858 0.0822176 0.138001 0.0295229 0.528513 0.125957 0.0303153 0.0116068 0.0093201 0.0102154 0.0163768 0.00995451 0.0102035 0.00898344 0.0125978 0.00842319 0.00554638 0.0279914 0.00665661 0.0030224 0.00286375 0.00242988 0.00222584 0.00424858 0.00249188 0.00165332 0.00134811 0.00128463 0.00369566 0.00414325 0.00336288 0.00125373 0.00137457 0.00350751 0.00189531 0.00121268 0.00160868 0.00132958 0.00110334
threshold=1.0000000180025095e-35 16.415000000000003 1.5000000000000002 11.984999656677248 16.425000000000004 17.070000000000004 1.3 16.505000000000006 11.703076923076924 11.802307692307695 9.9350000000000005 11.868846153846155 6.9000000000000012 2.5000000000000004 7.8950000000000005 16.425000000000004 1.0000000180025095e-35 17.680000000000003 9.9950000000000028 0.50000000000000011 17.795000000000005 2.5000000000000004 16.185000000000006 16.085000000000004 14.200000000000001 2.9600000238418587 1.7000000000000004 3.0000000000000004 5.6350000000000007 15.935000000000002 75.800000000000011 7.4800000000000013 9.7950000000000017 3.1000000000000005 1.5000000000000002 7.5750000000000002 3.7000000000000006 2.5850000000000009 7.6250000000000009 1.5000000000000002 14.160000000000002 2.7919230769230774 1.5000000000000002 48.600000000000016
decision_type=2 2 2 2 2 2 2 2 2 2 2 2 2 2 2 2 2 2 2 2 2 2 2 2 2 2 2 2 2 2 2 2 2 2 2 2 2 2 2 2 2 2 2 2
left_child=1 2 -1 -4 8 6 -6 -8 10 -10 13 -11 -9 14 25 -16 -15 26 -7 -20 -17 22 30 24 -23 -2 31 -28 -29 -30 43 -18 35 -34 -35 36 40 39 -39 -38 42 -42 -27 -13
right_child=4 -3 3 -5 5 18 7 12 9 11 -12 21 -14 16 15 20 17 -19 19 -21 -22 23 -24 -25 -26 32 27 28 29 -31 -32 -33 33 34 -36 -37 37 38 -40 -41 41 -43 -44 -45
leaf_value=0.022107070502588307 0.00076158015386146652 -0.025607615892703717 0.010538602550203603 -0.026832396539987303 0.0086487378055850658 -0.0015901380415362792 0.007471971084363759 -0.00073465891803304359 -0.012156748101115228 0.0040958328793446229 0.0034542140078501426 9.1810440344195206e-05 0.0018406981504744007 0.001310629078000784 -0.0017569737081174497 -0.00011676417812155664 -0.00056290006225292641 0.0012226886507503841 0.0019845131775807767 -0.00016718162669955444 -0.0010496132577459019 0.0007070295880971984 -0.0028101538711537916 0.0012677209714155007 -0.00046037323426571672 0.0006091405583269773 0.00073051573749202616 -0.00091089866245570395 0.0008231551322307795 2.6684402212224624e-06 0.00063925191034407667 -6.5990757900063763e-05 0.00047304645890835676 0.00011172416219219135 -0.00084966155583970253 0.00051232321115417614 -0.00014498138168294515 -0.0004652651551840527 0.00047500794493528302 0.0006933313142508268 -0.00064209225244427992 -3.2762873365923211e-05 -0.00029108824984480939 -0.00046419246987040554
leaf_weight=29.5 34 26 30 25.5 24 21 30 24 24 11.999999999999998 69 124 21 50 54 356 41 49 21 102 75 22 24 41 40 21 44.5 23 36.5 67.5 30 236.5 40 52 64 90 28 62 43 45 57 54 21 28
leaf_count=27 34 14 30 22 24 21 30 24 12 6 30 120 21 30 24 158 32 20 21 102 30 22 24 29 40 21 30 23 21 30 16 106 20 26 32 36 28 32 22 30 42 28 21 22
internal_value=7.11744e-12 -0.00343881 0.00334224 -0.00663186 0.000165888 0.00182708 0.00457325 0.00326909 -3.02593e-05 -0.000705434 0.000105722 0.000150739 0.000467174 -3.48173e-05 -0.000169507 -0.00044364 0.000234562 0.000126523 -6.09073e-05 0.000200181 -0.000279093 -2.46844e-06 -0.000242131 0.000476857 -4.61335e-05 4.80949e-05 6.89721e-06 0.00024363 7.30284e-05 0.000290628 9.65091e-05 -0.000139408 6.05241e-06 -0.000190044 -0.000418696 7.87151e-05 -3.91844e-05 0.000105165 -8.02009e-05 0.000371787 -0.00020712 -0.000345662 0.000159026 -1.06111e-05
internal_weight=2412 111 85 55.5 2301 243 99 75 2058 345 1713 321 45 1644 1096 485 548 498 144 123 431 309 206 103 62 611 449 171.5 127 104 182 277.5 577 156 116 421 331 178 105 73 153 111 42 152
internal_count=1533 93 79 52 1440 243 99 75 1197 291 906 279 45 876 584 212 292 262 144 123 188 273 182 91 62 372 242 104 74 51 158 138 338 78 58 260 224 112 54 58 112 70 42 142
is_linear=0
shrinkage=0.08


Tree=88
num_leaves=45
num_cat=0
split_feature=34 35 36 7 37 0 30 4 11 33 16 36 35 4 33 36 30 37 31 16 16 34 23 37 16 35 16 21 17 30 37 7 31 34 37 35 17 13 26 2 36 15 37 26
split_gain=0.181968 2.22589 5.80123 0.93498 0.0991549 0.166621 0.0530361 0.0561973 0.0351314 0.0252982 0.013802 0.136612 0.139527 0.00821975 0.00969583 0.00642396 0.013875 0.0227374 0.0132757 0.0342465 0.00336699 0.00286696 0.00222957 0.00214407 0.00520528 0.00231389 0.00374488 0.0029864 0.00234238 0.00196883 0.00288628 0.00312037 0.0012889 0.00196989 0.00196178 0.00165958 0.00112813 0.00111016 0.00108069 0.00102298 0.000965474 0.00119662 0.00107021 0.000956274
threshold=1.0000000180025095e-35 1.5000000000000002 2.5000000000000004 2.9550000429153447 16.425000000000004 17.070000000000004 1.3 16.505000000000006 9.9450000000000021 1.7000000000000004 6.0273076923076916 1.5000000000000002 1.5000000000000002 17.935000000000006 3.5000000000000004 2.5000000000000004 1.0000000180025095e-35 9.7850000000000019 1.0000000180025095e-35 6.6350000000000016 6.0550000000000024 3.5000000000000004 1.6000000000000003 5.3900000000000015 8.9950000000000028 1.5000000000000002 6.8000000000000025 10.000000000000002 4.5000000000000009 1.0000000000000002 11.575000000000001 9.9200000000000017 1.5000000000000002 19.600000000000005 3.3550000000000004 1.5000000000000002 5.6000000000000005 7.6650000000000009 6.6000000000000005 16.505000000000006 1.5000000000000002 1.6349999999999998 9.7950000000000017 2.8000000000000003
decision_type=2 2 2 2 2 2 2 2 2 2 2 2 2 2 2 2 2 2 2 2 2 2 2 2 2 2 2 2 2 2 2 2 2 2 2 2 2 2 2 2 2 2 2 2
left_child=1 2 3 -1 8 6 -6 -8 10 -9 11 -2 -13 14 -7 18 17 -17 19 -12 -20 -21 -16 24 -18 27 37 28 29 -25 31 -31 34 35 -22 -34 40 -27 43 -39 41 -36 -42 -24
right_child=4 -3 -4 -5 5 13 7 9 -10 -11 15 12 -14 -15 22 16 23 -19 20 21 32 -23 38 25 -26 26 -28 -29 -30 30 -32 -33 33 -35 36 -37 -38 39 -40 -41 42 -43 -44 -45
leaf_value=-0.0066095416030536097 0.0038670208570985203 0.012228967300974405 -0.043615719502170879 0.015721067935228348 0.0074806684705739229 -0.0017483656387776137 0.006352186777318517 0.0035475511554007729 -0.0018227541028625436 -2.2155512852569467e-05 -0.0027182504481805319 -0.0039565216728414485 0.0016031990479677917 0.001406752189089145 0.00071507175782850639 -4.5945931417055626e-05 -0.001251281424282262 0.0028567119547346187 -0.00063949230544526009 0.00076452733929424242 0.00077888739045842408 -0.00026297841878933093 -2.4524665925474395e-05 -0.00032262388875096802 0.00032068536566969545 0.00037002836030138579 -0.00069805349022442217 -0.00034801649141379375 0.00090360181492774982 0.00059305712773368281 0.0010416149953380227 -0.00024415873386065607 -9.6079627097503333e-05 -1.7945141555863865e-05 2.6369088593481193e-06 -0.0008006582572124899 -0.00026143585400217596 -0.00030658181037076496 0.00020110272352273265 0.00018712279626301358 0.00019477326523366514 0.00062977755787752335 -0.00041390240063955046 -0.00076374181905218097
leaf_weight=24 58.5 39 24 24 24 24 24 24 67.5 27 44 52 65 21 24 39 26 31 58 24 28 63 21 32 28 57.5 51 44 43 58 32 56 46 696 33.5 40 51 55 30 52.5 51 46.5 29 24
leaf_count=24 26 30 21 18 24 24 24 24 30 27 24 26 26 21 24 24 26 21 28 24 28 38 21 24 28 26 21 32 33 31 26 28 34 386 16 22 44 22 30 21 28 33 21 24
internal_value=-8.65616e-12 -0.0031637 -0.0115014 0.00455576 0.000152617 0.00168092 0.00420739 0.00315994 -2.78385e-05 0.00165771 3.3029e-05 0.000710482 -0.000867788 -5.60347e-05 -0.000305779 -3.24767e-05 0.000180371 0.00123952 -0.0001389 -0.000899405 -4.65686e-05 2.04714e-05 4.39392e-05 4.17907e-05 -0.000436188 9.54514e-05 -9.88988e-05 0.000253865 0.000373697 0.000245686 0.000370247 0.000181793 -1.28863e-05 -6.25778e-05 0.000149702 -0.000423791 6.62087e-05 8.62944e-05 -0.000170823 -6.54703e-05 0.000170645 0.000367162 -2.58717e-05 -0.000418774
internal_weight=2412 111 72 48 2301 243 99 75 2058 51 1990.5 175.5 117 144 123 1815 605 70 1210 131 1079 87 99 535 54 481 216 265 221 178 146 114 1021 782 239 86 211 165 75 107.5 160 80 80 45
internal_count=1533 93 63 42 1440 243 99 75 1197 51 1167 78 52 144 123 1089 363 45 726 86 640 62 99 318 54 264 90 174 142 109 85 59 612 442 170 56 142 69 75 43 98 49 49 45
is_linear=0
shrinkage=0.08


Tree=89
num_leaves=45
num_cat=0
split_feature=37 0 34 37 34 4 35 16 35 16 37 29 14 30 10 11 36 29 16 30 16 36 16 37 18 16 0 16 35 37 37 21 1 34 16 34 34 23 37 19 34 10 37 17
split_gain=0.195164 4.79641 0.457718 1.41134 0.122562 0.0838787 0.0759648 0.030358 0.178246 0.0213212 0.0169982 0.0146515 0.0257858 0.0110013 0.0104794 0.0069321 0.00584184 0.0118601 0.0158167 0.0100365 0.0240447 0.00368258 0.00272431 0.00196444 0.00343331 0.00446922 0.0030673 0.00419817 0.00497764 0.00190673 0.00300332 0.00217535 0.00752875 0.00269614 0.00163446 0.00173931 0.00172899 0.00155306 0.00218371 0.00310393 0.00234933 0.00213935 0.0016575 0.00394635
threshold=16.425000000000004 16.465000000000003 1.0000000180025095e-35 7.8750000000000009 9.5000000000000053 16.525000000000002 1.5000000000000002 5.9461538461538463 1.5000000000000002 6.0273076923076916 11.964615518129792 0.70000000000000007 9.4400000000000031 2.5000000000000004 9.9450000000000021 8.9750000000000032 2.5000000000000004 1.0000000180025095e-35 6.955000000000001 1.0000000180025095e-35 6.6350000000000016 1.5000000000000002 6.0550000000000024 10.105000000000002 3.7000000000000006 7.0000000000000018 14.200000000000001 7.1300000000000008 1.5000000000000002 9.0050000000000008 9.1850000000000005 5.0000000000000009 16.155000000000005 67.500000000000014 6.8750000000000018 12.000000000000004 25.600000000000005 5.8000000000000007 7.4050000000000011 15.500000000000002 36.300000000000004 7.7300000000000013 5.0400000000000009 5.9000000000000012
decision_type=2 2 2 2 2 2 2 2 2 2 2 2 2 2 2 2 2 2 2 2 2 2 2 2 2 2 2 2 2 2 2 2 2 2 2 2 2 2 2 2 2 2 2 2
left_child=2 -2 3 6 -3 -6 -1 8 -4 -9 -5 -7 13 -13 16 -15 19 18 -18 20 -11 -22 -21 26 25 -25 -19 -28 -29 37 -31 33 -33 34 36 -36 -32 38 39 42 -40 -42 43 -24
right_child=1 4 7 10 5 11 -8 9 -10 14 -12 12 -14 15 -16 -17 17 23 -20 22 21 -23 29 24 -26 -27 27 28 -30 30 31 32 -34 -35 35 -37 -38 -39 40 -41 41 -43 -44 -45
leaf_value=-0.0017855175584554673 -0.03968425691127777 0.0062533189190758596 -0.0049648554260299229 0.014599249904805964 0.0052879546405304048 -0.0020433606216240497 -0.008150621233507991 0.0013173929944542456 0.0015757068355257311 -0.0023235680205239491 0.011919342715825355 -0.0018807986924158676 0.0028152937478097603 -0.00018465575332576861 0.0012644679221198146 0.0014245954892110257 0.0023331092413462384 -0.00082980635323716954 -7.766166415352088e-07 -0.00058833291882584831 0.00043031929856321465 -0.00056065003310019771 -2.7606235957576028e-05 0.00098529856904583466 -0.00028041489954505649 -0.00029099174262955783 -0.00010380450863885926 0.0013779782844257765 -9.1855280678525256e-05 -0.0010264099545842643 0.00079809956438839445 2.8951259296401544e-05 -0.0015365889458917082 -0.00047670933559085385 0.00010424401232420088 -0.00045633520029539419 0.00013424353920491776 -0.00033739550975151361 0.00064280138092945858 -0.00089026480372995139 0.000419937489603303 -0.00017277098097838461 -0.00014671929116540273 0.0011921555296673129
leaf_weight=24 20 27 48 33 21 21 24 81 60 44 28 21 21 93 40.5 21 35.5 30 39 58 48 48 58 59 42 25 320 29 30 23 30 66 28 66 91 58 154 50 83 25 76 80 109 24
leaf_count=24 20 27 24 15 21 21 24 36 24 24 28 21 21 93 18 21 18 30 29 28 33 33 58 39 36 22 143 24 24 10 18 54 18 38 56 38 86 20 36 22 32 32 70 24
internal_value=2.34875e-11 -0.00214017 0.000241966 0.00529403 0.00119708 0.000507598 -0.00496807 -2.56114e-05 -0.00133121 4.66986e-05 0.0133691 -5.9563e-05 0.000207487 -0.000198172 -8.37159e-06 0.000111785 -3.65641e-05 0.00016566 0.00111134 -0.000137676 -0.000774949 -6.51654e-05 -5.49899e-05 3.3971e-05 0.000310162 0.00060545 -5.11147e-05 1.05231e-05 0.000630605 -2.46923e-05 -0.000132846 -9.11588e-05 -0.00043738 -9.59288e-06 8.29888e-05 -0.000113968 0.000242481 8.58175e-05 0.000132324 -5.20299e-05 0.000298938 0.000115984 5.76867e-05 0.000329397
internal_weight=2412 245 2167 109 225 198 48 2058 108 1950 61 177 156 135 1869 114 1828.5 609.5 74.5 1219 140 96 1079 535 126 84 409 379 59 1021 516 493 94 399 333 149 184 505 455 216 239 156 191 82
internal_count=1533 245 1288 91 225 198 48 1197 48 1149 43 177 156 135 1113 114 1095 365 47 730 90 66 640 318 97 61 221 191 48 612 318 308 72 236 198 94 104 294 274 174 100 64 152 82
is_linear=0
shrinkage=0.08


Tree=90
num_leaves=45
num_cat=0
split_feature=34 37 37 37 3 34 11 10 16 14 4 30 13 36 32 37 32 16 36 16 16 36 15 1 35 34 37 37 9 37 37 37 32 8 37 23 34 32 37 37 20 36 33 37
split_gain=0.194317 2.08852 1.36693 0.100056 0.199215 0.116933 0.0311774 0.0181887 0.0164139 0.0161061 0.0139425 0.009727 0.00796364 0.00741486 0.0143005 0.0427632 0.0115412 0.0339142 0.00776567 0.00509526 0.00339763 0.0163276 0.00145412 0.00189038 0.00151693 0.00348362 0.00226084 0.00230206 0.00207166 0.00135659 0.000966089 0.00237088 0.000911524 0.000844797 0.00123495 0.00152184 0.00100527 0.000968798 0.00315303 0.00103607 0.00285575 0.00132484 0.00262888 0.00187171
threshold=1.0000000180025095e-35 9.7850000000000019 2.9500000238418584 16.425000000000004 16.505000000000006 9.5000000000000053 9.9450000000000021 9.8950000000000014 7.0850000000000017 9.4400000000000031 16.765000000000004 37.000000000000007 9.1850000000000005 2.5000000000000004 1.0000000180025095e-35 9.6200000000000028 1.0000000180025095e-35 6.9750000000000023 1.5000000000000002 6.0550000000000024 6.0550000000000024 1.5000000000000002 2.5050000000000003 15.555000000000001 1.0000000180025095e-35 25.600000000000005 3.8950000000000005 7.5300000000000002 10.010000000000002 9.9200000000000017 2.3250000000000006 2.5300000000000007 12.100000000000001 9.9950000000000028 11.035000000000002 6.2000000000000011 60.100000000000009 2.5000000000000004 5.2400000000000011 5.535000000000001 2.5000000000000004 1.5000000000000002 0.70000000000000007 9.6700000000000017
decision_type=2 2 2 2 2 2 2 2 2 2 2 2 2 2 2 2 2 2 2 2 2 2 2 2 2 2 2 2 2 2 2 2 2 2 2 2 2 2 2 2 2 2 2 2
left_child=1 2 -1 6 -5 -6 7 11 9 10 -7 13 32 16 15 -15 17 -2 -19 -16 21 -18 24 -24 25 -21 -26 -28 -29 -25 -22 -32 -12 36 35 -35 37 39 -39 40 -33 42 -41 -43
right_child=3 -3 -4 4 5 8 -8 -9 -10 -11 12 -13 -14 14 19 -17 20 18 -20 22 30 -23 23 29 26 -27 27 28 -30 -31 31 33 -34 34 -36 -37 -38 38 -40 41 -42 43 -44 -45
leaf_value=-0.0029349101175858566 -0.0024003494673250419 -0.01584110243866841 0.021330944970250131 0.0077964126269022627 0.0057530533825909651 0.0013770411060884213 -0.001714455513490571 0.0017118062915993327 -0.0019874208240902849 0.0024569762635621288 0.00013537997780204341 0.0012257848063736785 -0.0017877665055649622 -0.00068924436434393836 0.00071468758497306769 0.0035493666009377622 -0.0012980640059330321 0.0011392570751300756 -0.00055814522237557435 -0.00030581940699798559 -0.0008848539553582669 0.00043603211185700607 0.00060626242330054879 -0.00017464542400426743 0.00046311400163297851 0.0010985545533476397 -0.00086339490410561369 -1.6245695312956831e-06 -0.00055223476178648456 0.00033659599967441467 0.0019415554683655501 -5.8244844777104647e-05 -0.00042889965853343406 0.00031962620751988706 -0.00019994858341912429 -0.00014802452806597118 -0.00030862356086125534 0.00095676197393913755 3.8342332118190825e-06 -0.0008039512744613199 -0.0012033039232483135 0.00054525864648294971 2.1691203849971486e-05 -0.00011571185288788833
leaf_weight=39 53 48 24 30 27 39 67.5 40.5 21 21 57 40.5 21 31.5 69.5 29.5 69.5 34.5 34.5 26 7.9999999999999991 69.5 46 89 30 20 36 143 63 53 3.9999999999999991 46 27 165 66 61 89 24 300 36 20 45.5 78.5 69
leaf_count=39 28 39 15 30 27 39 30 18 21 21 57 18 21 21 32 20 32 27 27 26 8 32 39 37 30 20 30 64 28 30 4 46 27 72 44 26 54 24 172 25 20 22 44 47
internal_value=-2.40387e-11 -0.00326929 0.00630923 0.00015771 0.00169294 0.000833291 -2.35625e-05 3.37775e-05 0.000119132 0.000387239 8.54019e-05 -1.07389e-06 -0.00039435 -2.70952e-05 0.000195849 0.00136058 -0.000138567 -0.000878444 0.000290556 7.23942e-05 -6.01444e-05 -0.000431016 -1.58259e-05 0.000160554 -0.000120101 0.000304778 -0.000191956 -0.000273162 -0.000170015 1.617e-05 -9.20455e-06 -2.22726e-06 -4.59956e-05 -1.00024e-05 0.000104494 0.000193402 -5.7224e-05 -2.10777e-05 7.44215e-05 -0.000125965 -0.000405232 -4.54774e-05 -0.000237899 0.000146945
internal_weight=2412 111 63 2301 243 213 2058 1990.5 186 165 144 1950 105 1909.5 636.5 61 1273 122 69 575.5 1151 139 506 188 318 46 272 242 206 142 1012 1004 84 1000 292 226 708 619 324 295 66 229 114.5 114.5
internal_count=1533 93 54 1440 243 213 1197 1167 186 165 144 1149 105 1131 377 41 754 82 54 336 672 64 304 106 198 46 152 122 92 67 608 600 84 596 142 98 454 400 196 204 66 138 69 69
is_linear=0
shrinkage=0.08


Tree=91
num_leaves=45
num_cat=0
split_feature=37 32 34 37 3 15 35 33 16 35 10 7 23 30 36 32 37 32 16 36 0 16 37 37 37 37 37 19 37 32 37 22 23 34 12 32 32 36 33 33 0 31 15 36
split_gain=0.186645 5.06906 0.426541 1.29062 0.18414 0.118438 0.0493042 0.0466276 0.0249013 0.150867 0.0188935 0.0141292 0.00942857 0.00827359 0.00639393 0.0120969 0.0361947 0.00963099 0.028705 0.00657286 0.00535267 0.00389282 0.00138636 0.00367834 0.00161157 0.00202025 0.00182007 0.00145315 0.00354066 0.00278286 0.00184998 0.00310837 0.00135317 0.00103508 0.000982888 0.000963383 0.000941637 0.00224949 0.00439667 0.00171405 0.00133318 0.00132932 0.00106806 0.00100373
threshold=16.425000000000004 0.3000000000000001 1.0000000180025095e-35 7.8750000000000009 16.505000000000006 1.7861538866850044 1.5000000000000002 0.50000000000000011 5.9461538461538463 1.5000000000000002 9.9350000000000005 9.8350000000000026 1.1000000000000003 37.000000000000007 2.5000000000000004 1.0000000180025095e-35 9.6200000000000028 1.0000000180025095e-35 6.9750000000000023 1.5000000000000002 17.835000000000004 6.0350000000000028 2.2750000000000004 2.5300000000000007 2.9600000238418587 3.8950000000000005 5.3900000000000015 4.2000000000000011 8.2450000000000028 4.2000000000000011 11.575000000000001 14.300000000000002 3.4000000000000004 71.100000000000023 9.8250000000000011 0.70000000000000007 1.5000000000000002 1.5000000000000002 1.0000000180025095e-35 1.0000000180025095e-35 16.155000000000005 1.0000000000000002 2.1950000000000003 1.5000000000000002
decision_type=2 2 2 2 2 2 2 2 2 2 2 2 2 2 2 2 2 2 2 2 2 2 2 2 2 2 2 2 2 2 2 2 2 2 2 2 2 2 2 2 2 2 2 2
left_child=2 -2 3 6 -3 -5 -1 -6 9 -4 13 -9 -13 14 17 16 -16 18 -10 -20 22 -19 -17 -24 -25 -26 -27 30 -29 -30 33 -32 -14 35 36 -28 37 38 -23 -39 -40 43 -41 -38
right_child=1 4 8 5 7 -7 -8 11 10 -11 -12 12 32 -15 15 20 -18 21 19 -21 -22 34 23 24 25 26 27 28 29 -31 31 -33 -34 -35 -36 -37 41 39 40 42 -42 -43 -44 -45
leaf_value=-0.0021358588337898254 -0.040689338255673654 0.0071726996684446931 -0.004547084572259337 0.0090087239018508368 0.004001079748074214 0.016082707345485687 -0.0072637786995619538 -0.0014010212360234518 -0.0022083215366275805 0.0014702328611165287 0.0013588673087457817 0.0014916917773532784 0.0004371851736214012 0.0011277220140636702 -0.000634104868485814 -0.0020987530797719955 0.0032654172769289906 -0.0007879736158582899 0.0010481165102480547 -0.00051349361093066962 0.0010773502083288298 -0.0013183857704727694 0.0024281799513846637 -0.0013106438998753826 0.00084058870121629702 -0.00070177217149951807 -0.00043885361426509919 0.00072529354657639158 -0.0006957824224786412 0.00034507929826421398 0.0010563976422924063 -0.00028979996618415632 -0.00020231303401588876 -0.00048851095460435395 -0.00039415266488989194 -1.1435745283152858e-05 0.00051303557267523981 0.0006680221355950031 -0.00035351700393757859 -0.00033078277120856864 0.00029785577203923216 -1.3700122708022328e-05 0.00021789410312114091 4.4399721818601987e-05
leaf_weight=24 20 30 48 28 21 33 24 36 53 60 67.5 36 30 40.5 31.5 1.9999999999999989 29.5 45 34.5 34.5 31.5 26 3.9999999999999991 5.9999999999999991 18 24 40 55 31 35 23 21 72 46.5 45 216 58.5 26 61 47.5 30 665 43.5 58.5
leaf_count=24 20 30 24 22 21 21 24 36 28 24 30 36 30 18 21 2 20 20 27 27 14 16 4 6 18 24 19 30 23 24 21 21 72 21 20 99 35 16 54 40 15 372 29 35
internal_value=1.89788e-11 -0.00209294 0.000236627 0.0051136 0.00133785 0.0128356 -0.00469982 0.000440184 -2.16775e-05 -0.00120413 4.38122e-05 1.04204e-05 0.000378623 -3.34118e-06 -2.82098e-05 0.000182577 0.00125173 -0.000133603 -0.000808168 0.000267311 6.46418e-05 -5.91939e-05 3.47153e-06 1.15648e-05 -7.18683e-06 8.16301e-06 -2.23226e-05 1.25583e-05 0.000251237 -0.00014381 -7.07898e-05 0.000413894 -1.42253e-05 -0.000141289 -2.82843e-05 -7.82198e-05 -1.20795e-05 -0.000152872 -0.000400914 9.51691e-05 -0.000138779 3.00504e-05 -6.85032e-05 0.000278718
internal_weight=2412 245 2167 109 225 61 48 195 2058 108 1950 174 138 1882.5 1842 614 61 1228 122 69 553 1106 521.5 519.5 515.5 509.5 491.5 467.5 121 66 346.5 44 102 302.5 1061 256 1016 234 117 117 91 782 91 117
internal_count=1533 245 1288 91 225 43 48 195 1197 48 1149 174 138 1119 1101 367 41 734 82 54 326 652 312 310 306 300 282 258 77 47 181 42 102 139 632 118 612 170 85 85 69 442 69 70
is_linear=0
shrinkage=0.08


Tree=92
num_leaves=45
num_cat=0
split_feature=34 37 7 37 0 32 4 11 31 30 37 37 36 4 0 34 3 20 0 33 31 7 33 34 4 3 34 37 37 29 32 34 35 30 31 0 4 35 30 29 11 18 21 20
split_gain=0.204129 1.91849 1.07722 0.100402 0.159217 0.107066 0.127209 0.028447 0.00859582 0.0113259 0.00781022 0.0417317 0.0492626 0.413744 0.270812 0.0376632 0.00825708 0.00638427 0.00505923 0.00311692 0.00235766 0.00240739 0.00198483 0.00318096 0.0019826 0.00336284 0.00195723 0.00535917 0.00571744 0.00419779 0.0106261 0.00323959 0.0031139 0.00228825 0.00171343 0.00162984 0.00549528 0.00509699 0.00133005 0.00132687 0.00132311 0.00128451 0.00127594 0.00107862
threshold=1.0000000180025095e-35 9.7850000000000019 2.9550000429153447 16.425000000000004 17.070000000000004 1.3 16.545000000000005 9.9550000000000018 1.0000000000000002 1.9000000000000001 9.9350000000000005 9.9650000000000016 1.5000000000000002 17.890000000000004 17.680000000000003 74.200000000000017 17.515000000000004 0.3000000000000001 17.890000000000004 3.9000000000000004 8.9000000000000021 10.105000000000002 1.0000000180025095e-35 5.1000000000000023 17.345000000000002 16.195000000000004 6.7000000000000037 5.0400000000000009 9.2250000000000032 0.3000000000000001 0.50000000000000011 14.700000000000005 1.5000000000000002 1.3 4.6000000000000005 14.695000000000002 14.760000000000003 1.5000000000000002 12.300000000000002 0.50000000000000011 7.5250000000000012 1.9000000000000001 2.7000000000000006 11.800000000000002
decision_type=2 2 2 2 2 2 2 2 2 2 2 2 2 2 2 2 2 2 2 2 2 2 2 2 2 2 2 2 2 2 2 2 2 2 2 2 2 2 2 2 2 2 2 2
left_child=1 2 -1 7 5 -5 -7 10 -6 -10 16 -12 14 15 17 22 26 -13 -18 -11 21 42 -14 -24 25 38 27 39 -29 30 -28 32 -31 -34 -32 37 -37 -33 43 -2 -38 -42 -19 -25
right_child=3 -3 -4 4 8 6 -8 -9 9 19 11 12 13 -15 -16 -17 18 20 -20 -21 -22 -23 23 24 -26 -27 29 28 -30 31 34 35 33 -35 -36 36 40 -39 -40 -41 41 -43 -44 -45
leaf_value=-0.0032299321993357606 2.0449281063130391e-05 -0.01540002069125573 0.017908811083546392 0.0088199789791057505 0.0014974727854132654 0.0058464586572387275 -0.00074826295982347805 -0.0018318564924239009 -0.0019456552113184618 0.00096306001501423981 0.0037726859908018798 -0.001188306218797439 0.0006833738106517838 -0.0097452444682962127 0.007241071777320222 0.0023409391538007185 -0.0011148385803328453 -0.00041910661309356656 -0.00015555709214122208 -0.00013064629519013343 -0.0006105816705773274 0.00087519734278321271 -0.00092813562601804737 0.00013930083276396285 -0.0004836441385559738 0.00063939957283825298 0.0016506727925245312 -0.0013931369575528572 -0.00014890782061653833 6.2948856012601603e-05 0.0002975011833656866 0.00034873218085108837 -0.00029221107163244771 -0.0011349962278050774 -0.000309990495176559 0.00098469460144256929 -0.00012396453289381629 -0.0010573310599747031 -0.00058653002103360805 0.00076611821694920468 2.671092119668191e-05 0.00037379470300571673 0.00029564740069238754 -0.00047341024164449083
leaf_weight=36 42 48 27 24 21 39 36 54 21 21 21 38 26 28 38 52 73.5 31 67.5 81 30 25 24 112 40 60 34.5 39 60 57 78 33 42 40.5 48 39 283.5 33 26 24 316.5 87 33 22
leaf_count=36 42 39 18 24 21 39 36 24 21 21 9 29 22 14 19 30 30 25 27 81 22 14 22 92 20 32 15 30 27 36 48 33 24 18 24 36 135 33 20 24 135 36 28 22
internal_value=-8.33176e-14 -0.00335082 0.00582953 0.000161643 0.00169952 0.00416923 0.00268099 -1.99433e-05 1.59777e-06 -0.000253796 2.88807e-05 0.000268758 0.000142976 -0.000376129 0.00118119 0.000348554 -7.51006e-05 -0.000285536 -0.000655608 9.45285e-05 2.74406e-06 0.000209483 1.4347e-05 -4.6902e-05 3.44427e-05 0.00012864 -9.98404e-06 -0.000266795 -0.000639059 2.88197e-05 0.00040669 -3.62884e-05 -0.000391772 -0.000705942 6.60758e-05 2.63252e-05 6.09274e-05 -0.000354299 -6.28945e-05 0.000291602 8.48646e-06 0.000101547 -5.05616e-05 3.87065e-05
internal_weight=2412 111 63 2301 243 99 75 2058 144 123 2004 606 585 390 195 362 1398 157 141 102 119 89 310 284 260 220 1257 165 99 1092 160.5 931.5 139.5 82.5 126 792 726 66 160 66 687 403.5 64 134
internal_count=1533 93 54 1440 243 99 75 1197 144 123 1173 420 411 274 137 260 753 118 57 102 89 67 230 208 186 166 696 123 57 573 87 486 78 42 72 408 342 66 134 66 306 171 53 114
is_linear=0
shrinkage=0.08


Tree=93
num_leaves=45
num_cat=0
split_feature=37 4 34 37 32 2 15 35 16 35 3 0 37 0 31 13 13 37 35 19 4 32 19 32 0 32 32 37 22 22 32 29 32 32 20 31 32 26 23 32 33 32 8 9
split_gain=0.179118 4.94428 0.400047 1.19505 0.12071 0.120058 0.0902891 0.0417311 0.024494 0.142779 0.0169107 0.0213986 0.0135996 0.00948948 0.00978637 0.00917564 0.00353147 0.00288614 0.00145283 0.00461492 0.00639241 0.00733527 0.00376815 0.00430282 0.010531 0.00321398 0.00293252 0.00240292 0.00236117 0.00356745 0.0021201 0.00209885 0.00204173 0.0018583 0.00166673 0.00164654 0.00157605 0.00138488 0.00358608 0.00110248 0.00108522 0.00096105 0.000823709 0.00111299
threshold=16.425000000000004 16.455000000000002 1.0000000180025095e-35 7.8750000000000009 0.70000000000000007 16.495000000000001 1.7861538866850044 1.5000000000000002 5.9461538461538463 1.5000000000000002 17.630000000000006 17.875000000000004 9.9550000000000018 16.590000000000003 1.0000000000000002 9.4850000000000012 8.7750000000000004 16.185000000000006 1.5000000000000002 15.500000000000002 16.175000000000004 0.50000000000000011 17.200000000000006 1.0000000180025095e-35 16.415000000000003 12.100000000000001 2.5000000000000004 10.875000000000002 5.4000000000000012 20.500000000000004 6.9000000000000012 7.5000000000000009 26.500000000000004 6.1000000000000005 12.900000000000002 1.0000000180025095e-35 8.9000000000000021 5.4000000000000012 5.4000000000000012 12.100000000000001 22.000000000000004 2.1000000000000005 10.105000000000002 9.8750000000000018
decision_type=2 2 2 2 2 2 2 2 2 2 2 2 2 2 2 2 2 2 2 2 2 2 2 2 2 2 2 2 2 2 2 2 2 2 2 2 2 2 2 2 2 2 2 2
left_child=2 -2 3 7 -3 -6 -5 -1 9 -4 17 12 -12 -7 -15 16 39 18 22 20 25 -22 23 24 35 26 28 -24 -20 -30 -28 36 34 -33 37 -10 41 38 40 -16 42 -23 43 -25
right_child=1 4 8 6 5 13 -8 -9 10 -11 11 -13 -14 14 15 -17 -18 -19 19 -21 21 31 27 32 -26 -27 30 -29 29 -31 -32 33 -34 -35 -36 -37 -38 -39 -40 -41 -42 -43 -44 -45
leaf_value=-0.0021293705701828005 -0.04016872418671847 0.0055837141531002192 -0.0044432013397939351 0.0090441874414682391 0.0062322422542742317 -0.00165632803652746 0.01522060549620426 -0.0068470567030211298 -0.00049163642774025602 0.001410600266729792 0.00066898273517532897 -0.0001584244448185703 0.0025886300206184386 0.001658001145614045 5.4738880921432978e-05 -0.0017334248444863729 0.0010273918651399158 -0.00073648656401524527 -0.00016635689460163121 -0.00097545523144718679 -0.00091115843154715773 -0.00035205880897464577 0.0012386652465081877 -6.2802732300429429e-05 0.0017631830523411433 0.00086025769952484355 -0.00050551465163246173 0.00017135050596186408 0.0011231140556862984 0.0001611256554085565 0.00022487373277544975 0.00045894764646611834 -0.00069226577505469313 -8.7106813879635848e-05 -0.00049080538708302706 0.00034653144174565874 -0.00056137726400737407 -0.00052002148951093359 0.00081215576824939092 -0.00059162282491646086 0.00043763323531796541 2.5270901736803354e-05 -0.00032286177307628747 0.00021884095871396232
leaf_weight=24 20 36 48 28 21 24 33 24 30 60 48 81 46.5 21 57 21 21 36 37.5 36 82.5 67.5 27 423 30 46.5 58.5 27 43.5 57 45 67.5 30 97.5 45 30 67.5 30 36 24 33 120 57 114
leaf_count=24 20 36 24 22 21 24 21 24 24 24 21 36 21 21 57 21 21 36 33 27 33 27 21 309 15 24 36 24 30 39 27 27 18 39 33 27 27 15 18 24 18 48 33 63
internal_value=1.74197e-11 -0.0020503 0.000231806 0.00495489 0.00133801 0.0005293 0.0123855 -0.00448821 -1.83478e-05 -0.00119109 4.6604e-05 0.000795727 0.00161357 -0.000183568 6.18924e-05 -0.000210614 0.000102906 -2.74851e-05 -1.28034e-05 -8.96254e-05 -4.9284e-05 -0.00022151 5.68165e-05 1.60212e-05 0.000539359 0.000251215 0.000133946 0.000705008 0.000375371 0.000577509 -0.000187954 -8.60437e-05 -4.53075e-05 0.000136279 -1.90084e-05 -7.25525e-05 -0.0002299 1.16278e-05 3.56843e-05 -0.000136776 -8.89778e-06 -0.000110568 -3.37051e-05 -3.01245e-06
internal_weight=2412 245 2167 109 225 189 61 48 2058 108 1950 175.5 94.5 168 144 123 102 1774.5 1738.5 826.5 790.5 502.5 912 858 90 288 241.5 54 138 100.5 103.5 420 768 165 738 60 255 693 663 81 627 187.5 594 537
internal_count=1533 245 1288 91 225 189 43 48 1197 48 1149 78 42 168 144 123 102 1071 1035 417 390 201 618 573 66 189 165 45 102 69 63 168 507 66 489 51 102 456 441 81 423 75 405 372
is_linear=0
shrinkage=0.08


Tree=94
num_leaves=45
num_cat=0
split_feature=37 30 4 32 37 36 36 3 0 0 32 11 37 26 36 5 0 0 32 32 28 37 11 26 22 28 29 29 18 37 0 0 32 37 35 18 14 26 37 31 29 18 37 32
split_gain=0.151605 4.43657 0.150659 0.104587 0.298469 0.758104 0.735207 4.56418 0.798137 0.158745 0.0946435 0.0262491 0.0128535 0.0469856 0.0897773 0.203312 0.194958 0.0112693 0.012955 0.0169373 0.00902612 0.00898514 0.0213689 0.00849119 0.00284482 0.00172275 0.0014829 0.00188483 0.00139367 0.00291013 0.00842872 0.00157549 0.00136703 0.00252605 0.00158881 0.00130522 0.00120789 0.00112577 0.00101436 0.00195468 0.00114736 0.000928155 0.00129367 0.00128955
threshold=16.425000000000004 1.0000000180025095e-35 16.505000000000006 1.0000000180025095e-35 7.8750000000000009 1.5000000000000002 2.5000000000000004 16.415000000000003 13.895000000000001 13.265000000000002 0.50000000000000011 9.9550000000000018 11.760384615384618 5.8000000000000007 2.5000000000000004 10.025 17.745000000000001 16.575000000000003 2.3000000000000003 3.9000000000000004 20.400000000000002 11.345000000000002 9.8950000000000014 9.5000000000000018 48.300000000000004 54.20000000000001 27.500000000000004 12.300000000000002 19.300000000000004 4.8450000000000006 14.280000000000003 13.56 0.70000000000000007 9.2250000000000032 1.5000000000000002 3.0000000000000004 7.8200000000000012 6.6000000000000005 7.5050000000000008 6.1000000000000005 1.0000000180025095e-35 2.1000000000000005 9.6700000000000017 3.1000000000000005
decision_type=2 2 2 2 2 2 2 2 2 2 2 2 2 2 2 2 2 2 2 2 2 2 2 2 2 2 2 2 2 2 2 2 2 2 2 2 2 2 2 2 2 2 2 2
left_child=3 -2 -3 4 5 -1 7 8 -6 -7 -4 12 21 14 16 24 36 -12 -19 -20 -21 22 23 25 -16 26 27 28 29 30 31 35 33 34 -31 -5 -14 -22 39 -34 -40 42 -29 -43
right_child=1 2 10 11 6 9 -8 -9 -10 -11 17 -13 13 -15 15 -17 -18 18 19 20 37 -23 -24 -25 -26 -27 -28 41 -30 32 -32 -33 38 -35 -36 -37 -38 -39 40 -41 -42 43 -44 -45
leaf_value=-0.011405040655817305 -0.037994560949504375 0.0073142089873241877 0.0056903689438920647 0.00068408553372137251 -0.0017590011757177611 0.0071665039189974782 -0.0035843460466111858 0.01924277229946764 -0.022285308599928201 -0.00048103337886890301 0.0013510765405071929 -0.0017442839189984458 0.00011483041565827142 0.0024092135833802099 0.00064543594880139127 -0.0091791227851063025 0.008475217994651757 -0.0018681167535207891 0.0017176070226899659 -0.0019295522731928422 -0.00040378024056553842 -0.0012027576113385814 0.0017625454937418303 -0.000827234987443113 -0.0004921561833665086 -0.00051357889440895499 -0.00047831644545550701 -0.00018897950028379758 -0.00046961876533620445 -0.00032698922429699447 0.0017079329257830979 -0.00053982940119264337 9.8512889623331525e-05 -0.00058671750689450754 0.00047742362388155681 -7.7555666535368401e-05 -0.00055834743578452625 0.0002480683527448071 -0.00022638486190723679 -0.00048224385462555233 7.529005832401564e-05 0.00012953023073395691 0.00040488489100645329 0.00076220980690171322
leaf_weight=35 20 24 21 24 24 32 62 76.5 24.5 38 33 54 116 66 34 20 20 27 30 21 30 42 42 88.5 24 43.5 40.5 51 43.5 30 24 24 72 78 33 36 20 39 94.5 76.5 552 40.5 43.5 42
leaf_count=32 20 24 21 24 24 32 39 38 17 32 33 24 116 33 34 15 10 27 30 21 30 21 18 36 24 18 21 24 36 27 24 24 45 36 15 36 20 39 42 36 252 18 21 24
internal_value=-1.05113e-11 -0.00188627 0.00132335 0.000213261 0.00162161 -0.00179169 0.00353816 0.00707093 -0.012128 0.00301498 0.000608025 -6.06495e-06 4.54803e-05 0.000524055 -7.65659e-06 -0.00222371 0.00110037 1.50847e-05 -0.000284832 7.14073e-05 -0.000477326 -4.89132e-05 -1.61468e-05 -6.81336e-05 0.000174708 -1.83149e-05 -1.80615e-06 1.34557e-05 -2.59481e-05 -7.46179e-06 0.000385746 7.9779e-06 -5.28319e-05 -0.000282402 9.43699e-05 0.000227101 1.58337e-05 -3.53441e-05 -1.21157e-05 -0.000200665 3.11937e-05 0.000255556 8.43866e-05 0.000451622
internal_weight=2412 245 225 2167 292 105 187 125 48.5 70 201 1875 1821 300 234 78 156 180 147 120 90 1521 1479 1437 58 1348.5 1305 1264.5 1087.5 1044 108 84 936 141 63 60 136 69 795 148.5 646.5 177 94.5 82.5
internal_count=1533 245 225 1288 214 96 118 79 41 64 201 1074 1050 252 219 73 146 180 147 120 90 798 777 759 58 723 705 684 597 561 108 84 453 78 42 60 136 69 375 81 294 87 45 42
is_linear=0
shrinkage=0.08


Tree=95
num_leaves=45
num_cat=0
split_feature=34 1 36 36 37 4 34 11 37 16 0 16 33 33 16 14 31 14 30 34 37 34 33 36 33 37 19 0 36 0 19 33 29 29 26 36 11 22 19 37 21 29 31 37
split_gain=0.219327 1.89306 3.11318 1.1055 0.117271 0.194868 0.189597 0.0220111 0.0110486 0.0369132 0.0231199 0.0093702 0.0214532 0.0118069 0.0090081 0.0049501 0.00509683 0.00329678 0.00221274 0.00218865 0.0153803 0.00491921 0.00712095 0.00431837 0.00637607 0.00232464 0.00448292 0.00245256 0.00694813 0.00337596 0.00184103 0.00203052 0.0016747 0.00162302 0.00140899 0.00143241 0.00134413 0.00190532 0.00143511 0.00110581 0.00177371 0.00174681 0.00146111 0.000999843
threshold=1.0000000180025095e-35 16.415000000000003 1.5000000000000002 2.5000000000000004 16.425000000000004 16.505000000000006 9.5000000000000053 9.9450000000000021 9.9200000000000017 6.0273076923076916 17.860000000000003 6.785000000000001 1.9000000000000001 2.1000000000000005 6.0350000000000028 9.5150000000000023 2.1000000000000005 8.3850000000000033 2.3000000000000003 5.1000000000000023 5.2800000000000002 10.900000000000004 1.7000000000000004 1.5000000000000002 1.0000000180025095e-35 4.1100000000000003 5.9000000000000012 15.195000000000002 1.5000000000000002 14.760000000000003 0.90000000000000013 1.0000000180025095e-35 2.5000000000000004 12.800000000000002 6.6000000000000005 1.5000000000000002 7.8800000000000008 17.800000000000008 4.5000000000000009 9.7950000000000017 4.5000000000000009 7.5000000000000009 2.3000000000000003 8.8450000000000006
decision_type=2 2 2 2 2 2 2 2 2 2 2 2 2 2 2 2 2 2 2 2 2 2 2 2 2 2 2 2 2 2 2 2 2 2 2 2 2 2 2 2 2 2 2 2
left_child=1 2 -1 -4 7 -6 -7 8 14 10 -10 12 -8 -13 -2 19 32 30 -14 20 23 22 -21 -16 -25 26 -23 28 -27 -30 31 -11 -17 36 35 -20 37 -32 -39 40 41 43 -42 -29
right_child=4 -3 3 -5 5 6 11 -9 9 17 -12 13 18 -15 15 16 -18 -19 34 21 -22 25 -24 24 -26 27 -28 39 29 -31 33 -33 -34 -35 -36 -37 -38 38 -40 -41 42 -43 -44 -45
leaf_value=-0.018695117174568822 -0.00084813650630605533 -0.02236338713994393 0.02406678599321236 0.0014402146035662063 0.007866127324601015 0.0072439572353053972 0.0027593059804556625 -0.0014494452851789969 0.0029140466919132307 0.00092157366064687571 0.00037941369061757414 -0.0023154379205689544 0.00072617873416415282 0.00021378339613201442 0.0010767675628169226 0.00010820454855759939 -0.0010915497124746995 -0.00077418355147043855 0.00013499832665547727 -0.00016231204926346737 -0.0019803779172124685 5.5235492375989755e-05 0.0017576203444132619 -0.0011427947798316989 0.0006341893482021988 -0.00059896087287387891 -0.0014155424460546957 -0.00027131291660701946 0.00035815125273074954 0.0016473406725204909 0.00051471235009591543 0.00017592320463555896 -0.00048951580818673525 -0.0005956707128013174 0.00021527487325430331 -0.00069419238297268747 -0.00040829004576573008 -0.00032270020990946447 0.00015336276147060008 -0.00037328149095022431 0.00059139814913376342 0.00011273207971780543 9.220550200197756e-05 1.8163123168051244e-05
leaf_weight=29.5 97.5 26 29.5 26 30 27 21 67.5 51 27 42 21 21 27 26 67.5 54 30 20 24 27 36 25.5 24 28 26 21 210 26 26 54 174 54 30 36 40 39 66 105 48 54 255 123 120
leaf_count=27 39 14 27 25 30 27 21 30 24 24 21 21 21 27 26 30 24 18 20 24 15 36 18 24 28 25 21 84 26 24 33 117 24 24 36 40 24 54 87 24 24 108 60 57
internal_value=-3.72213e-11 -0.00347332 0.00230482 0.013467 0.000167552 0.00182961 0.0009794 -2.86967e-05 1.94824e-05 0.000300365 0.00176937 7.00285e-05 0.000404908 -0.000892751 -0.000106991 -5.03155e-05 -0.000444865 4.01401e-05 -1.76759e-05 1.26617e-05 -0.000334705 4.93369e-05 0.000826744 0.000234951 -0.000185957 8.61556e-06 -0.00048663 4.0405e-05 0.000468844 0.00100275 8.9493e-05 0.000276085 -0.000157449 -3.80751e-05 -0.000180394 -0.000417795 2.5288e-05 0.000100442 -3.03808e-05 -8.52089e-07 2.2608e-05 -4.4529e-05 0.000244502 -0.000166049
internal_weight=2412 111 85 55.5 2301 243 213 2058 1990.5 618 93 186 138 48 1372.5 1275 175.5 525 117 1099.5 105 994.5 49.5 78 52 945 57 888 78 52 495 201 121.5 294 96 60 264 225 171 810 762 585 177 330
internal_count=1533 93 79 52 1440 243 213 1197 1167 426 45 186 138 48 741 702 78 381 117 624 93 531 42 78 52 489 57 432 75 50 363 141 54 222 96 60 198 174 141 357 333 249 84 141
is_linear=0
shrinkage=0.08


Tree=96
num_leaves=45
num_cat=0
split_feature=34 2 36 2 16 4 34 13 36 11 16 14 30 36 36 30 33 30 31 33 0 30 14 34 36 33 36 29 1 9 30 36 30 36 19 33 17 36 21 33 0 29 19 34
split_gain=0.185639 2.44706 2.291 2.84412 0.0213701 0.0492541 0.0159395 0.0167006 0.0497619 0.254866 0.142422 0.028121 0.0256725 0.0271102 0.0103767 0.00975033 0.00919526 0.00819765 0.00645424 0.00390924 0.00319892 0.00315945 0.0017701 0.00166248 0.00104343 0.000987927 0.00159746 0.000979658 0.00173447 0.00111722 0.00110696 0.00225569 0.00122825 0.000912915 0.0040945 0.00258452 0.00212943 0.00125673 0.000793707 0.000774338 0.000741553 0.000688048 0.000467564 0.000435551
threshold=1.0000000180025095e-35 16.415000000000003 1.5000000000000002 11.984999656677248 5.9761538461538457 17.845000000000002 119.60000000000004 8.2800000000000011 1.5000000000000002 9.8950000000000014 6.0311538461538472 8.0300000000000029 0.3000000000000001 2.5000000000000004 1.5000000000000002 0.3000000000000001 0.3000000000000001 32.100000000000001 3.1000000000000005 3.7000000000000006 16.575000000000003 3.1000000000000005 9.5150000000000023 0.80000000000000016 2.5000000000000004 5.3000000000000016 2.5000000000000004 3.7000000000000006 16.185000000000006 10.010000000000002 3.5000000000000004 1.5000000000000002 10.500000000000002 1.5000000000000002 0.3000000000000001 5.9000000000000012 1.0000000180025095e-35 2.5000000000000004 13.900000000000002 5.9000000000000012 14.950000000000001 27.500000000000004 5.0000000000000009 46.100000000000009
decision_type=2 2 2 2 2 2 2 2 2 2 2 2 2 2 2 2 2 2 2 2 2 2 2 2 2 2 2 2 2 2 2 2 2 2 2 2 2 2 2 2 2 2 2 2
left_child=1 2 -1 -4 5 14 7 11 9 15 -10 23 13 -12 -2 -9 -14 -8 19 21 -17 -18 -22 -6 -16 26 -20 28 30 -30 33 -32 -33 34 -25 36 37 -35 41 42 -37 -29 -36 -40
right_child=4 -3 3 -5 6 -7 17 8 10 -11 12 -13 16 -15 24 20 18 -19 25 -21 22 -23 -24 27 -26 -27 -28 38 29 -31 31 32 -34 35 39 40 -38 -39 43 -41 -42 -43 -44 -45
leaf_value=0.02138876493704521 -0.0008905525214353262 -0.024672461759585599 0.010495120204053819 -0.025844442236657238 0.001145774153733833 -0.0028343794284143831 0.0005522707913593023 0.0013042942572131075 -0.0043206794149327002 0.00738858974599219 0.00026591978026459917 -0.0023026424375447363 0.001188866605304859 0.0029136180745983364 0.00042350832487807259 0.00033372070829195159 -0.0012473122936419467 0.0019141888904921484 0.00014593144419131342 0.00015557955527170138 -0.00079296452954846926 -0.00028860850090330298 -2.5825500246379284e-05 0.0010585113313528851 0.0010124948311161686 8.8518740552844425e-05 0.00087469930560993292 4.2199433649700418e-05 0.0005569983958972223 0.0001406591274690899 -0.00062106815889349267 0.00045978046083987203 -0.00015626901690408867 -0.00015551483219799898 -4.7108994574466746e-05 0.00086831624939804903 6.0626860106671892e-05 -0.00097420607421857609 -0.00010115867232282955 -0.00042667226684166162 0.00023263321217635404 -0.0002939552653004371 0.00041550254798494279 -0.00049468436402579151
leaf_weight=29.5 38.5 26 30 25.5 8.9999999999999982 49.5 66 44 44 38.5 49.5 33 44 49.5 38.5 71.5 44 49.5 38.5 44 38.5 44 38.5 33 38.5 66 38.5 540 82.5 82.5 43.5 34 53 24 33.5 24 127 24 45 20.5 23 42 24 30
leaf_count=27 21 14 30 22 9 27 36 24 24 21 27 18 24 27 21 39 24 27 21 24 21 24 21 33 21 36 21 324 45 45 30 24 36 24 30 24 108 24 27 18 18 27 18 27
internal_value=2.25301e-12 -0.00319545 0.00337399 -0.00620144 0.000154148 -0.000723042 0.000221909 0.000169658 0.000487989 0.0014467 8.63391e-06 3.47924e-06 0.000464351 0.00158977 0.000181817 0.00025832 0.000115084 0.00113595 -5.67218e-05 -0.000460114 -5.15986e-05 -0.00076796 -0.000409395 6.2268e-05 0.000718002 0.00031564 0.000510315 5.46822e-05 0.000126086 0.000348829 4.67924e-05 -0.000150699 8.4486e-05 0.000124188 0.000311514 3.05246e-05 -0.000110935 -0.00056486 -1.36242e-05 -4.524e-06 0.000557237 1.79408e-05 0.000145981 -0.000258569
internal_weight=2412 111 85 55.5 2301 165 2136 2020.5 693 231 462 1327.5 418 99 115.5 192.5 319 115.5 275 132 148.5 88 77 1294.5 77 143 77 1285.5 628.5 165 463.5 130.5 87 333 111 222 175 48 657 78 47 582 57.5 75
internal_count=1533 93 79 52 1440 90 1350 1287 378 126 252 909 228 54 63 105 174 63 150 72 81 48 42 891 42 78 42 882 477 90 387 90 60 297 99 198 156 48 405 66 42 351 48 54
is_linear=0
shrinkage=0.08


Tree=97
num_leaves=45
num_cat=0
split_feature=34 2 36 2 37 30 2 11 0 0 37 16 0 11 14 31 28 34 36 37 19 34 36 30 30 0 5 34 32 32 2 29 0 28 31 17 29 29 30 23 37 37 37 15
split_gain=0.157124 2.07119 1.93911 2.40726 0.0984127 0.16635 0.079774 0.0217969 0.0173947 0.0378916 0.0103819 0.032779 0.0190925 0.00713963 0.00654445 0.0048405 0.00443293 0.00440615 0.00274641 0.0132188 0.00497843 0.00223646 0.00209488 0.0138859 0.011155 0.024659 0.00243634 0.00271787 0.00210329 0.00719421 0.00164586 0.00160742 0.00142074 0.00137363 0.00136549 0.00129106 0.00126464 0.00136107 0.00124427 0.00227066 0.00143602 0.00115641 0.00113149 0.00192953
threshold=1.0000000180025095e-35 16.415000000000003 1.5000000000000002 11.984999656677248 16.425000000000004 0.3000000000000001 16.495000000000001 9.9450000000000021 17.070000000000004 16.590000000000003 9.9200000000000017 6.0273076923076916 17.860000000000003 9.8950000000000014 9.4050000000000029 2.1000000000000005 54.700000000000003 35.100000000000009 2.5000000000000004 16.175000000000004 0.3000000000000001 3.5000000000000004 2.5000000000000004 1.0000000180025095e-35 1.0000000180025095e-35 16.375000000000004 5.2000000000000002 11.500000000000002 0.50000000000000011 1.0000000180025095e-35 16.175000000000004 0.50000000000000011 15.280000000000003 16.100000000000005 1.3 0.3000000000000001 1.0000000000000002 0.3000000000000001 11.900000000000002 1.6000000000000003 12.720000000000001 13.265000000000002 9.7850000000000019 1.3899999999999995
decision_type=2 2 2 2 2 2 2 2 2 2 2 2 2 2 2 2 2 2 2 2 2 2 2 2 2 2 2 2 2 2 2 2 2 2 2 2 2 2 2 2 2 2 2 2
left_child=1 2 -1 -4 7 -6 -7 10 9 -8 14 12 -12 17 16 31 22 -10 19 21 -20 -13 24 -24 25 -2 -25 -28 29 -26 -22 -16 -29 -34 41 -36 37 -30 39 40 -37 -23 -38 -44
right_child=4 -3 3 -5 5 6 8 -9 13 -11 11 18 -14 -15 15 -17 -18 -19 20 -21 30 34 23 26 28 -27 27 32 36 -31 -32 -33 33 -35 35 38 42 -39 -40 -41 -42 -43 43 -45
leaf_value=0.019677664142543988 0.00041765990127858369 -0.022698663954551401 0.0096555105134223905 -0.023776886883903954 0.0079872677040596814 0.0056598319290649323 -0.00061120025675605847 -0.0014517806084067733 -0.0013136658986054716 0.0034298870610919869 0.002706768717251572 0.00076401464614229129 0.00040345686665248308 0.0013380122991899649 9.9237582956751189e-05 -0.0010417809713476648 -0.00057902418739265871 -3.4380416806622331e-05 0.00093452881840575073 -0.0017595967734398853 -0.00023684449010187577 -0.00065317902084001725 0.0016309486237681798 -0.00069193012994946915 0.0013991593074363967 -0.0025041408746296337 0.0011958110375473133 0.00048157391293595232 -3.4891343908384445e-05 -0.0001511631457943399 0.00036234621945768595 -0.00047319232163329925 -0.00016130967970867766 0.00028881114761270915 -0.00018285057789302971 0.00071322037865791251 7.8470953656514976e-05 -0.00074772640503942972 0.00063189684180542827 -0.00047913931659422816 3.3676125700973597e-05 -2.5940033245003888e-06 0.0001254908058961684 -0.00063730211383322395
leaf_weight=29.5 38 26 30 25.5 24 21 27 67.5 21 33 51 26 42 21 54 75 90 96 54 28 71 34 37 30 30 36 12.999999999999998 36 40 53 50 75 187 56.5 76 34 407 30 36 32 48 36 44 41
leaf_count=27 32 14 30 22 24 21 27 30 21 33 24 24 21 21 24 33 36 96 37 28 62 20 24 30 24 16 10 34 24 40 28 33 84 23 40 18 210 22 24 16 48 36 22 20
internal_value=1.66209e-11 -0.00293982 0.00310407 -0.00570532 0.000141816 0.00166438 0.000971466 -3.79621e-05 0.000474215 0.0016114 9.98201e-06 0.000282258 0.00166656 -2.02119e-05 -0.000112617 -0.000530707 -3.96254e-05 -0.000263996 3.70386e-05 -9.23448e-05 0.000295805 5.26337e-05 5.38702e-06 0.000163066 -7.34526e-05 -0.00100376 -5.34195e-06 6.50773e-05 3.328e-05 0.000409194 1.0755e-05 -0.000233571 1.24851e-05 -5.68669e-05 -9.8525e-06 8.57749e-05 -2.22376e-05 -0.000340392 0.000221879 9.2399e-05 0.000315438 -0.000318592 2.30282e-05 -0.000242445
internal_weight=2412 111 85 55.5 2301 243 219 2058 198 60 1990.5 618 93 138 1372.5 204 1168.5 117 525 350 175 322 1078.5 359.5 719 74 322.5 292.5 645 83 121 129 279.5 243.5 296 226 562 70 150 114 82 70 492 85
internal_count=1533 93 79 52 1440 243 219 1197 198 60 1167 426 45 138 741 90 651 117 381 254 127 226 615 205 410 48 181 151 362 64 90 57 141 107 202 146 298 46 106 82 66 56 252 42
is_linear=0
shrinkage=0.08


Tree=98
num_leaves=45
num_cat=0
split_feature=37 32 34 37 15 4 37 33 16 37 3 36 5 16 26 33 14 36 32 31 32 36 37 31 37 36 14 37 32 31 37 37 21 37 15 16 36 18 37 37 37 15 29 16
split_gain=0.168021 4.34327 0.430287 1.41795 0.199909 0.166775 0.0353212 0.0290112 0.0198952 0.142947 0.0137838 0.117698 0.176568 0.00697689 0.0151989 0.00818352 0.00572764 0.0214653 0.070443 0.0209348 0.0033627 0.00477921 0.00604006 0.0013953 0.00104988 0.00150363 0.00317144 0.00111256 0.000833721 0.00121871 0.0020682 0.00437234 0.00400943 0.0019978 0.00243113 0.00179516 0.00220922 0.00272671 0.00112504 0.00404134 0.00286853 0.00203023 0.00146204 0.000982339
threshold=16.425000000000004 0.3000000000000001 1.0000000180025095e-35 7.8750000000000009 1.7861538866850044 16.505000000000006 2.9200000381469731 0.50000000000000011 5.9461538461538463 11.703076923076924 17.630000000000006 2.5000000000000004 11.784230769230772 6.6750000000000016 1.1000000000000003 3.5000000000000004 8.3850000000000033 2.5000000000000004 1.0000000180025095e-35 0.3000000000000001 1.0000000180025095e-35 1.5000000000000002 7.8500000000000005 0.3000000000000001 15.4 1.5000000000000002 7.7750000000000012 14.695000000000002 1.7000000000000004 1.0000000000000002 4.1100000000000003 6.3050000000000006 5.6000000000000005 7.4050000000000011 2.6899999999999999 6.7500000000000018 1.5000000000000002 2.3000000000000003 7.9050000000000011 5.535000000000001 5.0400000000000009 2.1715384615384621 0.50000000000000011 6.4650000000000007
decision_type=2 2 2 2 2 2 2 2 2 2 2 2 2 2 2 2 2 2 2 2 2 2 2 2 2 2 2 2 2 2 2 2 2 2 2 2 2 2 2 2 2 2 2 2
left_child=2 -2 3 6 -5 -3 -1 -7 9 -4 16 12 -12 14 -9 -15 20 18 -18 -19 21 -10 -23 -20 27 -26 -27 28 38 -30 32 -32 -31 34 -33 43 -37 -38 39 40 42 -40 -22 -35
right_child=1 5 8 4 -6 7 -8 13 10 -11 11 -13 -14 15 -16 -17 17 19 23 -21 24 22 -24 -25 25 26 -28 -29 29 30 31 33 -34 35 -36 36 37 -39 41 -41 -42 -43 -44 -45
leaf_value=-0.0073333872947841886 -0.037712384004145866 0.0067428368193407848 0.0015113584076364836 0.0082449717606816984 0.01743538164731228 0.0031444283415164266 -0.0029931160931785899 0.0023243204087373755 0.0012949262297479436 -0.0043458784484634331 0.0060959720843368108 -0.0022299449387778582 -0.0002920497079483337 -0.001722008267900458 -7.3619296188177216e-05 8.9823885355144745e-05 -0.0031843940420317116 0.0019948729942826666 -0.00044007936492562294 -0.00010110510556303241 -0.00038294415983060998 -0.00078370899377789877 0.00078293508280896488 2.1024866802026593e-05 -0.00019440221254869055 2.4360726917317756e-05 0.0012115961390857894 -0.00049651980105166636 0.00033307111539833401 0.0002426352562560212 0.00089760254188958144 -0.00074622133329588301 -0.0013206440755831345 3.1660259120105051e-05 9.5052235678488783e-06 -0.00014954140787530276 8.6735787970775911e-05 0.00096763321451599825 0.00015699386194859062 0.00062460100685123997 -0.00091393711899096777 -0.00048542018234729771 0.0003732435588931872 -0.0002836131963592309
leaf_weight=24 20 30 60 28 33 21 24 21 32 48 45 58.5 72 27 87 39 58 42.5 54 108 30 28 36 189 30 36 24 30 81 21 36 48 21 334.5 63 45 44 46 46.5 49.5 30 97.5 36 78
leaf_count=24 20 30 24 22 21 21 24 21 27 24 20 26 32 27 87 39 28 20 24 48 30 28 26 84 30 36 24 30 48 21 36 30 21 150 27 27 24 30 39 27 30 54 36 36
internal_value=-6.7223e-12 -0.00198577 0.000224511 0.00512285 0.0132168 0.00118992 -0.00516325 0.00033563 -3.49251e-05 -0.00109186 2.36127e-05 0.00069994 0.00216488 -3.36346e-06 0.000392647 -0.00065138 -4.32768e-05 -0.000289308 -0.000679354 0.000490782 4.06864e-05 0.000496661 9.75283e-05 -8.14427e-05 5.01108e-06 0.000268036 0.000499255 -1.58088e-05 -2.78142e-06 3.85335e-05 6.14036e-06 3.91081e-05 -0.000539004 -7.82556e-06 -0.000317295 5.49163e-05 0.000308134 0.000536972 -0.000119448 3.74438e-05 -0.000265309 -0.000277974 2.95219e-05 -2.79551e-05
internal_weight=2412 245 2167 109 61 225 48 195 2058 108 1950 175.5 117 174 108 66 1774.5 451.5 301 150.5 1323 96 64 243 1227 90 60 1137 1107 817.5 736.5 694.5 42 658.5 111 547.5 135 90 289.5 145.5 96 144 66 412.5
internal_count=1533 245 1288 91 43 225 48 195 1197 48 1149 78 52 174 108 66 1071 204 136 68 867 81 54 108 786 90 60 696 666 450 402 360 42 324 57 267 81 54 216 123 96 93 66 186
is_linear=0
shrinkage=0.08


Tree=99
num_leaves=45
num_cat=0
split_feature=34 2 36 2 35 15 34 34 10 11 0 35 16 32 33 13 32 36 0 2 36 29 18 11 0 22 16 17 18 29 22 34 34 34 19 0 36 29 29 36 12 13 18 32
split_gain=0.169424 1.8192 1.63148 2.11772 0.0470093 0.0805547 0.113816 0.0336373 0.0254373 0.0134157 0.0823069 0.00894544 0.0328546 0.00888648 0.00916995 0.0068456 0.0142316 0.00723141 0.0154114 0.0118391 0.00620817 0.0142751 0.0059632 0.00554512 0.0042374 0.00471907 0.00316753 0.00271407 0.00255314 0.00250723 0.0024524 0.00232736 0.00510401 0.00217977 0.00301958 0.0018722 0.00157437 0.00150632 0.00375275 0.00246339 0.00349583 0.00146977 0.00207613 0.00129281
threshold=1.0000000180025095e-35 16.415000000000003 1.5000000000000002 11.984999656677248 1.0000000180025095e-35 0.72499999999999976 9.5000000000000053 119.60000000000004 9.9550000000000018 8.1550000000000029 16.465000000000003 1.5000000000000002 6.0273076923076916 6.9000000000000012 5.3000000000000016 8.1900000000000031 0.50000000000000011 1.5000000000000002 17.310000000000006 17.845000000000002 2.5000000000000004 1.0000000180025095e-35 15.500000000000002 7.9050000000000011 16.805000000000003 10.600000000000003 6.6850000000000014 3.7000000000000006 4.5000000000000009 2.1000000000000005 57.000000000000007 9.5000000000000053 4.6000000000000023 10.500000000000005 0.3000000000000001 16.440000000000001 1.5000000000000002 1.3 2.8000000000000003 1.5000000000000002 7.6650000000000009 7.5750000000000002 1.7000000000000004 13.300000000000002
decision_type=2 2 2 2 2 2 2 2 2 2 2 2 2 2 2 2 2 2 2 2 2 2 2 2 2 2 2 2 2 2 2 2 2 2 2 2 2 2 2 2 2 2 2 2
left_child=1 2 -1 -4 5 6 -2 9 11 23 -11 12 -6 14 -12 22 -17 18 -18 26 28 -22 30 27 25 35 -19 37 31 -27 33 32 -14 34 -13 -23 -30 -7 -39 -40 -41 -35 -43 -33
right_child=4 -3 3 -5 8 7 -8 -9 -10 10 13 15 20 -15 -16 16 17 19 -20 -21 21 24 -24 -25 -26 29 -28 -29 36 -31 -32 43 -34 41 -36 -37 -38 38 39 40 -42 42 -44 -45
leaf_value=0.01781378741991722 0.0074352098780649679 -0.021570611492945601 0.0089385771887997793 -0.022418795286440384 0.0018403640539488859 5.3797451428313188e-05 8.9655226717392603e-05 0.0036044409426505722 -0.0017487620977960803 0.0055799749635514762 0.002006303125637628 4.6137208759723262e-05 0.00016547133672672014 -0.0008853152184150158 -0.00013217000445971887 -0.0014642538904315898 0.0001858510707059632 -0.00068753455313188693 -0.001709955925033206 0.0010337990308180451 0.0020452997830278916 -0.0010257913044563706 -0.00096692934114899908 -0.0012196752003261022 0.00065824941854872223 0.00093339328204506431 2.9995168248812357e-05 -0.00018073404785051632 -6.981552241486497e-05 -1.6422971637676593e-05 0.00065212476577970291 -4.9639132079876052e-05 -0.0012149264032777865 -0.00016776314567109929 0.0012275422321011624 -0.00019749727728776635 0.00056503680776804688 0.0014881094687041782 -0.00038908881523335971 2.6555582548358611e-05 0.0014113703507464379 -1.828526781173423e-05 0.00056624094858056021 -0.00050749406582959323
leaf_weight=29.5 27 26 30 25.5 72 69 27 21 54 21 21 36 30 39 33 67.5 57.5 70 52.5 60 29 31 36 21 72 29 90 108 50 46 46.5 278 40 213 22.5 40 50 21 24 28 20 150 52.5 46
leaf_count=27 27 14 30 22 36 69 27 21 24 21 21 36 28 39 33 27 23 28 21 24 18 20 27 21 36 20 36 108 33 30 33 148 22 114 18 20 33 21 24 28 20 60 21 24
internal_value=3.89174e-11 -0.00305271 0.00261159 -0.00546886 0.000147263 0.000851563 0.00376243 0.00048258 -3.8385e-05 0.000320705 0.00105634 1.38846e-05 0.00020887 3.48759e-05 0.000699458 -0.000152282 -0.000405845 -0.000189352 -0.000718966 7.54549e-05 5.0344e-05 0.000377819 2.88343e-05 3.25179e-05 0.000155998 -9.16882e-05 -0.000283924 0.000129911 -0.000113393 0.000350839 9.77056e-05 -0.000205019 -0.000623327 4.33163e-05 0.000500524 -0.000559147 0.000247611 0.000337007 0.00054713 0.000272678 0.000603562 -2.10558e-05 0.000133259 -0.000114643
internal_weight=2412 111 85 55.5 2301 480 54 426 1821 405 114 1767 813 93 54 954 397.5 330 110 220 741 247 556.5 291 218 146 160 270 494 75 520.5 394 70 474 58.5 71 100 162 93 72 48 415.5 202.5 324
internal_count=1533 93 79 52 1440 480 54 426 960 405 114 936 468 93 54 468 159 132 44 88 432 144 309 291 126 90 64 270 288 50 282 222 50 249 54 40 66 162 93 72 48 195 81 172
is_linear=0
shrinkage=0.08


Tree=100
num_leaves=45
num_cat=0
split_feature=37 4 34 37 15 32 0 35 10 37 26 36 0 5 0 0 22 36 14 32 16 4 32 32 31 11 10 16 14 23 22 31 19 37 37 37 20 14 33 17 16 16 1 20
split_gain=0.159968 4.3775 0.398002 1.34147 0.196241 0.150621 0.0746908 0.0298958 0.0215875 0.0090932 0.0382721 0.0461165 0.169764 0.163932 0.0197687 0.00907395 0.00719448 0.00611579 0.0161494 0.0305675 0.0143707 0.00945919 0.010665 0.00647626 0.00607021 0.00953533 0.00306064 0.00263862 0.00236315 0.00175983 0.00124112 0.00118056 0.00109039 0.0042547 0.00263079 0.00195294 0.00200352 0.00108067 0.00107556 0.000836844 0.000760896 0.000967883 0.000724226 0.000664985
threshold=16.425000000000004 16.455000000000002 1.0000000180025095e-35 7.8750000000000009 1.7861538866850044 0.70000000000000007 16.475000000000005 1.5000000000000002 9.9550000000000018 11.575000000000001 5.8000000000000007 2.5000000000000004 17.745000000000001 10.065000000000003 16.195000000000004 16.590000000000003 6.8000000000000007 2.5000000000000004 8.1850000000000023 1.0000000180025095e-35 6.0350000000000028 17.650000000000002 1.0000000180025095e-35 1.0000000180025095e-35 1.3 9.5600000000000005 8.9750000000000032 6.0550000000000024 7.8350000000000009 8.7000000000000011 4.0000000000000009 0.3000000000000001 5.9000000000000012 7.0900000000000007 4.8450000000000006 7.4800000000000013 2.3000000000000003 8.6700000000000017 8.9000000000000021 3.7000000000000006 6.1050000000000013 6.1150000000000011 16.475000000000005 7.0000000000000009
decision_type=2 2 2 2 2 2 2 2 2 2 2 2 2 2 2 2 2 2 2 2 2 2 2 2 2 2 2 2 2 2 2 2 2 2 2 2 2 2 2 2 2 2 2 2
left_child=2 -2 3 7 -5 -3 -7 -1 9 17 11 12 14 16 30 -8 -13 18 23 -20 -21 22 -19 -4 -17 26 29 -25 32 -26 -11 -22 34 -34 -24 -36 -37 -30 39 -32 -29 -42 -33 -18
right_child=1 5 8 4 -6 6 15 -9 -10 10 -12 13 -14 -15 -16 24 43 21 19 20 31 -23 28 27 25 -27 -28 40 37 -31 38 42 33 -35 35 36 -38 -39 -40 -41 41 -43 -44 -45
leaf_value=-0.0030782778809467955 -0.037804697338491677 0.0059932405416232848 0.00096800008674820324 0.0078766970336437234 0.016982401501048693 0.0048454090926264015 -0.001655207289052972 -0.0070713275019079445 -0.0016088611508409182 0.0007138244598172605 0.0020265033838546111 0.0016785326094832271 0.0076420436295447872 -0.0075307262248613619 -0.0025249915707390757 0.0011864101617538837 0.00012274372417495812 0.0011612112898379565 -0.0023569648248074507 -0.0013228987270433987 -0.000365863675079136 0.0012500438575997299 0.00083053084032144394 -0.00096866506669256419 0.0001209739621998252 -0.0017556860739187823 0.00097839524215530792 0.00029793928597461096 -0.00052887171957123754 -0.00073572038273726184 0.00017542142712045461 -0.00023015836978124247 -0.0009271029742845034 0.00035710435012976325 -0.00037908516365499925 0.00059587905593713731 -4.1547751888358521e-05 -0.00012704010387280524 0.00059573735808953648 -0.00028780142606895726 -0.00048103531283602395 9.0828707980361963e-06 0.00013238381371587698 -0.00047688167192973198
leaf_weight=24 20 36 46 28 33 21 24 24 54 22 72 20 20 22 20 24 29 50 54 70 54 46 32 18 57 21 21 55 75.5 21 52 45 29.5 37.5 50.5 51.5 81.5 99 20 48 27 574 163 20
leaf_count=24 20 36 36 22 21 21 24 24 24 22 36 20 10 16 18 24 29 30 24 28 24 19 32 8 57 21 21 24 33 21 52 20 25 19 31 24 37 44 20 48 12 340 72 20
internal_value=-2.18786e-12 -0.0019376 0.000219064 0.00493006 0.0128027 0.00125058 0.000347221 -0.0050748 -3.04488e-05 1.20832e-05 0.000385775 -4.69451e-05 0.000688282 -0.0015174 -0.000170207 -0.000215053 0.000399893 -6.56283e-05 -0.00017424 -0.000591747 -0.000304633 0.000151596 5.19339e-05 4.95893e-05 2.49731e-05 -0.000207314 0.000121128 -1.30915e-05 -6.94313e-05 -0.000109675 0.000161453 -3.25771e-05 7.35458e-05 -0.00020833 0.000161182 4.44568e-05 0.000205275 -0.000300898 6.01849e-05 -4.69255e-05 1.31285e-05 -1.29357e-05 5.39492e-05 -0.000122001
internal_weight=2412 245 2167 109 61 225 189 48 2058 2004 345 273 182 91 162 168 69 1659 1106 386 332 553 507 720 144 120 99 674 457 78 142 262 282.5 67 215.5 183.5 133 174.5 120 100 656 601 208 49
internal_count=1533 245 1288 91 43 225 189 48 1197 1173 291 255 170 85 160 168 69 882 588 168 144 294 275 420 144 120 99 384 245 78 142 116 168 44 124 92 61 77 120 100 376 352 92 49
is_linear=0
shrinkage=0.08


Tree=101
num_leaves=45
num_cat=0
split_feature=34 35 0 35 37 4 34 16 35 2 36 37 25 0 33 14 12 4 36 29 31 29 29 37 13 20 36 33 0 37 22 37 14 23 37 19 19 31 22 37 20 36 33 35
split_gain=0.1794 1.79348 4.42288 0.290814 0.0981616 0.197268 0.15309 0.0186766 0.136796 0.0110373 0.0840457 0.21953 0.0188292 0.0102192 0.0195078 0.0075322 0.0036188 0.0160556 0.00721393 0.00963697 0.00353553 0.00271417 0.00159514 0.00118643 0.0012511 0.00107873 0.00297822 0.00218954 0.00176246 0.00145859 0.00179045 0.000871277 0.000852921 0.000780991 0.000778112 0.00474017 0.00460381 0.00266153 0.00274234 0.00218871 0.00165834 0.00120532 0.00359347 0.00108098
threshold=1.0000000180025095e-35 1.5000000000000002 16.415000000000003 1.0000000180025095e-35 16.425000000000004 16.485000000000003 9.5000000000000053 5.9461538461538463 1.5000000000000002 17.545000000000005 1.5000000000000002 11.703076923076924 1.6000000000000003 16.575000000000003 1.0000000000000002 9.5150000000000023 8.1550000000000029 16.475000000000005 2.5000000000000004 1.3 0.3000000000000001 1.3 32.100000000000001 15.4 7.8500000000000005 0.50000000000000011 2.5000000000000004 1.0000000180025095e-35 14.200000000000001 10.085000000000003 9.3000000000000025 14.695000000000002 7.7750000000000012 8.7000000000000011 7.4050000000000011 17.200000000000006 17.200000000000006 5.9000000000000012 54.300000000000004 6.6650000000000009 2.1000000000000005 1.5000000000000002 2.1000000000000005 1.5000000000000002
decision_type=2 2 2 2 2 2 2 2 2 2 2 2 2 2 2 2 2 2 2 2 2 2 2 2 2 2 2 2 2 2 2 2 2 2 2 2 2 2 2 2 2 2 2 2
left_child=1 2 3 -1 7 -6 -7 8 -2 16 -11 12 -12 -8 -15 33 22 -18 20 -20 -19 -22 23 25 -25 26 27 -9 -28 30 -29 32 34 -16 36 40 37 38 41 -39 -36 -27 -43 -42
right_child=4 -3 -4 -5 5 6 13 9 -10 10 11 -13 -14 14 15 -17 17 18 19 -21 21 -23 -24 24 -26 31 28 29 -30 -31 -32 -33 -34 -35 35 -37 -38 39 -40 -41 43 42 -44 -45
leaf_value=0.0096219408760468157 -0.00423531265812926 0.010675608283625199 -0.038666308894753455 -0.0028320156348248323 0.0085576035703221962 0.0065579953900089969 0.0012804213342949367 0.00090096224539188883 0.0014945347855488459 0.0028927069264981483 0.0026668992535548008 -0.0055362980212084944 0.00041422444512136282 -0.002435040974191257 7.4212683093113202e-05 0.0015794094780548699 -0.0016889840711293549 -0.00082708840408863941 0.0013404923912299716 -6.0861380529740468e-05 -0.00060281125000781488 1.6019696823930667e-05 -0.00054180621976653736 0.00015031830311509903 0.0008208924803572397 0.0003842976398947132 -0.00071268650641043987 0.0001266065421514213 2.1796251741656359e-05 -0.00020801150078477806 0.00077163806451218471 -0.00044308845861814916 -0.00027653901444541081 -0.00037909446879186564 0.00028002582745683411 0.00090972352772951133 -0.001022581997521532 7.5545325291867575e-05 0.00074115176554969558 -0.00072697161472049258 -0.00019082924212682163 -0.00081452076577988915 0.00032286609848961235 0.0001093908109178301
leaf_weight=24 48 39 24 24 24 27 39 36 60 67.5 47 40 48 21 75 21 43.5 65 46 99 63 162 30 69 24 36 30 80 69 40 42 30 67.5 36 106.5 40.5 30 43.5 46.5 43.5 213 32 40 120
leaf_count=24 24 30 15 24 24 27 39 36 24 30 20 20 20 21 75 21 21 30 21 44 28 72 15 69 24 30 30 48 38 28 24 30 30 36 54 27 30 39 33 21 129 32 28 48
internal_value=-3.25439e-12 -0.0031413 -0.0106255 0.00339496 0.000151536 0.00167216 0.000917592 -2.80129e-05 -0.00105206 2.87038e-05 0.000587816 -0.000564629 0.00152871 0.00012441 -0.00017026 0.000190047 -3.60861e-05 -0.000223566 -7.70237e-05 0.000383706 -0.000307388 -0.000157253 3.46064e-05 4.85632e-05 0.00032337 2.62621e-05 0.000157491 0.000336624 -0.000200774 0.000211215 0.000348667 -1.96448e-05 -4.13408e-06 -7.28059e-05 2.03334e-05 8.15559e-05 -8.79052e-05 2.82038e-05 0.000227497 -0.000325713 5.24009e-06 6.33976e-06 -0.000182639 -8.26418e-05
internal_weight=2412 111 72 48 2301 243 219 2058 108 1950 202.5 135 95 192 153 132 1747.5 478.5 435 145 290 225 1269 1239 93 1146 297 198 99 162 122 849 819 111 751.5 480 271.5 241.5 154.5 87 439.5 108 72 333
internal_count=1533 93 63 48 1440 243 219 1197 48 1149 90 60 40 192 153 132 1059 216 195 65 130 100 843 828 93 735 204 136 68 100 72 531 501 111 471 258 213 183 123 60 231 90 60 177
is_linear=0
shrinkage=0.08


Tree=102
num_leaves=45
num_cat=0
split_feature=37 0 34 37 15 34 34 35 11 37 26 36 5 0 2 31 0 37 11 16 22 14 6 34 34 15 32 36 33 21 34 0 15 32 36 33 17 37 31 37 37 1 10 33
split_gain=0.152209 4.25204 0.366567 1.26548 0.187555 0.109592 0.0714717 0.0423798 0.0218282 0.0103239 0.0460954 0.0402483 0.156951 0.148109 0.0180594 0.00838991 0.0121591 0.00786416 0.0127613 0.00804256 0.00622071 0.00254249 0.00250404 0.00239012 0.00183164 0.00866723 0.00728268 0.00297527 0.00439334 0.00160463 0.0012086 0.000990159 0.00148204 0.000835261 0.00296441 0.00202804 0.00130571 0.00120011 0.00117947 0.00166464 0.00129343 0.000946064 0.000706631 0.000655133
threshold=16.425000000000004 16.465000000000003 1.0000000180025095e-35 7.8750000000000009 1.7861538866850044 9.5000000000000053 119.60000000000004 1.5000000000000002 9.9550000000000018 11.760384615384618 5.8000000000000007 2.5000000000000004 10.065000000000003 17.745000000000001 16.185000000000006 1.7000000000000004 17.070000000000004 11.345000000000002 9.8950000000000014 6.0350000000000028 17.800000000000008 9.5150000000000023 10.770000000000001 9.2000000000000046 5.1000000000000023 1.9073076923076921 1.0000000180025095e-35 1.5000000000000002 1.0000000180025095e-35 1.0000000180025095e-35 10.900000000000004 17.820000000000004 3.1650000000000005 1.5000000000000002 1.5000000000000002 0.70000000000000007 17.200000000000006 8.5250000000000004 1.0000000000000002 8.1550000000000029 4.1100000000000003 16.155000000000005 8.8000000000000025 5.0000000000000009
decision_type=2 2 2 2 2 2 2 2 2 2 2 2 2 2 2 2 2 2 2 2 2 2 2 2 2 2 2 2 2 2 2 2 2 2 2 2 2 2 2 2 2 2 2 2
left_child=2 -2 3 7 -5 -3 15 -1 9 17 11 13 20 14 29 -7 -17 18 19 -4 -13 24 -18 -23 25 -21 -26 -27 -29 -11 -31 32 -24 34 41 -36 38 -37 39 -35 -40 -28 -42 -32
right_child=1 5 8 4 -6 6 -8 -9 -10 10 -12 12 -14 -15 -16 16 22 -19 -20 21 -22 23 31 -25 26 27 33 28 -30 30 43 -33 -34 36 35 37 -38 -39 40 -41 42 -43 -44 -45
leaf_value=-0.0026054542511701586 -0.037239402614533901 0.0060333556488708223 -0.00077652989786404839 0.0075654850261551998 0.016467385093371076 -0.00095944733860401006 0.0050128295884600705 -0.0073596698387215533 -0.001612958630753888 0.00074943853416092074 0.0023168788195559475 0.001415546702531477 -0.00767330945993308 0.0071364239305257791 -0.0024173729263711721 0.0017942216553686497 -0.00064748526224866511 -0.00114490741686452 0.0013401911019779314 -0.0015955616241576625 -0.00017931311916456454 -0.0001084588198594887 0.00095165696527276715 -0.00076030993040789063 0.00096002560703172576 0.00075233675376103638 -0.000302861654986693 -0.0010723321415328732 0.00035020015343572154 -0.00053498681471683088 -1.8504027262209884e-06 -9.5324434158909654e-05 1.2142503900187355e-06 0.00058717563001932035 0.00051844677021510382 9.2236623038641284e-05 0.00045602832642523041 -0.00049921985891823836 -0.00049336823751218613 -5.919232324231416e-05 -2.6597377255032036e-05 -0.00090516892040059681 0.00024152551993619704 0.00044385499630152482
leaf_weight=24 20 27 97.5 28 33 39 21 24 54 24 66 24 20 20 20 30 30 42 42 25.5 45 108 21 54 52.5 28.5 35.5 24 33 20 62 36 21 51 43 54 43.5 37 36 51 712.5 31.5 69 32
leaf_count=24 20 27 39 22 21 39 21 24 24 24 33 24 15 10 20 30 30 21 18 18 45 48 21 24 30 26 26 24 28 20 62 36 21 30 28 34 36 18 36 24 336 14 30 32
internal_value=-9.22731e-12 -0.00189002 0.000213685 0.00473481 0.0123813 0.00125214 0.00060016 -0.00498256 -2.57719e-05 1.69966e-05 0.000423749 -4.42162e-05 -0.00143328 0.000650317 -0.000170709 7.66229e-05 0.000369425 -6.40617e-05 -3.61946e-05 -7.26207e-05 0.000375421 -2.6544e-05 -2.63513e-05 -0.000325743 9.96833e-06 -0.000301122 3.83539e-05 8.49384e-05 -0.000248761 0.000154894 2.97272e-05 0.000212546 0.000476436 -3.21632e-06 -0.00015155 6.56929e-05 2.77443e-05 -0.000148246 7.48289e-06 0.000263992 -2.45219e-05 -0.000586036 -2.92434e-06 0.000149879
internal_weight=2412 245 2167 109 61 225 198 48 2058 2004 333 267 89 178 158 177 138 1671 1629 1587 69 1489.5 108 162 1327.5 111 1216.5 85.5 57 138 114 78 42 1164 201 134 963 91 919.5 102 817.5 67 781.5 94
internal_count=1533 245 1288 91 43 225 198 48 1197 1173 285 252 84 168 158 177 138 888 867 849 69 810 108 72 738 96 642 78 52 138 114 78 42 612 120 80 492 52 456 54 402 40 366 94
is_linear=0
shrinkage=0.08


Tree=103
num_leaves=45
num_cat=0
split_feature=34 35 15 37 4 32 37 11 37 26 36 6 1 2 37 12 16 15 33 1 14 15 1 23 34 15 32 36 33 31 20 16 37 18 36 16 37 34 8 33 27 37 33 33
split_gain=0.187132 1.84289 1.53281 0.0969932 0.212027 0.127968 0.0260915 0.019179 0.00848888 0.0390152 0.0340662 0.133098 0.125359 0.0152855 0.00674021 0.0125634 0.00677198 0.00650593 0.0056157 0.00535496 0.00275108 0.00187112 0.0016145 0.00159363 0.0015503 0.00733595 0.00616406 0.00251827 0.00371852 0.00142446 0.000924106 0.000778438 0.00224139 0.00439023 0.00338689 0.00595958 0.00224707 0.00218861 0.000799416 0.000725355 0.000718545 0.000723252 0.00144436 0.000902145
threshold=1.0000000180025095e-35 1.0000000180025095e-35 1.7950000762939455 16.425000000000004 16.515000000000004 0.70000000000000007 2.9200000381469731 9.9450000000000021 11.760384615384618 5.8000000000000007 2.5000000000000004 10.065000000000003 17.835000000000004 16.185000000000006 11.345000000000002 9.8550000000000022 6.0350000000000028 0.84499999999999897 2.5000000000000004 15.280000000000003 9.5150000000000023 2.1715384615384621 17.070000000000004 8.7000000000000011 5.1000000000000023 1.9073076923076921 1.0000000180025095e-35 1.5000000000000002 1.0000000180025095e-35 2.1000000000000005 1.0000000180025095e-35 6.6850000000000014 7.4800000000000013 21.000000000000004 1.5000000000000002 6.9300000000000015 6.3050000000000006 34.100000000000009 9.8950000000000014 5.0000000000000009 5.4000000000000012 7.7300000000000013 3.3000000000000003 3.3000000000000003
decision_type=2 2 2 2 2 2 2 2 2 2 2 2 2 2 2 2 2 2 2 2 2 2 2 2 2 2 2 2 2 2 2 2 2 2 2 2 2 2 2 2 2 2 2 2
left_child=1 -1 6 7 -5 -6 -3 8 14 10 12 19 13 30 15 16 -2 -7 -19 21 24 -12 -20 -24 25 -18 -26 -27 -29 -22 -10 40 33 36 -34 -36 37 -33 -38 -32 41 42 -28 -43
right_child=3 2 -4 4 5 17 -8 -9 9 -11 11 -13 -14 -15 -16 -17 20 18 22 -21 29 -23 23 -25 26 27 31 28 -30 -31 39 32 34 -35 35 -37 38 -39 -40 -41 -42 43 -44 -45
leaf_value=-0.020146192232767743 -0.00071440752328206332 -0.0071250436117961296 0.018205875413758416 0.0076275344111138227 0.0050712010316136813 -0.0012404638975858689 -0.0034959945338778197 -0.0013499132873559438 0.00059369136850970488 0.0021315284673420884 0.00029198478247659905 -0.0070649493597447878 0.0065655099153518678 -0.00222398311807774 -0.0010533146001398563 0.0011560077009605126 -0.0014679167799505532 0.0012636344542815573 -0.00079064225423194109 0.0012819573234766721 -0.00015770804050757928 -0.00075573862805322276 0.00018375973597155987 -0.00051023533133169011 0.00088322353380776582 0.00069214981898926863 -0.00027866204543148772 -0.00098654556883654245 0.00032218413215807896 -0.00068815552526050152 -8.4039229826885279e-05 4.5348477891335886e-05 -0.00017750429499853381 -0.0010031259786337614 0.00017805460183059469 0.0013067915714345874 -0.00049296699254773558 0.00082715386002691401 -3.3459377608128955e-05 0.0003570568984415492 0.00015360559378233221 -1.8198019445127418e-05 0.00024816240501725889 -0.0002444870237986062
leaf_weight=30 97.5 21 28 33 36 30 32 67.5 24 66 24 20 20 20 42 55.5 25.5 21 21 25 81 20 72 30 52.5 28.5 51 24 33 54 80 75 79.5 30 119 40 45 33 52.5 34 90 211.5 96 241.5
leaf_count=30 39 21 16 33 36 30 26 30 24 33 24 15 10 20 21 24 18 21 21 25 36 20 72 30 30 26 24 24 28 24 80 75 38 30 54 22 27 33 21 34 39 96 42 111
internal_value=-2.21936e-11 -0.00320828 0.00306502 0.000154767 0.00166631 0.000729551 -0.00493392 -2.37102e-05 2.12628e-05 0.000389849 -4.06789e-05 -0.00131862 0.000598292 -0.000157052 -5.27879e-05 -2.67761e-05 -6.88559e-05 -0.000168721 5.45589e-05 0.000346983 -2.58191e-05 -0.000184253 -0.000151869 -2.03565e-05 9.17086e-06 -0.000277033 3.52856e-05 7.81433e-05 -0.00022886 -0.000369887 0.000142503 -2.95902e-06 7.59744e-05 -9.90943e-05 0.000248841 0.000462014 3.28812e-05 0.000284233 -0.00024554 4.75158e-05 -5.71829e-05 -8.88011e-05 6.53866e-05 -0.000138836
internal_weight=2412 111 81 2301 243 210 53 2058 1990.5 333 267 89 178 158 1657.5 1615.5 1560 174 144 69 1462.5 44 123 102 1327.5 111 1216.5 85.5 57 135 138 1164 474 235.5 238.5 159 205.5 108 97.5 114 690 600 147 453
internal_count=1533 93 63 1440 243 210 47 1197 1167 285 252 84 168 158 882 861 837 174 144 69 798 44 123 102 738 96 642 78 52 60 138 612 300 186 114 76 156 108 48 114 312 273 66 207
is_linear=0
shrinkage=0.08


Tree=104
num_leaves=45
num_cat=0
split_feature=34 37 15 37 4 32 4 37 15 36 37 3 14 32 32 16 30 25 4 32 2 35 15 0 0 3 0 25 37 16 8 37 12 12 0 0 17 37 34 32 29 37 19 0
split_gain=0.158388 1.5965 1.38683 0.082095 0.179509 0.105535 0.0190053 0.0158017 0.0103623 0.00785703 0.0127689 0.0294329 0.0127506 0.042849 0.00886305 0.00640747 0.0119252 0.0117747 0.00500097 0.00444863 0.00325167 0.00319798 0.00135617 0.00417558 0.00146589 0.00181632 0.00147365 0.00114286 0.00104863 0.00582784 0.00514802 0.000968993 0.000892295 0.000902344 0.000853138 0.000710017 0.000684056 0.000625383 0.00300111 0.00227184 0.000611927 0.000599124 0.000579134 0.00053975
threshold=1.0000000180025095e-35 11.97499990463257 1.7950000762939455 16.425000000000004 16.505000000000006 0.70000000000000007 17.955000000000002 2.935000061988831 -0.15000000000000033 2.5000000000000004 11.575000000000001 16.155000000000005 8.3850000000000033 1.0000000180025095e-35 1.0000000180025095e-35 6.6750000000000016 2.1000000000000005 1.6000000000000003 17.745000000000001 1.0000000180025095e-35 16.920000000000005 1.5000000000000002 2.3550000000000009 15.195000000000002 13.425000000000002 14.055000000000001 14.515000000000002 6.6000000000000005 11.760384615384618 6.0550000000000024 10.065000000000003 9.8250000000000011 7.6950000000000012 7.6050000000000013 14.200000000000001 15.195000000000002 0.3000000000000001 9.0550000000000015 44.500000000000007 7.1000000000000005 17.100000000000005 7.8950000000000005 3.0000000000000004 14.005000000000001
decision_type=2 2 2 2 2 2 2 2 2 2 2 2 2 2 2 2 2 2 2 2 2 2 2 2 2 2 2 2 2 2 2 2 2 2 2 2 2 2 2 2 2 2 2 2
left_child=1 2 7 6 -5 -6 8 -1 -2 12 14 34 19 -14 -11 17 -17 -7 -15 21 -18 -10 24 -24 -16 -26 -27 -19 29 -21 42 41 33 40 -12 -36 -34 39 -39 -25 43 -28 -30 -31
right_child=3 -3 -4 4 5 15 -8 -9 9 10 11 -13 13 18 22 16 20 27 -20 28 -22 -23 23 37 25 26 31 -29 30 32 -32 -33 36 -35 35 -37 -38 38 -40 -41 -42 -43 -44 -45
leaf_value=-0.0035833848170004783 0.0012938676452563134 -0.021218615919351577 0.016749406467591012 0.0073267583291356762 0.0046655050168434783 0.0020147411835690341 -0.0012228759842706316 -0.0062022229463889675 0.00025497890426777302 0.0010846559740602972 0.00029678069822363219 0.0025844260276191768 -0.0025034351017454576 2.5617174715513272e-05 0.00058561061232467184 -0.001992450733151701 -0.00054930069415907686 -0.00042285817723052623 -0.00073038487708092573 -0.0010774843643109005 0.00076759921716681382 0.001423084490428058 0.0012455754560467445 0.00019089348683202709 -0.0010895660183658559 0.00050521901203319432 -0.00039701202200560629 0.00017855381271580145 -0.00023620552814531106 0.00020869062709001203 0.0011303906751175721 -0.00054045593747255078 3.0292971776081968e-05 -0.00038920678695042926 -0.00066050121688022046 1.3599058846011758e-05 0.00033272865331835218 -0.00034044597065076233 0.00060233668285481477 -0.00051656473528447692 0.00029840535207374674 -4.092601491156388e-05 0.00011953524704949814 -7.8097944469412883e-05
leaf_weight=30 40.5 24 28 30 36 21 81 29 40 50 22 45 58 252 15.999999999999998 27 24 39 72 33 24 24 19 67.5 13.999999999999998 20 39.5 42 54 48 30 45.5 117 45 20 20 81 40 47 51 37 129 64 336
leaf_count=30 18 24 16 30 36 21 36 23 36 30 22 31 28 112 16 27 24 39 32 14 24 18 18 30 14 20 17 42 54 48 24 22 52 20 20 20 36 20 22 22 20 57 64 204
internal_value=1.05713e-11 -0.00295162 0.00208756 0.000142386 0.00153301 0.000716988 -2.18133e-05 -0.00487061 2.73956e-05 9.08583e-07 0.000228799 0.00102701 -0.000113036 -0.000500868 7.01936e-05 -8.60997e-05 -0.000647427 0.000326641 -0.000142383 4.99464e-05 0.000109149 0.000693018 -3.36408e-05 0.000110906 -0.00015656 -0.000204442 -0.000151486 -0.000111015 1.24039e-06 -3.9826e-05 0.000194641 -0.000212861 1.17443e-05 -4.87062e-05 -0.000103369 -0.000323451 0.000154017 5.99754e-06 0.000168873 -0.000113582 -1.23106e-05 -0.0001244 -4.32614e-05 -4.22494e-05
internal_weight=2412 111 87 2301 243 213 2058 59 1977 1936.5 645.5 107 1291 382 538.5 177 75 102 324 909 48 64 488.5 224.5 264 248 234 81 845 697 148 214 664 466 62 40 198 205.5 87 118.5 421 168.5 118 384
internal_count=1533 93 69 1440 243 213 1197 53 1161 1143 381 93 762 172 288 177 75 102 144 590 48 54 258 112 146 130 116 81 536 394 142 96 380 292 62 40 88 94 42 52 272 74 118 252
is_linear=0
shrinkage=0.08


Tree=105
num_leaves=45
num_cat=0
split_feature=37 34 34 37 4 35 32 11 37 26 0 37 11 29 0 4 7 37 26 3 0 14 37 14 14 34 23 34 18 33 33 33 17 31 20 22 29 4 34 17 31 32 19 20
split_gain=0.164635 4.03653 0.375339 1.09901 0.174505 0.0334636 0.02033 0.017203 0.00651586 0.0320607 0.0106641 0.0058429 0.0110346 0.00571025 0.00767938 0.00559344 0.00588779 0.00492607 0.00389222 0.00269352 0.001766 0.00149948 0.00167382 0.00731902 0.00648522 0.00576512 0.00236358 0.00145126 0.00143696 0.00132225 0.00122239 0.00109927 0.00170072 0.00152447 0.00135086 0.0021579 0.00111939 0.00103419 0.00101032 0.00127197 0.000941816 0.000804156 0.0010949 0.000666902
threshold=16.425000000000004 8.7000000000000046 1.0000000180025095e-35 7.8750000000000009 16.515000000000004 1.5000000000000002 0.70000000000000007 9.9550000000000018 11.760384615384618 5.8000000000000007 16.375000000000004 11.345000000000002 9.8950000000000014 18.200000000000003 16.590000000000003 17.220000000000002 10.975000000000003 11.964615518129792 9.5000000000000018 16.155000000000005 17.795000000000005 9.4400000000000031 8.8450000000000006 8.1850000000000023 8.6700000000000017 19.600000000000005 5.4000000000000012 9.2000000000000046 1.1000000000000003 1.0000000180025095e-35 3.3000000000000003 3.3000000000000003 15.500000000000002 2.1000000000000005 5.0000000000000009 39.100000000000016 8.4000000000000004 16.155000000000005 1.3000000000000005 2.1000000000000005 0.50000000000000011 4.2000000000000011 8.2000000000000011 0.90000000000000013
decision_type=2 2 2 2 2 2 2 2 2 2 2 2 2 2 2 2 2 2 2 2 2 2 2 2 2 2 2 2 2 2 2 2 2 2 2 2 2 2 2 2 2 2 2 2
left_child=2 -2 3 5 -3 -1 -6 8 11 10 19 12 18 14 -8 -16 -17 -5 21 29 -18 22 23 31 -25 -24 28 -23 -27 -10 -30 32 38 -33 35 36 -35 -32 -4 40 -40 -31 -43 -21
right_child=1 4 7 17 6 -7 13 -9 9 -11 -12 -13 -14 -15 15 16 20 -19 -20 43 -22 27 25 24 -26 26 -28 -29 30 41 37 33 -34 34 -36 -37 -38 -39 39 -41 -42 42 -44 -45
leaf_value=-0.0021462607290595771 -0.036407570302486418 0.0064698238151543064 0.0005659416467986173 0.012585149642192957 0.0023501829983433708 -0.006370859276503325 -0.001534240732693838 -0.0014291035045904141 0.00062709902634932885 0.0019198805994043748 -0.00127168463017696 -0.00097814484977182779 0.0012574132487532638 0.001095032577092449 0.00090505049703642733 -0.0015292045464628333 0.00038815651370290049 0.011142472901514598 -0.00057188195229039692 0.00041973416737857319 -0.00042206059837939609 -6.3751739260085202e-05 0.00088750982036193212 -0.0013111604366983687 -0.00012563349223799176 9.088422560373027e-05 0.00049651811392898229 -0.00053661740681639424 9.659585336016284e-05 -0.000180393118727287 -0.00062137992724914241 0.00038351766647593607 -0.0006205236229509341 -0.00029052625184483599 -0.0003398743621295407 0.0005355227382428814 0.00013611711757496381 -0.00014930296364720121 -0.00052766864541275754 0.00012814653335240406 -8.2087742340801963e-05 -9.2286912129364095e-05 0.0006052976768720934 0.0010573021095201729
leaf_weight=24 20 33 18 33 24 24 27 54 21 66 39 42 42 21 30 21 36 28 88.5 21 33 108 55.5 52.5 67.5 211.5 58.5 67.5 54 105 54 105 33 66 52.5 57 97.5 66 43.5 130.5 100.5 36 24 21
leaf_count=24 20 33 18 15 24 24 27 24 21 33 24 21 18 21 30 21 36 28 36 21 33 48 27 21 27 102 27 30 27 105 27 63 24 30 39 36 39 33 39 96 60 36 24 21
internal_value=-1.27743e-12 -0.00196566 0.000222237 0.00479714 0.00109584 -0.00425856 0.000172185 -2.00683e-05 1.78997e-05 0.000341041 -4.92334e-05 -4.64965e-05 -2.24761e-05 -0.000138958 -0.000315242 -4.09679e-05 -0.000356307 0.0119229 -5.63485e-05 0.00015987 6.61373e-07 -2.59015e-05 3.24522e-06 -6.68359e-05 -0.000644302 0.000118784 2.26937e-05 -0.000245623 -4.92097e-05 2.92076e-05 -0.000219496 3.16657e-05 -7.61002e-05 0.000124464 2.48281e-05 0.000111662 -3.61059e-05 -0.000361738 -1.46781e-05 -5.27515e-05 -0.00021669 -4.68876e-05 0.000186747 0.000738518
internal_weight=2412 245 2167 109 225 48 192 2058 2004 333 267 1671 1629 168 147 120 90 61 1587 228 69 1498.5 1323 823.5 120 499.5 444 175.5 385.5 186 174 703.5 325.5 378 273 220.5 163.5 120 292.5 274.5 144 165 60 42
internal_count=1533 245 1288 91 225 48 192 1197 1173 285 252 888 867 168 147 120 90 43 849 228 69 813 735 492 48 243 216 78 189 186 87 444 237 207 144 105 69 60 213 195 99 165 60 42
is_linear=0
shrinkage=0.08


Tree=106
num_leaves=45
num_cat=0
split_feature=37 4 30 0 32 37 36 0 0 36 22 36 0 32 37 37 10 26 11 32 36 0 9 36 26 36 1 37 10 27 32 36 33 33 0 37 31 37 21 37 37 37 21 29
split_gain=0.139347 3.98549 0.171958 0.113738 0.163203 0.247037 0.824998 4.216 8.35334 0.596221 0.234965 0.18544 0.0242052 0.0202071 0.0199432 0.450772 0.185218 0.0141174 0.00440053 0.00436809 0.00416738 0.00986068 0.00691456 0.00606995 0.00335167 0.00639465 0.00339745 0.00112466 0.00111586 0.000924769 0.000815822 0.00143065 0.0052158 0.00141901 0.00289265 0.0014848 0.000865091 0.0017378 0.00276205 0.0022176 0.00179965 0.00110507 0.000815761 0.00091623
threshold=16.425000000000004 16.455000000000002 0.3000000000000001 11.97499990463257 1.0000000180025095e-35 7.8750000000000009 2.5000000000000004 16.425000000000004 16.415000000000003 1.5000000000000002 1.0000000180025095e-35 1.5000000000000002 17.070000000000004 3.9000000000000004 11.703076923076924 11.802307692307695 9.9550000000000018 11.400000000000002 9.8950000000000014 2.8000000000000003 1.5000000000000002 16.245000000000001 10.025 2.5000000000000004 5.8000000000000007 1.5000000000000002 17.475000000000005 9.0550000000000015 9.5150000000000023 7.5000000000000009 1.7000000000000004 1.5000000000000002 0.70000000000000007 0.70000000000000007 14.280000000000003 7.7950000000000008 1.0000000000000002 4.1100000000000003 5.6000000000000005 6.5250000000000012 5.9750000000000005 7.4050000000000011 11.000000000000002 0.50000000000000011
decision_type=2 2 2 2 2 2 2 2 2 2 2 2 2 2 2 2 2 2 2 2 2 2 2 2 2 2 2 2 2 2 2 2 2 2 2 2 2 2 2 2 2 2 2 2
left_child=3 -2 -3 -1 5 9 7 8 11 -5 -11 -7 13 -4 16 -16 24 20 19 -14 21 -17 42 -24 26 -26 28 -27 30 -21 31 32 -6 34 -33 -35 -32 38 -38 40 -39 -41 43 -22
right_child=1 2 12 4 14 6 -8 -9 -10 10 -12 -13 18 -15 15 17 -18 -19 -20 29 22 -23 23 -25 25 27 -28 -29 -30 -31 36 33 -34 35 -36 -37 37 39 -40 41 -42 -43 -44 -45
leaf_value=-0.0061283474312060406 -0.036031883023679261 0.0076340052237113326 0.0030095760387161543 -0.010328644215459785 -0.0010756442695856094 -0.0065761092548467671 -0.0038668878925964237 -0.012688561737975654 0.052227622354324217 0.0094564563517148294 -0.00065444772438097161 0.0032668003025559745 -0.0012773294562551504 0.00011437134058387192 -0.011126696951687337 9.759119035152253e-05 0.0053482964120450472 0.0017667380373718011 0.00094260628823013531 6.9458046313633943e-05 0.00019388635320445664 -0.0019374724966473877 0.00019611134659498931 0.0018618943049971545 -0.0010444207308750789 -0.00028871034204282545 0.00051837780321828831 0.00020638598306548027 -0.00031289928369612123 -0.00053389589080498332 0.00022474217768253166 -0.0003880933156636145 9.2424996832888282e-05 0.00021820538060003244 0.00062046822524280292 -0.00036100544119590378 0.00014923385366620053 0.0010437182298240562 -0.0011482776359965404 -0.00025730323223158337 7.8532477000764774e-05 3.4608157566384187e-05 0.00028163885798846875 -0.00038414812678065911
leaf_weight=18 20 24 36 31 40 24.5 60 42.5 29.5 24 38 24.5 24 27 24 64 42 36 21 72 26 20 28 28 59 55 78 63 81 21 129 28 63 43 52 83 21 24 21 97.5 25.5 558 32 54
leaf_count=18 20 24 36 28 30 20 37 19 16 24 32 20 24 27 12 64 18 18 21 72 26 12 20 20 25 22 33 28 36 21 66 28 36 34 32 38 21 24 21 48 21 255 32 54
internal_value=-1.34834e-12 -0.00180841 0.00123368 0.000204458 0.000257502 0.00208123 0.00380309 0.00760639 0.0185941 -0.00126991 0.00325945 -0.00165465 0.000469456 0.00176877 -9.00618e-06 -0.000592975 0.000107563 0.000284835 -0.00012371 -0.0003151 7.31351e-05 -0.000386948 0.000303176 0.001029 -3.71512e-05 -0.000364393 5.94544e-06 -2.43793e-05 -2.56262e-05 -6.67832e-05 -5.98984e-06 -0.000117754 -0.000361194 3.96658e-06 0.000267472 -0.000163338 3.34337e-05 3.96497e-07 -0.000499522 3.01789e-05 0.000546501 -8.81116e-06 -5.97367e-05 -0.000196287
internal_weight=2412 245 225 2167 2149 274 181 121 78.5 93 62 49 201 63 1875 312 1563 288 138 117 252 84 168 56 1521 177 1344 118 1266 93 1185 309 103 206 80 126 876 747 42 705 49.5 655.5 112 80
internal_count=1533 245 225 1288 1270 196 112 75 56 84 56 40 201 63 1074 258 816 246 138 117 228 76 152 40 798 75 723 50 690 93 654 198 66 132 60 72 456 390 42 348 45 303 112 80
is_linear=0
shrinkage=0.08


Tree=107
num_leaves=45
num_cat=0
split_feature=34 3 36 5 12 12 13 36 36 34 36 36 32 16 34 30 16 16 36 32 3 36 16 33 9 33 0 29 34 34 34 33 18 36 30 33 29 23 29 36 30 17 16 36
split_gain=0.22978 0.806969 9.39604 2.67158 0.0261034 0.0363287 0.0271636 0.304524 0.0486354 0.0253416 0.00752561 0.00585429 0.01772 0.0161251 0.0852931 0.00831078 0.0192738 0.00539448 0.00508698 0.00494759 0.00387775 0.00721958 0.00273262 0.00299848 0.00175227 0.0013034 0.00132651 0.00140259 0.00201397 0.0038123 0.00171573 0.00128113 0.00129754 0.00123177 0.00119892 0.00300932 0.00118805 0.00108872 0.000899566 0.00118219 0.000807051 0.000783319 0.00106855 0.000925938
threshold=1.0000000180025095e-35 16.415000000000003 2.5000000000000004 2.9450000524520878 9.9200000000000017 9.9550000000000018 9.7450000000000028 1.5000000000000002 2.5000000000000004 119.60000000000004 2.5000000000000004 2.5000000000000004 1.0000000180025095e-35 6.6350000000000016 10.900000000000004 0.3000000000000001 7.1000000000000005 6.0550000000000024 1.5000000000000002 0.70000000000000007 17.845000000000002 1.5000000000000002 6.6750000000000016 1.0000000180025095e-35 9.9200000000000017 22.000000000000004 17.430000000000003 1.5000000000000002 8.7000000000000046 21.500000000000007 7.5000000000000027 0.3000000000000001 4.5000000000000009 1.5000000000000002 1.5000000000000002 0.50000000000000011 8.1000000000000014 3.4000000000000004 1.7000000000000004 1.5000000000000002 1.0000000180025095e-35 1.7000000000000004 6.1300000000000008 1.5000000000000002
decision_type=2 2 2 2 2 2 2 2 2 2 2 2 2 2 2 2 2 2 2 2 2 2 2 2 2 2 2 2 2 2 2 2 2 2 2 2 2 2 2 2 2 2 2 2
left_child=1 2 3 -1 6 -6 9 -8 -9 11 33 13 -13 14 -2 16 -15 37 19 -18 41 -22 -17 -24 34 26 27 30 -29 -30 -19 -31 -33 -11 38 -36 -34 -14 39 -25 -20 43 -43 -16
right_child=4 -3 -4 -5 5 -7 7 8 -10 10 -12 12 17 15 20 22 18 25 40 -21 21 -23 23 24 -26 -27 -28 28 29 31 -32 32 36 -35 35 -37 -38 -39 -40 -41 -42 42 -44 -45
leaf_value=-0.010537243917079954 -0.0042375962881575991 0.0087781926301809463 0.029155173599720002 -0.045757303939146156 -0.0026389010201650436 0.00022812329712464953 0.0072367497059431943 0.00053335726212758519 -0.0034877969268951327 0.00054168927785638084 0.0022315188719854726 0.0016824110329185646 0.0010804178425437444 0.0022220585741557775 -0.00021288004386251427 0.00068551365689087948 0.0015900703538985303 -0.00017352644263244257 -0.00068221277645174065 -4.2958992999047041e-05 -0.001210411615632098 0.0001559270398028082 0.00074177946608800156 -0.00044863600469011064 0.00056529769010728965 0.00059395286158241069 0.00053154356043898698 0.0014411364428021693 -0.00091136898025314316 0.0006157239622030503 0.00046784739713093227 5.4700592040567648e-05 -9.0510107157751923e-05 0.0011816297009490527 -0.0010042923142242692 -4.7879621197645325e-05 -0.00073067844671718149 0.00049788886046206416 0.00044496450946705102 0.00035380877197739927 -1.8233349934841198e-05 0.00054608042154348263 5.7009263649565452e-05 7.106692020996747e-05
leaf_weight=30 33 26 29.5 25.5 49.5 66 38.5 38.5 38.5 38.5 38.5 54 38.5 44 147 52 24 41 26.5 23.5 49.5 49.5 39 23.5 33 29 33 5.4999999999999991 33.5 19.5 76.5 197.5 50 38.5 23 249 29.5 44 48 23.5 21 33 214 147
leaf_count=30 18 14 27 22 27 36 21 21 21 21 21 39 21 24 81 30 24 36 24 21 27 27 24 21 18 18 18 3 21 12 54 117 33 21 18 180 21 24 36 21 21 18 120 81
internal_value=1.07535e-11 -0.00355512 -0.00732766 -0.0267194 0.000171498 -0.0010006 0.000233442 0.00142744 -0.00147722 0.000166821 0.00131828 9.87758e-05 0.000294581 8.73119e-07 -0.000271417 0.000291748 0.00083785 0.000169154 0.000196743 0.000782151 -6.69107e-05 -0.000527242 0.000137149 7.21944e-05 6.90983e-06 7.2944e-05 4.1855e-05 6.18233e-06 -7.71241e-05 -0.000102428 0.000244049 -1.10305e-05 -5.51522e-05 0.000861659 -4.32994e-05 -0.000128753 -0.000328057 0.000769736 0.000201367 -4.74136e-05 -0.000388664 1.73274e-05 0.000122351 -7.09066e-05
internal_weight=2412 111 85 55.5 2301 115.5 2185.5 115.5 77 2070 115.5 1954.5 651.5 1303 673 630 139 597.5 95 47.5 640 99 491 439 400 515 486 453 335.5 330 117.5 296.5 277 77 367 272 79.5 82.5 95 47 47.5 541 247 294
internal_count=1533 93 79 52 1440 63 1377 63 42 1314 63 1251 417 834 372 462 114 378 90 45 354 54 348 318 294 333 315 297 207 204 90 183 171 42 276 198 54 45 78 42 45 300 138 162
is_linear=0
shrinkage=0.08


Tree=108
num_leaves=45
num_cat=0
split_feature=34 2 10 6 35 34 14 33 11 33 15 15 29 33 30 10 30 29 14 35 32 25 22 30 31 33 34 14 18 28 25 32 10 22 30 21 21 31 31 17 18 22 20 15
split_gain=0.194485 1.78302 0.239889 0.0542357 0.0451643 0.0700668 0.0564063 0.022791 0.0183587 0.0124662 0.0245329 0.0230289 0.0160911 0.0124824 0.00531037 0.00498602 0.0051943 0.00337586 0.00408948 0.00212464 0.00489493 0.00586888 0.00445917 0.00438248 0.00731583 0.00364677 0.00314747 0.00331271 0.00285766 0.0028227 0.00242227 0.00211445 0.00209723 0.00223273 0.00137951 0.00132152 0.00147949 0.00223623 0.00292853 0.00103821 0.00116053 0.0010049 0.000859031 0.00137449
threshold=1.0000000180025095e-35 16.415000000000003 1.1549999713897707 2.9550000429153447 1.0000000180025095e-35 119.60000000000004 9.9200000000000017 1.0000000180025095e-35 9.9450000000000021 0.70000000000000007 1.6600000000000001 1.4349999999999998 2.5000000000000004 0.3000000000000001 0.3000000000000001 9.8950000000000014 37.000000000000007 2.8000000000000003 7.5250000000000012 1.5000000000000002 1.0000000180025095e-35 5.4000000000000012 77.200000000000003 1.0000000180025095e-35 1.0000000180025095e-35 1.7000000000000004 10.300000000000002 9.4050000000000029 12.900000000000002 23.300000000000001 8.7000000000000011 8.4000000000000004 8.8450000000000006 39.100000000000016 8.1000000000000014 10.000000000000002 2.3000000000000003 9.1000000000000014 2.8000000000000003 1.3 2.5000000000000004 0.50000000000000011 0.50000000000000011 2.1950000000000003
decision_type=2 2 2 2 2 2 2 2 2 2 2 2 2 2 2 2 2 2 2 2 2 2 2 2 2 2 2 2 2 2 2 2 2 2 2 2 2 2 2 2 2 2 2 2
left_child=1 2 -1 -4 5 6 7 -2 15 13 11 12 -11 -9 -12 16 19 18 -16 20 25 22 29 24 -21 -6 41 28 30 35 32 -23 33 42 -19 36 39 38 -38 -22 -41 -25 43 -28
right_child=4 -3 3 -5 8 -7 -8 9 -10 10 14 -13 -14 -15 17 -17 -18 34 -20 23 21 31 -24 26 -26 -27 27 -29 -30 -31 -32 -33 -34 -35 -36 -37 37 -39 -40 40 -42 -43 -44 -45
leaf_value=-0.0038920117790500327 0.0022930068427171463 -0.021603533098330865 0.0033242837763908838 0.008366066962480545 0.00011622773878502123 0.0053669105133130439 0.0046915613150312783 0.00030775683656842869 -0.0013188544143750162 -0.00027699869177674622 -0.0010487631188395123 0.0039683288450552421 0.0024454405812624224 -0.0019469598302869903 0.00011956893642144721 0.0009029830265560268 0.00090012713266467603 -0.00019136753136696615 0.0013096398748739652 -0.0013316388344091754 -2.8207703534796646e-05 0.0001642473697575042 0.00086929082773470629 0.00021045227388018055 6.5785480352739499e-05 0.0012805152498185635 -0.00019639477231784872 -0.00082680701209853088 -0.00063971323189315342 -0.00071844884272043901 -0.00041254745488704159 0.00087661460107968511 0.00049875841569155461 0.00035013860612306548 0.00029476868015869211 -0.00038751739002764227 -6.5928845284267884e-05 -0.0003121432667184207 0.00088121430586195649 -0.00067493965610479695 -7.8702310203678086e-05 0.00077348168227925069 -0.00019710403343336545 0.0002399710536151383
leaf_weight=27 39 26 36 22 33 21 21 33 67.5 33 24 21 24 30 42 40.5 40.5 99 33 46.5 237 48 30 57 49.5 36 85.5 37.5 49.5 48 82.5 60 60 93 60 75 39 36 45 39 45 31.5 208.5 100.5
leaf_count=27 39 14 36 16 24 21 21 33 30 33 24 21 24 30 42 18 18 99 33 24 129 24 21 30 27 21 36 15 36 24 33 30 24 57 60 45 27 21 27 24 30 27 96 42
internal_value=9.09343e-12 -0.00327071 0.00233698 0.00523668 0.000157779 0.000848119 0.000641377 0.00044719 -2.41893e-05 0.000266772 0.000460402 0.00170365 0.000869292 -0.000765918 8.45366e-05 2.56481e-05 4.90546e-06 0.000200772 0.0006432 -1.67725e-05 8.07276e-05 1.75312e-05 -8.11007e-05 -0.000100159 -0.000611092 0.000723682 -3.92653e-05 -9.48238e-05 -5.44274e-05 -0.000131653 -8.44067e-06 0.000560007 5.24521e-05 -2.47787e-06 -7.9199e-06 -7.70679e-05 -2.42703e-05 0.000215386 0.000441469 -0.000113861 -0.000355527 0.000410853 -8.56042e-05 3.93835e-05
internal_weight=2412 111 85 58 2301 480 459 438 1821 399 336 78 57 63 258 1753.5 1713 234 75 1672.5 771 702 594 901.5 96 69 805.5 717 679.5 564 630 108 547.5 487.5 159 516 441 120 84 321 84 88.5 394.5 186
internal_count=1533 93 79 52 1440 480 459 438 960 399 336 78 57 63 258 930 912 234 75 894 447 402 348 447 51 45 396 339 324 327 288 54 255 231 159 303 258 75 54 183 54 57 174 78
is_linear=0
shrinkage=0.08


Tree=109
num_leaves=45
num_cat=0
split_feature=34 15 36 36 37 4 34 3 37 10 10 15 36 3 3 15 31 36 16 14 15 31 29 37 3 15 5 18 34 32 37 31 33 33 10 6 34 15 34 3 20 16 34 34
split_gain=0.164613 1.72913 3.01901 1.2502 0.0812958 0.184001 0.150484 0.0180174 0.0180101 0.398821 0.162305 0.0256697 0.0094958 0.0171947 0.0139789 0.00909243 0.00535526 0.00464159 0.0126245 0.00912921 0.0225444 0.00711448 0.0294923 0.00363319 0.00204645 0.00187984 0.00355046 0.00192993 0.00220613 0.00184974 0.00141235 0.00133489 0.00247681 0.00110365 0.00143767 0.000964871 0.000947328 0.000669088 0.00062838 0.000625572 0.00060214 0.00125599 0.00154646 0.000785056
threshold=1.0000000180025095e-35 1.8150000357627867 1.5000000000000002 2.5000000000000004 16.425000000000004 16.485000000000003 9.5000000000000053 16.525000000000002 11.703076923076924 9.8950000000000014 9.9550000000000018 3.0700000000000007 2.5000000000000004 16.195000000000004 16.155000000000005 0.78999999999999926 1.9000000000000001 2.5000000000000004 6.0350000000000028 8.3850000000000033 1.5499999999999996 1.0000000180025095e-35 1.0000000180025095e-35 9.6200000000000028 16.920000000000005 2.475000000000001 8.6300000000000008 0.3000000000000001 21.900000000000006 1.0000000180025095e-35 9.8750000000000018 0.3000000000000001 2.5000000000000004 10.800000000000002 8.5900000000000016 9.8750000000000018 43.900000000000013 2.1715384615384621 3.5000000000000004 14.420000000000002 1.5000000000000002 6.1300000000000008 69.000000000000014 10.900000000000004
decision_type=2 2 2 2 2 2 2 2 2 2 2 2 2 2 2 2 2 2 2 2 2 2 2 2 2 2 2 2 2 2 2 2 2 2 2 2 2 2 2 2 2 2 2 2
left_child=1 2 -1 -4 8 -6 -7 -8 10 11 17 12 13 38 37 -9 -17 18 -2 25 24 22 -20 -24 -21 27 -27 -19 -29 -23 36 32 -31 34 -18 -30 -28 -14 -10 -40 -33 -42 43 -43
right_child=4 -3 3 -5 5 6 7 15 9 -11 -12 -13 14 -15 -16 16 33 19 21 20 -22 29 23 -25 -26 26 30 28 35 31 -32 40 -34 -35 -36 -37 -38 -39 39 -41 41 42 -44 -45
leaf_value=-0.018166657868078199 -0.0011698229346158249 -0.021062701401802213 0.024777464197348744 0.00071564522500221553 0.0081788656596715244 0.006392431457837423 0.0022252725588069074 -0.0015224206606314209 0.00048294307780452075 -0.01049314445098086 0.0049997750873721778 0.0027147954849836725 0.00023083695239620283 -0.0016076970111578704 0.0018650810586640966 0.00109991546094534 -5.930657785099287e-05 -0.00070241328368904777 -0.0025851180228803838 -0.00016499486591868451 0.0020533857804418791 0.00047494977846956595 0.00075012122886255388 -0.00037469202118432695 0.0004813603665491547 0.0010340956424403449 3.6646897489784145e-05 0.0003018907740534771 -0.00074705362013562332 -0.00083652109332273117 0.00032677812725305559 7.4222044999996658e-05 0.00015219771017831179 0.00011638046136968546 -0.00076038573984988039 -0.00017250129157024571 -0.00042614185527242997 -0.0003087109335688422 -0.00021534410701687671 0.00016432730848730609 -0.00071550010082622366 0.00065903554670512679 -0.00054330465712529774 -5.5716887865547731e-07
leaf_weight=29.5 70 26 29.5 26 24 27 21 30 24 24 42 24 24 50 37 24 39 46.5 35 85.5 50.5 52 40 34 49.5 23 59.5 52.5 27.5 34 50 447 31 42 36 58.5 54 38 42 82 18 11.999999999999998 34 307
leaf_count=27 28 14 27 25 24 27 21 30 24 12 18 12 24 30 27 24 39 34 20 38 21 32 28 16 22 20 26 40 20 24 25 204 16 42 36 26 24 38 42 82 8 12 24 180
internal_value=-8.68102e-12 -0.00300905 0.00251324 0.0135053 0.000145156 0.00152899 0.000800241 1.38396e-05 -1.82415e-05 -0.000545586 8.79662e-05 0.000198157 -5.20794e-06 -0.00032507 0.000634516 -0.00025774 1.13412e-05 -3.54904e-05 -0.000129771 0.00015307 0.000611408 -6.00352e-05 -0.000671686 0.000233315 7.20021e-05 -7.57909e-05 0.000103442 -0.000256477 -0.000106758 1.12696e-05 -2.74756e-05 -1.60366e-05 -0.000364978 -0.000211956 -0.000395825 -0.000356224 -0.000183535 -9.98537e-05 0.00010825 3.57289e-05 1.1691e-05 -6.36496e-05 -3.04107e-05 2.42551e-05
internal_weight=2412 111 85 55.5 2301 243 219 192 2058 345 1713 321 297 198 99 171 141 1671 1114 557 185.5 1044 109 74 135 371.5 186.5 185 138.5 935 163.5 883 65 117 75 86 113.5 62 148 124 818 371 353 319
internal_count=1533 93 79 52 1440 243 219 192 1197 291 906 279 267 178 89 171 141 888 592 296 81 564 64 44 60 215 95 120 86 500 75 468 40 117 75 46 50 62 148 124 428 224 216 192
is_linear=0
shrinkage=0.08


Tree=110
num_leaves=45
num_cat=0
split_feature=37 0 34 37 15 34 34 35 11 30 33 16 37 37 36 13 37 37 36 37 16 9 16 0 35 32 32 16 0 34 0 18 22 32 34 8 33 10 18 22 5 23 30 11
split_gain=0.152001 3.75119 0.339131 0.931154 0.154049 0.111306 0.0611632 0.0283236 0.0196179 0.0110256 0.0135998 0.00769671 0.00494189 0.0425471 0.00799676 0.0124064 0.0109301 0.00779885 0.00544957 0.147701 0.122678 0.0305181 0.0277308 0.00861869 0.00485334 0.00716942 0.00511499 0.00569474 0.00475788 0.00425769 0.00416182 0.00274765 0.00551369 0.00298011 0.00267818 0.00254227 0.00285457 0.00360462 0.00349642 0.00187187 0.00182645 0.00175989 0.00175324 0.00218467
threshold=16.425000000000004 16.465000000000003 1.0000000180025095e-35 7.8750000000000009 1.7861538866850044 9.5000000000000053 119.60000000000004 1.5000000000000002 9.9550000000000018 2.8000000000000003 3.5000000000000004 6.7750000000000004 11.760384615384618 11.868846153846155 2.5000000000000004 7.7550000000000008 16.185000000000006 12.049615384615388 1.5000000000000002 11.130000000000001 5.9846153846153838 11.941153846153847 6.0550000000000024 14.160000000000002 1.5000000000000002 1.0000000180025095e-35 1.0000000180025095e-35 6.955000000000001 13.485000000000001 5.400000000000003 14.875000000000002 11.500000000000002 39.100000000000016 8.9000000000000021 71.100000000000023 9.9200000000000017 0.3000000000000001 8.1550000000000029 4.7000000000000002 5.4000000000000012 10.875000000000002 1.9000000000000001 1.7000000000000004 8.7350000000000012
decision_type=2 2 2 2 2 2 2 2 2 2 2 2 2 2 2 2 2 2 2 2 2 2 2 2 2 2 2 2 2 2 2 2 2 2 2 2 2 2 2 2 2 2 2 2
left_child=2 -2 3 7 -5 -3 9 -1 12 10 -7 40 18 -14 16 -16 17 -15 20 21 -4 24 -22 28 26 -26 -20 -28 -24 -25 -29 32 33 39 -19 36 -31 38 -38 42 -11 -37 -27 -44
right_child=1 5 8 4 -6 6 -8 -9 -10 11 -12 -13 13 14 15 -17 -18 34 19 -21 22 -23 23 29 25 31 27 30 -30 35 -32 -33 -34 -35 -36 41 37 -39 -40 -41 -42 -43 43 -45
leaf_value=-0.0018300058040767908 -0.035090993784368037 0.0058810369780770057 0.0054321858024707547 0.0067567894714219232 0.014824462718132772 -0.0022974871671586124 0.0044875741834264427 -0.0057166361715644603 -0.0015214676102968277 -0.00050261694751679896 0.00017737218116720517 0.0015454438220088682 0.0035498949668059747 -0.0012511460838972458 -7.0890908386828086e-05 0.0017305958305951208 -0.0018393287948371532 4.9942719915634373e-05 0.00096357951386143344 -0.0046770762586542834 -0.0026183541484598844 0.0020913950138621859 0.00024091068306006491 -0.0011121159371860485 -0.0010650485814376561 -0.00045410637501869109 -0.00014870000832146958 2.089125264789008e-05 0.0019457954574715009 -0.00082901287876384355 0.00092095579665952502 -0.00069637138334413377 0.00069654915334754872 -0.00045747702248098162 0.00094053382555452677 0.0005045789160570245 -0.00078817073632924523 0.00027897613127370952 6.3334782103156043e-05 0.00024183996460469794 0.00025579390265712784 -9.4262311855951944e-06 -0.00029945494674823504 0.00043119828831404445
leaf_weight=24 20 27 27 28 33 27 21 24 54 30 30 27 24 28 63 40 24 128 46 44 26.5 45 20 23.5 54 77 256 62 22 35.5 70 45 57 132 26 81 60.5 108 63 121 63 90 55 50
leaf_count=24 20 27 11 22 21 27 21 24 24 30 30 27 12 14 63 28 24 128 30 22 11 18 20 16 30 38 128 62 22 18 38 30 36 54 16 36 34 48 40 64 63 40 22 20
internal_value=-3.91502e-11 -0.00188874 0.00021354 0.00456218 0.0111213 0.00106258 0.000405513 -0.00377332 -1.67822e-05 -7.87994e-05 -0.00099493 0.000356362 2.37632e-05 0.000305182 5.31659e-05 0.000628716 -0.000234609 -2.29975e-05 -3.23185e-05 -0.000134475 0.000171995 5.23231e-05 -9.59767e-05 3.678e-05 -3.71971e-05 -0.000186373 0.000165944 7.13788e-05 0.00113395 -6.30703e-05 0.000498198 -9.8015e-05 -4.32873e-05 -0.000140231 0.000200302 -6.78594e-06 -0.000161029 -5.85953e-05 -0.0003538 -2.02529e-06 1.11452e-05 0.00023405 -0.000164155 4.84752e-05
internal_weight=2412 245 2167 109 61 225 198 48 2058 177 57 120 2004 333 309 103 206 182 1671 1114 557 1070 530 503.5 1025 591 434 388 42 461.5 132 537 492 435 154 438 267 231.5 123.5 303 93 171 182 105
internal_count=1533 245 1288 91 43 225 198 48 1197 177 57 120 1173 285 273 91 182 158 888 592 296 570 285 274 552 294 258 228 42 232 100 264 234 198 144 216 140 122 74 144 93 76 80 42
is_linear=0
shrinkage=0.08


Tree=111
num_leaves=45
num_cat=0
split_feature=34 37 1 37 4 34 16 37 16 29 33 10 36 30 32 32 0 4 29 0 32 36 15 34 15 37 15 15 5 15 36 20 33 37 20 37 17 30 17 32 36 20 34 1
split_gain=0.172035 1.66455 1.26438 0.0817289 0.213697 0.112243 0.0203368 0.132817 0.0134774 0.00938139 0.0109917 0.00556019 0.00388484 0.0156213 0.0527682 0.0125889 0.0299208 0.00447035 0.00352659 0.00331309 0.00264183 0.00490652 0.0013596 0.0012752 0.00117076 0.00114198 0.00277897 0.00141141 0.00245993 0.00115366 0.000856357 0.000755146 0.000701382 0.000671509 0.00123252 0.00246783 0.0016214 0.00113296 0.000970554 0.000979286 0.0025009 0.000769625 0.000740578 0.00119198
threshold=1.0000000180025095e-35 7.995000000000001 11.984999656677248 16.425000000000004 16.515000000000004 9.5000000000000053 5.9761538461538457 11.703076923076924 6.0273076923076916 11.4 1.0000000000000002 9.9450000000000021 2.5000000000000004 1.0000000180025095e-35 1.0000000180025095e-35 1.0000000180025095e-35 16.375000000000004 17.745000000000001 1.3 17.650000000000002 1.0000000180025095e-35 1.5000000000000002 1.8342307692307702 60.100000000000009 1.6099999999999997 14.485000000000001 2.4650000000000012 2.5050000000000003 8.8100000000000023 2.2850000000000006 1.5000000000000002 3.0000000000000004 9.1000000000000014 7.0900000000000007 5.9000000000000012 5.535000000000001 12.900000000000002 1.0000000000000002 11.500000000000002 1.0000000000000002 1.5000000000000002 2.7000000000000006 35.800000000000004 15.280000000000003
decision_type=2 2 2 2 2 2 2 2 2 2 2 2 2 2 2 2 2 2 2 2 2 2 2 2 2 2 2 2 2 2 2 2 2 2 2 2 2 2 2 2 2 2 2 2
left_child=1 2 -1 6 -5 -6 7 -2 -8 10 -7 12 13 14 -10 16 -14 20 -12 25 21 -15 -20 -24 -16 27 -27 29 -29 31 -26 -17 -30 34 36 -36 -22 41 39 40 -39 -35 -41 -44
right_child=3 -3 -4 4 5 9 8 -9 11 -11 18 -13 15 17 24 19 -18 -19 22 -21 33 -23 23 -25 30 26 -28 28 32 -31 -32 -33 -34 37 35 -37 -38 38 -40 42 -42 -43 43 -45
leaf_value=-0.0029449855831141275 0.0012797932643443346 -0.013324463200175538 0.021398367177356374 0.0075205678571805814 0.0054105539895870072 -0.0019759281317449982 0.001297172742844042 -0.0037700521685183046 -0.0036252125358099446 0.00098568776741814928 0.00084116867854304249 0.00094234358720527399 -0.00043688825302524493 0.0010659523989835923 -0.00027931858214929781 -0.00013905534301740681 0.0031109816015794361 -0.0007651949419329564 -0.00074982965722059222 0.00083486048393838469 -0.00020063697446911485 -0.00012876527405089955 0.00019690764257318687 -0.00049685477868964274 0.00056847331808371974 0.0010153973856623368 -0.0002561596514318477 0.00089402516217281414 0.00018184823598585973 -0.00047575309095476324 -6.2870583158325068e-05 0.00021257730118425872 -0.00018429658455183594 0.00010749420284160546 -0.0010543013937179542 7.066591087585459e-05 0.00049746325703322767 -0.00069351619873673489 -0.00038535979836104578 0.00023559850661417214 0.00021246852908426755 0.00054960318525055694 0.00098202759865671395 -3.2449718790237902e-06
leaf_weight=36 75 53 22 33 27 24 54 60 34 39 21 40.5 32 44 51 210.5 29 45 30 31.5 68 44 39 30 27.5 22 22 24 73.5 55.5 27.5 48 61.5 63 24 26 31 39 39 123 39 42 7.9999999999999991 444
leaf_count=36 30 41 16 33 27 24 24 30 24 39 21 18 27 29 26 118 14 20 30 14 62 29 39 30 20 22 22 20 34 28 20 38 28 38 24 20 28 22 30 64 22 28 8 216
internal_value=-2.11452e-12 -0.00307614 0.0062887 0.000148393 0.00153591 0.000595466 -1.54396e-05 -0.000964582 5.11929e-05 -0.000114957 -0.000413048 1.51935e-05 -5.34225e-06 -8.77967e-05 -0.000882846 0.000159567 0.0012498 1.53607e-05 -0.000100472 3.83187e-05 4.93308e-05 0.000468594 -0.000300213 -0.000104728 -3.21861e-06 -1.02133e-05 0.000379619 -4.64768e-05 0.000147725 -0.000144814 0.000252801 -7.37619e-05 1.50489e-05 1.03296e-05 -0.000145556 -0.000469318 1.79601e-05 3.94726e-05 2.31818e-06 2.5472e-05 -0.000240524 0.000284338 6.15549e-05 1.41935e-05
internal_weight=2412 111 58 2301 243 210 2058 135 1923 183 144 1869 1828.5 1219 140 609.5 61 1079 120 548.5 1034 88 99 69 106 517 44 473 159 314 55 258.5 135 946 149 50 99 797 692 653 78 105 575 452
internal_count=1533 93 52 1440 243 210 1197 60 1137 183 144 1113 1095 730 90 365 41 640 120 324 620 58 99 69 66 310 44 266 82 184 40 156 62 562 134 44 90 428 362 332 44 66 288 224
is_linear=0
shrinkage=0.08


Tree=112
num_leaves=45
num_cat=0
split_feature=37 34 34 37 4 35 0 33 10 7 37 26 36 0 0 0 37 1 0 7 29 34 27 36 16 32 29 16 4 16 37 19 32 36 32 37 36 5 19 5 33 37 19 20
split_gain=0.145957 3.60735 0.319213 0.890385 0.208599 0.0239731 0.0188608 0.0226978 0.0188264 0.0158402 0.00662275 0.0206383 0.0301181 0.138745 0.134792 0.0131113 0.0102243 0.00750937 0.00624568 0.002917 0.00252142 0.00224497 0.00222968 0.00193909 0.032114 0.00703589 0.00593723 0.0288748 0.00357637 0.00153488 0.00337672 0.00614272 0.00247243 0.00137792 0.00136079 0.00141096 0.00113542 0.00103159 0.000954144 0.00092799 0.000875537 0.000656662 0.000595187 0.00053411
threshold=16.425000000000004 8.7000000000000046 1.0000000180025095e-35 7.8750000000000009 16.515000000000004 1.5000000000000002 16.895000000000003 1.7000000000000004 9.9550000000000018 9.9950000000000028 11.245000000000003 5.8000000000000007 2.5000000000000004 17.400000000000002 17.745000000000001 17.860000000000003 16.185000000000006 16.140000000000004 17.795000000000005 11.974615384615387 2.5000000000000004 0.80000000000000016 7.5000000000000009 2.5000000000000004 6.0453846153846165 1.0000000180025095e-35 1.0000000180025095e-35 6.6350000000000016 17.475000000000005 7.1300000000000008 6.8050000000000006 5.9000000000000012 1.5000000000000002 1.5000000000000002 1.0000000180025095e-35 3.1100000000000008 2.5000000000000004 11.090000000000002 0.3000000000000001 10.115 7.1000000000000005 11.964615518129792 3.0000000000000004 7.0000000000000009
decision_type=2 2 2 2 2 2 2 2 2 2 2 2 2 2 2 2 2 2 2 2 2 2 2 2 2 2 2 2 2 2 2 2 2 2 2 2 2 2 2 2 2 2 2 2
left_child=2 -2 3 5 -3 -1 7 -6 10 -8 18 12 14 17 16 -13 38 43 21 -20 -11 -4 36 26 -25 -26 27 -23 34 39 31 32 -31 -29 -28 -36 37 -22 -12 -27 42 -5 -40 -14
right_child=1 4 8 41 6 -7 9 -9 -10 20 11 15 13 -15 -16 -17 -18 -19 19 -21 22 23 -24 24 25 29 28 33 -30 30 -32 -33 -34 -35 35 -37 -38 -39 40 -41 -42 -43 -44 -45
leaf_value=-0.0019348734524101019 -0.034410266146063802 0.0069189223601962583 0.0015422637867838298 0.011083922932545344 0.0031464995560236274 -0.0055105735827237368 -0.0024549062037840484 -0.00033279213884573742 -0.0014882224046245771 0.00056015596585348249 0.00044706035117130909 0.0024322963656768911 9.8388248439639419e-05 -0.0070789908505976195 0.0068092910982668403 0.00043333935229817314 -0.0016533351503312589 0.001719777686506859 -0.0010554877093860082 -0.00023894413141533732 0.00062620267458260068 -0.0024986027936554616 -0.00089573592809891265 0.0091646032333374036 0.0009956534059407812 -0.00017282924019835062 0.00039977633024062046 0.00051373366855256178 -0.00072928854253671198 -0.00010435510834213347 0.00090122922268860489 -0.001247821422526613 0.001100008036242798 -0.00012302025023248347 -0.00055019070918206126 2.8207868409032624e-05 -0.00050201809118417178 -0.00015174197188268105 -0.0003746753316441113 0.00013303451119790259 0.00045234673529524701 0.01055719073329653 4.9655525861973207e-05 -0.00041010386310517786
leaf_weight=24 20 33 5.9999999999999991 33 24 24 21 24 54 30 42 42 39 20 20 42 24 20 52.5 60 20 36 27 2.4999999999999991 48 270 61 43.5 41 24 34 20 20 43.5 28 750 22 24 34 83 22 28 56 20
leaf_count=24 20 33 6 15 24 24 21 24 24 30 34 21 39 10 10 21 24 20 21 24 20 16 27 1 28 124 36 26 18 24 18 20 20 26 28 392 22 24 32 36 22 28 56 20
internal_value=2.65767e-11 -0.00185081 0.000209251 0.00442826 0.00104337 -0.00372272 3.35084e-05 0.00140685 -1.42044e-05 -0.000424273 2.55146e-05 0.000325678 1.25471e-05 -0.00112676 0.0005822 0.00143282 -0.000117473 0.000380134 -4.49488e-05 -0.000619998 -7.758e-05 -2.11993e-06 -0.000283301 -8.27899e-06 0.000120163 7.48504e-05 -7.25001e-05 -0.000593119 2.68281e-07 -2.31508e-05 0.000256949 -8.53248e-05 0.000443083 0.000195357 3.592e-05 7.39147e-06 -3.27599e-05 0.000201869 0.000121883 -0.000100912 -5.91397e-08 0.0108421 -0.000110647 -7.3982e-05
internal_weight=2412 245 2167 109 225 48 192 48 2058 144 2004 381 297 99 198 84 178 79 1623 112.5 123 1510.5 93 1504.5 501.5 499 1003 123 880 451 98 64 44 87 839 778 66 44 154 353 112 61 90 59
internal_count=1533 245 1288 91 225 48 192 48 1197 144 1173 309 267 89 178 42 168 79 864 45 123 819 93 813 271 270 542 68 474 242 82 64 44 52 456 420 66 44 144 160 110 43 88 59
is_linear=0
shrinkage=0.08


Tree=113
num_leaves=45
num_cat=0
split_feature=34 1 36 36 37 0 30 2 0 16 35 16 30 32 10 36 14 16 32 37 32 35 0 33 0 37 22 17 30 0 19 10 37 37 11 33 0 19 22 37 34 17 37 30
split_gain=0.177922 1.66846 2.55883 1.05405 0.0818745 0.160933 0.101008 0.0515806 0.0493803 0.0173346 0.117999 0.0106387 0.00774225 0.00701996 0.00565252 0.00347694 0.011768 0.0470998 0.00899175 0.0290229 0.00595893 0.00403474 0.00393067 0.00332897 0.00162502 0.000806986 0.00160549 0.000987799 0.00108006 0.00134443 0.00121459 0.000685884 0.00164737 0.000626134 0.000593903 0.000708541 0.000538964 0.000532199 0.000528777 0.000711846 0.000632231 0.000625463 0.000559692 0.000668733
threshold=1.0000000180025095e-35 16.415000000000003 1.5000000000000002 2.5000000000000004 16.425000000000004 17.150000000000002 0.3000000000000001 16.495000000000001 16.765000000000004 5.9761538461538457 1.5000000000000002 6.0273076923076916 1.0000000000000002 3.9000000000000004 9.9450000000000021 2.5000000000000004 8.3850000000000033 6.6350000000000016 1.0000000180025095e-35 9.6200000000000028 1.0000000180025095e-35 1.5000000000000002 17.430000000000003 3.9000000000000004 17.710000000000004 14.485000000000001 33.000000000000007 1.7000000000000004 4.2000000000000011 15.4 5.6000000000000005 2.7650000000000001 2.8800000000000003 7.4800000000000013 7.6650000000000009 7.8000000000000007 17.020000000000003 1.3 9.5000000000000018 3.7450000000000006 10.700000000000005 1.3 7.0900000000000007 1.5000000000000002
decision_type=2 2 2 2 2 2 2 2 2 2 2 2 2 2 2 2 2 2 2 2 2 2 2 2 2 2 2 2 2 2 2 2 2 2 2 2 2 2 2 2 2 2 2 2
left_child=1 2 -1 -4 9 6 -6 -8 13 10 -2 -11 -7 -9 15 16 20 -18 19 -17 21 -13 25 -14 -25 27 -27 31 29 -29 -30 -20 -33 -34 38 -36 -19 -35 41 -40 -41 -22 -42 -44
right_child=4 -3 3 -5 5 12 7 8 -10 11 -12 14 23 -15 -16 18 17 36 22 -21 34 -23 -24 24 -26 26 -28 28 30 -31 -32 32 33 37 35 -37 -38 -39 39 40 42 -43 43 -45
leaf_value=-0.016742474265017755 -0.0035336980195910051 -0.020862417580703129 0.022766119182993802 0.00067233639411055121 0.008862433958621253 -0.0016705454025594962 0.0060928955532255627 0.00096525040011675588 0.0046821773726315723 0.0011554604182364763 0.0012261166147887709 0.00032278629206120973 0.00072439554395775001 -0.001103284297333587 0.0009512821533199814 -0.00061552390774031952 -0.0025586741210808497 -4.3916151810111083e-06 0.00044411315427472195 0.0028763561357223128 -3.2091830099377326e-05 0.0016348408917353178 0.00072925913599178652 5.877150128071662e-05 -0.00063645439246335094 0.00083837182517163466 -0.00013213749722732851 0.00064375427376944577 0.00010767390334664226 -3.7796321878398679e-05 -0.00047242099221682913 -0.0024616748094558718 -0.00049386124051506485 -0.00017726977437402755 3.9742333478919561e-05 0.00034703571172881752 -0.00030670521677368217 0.00011549712185865467 0.00031519627697499736 -0.00046938118198886511 -0.00018376302067909828 -0.00044179995794121809 0.00035373384371781963 -1.9693700140159505e-06
leaf_weight=29.5 60 26 29.5 26 21 21 21 21 21 54 75 40 30 21 40.5 31.5 58 234 11.999999999999998 29.5 57 24 49.5 48 39 20 24 40 77 34.5 33 1.9999999999999989 31 174 213 62 45 51.5 42 20 89 41 39 255
leaf_count=27 30 14 27 25 21 21 21 21 21 24 30 36 30 21 18 21 28 104 12 20 42 18 22 48 39 20 24 39 40 16 22 2 22 81 108 32 20 24 42 20 74 26 30 150
internal_value=-1.65348e-11 -0.00312833 0.00229621 0.0124159 0.00015091 0.00153967 0.00389989 0.00265926 0.00151471 -1.30681e-05 -0.000889357 4.84498e-05 -0.000256161 -6.90169e-05 1.64656e-05 -4.23996e-06 -8.22456e-05 -0.000484369 0.000151771 0.00107317 7.14003e-05 0.000814807 4.93001e-05 -2.29763e-06 -0.000252881 -1.81507e-05 0.000309003 -4.97875e-05 9.29387e-05 0.000328137 -6.63546e-05 -0.000147137 -0.000174584 -0.000156751 1.32365e-05 0.000109023 -5.31519e-05 -0.000110407 -3.52742e-05 1.77335e-06 -3.08911e-05 -0.0002035 -7.99342e-06 4.52158e-05
internal_weight=2412 111 85 55.5 2301 243 105 84 63 2058 135 1923 138 42 1869 1828.5 1219 337 609.5 61 882 64 548.5 117 87 499 44 455 184.5 74.5 110 270.5 258.5 256.5 818 275 279 225.5 543 445 403 98 383 294
internal_count=1533 93 79 52 1440 243 105 84 63 1197 60 1137 138 42 1113 1095 730 152 365 41 578 54 324 117 87 302 44 258 117 55 62 141 129 127 524 140 124 105 384 316 274 68 254 180
is_linear=0
shrinkage=0.08


Tree=114
num_leaves=45
num_cat=0
split_feature=34 1 36 36 35 14 34 14 0 32 10 33 35 16 16 36 29 4 16 14 22 4 31 34 22 21 21 36 32 31 33 16 32 16 33 29 32 36 31 36 32 10 22 29
split_gain=0.150593 1.41218 2.1658 0.892151 0.0309391 0.0634272 0.0229898 0.0234064 0.0781085 0.0495508 0.0170616 0.00746223 0.00692864 0.0238093 0.0060007 0.00562068 0.00933501 0.00792392 0.00487126 0.00423836 0.00356075 0.00367753 0.00754588 0.00287321 0.00284275 0.00367038 0.00319799 0.00222628 0.00203209 0.00196448 0.00186431 0.00170783 0.00152703 0.00137118 0.00125898 0.00161775 0.00150444 0.0034961 0.00119932 0.00180324 0.00242008 0.000882501 0.000812859 0.00102473
threshold=1.0000000180025095e-35 16.415000000000003 1.5000000000000002 2.5000000000000004 1.0000000180025095e-35 9.9200000000000017 119.60000000000004 8.490000000000002 16.475000000000005 0.70000000000000007 9.9550000000000018 0.70000000000000007 1.5000000000000002 6.0273076923076916 6.0273076923076916 2.5000000000000004 1.0000000180025095e-35 17.345000000000002 6.0700000000000012 7.9500000000000011 68.500000000000014 16.175000000000004 0.3000000000000001 71.100000000000023 7.7000000000000002 5.6000000000000005 1.3 1.5000000000000002 5.1000000000000005 1.0000000180025095e-35 4.2000000000000011 6.4650000000000007 19.000000000000004 6.1050000000000013 0.70000000000000007 1.0000000000000002 7.5000000000000009 1.5000000000000002 5.9000000000000012 2.5000000000000004 0.70000000000000007 7.6500000000000012 5.4000000000000012 12.300000000000002
decision_type=2 2 2 2 2 2 2 2 2 2 2 2 2 2 2 2 2 2 2 2 2 2 2 2 2 2 2 2 2 2 2 2 2 2 2 2 2 2 2 2 2 2 2 2
left_child=1 2 -1 -4 5 6 7 19 -9 -10 12 -11 13 -6 -14 18 -17 24 -15 23 21 30 -23 33 -18 26 -26 -13 -29 -20 38 -32 -31 -2 -24 -36 -37 -38 39 40 -16 -39 -35 -44
right_child=4 -3 3 -5 10 -7 -8 8 9 11 -12 27 14 15 20 16 17 -19 29 -21 -22 22 34 -25 25 -27 -28 28 -30 32 31 -33 -34 42 35 36 37 41 -40 -41 -42 -43 43 -45
leaf_value=-0.01540307635978117 0.00060514609407012667 -0.019193421762723189 0.020944829052787717 0.00061854974151803895 0.0015915075040215422 0.0050095692046341449 0.0030992110038087486 0.0057684304986503863 0.0038736488353017539 -0.0017850400573695966 -0.0014125380162322136 0.00065631019230931995 -0.00073686321597132409 -0.0011129612516794752 0.00088878436014056211 0.0017277127266700925 -0.00042494016501249451 0.0012496316418247788 -0.00050031583219242747 -0.0010738934172938269 -0.00078278026497566409 -0.00087992175022761027 0.0002844950756058097 0.00094135634077247238 -6.9999047978357837e-05 -0.00047829551904490504 0.00096684245340940029 -0.00094763357471674677 0.00019277657801285386 7.9012774802601494e-05 0.00026840646474650414 0.00093870499248926834 -0.00045300011474050974 0.00029214247265675413 -0.00045563142141327262 0.00014626015408895909 0.00035254692854359745 -0.00070440800227224826 -0.0003400842062173746 -0.00026799610152374953 1.8123756938924392e-06 -0.0002290972899645567 -3.3597628537646901e-05 -0.00062362950295209881
leaf_weight=29.5 24 26 29.5 26 72 21 21 21 21 21 54 20 90 28 35 29 69 38 50 21 40.5 75 75 24 33 33 45 20 20 378 82.5 34.5 38 42 60 187.5 50 50 39 40 45 50 183 21
leaf_count=27 24 14 27 25 36 21 21 21 21 21 24 20 36 14 32 18 39 19 32 21 36 30 30 24 19 21 28 20 20 222 33 30 20 42 24 75 20 20 21 31 30 20 183 21
internal_value=6.88941e-12 -0.00287806 0.00211252 0.0114226 0.000138837 0.00071021 0.000513508 0.000389536 0.00132542 0.000410685 -1.17715e-05 -0.000487121 3.10363e-05 0.000202639 -0.000115204 6.76884e-05 0.000379283 0.000199905 -8.81091e-05 2.40943e-05 -5.04478e-05 -1.44314e-05 -0.000134464 0.000102522 -2.17038e-05 0.000228957 0.000528179 -3.28489e-05 -0.000377428 -2.653e-05 0.000223677 0.000466059 3.04154e-05 2.79589e-05 -1.61373e-05 -7.28604e-05 -4.81226e-06 -0.000193653 4.532e-05 0.000170576 0.000389863 -0.000466753 -2.8352e-05 -9.43362e-05
internal_weight=2412 111 85 55.5 2301 480 459 438 123 102 1821 81 1767 813 954 741 247 218 494 315 864 823.5 547.5 294 180 111 78 60 40 466 276 117 416 270 472.5 397.5 337.5 150 159 120 80 100 246 204
internal_count=1533 93 79 52 1440 480 459 438 123 102 960 81 936 468 468 432 144 126 288 315 432 396 219 294 107 68 47 60 40 274 177 63 242 270 189 159 135 60 114 93 62 40 246 204
is_linear=0
shrinkage=0.08


Tree=115
num_leaves=45
num_cat=0
split_feature=34 35 15 16 35 14 34 14 0 32 16 35 36 16 10 16 0 16 0 0 32 35 15 0 15 16 4 31 18 13 9 34 29 16 34 33 10 32 0 22 18 9 21 15
split_gain=0.127462 1.35839 1.31287 0.0490008 0.0261868 0.0536847 0.0194586 0.0198112 0.0661111 0.0419398 0.015227 0.107668 0.0112356 1.02617 0.123903 0.11324 0.022827 0.0153927 0.0069515 0.00634991 0.00407928 0.00388737 0.0037174 0.00714671 0.0067393 0.0036628 0.00361403 0.00772985 0.00458274 0.00358735 0.00340845 0.00365758 0.00252203 0.00401172 0.00243188 0.00237921 0.00300113 0.00220269 0.00218808 0.00195358 0.00177563 0.00247269 0.00170247 0.00154438
threshold=1.0000000180025095e-35 1.0000000180025095e-35 1.7950000762939455 9.0399996042251605 1.0000000180025095e-35 9.9200000000000017 119.60000000000004 8.490000000000002 16.475000000000005 0.70000000000000007 5.9761538461538457 1.5000000000000002 1.5000000000000002 5.9846153846153838 9.9350000000000005 6.0057692307692303 17.795000000000005 6.0550000000000024 17.475000000000005 14.160000000000002 0.70000000000000007 1.5000000000000002 2.1715384615384621 14.455000000000002 1.5799999999999994 7.0000000000000018 16.195000000000004 0.3000000000000001 11.800000000000002 8.1900000000000031 9.9800000000000022 5.400000000000003 0.50000000000000011 6.8350000000000017 71.100000000000023 0.3000000000000001 8.1550000000000029 8.4000000000000004 17.255000000000006 9.8000000000000025 5.9000000000000012 9.8350000000000026 8.2000000000000011 2.3550000000000009
decision_type=2 2 2 2 2 2 2 2 2 2 2 2 2 2 2 2 2 2 2 2 2 2 2 2 2 2 2 2 2 2 2 2 2 2 2 2 2 2 2 2 2 2 2 2
left_child=1 -1 3 -3 5 6 7 29 -9 -10 11 -6 13 -12 16 -15 21 -17 -11 20 -19 26 24 -24 32 42 28 -28 39 34 31 -21 -23 -34 -2 -33 40 -29 -32 -14 41 -37 -25 -41
right_child=4 2 -4 -5 10 -7 -8 8 9 18 12 -13 14 15 -16 17 -18 19 -20 30 -22 22 23 25 -26 -27 27 37 -30 -31 38 35 33 -35 -36 36 -38 -39 -40 43 -42 -43 -44 -45
leaf_value=-0.017189744283755623 2.5722190029531097e-05 -0.006877662403316334 0.016750622136252266 -0.0019908599710712831 -0.0033542904468874136 0.0046088036078782311 0.0028512740915729883 0.005306956203920501 0.0035637569332140542 -0.0012172443914012267 0.038396059523026146 0.0011923816706985236 -0.00058023624293127799 0.012678885724809436 -0.0042043335331189962 -0.0016627658809173025 0.0016832622754629012 0.0017426873523403298 0.00026600705747980446 -0.0012707238296340957 0.00016405776469036938 0.00034180476492189847 0.0019361272982011239 -2.7793641459660321e-05 -0.0012209861097973772 -0.00065325697349315442 0.0013930003455607221 -1.8877931616964015e-05 0.00078831560526262305 -0.00098798196352574788 0.00058601889629951779 -0.00073713428432672804 4.207536408544651e-05 -0.00088557494853515751 0.00086604782574189207 -0.00085284273622091857 0.00031817737829726114 0.00052175708069147452 6.4092006703669369e-06 0.00020616236168684231 0.00010873810677612955 -5.5217921282305859e-05 0.00049001619443297386 -0.00035399764443614653
leaf_weight=30 270 29 28 24 60 21 21 21 21 39 4.4999999999999991 75 64 4.4999999999999991 45 36 54 22 42 19 20 46 11.999999999999998 217 50 54 40 132 34 21 72 35.5 70 52 24 50 94.5 76 99 72 55.5 49.5 50 56
leaf_count=30 270 23 16 24 30 21 21 21 21 39 2 30 44 2 20 16 24 22 42 14 20 22 12 88 38 36 20 66 26 21 32 18 28 28 24 30 42 38 44 52 36 22 26 32
internal_value=1.21868e-11 -0.00264782 0.00273808 -0.00466477 0.00012773 0.000653394 0.000472427 0.000358373 0.00121939 0.00037783 -1.08298e-05 -0.000828361 5.46309e-05 0.000346692 -9.13998e-05 3.95674e-05 8.01312e-05 -6.32842e-05 -0.000448151 4.80917e-05 0.000990959 -4.32641e-06 -0.000148827 1.9301e-05 -0.000405646 -5.2356e-05 0.000163648 0.000374523 -6.77547e-05 2.21667e-05 -3.52776e-05 -0.000196002 -0.000162986 -0.000353317 9.43202e-05 -0.000124354 -3.71651e-05 0.000178662 0.000250455 -0.000219351 -0.000253809 -0.000456034 6.91745e-05 -3.89076e-05
internal_weight=2412 111 81 53 2301 480 459 438 123 102 1821 135 1686 562 1124 557.5 1079 553 81 517 42 1025 551 333 218 321 474 248 226 315 475 304 168 122 294 285 249.5 208 171 192 155 99.5 267 128
internal_count=1533 93 63 47 1440 480 459 438 123 102 960 60 900 300 600 298 580 296 81 280 42 556 278 162 116 150 278 124 154 315 238 162 78 56 294 148 130 104 76 128 88 52 114 84
is_linear=0
shrinkage=0.08


Tree=116
num_leaves=45
num_cat=0
split_feature=37 4 34 37 15 34 1 16 10 15 37 16 16 36 14 14 34 15 34 21 34 32 4 22 36 30 30 32 1 1 14 30 34 37 34 1 21 32 32 34 30 19 37 37
split_gain=0.168513 3.62803 0.35835 0.933118 0.140062 0.116583 0.0796202 0.02478 0.0160014 0.00747716 0.00667112 0.0242584 0.00772865 0.00579237 0.0239039 0.011167 0.00325218 0.00199633 0.00171972 0.00107519 0.00106677 0.000959231 0.000899844 0.000687745 0.0015585 0.0125201 0.0101275 0.0088371 0.00262863 0.00152973 0.000917426 0.000727837 0.000652367 0.000627347 0.000621315 0.000973893 0.000910683 0.000674348 0.000618152 0.000591454 0.000568577 0.000929603 0.000915873 0.00253413
threshold=16.425000000000004 16.455000000000002 1.0000000180025095e-35 7.8750000000000009 1.7861538866850044 9.5000000000000053 16.485000000000003 9.0399996042251605 9.9550000000000018 0.78999999999999926 11.245000000000003 6.0273076923076916 6.0273076923076916 2.5000000000000004 8.3850000000000033 7.8500000000000005 32.20000000000001 -0.15000000000000033 0.80000000000000016 3.5000000000000004 86.000000000000014 5.5000000000000009 17.345000000000002 9.8000000000000025 2.5000000000000004 1.0000000180025095e-35 1.0000000180025095e-35 1.3 14.005000000000001 16.455000000000002 7.8050000000000006 7.5000000000000009 10.700000000000005 9.0550000000000015 69.000000000000014 16.165000000000003 1.0000000180025095e-35 0.50000000000000011 10.800000000000002 38.100000000000001 6.1000000000000005 11.800000000000002 7.2450000000000001 4.580000000000001
decision_type=2 2 2 2 2 2 2 2 2 2 2 2 2 2 2 2 2 2 2 2 2 2 2 2 2 2 2 2 2 2 2 2 2 2 2 2 2 2 2 2 2 2 2 2
left_child=2 -2 3 7 -5 -3 -7 -1 10 -8 12 -12 -4 14 34 19 -11 -14 -19 -15 21 22 -18 24 26 -26 27 -20 -28 -27 -30 32 -32 -34 35 36 -13 -38 -23 -35 42 -42 43 -25
right_child=1 5 8 4 -6 6 9 -9 -10 16 11 13 17 15 -16 -17 20 18 23 -21 -22 38 -24 40 25 29 28 -29 30 -31 31 -33 33 39 -36 -37 37 -39 -40 -41 41 -43 -44 -45
leaf_value=-0.0054669726050148408 -0.034641336038708691 0.0058451412231833848 -0.00076651871856302028 0.0070993808869804654 0.014792079401738717 0.0048987492067473276 -0.0014622376101712388 -0.0018315910811846456 -0.0013708534045144916 0.00084535253012464162 0.0016483825578406039 0.00047526033171875915 0.00096481874861099111 -0.00026389592536725108 -0.002855142252985388 0.0019411573594865891 -0.00078752149606034873 0.0013393833674490451 -0.0017380645572715862 0.00033444400467733679 -0.00075048036341156287 0.00034031149900207917 -7.0446293296602862e-05 0.00024536462309252888 0.0013937863623723387 -0.00046075635548267101 0.0011673417780548334 -4.7965172109090623e-05 -0.00026373593497820285 -5.7783481057827615e-06 0.000158811386319853 0.00018100851215422154 4.904130230156275e-05 -0.00043524546540695534 -0.00027793711175521215 0.00048454259211818377 -0.0004843448025481352 1.8607697719217915e-05 -0.00017324961547274142 -3.8271448234232459e-05 1.0920295731297561e-05 -0.00040086213372831725 0.00019843102732817149 -0.00037763864285527511
leaf_weight=24 20 27 90 28 33 21 30 24 54 21 72 22 13.499999999999998 40 20 26 21 5.9999999999999991 44 37 21 30 24 90 40 67.5 11.999999999999998 36 88 158 63 124 65 58 30 36 22 76 30 41 262.5 40.5 246 78
leaf_count=24 20 27 36 22 21 21 30 24 24 21 36 22 6 38 12 18 21 6 24 35 21 30 24 90 20 40 12 16 52 69 28 54 26 26 22 28 22 76 30 20 132 30 117 60
internal_value=1.54803e-11 -0.00198868 0.000224839 0.00469501 0.011261 0.000913782 0.000241324 -0.00364928 -1.19193e-05 -0.000311252 2.46987e-05 0.000325956 -4.60215e-05 1.78174e-05 -0.000227102 0.000507657 -7.63571e-05 -3.7223e-06 -1.23273e-05 2.36181e-05 -0.000229975 -0.000125874 -0.000405081 -1.76859e-05 -6.88516e-05 8.94065e-05 -0.000147981 -0.00097752 -8.34079e-07 -0.000141969 -3.2766e-05 2.5141e-05 -6.00025e-05 -0.000144059 5.54825e-05 0.000119602 1.01194e-05 -9.43e-05 8.35309e-05 -0.000270842 3.9153e-05 -4.41199e-05 0.000100099 -4.38869e-05
internal_weight=2412 245 2167 109 61 225 198 48 2058 177 2004 381 1623 309 206 103 147 1533 1519.5 77 126 105 45 1513.5 796.5 265.5 531 80 451 225.5 439 351 227 164 186 156 120 98 60 99 717 303 414 168
internal_count=1533 245 1288 91 43 225 198 48 1197 177 1173 309 864 273 182 91 147 828 822 73 126 105 45 816 387 129 258 40 218 109 206 154 100 72 170 148 120 98 60 46 429 162 267 150
is_linear=0
shrinkage=0.08


Tree=117
num_leaves=45
num_cat=0
split_feature=33 35 0 36 4 22 30 0 36 31 31 15 4 4 0 27 35 22 31 30 33 35 6 0 0 33 0 21 29 18 4 4 33 35 13 30 35 15 31 13 16 29 22 36
split_gain=0.096698 1.12832 5.48123 1.10474 2.13167 1.65609 1.42316 0.17243 0.114228 0.500884 0.433648 1.00958 0.187594 0.0998803 0.0631625 0.0167596 0.007791 0.0120802 0.0156285 0.00507401 0.00436096 0.00528334 0.0226223 0.00338597 0.00307119 0.00248997 0.00240851 0.00287666 0.00209103 0.00209019 0.0020689 0.00282759 0.00211433 0.00788559 0.0197461 0.0369793 0.00500938 0.00772058 0.00444047 0.00196318 0.00146529 0.00119515 0.00105812 0.000826859
threshold=1.0000000180025095e-35 1.0000000180025095e-35 16.155000000000005 2.5000000000000004 16.440000000000001 1.0000000180025095e-35 1.0000000180025095e-35 13.485000000000001 2.5000000000000004 1.0000000180025095e-35 1.0000000180025095e-35 1.7750000500679015 17.935000000000006 17.965000000000003 16.425000000000004 11.900000000000002 1.5000000000000002 17.800000000000008 16.100000000000005 32.100000000000001 1.3 1.0000000180025095e-35 9.9950000000000028 16.860000000000003 15.935000000000002 0.50000000000000011 14.640000000000002 3.3000000000000003 6.7000000000000002 5.0000000000000009 17.875000000000004 17.745000000000001 1.0000000000000002 1.0000000180025095e-35 8.3850000000000033 6.3000000000000016 1.0000000180025095e-35 2.1350000000000002 14.900000000000002 7.6950000000000012 6.6650000000000018 5.5000000000000009 67.200000000000017 1.5000000000000002
decision_type=2 2 2 2 2 2 2 2 2 2 2 2 2 2 2 2 2 2 2 2 2 2 2 2 2 2 2 2 2 2 2 2 2 2 2 2 2 2 2 2 2 2 2 2
left_child=1 2 7 4 5 -3 -5 -1 10 -10 11 14 16 15 -2 19 17 18 20 30 -11 22 -22 -23 29 -18 -27 28 40 -19 31 32 36 34 38 -36 37 -12 39 41 -28 -34 -31 -17
right_child=8 3 -4 6 -6 -7 -8 -9 9 12 13 -13 -14 -15 -16 43 25 24 -20 -21 21 23 -24 -25 -26 26 27 -29 -30 42 -32 -33 33 -35 35 -37 -38 -39 -40 -41 -42 -43 -44 -45
leaf_value=0.010229534581303597 -0.0032774226285298079 -0.022307874940142226 -0.043127379911549558 0.023313066344708203 0.011898991910850301 0.00018011015880367031 -0.00035638998690489177 0.00030323324636334463 -0.0081719684756937482 -0.0001036877285324685 -0.0020492190099321308 0.014635136556501189 -0.0054737742535479663 0.0035208129430697723 0.0016357323713600636 -0.0013674669282196404 0.00074908074315475394 -0.00024735183357016036 0.0023328063135536819 0.0010906154730103233 0.0032865978259107344 -0.00010195687208778976 -0.00018992805480957034 0.00086232672341995779 -0.00062730190747727955 -0.0010704541871382389 -0.00013953366428613663 0.0004400122983265767 0.00012024261539788556 0.00021790408421880925 0.000708972147637696 -0.00049311004071073096 -0.00012851254321867599 2.7921444077157919e-05 0.0044049997983331033 -0.00034800034645013508 8.6360206511223086e-05 -2.00215441485246e-05 0.0012531794998794793 -0.00068208417961917198 -0.00074608119119567648 0.00045817562600132078 0.00099189355783164501 -0.00084315439093519344
leaf_weight=24 34 38.5 22 29 42.5 46 37 21 52.5 46 20 45 38.5 55 33 38.5 23 38 39 33 23 41 25 54 45 15.999999999999998 50 56.5 69.5 26 33 55 50 687 22 20 159 30 20 24 52 40 20 38.5
leaf_count=24 24 35 22 24 19 36 22 21 34 34 20 30 21 30 18 21 14 32 26 18 23 21 25 27 30 16 20 28 29 22 18 30 50 352 22 20 100 30 20 24 22 40 18 21
internal_value=-3.30266e-12 -0.00145728 -0.0104019 0.00164783 -0.00271544 -0.0100659 0.0100438 0.00559726 0.000176066 -0.000650221 0.000587197 0.00536721 -5.41583e-05 0.00018315 -0.00085751 3.8606e-05 0.000280225 0.00052469 0.000874731 0.000112438 0.000573859 0.000791811 0.00147591 0.000446162 -9.3989e-05 -4.66433e-05 -0.00012165 -5.50673e-05 -0.000218169 0.000191714 8.46106e-05 6.63285e-05 9.5031e-05 0.000150321 0.000628096 0.00214167 -0.000133272 -0.000831701 0.000153694 -3.91984e-05 -0.000448754 0.000132238 0.000554421 -0.00110531
internal_weight=2412 260 67 193 127 84.5 66 45 2152 715 1437 112 662.5 1325 67 1270 624 357 228 1193 189 143 48 95 129 267 244 228 171.5 84 1160 1127 1072 863 176 42 209 50 134 114 102 90 46 77
internal_count=1533 203 67 136 90 71 46 45 1330 442 888 72 408 816 42 786 387 258 156 744 130 96 48 48 102 129 115 99 71 72 726 708 678 528 176 42 150 50 134 114 42 90 40 42
is_linear=0
shrinkage=0.08


Tree=118
num_leaves=45
num_cat=0
split_feature=34 37 16 37 4 34 0 4 11 7 37 25 33 12 16 33 27 26 37 34 30 13 24 37 32 32 7 26 31 30 37 22 37 37 37 17 30 29 37 19 33 11 32 33
split_gain=0.139351 1.59473 0.949323 0.0764366 0.162599 0.132733 0.0145352 0.0141577 0.00891885 0.00616999 0.00538559 0.0186499 0.00665749 0.00480895 0.00435485 0.00331403 0.00221778 0.00224572 0.00193278 0.00148099 0.00117391 0.00117364 0.000941491 0.000604032 0.0105331 0.00759785 0.00138544 0.00199178 0.000952575 0.00101177 0.00188678 0.00115688 0.00192106 0.00208551 0.000871333 0.00135274 0.00109323 0.000860697 0.00083174 0.000735842 0.000668522 0.000618477 0.000556841 0.000481291
threshold=1.0000000180025095e-35 7.995000000000001 9.0349994897842425 16.425000000000004 16.485000000000003 9.5000000000000053 16.575000000000003 17.955000000000002 9.9550000000000018 9.9200000000000017 11.245000000000003 6.2000000000000011 1.0000000180025095e-35 8.1550000000000029 5.9461538461538463 1.0000000180025095e-35 13.000000000000002 0.50000000000000011 9.7850000000000019 0.80000000000000016 27.500000000000004 7.8650000000000011 6.6000000000000005 9.1850000000000005 1.0000000180025095e-35 1.0000000180025095e-35 10.115 4.4000000000000012 1.0000000000000002 1.0000000000000002 7.0900000000000007 39.100000000000016 4.1950000000000012 6.1500000000000012 9.6200000000000028 1.3 1.3 8.4000000000000004 3.3550000000000004 10.000000000000002 2.1000000000000005 7.6650000000000009 0.3000000000000001 4.6000000000000005
decision_type=2 2 2 2 2 2 2 2 2 2 2 2 2 2 2 2 2 2 2 2 2 2 2 2 2 2 2 2 2 2 2 2 2 2 2 2 2 2 2 2 2 2 2 2
left_child=1 2 -1 7 -5 -6 -7 8 10 -8 14 12 -12 21 -2 18 17 -11 42 -17 23 -14 -19 24 -21 -25 34 -28 38 30 -30 37 -33 -34 -27 36 -36 41 -26 -35 -40 -31 -16 -37
right_child=3 -3 -4 4 5 6 9 -9 -10 16 11 -13 13 -15 15 19 -18 22 -20 20 -22 -23 -24 25 28 26 27 -29 29 31 -32 32 33 39 35 43 -38 -39 40 -41 -42 -43 -44 -45
leaf_value=0.019490279446948658 -0.00078681367777642746 -0.012799632667370562 -0.0016032040119171142 0.0077265825037223599 0.0060423625508944194 0.0014304492897234667 -0.0013971200410311144 -0.0010615148809795946 0.001192545438254321 0.00082556360667305334 0.0011947821518751207 0.0014877778636009403 -4.8302885912789863e-05 -0.00090909671736881135 -1.5431618891083278e-05 0.0012432820598284404 -0.00081498248734056863 -0.00028370750944942987 -0.00093695026098026169 -0.0011101048605868945 -0.00040505711765338981 0.00048974646193285785 0.00028977265738864877 0.00093650311231613164 0.00062417616177333046 0.00021906180307269097 0.00052920649082869545 -0.00018559917593481898 -0.00071931918441871375 -0.00031804543491667031 8.5771286193235427e-05 -0.00049567554262466731 0.00087887003065340908 -3.6962800778639622e-05 -0.00025706957491045747 -0.000237876633182168 7.3395884758423248e-05 8.5748075427294801e-05 -9.9513249632011169e-05 0.000406640202358917 0.00030923337663376802 -3.7897882206986351e-05 -0.00042240155783171456 -0.00062086393570823586
leaf_weight=22 52.5 53 36 24 27 39 27 81 40.5 21 27 66 192 42 39 5.9999999999999991 21 57 36 55.5 48 30 27 57 27 46.5 58.5 43.5 34.5 87 40.5 21 33 58.5 108 42 157.5 174 46.5 40.5 57 120 48 42
leaf_count=16 21 41 36 24 27 39 27 36 18 21 27 33 189 24 30 6 21 57 18 33 24 24 27 27 27 21 27 21 30 48 18 21 33 30 51 21 78 72 33 24 33 48 30 21
internal_value=-4.72643e-12 -0.00276856 0.00639777 0.000133555 0.0014754 0.000790337 5.17709e-05 -2.48844e-05 1.75876e-05 -0.000299657 -6.98552e-06 0.000273638 -1.73438e-06 -0.000124105 -7.04122e-05 -4.57815e-05 -6.44862e-05 8.5613e-05 -0.000443962 -1.08982e-05 -1.62809e-05 2.44065e-05 -9.93746e-05 -2.45778e-06 -4.71689e-05 6.15879e-05 -3.8553e-05 0.000224363 3.26052e-05 -9.42558e-06 -0.00028457 2.92183e-05 0.000215034 0.000328101 -0.000106274 -0.000149559 -6.10307e-05 -4.54004e-05 0.000228749 0.000144511 0.000125594 -0.000155641 -0.000239967 -0.00042937
internal_weight=2412 111 58 2301 243 219 192 2058 1977 153 1936.5 357 291 264 1579.5 1527 126 105 123 1404 1398 222 84 1350 795 555 498 102 739.5 609 75 534 153 132 396 349.5 265.5 381 130.5 99 103.5 207 87 84
internal_count=1533 93 52 1440 243 219 192 1197 1161 153 1143 297 264 237 846 825 126 105 78 747 741 213 84 717 450 267 240 48 417 324 48 276 108 87 192 171 129 168 93 54 66 96 60 42
is_linear=0
shrinkage=0.08


Tree=119
num_leaves=45
num_cat=0
split_feature=33 35 0 36 10 10 22 0 36 32 31 33 10 4 16 9 11 30 33 15 35 16 33 30 14 35 30 35 19 0 36 32 20 19 30 22 16 12 35 0 19 31 32 31
split_gain=0.077147 0.885091 4.73786 0.925958 2.15141 1.85289 1.15706 0.183922 0.0975386 0.468378 0.380983 1.00525 0.196966 0.089018 0.0220545 0.0191807 0.0109462 0.00640815 0.00592043 0.00476522 0.00328886 0.00781549 0.00679354 0.00654844 0.00727912 0.0057735 0.0218872 0.00513828 0.00749048 0.00224223 0.00184824 0.0040072 0.00159988 0.00251278 0.00161993 0.00158807 0.00198415 0.00236225 0.0028475 0.00197327 0.00155209 0.00147188 0.00220531 0.0013594
threshold=1.0000000180025095e-35 1.0000000180025095e-35 16.155000000000005 2.5000000000000004 7.9050000000000011 7.9050000000000011 1.0000000180025095e-35 13.485000000000001 2.5000000000000004 1.0000000180025095e-35 1.0000000180025095e-35 4.6000000000000005 9.9200000000000017 17.965000000000003 7.1750000000000016 11.911538461538465 9.7450000000000028 26.000000000000004 23.900000000000002 0.48499999999999949 1.5000000000000002 6.0550000000000024 1.3 26.000000000000004 8.3600000000000012 1.0000000180025095e-35 3.9000000000000004 1.0000000180025095e-35 1.0000000180025095e-35 16.625000000000004 1.5000000000000002 13.300000000000002 5.0000000000000009 0.90000000000000013 3.3000000000000003 63.400000000000013 6.8000000000000025 7.3450000000000015 1.5000000000000002 14.200000000000001 3.0000000000000004 4.6000000000000005 3.3000000000000003 10.800000000000002
decision_type=2 2 2 2 2 2 2 2 2 2 2 2 2 2 2 2 2 2 2 2 2 2 2 2 2 2 2 2 2 2 2 2 2 2 2 2 2 2 2 2 2 2 2 2
left_child=1 2 7 5 -5 6 -3 -1 10 -10 11 14 16 15 -2 20 17 18 19 -11 22 -22 27 24 30 26 -26 28 -12 -27 31 41 33 -23 -34 36 -21 38 39 -38 -35 42 -24 -32
right_child=8 3 -4 4 -6 -7 -8 -9 9 12 13 -13 -14 -15 -16 -17 -18 -19 -20 35 21 32 23 -25 25 29 -28 -29 -30 -31 43 -33 34 40 -36 -37 37 -39 -40 -41 -42 -43 -44 -45
leaf_value=0.010435142430166404 -0.0020531144534999676 -0.020762148272100982 -0.039649274159561501 0.022936621390391085 -0.0059807677478307779 0.0075847045270618328 0.00061101577178175961 0.00018339201192637639 -0.0078798617260264509 -0.0015666185522621328 -0.0021095937844365837 0.0153868014811768 -0.0055832288201366157 0.0033094057786193761 0.0007407981498981826 -0.0014392607516016474 0.0016194144317081996 0.0012608440339358319 0.0010330522293736646 6.5831540864927309e-05 -0.0011385678378865124 -7.3361019818229161e-05 0.00026020810022600929 0.0014098913425250965 0.0033211212452839722 -1.4311076762775582e-05 -5.0819639415879337e-05 0.00010210293660960855 -0.0002134316465817392 0.00074393151359310227 0.00010394051819981541 -0.00082030479819513867 -0.00073070356509450708 0.00059496252749163608 5.6482940674462224e-07 -0.00032024535272891322 0.00043584385304711758 0.0010990009311247957 0.00085711511748095593 -0.0005373827400617302 9.628079304224756e-05 0.00032194882525469766 -0.00069453066892068225 0.00058426949143823657
leaf_weight=24 33 38.5 22 34.5 31.5 60.5 28 21 52.5 10.999999999999998 20 39 38.5 55 40 55 38.5 36 45.5 332.5 40 239 32 34 22 48 28 94 40 52 125 40 33 77 47 48 24 27.5 31 30 83 77 30 54
leaf_count=24 18 35 22 32 14 27 28 21 34 6 20 24 21 30 30 30 21 21 27 183 16 104 26 24 22 24 28 60 40 26 92 28 18 38 32 39 24 15 25 26 44 54 22 38
internal_value=3.83325e-11 -0.00130165 -0.00922372 0.0014485 0.00913514 -0.00254614 -0.0117629 0.00565099 0.000157263 -0.000606278 0.000537174 0.00501754 -2.98812e-05 0.000158456 -0.000522203 2.19978e-05 0.000312753 0.000226833 0.00015909 8.0191e-05 8.81453e-05 -6.4276e-05 0.000201804 0.000335032 0.000263092 0.000730928 0.00143283 -0.000267087 -0.000845486 0.000379975 6.70719e-05 -0.000114701 2.54352e-05 9.09026e-05 -0.000301083 0.000116935 0.000164092 0.000454505 0.000245992 -0.000104838 0.000336271 8.83511e-05 -0.000201762 0.000248844
internal_weight=2412 260 67 193 66 127 66.5 45 2152 715 1437 112 662.5 1325 73 1270 624 585.5 549.5 504 1215 519 696 542 508 150 50 154 60 100 358 179 479 399 80 493 445 112.5 85 54 160 139 62 179
internal_count=1533 203 67 136 46 90 63 45 1330 442 888 72 408 816 48 786 387 366 345 318 756 252 504 384 360 100 50 120 60 50 260 130 236 186 50 312 273 90 75 50 82 102 48 130
is_linear=0
shrinkage=0.08


Tree=120
num_leaves=45
num_cat=0
split_feature=34 37 1 37 0 32 10 37 37 10 5 0 36 14 15 0 32 10 32 34 34 10 1 34 30 30 34 37 29 19 34 34 30 29 18 37 37 2 37 34 29 34 29 0
split_gain=0.113883 1.46512 0.829741 0.0794816 0.159312 0.11174 0.111832 0.0113679 0.221244 0.160415 0.0248787 0.0363001 0.00868142 0.0148605 0.0212085 0.0245429 0.014613 0.00718857 0.0055295 0.00524872 0.00453894 0.00327097 0.00311791 0.00178152 0.00236951 0.00155495 0.00191048 0.00135992 0.00134046 0.00185607 0.00131403 0.00118092 0.00103414 0.000938746 0.00195241 0.00146108 0.00142598 0.000927434 0.000782317 0.00233421 0.00229359 0.000778151 0.000899424 0.000511664
threshold=1.0000000180025095e-35 7.995000000000001 11.984999656677248 16.425000000000004 17.070000000000004 1.3 8.3850000000000033 11.760384615384618 11.345000000000002 9.9550000000000018 10.105000000000002 17.860000000000003 2.5000000000000004 8.1850000000000023 1.6600000000000001 17.875000000000004 1.0000000180025095e-35 9.5600000000000005 1.3 1.9000000000000006 38.500000000000007 9.7700000000000014 16.195000000000004 29.400000000000002 2.1000000000000005 1.0000000180025095e-35 72.800000000000026 2.9600000238418587 0.70000000000000007 1.1000000000000003 2.9000000000000021 86.000000000000014 0.3000000000000001 1.3 5.9000000000000012 7.8750000000000009 7.3250000000000011 16.165000000000003 5.2400000000000011 14.700000000000005 3.5000000000000004 15.800000000000002 1.9000000000000001 15.345000000000001
decision_type=2 2 2 2 2 2 2 2 2 2 2 2 2 2 2 2 2 2 2 2 2 2 2 2 2 2 2 2 2 2 2 2 2 2 2 2 2 2 2 2 2 2 2 2
left_child=1 2 -1 7 5 -5 -7 8 9 12 22 -12 13 27 23 -16 -14 19 -6 -18 -8 31 43 24 32 -21 33 -2 29 30 -29 -20 -15 35 36 -27 -35 -38 40 -40 -30 -41 -43 -9
right_child=3 -3 -4 4 18 6 20 10 -10 -11 11 -13 16 14 15 -17 17 -19 21 25 -22 -23 -24 -25 -26 26 -28 28 38 -31 -32 -33 -34 34 -36 -37 37 -39 39 41 -42 42 -44 -45
leaf_value=-0.0011969667512716519 0.00048639302224139959 -0.012117615842594291 0.018523296388712796 0.0087106595399382061 -0.0014091427644182528 0.006222557020684083 -0.00083475185402979448 -8.2725634302099064e-05 -0.0054786542601262533 0.0049116370346884994 0.0033410967895999935 0.00026263337723459259 0.0014685404494404794 -0.00046138650547373035 -0.0029335213250791031 -0.0004009600709425285 -0.0024126705527305605 0.0010034893672985908 -5.3134369707010967e-05 -0.00055898424125078953 0.00077573832701004685 0.00090466978471903572 -0.0010109632861401354 -3.8375748464694395e-05 -0.00088184841003061999 0.0007108200268006661 -0.00036897419845419269 -0.00019330344718092912 0.00079311299686586222 6.1026444146409634e-05 -0.00097033523892362916 -0.00072634076256127586 1.5710090390510029e-05 0.00066647979637814896 -0.00044577346995789953 -2.8616683275410625e-05 -0.00027962518920158521 0.00013825154614839193 -0.0010703092763343683 0.00075262947214974302 -0.00032858007494360208 -0.0002777958690421656 4.3652697087287214e-05 0.00017894209102669266
leaf_weight=36 34 53 22 24 21 30 24 132 48 42 39 66 50 63 48 50 5.9999999999999991 44.5 81 33 21 21 21 117 54 35.5 70 26 28 50 30 21 54 27 47 33 43.5 155.5 12.999999999999998 8.9999999999999982 20 64 430 75
leaf_count=36 34 41 16 24 21 30 24 132 24 18 24 33 30 28 20 20 6 19 81 18 21 21 21 52 24 31 31 26 28 30 20 21 24 21 30 15 20 69 8 4 20 32 210 75
internal_value=-3.22473e-11 -0.00250281 0.00628313 0.000120735 0.00148905 0.00395948 0.00243911 -4.0829e-05 -0.00012344 2.98402e-05 0.000387109 0.00140606 -9.55638e-05 -0.000225914 -0.000624834 -0.0016414 0.000165136 3.34795e-05 -0.000209382 -6.23372e-05 -8.31898e-05 -4.54451e-06 -8.21463e-05 -0.000278919 -0.000443502 -3.06117e-05 1.17608e-05 -7.18797e-06 -3.22354e-05 -0.000293251 -0.00060957 -0.000191736 -0.000241188 8.98032e-05 2.33627e-05 0.000354595 0.000120926 4.69066e-05 1.68208e-05 -1.1916e-05 0.000325741 1.54381e-05 2.00754e-06 1.20815e-05
internal_weight=2412 111 58 2301 243 99 75 2058 1725 1677 333 105 1635 1090 386 98 545 495 144 450.5 45 123 228 288 171 444.5 411.5 704 670 106 56 102 117 341.5 273 68.5 226 199 564 516 48 503 494 207
internal_count=1533 93 52 1440 243 99 75 1197 912 888 285 57 870 580 168 40 290 260 144 241 45 123 228 128 76 235 217 412 378 76 46 102 52 186 140 46 110 89 302 254 48 246 242 207
is_linear=0
shrinkage=0.08


Tree=121
num_leaves=45
num_cat=0
split_feature=34 1 35 1 35 33 34 14 10 33 14 14 30 15 35 16 36 32 31 3 34 31 26 16 34 16 30 32 19 22 15 33 5 12 15 10 36 30 16 18 36 1 36 31
split_gain=0.0963907 1.44251 1.69839 0.193753 0.0388534 0.0760007 0.0366302 0.032875 0.0141348 0.011533 0.0106698 0.00976245 0.0401086 0.0130553 0.00611684 0.0142149 0.00939236 0.0199069 0.00858534 0.00568306 0.00432204 0.00402406 0.00396548 0.00369707 0.00322695 0.00310197 0.00228799 0.00186304 0.00183361 0.00270681 0.00161897 0.00137268 0.00147501 0.00137321 0.00125686 0.00125423 0.00136555 0.00189067 0.0017865 0.0011793 0.00114733 0.00683569 0.00112436 0.00109411
threshold=1.0000000180025095e-35 16.415000000000003 1.0000000180025095e-35 11.984999656677248 1.0000000180025095e-35 1.0000000180025095e-35 119.60000000000004 9.9200000000000017 9.9550000000000018 1.0000000180025095e-35 9.6700000000000017 8.4550000000000018 1.7000000000000004 1.3899999999999995 1.5000000000000002 6.0273076923076916 2.5000000000000004 0.3000000000000001 1.0000000180025095e-35 17.255000000000006 9.9000000000000039 1.0000000180025095e-35 9.5000000000000018 6.0700000000000012 72.000000000000014 7.0850000000000017 0.50000000000000011 8.7000000000000011 11.500000000000002 39.100000000000016 2.5750000000000002 3.9000000000000004 9.9950000000000028 7.6950000000000012 0.65499999999999947 8.8450000000000006 1.5000000000000002 1.5000000000000002 6.8850000000000025 1.5000000000000002 1.5000000000000002 16.175000000000004 1.5000000000000002 8.9000000000000021
decision_type=2 2 2 2 2 2 2 2 2 2 2 2 2 2 2 2 2 2 2 2 2 2 2 2 2 2 2 2 2 2 2 2 2 2 2 2 2 2 2 2 2 2 2 2
left_child=1 2 -1 -4 5 -2 7 10 9 40 11 20 -13 -14 15 -11 18 -18 -17 25 -7 -16 26 -20 -22 27 -23 -19 29 34 -31 32 -25 39 -28 36 43 -38 -39 -33 -6 -42 -41 -36
right_child=4 -3 3 -5 8 6 -8 -9 -10 14 -12 12 13 -15 21 16 17 19 23 -21 24 22 -24 31 -26 -27 28 -29 -30 30 -32 33 -34 -35 35 -37 37 38 -40 42 41 -43 -44 -45
leaf_value=0.019776187126453106 0.0041364226921294361 -0.018792234080342144 -0.0011012094747275113 -0.010501136624294779 -0.0011114819057104065 -0.00082746177860018285 0.0037126746472148672 0.0033741197513327717 -0.0013326756463006692 0.0012736185120108226 -0.0016285593896394684 0.0031760227471364266 -0.0016008998122480182 0.00077113355128941214 -0.00071372496924370298 -0.0013034165593692 0.0023611297744616879 -0.00047805335728225075 -0.0010776033960282802 0.00092591599910520018 -2.23921038451846e-06 0.00037209126337241097 -0.0005836779999574929 7.6767509313936856e-05 0.00084714119999923499 0.00067399536600957306 -0.00052309704522291822 0.00019960077665746211 -0.00048555610170424507 3.0229127768314247e-06 0.00074074706300679177 -0.00061758532588348982 0.00062059456296265124 0.00012762693936978892 -8.5042296518241211e-05 0.00027740009515373794 0.000424257264904944 -0.00015992547375793308 -0.00069621624164283274 -0.00040966711093538578 -0.0013986992549050498 6.9148881774809618e-05 0.00023157824296504259 0.00037326889956354074
leaf_weight=26 39 26 36 23 41 36 21 21 54 72 21 33 27 33 64.5 36 32 74 20 52 216 93 82.5 158 33 30 37.5 40 57 33 45 44 40 88 77.5 67.5 28 194 50 35 37 45 35 58.5
leaf_count=26 39 14 36 17 26 36 21 21 24 36 21 33 27 33 33 22 21 37 10 26 216 48 33 98 33 27 15 20 39 24 27 24 20 44 37 27 16 80 26 22 32 20 22 24
internal_value=7.75896e-12 -0.00230258 0.00274131 -0.00476559 0.000111076 0.000751372 0.000452014 0.000288981 -5.77e-05 -1.87364e-05 0.000126605 0.000224114 0.000935826 -0.000296281 3.71677e-05 0.000204411 9.18626e-05 0.000511104 -0.000117758 0.000209059 -8.12854e-06 -0.000105215 -5.75539e-05 -1.61303e-05 0.000110329 -4.98059e-05 1.02272e-06 -0.00024028 -5.22325e-05 -1.04399e-05 0.000428633 3.69434e-05 0.000186632 -0.000109781 -7.71995e-05 -4.20341e-05 -9.48816e-05 -0.000198372 -0.000269821 -0.000293043 -0.000765943 -0.000593173 -8.90444e-05 0.000112099
internal_weight=2412 111 85 59 2301 480 441 420 1821 1767 399 378 93 60 1644 756 684 228 456 196 285 888 823.5 420 249 144 741 114 648 591 78 400 198 202 513 475.5 408 272 244 114 123 82 70 136
internal_count=1533 93 79 53 1440 480 441 420 960 936 399 378 93 60 858 429 393 131 262 110 285 429 396 240 249 84 363 57 315 276 51 230 118 112 225 210 183 122 106 68 78 52 44 61
is_linear=0
shrinkage=0.08


Tree=122
num_leaves=45
num_cat=0
split_feature=37 37 34 37 15 37 32 4 16 4 36 10 32 32 30 37 22 32 37 13 32 37 17 23 36 11 30 2 37 30 30 37 9 37 27 30 3 14 21 34 21 17 1 37
split_gain=0.139958 3.49604 0.375688 0.732227 0.159535 0.103873 0.105245 0.0627708 0.0328908 0.0136777 0.00934903 0.0175683 0.0315693 0.0151589 0.0352913 0.0140857 0.0068059 0.00473681 0.00381897 0.00300684 0.00294905 0.00272708 0.00511977 0.0021145 0.00187613 0.00574874 0.00619844 0.00474422 0.00161036 0.00193981 0.00253352 0.0015789 0.0014472 0.00137466 0.00132047 0.00125126 0.00126681 0.00113069 0.00111093 0.00139202 0.00111175 0.00149803 0.0010129 0.00099183
threshold=16.425000000000004 16.465000000000003 1.0000000180025095e-35 7.8750000000000009 1.7861538866850044 17.070000000000004 1.3 16.545000000000005 9.0399996042251605 17.955000000000002 2.5000000000000004 7.8200000000000012 1.0000000180025095e-35 1.0000000180025095e-35 1.0000000180025095e-35 11.345000000000002 2.0000000000000004 1.3 9.1050000000000022 9.6300000000000008 6.1000000000000005 15.935000000000002 1.1000000000000003 1.1000000000000003 1.5000000000000002 9.0050000000000008 2.1000000000000005 17.590000000000003 2.9600000238418587 8.1000000000000014 6.1000000000000005 8.0300000000000029 9.9800000000000022 10.105000000000002 7.5000000000000009 1.0000000000000002 16.140000000000004 7.8500000000000005 1.1000000000000003 12.000000000000004 4.2000000000000011 4.7000000000000002 16.440000000000001 8.0900000000000016
decision_type=2 2 2 2 2 2 2 2 2 2 2 2 2 2 2 2 2 2 2 2 2 2 2 2 2 2 2 2 2 2 2 2 2 2 2 2 2 2 2 2 2 2 2 2
left_child=2 -2 3 8 -5 6 -3 -8 -1 10 13 16 -13 14 -4 19 -12 -7 -16 37 23 24 -23 -19 25 28 -27 38 -15 30 31 35 -31 -33 -22 -30 -37 -14 39 -26 -40 43 -41 -42
right_child=1 5 9 4 -6 17 7 -9 -10 -11 11 12 15 21 18 -17 -18 20 -20 -21 34 22 -24 -25 27 26 -28 -29 29 32 -32 33 -34 -35 -36 36 -38 -39 40 42 41 -43 -44 -45
leaf_value=-0.0047039073102253795 -0.033865550830960274 0.0077727392424518866 -0.0031572588881039441 0.0061568366842610503 0.014366901629801952 -0.001362808152944559 0.0049334323388480006 -0.0005701467979492413 -0.00051561733028696228 -0.0010564198190228507 -0.0013674412917828672 0.0027793630766682325 0.00033627825026697177 0.00087535958426694085 0.00061027395694206155 0.0016888637948696587 -4.3821499366342879e-05 0.0010183392740076497 -0.00050153348193471801 0.00071642100034902503 -0.00017262363523317902 0.0014489479443397036 -0.00027696436863731256 -2.8327696568643052e-05 0.00012090835684480575 -0.00015484570772347287 -0.0014037152197625901 0.00065380535838711592 -0.0006420263994266006 -6.4820124208927153e-05 -0.00067552214014259242 0.00031406371260027578 0.0004115465097129345 -0.00020353525791274891 -0.00092636950491439731 -0.0003986502085546298 0.00032692848552357066 -0.00012140031479694961 0.00024624406838686102 -0.00056597104395872779 -2.4481136143318751e-06 0.0002328853735648026 -0.00015224913270491311 -0.00059251315254368821
leaf_weight=24 20 24 34 28 33 21 21 36 24 81 27 40 45.5 11.999999999999998 30 44 314 21 58 45 51 22 22 30 78 58.5 45 72 42.5 87.5 55 81.5 76.5 55 21 35 27.5 143.5 126 56 33.5 53.5 117 40
leaf_count=24 20 24 24 22 21 21 21 36 24 36 27 20 20 12 24 26 212 21 34 20 51 22 22 30 53 26 20 32 31 53 25 38 34 45 21 29 11 62 74 31 20 39 52 23
internal_value=3.53363e-11 -0.00181237 0.000204905 0.00478193 0.0105983 0.00103681 0.00332867 0.00145749 -0.00260976 -3.75125e-05 4.23329e-06 0.000250261 0.000677997 -0.000118781 -0.000968258 0.000375643 -0.000148624 -0.00025237 -0.000122508 0.000128712 -6.27827e-05 -3.21284e-05 0.000585992 0.000402653 -5.57372e-05 -0.00015783 -0.000697832 4.63557e-05 -3.95438e-05 -6.33849e-05 -0.000185499 -7.38989e-05 0.000157387 0.000105507 -0.000392466 -0.000307127 -7.93956e-05 -1.12184e-05 -4.04228e-05 -0.000159668 7.78798e-05 -8.91588e-05 -0.000286171 -0.000323572
internal_weight=2412 245 2167 109 61 225 81 57 48 2058 1977 659 318 1318 122 278 341 144 88 234 123 1196 44 51 1152 576 103.5 576 472.5 460.5 296.5 241.5 164 136.5 72 105 62.5 189 504 251 253 127 173 73.5
internal_count=1533 245 1288 91 43 225 81 57 48 1197 1161 387 148 774 82 128 239 144 58 102 123 692 44 51 648 324 46 324 278 266 179 154 87 83 72 71 40 82 292 136 156 82 83 43
is_linear=0
shrinkage=0.08


Tree=123
num_leaves=45
num_cat=0
split_feature=37 32 4 32 37 37 15 15 16 33 37 37 37 30 33 4 11 37 16 6 33 25 28 24 30 30 17 32 37 7 11 13 17 30 15 37 18 19 37 22 31 13 30 35
split_gain=0.11846 3.2316 0.157807 0.0977079 0.185143 0.376219 0.569635 0.360853 0.146673 0.051108 0.0410867 0.0813671 0.0477168 0.0122608 0.0145797 0.0118985 0.00655024 0.00743221 0.0126459 0.0190326 0.00499028 0.00250251 0.00229876 0.00227995 0.00154274 0.00103912 0.00094485 0.000851813 0.000663341 0.00122592 0.000935345 0.000945173 0.000929781 0.00130083 0.00077852 0.000634151 0.00294571 0.00207463 0.00143708 0.00218269 0.00107206 0.000816596 0.000618499 0.0011827
threshold=16.425000000000004 0.3000000000000001 16.515000000000004 1.0000000180025095e-35 7.8750000000000009 9.3250000000000011 1.9073076923076921 1.7580769731448245 9.0349994897842425 0.50000000000000011 2.5300000000000007 2.9500000238418584 4.745000000000001 0.70000000000000007 1.9000000000000001 17.955000000000002 9.9550000000000018 11.245000000000003 6.0550000000000024 11.992692307692311 1.0000000180025095e-35 1.0000000180025095e-35 64.400000000000006 4.4000000000000012 17.600000000000005 27.500000000000004 1.0000000180025095e-35 0.50000000000000011 9.6700000000000017 10.115 8.8950000000000014 7.8650000000000011 1.3 2.5000000000000004 3.2350000000000003 7.4050000000000011 17.200000000000006 11.500000000000002 6.3050000000000006 50.300000000000004 6.1000000000000005 7.4400000000000004 1.5000000000000002 1.5000000000000002
decision_type=2 2 2 2 2 2 2 2 2 2 2 2 2 2 2 2 2 2 2 2 2 2 2 2 2 2 2 2 2 2 2 2 2 2 2 2 2 2 2 2 2 2 2 2
left_child=3 -2 -3 4 10 -6 7 -7 -9 -4 -1 -12 -13 -11 -15 16 17 20 19 -19 26 -16 25 27 -23 28 -5 -20 30 32 31 35 33 -30 -31 36 38 41 39 42 -40 -37 43 -22
right_child=1 2 9 15 5 6 -8 8 -10 13 11 12 -14 14 21 -17 -18 18 23 -21 22 24 -24 -25 -26 -27 -28 -29 29 34 -32 -33 -34 -35 -36 37 -38 -39 40 -41 -42 -43 -44 -45
leaf_value=-0.004045803446012239 -0.032484500369988387 0.0061823378435590052 0.0039181062011491687 -0.00087545081263496762 0.010223872685432433 0.00031942394296466197 -0.0075062062304156523 0.013647683578729631 0.0045785953033538095 -0.0020742816588885725 0.0030288097712521749 -0.0048172935761976992 8.5271560345534937e-05 0.0019444431196011247 -0.0010134489216876252 -0.00097190638935124431 0.0010251935664564371 0.0025794398008535308 -0.00041335360118837066 7.269520866906359e-05 -0.00014370527387875357 1.1113475301061516e-05 -0.00060529514133102365 0.00064885851099259317 -0.00075834287796169516 -0.00038889574866819509 -0.00035561037536423938 2.9365299394522599e-05 -0.00024730421212274591 0.0004095591021080812 0.00031808026203954663 -0.00014833100008467833 -0.00040065856026604967 0.00010849940978611508 -6.9350555893920717e-05 -0.00013092232632741174 -0.00073285064801122211 0.00064483426594071915 9.7386211185066985e-05 0.00075311686664533153 -0.00036685597863260326 0.00018490625033155083 -0.00021727921635222931 0.00053360097350157575
leaf_weight=24 20 33 21 52.5 37.5 67.5 36 25 21 21 30 24 27 21 27 81 40.5 36 33 42 33 81 45 36 21 48 39 177 145.5 45 67.5 187.5 78 120 42 93 33 45 66 39 61.5 120 36 33
leaf_count=24 20 33 21 30 15 36 27 19 21 21 30 24 18 21 27 36 18 21 33 21 33 81 18 18 21 24 24 171 69 21 27 75 39 60 21 42 33 24 30 39 30 48 36 33
internal_value=-7.15258e-12 -0.00166738 0.00107192 0.000188513 0.00154975 0.00305923 0.00126208 0.0040432 0.00950745 0.00019357 -0.00113855 -0.000277141 -0.00222182 -0.000263829 -1.03655e-05 -2.34776e-05 1.93445e-05 -3.8873e-06 0.000342065 0.00122965 -8.22982e-05 -0.00032859 -4.32103e-05 6.06337e-05 -0.000147304 -2.36481e-05 -0.000653879 -4.02048e-05 -9.56631e-06 -8.9888e-05 3.28873e-05 7.11686e-06 -0.000157829 -8.6489e-05 0.000178361 5.92106e-05 -1.9576e-05 0.000151281 6.80891e-05 0.000244086 -0.000126542 4.70093e-05 4.94559e-05 0.000194948
internal_weight=2412 245 225 2167 292 187 149.5 113.5 46 192 105 81 51 171 150 1875 1794 1753.5 324 78 1429.5 129 1338 246 102 1293 91.5 210 1245 430.5 814.5 747 343.5 265.5 87 559.5 301.5 258 268.5 141 127.5 213 102 66
internal_count=1533 245 225 1288 214 118 103 76 40 192 96 72 42 171 150 1074 1038 1020 264 42 756 129 702 222 102 684 54 204 660 210 450 423 168 129 42 348 234 114 201 141 60 90 102 66
is_linear=0
shrinkage=0.08


Tree=124
num_leaves=45
num_cat=0
split_feature=34 35 1 35 33 14 16 34 34 16 14 1 33 34 10 34 33 35 16 32 34 34 24 35 32 32 29 34 31 13 17 17 34 1 33 19 21 34 35 6 27 14 32 29
split_gain=0.130947 1.3337 0.441202 0.0457056 0.0630407 0.04096 0.0267166 0.020565 0.0120688 0.0397036 0.0106727 0.0779916 0.0134492 0.00776943 0.00670004 0.00368985 0.00361377 0.0067371 0.012159 0.00642127 0.00333199 0.00226822 0.00206261 0.00540823 0.00188744 0.00137301 0.00110402 0.000973226 0.000934715 0.000849175 0.000714268 0.000703486 0.00143885 0.000678127 0.000590672 0.000665268 0.000560386 0.000668056 0.000491657 0.00336113 0.00142007 0.00120503 0.00087161 0.00126755
threshold=1.0000000180025095e-35 1.0000000180025095e-35 16.375000000000004 1.0000000180025095e-35 1.0000000180025095e-35 9.9200000000000017 9.0399996042251605 119.60000000000004 13.700000000000005 6.0453846153846165 8.490000000000002 16.485000000000003 1.0000000000000002 32.800000000000011 9.8950000000000014 9.9000000000000039 1.0000000180025095e-35 1.5000000000000002 6.9000000000000012 1.0000000180025095e-35 10.300000000000002 72.000000000000014 11.900000000000002 1.5000000000000002 1.3 5.7000000000000002 12.300000000000002 51.400000000000013 0.3000000000000001 9.1350000000000016 17.200000000000006 1.0000000180025095e-35 9.2000000000000046 14.950000000000001 7.5000000000000009 3.3000000000000003 2.7000000000000006 25.100000000000005 1.5000000000000002 10.105000000000002 5.8000000000000007 7.6750000000000007 3.3000000000000003 1.5000000000000002
decision_type=2 2 2 2 2 2 2 2 2 2 2 2 2 2 2 2 2 2 2 2 2 2 2 2 2 2 2 2 2 2 2 2 2 2 2 2 2 2 2 2 2 2 2 2
left_child=1 -1 6 4 -2 7 -3 10 9 -5 15 -12 -13 -14 22 -6 31 19 -19 -18 28 26 29 -24 33 -15 27 36 -20 30 34 32 -11 -21 38 -36 -17 -38 39 42 -40 -41 -10 -44
right_child=3 2 -4 8 5 -7 -8 -9 14 16 11 12 13 25 -16 21 17 18 20 24 -22 -23 23 -25 -26 -27 -28 -29 -30 -31 -32 -33 -34 -35 35 -37 37 -39 40 41 -42 -43 43 -45
leaf_value=-0.017092957725127537 0.0039068843180743544 -0.0041299931208292643 0.0097737762659336584 -0.0033859559341713236 -0.00076401537137119003 0.0039992750147801069 -0.00035522711851323645 0.0028189815793718607 -0.00025083359153497785 -0.00040179853815407982 0.0053069199834551127 -0.0018800909888176693 0.0015945205666745702 -0.00066025344189256428 0.00084228535686378127 -4.7217942089499794e-05 0.0011468554002099804 -0.0015565184419974684 -5.0055018958004045e-05 2.690659507855096e-05 -0.00071518851401792334 0.00072012450292029172 0.00099250630514385809 -0.0001467808079905808 -0.00041521267396294408 0.00022550971140541758 -0.00041777920252184924 -0.00030971215191212569 0.00045824946195940778 -0.00025561491113707977 0.0003304542019834806 -0.00037640472366991972 -0.0011577004736120051 0.00056751435829533478 -3.4695945934613407e-05 -0.00032557133554170529 0.00061879398785768657 0.00015472351789164046 3.292317269719555e-05 0.00021782347824617835 -0.00048635605971018473 0.00080459037485222033 -0.00034280499087698343 0.00020171668376414139
leaf_weight=30 39 24 33 27 36 21 24 21 84 31.5 21 21 24 21 67.5 51 42 45 43.5 33 33 33 48 60 45 24 33 33 49.5 81 43.5 45 33 27 312 60 27 75 333 42 37.5 48 36 114
leaf_count=30 39 24 15 12 36 21 24 21 48 24 21 21 24 21 30 51 27 18 30 33 24 33 24 24 24 24 33 33 27 36 36 30 18 15 144 30 27 75 162 21 15 24 18 66
internal_value=-2.92432e-11 -0.00268378 0.00265295 0.000129465 0.00082393 0.000551288 -0.00224261 0.000378889 -5.35899e-05 -0.000410702 0.000250463 0.000916926 -0.000107406 0.000432107 6.51862e-05 -6.40303e-06 -0.000222792 -8.63033e-05 -0.000427711 0.000310845 -2.45656e-05 0.000101827 2.48058e-05 0.000359569 -2.35597e-05 -0.000187846 8.65923e-06 8.43177e-05 0.000220494 -5.55061e-06 1.26973e-05 -0.000619169 -0.000788539 0.00027018 -2.63222e-07 -8.16113e-05 0.000169304 0.000277566 4.33098e-05 0.000115289 -1.96355e-05 0.000530766 -4.45098e-05 7.10315e-05
internal_weight=2412 111 81 2301 480 441 48 420 1821 454.5 399 111 90 69 1366.5 288 427.5 318 171 147 126 252 1299 108 105 45 219 186 93 1191 1110 109.5 64.5 60 1066.5 372 153 102 694.5 324 370.5 90 234 150
internal_count=1533 93 63 1440 480 441 48 420 960 282 399 111 90 69 678 288 270 198 99 99 81 252 648 48 72 45 219 186 57 600 564 72 42 48 528 174 153 102 354 177 177 45 132 84
is_linear=0
shrinkage=0.08


Tree=125
num_leaves=45
num_cat=0
split_feature=37 4 34 37 32 15 37 33 35 37 37 10 37 5 33 10 33 30 22 5 2 2 33 34 34 29 34 22 32 37 35 30 17 32 29 17 32 18 10 10 15 17 20 35
split_gain=0.111826 3.2598 0.304282 0.543032 0.129153 0.115438 0.0779231 0.0164341 0.0164175 0.0122681 0.344281 0.143668 0.0137993 0.00646132 0.0119219 0.00633517 0.00592584 0.00368231 0.00294791 0.00260204 0.00236184 0.00209369 0.00165171 0.00155466 0.00159316 0.00524048 0.00132178 0.00114187 0.00112728 0.0107314 0.000943937 0.00068012 0.000660013 0.00058047 0.000527592 0.000468119 0.000460556 0.0005013 0.000389553 0.00041467 0.000397093 0.000464562 0.000457585 0.000540373
threshold=16.425000000000004 16.455000000000002 1.0000000180025095e-35 7.8750000000000009 0.50000000000000011 1.7861538866850044 16.475000000000005 0.70000000000000007 1.5000000000000002 11.703076923076924 11.802307692307695 9.9550000000000018 11.868846153846155 10.105000000000002 6.5000000000000009 9.8250000000000011 1.0000000180025095e-35 17.600000000000005 0.3000000000000001 11.784230769230772 17.545000000000005 17.935000000000006 6.7000000000000002 0.80000000000000016 5.1000000000000023 1.0000000180025095e-35 41.800000000000004 5.4000000000000012 1.0000000180025095e-35 9.5600000000000005 1.5000000000000002 0.70000000000000007 2.1000000000000005 4.6000000000000005 27.500000000000004 11.000000000000002 2.3000000000000003 3.0000000000000004 9.3250000000000011 8.8450000000000006 2.2450000000000001 17.200000000000006 3.0000000000000004 1.5000000000000002
decision_type=2 2 2 2 2 2 2 2 2 2 2 2 2 2 2 2 2 2 2 2 2 2 2 2 2 2 2 2 2 2 2 2 2 2 2 2 2 2 2 2 2 2 2 2
left_child=2 -2 3 8 -3 -5 -6 -8 -1 11 -11 16 -12 18 -15 17 30 22 -14 20 23 -21 33 -18 25 -25 -24 -20 29 -26 -4 32 -29 -9 38 36 -33 -38 39 40 42 -42 43 -30
right_child=1 4 9 5 6 -7 7 15 -10 10 12 -13 13 14 -16 -17 19 -19 27 21 -22 -23 26 24 28 -27 -28 31 34 -31 -32 35 -34 -35 -36 -37 37 -39 -40 -41 41 -43 -44 -45
leaf_value=-0.00058367210944804051 -0.032571279086172578 0.0066780108236707747 -0.00083643226332864471 0.0055331160234553482 0.0050805026044448221 0.012516928319678162 0.0017505448332263364 -0.00061591357524905894 -0.0035427302789563936 -0.0097126312522838511 0.0028824504957689597 0.0046738417641747562 -0.0010037781049807865 0.0019016963045931225 -7.3576683159141495e-05 -0.0016808608245281948 0.0012738781856993834 -0.0010812393833657553 0.0004004917141800332 -0.00071436611640577523 0.00055970670829992737 -2.2588103300049193e-05 0.00083180836579274566 -0.0011384622611556993 -0.00067361981741019669 0.00016303452870084181 4.2786038635919491e-06 -0.00068973108859998842 7.9176584293952945e-06 0.0010532100009275419 -0.00039200087839906869 -0.00012399943377305235 -7.5605564343277369e-05 -8.6669058073312048e-05 -0.00027993847420739549 -0.00024369070306420326 1.6584614705708291e-06 0.00048915564367133706 -0.00017431879901890583 0.00019957044230843032 1.2649710076429996e-05 0.00028292069843188788 0.00017039776153285943 -0.00021059436056287118
leaf_weight=24 20 24 57 28 21 33 27 21 24 24 11.999999999999998 42 21 33 48 21 5.9999999999999991 24 36 60 48 52.5 21 33 42 49.5 30 21 132 51 66 36 24 36 46.5 36 27 27 81 67.5 633 43.5 42 160.5
leaf_count=24 20 24 39 22 21 21 27 21 24 12 6 18 21 21 24 21 6 24 36 24 21 21 21 18 24 42 30 21 75 24 39 36 24 36 24 36 27 27 36 30 312 36 42 75
internal_value=5.57829e-12 -0.00162002 0.000183158 0.00430231 0.00113121 0.00931124 0.000468903 -6.91169e-05 -0.0020632 -3.50089e-05 -0.000470246 5.26482e-05 0.000220774 0.000117407 0.000731164 -0.000390234 -6.35038e-05 -0.000184907 -0.000100638 -2.10376e-05 7.99835e-06 -0.000391536 1.42784e-05 -1.10878e-05 -1.66685e-05 -0.000357564 0.000345026 -9.01473e-06 4.98189e-06 0.000273351 -0.000597957 -9.52266e-05 -0.000362197 -0.000281654 -1.57133e-05 1.20126e-07 9.76445e-05 0.000245407 -5.11691e-06 7.59088e-06 -5.22675e-06 3.00286e-05 -7.65278e-05 -0.000111984
internal_weight=2412 245 2167 109 225 61 201 180 48 2058 345 1713 321 309 81 153 1671 132 228 1548 1435.5 112.5 108 1387.5 1381.5 82.5 51 207 1299 93 123 171 45 57 1206 126 90 54 1159.5 1078.5 1011 676.5 334.5 292.5
internal_count=1533 245 1288 91 225 43 201 180 48 1197 291 906 279 273 45 153 888 132 228 810 765 45 108 744 738 60 51 207 678 48 78 171 45 57 630 126 90 54 606 570 540 348 192 150
is_linear=0
shrinkage=0.08


Tree=126
num_leaves=45
num_cat=0
split_feature=34 37 16 37 0 10 0 30 11 37 16 0 33 30 33 16 15 21 9 27 35 12 30 21 35 31 31 18 19 33 17 21 29 0 29 30 34 30 33 33 29 30 34 6
split_gain=0.138502 1.52734 0.646646 0.0832556 0.166197 0.0645386 0.0624932 0.0155975 0.0121507 0.00637289 0.0151067 0.0171188 0.00610057 0.00512438 0.00462839 0.00327394 0.00263382 0.00451695 0.00207468 0.00173413 0.00133677 0.0013033 0.00104226 0.00125476 0.000979602 0.00577501 0.00322662 0.00287721 0.00178805 0.00133579 0.00142598 0.00131821 0.00126178 0.00123812 0.00128979 0.00202733 0.00125385 0.00114572 0.00103607 0.000803358 0.000887427 0.000662934 0.000660263 0.000598268
threshold=1.0000000180025095e-35 7.995000000000001 9.0349994897842425 16.425000000000004 17.070000000000004 8.2800000000000011 16.685000000000006 6.9000000000000012 9.9550000000000018 9.9350000000000005 6.0550000000000024 17.860000000000003 1.9000000000000001 1.7000000000000004 1.0000000180025095e-35 6.0273076923076916 2.0249999999999999 2.1000000000000005 4.8450000000000006 7.5000000000000009 1.5000000000000002 7.8200000000000012 7.3000000000000016 2.5000000000000004 1.5000000000000002 1.0000000180025095e-35 1.0000000180025095e-35 15.500000000000002 12.900000000000002 3.1000000000000005 3.7000000000000006 5.3000000000000016 4.2000000000000011 13.095000000000002 0.70000000000000007 1.3 10.900000000000004 1.0000000000000002 1.7000000000000004 2.8000000000000003 4.2000000000000011 1.3 36.300000000000004 10.105000000000002
decision_type=2 2 2 2 2 2 2 2 2 2 2 2 2 2 2 2 2 2 2 2 2 2 2 2 2 2 2 2 2 2 2 2 2 2 2 2 2 2 2 2 2 2 2 2
left_child=1 2 -1 8 5 -5 7 -7 9 14 11 -11 -6 -14 20 -16 17 -12 -18 -15 -2 22 23 -20 26 -26 -17 29 31 38 41 33 -33 -27 35 -35 -36 -38 -28 -24 -41 -31 -39 -23
right_child=3 -3 -4 4 12 6 -8 -9 -10 10 16 -13 13 19 15 24 18 -19 21 -21 -22 43 39 -25 25 28 27 -29 -30 30 -32 32 -34 34 36 -37 37 42 -40 40 -42 -43 -44 -45
leaf_value=0.01701607175848701 -0.00092609949182305071 -0.012576960918475997 -0.00039296783972531558 0.0076676612564673032 -0.0014613697263190434 0.0024877397995442152 0.0062676819010327256 -0.00035496546088584831 -0.0012163920119335806 0.0018435229177492251 -0.0014397300123458817 4.1345141432953604e-05 0.0011519944109022618 7.8005254930020246e-06 -0.00053902009277689183 0.00074628477771988225 0.0011092813902844985 3.6619094995936996e-05 -0.00043323289824015319 -0.00069729762716275276 -0.00036064082446197668 6.5133568641613236e-05 -0.00015784780748865821 -3.0932012093691238e-06 -0.00079573906236147704 0.00091242975658840594 -1.1663826783963788e-05 0.0007577658767501513 -0.0004699778379966514 -0.00045637581676904424 -0.00057820469141006475 0.00054309584559840071 -2.9019099264138045e-05 1.9392136794825396e-06 0.00067738027019206338 -0.00073060144566827355 -0.00043640048540611237 0.0002010032842785271 0.00045482842828191466 1.4496228347222011e-05 0.00061568249179276102 5.1924966785133399e-06 -2.7217552186318894e-05 0.00042418747466537311
leaf_weight=22 45 53 36 24 21 30 24 21 54 69 21 66 21 69 82.5 42 11.999999999999998 36 69 33 66 54 33 117 64.5 8.9999999999999982 111 30 49.5 24 48 57 43.5 60 18 40.5 36 111 42 30 33 117 301.5 66
leaf_count=16 33 41 36 24 21 30 24 21 24 36 21 33 21 69 33 27 12 36 54 33 39 36 24 87 33 9 75 24 36 15 27 39 21 33 9 18 18 48 24 21 24 66 126 36
internal_value=-7.94775e-12 -0.00276011 0.00621046 0.000133147 0.00153357 0.00405683 0.00290136 0.00131721 -3.22082e-05 -2.99075e-07 0.000216385 0.000962458 -0.000201177 1.3978e-05 -9.42265e-05 -5.14777e-05 2.5422e-06 -0.000507299 7.27377e-05 -0.000220319 -0.000589881 4.17961e-05 -5.21686e-05 -0.000162661 -1.80844e-05 -7.02952e-05 8.1608e-05 6.56388e-06 -5.84464e-06 -5.9331e-05 -0.000201584 2.81163e-05 0.000295464 -1.85303e-05 -3.33074e-05 -0.000293264 2.2696e-05 -3.57892e-06 0.000116393 0.000161911 0.000329403 -7.33723e-05 3.41946e-05 0.000262613
internal_weight=2412 111 58 2301 243 99 75 51 2058 2004 606 135 144 123 1398 1287 471 57 414 102 111 402 282 186 1204.5 790.5 414 372 726 342 189 676.5 100.5 576 567 100.5 466.5 448.5 153 96 63 141 412.5 120
internal_count=1533 93 52 1440 243 99 75 51 1197 1173 420 69 144 123 753 681 351 57 294 102 72 282 210 141 648 390 258 231 357 207 108 321 60 261 252 51 201 192 99 69 45 81 174 72
is_linear=0
shrinkage=0.08


Tree=127
num_leaves=45
num_cat=0
split_feature=37 30 0 32 37 15 15 37 15 37 0 29 35 32 10 30 37 16 0 29 26 8 27 24 21 31 29 2 29 35 3 32 32 21 32 16 37 21 37 37 20 37 20 18
split_gain=0.10961 3.19916 0.11284 0.0852292 0.19878 1.25527 0.481419 0.498892 0.143091 0.248394 0.0758531 0.0646415 0.0276424 0.0124055 0.0116388 0.00821966 0.00684975 0.0122267 0.0313156 0.00501723 0.00186562 0.00253002 0.00160398 0.00136008 0.00118188 0.000918652 0.000874433 0.000820963 0.000933121 0.000731532 0.000965303 0.000623769 0.000681389 0.000757149 0.000562265 0.000530341 0.000490092 0.000624514 0.000451642 0.000550896 0.00127444 0.00100881 0.00467964 0.00172206
threshold=16.425000000000004 1.0000000180025095e-35 17.070000000000004 1.0000000180025095e-35 11.97499990463257 1.8150000357627867 1.8150000357627867 7.8750000000000009 1.7750000500679015 2.9500000238418584 16.765000000000004 8.9000000000000021 1.5000000000000002 3.9000000000000004 9.9550000000000018 1.0000000000000002 11.245000000000003 6.0550000000000024 17.860000000000003 1.9000000000000001 9.5000000000000018 11.703076923076924 7.5000000000000009 4.4000000000000012 0.3000000000000001 1.0000000180025095e-35 11.4 17.400000000000002 0.70000000000000007 1.5000000000000002 16.485000000000003 0.50000000000000011 1.5000000000000002 11.000000000000002 1.5000000000000002 6.7650000000000006 15.555000000000001 3.0000000000000004 2.3250000000000006 3.7450000000000006 4.7000000000000002 5.535000000000001 4.7000000000000002 15.500000000000002
decision_type=2 2 2 2 2 2 2 2 2 2 2 2 2 2 2 2 2 2 2 2 2 2 2 2 2 2 2 2 2 2 2 2 2 2 2 2 2 2 2 2 2 2 2 2
left_child=3 -2 10 4 6 -6 8 -8 12 -10 11 13 -1 -3 16 -4 20 18 -18 -17 21 24 -21 31 25 -5 27 28 34 30 -30 -19 -33 36 -27 -31 37 -34 -26 40 -40 42 -41 -43
right_child=1 2 15 14 5 -7 7 -9 9 -11 -12 -13 -14 -15 -16 19 17 23 -20 22 -22 -23 -24 -25 38 26 -28 -29 29 35 -32 32 33 -35 -36 -37 -38 -39 39 41 -42 43 -44 -45
leaf_value=0.0014301687905875346 -0.032265934914350515 0.0016177015658468009 -0.0017212912144272455 -0.00044444128420824804 0.016031836174042836 -0.0084700979681118678 2.0214607732163533e-05 0.01286010389271028 -0.00054345978061772057 -0.010492176657606815 0.0076066368765064655 0.0056788238257701905 -0.0013412994000257231 -0.0011321082094218583 -0.0011741037846163466 0.0011175033157979626 0.0029712758554766576 -0.00036566191748010386 3.8037530682755242e-05 -4.6704258776218111e-05 -0.00041385131440846261 0.00047988609944143871 -0.00076973825330949486 0.00048585988865751357 -0.00048258949071168901 -6.9627834320638702e-05 -0.00043600697332294661 -0.00041176315158649926 -0.00041324408059673648 5.2222042869872009e-05 6.2463839735405955e-05 0.00032382991889284715 -0.00058597735579436023 0.00025047856822816862 -0.00042223735561683069 0.00037060030644723012 3.1732385247653607e-06 -3.846786654321477e-05 -0.00011457239898542563 0.00046204888261854651 0.00073880245155167018 -1.2132956052767032e-05 -0.00095809654417363082 0.00048508756958957146
leaf_weight=42 20 21 21 60 32 23 45 34 36 29 21 21 51 21 54 21 36 33 66 72 88.5 58.5 27 36 11.999999999999998 64.5 48 42 42 97.5 78 36 30 36 52.5 51 51 24 24 27 21 625.5 33 48
leaf_count=24 20 21 21 30 32 23 36 16 36 23 21 21 24 21 24 21 21 33 33 72 36 24 27 18 12 42 21 18 24 39 39 36 27 36 30 24 51 21 24 27 21 300 33 30
internal_value=-8.85229e-12 -0.00160388 0.00112163 0.000181334 0.00145268 0.00578557 0.000447158 0.00554624 -0.00210239 -0.00498212 0.00344276 0.00205481 -8.96686e-05 0.000242797 -1.66566e-05 -0.000261172 1.76664e-05 0.000336882 0.0010733 -5.65058e-06 -5.77491e-05 -3.49863e-05 -0.000243895 3.15386e-05 -5.77013e-05 -0.000149466 -0.000112245 -7.58931e-05 -3.93003e-05 4.28611e-05 -0.000104034 -4.6345e-05 1.31887e-05 -6.6124e-05 -0.00022785 0.000161564 -0.000174673 -0.00034264 4.462e-06 1.19695e-05 0.000283669 -4.69915e-06 -0.000319031 2.33037e-05
internal_weight=2412 245 225 2167 292 55 237 79 158 65 84 63 93 42 1875 141 1821 348 102 120 1473 1384.5 99 246 1326 535.5 475.5 427.5 385.5 268.5 120 210 177 141 117 148.5 105 54 790.5 778.5 45 733.5 60 673.5
internal_count=1533 245 225 1288 214 55 159 52 107 59 84 63 48 42 1074 141 1050 276 54 120 774 738 99 222 714 267 237 216 198 126 63 204 171 135 72 63 99 48 447 435 45 390 60 330
is_linear=0
shrinkage=0.08


Tree=128
num_leaves=45
num_cat=0
split_feature=34 1 36 36 37 0 30 4 33 37 10 10 37 30 36 2 37 37 2 36 31 16 14 16 16 0 16 33 5 16 25 33 30 33 22 32 21 33 37 37 16 33 33 32
split_gain=0.133148 1.6148 1.58089 1.08916 0.0818391 0.152544 0.100573 0.0580339 0.0319037 0.0122626 0.303938 0.129842 0.0111526 0.00709734 0.006415 0.0111412 0.00993889 0.00795908 0.00928159 0.00594652 0.0122932 0.0181502 0.0100066 0.0188271 0.00977921 0.00463601 0.00509528 0.0029808 0.00286973 0.00284054 0.00271315 0.00178287 0.00225652 0.00171152 0.00152204 0.00183005 0.00128335 0.00107455 0.00234901 0.000807829 0.000807467 0.00051343 0.000743027 0.000468677
threshold=1.0000000180025095e-35 16.415000000000003 1.5000000000000002 2.5000000000000004 16.425000000000004 17.150000000000002 0.3000000000000001 16.505000000000006 1.7000000000000004 11.703076923076924 9.8950000000000014 9.9550000000000018 11.868846153846155 1.0000000000000002 2.5000000000000004 16.175000000000004 16.185000000000006 12.049615384615388 16.175000000000004 2.5000000000000004 1.0000000180025095e-35 6.6350000000000016 8.3850000000000033 6.6500000000000012 6.0350000000000028 14.640000000000002 8.9950000000000028 1.0000000180025095e-35 8.1450000000000014 8.9650000000000016 1.1000000000000003 10.800000000000002 10.800000000000002 0.70000000000000007 4.0000000000000009 0.50000000000000011 5.0000000000000009 7.8000000000000007 10.010000000000002 7.9350000000000014 6.1050000000000013 1.3 0.70000000000000007 6.7000000000000002
decision_type=2 2 2 2 2 2 2 2 2 2 2 2 2 2 2 2 2 2 2 2 2 2 2 2 2 2 2 2 2 2 2 2 2 2 2 2 2 2 2 2 2 2 2 2
left_child=1 2 -1 -4 9 6 -6 -8 -9 11 12 19 -11 -7 16 36 17 -14 34 20 21 -2 25 -24 -22 26 -21 -26 -27 -23 -15 32 -32 -25 -19 -36 -16 38 39 -30 -29 42 -42 -43
right_child=4 -3 3 -5 5 13 7 8 -10 10 -12 -13 14 30 15 -17 -18 18 -20 22 24 29 23 33 27 28 -28 40 37 -31 31 -33 -34 -35 35 -37 -38 -39 -40 -41 41 43 -44 -45
leaf_value=-0.012334318620673681 -0.0024398818148498929 -0.020152804473271738 0.021105754134833211 -0.0013529495923564985 0.0087687253100531444 -0.0015835878980301676 0.0059037028921496435 0.0032884639294611085 -0.00041959937266779673 0.0025735762311766548 -0.0091525357340772953 0.0044474607954422636 -0.0012088486790058338 0.00083735108841210605 -0.00028540190104849457 0.0017383796783785024 -0.0017001609527505935 0.00061857697670347994 0.0016354659674330974 -0.0014587868029872577 -0.00098741487320512544 -0.00063854341208934788 0.0019548477291470709 0.0005185356824611775 -0.0005957022277960697 0.0010612897509161164 -6.4101956224093507e-05 0.00028240502926788917 0.00010403961483989992 0.00038773869721418514 -6.7243376074151861e-05 0.00025028001755858081 -0.001110728105663189 -7.2565405869213815e-05 -0.00083196659153327349 1.5801769206353296e-05 0.0004330889411413899 -0.00021220767489146618 0.00058929959603119645 -0.00029475145223841539 1.213667339087758e-05 2.6781558494967145e-05 0.00037015226220881396 -0.00011336640544343308
leaf_weight=29.5 36 26 29.5 26 21 21 24 27 33 11.999999999999998 24 42 28 21 41 36 24 20 26 30 70 45 50.5 49.5 52 17 38 73 77.5 28 36 39 21 85.5 20 88 26 105 48 56 114 390 55 251
leaf_count=27 16 14 27 25 21 21 24 27 33 6 12 18 14 21 41 24 24 20 16 30 28 20 21 22 32 16 38 32 34 28 36 39 21 38 20 88 26 47 24 26 72 204 36 124
internal_value=-2.60591e-11 -0.00270624 0.00263036 0.0105846 0.000130549 0.001519 0.00381689 0.00257894 0.00124903 -3.33943e-05 -0.000468534 5.42432e-05 0.000180737 -0.000229392 8.78115e-05 0.000603306 -0.000169936 3.18523e-05 0.000257434 -5.61788e-05 -0.000162892 -0.000969849 0.000157248 0.000637105 -7.53713e-05 -8.2358e-05 -0.000679404 -7.09e-06 5.14118e-05 -0.000244901 1.36687e-05 -0.000166512 -0.000451685 0.000144172 -2.24784e-05 -0.000141192 -6.58456e-06 -8.51112e-06 0.00010933 -6.32435e-05 2.75735e-05 4.60715e-06 0.000128651 -2.8097e-05
internal_weight=2412 111 85 55.5 2301 243 105 84 60 2058 345 1713 321 138 309 103 206 182 154 1671 1114 109 557 185.5 1005 371.5 68 935 303.5 73 117 96 57 135 128 108 67 286.5 181.5 133.5 883 810 169 641
internal_count=1533 93 79 52 1440 243 105 84 60 1197 291 906 279 138 273 91 182 158 144 888 592 64 296 81 528 215 68 500 147 48 117 96 57 60 128 108 67 131 84 60 468 436 108 328
is_linear=0
shrinkage=0.08


Tree=129
num_leaves=45
num_cat=0
split_feature=34 36 0 36 35 15 34 34 33 11 33 15 15 34 15 36 11 13 16 16 5 0 32 19 33 0 36 32 32 21 16 35 0 10 0 30 34 36 18 33 15 33 29 24
split_gain=0.112697 1.4142 7.77268 0.785159 0.0370125 0.0495436 0.0691702 0.0298032 0.0132802 0.0117648 0.0115007 0.00846599 0.0162989 0.0240491 0.00632591 0.00477313 0.168095 0.136008 0.0166148 0.0113057 0.00998308 0.00543475 0.00627945 0.00586347 0.00418238 0.00770509 0.00367766 0.0193297 0.0192665 0.00347411 0.0016627 0.00279335 0.00126369 0.00381995 0.002084 0.00096833 0.000954749 0.00097909 0.000911793 0.00078843 0.00067785 0.00108155 0.000868696 0.000633608
threshold=1.0000000180025095e-35 1.5000000000000002 16.415000000000003 2.5000000000000004 1.0000000180025095e-35 0.72499999999999976 9.5000000000000053 119.60000000000004 1.0000000180025095e-35 9.9550000000000018 23.900000000000002 1.2149999999999999 1.5799999999999994 22.200000000000006 1.8342307692307702 1.5000000000000002 9.8950000000000014 9.7450000000000028 6.0550000000000024 6.0550000000000024 11.893461538461539 14.160000000000002 1.0000000000000002 0.3000000000000001 1.0000000180025095e-35 16.565000000000001 2.5000000000000004 1.0000000180025095e-35 1.0000000180025095e-35 2.3000000000000003 6.8650000000000011 1.5000000000000002 14.455000000000002 4.0150000000000015 15.195000000000002 1.3 31.500000000000004 2.5000000000000004 1.9000000000000001 14.900000000000002 2.4650000000000012 6.3000000000000016 6.9000000000000012 4.9000000000000012
decision_type=2 2 2 2 2 2 2 2 2 2 2 2 2 2 2 2 2 2 2 2 2 2 2 2 2 2 2 2 2 2 2 2 2 2 2 2 2 2 2 2 2 2 2 2
left_child=1 -1 3 -3 5 6 -2 8 -7 15 11 -10 13 -13 -14 17 18 19 20 -6 -17 29 23 -23 25 -20 27 -26 -28 -21 43 -32 -30 -34 -35 -36 37 38 -16 40 -29 42 -42 -24
right_child=4 2 -4 -5 9 7 -8 -9 10 -11 -12 12 14 -15 36 16 -18 -19 24 21 -22 22 30 -25 26 -27 28 39 32 -31 31 -33 33 34 35 -37 -38 -39 -40 -41 41 -43 -44 -45
leaf_value=0.010280501741815258 0.0058910707963837515 -2.4497175278762976e-05 -0.044103297098324855 0.020438924299863478 -0.0011065513617359102 0.001922949547180906 0.0001646569760999194 0.0033942382144076483 -0.0013031371748419823 -0.0012078096779684227 0.0018680110087734647 -0.00027274577576290109 -0.0013834577612578869 0.0035558966068284853 -0.00027005593292415145 0.0017184140526310162 -0.0054844638470482703 0.0044036364760767256 -0.0016731521167925427 0.0016013692973647266 0.00036617493844882709 -0.0014773223583439462 0.00017981063344847136 -7.6522846901245039e-05 -0.0018611002402215066 9.6299186762836242e-05 0.0018400820797969458 -5.925385207409889e-05 0.0004327353549582001 0.00014453547541052103 -0.0007677480038255453 0.00015106301506360371 -0.0020536103223760924 0.00079744303991135807 -0.00032463354584049537 3.3789580419983799e-06 -3.1917822298055398e-05 0.00074122106211017 0.00044296128830562033 -0.00029459945003100491 -0.00018604907885951512 0.00047275965303643461 0.00028361816255545073 -0.00014921324700117113
leaf_weight=37 27 24 26 24 72 30 27 21 27 54 24 21 21 21 22 54 36 45 28 20 99 38 223.5 38.5 39.5 36 39.5 217 38 22 40 45 5.9999999999999991 19 72 288 192 23 24 54.5 59 48.5 44 45
leaf_count=31 27 24 14 24 32 30 27 21 27 24 24 21 21 21 22 24 16 20 28 20 44 18 102 24 22 16 22 122 38 22 27 27 6 18 32 132 192 23 24 26 30 26 22 20
internal_value=-2.50681e-11 -0.00248974 -0.00887486 0.0102072 0.000120105 0.000745048 0.00302786 0.000455677 0.000303307 -4.4625e-05 0.000173736 5.78876e-05 0.000171306 0.00164158 -4.76699e-05 -9.07775e-06 -0.000102051 0.000176869 6.76222e-05 -0.000172772 0.000843436 -3.0331e-05 -0.000115171 -0.000772345 -5.23975e-05 -0.000677836 -9.12389e-06 -0.00016864 0.000150392 0.000838266 2.70467e-05 -0.000281319 -7.39191e-06 -5.0833e-05 -1.91268e-05 -6.22235e-05 5.98073e-05 0.000315042 0.000101953 -1.05972e-05 3.14059e-05 0.000161262 1.45855e-05 0.000124667
internal_weight=2412 111 74 48 2301 480 54 426 405 1821 375 351 324 42 282 1767 1178 589 1142 544 153 472 430 76.5 989 64 925 462.5 462.5 42 353.5 85 423 385 379 360 261 69 46 423 368.5 151.5 103 268.5
internal_count=1533 93 62 48 1440 480 54 426 405 960 375 351 324 42 282 936 624 312 608 292 68 260 218 42 540 44 496 248 248 42 176 54 226 188 182 164 261 69 46 226 200 78 52 122
is_linear=0
shrinkage=0.08


Tree=130
num_leaves=45
num_cat=0
split_feature=37 1 34 37 34 4 16 37 37 37 10 37 30 34 37 37 6 25 6 22 29 29 37 0 32 4 27 34 22 21 32 11 30 37 34 22 18 32 30 32 21 37 19 1
split_gain=0.116103 2.97056 0.29992 0.718203 0.0946848 0.0563259 0.0308748 0.0132618 0.0110268 0.261656 0.115817 0.0114432 0.00673673 0.0121608 0.00508134 0.00706203 0.00505281 0.00220522 0.00166423 0.00201221 0.00156647 0.00371246 0.00211043 0.00673122 0.00320746 0.00194463 0.00193252 0.00150988 0.00111964 0.00107095 0.000813054 0.000727888 0.0012625 0.00050934 0.000439099 0.000399132 0.000449461 0.000376303 0.000347317 0.00034536 0.000288245 0.000436271 0.00255376 0.000653491
threshold=16.425000000000004 16.465000000000003 1.0000000180025095e-35 7.8750000000000009 9.5000000000000053 16.545000000000005 9.0399996042251605 11.964615518129792 11.703076923076924 11.802307692307695 9.9550000000000018 11.868846153846155 1.9000000000000001 32.20000000000001 16.195000000000004 16.155000000000005 11.035000000000002 9.5000000000000018 11.974615384615387 0.70000000000000018 0.50000000000000011 0.3000000000000001 9.3250000000000011 16.375000000000004 1.3 17.835000000000004 8.7000000000000011 86.000000000000014 17.300000000000004 0.50000000000000011 5.5000000000000009 9.0050000000000008 2.5000000000000004 11.245000000000003 3.5000000000000004 77.200000000000003 3.0000000000000004 10.800000000000002 0.3000000000000001 4.2000000000000011 23.100000000000005 4.8450000000000006 3.0000000000000004 14.335000000000003
decision_type=2 2 2 2 2 2 2 2 2 2 2 2 2 2 2 2 2 2 2 2 2 2 2 2 2 2 2 2 2 2 2 2 2 2 2 2 2 2 2 2 2 2 2 2
left_child=2 -2 3 6 -3 -6 -1 -5 10 -10 20 -11 16 -14 15 17 -7 18 19 -13 21 22 23 29 -24 26 31 30 -21 -4 -15 33 -33 34 -22 36 -30 -32 -31 -38 41 42 -36 -43
right_child=1 4 8 7 5 12 -8 -9 9 11 -12 14 13 27 -16 -17 -18 -19 -20 28 25 -23 24 -25 -26 -27 -28 -29 35 38 37 32 -34 -35 40 -37 39 -39 -40 -41 -42 43 -44 -45
leaf_value=-0.0050733681923399365 -0.031196980163455013 0.005419784982999166 -0.000349936422661856 0.011123143542896619 0.00400273095612647 -0.0018914589809165114 -0.00101546720135957 0.008756025601178408 -0.0084999512508511545 0.0025836357536415263 0.0042022977263799742 0.00058240122099717452 0.0017781563223494836 -0.00035682943801576691 -0.0010522449528798461 0.0012071558956005095 -0.00013652080969352807 0.00053695098851763072 -0.00072519839624874294 -0.00067672252153334693 -0.00039604960837297969 -0.0010139689475975255 0.00066785576649838036 -0.0012492799734075864 -0.00017178269622452334 0.00041001878467134456 -0.00051782395873291819 -0.00082153758122807457 -0.00020605042678280137 0.00035588260370469286 0.00032154397755706062 -5.0925535381471042e-06 -0.00048999765284221479 0.00026219156631365574 0.00076818585799386108 -0.00036765375198142251 -4.4052011233159447e-05 -0.00011999949762996818 1.4012967003509402e-05 0.00030636847898777989 -0.00021074432736405962 -0.00068262126128603188 -0.00018470563843018482 2.4824240144343223e-06
leaf_weight=24 20 27 42 33 24 21 24 28 24 11.999999999999998 42 30 24 36 24 36 21 42 24 21 18 33 45 37.5 82.5 66 51 21 39 31.5 30 94.5 54 48 30 21 36 21 48 36 39 8.9999999999999982 45 897
leaf_count=24 20 27 42 15 24 21 24 28 12 6 18 27 24 36 24 36 21 21 12 21 18 21 21 15 39 27 21 21 39 27 30 42 24 24 30 21 36 21 30 36 30 9 45 423
internal_value=2.81108e-11 -0.00165071 0.000186628 0.00427615 0.000975627 0.000369606 -0.00304442 0.0100366 -2.99693e-05 -0.000442599 5.31348e-05 0.00015982 -0.000131515 0.000149272 6.56909e-05 0.000159833 -0.00101399 8.41261e-06 -9.88271e-05 -1.668e-05 -5.1153e-05 -0.00021046 -0.000117909 -0.000312342 0.00012456 -1.34922e-05 -3.5236e-05 -0.000212702 -0.000134147 -2.31638e-05 -6.57417e-05 -1.52992e-05 -0.000181422 7.41643e-06 -4.36508e-06 -4.7828e-05 1.26795e-05 0.000139732 0.000149471 0.000131158 2.547e-06 1.10265e-05 0.000196451 -4.32324e-06
internal_weight=2412 245 2167 109 225 198 48 61 2058 345 1713 321 174 132 309 285 42 249 207 183 1671 319.5 286.5 159 127.5 1351.5 1285.5 108 153 121.5 87 1234.5 148.5 1086 1038 132 111 51 79.5 72 1020 981 75 906
internal_count=1533 245 1288 91 225 198 48 43 1197 291 906 279 174 132 273 249 42 213 192 180 888 195 174 114 60 693 666 108 153 99 87 645 66 579 555 132 111 51 57 72 537 507 75 432
is_linear=0
shrinkage=0.08


Tree=131
num_leaves=45
num_cat=0
split_feature=34 37 1 37 4 34 10 1 33 37 16 5 36 14 31 14 32 16 15 21 15 32 33 29 22 16 36 33 19 1 27 34 34 22 19 32 37 29 37 18 1 34 19 32
split_gain=0.121159 1.26942 0.692803 0.070446 0.164131 0.0915758 0.0116745 0.00738775 0.00672459 0.00468932 0.013277 0.0275113 0.00463458 0.00962162 0.01561 0.009556 0.0136647 0.00535766 0.005125 0.00846725 0.00417941 0.00518851 0.00311792 0.00294298 0.00234274 0.00181873 0.00164612 0.00164014 0.0015714 0.00145941 0.00325565 0.00117884 0.00110459 0.00110169 0.000889517 0.0016936 0.000917189 0.000645882 0.000933768 0.000636106 0.000610186 0.000565365 0.000596006 0.00048121
threshold=1.0000000180025095e-35 7.995000000000001 11.984999656677248 16.425000000000004 16.505000000000006 9.5000000000000053 9.9550000000000018 16.590000000000003 1.0000000000000002 11.245000000000003 6.0550000000000024 11.893461538461539 2.5000000000000004 8.3850000000000033 0.70000000000000007 8.1850000000000023 1.0000000180025095e-35 6.0350000000000028 2.1500000000000008 0.90000000000000013 1.9073076923076921 0.70000000000000007 0.3000000000000001 1.9000000000000001 0.70000000000000018 6.0550000000000024 1.5000000000000002 0.3000000000000001 0.3000000000000001 17.820000000000004 6.2000000000000011 2.9000000000000021 72.000000000000014 0.50000000000000011 5.9000000000000012 8.1000000000000014 9.1850000000000005 12.300000000000002 15.4 13.900000000000002 16.475000000000005 12.700000000000003 0.90000000000000013 2.3000000000000003
decision_type=2 2 2 2 2 2 2 2 2 2 2 2 2 2 2 2 2 2 2 2 2 2 2 2 2 2 2 2 2 2 2 2 2 2 2 2 2 2 2 2 2 2 2 2
left_child=1 2 -1 6 -5 -6 9 -7 -9 12 11 -11 15 18 -15 24 -17 -18 19 -14 21 -12 -19 -10 26 -26 -2 -20 33 30 -25 -27 34 -22 35 36 -29 38 39 -30 -24 42 -33 -16
right_child=3 -3 -4 4 5 7 -8 8 23 10 20 -13 13 14 43 16 17 22 27 -21 28 -23 40 29 25 31 -28 32 37 -31 -32 41 -34 -35 -36 -37 -38 -39 -40 -41 -42 -43 -44 -45
leaf_value=-0.0012384041859250931 0.00099250709673819634 -0.011531194690263495 0.016781245944174853 0.0069527424226204565 0.0049862022421978134 0.0010860588840406501 -0.0011883235115695884 -0.0015634179944615989 0.00067435212309161819 0.0028162937114636108 -0.0016516250323149421 6.6989967740620636e-05 -0.0020320100946859881 0.001651075431680093 0.00028094383534044029 -0.0016506607306224328 -0.00090019973806504687 -0.00071837590634822839 0.00054934290739206163 0.00010046460647852374 8.5647426867147995e-05 2.501646524588405e-05 -0.00021974016239659653 -8.1173929103993262e-05 -0.00080866591797934637 -0.0009579282533377409 9.2286247974978053e-05 0.00013598432357551303 -0.00041037709478081928 0.0003184995002084179 -0.0012463977897451037 -4.3832608498632907e-05 -0.00035674897883431747 0.00065535143255773516 -0.0002450194208120758 0.00054411192652251985 -0.00033265872193234306 -0.00042915556026855482 0.00024862883284610386 0.00012133146199630574 9.054461776913128e-05 -4.9346709712022513e-06 0.00048011771868914369 -3.9889000187434212e-05
leaf_weight=36 26 53 22 30 27 33 54 21 30 36 21 66 22 61 50 54 70 45 32.5 26 42 27 54 57 18 7.9999999999999991 26 73.5 36 24 21 24 59.5 45 55 45 42 24 60 24 163 561 33 74.5
leaf_count=36 20 41 16 30 27 33 24 21 30 21 21 33 22 27 22 24 28 20 20 26 30 27 24 57 8 8 20 33 33 24 21 24 28 36 32 25 21 24 60 24 72 300 28 32
internal_value=4.62524e-12 -0.00258152 0.00559664 0.000124532 0.00141272 0.000632436 -2.75718e-05 4.379e-07 -0.000233716 3.70597e-06 0.000256282 0.00103733 -5.55865e-05 0.000135597 0.000602647 -0.000151178 -0.000470424 -0.000278458 -0.000108109 -0.00087692 -2.92627e-05 -0.000708514 -0.000112344 -2.21721e-05 2.58747e-05 -1.58321e-05 0.000542397 1.18999e-05 0.00011188 -0.000227032 -0.000394888 6.96506e-06 -5.16161e-05 0.000380322 3.26318e-05 0.000127777 -3.44313e-05 -5.03029e-05 2.54676e-05 -0.000197694 1.33309e-05 1.94556e-05 0.000259507 8.89595e-05
internal_weight=2412 111 58 2301 243 213 2058 186 153 2004 381 102 1623 541 185.5 1082 386 332 355.5 48 279 48 262 132 696 644 52 307.5 231 102 78 626 275 87 215.5 160.5 115.5 144 120 60 217 618 57 124.5
internal_count=1533 93 52 1440 243 213 1197 186 153 1173 309 54 864 288 81 576 168 144 207 48 255 48 116 132 408 368 40 159 207 102 78 360 139 66 111 79 54 141 117 57 96 352 52 54
is_linear=0
shrinkage=0.08


Tree=132
num_leaves=45
num_cat=0
split_feature=37 34 34 37 4 33 35 30 37 12 4 24 33 25 36 14 2 37 33 36 31 31 29 8 3 25 28 0 14 0 30 37 36 5 28 0 30 0 0 34 37 1 30 32
split_gain=0.112268 2.95896 0.278944 0.692741 0.157631 0.0264374 0.0167972 0.0127761 0.0102855 0.229365 0.0751015 0.00978605 0.00776908 0.00692019 0.00596064 0.0157207 0.00995854 0.00526431 0.00292366 0.00320497 0.018322 0.0135967 0.0111523 0.00240724 0.00202198 0.00182283 0.00163313 0.00137865 0.00308114 0.00198171 0.00168556 0.00114485 0.00297027 0.00537891 0.000791045 0.000693333 0.00120518 0.000655213 0.000882954 0.000532962 0.000585853 0.000860375 0.00041035 0.000322634
threshold=16.425000000000004 8.7000000000000046 1.0000000180025095e-35 7.8750000000000009 16.505000000000006 0.50000000000000011 1.5000000000000002 1.0000000000000002 11.703076923076924 9.8000000000000025 17.955000000000002 13.000000000000002 4.6000000000000005 1.1000000000000003 2.5000000000000004 8.3850000000000033 16.175000000000004 11.964615518129792 1.0000000180025095e-35 2.5000000000000004 1.0000000180025095e-35 1.0000000180025095e-35 1.0000000180025095e-35 10.045000000000002 17.515000000000004 1.0000000180025095e-35 57.20000000000001 14.455000000000002 3.4000000000000004 15.195000000000002 1.3 9.7850000000000019 2.5000000000000004 9.7600000000000016 57.20000000000001 13.895000000000001 1.0000000000000002 14.200000000000001 15.280000000000003 71.100000000000023 7.7950000000000008 16.165000000000003 7.5000000000000009 4.6000000000000005
decision_type=2 2 2 2 2 2 2 2 2 2 2 2 2 2 2 2 2 2 2 2 2 2 2 2 2 2 2 2 2 2 2 2 2 2 2 2 2 2 2 2 2 2 2 2
left_child=2 -2 3 6 -3 -6 -1 -7 10 11 18 14 13 -9 15 23 37 -5 31 21 -21 22 -20 35 27 -14 -27 -22 -29 -30 -31 32 33 -4 -23 -10 -37 -16 -39 40 -32 -42 -43 -38
right_child=1 4 8 17 5 7 -8 12 9 -11 -12 -13 25 -15 16 -17 -18 -19 19 20 24 34 -24 -25 -26 26 -28 28 29 30 39 -33 -34 -35 -36 36 43 38 -40 -41 41 42 -44 -45
leaf_value=-0.0015656449024875961 -0.03111172989010811 0.0063965229392051693 0.00087750074732217151 0.010469424218842479 0.0028487492867168931 -0.0020065008593346213 -0.0045587251878653964 0.0017825972761406942 -0.00037394257898085929 -0.0079677028208971021 0.0032798785525891515 0.0016940053071205815 -0.0009694953272784395 -8.4412177190339811e-05 0.00032470647965303877 -0.0017510148991520206 0.0016824169165920466 0.0089780392763870107 -0.0021579112901485391 0.0018163017942746985 0.00042178025138319325 1.7081040286556085e-05 -0.00024442671628838235 0.00074406151830529177 0.00047020117644008179 9.9991031558857414e-05 -0.00068669168802443898 -0.0018821060843765736 0.00074126801600581712 -0.00047265187903706518 0.0002357016360937533 -0.00078690462422350215 -0.00091154744142088397 -0.00066424077625075971 -0.00031296883386616807 0.00047812188678653908 -0.00030465387424234963 -0.00058685002682198374 0.00012346337953204057 -0.00025572115482499049 -0.00035256047979339791 -5.1424055510830735e-05 0.00023836343716830016 3.8985750353377726e-05
leaf_weight=24 20 30 28 33 21 21 24 27 32 24 45 24 21 24 22 36 32 28 35 39.5 38 902 44 30 57 57 24 5.9999999999999991 19 63 66 36 29 30 49 30 34 21 24 49.5 43.5 83.5 50 36
leaf_count=24 20 30 28 15 21 21 24 27 32 12 18 12 21 24 22 20 22 28 20 22 38 476 24 26 24 57 24 6 18 28 30 18 20 12 20 30 34 21 24 22 21 38 23 36
internal_value=-8.08005e-12 -0.00162322 0.00018352 0.00412744 0.000997985 0.000167441 -0.00306219 -0.000156166 -2.5366e-05 -0.000423886 5.48962e-05 0.000140138 9.78021e-05 0.000904005 1.45731e-05 -0.000238848 0.000521416 0.00978485 -3.21087e-05 -2.22435e-06 0.000160725 -8.36991e-05 -0.00109217 9.71889e-05 2.31956e-05 -0.000305299 -0.0001331 -3.76869e-05 -8.35732e-05 -5.47583e-05 -9.73026e-05 -0.000407485 -0.000250484 8.00482e-05 7.5316e-08 -4.98277e-05 5.38891e-05 -3.30923e-05 -0.000208016 -1.64581e-05 3.22806e-05 -4.35713e-05 5.71106e-05 -0.000127925
internal_weight=2412 245 2167 109 225 195 48 174 2058 345 1713 321 153 51 297 198 99 61 1668 1545 515 1030 79 162 475.5 102 81 418.5 380.5 374.5 355.5 123 87 58 951 132 100 67 45 292.5 243 177 133.5 70
internal_count=1533 245 1288 91 225 195 48 174 1197 291 906 279 153 51 267 178 89 43 888 810 270 540 44 158 248 102 81 224 186 180 162 78 60 40 496 132 100 67 45 134 112 82 61 70
is_linear=0
shrinkage=0.08


Tree=133
num_leaves=45
num_cat=0
split_feature=10 36 14 3 22 37 33 11 4 15 15 15 37 31 9 35 37 16 4 36 31 16 0 37 15 16 31 27 37 22 15 22 29 15 22 16 20 37 19 29 37 29 15 19
split_gain=0.0994917 0.146552 0.845461 4.06678 0.908621 0.607259 7.69416 0.646722 0.583878 0.287019 2.05795 1.27841 0.122342 0.237504 0.0294664 0.0217326 0.0169888 0.00873366 0.00864724 0.00809197 0.0157105 0.0135654 0.00700459 0.00391772 0.00383133 0.00366348 0.00299006 0.00218839 0.00212076 0.00462716 0.00977678 0.00287601 0.00171186 0.00143682 0.00139731 0.00119361 0.00119039 0.00161829 0.000972459 0.00102988 0.00126376 0.00222312 0.00090968 0.000811361
threshold=1.1549999713897707 1.5000000000000002 8.2800000000000011 16.465000000000003 1.0000000180025095e-35 16.415000000000003 0.70000000000000007 1.6799999833106998 16.485000000000003 1.8492307692307708 1.7750000500679015 1.9703846153846161 9.9550000000000018 1.5000000000000002 9.8350000000000026 1.0000000180025095e-35 9.9550000000000018 6.0550000000000024 17.650000000000002 2.5000000000000004 1.0000000180025095e-35 6.6650000000000018 17.845000000000002 3.0300000000000007 0.22999999999999957 6.5600000000000014 2.5000000000000004 7.5000000000000009 5.3900000000000015 65.700000000000017 2.1715384615384621 72.800000000000011 19.000000000000004 0.034999999999999261 5.4000000000000012 6.8350000000000017 0.3000000000000001 11.470000000000001 1.5000000000000002 11.100000000000001 10.435000000000002 4.6000000000000005 0.29999999999999899 5.0000000000000009
decision_type=2 2 2 2 2 2 2 2 2 2 2 2 2 2 2 2 2 2 2 2 2 2 2 2 2 2 2 2 2 2 2 2 2 2 2 2 2 2 2 2 2 2 2 2
left_child=-1 2 4 -4 -2 7 -7 -3 -8 10 16 -11 18 -14 -10 -15 19 22 26 21 -21 -9 -13 -6 -22 27 -5 -16 29 30 -19 36 34 -23 -25 -26 37 -30 -36 40 43 -42 -35 -40
right_child=1 5 3 12 23 6 8 9 14 11 -12 17 13 15 25 -17 -18 28 -20 20 24 33 -24 32 35 -27 -28 -29 31 -31 -32 -33 -34 42 38 -37 -38 -39 39 -41 41 -43 -44 -45
leaf_value=-0.0048289995668111029 -0.011301905213855209 0.011773401324482013 0.028576770105592716 -0.00059312684779875299 0.001135170730274348 -0.04407538871246356 0.014809277284713018 -0.0019844989333715705 0.0024522723999689335 0.0154748564089338 -0.019840552777152611 0.0015706948805600405 0.0089043821853895984 0.0016715103754152854 0.00033812119993136116 -0.0013997161960036591 -0.0016004169698183735 -0.0010362305643502622 -0.0014374758586287498 0.001934921551810604 0.00084682091349555597 0.00049553276566823695 0.00033141253084910139 0.00033400966062410069 4.2703623686166888e-05 -0.0011749427694863139 0.00020739132275072035 -0.00061437738369792124 2.4785790592432023e-05 -0.0014525012513622643 0.0011641863709034321 0.00067942088115073378 0.00051417005038820207 -0.00067891544145014552 -0.00030428038687523219 -0.00049193797413917147 -6.0621695316702403e-05 0.00061831901881045535 0.00010755971792272069 -0.00038144557474133298 -2.7350091778144642e-05 0.00094920392744243147 -6.5229624599116306e-05 -0.00029672344352888027
leaf_weight=27 50 30 38.5 58.5 21 27 21 27 32 36 37 40 30 30 38 29 45 28 50 35.5 31 26.5 108 56 72 26 61 26 98 20 24 42 40 18 101.5 42.5 508 42 71 39 37 25 109.5 57.5
leaf_count=27 34 30 21 26 21 27 21 12 32 26 20 20 23 30 38 14 34 28 21 18 14 12 48 41 32 26 27 26 44 20 24 36 24 8 63 30 282 34 41 27 34 20 62 35
internal_value=4.70636e-12 5.46679e-05 0.000941531 0.00431976 -0.0010732 -0.000388763 -0.0049073 0.000152189 0.00248807 -9.8629e-05 -0.00177663 0.000688932 0.000707018 0.00310882 0.000367205 0.000161924 -0.000134455 0.000103994 -0.000554105 4.77776e-05 0.000426014 -0.000330458 0.000666354 6.83982e-05 5.78608e-05 -0.000374152 -0.000184494 -4.88313e-05 -5.23064e-06 -0.000418389 -2.06535e-05 3.78815e-05 1.59339e-05 -4.04643e-05 -3.55633e-05 -0.000155744 -3.69971e-06 0.000202846 -9.80893e-05 -6.898e-06 6.9781e-05 0.000366422 -0.000151868 -7.33452e-05
internal_weight=2412 2385 795 297 498 1590 170 1420 143 1390 444 946 258.5 89 122 59 407 910 169.5 362 181 181 148 448 145.5 90 119.5 64 762 72 52 690 427 154 387 114.5 648 140 331 229.5 190.5 62 127.5 128.5
internal_count=1533 1506 502 162 340 1004 170 834 143 804 242 562 141 67 122 44 222 536 74 188 94 94 68 306 76 90 53 64 468 72 52 396 285 82 261 62 360 78 220 157 130 54 70 76
is_linear=0
shrinkage=0.08


Tree=134
num_leaves=45
num_cat=0
split_feature=34 36 15 36 37 30 0 29 3 11 10 29 36 16 16 37 37 2 29 11 37 32 19 0 34 27 0 0 15 32 36 15 16 37 34 34 6 32 4 4 37 18 36 37
split_gain=0.135787 1.16538 6.7868 1.46129 0.0905474 0.157872 0.0590275 0.0260323 0.0456601 0.0104409 0.010163 0.00673507 0.0196322 0.0337388 0.0151803 0.00628368 0.00892384 0.00471148 0.00337369 0.00306004 0.0029946 0.00669392 0.00289231 0.00193905 0.00172029 0.00165585 0.00137698 0.00097073 0.000699886 0.000829374 0.00275929 0.00214959 0.000748526 0.000685504 0.000956383 0.00108296 0.000760735 0.00160309 0.000513621 0.000863423 0.00123259 0.00297967 0.00259697 0.00375126
threshold=1.0000000180025095e-35 1.5000000000000002 1.7950000762939455 2.5000000000000004 16.425000000000004 0.3000000000000001 17.070000000000004 9.4000000000000004 16.685000000000006 9.9550000000000018 9.9200000000000017 1.0000000180025095e-35 2.5000000000000004 6.6350000000000016 6.955000000000001 11.245000000000003 11.868846153846155 17.325000000000003 1.3 9.7450000000000028 16.155000000000005 1.7000000000000004 1.0000000180025095e-35 16.740000000000006 75.800000000000011 7.5000000000000009 17.955000000000002 17.515000000000004 2.1500000000000008 0.70000000000000007 1.5000000000000002 1.78 6.6750000000000016 8.6700000000000017 75.800000000000011 52.800000000000011 10.105000000000002 3.3000000000000003 17.345000000000002 16.175000000000004 7.0900000000000007 17.200000000000006 1.5000000000000002 5.2400000000000011
decision_type=2 2 2 2 2 2 2 2 2 2 2 2 2 2 2 2 2 2 2 2 2 2 2 2 2 2 2 2 2 2 2 2 2 2 2 2 2 2 2 2 2 2 2 2
left_child=1 -1 3 -3 9 -6 7 8 -7 10 11 12 13 -2 -14 19 -17 -8 -19 28 24 -22 23 -15 26 27 -18 -20 29 30 -13 -32 -31 38 35 36 37 -35 39 40 41 42 -30 -44
right_child=4 2 -4 -5 5 6 17 -9 -10 -11 -12 15 14 22 -16 16 20 18 25 -21 21 -23 -24 -25 -26 -27 -28 -29 33 32 31 -33 -34 34 -36 -37 -38 -39 -40 -41 -42 -43 43 -45
leaf_value=0.0088595887132593108 -0.0028401359958066179 0.021320904403362633 -0.042966245236445454 -0.0062387188252519682 0.0077519429599245395 -1.8814491470240884e-05 -0.001192315067996138 0.0050557918234595232 0.004486003778874874 -0.0011383183059041147 0.0012433830363514984 0.00021855838002359616 0.0018069743548690435 -0.00085757884961099192 -0.00047947793482587889 0.0011592402814351247 -2.0885273996146055e-05 0.0010275617592214118 -0.00014792479645823025 -0.00067675970720522339 0.0017692798735307797 -0.0001351251787747498 0.00046266536026572189 -4.3377308692369201e-05 0.00044596816795981591 -0.00058465643770371878 -0.00067097836484511693 0.00046824347103635469 -0.0004050847590243553 -0.00035245473726572079 -0.00028299574542677767 -0.001119524431955402 2.4067121772068457e-05 -0.00055298528082116892 -0.0002831784376219191 0.0002441814065951118 9.3516805496664693e-05 1.4051925092457961e-05 0.00025214010452230773 -0.00010732933567215998 0.00027675705358424054 -0.00086615337835003927 0.0011614068035179605 8.0187135707523862e-06
leaf_weight=37 44 26.5 24.5 23 24 36 21 21 24 54 40.5 47 35.5 39 39 66 159 21 36 49.5 21 27 30 36 45 30 24 30 42.5 40.5 66 28 204 54 108 81 81 78 75 187.5 147 24 26 59
leaf_count=31 24 24 16 22 24 36 21 21 24 24 18 32 18 24 29 33 156 21 36 21 21 27 30 16 24 30 12 30 35 18 36 28 114 27 48 39 39 39 30 75 66 24 26 44
internal_value=3.91915e-11 -0.00273293 -0.00852918 0.00851542 0.000131836 0.00159229 0.000917264 0.00263159 0.00178311 -4.06087e-05 -1.10297e-05 -3.69037e-05 -0.000450314 -0.000980491 0.00061004 1.61981e-05 0.000323569 -8.89674e-05 0.000109069 -5.89956e-05 0.000123735 0.000698052 -0.000201211 -0.000466762 2.826e-06 -9.18509e-05 -0.000106143 0.000132152 -3.63191e-05 -0.000127411 -0.00028193 -0.000532175 -3.83015e-05 1.45972e-07 -7.95892e-05 -4.80136e-06 -9.94849e-05 -0.000217918 5.72824e-05 2.72118e-05 0.000111723 -4.84099e-05 0.000105518 0.00036082
internal_weight=2412 111 74 49.5 2301 243 219 81 60 2058 2004 1963.5 223.5 149 74.5 1740 342 138 117 1398 276 48 105 75 228 96 183 66 1348.5 385.5 141 94 244.5 963 402 294 213 132 561 486 298.5 151.5 127.5 85
internal_count=1533 93 62 46 1440 243 219 81 60 1197 1173 1155 141 94 47 1014 273 138 117 741 240 48 70 40 192 96 168 66 720 228 96 64 132 492 192 144 105 66 300 270 195 129 105 70
is_linear=0
shrinkage=0.08


Tree=135
num_leaves=45
num_cat=0
split_feature=37 0 32 10 32 36 16 16 31 16 0 29 37 10 10 15 16 29 36 0 36 16 16 31 10 2 5 37 14 17 16 37 22 35 33 22 9 23 16 31 32 31 17 14
split_gain=0.0814036 2.7788 0.119427 0.0804463 0.119078 0.376104 9.05032 4.4033 1.84958 0.46459 0.137219 0.0137961 0.00892953 0.18413 0.108717 0.00949936 0.008265 0.011709 0.00705775 0.00423459 0.0030301 0.014844 0.00627286 0.00407702 0.00510081 0.00277145 0.00846513 0.00148818 0.00137618 0.00129431 0.00110199 0.00300992 0.00564563 0.00615597 0.00182659 0.00158569 0.000976631 0.000937432 0.000783962 0.000771905 0.000704828 0.000601117 0.000597478 0.000557269
threshold=16.425000000000004 16.465000000000003 0.70000000000000007 1.1549999713897707 1.0000000180025095e-35 2.5000000000000004 6.6350000000000016 6.6350000000000016 1.0000000180025095e-35 7.1750000000000016 13.265000000000002 19.000000000000004 11.703076923076924 9.8950000000000014 9.9550000000000018 3.0700000000000007 6.8000000000000025 2.1000000000000005 1.5000000000000002 17.325000000000003 1.5000000000000002 6.0550000000000024 6.0057692307692303 5.1000000000000005 8.1550000000000029 17.955000000000002 10.105000000000002 3.0500000000000003 7.3050000000000006 0.50000000000000011 7.1300000000000008 7.2450000000000001 68.500000000000014 1.5000000000000002 1.0000000180025095e-35 20.500000000000004 9.9800000000000022 8.7000000000000011 6.0700000000000012 1.5000000000000002 0.50000000000000011 0.3000000000000001 3.3000000000000003 7.3050000000000006
decision_type=2 2 2 2 2 2 2 2 2 2 2 2 2 2 2 2 2 2 2 2 2 2 2 2 2 2 2 2 2 2 2 2 2 2 2 2 2 2 2 2 2 2 2 2
left_child=3 -2 -3 -1 5 7 -7 -5 -8 -9 -11 16 14 15 20 25 19 -18 -12 -4 21 -6 -22 24 29 26 40 -24 -25 -23 34 32 33 35 -29 -32 -30 -21 -36 -31 -14 -40 -41 -43
right_child=1 2 11 4 12 6 8 9 -10 10 18 -13 13 -15 -16 -17 17 -19 -20 37 22 23 27 28 -26 -27 -28 30 36 39 31 -33 -34 -35 38 -37 -38 -39 41 42 -42 43 -44 -45
leaf_value=-0.0041832186405857405 -0.029958875201642515 0.0053810438837131689 -0.0011617449576173115 0.021002188912183049 -0.0015292996639499859 -0.038604233426562815 0.028246990759349003 -0.013322939118787425 -0.00043949813381129622 -0.0064149647764861588 0.001344715719129525 0.0022867767561581872 -0.00040583983931521121 -0.0071364144670466581 0.0040797994667220684 0.0016807770709662388 0.0023961915785358067 1.9205458552783564e-05 -0.00053749361751126315 0.00014424231265568072 0.0009073370639234782 0.00038449034820516389 -0.00054809825480333534 -0.00013933875726070255 -0.00078734279332453748 -0.0006339003590659963 0.0013737206294511756 0.00046108027257853082 8.0868235133864255e-05 0.00010211265826177213 -0.00067465535597875713 0.00062340259843040257 -0.0010932708248639336 0.001398910234936259 -0.00041309982920304319 0.00021151389361226132 0.00048342066747136413 -0.0004729486057268722 -0.00032694652014308507 -9.7652789507363287e-05 -8.3043672687684496e-07 0.00010871532707919483 -0.00056586416783058224 -6.6353577843564467e-05
leaf_weight=27 20 36 27 62.5 49 29.5 33 33.5 25.5 30 25.5 21 33 24 42 24 21 36 25.5 63 50 38.5 32 60 85.5 36 30 45 67.5 46.5 24 64 26 22 39 28 90 21 45 37 165 153 33 486
leaf_count=27 20 36 27 34 20 16 28 15 18 30 23 21 33 12 18 12 21 36 23 63 20 26 32 38 38 18 18 20 30 32 24 32 26 22 16 28 40 21 20 20 165 76 22 216
internal_value=1.45712e-12 -0.0013822 0.00115795 0.00015627 0.000211021 0.00179839 -0.00247592 0.00392347 0.0157426 -0.00539898 -0.00212179 0.000353555 -1.33266e-05 -0.000404083 6.46747e-05 0.000156945 0.000111903 0.000894937 0.000403611 -0.000290196 -4.61966e-05 -0.000205883 3.36468e-05 -6.42952e-05 -0.000291282 1.84147e-05 0.000121412 -1.16691e-05 0.000186695 -1.76487e-05 6.74908e-06 0.000194996 -7.91836e-05 0.000277117 -3.34496e-05 -0.000197487 0.000310898 -1.00554e-05 -6.42294e-05 -0.000150544 -6.8332e-05 -4.43377e-05 -0.000318381 -2.44357e-05
internal_weight=2412 245 225 2167 2140 265 88 177 58.5 114.5 81 189 1875 312 1563 288 168 57 51 111 1521 507 1014 458 240.5 264 228 964 217.5 155 932 164 100 74 768 52 157.5 84 723 116.5 198 684 70 639
internal_count=1533 245 225 1288 1261 187 62 125 46 91 76 189 1074 258 816 246 168 57 46 111 798 266 532 246 138 234 216 512 108 100 480 132 100 74 348 52 70 84 328 74 198 312 42 292
is_linear=0
shrinkage=0.08


Tree=136
num_leaves=45
num_cat=0
split_feature=34 35 15 8 35 15 33 16 34 15 16 11 34 11 31 31 36 16 34 16 24 36 16 3 32 9 0 33 0 33 18 3 20 15 34 32 21 35 20 4 18 35 15 35
split_gain=0.128341 1.11091 1.02823 0.0664394 0.0383429 0.0830873 0.106438 0.0938788 0.0458533 0.0130565 0.0127165 0.011789 0.00834235 0.00804611 0.00803253 0.00693074 0.0361409 0.0434348 0.00440336 0.00247179 0.00205284 0.00148539 0.0143516 0.00577978 0.00305835 0.00263973 0.00192006 0.00234803 0.00149362 0.0012867 0.00126989 0.00141591 0.00302285 0.00123329 0.00118522 0.00182402 0.00114555 0.00108236 0.000931197 0.000930564 0.00154663 0.00288297 0.00151688 0.00134762
threshold=1.0000000180025095e-35 1.0000000180025095e-35 1.7950000762939455 2.9550000429153447 1.0000000180025095e-35 1.6349999999999998 0.3000000000000001 6.6850000000000014 8.7000000000000046 2.0249999999999999 7.4350000000000032 9.9550000000000018 119.60000000000004 9.8950000000000014 0.3000000000000001 1.0000000180025095e-35 2.5000000000000004 6.6350000000000016 13.100000000000001 8.9650000000000016 13.000000000000002 1.5000000000000002 6.0550000000000024 17.955000000000002 1.0000000180025095e-35 9.9350000000000005 14.280000000000003 0.3000000000000001 14.310000000000002 1.0000000180025095e-35 5.9000000000000012 16.465000000000003 2.3000000000000003 2.5850000000000009 72.000000000000014 11.900000000000002 3.5000000000000004 1.5000000000000002 14.600000000000001 16.140000000000004 8.9000000000000021 1.5000000000000002 2.2600000000000007 1.5000000000000002
decision_type=2 2 2 2 2 2 2 2 2 2 2 2 2 2 2 2 2 2 2 2 2 2 2 2 2 2 2 2 2 2 2 2 2 2 2 2 2 2 2 2 2 2 2 2
left_child=1 -1 3 -3 5 6 -2 -8 -9 14 -10 13 18 15 -7 16 17 -6 -11 -19 21 22 -17 26 -24 30 27 -23 -28 -30 31 32 -26 -32 38 -36 -29 -33 -20 40 42 -42 -31 -44
right_child=4 2 -4 -5 11 9 7 8 10 12 -12 -13 -14 -15 -16 20 -18 19 34 -21 -22 23 24 -25 25 -27 28 36 29 39 33 37 -34 -35 35 -37 -38 -39 -40 -41 41 -43 43 -45
leaf_value=-0.01580767486989498 0.0076960212843758726 -0.0018575994262161354 0.014614587713565146 -0.0075725976539694744 -0.0036447184450096553 -0.0023130034036668284 0.0063015549736363556 0.0033557809757379193 -0.0018380474733809629 0.00097392336519148482 0.0003828687568823101 -0.0012038762243119655 0.0018363642071684203 0.0009575835649889929 -0.00010030873230702821 -0.0012947638856613227 0.0011524764752579393 -0.00061637585279014379 3.2257789642008092e-05 0.00034097692463546991 0.00037936762827768848 -0.0010370232673206678 0.00088223518015673533 0.0009371098592463467 -0.0011881439253089152 0.00026779260633239612 0.0015834187343716621 0.00039383982680737972 0.0005019767903205422 0.00082155651599168783 0.000533782175645746 -0.00035127818631590341 -0.00017876763733388004 -0.00018387758259016734 0.00090875789930578322 -7.7555045330276085e-05 -0.00042595180605227748 0.00014809629982337355 -0.00053118133019389852 -4.0488668632868707e-05 0.00034656449193236133 -0.00054432509802628632 -9.4489695371261667e-05 0.00046831223125270798
leaf_weight=30 21 30 28 23 36 21 21 24 33 39 33 54 21 54 21 58.5 54.5 45 177 28 94.5 24 26 45 28 139.5 3.9999999999999991 20 36 30 29 50 59 32.5 24 24 24 62.5 21 585 46 47 56 53
leaf_count=30 21 30 16 17 16 21 21 24 33 39 33 24 21 24 21 26 32 20 177 28 42 24 16 20 22 62 4 20 16 20 24 25 40 18 24 24 24 25 21 260 32 32 32 32
internal_value=-1.45103e-11 -0.00265693 0.00221371 -0.00433769 0.00012817 0.000764245 0.00247323 0.00148514 0.000361309 0.000116008 -0.000727589 -3.94938e-05 0.00029755 -3.90998e-06 -0.00120666 -3.42198e-05 -0.000529599 -0.00137064 0.000184164 -0.000249172 1.80516e-05 -5.41528e-06 -0.000119728 5.1741e-05 4.14435e-05 -1.31398e-05 8.66905e-06 -0.000400509 4.11359e-05 3.39036e-05 -0.000163293 -0.000261269 -0.000503624 0.000154531 5.89581e-05 0.000415601 -5.33192e-05 -7.38479e-05 -2.75009e-05 1.32786e-05 0.000148856 -0.00010367 0.000317812 0.000179166
internal_weight=2412 111 81 53 2301 480 132 111 90 348 66 1821 306 1767 42 1713 163.5 109 285 73 1549.5 1455 485 970 426.5 400.5 925 68 857 853 261 199.5 87 61.5 246 48 44 112.5 198 817 232 93 139 109
internal_count=1533 93 63 47 1440 480 132 111 90 348 66 960 306 936 42 912 96 64 285 48 816 774 258 516 232 216 496 68 428 424 154 112 62 42 246 48 44 50 198 408 148 64 84 64
is_linear=0
shrinkage=0.08


Tree=137
num_leaves=45
num_cat=0
split_feature=37 29 32 32 37 36 16 15 36 0 2 11 10 29 15 30 23 15 15 16 33 37 12 31 27 29 32 37 36 37 37 19 37 36 9 22 31 31 37 32 0 37 30 31
split_gain=0.0794507 2.4826 0.112771 0.062039 0.202636 0.454495 4.42347 0.80042 0.21079 0.256467 0.0548384 0.0103793 0.00982245 0.0065772 0.00875805 0.0039704 0.00263743 0.00218785 0.00210452 0.00224452 0.00316705 0.00222779 0.00509073 0.00222063 0.00137412 0.00112658 0.000590789 0.00201634 0.00174854 0.00112221 0.00154983 0.000987039 0.000612996 0.000635731 0.00158535 0.00046229 0.000438115 0.00121182 0.000825601 0.00094371 0.0003967 0.000408101 0.000356635 0.000412683
threshold=16.425000000000004 1.0000000180025095e-35 0.70000000000000007 1.0000000180025095e-35 7.8750000000000009 2.5000000000000004 6.6350000000000016 1.78 2.5000000000000004 13.265000000000002 16.505000000000006 9.9550000000000018 9.8950000000000014 1.9000000000000001 1.1199999999999994 37.000000000000007 3.4000000000000004 2.6600000000000006 2.1615384615384623 6.6650000000000018 1.0000000180025095e-35 16.155000000000005 7.8350000000000009 5.9000000000000012 6.6000000000000005 0.70000000000000007 1.7000000000000004 9.6700000000000017 1.5000000000000002 4.1100000000000003 6.3050000000000006 5.0000000000000009 7.5750000000000002 1.5000000000000002 9.8950000000000014 11.600000000000003 6.1000000000000005 7.3000000000000016 11.575000000000001 14.900000000000002 16.740000000000006 8.8450000000000006 7.3000000000000016 2.5000000000000004
decision_type=2 2 2 2 2 2 2 2 2 2 2 2 2 2 2 2 2 2 2 2 2 2 2 2 2 2 2 2 2 2 2 2 2 2 2 2 2 2 2 2 2 2 2 2
left_child=3 -2 -3 4 8 6 -6 -8 9 -1 -4 12 15 -12 -15 18 17 -16 19 23 25 26 -23 -5 -18 -21 27 28 -20 -28 -31 -30 33 -32 -35 -29 42 -38 39 -39 41 -22 43 -34
right_child=1 2 10 11 5 -7 7 -9 -10 -11 13 -13 -14 14 16 -17 24 -19 21 20 40 22 -24 -25 -26 -27 29 35 31 30 32 -33 36 34 -36 -37 37 38 -40 -41 -42 -43 -44 -45
leaf_value=-0.0093847812130115928 -0.026384679357642715 0.0057880000133688249 0.0043719034003359934 -0.00085323877727474877 0.023280916028079534 -0.0027818189665014224 0.00036636618734337391 -0.016535955641132135 0.0034957784701670921 0.00033570019577286746 0.0010008255920062462 -0.0011075660404404281 0.0010807125042278873 -0.001717480645470676 0.0011415927096580466 0.00076836503317786586 -9.2438701540231711e-06 -1.3201165434327862e-05 -0.00033502058781407498 -0.00024300592478423839 -5.3142468613158505e-05 -0.00021667773660738021 0.0014888976283726238 -8.5190203490442245e-05 -0.00077814992872022454 -0.00089811971307628689 -0.0005927792564034462 -0.00064624437970589056 7.12482417200474e-05 0.00053848205922314761 0.00010495153496619957 0.00063711120856597134 3.8627797995494412e-05 3.7985366705635736e-05 -0.00055922189708799118 -0.00026618358521739502 0.00037529930916988414 7.6003579224405416e-05 0.00031266335622166043 -0.00028871760456681704 -0.00015521459292942359 0.00013319307762301631 0.00011834696337200738 -0.00017144334326874008
leaf_weight=32 23 30 21 54 52.5 62 40 32.5 35 38 36 54 54 21 21 40.5 51 21 40.5 31.5 144 24 21 43.5 21 36 18 33 47 39 58 34 126 66 50 54 88.5 145.5 54 66 81 157.5 100.5 114
leaf_count=32 23 30 21 24 30 39 20 29 32 32 36 24 24 21 21 18 51 21 25 24 108 24 21 21 21 21 18 21 30 39 28 20 69 36 20 39 42 66 39 30 36 96 51 60
internal_value=-2.6964e-11 -0.00136552 0.00122656 0.000154385 0.00123907 0.00281824 0.00559587 -0.00721054 -0.00157337 -0.00410795 0.000513835 -1.45365e-05 1.78762e-05 4.00366e-05 -0.000216174 -1.46043e-05 6.03828e-05 0.000564196 -3.29711e-05 -0.000162584 -8.71866e-05 2.7218e-05 0.000579257 -0.000510571 -0.000233508 -0.0005924 5.31167e-06 -0.000116345 9.41738e-05 3.27189e-05 4.51254e-05 0.000308771 2.29712e-05 -0.000111304 -0.000219432 -0.000410345 5.66125e-05 0.000118929 3.34726e-05 -3.78101e-05 1.96866e-06 4.4197e-05 -8.17494e-06 -6.1156e-05
internal_weight=2412 245 222 2167 292 187 125 72.5 105 70 192 1875 1821 171 135 1767 114 42 1726.5 547.5 450 1179 45 97.5 72 67.5 1134 208.5 121.5 925.5 907.5 81 868.5 174 116 87 694.5 354 265.5 211.5 382.5 301.5 340.5 240
internal_count=1533 245 222 1288 214 118 79 49 96 64 192 1074 1050 171 135 1026 114 42 1008 330 285 678 45 45 72 45 633 135 75 498 480 50 441 84 56 60 357 177 135 96 240 204 180 129
is_linear=0
shrinkage=0.08


Tree=138
num_leaves=45
num_cat=0
split_feature=34 37 16 37 0 16 32 0 31 36 16 16 11 36 11 13 16 3 32 16 34 34 34 32 28 31 20 37 0 37 2 37 0 36 37 16 10 21 31 22 0 37 37 37
split_gain=0.0925908 1.08347 0.634129 0.0874786 0.145772 0.0922664 0.132777 0.0198303 0.0189339 0.0624963 0.111587 0.0712992 0.0093475 0.00908358 0.214142 0.158735 0.00908142 0.00524383 0.00253515 0.00231468 0.00166015 0.00164834 0.00378995 0.00296579 0.00155555 0.00130179 0.00185876 0.00265821 0.00117182 0.00165042 0.00115263 0.00113306 0.00100976 0.000998284 0.000770875 0.00092477 0.000762844 0.000711128 0.00160227 0.000457798 0.000491585 0.000422809 0.00101742 0.00103714
threshold=1.0000000180025095e-35 7.995000000000001 9.0349994897842425 16.425000000000004 17.150000000000002 6.6750000000000016 1.3 16.590000000000003 1.0000000180025095e-35 2.5000000000000004 6.6350000000000016 7.0250000000000012 9.9550000000000018 2.5000000000000004 9.8950000000000014 9.7700000000000014 6.0550000000000024 17.955000000000002 1.3 7.1750000000000016 13.700000000000005 12.700000000000003 15.800000000000002 1.0000000180025095e-35 57.20000000000001 4.6000000000000005 0.3000000000000001 7.5300000000000002 17.515000000000004 11.575000000000001 17.515000000000004 7.7300000000000013 14.310000000000002 1.5000000000000002 7.4800000000000013 6.7500000000000018 7.3450000000000015 1.0000000180025095e-35 5.1000000000000005 24.100000000000005 16.455000000000002 3.5200000000000005 3.8950000000000005 4.1950000000000012
decision_type=2 2 2 2 2 2 2 2 2 2 2 2 2 2 2 2 2 2 2 2 2 2 2 2 2 2 2 2 2 2 2 2 2 2 2 2 2 2 2 2 2 2 2 2
left_child=1 2 -1 8 5 -5 -7 -8 9 10 -2 -11 13 14 17 16 -15 21 -6 -12 31 23 -23 -10 30 26 -22 -28 37 -30 -20 -18 -25 -21 -27 39 -29 38 -24 40 -36 -39 -43 -44
right_child=3 -3 -4 4 18 6 7 -9 12 11 19 -13 -14 15 -16 -17 20 -19 24 33 25 22 28 32 -26 34 27 36 29 -31 -32 -33 -34 -35 35 -37 -38 41 -40 -41 -42 42 43 -45
leaf_value=0.015999242690476506 -0.0050995076532390979 -0.010524996048858705 -0.001240472833936413 0.008533604201816378 -0.00097413446044638044 0.0076339448491732275 -0.0010145475363970036 0.0019088715323331681 0.00076002360394626265 0.003994639711830044 -0.00077099964436557562 -0.0012917921316904434 -0.0010189606902982903 0.00089968424155465832 0.0062532064515269468 -0.005732973577484252 -0.00071644439559542784 -0.00078106935791395326 -6.218824232928455e-05 0.00044726226300311584 0.00064451704172277318 -0.00091976299560789405 -0.00043960976671093165 -0.00020028718254373721 -0.00055209124286193401 -0.0003545670460909605 0.00059011023193597794 -0.00050066041853925631 2.348238725794434e-05 0.00063083225014534867 0.00054513592732109836 -0.00011366693856249941 0.00022066017512672689 -0.00020537436132629712 -0.00033989591208020493 0.0003577389235834818 1.4906059640149276e-05 -0.00045463126463194694 4.3089262643220405e-05 0.00013091867400722191 -1.4135420917429859e-05 0.0010614566535999377 -0.00079327219165861609 2.8836048613828295e-05
leaf_weight=22 44 53 36 21 21 24 27 33 51 31 27 34.5 54 78.5 36 31.5 33 54 60 30 46.5 29 78 60 27 50 37.5 36 82 44 30 50.5 93 30 56 37 37.5 11.999999999999998 101 45.5 63 5.9999999999999991 9.9999999999999982 549
leaf_count=16 24 41 36 21 21 24 27 33 36 16 12 27 24 36 16 14 33 24 60 25 23 24 38 60 27 32 27 26 34 22 30 33 48 25 30 23 19 12 46 24 28 6 10 320
internal_value=-1.91736e-11 -0.00225674 0.00529873 0.000108865 0.00154436 0.00379067 0.00260494 0.000593333 -6.06324e-05 -0.00080749 -0.00181633 0.00121018 1.82059e-05 4.91918e-05 0.000176005 -0.000204435 0.000100555 -1.11458e-05 -0.000164786 -0.000155866 -2.68191e-05 2.6142e-05 -1.9887e-05 0.000231693 -1.95186e-05 3.95464e-05 0.000219901 4.2021e-05 9.70075e-06 0.000235573 0.000140253 -0.00035189 5.55828e-05 0.000120944 -7.33993e-05 -3.63058e-06 -0.000237616 -2.79446e-05 -0.000167249 -8.49113e-05 -0.000167434 1.52711e-05 2.52513e-05 1.41293e-05
internal_weight=2412 111 58 2301 243 105 84 60 2058 196.5 131 65.5 1861.5 1807.5 1205 602.5 571 1169 138 87 492.5 1115 911 204 117 409 157.5 111 882 126 90 83.5 153 60 251.5 201.5 73.5 756 179 164.5 119 577 565 559
internal_count=1533 93 52 1440 243 105 84 60 1197 129 86 43 1068 1044 696 348 334 680 138 62 298 656 512 144 117 232 95 72 488 56 90 66 108 50 137 105 45 432 84 82 58 348 336 330
is_linear=0
shrinkage=0.08


Tree=139
num_leaves=45
num_cat=0
split_feature=37 4 34 37 30 15 16 0 30 31 36 16 16 30 16 35 16 16 2 0 6 10 4 10 37 33 36 34 30 37 15 33 37 37 36 21 0 0 37 18 17 37 37 31
split_gain=0.0802002 3.02743 0.284329 0.692157 0.156528 0.134367 0.0370218 0.0330629 0.0302853 0.0160256 0.0528968 0.0944474 0.0603477 0.00969763 0.00893933 0.139808 0.00996583 0.00195914 0.00191136 0.0020437 0.00324249 0.00179764 0.00152827 0.00143611 0.00128799 0.00490644 0.000844948 0.000787411 0.000911945 0.00303979 0.000872281 0.00187258 0.00420825 0.000618756 0.00133058 0.00295414 0.000596781 0.000432821 0.00136473 0.0003905 0.000458256 0.0010063 0.000584779 0.000579826
threshold=16.425000000000004 16.455000000000002 1.0000000180025095e-35 7.8750000000000009 0.3000000000000001 1.7861538866850044 9.0399996042251605 17.070000000000004 6.9000000000000012 1.0000000180025095e-35 2.5000000000000004 6.6350000000000016 7.0250000000000012 2.5000000000000004 5.9461538461538463 1.5000000000000002 6.0273076923076916 7.1750000000000016 17.325000000000003 17.710000000000004 11.893461538461539 9.9450000000000021 17.380000000000006 9.8550000000000022 16.155000000000005 1.7000000000000004 1.5000000000000002 8.7000000000000046 0.3000000000000001 9.7850000000000019 2.1350000000000002 2.5000000000000004 9.5600000000000005 4.1100000000000003 1.5000000000000002 3.5000000000000004 14.280000000000003 17.515000000000004 4.8450000000000006 21.000000000000004 14.600000000000001 9.4550000000000018 7.3050000000000006 0.50000000000000011
decision_type=2 2 2 2 2 2 2 2 2 2 2 2 2 2 2 2 2 2 2 2 2 2 2 2 2 2 2 2 2 2 2 2 2 2 2 2 2 2 2 2 2 2 2 2
left_child=2 -2 3 6 -3 -5 -1 8 13 10 11 -4 -12 -6 15 -11 -16 -13 -9 22 -21 23 -20 24 27 -26 -19 30 29 -29 31 32 -18 34 -30 -36 -32 38 -35 40 42 -42 -40 -44
right_child=1 4 9 5 7 -7 -8 18 -10 14 12 17 -14 -15 16 -17 21 26 19 20 -22 -23 -24 -25 25 -27 -28 28 33 -31 36 -33 -34 37 35 -37 -38 -39 39 -41 41 -43 43 -45
leaf_value=-0.0052714411572863662 -0.031199668616056445 0.0073858428870638218 -0.0046915469454622575 0.005715815132217748 0.0020935061015188695 0.013250492919575085 -0.00082791351519214621 -0.00084572530928112206 -0.00041172141588980424 -0.0039077541115693747 0.003675068618068772 -0.00070931968520636911 -0.0011884487715914198 0.0045247478055812067 0.00092688881521929556 0.0018848288572626188 -9.4604833672444017e-05 0.00041148129183178145 1.4102757697747577e-05 -0.0011550806598028258 0.00011654520192127112 0.00054477637656676916 0.00084994756217513759 -0.00046521410162066233 0.0013424185468327433 -0.0002880125078890059 -0.00018894440742830434 0.00010465866971811525 0.00028549796127481388 -0.0007698864975411977 -0.00035596347081957863 -2.8357619785854958e-06 0.0013813309963135159 0.00063968327406439037 0.00017382719554007053 -0.0012011812627315522 0.00015658886630147222 0.00016875120776670951 0.0002021401394636203 0.00021924510693901945 -0.00053543313709793216 0.00010475341750619313 -0.00034783480014058128 -1.3362181795098193e-05
leaf_weight=24 20 24 44 28 21 33 24 21 21 48 31 27 34.5 21 81 60 24 30 42 21 33 40.5 21 40.5 21 27 30 64.5 20 42 27 58.5 25.5 21 20 20 31.5 108 78 45 33 30 34.5 861
leaf_count=24 20 24 24 22 21 21 24 21 21 24 16 12 27 21 36 24 24 25 42 21 33 18 21 18 21 27 25 30 20 24 27 36 18 21 20 20 24 48 51 42 24 24 21 426
internal_value=4.54385e-12 -0.00137194 0.000155111 0.00413692 0.00127941 0.00979195 -0.00304968 0.000550286 0.00206884 -5.57818e-05 -0.00074289 -0.00167102 0.00111337 0.00330913 1.67494e-05 -0.000689652 6.02575e-05 -0.000143397 -0.000142969 -1.68332e-05 -0.000377976 1.82861e-05 0.000292718 5.22064e-06 1.71921e-05 0.000425301 0.000111268 4.50068e-06 -1.53684e-05 -0.000240232 0.000168823 0.000303588 0.000665726 3.4809e-06 -0.000247285 -0.000513677 -7.99738e-05 1.59105e-05 9.38303e-07 -1.14645e-05 -2.14808e-05 -0.000230582 -7.94885e-06 -2.62481e-05
internal_weight=2412 245 2167 109 225 61 48 201 63 2058 196.5 131 65.5 42 1861.5 108 1753.5 87 138 117 54 1672.5 63 1632 1591.5 48 60 1543.5 1377 106.5 166.5 108 49.5 1270.5 60 40 58.5 1210.5 1102.5 1081.5 1036.5 63 973.5 895.5
internal_count=1533 245 1288 91 225 43 48 201 63 1197 129 86 43 42 1068 48 1020 62 138 117 54 984 63 966 948 48 50 900 771 54 129 78 42 717 60 40 51 657 609 588 546 48 498 447
is_linear=0
shrinkage=0.08


Tree=140
num_leaves=45
num_cat=0
split_feature=34 1 35 16 35 15 30 34 34 34 15 32 35 6 16 31 36 11 16 3 33 30 36 31 3 34 29 3 35 29 21 31 36 34 16 30 33 1 1 36 22 36 14 32
split_gain=0.100934 1.05926 1.45588 0.234091 0.0374671 0.0529545 0.0675323 0.0312911 0.0307833 0.0155402 0.0123449 0.0121621 0.0442032 0.178966 0.0825543 0.0142618 0.00785304 0.117735 0.0978724 0.0161449 0.00568614 0.0056287 0.00548479 0.00782563 0.0044794 0.00247549 0.00146746 0.0014246 0.00166807 0.00133493 0.00129355 0.00170028 0.00301642 0.0011243 0.000753191 0.000725047 0.000638259 0.00184439 0.00181416 0.000628893 0.000595668 0.000645538 0.000566766 0.000459638
threshold=1.0000000180025095e-35 16.415000000000003 1.0000000180025095e-35 9.0349994897842425 1.0000000180025095e-35 1.6349999999999998 1.0000000180025095e-35 119.60000000000004 9.5000000000000053 38.100000000000001 1.8342307692307702 0.50000000000000011 1.5000000000000002 10.065000000000003 6.1150000000000011 1.0000000180025095e-35 2.5000000000000004 9.8950000000000014 6.0057692307692303 17.545000000000005 1.0000000180025095e-35 1.9000000000000001 2.5000000000000004 0.3000000000000001 17.955000000000002 83.40000000000002 1.0000000180025095e-35 17.400000000000002 1.5000000000000002 0.3000000000000001 0.3000000000000001 5.1000000000000005 1.5000000000000002 10.300000000000002 6.7150000000000025 0.70000000000000007 0.3000000000000001 14.570000000000002 15.100000000000003 1.5000000000000002 5.4000000000000012 2.5000000000000004 7.9050000000000011 0.50000000000000011
decision_type=2 2 2 2 2 2 2 2 2 2 2 2 2 2 2 2 2 2 2 2 2 2 2 2 2 2 2 2 2 2 2 2 2 2 2 2 2 2 2 2 2 2 2 2
left_child=1 2 -1 -4 5 6 -2 10 -8 21 -7 12 13 22 -14 -16 17 24 -18 26 -12 -10 23 -6 27 40 -20 30 -29 -28 31 32 34 -17 -13 -32 -31 -38 -39 -33 41 42 -22 -42
right_child=4 -3 3 -5 11 7 8 -9 9 -11 20 16 14 -15 15 33 18 -19 19 -21 25 -23 -24 -25 -26 -27 29 28 -30 36 35 39 -34 -35 -36 -37 37 38 -40 -41 43 -43 -44 -45
leaf_value=0.017737855616097267 0.0062669401402984347 -0.016486534659679121 -0.011288722805354907 -0.00095650774957094762 -0.0013108461872778005 -0.0018436548983057342 0.004077737339151402 0.0032183938899210526 -0.00080509694813129813 0.0022819574435965885 0.0013435580484413854 -0.00096202809738719626 0.0041758420361826818 -0.0070320319347083569 -0.0015746348667501785 0.00043934113977626824 -0.0035961638229682741 0.0038031768745363311 -0.00045326256997544663 0.0015131173708071613 -0.00031071641494054346 0.00070897575557782224 0.00072731273538256813 0.00033512608466767949 -0.00074384806574218814 0.00083798763148176185 0.0006798210978890076 0.00056031237410691871 -5.6110923488934835e-06 0.00031094164053599042 0.00033226169731315913 0.00026056906195460924 4.0621994266984982e-06 -0.00015219604835296289 -0.0004686157714406198 8.3118562111692716e-06 -0.00082437690864834519 0.00081201546003713319 -3.9890820658328375e-05 -0.00012552814627135242 -0.00041380989471993725 0.00052269559198369589 0.00024687795371781767 -3.8671511021316235e-05
leaf_weight=26 21 26 23 36 36 21 21 21 30 27 24 36 30 30 48 43.5 49.5 54 44 49.5 20 33 37 38 54 24 19.5 60 75 37.5 49 54 80 39 44 453 18 17 271.5 54 24 24 28 162
leaf_count=26 21 14 17 36 28 21 21 21 30 27 24 16 12 15 30 30 22 24 24 22 20 33 26 24 24 24 12 30 30 20 32 24 40 21 24 248 18 16 124 24 24 24 28 162
internal_value=2.70043e-12 -0.00235622 0.00196599 -0.00498432 0.000113664 0.000742433 0.00210678 0.000224923 0.00131972 0.000676179 3.26822e-05 -5.20742e-05 -0.000516211 -0.00154969 0.000391704 -0.000478213 4.002e-05 0.000168621 -0.000217181 0.000148813 0.00016145 -1.20112e-05 -6.79739e-05 -0.000465617 -3.60362e-05 6.08455e-05 -1.69119e-05 6.19788e-06 0.00024591 3.59063e-05 -3.58296e-05 -0.000177742 -0.000343295 0.000159705 -0.000690651 3.99325e-05 -5.94674e-07 -3.87109e-05 1.03082e-05 6.75205e-05 -1.14468e-05 0.00018393 1.4547e-05 -8.70765e-05
internal_weight=2412 111 85 59 2301 480 132 348 111 90 327 1821 301.5 141 160.5 130.5 1519.5 1013 506.5 457 306 63 111 74 959 282 407.5 905 135 363.5 770 268 160 82.5 80 502 344 306.5 288.5 108 258 72 48 186
internal_count=1533 93 79 53 1440 480 132 348 111 90 327 960 186 93 93 81 774 516 258 236 306 63 78 52 492 282 214 468 60 190 408 128 80 51 40 280 178 158 140 48 258 72 48 186
is_linear=0
shrinkage=0.08


Tree=141
num_leaves=45
num_cat=0
split_feature=34 37 1 37 4 34 31 33 11 10 1 32 32 23 10 20 37 29 30 37 10 22 8 31 33 30 32 28 32 35 34 21 31 30 33 37 37 22 1 22 30 32 20 14
split_gain=0.0854302 1.07431 0.566417 0.0719794 0.134921 0.106309 0.0116947 0.0269505 0.0124547 0.00846685 0.00575468 0.00299292 0.00482598 0.00406992 0.00373949 0.00258301 0.00259885 0.00250213 0.00243174 0.00116541 0.0057742 0.00235045 0.00117514 0.000901775 0.000822138 0.000611549 0.000584032 0.000492402 0.000591699 0.00139832 0.000450727 0.00049019 0.000367406 0.00024796 0.000348331 0.000277296 0.00124518 0.00316548 0.0012229 0.00159615 0.00106938 0.000204181 0.000198172 0.000267102
threshold=1.0000000180025095e-35 7.995000000000001 11.984999656677248 16.425000000000004 16.505000000000006 9.5000000000000053 1.0000000180025095e-35 5.9000000000000012 9.9450000000000021 9.8950000000000014 16.590000000000003 6.1000000000000005 1.3 1.1000000000000003 8.5900000000000016 0.50000000000000011 9.4550000000000018 0.70000000000000007 37.000000000000007 12.049615384615388 7.9050000000000011 2.7000000000000006 12.083846153846155 1.0000000000000002 1.0000000180025095e-35 1.0000000000000002 1.0000000180025095e-35 55.699999999999996 23.000000000000004 1.5000000000000002 53.900000000000013 2.7000000000000006 7.1000000000000005 1.0000000180025095e-35 3.3000000000000003 3.7450000000000006 5.535000000000001 69.90000000000002 15.100000000000003 72.800000000000011 1.5000000000000002 0.50000000000000011 0.70000000000000007 7.7950000000000008
decision_type=2 2 2 2 2 2 2 2 2 2 2 2 2 2 2 2 2 2 2 2 2 2 2 2 2 2 2 2 2 2 2 2 2 2 2 2 2 2 2 2 2 2 2 2
left_child=1 2 -1 6 -5 -6 7 15 9 18 -7 12 -12 -14 -13 16 -2 -18 19 22 21 -21 24 25 41 -23 -26 28 33 -30 31 -25 -33 34 -28 40 37 -37 39 -38 -35 -8 -40 -44
right_child=3 -3 -4 4 5 10 8 -9 -10 -11 11 14 13 -15 -16 -17 17 -19 -20 20 -22 23 -24 30 26 -27 27 -29 29 -31 -32 32 -34 35 -36 36 38 -39 42 -41 -42 -43 43 -45
leaf_value=-0.00082450524890898826 -0.00088462958549275817 -0.010400925965382245 0.015468816513364965 0.0064296099543571473 0.0053901801513576951 0.00097645952831953769 -0.00012517844111873555 -0.0025189266821894893 -0.0010540245785895322 0.0011964953750555898 -0.00070623749987808637 -6.4528567525438776e-06 0.0014706461662648334 1.8542238666365543e-05 -0.0011371427337063425 0.00035453715334892621 0.00037081625362237299 -0.0005629139519037886 0.00063920524385240344 0.00079968036462863283 0.0010665273771454128 -0.00068052506229529779 -0.00043133911698879228 -0.00015083438805022249 0.00027408377045676821 -8.9376764926349833e-05 -0.00030237117686714881 0.00019888153811003649 -0.00056507515756843178 9.462056649399215e-05 -0.00024378631066418056 0.00039708664110447794 6.6952338373219518e-06 0.00059545005826900407 3.2601611757719957e-05 9.6928263277125867e-05 -1.2077823048457504e-05 -0.0011389794302660795 4.4749527336114094e-05 0.00094295273579302291 -9.395455716003198e-05 -0.00038404785902597583 -8.1294180016393642e-06 -0.00019737986658044433
leaf_weight=36 40.5 53 22 30 27 33 39 39 67.5 40.5 27 39 21 30 36 43.5 37.5 36 40.5 21 39 24 42 33 52.5 21 39 76.5 39 43.5 33 36 27 24 40.5 36 24 21 441 21 36 39 411 54
leaf_count=36 27 41 16 30 27 33 24 24 30 18 27 39 21 30 36 36 24 18 18 21 24 24 18 33 30 21 24 33 21 21 33 36 27 24 18 36 24 21 198 18 36 24 189 24
internal_value=1.39764e-11 -0.00216772 0.00535572 0.000104571 0.0014067 0.000699252 -4.91796e-05 -0.000636145 1.27805e-05 5.29195e-05 1.83107e-05 -0.000188349 0.000158608 0.000616467 -0.000549184 -0.000169933 -0.00037006 -8.6521e-05 2.65067e-05 1.20209e-05 0.000177913 1.90674e-07 -1.42258e-05 -9.62995e-05 -2.03464e-06 -0.000404656 1.24621e-05 1.94922e-06 -1.0299e-05 -0.000217236 1.12667e-05 9.89412e-05 0.000229776 4.57878e-06 -0.000131725 1.4725e-05 4.77959e-06 -0.000358406 2.65478e-05 0.000433603 0.000181807 -0.000254613 6.32984e-06 -3.01069e-05
internal_weight=2412 111 58 2301 243 213 2058 196.5 1861.5 1794 186 153 78 51 75 157.5 114 73.5 1753.5 1713 234 195 1479 174 1437 45 1359 1306.5 1230 82.5 129 96 63 1147.5 79.5 1068 1008 57 951 45 60 78 906 465
internal_count=1533 93 52 1440 243 213 1197 129 1068 1038 186 153 78 51 75 105 69 42 1020 1002 219 195 783 174 765 45 717 687 654 42 129 96 63 612 42 570 510 57 453 42 60 48 411 213
is_linear=0
shrinkage=0.08


Tree=142
num_leaves=45
num_cat=0
split_feature=37 4 30 32 37 36 3 0 36 36 0 30 29 11 36 11 11 27 30 11 11 33 30 33 2 20 23 37 36 13 15 37 29 33 37 14 37 15 13 21 15 37 29 32
split_gain=0.0907786 2.60999 0.104652 0.0687481 0.187868 0.427483 3.4462 0.394966 0.17909 0.0569632 0.0199291 0.0223988 0.0161184 0.0100181 0.0090859 0.137028 0.111774 0.00386628 0.00295303 0.0028901 0.00159167 0.0017071 0.00135508 0.000965155 0.00188666 0.000952097 0.000950036 0.0021009 0.00101617 0.00274586 0.00308448 0.00078921 0.00186821 0.00166302 0.00139907 0.000953854 0.00108158 0.00194951 0.0016007 0.00113668 0.00149511 0.000885053 0.000667411 0.000746765
threshold=16.425000000000004 16.455000000000002 0.3000000000000001 1.0000000180025095e-35 7.8750000000000009 2.5000000000000004 16.415000000000003 13.895000000000001 1.5000000000000002 2.5000000000000004 17.070000000000004 6.9000000000000012 5.1000000000000005 9.9450000000000021 2.5000000000000004 9.8550000000000022 9.8000000000000025 11.400000000000002 1.0000000180025095e-35 9.7450000000000028 9.8950000000000014 2.8000000000000003 17.600000000000005 1.0000000000000002 16.175000000000004 2.5000000000000004 9.5000000000000018 9.7450000000000028 1.5000000000000002 8.3150000000000013 1.3899999999999995 10.105000000000002 9.1000000000000014 6.1000000000000005 9.9050000000000029 7.8350000000000009 7.5050000000000008 2.6050000000000004 7.3250000000000011 2.1000000000000005 2.4900000000000007 14.240000000000002 19.000000000000004 12.300000000000002
decision_type=2 2 2 2 2 2 2 2 2 2 2 2 2 2 2 2 2 2 2 2 2 2 2 2 2 2 2 2 2 2 2 2 2 2 2 2 2 2 2 2 2 2 2 2
left_child=3 -2 -3 4 8 6 7 -6 -1 -10 11 12 -4 14 15 19 17 18 -16 26 21 -12 -23 24 25 -20 28 -28 29 31 -31 34 33 41 35 36 38 -38 39 -5 -41 -33 43 -30
right_child=1 2 10 13 5 -7 -8 -9 9 -11 20 -13 -14 -15 16 -17 -18 -19 23 -21 -22 22 -24 -25 -26 -27 27 -29 42 30 -32 32 -34 -35 -36 -37 37 -39 -40 40 -42 -43 -44 -45
leaf_value=-0.0060736301304506399 -0.02915468601882458 0.0059951937959219015 0.0042188015234257492 0.00029718334022431803 -0.0038672518796132255 -0.0026037087826238526 0.016097806435735787 -0.018306756837635624 -0.0013470531627535821 0.0032171832179384574 -0.00090071021623554682 -0.00054831850320278186 0.0010843925129267432 -0.00096970249353735543 -0.00062061513361242628 0.0044811174985435274 -0.0048699271194045509 0.00088671507166018554 -0.00023559785827629917 -0.00072384333858887357 0.00050905373690295075 5.4615585862969355e-05 -0.00067243999832065861 -2.9882548024694902e-05 0.0006593560425235945 0.00033801149411667736 -0.00012382965795695782 0.00061327136596854852 4.137830423350034e-05 -0.00012120969925270555 -0.00095591292188813295 -0.00053934585569160329 -0.00071544208594908319 0.00054982227398655734 0.00052692090381721134 0.00044913855398243124 -0.00064813069528204279 8.9486831818352036e-05 0.00067466986849904062 0.00016952485523162114 -0.00062148990674000797 0.00012270542948196331 -0.00024245737591648803 0.00030397560605889508
leaf_weight=35 20 24 21 39 24 62 76.5 24.5 35 35 21 21 21 67.5 48.5 45 31.5 31.5 46 36 21 75 21 371.5 42.5 31 50 49 385.5 76.5 45 28 30 26 38 27.5 43.5 48.5 25 28.5 33 24 42.5 84.5
leaf_count=32 20 24 21 33 24 39 38 17 32 32 21 21 21 30 31 20 14 14 36 16 21 75 21 209 20 24 20 24 238 34 20 22 23 19 19 11 20 22 10 27 24 24 24 46
internal_value=1.73938e-11 -0.00145962 0.00100217 0.000165024 0.00130685 0.00282739 0.00552122 -0.0111614 -0.00140117 0.000935065 0.000405983 0.00158496 0.0026516 -1.27966e-05 2.29385e-05 0.000149768 -0.00023072 2.52081e-05 -2.50931e-05 -1.82587e-05 -0.000132245 -0.00024735 -0.000104428 3.37314e-05 0.000231494 -4.66422e-06 4.34013e-06 0.000240998 -1.85176e-05 -9.81724e-05 -0.000430359 5.05187e-06 -0.000178932 2.74183e-05 7.52647e-05 5.21194e-06 -5.09167e-05 -0.000259278 0.000101826 -4.06722e-05 -0.000254922 -0.000233784 6.11372e-05 8.85899e-05
internal_weight=2412 245 225 2167 292 187 125 48.5 105 70 201 63 42 1875 1807.5 1205 602.5 571 539.5 1160 138 117 96 491 119.5 77 1124 99 1025 512.5 121.5 391 108 78 283 245 217.5 92 125.5 100.5 61.5 52 512.5 470
internal_count=1533 245 225 1288 214 118 79 41 96 64 201 63 42 1074 1044 696 348 334 320 676 138 117 96 289 80 60 660 44 616 308 54 254 88 65 166 147 136 42 94 84 51 46 308 284
is_linear=0
shrinkage=0.08


Tree=143
num_leaves=45
num_cat=0
split_feature=37 34 34 37 3 15 1 0 16 15 37 0 0 16 7 37 37 15 15 34 33 25 27 0 29 33 0 16 25 17 29 34 37 24 0 15 13 16 33 15 18 37 15 34
split_gain=0.076835 2.48631 0.284783 0.620998 0.146968 0.146264 0.0354943 0.0456991 0.0253197 0.013153 0.160782 0.213048 0.069005 0.0133 0.0108245 0.00623968 0.0142989 0.00522122 0.0178177 0.00451963 0.003968 0.00253928 0.00168013 0.00116641 0.00161084 0.000970398 0.000882954 0.000879235 0.000694411 0.000636362 0.000585 0.000584807 0.000548947 0.000450397 0.000890223 0.00034454 0.00054705 0.00034325 0.00043376 0.000338425 0.000322838 0.000304338 0.000801859 0.000603908
threshold=16.425000000000004 8.7000000000000046 1.0000000180025095e-35 7.8750000000000009 16.485000000000003 1.7861538866850044 16.920000000000005 16.590000000000003 9.0399996042251605 1.78 11.703076923076924 13.425000000000002 17.400000000000002 6.6500000000000012 9.9950000000000028 11.760384615384618 11.911538461538465 1.8492307692307708 1.9073076923076921 15.800000000000002 1.0000000180025095e-35 9.5000000000000018 7.5000000000000009 16.625000000000004 0.3000000000000001 1.0000000180025095e-35 16.415000000000003 5.9161538461538452 1.6000000000000003 14.600000000000001 12.300000000000002 9.2000000000000046 5.2400000000000011 11.900000000000002 17.680000000000003 2.2850000000000006 7.9050000000000011 6.6850000000000014 0.3000000000000001 2.3550000000000009 14.600000000000001 9.9950000000000028 2.1715384615384621 47.20000000000001
decision_type=2 2 2 2 2 2 2 2 2 2 2 2 2 2 2 2 2 2 2 2 2 2 2 2 2 2 2 2 2 2 2 2 2 2 2 2 2 2 2 2 2 2 2 2
left_child=2 -2 3 8 -3 -5 7 -6 -1 10 12 -12 13 -4 -8 17 -17 -11 -19 20 -18 26 28 37 -25 32 29 -27 -16 30 -21 -26 -20 34 35 36 41 -15 -39 -37 -41 42 -29 -44
right_child=1 4 9 5 6 -7 14 -9 -10 15 11 -13 -14 23 22 16 19 18 25 21 -22 -23 -24 24 31 27 -28 33 -30 -31 -32 -33 -34 -35 -36 39 -38 38 -40 40 -42 -43 43 -45
leaf_value=-0.0045077295694500212 -0.028373790735378865 0.0069769125555952391 -0.0014495943838523494 0.0052404957131615701 0.00011134535017790216 0.01310168181404923 -0.0019940859545022251 0.0046992944087348104 -0.00083297258563106878 0.0010884407187027306 -0.00011442450599537956 -0.010858228780950109 0.0029094155918573963 -0.00017432288599795559 0.00053629383333221397 0.0018960968798233402 0.0015968621452338995 -0.0029261863242006966 -0.00053237507641879899 0.00015603171793156348 0.00026887276882512707 0.0006831043685475985 -0.00046278634275763458 3.7432076271485401e-05 -0.00025376266351452581 -0.00032991857350700432 -0.00048714838638481912 -0.00023033453871806463 2.7131173953724402e-05 -0.00042833151096212011 -0.00027203156213983202 -0.00060697482719465536 -5.9541756908098859e-05 -0.00017555927332963737 0.00033223294010458068 -0.00016942616720005973 -0.00016890743816340412 -0.00018630411928623089 9.445650618853967e-05 -5.3910940978394723e-06 0.00021505177321453251 0.00030469438379320007 0.00033771760355472109 -2.3760085859608773e-05
leaf_weight=24 20 24 54 28 33 33 21 24 24 27 27 21 48 67.5 24 36 24 13.499999999999998 33 84 36 30 39 67.5 54 45 33 37.5 60 21 27 67.5 30 63 64.5 73.5 40.5 45 162 496.5 46.5 60 73.5 49.5
leaf_count=24 20 24 24 22 33 21 21 24 24 15 27 18 21 30 24 18 24 9 33 84 36 15 39 30 24 18 18 33 60 21 27 30 15 27 27 36 18 30 102 246 36 30 51 24
internal_value=2.12047e-11 -0.00134285 0.000151822 0.00413681 0.0010599 0.00949327 0.000353393 0.00204311 -0.00267035 -5.92393e-05 -0.000369575 -0.00481484 7.74183e-06 -0.000261399 -0.000315455 7.25648e-05 0.0004036 -1.09475e-05 -3.72976e-05 0.000192895 0.000800069 6.07223e-06 -2.88597e-05 -0.000122968 -0.000275912 -2.25722e-06 -0.000117025 1.60403e-05 0.000172606 -2.44936e-05 5.19082e-05 -0.000449992 -0.000307216 3.1531e-05 4.5381e-05 2.42962e-05 0.000101339 -1.76631e-05 3.34216e-05 -8.32051e-06 1.34866e-05 0.000150976 9.35114e-05 0.000192245
internal_weight=2412 245 2167 109 225 61 201 57 48 2058 613.5 48 565.5 517.5 144 1444.5 291 1153.5 1126.5 255 60 195 123 463.5 189 1113 165 1050 84 132 111 121.5 63 1005 942 877.5 261 274.5 207 616.5 543 220.5 160.5 123
internal_count=1533 245 1288 91 225 43 201 57 48 1197 336 45 291 270 144 861 243 618 603 225 60 165 123 246 84 594 150 546 84 132 111 54 48 528 501 474 156 162 132 318 282 138 108 75
is_linear=0
shrinkage=0.08


Tree=144
num_leaves=45
num_cat=0
split_feature=34 36 0 36 35 0 4 34 32 35 0 16 36 0 31 0 0 33 36 10 16 16 10 10 0 29 32 36 30 27 31 29 34 34 16 29 36 0 28 33 36 27 22 32
split_gain=0.0907861 0.956895 5.88702 0.590603 0.0419548 0.0386743 0.146566 0.130485 0.0140957 0.0319584 0.170843 0.077632 0.0178159 0.0202663 0.012209 0.0102379 0.00655192 0.00607309 0.00559182 0.12444 0.0838356 0.0151099 0.00690531 0.00329372 0.0028114 0.00279083 0.00203879 0.00249862 0.0015435 0.00130627 0.00203341 0.00107308 0.00078447 0.000829381 0.000740835 0.00071025 0.000701457 0.000867534 0.00065162 0.000609596 0.00079649 0.000961786 0.000553632 0.000523578
threshold=1.0000000180025095e-35 1.5000000000000002 16.415000000000003 2.5000000000000004 1.0000000180025095e-35 16.425000000000004 16.495000000000001 9.5000000000000053 0.50000000000000011 1.5000000000000002 16.765000000000004 6.1150000000000011 2.5000000000000004 16.185000000000006 1.0000000180025095e-35 16.210000000000004 16.575000000000003 1.0000000180025095e-35 2.5000000000000004 9.9350000000000005 6.0057692307692303 6.0388461538461549 9.8000000000000025 9.4400000000000031 17.220000000000002 0.70000000000000007 1.5000000000000002 1.5000000000000002 1.0000000180025095e-35 13.000000000000002 1.9000000000000001 1.0000000180025095e-35 10.700000000000005 23.700000000000006 6.1450000000000005 1.3 1.5000000000000002 17.820000000000004 56.600000000000001 3.5000000000000004 2.5000000000000004 4.4000000000000012 67.200000000000017 11.100000000000001
decision_type=2 2 2 2 2 2 2 2 2 2 2 2 2 2 2 2 2 2 2 2 2 2 2 2 2 2 2 2 2 2 2 2 2 2 2 2 2 2 2 2 2 2 2 2
left_child=1 -1 3 -3 5 15 -7 -8 9 10 12 -11 13 -6 -13 17 -9 -2 19 22 -20 -22 26 31 -18 -16 27 -10 -19 30 -26 -23 -30 -34 36 -33 37 -28 -38 -32 41 -41 -36 -37
right_child=4 2 -4 -5 8 6 7 16 18 11 -12 14 -14 -15 25 -17 24 28 20 -21 21 23 -24 -25 29 -27 34 -29 32 -31 39 35 33 -35 42 43 38 -39 -40 40 -42 -43 -44 -45
leaf_value=0.0082698630420742821 0.0013323017340843323 0.0002460306587939461 -0.038145740548005472 0.017993934897919343 0.00031793176468573105 0.007039426831459558 0.005989961902852412 0.0010155545832175347 -0.00065368950341508029 0.0038743221896390119 -0.0068024969783922039 -0.0016533046250697225 0.0014350254570033301 -0.0024118986586108802 -0.00047338098867072002 -0.0016402822014476572 -0.0010437382218827095 0.00069628181822952774 -0.0033127786508864825 0.0042524905602137246 0.0021747272660334904 -0.00044888422957488469 -0.0010187923221124542 0.00069659680624802902 0.00071419848420191552 0.00046108103767037389 0.00020684323749608463 5.3222001733956857e-05 -0.00045462692389264703 -0.00062577718059488008 -0.00049297944021721679 0.00033985118345393765 0.00033859424159995148 -8.3805334779397389e-05 -2.6389738133524214e-05 4.2411943700795186e-05 0.00015075638517737387 -0.00024662971982939374 0.00054376796177691886 0.00057242892280390321 -0.00039113977966322145 -0.00017562513366680253 0.00028226300480309877 -0.00018354741280638084
leaf_weight=37 27 24 26 24 46 27 27 36 64 30 30 48 37 28 45 21 21 21 49.5 45 22.5 35 45 45 24 37.5 67.5 64 24 21 21 38.5 42 102 530 223 67.5 45 45 22 22 22 40 93
leaf_count=31 27 24 14 24 38 27 27 36 38 12 15 30 26 14 27 21 21 21 22 20 10 20 20 20 24 24 30 38 24 21 21 26 42 102 264 114 30 20 20 22 22 22 36 46
internal_value=-9.63503e-12 -0.00223464 -0.00748689 0.00911998 0.000107799 0.000773159 0.00148233 0.000787694 -6.75844e-05 -0.000567256 -0.00144601 0.000204732 1.69046e-06 -0.000714977 -0.000638852 4.60334e-05 4.45129e-05 0.000209981 3.15608e-05 0.000140079 -0.000185475 0.000153259 -5.10975e-05 4.85803e-05 -0.000183967 -4.86255e-05 -3.91849e-06 -0.000300234 4.96491e-05 -4.71857e-05 6.22775e-05 -2.62868e-05 -3.118e-05 3.93945e-05 4.37901e-05 1.54365e-05 0.000166708 2.54541e-05 0.000307961 -0.000117563 1.888e-06 0.000198402 -4.7299e-06 -2.40888e-05
internal_weight=2412 111 74 48 2301 480 243 216 1821 301.5 141 160.5 111 74 130.5 237 189 216 1519.5 1013 506.5 457 968 434.5 153 82.5 923 128 189 132 111 389.5 168 144 795 354.5 225 112.5 112.5 87 66 44 570 316
internal_count=1533 93 62 48 1440 480 243 216 960 186 93 93 78 52 81 237 189 216 774 516 258 236 496 226 153 51 476 76 189 132 111 206 168 144 400 186 100 50 50 87 66 44 300 160
is_linear=0
shrinkage=0.08


Tree=145
num_leaves=45
num_cat=0
split_feature=34 35 0 37 4 34 16 32 37 4 37 33 0 32 37 37 0 37 4 26 16 26 25 0 32 27 31 32 2 1 33 22 37 35 12 0 0 30 37 19 23 37 37 22
split_gain=0.0768413 0.945303 0.577461 0.0678864 0.124053 0.110443 0.0214306 0.010543 0.062526 0.237947 0.0887508 0.00714952 0.00554555 0.00515294 0.00436488 0.0202171 0.00237957 0.00233717 0.00861433 0.0016118 0.00323297 0.00257466 0.00146282 0.00168625 0.00174618 0.0011091 0.00115709 0.000826645 0.000795804 0.00082787 0.00077075 0.000751512 0.00075108 0.000734042 0.000448642 0.00107799 0.000366476 0.000365197 0.000364766 0.00146769 0.00032582 0.000801068 0.0011074 0.00125382
threshold=1.0000000180025095e-35 1.0000000180025095e-35 16.415000000000003 16.425000000000004 16.495000000000001 9.5000000000000053 9.0399996042251605 0.50000000000000011 11.703076923076924 16.115000000000006 9.9550000000000018 5.9000000000000012 16.575000000000003 1.0000000180025095e-35 11.760384615384618 11.868846153846155 17.220000000000002 9.2250000000000032 16.175000000000004 9.5000000000000018 6.0057692307692303 16.300000000000004 8.7000000000000011 16.415000000000003 1.5000000000000002 7.5000000000000009 2.8000000000000003 3.5000000000000004 17.630000000000006 17.475000000000005 3.5000000000000004 0.50000000000000011 4.1100000000000003 1.5000000000000002 7.8800000000000008 16.455000000000002 16.425000000000004 8.1000000000000014 4.1100000000000003 5.9000000000000012 1.0000000180025095e-35 4.745000000000001 5.3900000000000015 71.40000000000002
decision_type=2 2 2 2 2 2 2 2 2 2 2 2 2 2 2 2 2 2 2 2 2 2 2 2 2 2 2 2 2 2 2 2 2 2 2 2 2 2 2 2 2 2 2 2
left_child=1 -1 6 7 -5 -6 -3 8 10 13 11 17 -7 -10 19 -16 -14 18 31 20 -9 -21 23 24 -17 26 -18 -26 29 34 -28 -2 -33 -19 38 36 -36 -29 39 -22 41 -40 -43 -44
right_child=3 2 -4 4 5 12 -8 14 9 -11 -12 -13 16 -15 15 22 25 33 -20 21 28 -23 -24 -25 27 -27 30 37 -30 -31 -32 32 -34 -35 35 -37 -38 -39 40 -41 -42 42 43 -45
leaf_value=-0.014186850790865719 -0.00041331683743434648 -0.004854039857940127 0.010583614833427197 0.006476272661238909 0.0055107649808956516 0.00093431022899393508 -0.0014732635859400034 0.00068100227412350221 0.0011843071590798596 -0.0097252716549805236 0.0041006910860065431 -0.0013699050836357069 -0.00096023918262549816 -0.00038840099105921886 0.0025473155609021586 0.00057702069767774677 0.0006292613103453603 0.00030938161692271632 -0.0016227237346271677 -0.00072848470662446581 8.3790273207274304e-05 8.1441051707687714e-05 0.00050709687445002298 -0.00057275263661587682 -0.00034160256069392346 -0.00040150561584876134 -0.00045354108747449663 -8.3099112380296006e-06 -0.00031248749674935093 0.00029956369953988878 0.00012232074906647788 0.00036813984128336114 -0.00015998864408444476 -0.00014036209363904264 -0.00015752870279053848 -1.146676493259357e-05 -0.00045226315881505058 0.00034597736127950531 0.00060246321980634502 -0.00066809679536769789 -3.2764706079399701e-05 -0.00055619810985970417 3.5401215215729104e-05 0.000515290898247025
leaf_weight=30 30 24 33 27 27 36 24 43.5 24 21 31.5 40.5 21 30 24 39 21 48 30 51 54 49.5 48 27 39 39 21 60 57 54 51 30 40.5 45 54 310.5 54 27 18 24 270 18 327 39
leaf_count=30 30 24 15 27 27 36 24 18 24 18 15 21 21 30 12 39 21 24 12 21 54 21 24 15 39 39 21 60 24 24 51 30 33 18 24 138 24 27 18 24 120 18 168 30
internal_value=-3.22356e-12 -0.00205587 0.00243709 9.91749e-05 0.00136374 0.000724679 -0.00316365 -5.01401e-05 -0.000436576 -0.00249946 8.69986e-05 -0.000391908 4.09519e-05 0.00031058 3.47039e-05 0.00033347 -0.00016925 -0.000214687 -0.000433077 -2.07047e-05 2.75756e-06 -0.000329566 0.000112085 1.33322e-05 0.000109237 -4.34109e-05 0.000106758 -3.55532e-05 -2.03012e-05 -6.67776e-06 -4.5639e-05 -7.79587e-05 6.47469e-05 9.17637e-05 -2.08301e-05 -8.71904e-05 -0.000304896 0.000101641 1.61989e-05 -0.00014756 3.52066e-05 8.0859e-05 5.64088e-05 8.6537e-05
internal_weight=2412 111 81 2301 243 216 48 2058 370.5 75 295.5 264 189 54 1687.5 264 153 223.5 130.5 1423.5 1323 100.5 240 192 165 132 93 126 1279.5 1222.5 72 100.5 70.5 93 1168.5 418.5 108 87 750 78 672 402 384 366
internal_count=1533 93 63 1440 243 216 48 1197 255 72 183 168 189 54 942 216 153 147 105 726 684 42 204 180 165 132 93 126 666 642 72 93 63 42 618 186 48 87 432 78 354 234 216 198
is_linear=0
shrinkage=0.08


Tree=146
num_leaves=45
num_cat=0
split_feature=37 0 34 37 15 34 4 16 32 37 15 37 36 29 16 0 37 36 10 4 10 4 32 29 0 15 32 32 30 18 32 34 21 15 32 36 30 30 10 28 8 15 37 2
split_gain=0.0867753 2.44792 0.275183 0.654646 0.135401 0.0810937 0.0684543 0.0181389 0.00892359 0.0529221 0.214869 0.0751187 0.0153014 0.054392 0.0392991 0.0127545 0.00508704 0.00410762 0.103671 0.0877392 0.00636829 0.00501635 0.00366843 0.0023537 0.00620512 0.00263029 0.00206148 0.00367588 0.00124992 0.00117838 0.00105704 0.000980763 0.00159885 0.000969691 0.000960324 0.000706147 0.00217758 0.00176405 0.00194554 0.00121664 0.0011222 0.000798465 0.0010298 0.000875813
threshold=16.425000000000004 16.465000000000003 1.0000000180025095e-35 7.8750000000000009 1.7861538866850044 9.5000000000000053 16.525000000000002 9.0399996042251605 0.50000000000000011 11.703076923076924 1.8492307692307708 9.9550000000000018 2.5000000000000004 1.0000000180025095e-35 6.8750000000000018 14.160000000000002 5.2800000000000002 2.5000000000000004 9.9350000000000005 17.910000000000004 9.8000000000000025 17.475000000000005 1.0000000180025095e-35 9.1000000000000014 16.590000000000003 3.0700000000000007 1.3 5.5000000000000009 0.70000000000000007 0.3000000000000001 3.1000000000000005 29.400000000000002 1.1000000000000003 3.1200000000000006 0.70000000000000007 1.5000000000000002 7.1000000000000005 5.5000000000000009 9.4050000000000029 56.600000000000001 9.9950000000000028 3.035000000000001 7.7300000000000013 16.175000000000004
decision_type=2 2 2 2 2 2 2 2 2 2 2 2 2 2 2 2 2 2 2 2 2 2 2 2 2 2 2 2 2 2 2 2 2 2 2 2 2 2 2 2 2 2 2 2
left_child=2 -2 3 7 -5 -3 -7 -1 9 11 -11 12 13 -4 -14 -16 29 18 20 21 34 28 -12 24 -8 -25 -26 -28 30 -15 -19 32 -30 -29 -10 36 37 38 40 -37 -36 42 -38 -44
right_child=1 5 8 4 -6 6 23 -9 17 10 22 -13 14 16 15 -17 -18 19 -20 -21 -22 -23 -24 25 26 -27 27 33 31 -31 -32 -33 -34 -35 35 39 41 -39 -40 -41 -42 -43 43 -45
leaf_value=-0.0044657167264570792 -0.028248481959104538 0.0050699037368650791 -0.003427120003228386 0.005486445783504418 0.013050071849967496 0.0047147291490719431 -0.0015523752612283542 -0.0013554024044424295 -0.00037549793311372038 -0.0085415254246133075 0.0014488753871548744 0.003772635865542624 0.0027932039516106728 0.0010458054040191202 -0.0022553970774805004 0.00020278293266892436 -0.00037616395046033207 -9.7396678936022976e-06 0.003882434431049559 -0.0042467934413561751 -0.00096822734777298239 0.00069810473354034181 7.025381581236919e-05 0.00095429473704522635 -0.00065482741014824975 -0.00023011181309508783 0.0008550188696050706 -0.0006309866917460265 0.00071850674504886814 0.00021435076743364333 -0.00066006213810945323 -3.7482072391911767e-06 -9.285185453963691e-05 6.7895971393833562e-05 -0.00010185064334478795 4.7515712853602761e-05 0.00041647477063959767 -0.0005806948413019595 -0.00067541830714732884 0.00048370444805671771 0.00033415526227683435 0.00045675606565136049 0.00022698326715651682 -0.00023865001290246393
leaf_weight=24 20 27 39 28 33 21 21 24 41 24 21 31.5 31 24 22 35 93 32.5 45 31.5 45 76.5 30 24 27 24 30 24 33.5 20 31.5 328 29 27 165 452 40.5 57.5 31.5 45 49 45 42.5 66
leaf_count=24 20 27 24 22 21 21 21 24 26 21 21 15 14 24 22 20 44 25 20 14 20 34 30 24 27 24 30 24 21 20 18 178 24 27 111 261 24 29 14 20 24 20 27 32
internal_value=-5.30655e-12 -0.00142707 0.000161344 0.00407859 0.00957824 0.000957053 0.00039621 -0.00291056 -4.61289e-05 -0.00040165 -0.0022995 8.00387e-05 -0.000360555 -0.000791219 0.000500773 -0.000745988 -4.08533e-05 3.19276e-05 0.000120184 -0.000144586 -3.6576e-05 9.87653e-05 0.000637922 -0.000116157 -0.00029411 0.000362091 -4.94469e-05 0.000152347 -2.11361e-06 0.000667871 -0.00032982 5.1595e-05 0.000342036 -0.00026099 3.93058e-06 1.9581e-05 -4.78476e-05 -0.00018184 -8.84213e-05 8.70097e-05 -2.01752e-06 0.000161429 7.22357e-05 -5.62591e-05
internal_weight=2412 245 2167 109 61 225 198 48 2058 370.5 75 295.5 264 176 88 57 137 1687.5 1125 562.5 1080 531 51 177 129 48 108 81 454.5 44 64 390.5 62.5 51 1035 994 497 303 245.5 497 214 194 149 108.5
internal_count=1533 245 1288 91 43 225 198 48 1197 255 72 183 168 112 56 42 88 942 628 314 608 300 51 177 129 48 108 81 266 44 43 223 45 51 588 562 281 178 149 281 135 103 83 59
is_linear=0
shrinkage=0.08


Tree=147
num_leaves=45
num_cat=0
split_feature=34 37 11 37 37 4 34 11 31 36 16 16 37 36 37 31 26 37 5 31 0 36 37 37 12 16 15 34 15 22 16 16 11 0 0 37 34 31 31 37 20 22 11 30
split_gain=0.0856957 0.994462 1.84571 0.658848 0.0659515 0.134569 0.0797786 0.0135424 0.00786413 0.0470555 0.0847562 0.0540796 0.0063543 0.0281102 0.245764 0.0907497 0.0171071 0.00510363 0.0047075 0.00391993 0.0101011 0.00373497 0.109502 0.106282 0.0258398 0.0241136 0.00370378 0.00317723 0.00265538 0.00189252 0.00186518 0.001747 0.00354441 0.00162325 0.00208083 0.0016007 0.00113066 0.00159845 0.00339334 0.00145482 0.000846316 0.000695026 0.000928214 0.000847731
threshold=1.0000000180025095e-35 7.9350000000000014 8.0000000000000018 2.9200000381469731 16.425000000000004 16.515000000000004 9.5000000000000053 9.9550000000000018 1.0000000180025095e-35 2.5000000000000004 6.6350000000000016 7.0250000000000012 11.760384615384618 2.5000000000000004 11.868846153846155 1.9000000000000001 1.6000000000000003 12.049615384615388 10.105000000000002 1.7000000000000004 16.625000000000004 1.5000000000000002 11.130000000000001 10.230000000000002 9.8550000000000022 6.0273076923076916 1.7000000000000002 1.9000000000000006 -0.065000000000001265 3.7000000000000002 6.0550000000000024 6.0057692307692303 8.490000000000002 17.875000000000004 17.680000000000003 3.0500000000000003 71.100000000000023 1.5000000000000002 2.3000000000000003 8.2450000000000028 2.1000000000000005 10.600000000000003 7.7300000000000013 7.1000000000000005
decision_type=2 2 2 2 2 2 2 2 2 2 2 2 2 2 2 2 2 2 2 2 2 2 2 2 2 2 2 2 2 2 2 2 2 2 2 2 2 2 2 2 2 2 2 2
left_child=1 3 -3 -1 7 -6 -7 8 9 10 -2 -11 21 14 -14 -15 -17 -16 29 -8 -21 23 24 25 33 -10 -12 -27 -29 -19 -30 -22 -33 34 35 -23 37 -32 -39 -40 -31 -37 43 -43
right_child=4 2 -4 -5 5 6 19 -9 12 11 26 -13 13 15 17 16 -18 18 -20 20 31 22 -24 -25 -26 27 -28 28 30 40 36 32 -34 -35 -36 41 -38 38 39 -41 -42 42 -44 -45
leaf_value=-0.0040545318648219112 -0.0042261466786096043 -0.022273373438511043 0.0064228387979360724 0.013864549850595409 0.0061002555218609899 0.004664311458667119 -0.00070553546532606465 -0.0012926022680821243 -0.0022975058039793601 0.0036863910364017135 -0.00035620444945023191 -0.00091762750827963796 0.010437368983402848 -0.0039287132081032424 -0.00089413606694766466 7.8941571991890676e-05 0.0027806100140636164 0.000808305404148996 0.0013094945442086706 0.0015933916584968013 0.00044113827438128217 -0.00058171611195575676 -0.0040150543236681683 0.0040071570256813649 0.0019163681680093641 0.0017908117423454919 0.00070362529846736133 -0.0014225767138931486 -0.00080772893993478079 -0.00040010641057354712 0.00025079382317406789 3.6089730168145801e-05 -0.001059456623883711 0.00041641151597723364 -0.00065663524504218785 -7.8220078572530284e-05 0.00033501642962208893 -0.00079947443622121117 -0.00022940167954182738 0.00019122771896599305 9.6483193934190936e-05 0.00011895364080318155 0.0003375364607874898 -0.00014574907095266099
leaf_weight=24 44 32 26 29 33 27 39 54 32.5 31 51 34.5 15.999999999999998 36 28 40 24 20 24 27 27 32 44 42 46 5.9999999999999991 36 8.9999999999999982 19 30 84 63 27 50 35 405 56.5 43 105.5 105 82 196 69 128
leaf_count=24 24 29 14 26 33 27 39 24 13 16 26 27 8 33 14 39 12 20 14 27 27 32 22 21 20 6 36 4 8 30 53 63 27 20 14 190 28 23 59 49 82 126 30 74
internal_value=-1.80271e-11 -0.00217109 -0.00940955 0.00575025 0.000104733 0.00135115 0.000604863 -4.24386e-05 -8.75157e-06 -0.000489396 -0.00136478 0.00126137 4.35011e-05 0.000379744 0.000927323 -0.000715414 0.00109207 0.000100362 0.000278862 5.92759e-06 0.000198616 -2.34129e-05 -0.000112454 0.000154669 6.62292e-05 -0.000196698 8.23458e-05 -3.71739e-05 -6.31642e-05 9.14738e-05 -3.35402e-05 -0.000123256 -0.000292574 -2.67832e-05 -5.24014e-05 -2.69217e-05 3.79376e-06 -5.16554e-05 -0.000151875 -1.95865e-05 -3.65319e-05 -4.67429e-06 7.11172e-05 1.43797e-05
internal_weight=2412 111 58 53 2301 243 210 2058 2004 196.5 131 65.5 1807.5 300 200 100 64 184 156 183 144 1507.5 1005 502.5 961 460.5 87 428 422 132 413 117 90 915 865 830 394 337.5 253.5 210.5 112 798 393 324
internal_count=1533 93 43 50 1440 243 210 1197 1173 129 86 43 1044 252 168 84 51 160 146 183 144 792 528 264 506 243 62 230 224 132 220 117 90 486 466 452 212 184 131 108 112 420 230 200
is_linear=0
shrinkage=0.08


Tree=148
num_leaves=45
num_cat=0
split_feature=37 4 34 37 15 30 9 30 16 29 10 31 36 29 16 2 37 36 37 31 3 37 5 2 4 4 3 36 10 10 34 30 30 34 32 7 33 20 32 14 14 22 34 37
split_gain=0.0841801 2.39665 0.250518 0.650428 0.105676 0.0814237 0.0174737 0.0240485 0.0153527 0.0111614 0.00828188 0.006517 0.0398278 0.0810461 0.045773 0.0065534 0.00615783 0.0216853 0.135495 0.0961889 0.0139182 0.00431971 0.00398442 0.0018047 0.00163247 0.00393547 0.00171725 0.00157197 0.0148905 0.00950619 0.0015889 0.00192266 0.00325922 0.00124794 0.00112442 0.00100866 0.00393256 0.00178857 0.00139974 0.000695271 0.000724408 0.000618805 0.000598944 0.000775523
threshold=16.425000000000004 16.455000000000002 1.0000000180025095e-35 7.8750000000000009 1.7861538866850044 0.3000000000000001 9.8350000000000026 6.9000000000000012 9.0399996042251605 5.1000000000000005 9.9550000000000018 1.0000000180025095e-35 2.5000000000000004 1.0000000180025095e-35 7.0250000000000012 16.195000000000004 11.575000000000001 2.5000000000000004 11.868846153846155 1.7000000000000004 16.185000000000006 12.049615384615388 10.105000000000002 14.055000000000001 17.680000000000003 17.400000000000002 17.860000000000003 2.5000000000000004 9.8550000000000022 9.5600000000000005 3.5000000000000004 1.0000000180025095e-35 0.3000000000000001 4.2000000000000011 0.50000000000000011 5.1300000000000017 1.0000000180025095e-35 1.0000000180025095e-35 1.0000000180025095e-35 8.9450000000000021 8.5500000000000025 26.300000000000008 74.200000000000017 5.2400000000000011
decision_type=2 2 2 2 2 2 2 2 2 2 2 2 2 2 2 2 2 2 2 2 2 2 2 2 2 2 2 2 2 2 2 2 2 2 2 2 2 2 2 2 2 2 2 2
left_child=2 -2 3 8 -5 -3 7 9 -1 -7 11 12 13 -4 -14 -15 27 18 -18 -19 -21 -20 23 -23 25 -8 -26 28 35 30 -29 -32 -33 -34 -35 37 -37 -13 -38 40 -40 -39 43 -36
right_child=1 5 10 4 -6 6 24 -9 -10 -11 -12 16 14 15 -16 -17 17 19 21 20 -22 22 -24 -25 26 -27 -28 29 -30 -31 31 32 33 34 42 36 38 41 39 -41 -42 -43 -44 -45
leaf_value=-0.0045008600871854773 -0.027944638460874555 0.0053576540714129805 -0.0041022057220513044 0.0057635412897382469 0.012445538043975831 0.0039409047534822352 1.9135979625085992e-05 -0.00067889464220830377 -0.0016393711107472579 0.0013326228299133836 -0.0010166942898649721 0.00090950699825771155 0.0033914797236361811 0.00087451737010624351 -0.00084421730235866889 -0.00050944307775662692 0.0064833319202686349 -0.0041537479836155069 -0.00082260520862681528 -1.0209409771738825e-07 0.0022420786534819537 0.000654244970147764 0.0012047349785765011 -6.93296627874728e-05 0.00083230871829159919 -0.0012454490964522674 -9.3107036858176194e-05 -0.00075209488840521997 -0.0015648318507841656 0.001199273132206349 -0.0007238536395809868 0.0010399071229621768 0.0019862912967801094 -0.00056620503175589779 -0.00037173689110204578 -0.00082232385221868757 -0.00057759885365764297 -0.00033170881564728919 5.3527580157127601e-06 0.00017236841485638471 -0.00024660626328157554 0.0002976045830873773 -0.00019908620154968017 0.00010227995207753485
leaf_weight=24 20 24 43 28 33 21 63 21 24 21 54 20 31 41 34.5 47 24 33 28 37 34 28 24 104 21 21 33 18.5 42 44.5 22 20 1.9999999999999989 22.5 24 40 27 20 608 137 83 20 67.5 277.5
leaf_count=24 20 24 28 22 21 21 63 21 24 21 24 20 16 36 27 22 12 30 14 37 19 28 14 104 21 21 33 16 18 19 12 10 2 14 24 20 12 20 318 60 36 20 30 135
internal_value=3.27205e-11 -0.00140557 0.000158913 0.00389648 0.00937839 0.000953458 0.000427584 0.00153154 -0.00307012 0.00263676 -3.90435e-05 -1.26997e-05 -0.000450245 -0.0012556 0.00116046 0.000135357 3.48675e-05 0.000358149 0.000829756 -0.000585065 0.00107362 9.2333e-05 0.000256553 8.41559e-05 -7.63979e-05 -0.00029701 0.000266777 -3.25774e-05 -9.05741e-05 8.34161e-05 -2.59576e-05 4.88867e-06 4.36609e-05 -6.9742e-06 -1.71569e-05 -2.57376e-05 -4.70251e-05 0.000291801 -1.07538e-05 7.73023e-06 -2.49115e-05 -1.70521e-05 1.63216e-05 6.45473e-05
internal_weight=2412 245 2167 109 61 225 201 63 48 42 2058 2004 196.5 131 65.5 88 1807.5 312 208 104 71 184 156 132 138 84 54 1495.5 997 498.5 454 435.5 413.5 393.5 391.5 955 895 60 855 828 691 40 369 301.5
internal_count=1533 245 1288 91 43 225 201 63 48 42 1197 1173 129 86 43 58 1044 258 172 86 56 160 146 132 138 84 54 786 524 262 243 227 215 205 203 506 446 60 426 414 354 40 189 159
is_linear=0
shrinkage=0.08


Tree=149
num_leaves=45
num_cat=0
split_feature=34 1 37 1 37 4 32 12 33 31 36 16 33 37 36 37 9 10 36 16 37 13 16 34 29 15 32 1 37 33 5 37 22 26 14 7 1 37 32 29 32 22 19 37
split_gain=0.0931234 0.956466 1.44459 0.26417 0.0641057 0.173941 0.0554298 0.00805217 0.00661764 0.00574018 0.0337103 0.0686999 0.0402309 0.00488573 0.0206265 0.186249 0.0940704 0.00648424 0.00406412 0.108304 0.0953969 0.0271209 0.020566 0.00391802 0.0032182 0.00303474 0.00257742 0.00257718 0.0023111 0.00181451 0.00174323 0.00142061 0.00169376 0.00137822 0.0013554 0.00131053 0.00168322 0.00128757 0.00111781 0.00119773 0.00106152 0.000681338 0.000823838 0.00178018
threshold=1.0000000180025095e-35 16.415000000000003 11.964615518129792 11.984999656677248 16.425000000000004 16.505000000000006 0.70000000000000007 9.9350000000000005 0.70000000000000007 1.0000000180025095e-35 2.5000000000000004 6.6350000000000016 1.7000000000000004 11.760384615384618 2.5000000000000004 11.868846153846155 11.784230769230772 7.8350000000000009 1.5000000000000002 5.9846153846153838 11.130000000000001 9.7700000000000014 6.0350000000000028 13.100000000000001 18.200000000000003 1.7000000000000002 1.9000000000000001 14.110000000000001 12.049615384615388 0.3000000000000001 10.105000000000002 9.8750000000000018 10.900000000000002 1.1000000000000003 7.9050000000000011 11.911538461538465 17.650000000000002 3.0500000000000003 0.70000000000000007 1.3 1.5000000000000002 10.600000000000003 3.0000000000000004 5.2400000000000011
decision_type=2 2 2 2 2 2 2 2 2 2 2 2 2 2 2 2 2 2 2 2 2 2 2 2 2 2 2 2 2 2 2 2 2 2 2 2 2 2 2 2 2 2 2 2
left_child=1 2 3 -1 7 -6 -7 9 -8 10 11 -2 -12 18 15 -15 17 40 19 -11 21 35 -21 -17 26 -13 -10 -24 -25 -29 -28 33 -33 38 -30 36 37 -20 -31 -40 -16 -39 -43 -44
right_child=4 -3 -4 -5 5 6 8 -9 24 13 12 25 -14 14 16 23 -18 -19 20 22 -22 -23 27 28 -26 -27 30 29 34 31 -32 32 -34 -35 -36 -37 -38 41 39 -41 -42 42 43 -45
leaf_value=-0.00080060668341401552 -0.0037312682847153735 -0.015690444914194256 0.017554491403011175 -0.011776575342468594 0.0070412124047676732 0.0033963540072242423 -0.0013804907926047842 -0.0008177002333104611 0.00074065787562479569 0.0050954039898459562 -0.00089995962313630371 -0.00024925679972797048 0.0030654834829843963 0.0090837129298597576 0.0006672438852755087 0.00080854753969776397 -0.0055096724200993773 0.0018719922341406345 -0.00052635607607953716 -0.0033171245515346524 -0.0037530443842776796 0.0021809062317668187 0.00071567663257675513 -0.00075679678336850235 0.0010534999515151694 0.00071008651724292174 -0.00077724425170648222 -0.0005399841862769487 -9.2479363153435539e-05 0.00038945884044681281 -7.1146959925991019e-06 3.4550581847063517e-05 -0.00068473050836473706 0.00039180784731699054 0.00056168201021276985 0.00036931511145085099 -0.00059537319211605273 -8.276799918008931e-05 -0.00048875932926657024 1.649884507060051e-07 -3.8240334401145961e-05 0.00025170192782851785 -0.00054928319583482602 6.7845833013030555e-05
leaf_weight=36 44 26 26 23 30 36 21 81 24 27 33 51 32.5 15.999999999999998 21 38 20 20 32 12.499999999999998 44 37 28 28 21 36 24 48 92 35 87 44 40 64.5 26 50 35 396 40.5 154 39 110 34 249
leaf_count=36 24 14 26 17 30 36 21 36 24 11 23 26 20 8 21 38 10 14 32 5 22 16 28 14 21 36 24 28 92 18 87 22 20 26 16 20 14 186 21 81 39 68 34 128
internal_value=-2.54461e-11 -0.00226322 0.00184393 -0.00507937 0.000109178 0.00133803 0.000534765 -3.592e-05 -4.72534e-05 -3.8896e-06 -0.000414225 -0.00115515 0.00106763 4.1396e-05 0.000335789 0.000804848 -0.000602329 0.000624507 -1.82581e-05 0.000169191 -0.000111983 5.79076e-05 -0.000115927 8.49463e-05 0.000132221 0.000147713 -1.10893e-05 -2.77885e-05 -0.000103388 -7.66547e-05 -0.000173629 -1.78192e-05 -0.000307964 6.50793e-05 5.16579e-05 -2.87932e-05 -5.20472e-05 -2.88847e-05 -2.67463e-05 -0.000101642 0.000208679 -8.70841e-06 6.59165e-05 -6.29688e-06
internal_weight=2412 111 85 59 2301 243 213 2058 177 1977 196.5 131 65.5 1780.5 300 200 100 80 1480.5 493.5 987 943 466.5 184 156 87 135 454 146 426 111 378 84 294 118 906 856 821 229.5 194.5 60 789 393 283
internal_count=1533 93 79 53 1440 243 213 1197 177 1161 129 86 43 1032 252 168 84 74 780 260 520 498 249 160 156 62 135 244 122 216 111 188 42 146 108 482 462 448 120 102 60 416 230 162
is_linear=0
shrinkage=0.08


Tree=150
num_leaves=45
num_cat=0
split_feature=37 32 34 36 1 36 4 33 34 33 12 31 36 16 16 37 36 37 9 10 33 36 16 37 13 16 15 15 34 33 37 26 14 10 28 33 30 30 30 30 9 16 23 32
split_gain=0.0822125 2.40305 0.231006 0.592859 5.07571 0.484538 0.163897 0.0142196 0.0116154 0.0084522 0.00681536 0.00485849 0.0285324 0.0581476 0.0353739 0.00413528 0.0174583 0.157641 0.0796212 0.00548826 0.00345719 0.00343987 0.0916688 0.0807439 0.0229552 0.0174071 0.0025686 0.00253722 0.00236031 0.00226021 0.00206444 0.00170558 0.00114241 0.00122493 0.00127889 0.0011583 0.00132448 0.00110456 0.00264812 0.00125481 0.00109979 0.00107791 0.0010396 0.000898469
threshold=16.425000000000004 0.3000000000000001 1.0000000180025095e-35 2.5000000000000004 16.375000000000004 1.5000000000000002 16.505000000000006 0.50000000000000011 13.700000000000005 2.3000000000000003 9.9350000000000005 1.0000000180025095e-35 2.5000000000000004 6.6350000000000016 7.1750000000000016 11.760384615384618 2.5000000000000004 11.868846153846155 11.784230769230772 7.8350000000000009 0.3000000000000001 1.5000000000000002 5.9846153846153838 11.130000000000001 9.7700000000000014 6.0350000000000028 1.7000000000000002 1.3899999999999995 1.9000000000000006 1.0000000180025095e-35 12.049615384615388 1.6000000000000003 9.4850000000000012 8.8950000000000014 54.20000000000001 1.0000000180025095e-35 0.50000000000000011 7.1000000000000005 5.5000000000000009 0.50000000000000011 10.105000000000002 6.0057692307692303 6.2000000000000011 1.5000000000000002
decision_type=2 2 2 2 2 2 2 2 2 2 2 2 2 2 2 2 2 2 2 2 2 2 2 2 2 2 2 2 2 2 2 2 2 2 2 2 2 2 2 2 2 2 2 2
left_child=2 -2 3 4 5 -1 -3 -8 -9 -10 11 12 13 -4 -14 21 17 -17 19 43 -19 22 -13 24 32 -24 -15 -11 -27 -30 -22 -29 33 34 35 -23 -37 38 39 -31 -32 -33 -43 -18
right_child=1 6 10 -5 -6 -7 7 8 9 27 -12 15 14 26 -16 16 18 20 -20 -21 30 23 25 -25 -26 28 -28 31 29 37 40 41 -34 -35 -36 36 -38 -39 -40 -41 -42 42 -44 -45
leaf_value=-0.015372274528878432 -0.027963500334881247 0.0064779153913259507 -0.003432766767218709 -0.0046555017410880991 0.037119285392761235 0.00070318737688163926 0.0020926799092973983 -0.0018753750098957902 0.0016218199991687601 -0.0009124705590130318 -0.00075228415136397982 0.0046877719503309991 0.0026912757082724237 -0.0002293162366521417 -0.0010401701616744201 0.0083570155035704377 0.00061386436977911563 0.00086382436566054819 -0.0050688986284658311 0.0017222328111529352 -0.0006962530368140765 -0.00046968591372098994 -0.0030517545104026796 -0.0034528007910756228 0.0020064336583773428 0.0015506312375267348 0.00065327959445615606 0.00064351570792496203 -0.00080194557396074133 -0.00036485106746355695 -5.1472681567675485e-05 0.00030152242854927428 -0.00039818621031008659 0.00027269377714729163 -0.00048406887381600262 0.00036139243522719032 -2.613309496599767e-05 0.00016028431078374535 -0.00066025064930647288 0.00010979509619186815 0.0005504285575201114 -3.5254694004025727e-05 -0.00071499294737198697 -3.5181114068016027e-05
leaf_weight=24 20 30 44 36 25 24 21 21 21 21 81 27 35.5 51 30 15.999999999999998 21 30 20 20 28 34 12.499999999999998 44 37 5.9999999999999991 36 24 24 45 102 27 50 91 39 62 630 162 45.5 171.5 24 36 24 39
leaf_count=24 20 30 24 30 13 24 21 21 21 21 36 11 18 26 25 8 21 30 10 14 14 24 5 22 16 6 36 24 14 24 102 27 22 38 16 40 342 81 22 97 14 36 24 39
internal_value=3.76864e-11 -0.00138905 0.000157045 0.00374611 0.00788937 -0.00733454 0.000973127 0.000126237 -0.000111092 0.000131064 -3.30464e-05 -3.57843e-06 -0.000381087 -0.00106274 0.000982217 3.80843e-05 0.000308926 0.00074046 -0.000554142 0.000574547 7.81506e-05 -1.67975e-05 0.000155656 -0.000103024 5.3275e-05 -0.000106653 0.000135896 -0.000106102 -2.55654e-05 -4.66752e-05 -7.49027e-05 4.64548e-05 -2.64897e-05 -4.7785e-06 -3.7785e-05 -1.38111e-05 8.5874e-06 -3.92402e-06 -0.000105457 1.11388e-05 6.31752e-05 -0.000118252 -0.00030715 0.000191985
internal_weight=2412 245 2167 109 73 48 225 195 174 153 2058 1977 196.5 131 65.5 1780.5 300 200 100 80 184 1480.5 493.5 987 943 466.5 87 132 454 448 154 111 906 856 765 726 692 424 262 216.5 126 87 60 60
internal_count=1533 245 1288 91 61 48 225 195 174 153 1197 1161 129 86 43 1032 252 168 84 74 160 780 260 520 498 249 62 132 244 238 130 111 482 460 422 406 382 224 143 121 116 87 60 60
is_linear=0
shrinkage=0.08


Tree=151
num_leaves=45
num_cat=0
split_feature=34 1 35 1 35 14 34 33 14 15 16 16 1 11 34 31 33 27 34 34 26 35 5 23 29 34 4 33 34 34 28 33 1 29 29 31 33 16 31 16 18 31 33 18
split_gain=0.0992211 0.950137 1.25442 0.288685 0.038999 0.0479355 0.028952 0.0186439 0.0133338 0.0173559 0.0536223 0.0165495 0.0107968 0.00757452 0.00355014 0.00613726 0.00348149 0.00217228 0.00175344 0.00127031 0.00101069 0.00131736 0.00329453 0.0027096 0.0026236 0.00513499 0.00491145 0.00164084 0.00161117 0.0034147 0.000880552 0.000808362 0.00273153 0.00161105 0.000680587 0.000893448 0.00123443 0.000936715 0.000654127 0.00046522 0.000402308 0.000381386 0.000373718 0.00078021
threshold=1.0000000180025095e-35 16.415000000000003 1.0000000180025095e-35 11.984999656677248 1.0000000180025095e-35 9.9200000000000017 119.60000000000004 1.0000000180025095e-35 9.6700000000000017 1.7299999999999995 6.6750000000000016 6.8000000000000025 13.180000000000001 9.9550000000000018 5.1000000000000023 1.0000000180025095e-35 24.800000000000004 14.400000000000002 9.9000000000000039 23.700000000000006 21.400000000000002 1.5000000000000002 11.130000000000001 8.7000000000000011 0.70000000000000007 10.700000000000005 16.465000000000003 1.0000000180025095e-35 13.100000000000001 10.300000000000002 64.400000000000006 3.3000000000000003 14.570000000000002 1.3 1.3 15.100000000000001 4.2000000000000011 6.6750000000000016 5.5000000000000009 6.0850000000000017 3.7000000000000006 10.800000000000002 1.3 0.90000000000000013
decision_type=2 2 2 2 2 2 2 2 2 2 2 2 2 2 2 2 2 2 2 2 2 2 2 2 2 2 2 2 2 2 2 2 2 2 2 2 2 2 2 2 2 2 2 2
left_child=1 2 -1 -4 5 6 7 -2 9 10 -9 -12 -13 14 15 -6 18 20 -11 -20 21 22 27 -24 25 -23 -27 -16 29 -29 31 42 -33 -34 -30 36 38 -38 -36 -35 -41 -40 -26 -44
right_child=4 -3 3 -5 13 -7 -8 8 -10 16 11 12 -14 -15 17 -17 -18 -19 19 -21 -22 24 23 -25 30 26 -28 28 34 -31 -32 32 33 39 35 -37 37 -39 41 40 -42 -43 43 -45
leaf_value=0.016397387520051921 0.0021135249151251253 -0.015718864844395563 -0.0002212357779757844 -0.011695192404415296 -0.001206207998610776 0.0044918066241024504 0.0034848730189315533 0.0048992184301217398 -0.0016811919315452024 -0.00060237893300061978 -0.0012629317185255113 -6.9551510248510607e-06 0.0025583696517250719 -0.00098972441559588473 -0.0005043516352844353 -2.8128188799054904e-05 0.0010786513567325616 0.00040729166801880905 0.00062976716357904185 1.62612181813731e-05 -0.00041203403224547705 0.00022326070651934856 0.00079967906201173643 9.7245889871070777e-06 -8.1509618430690757e-06 -0.00027036155982498536 -0.0014492095624407135 -0.00011787689527195386 -0.0002680153396001763 0.00083823942517240852 -0.00038448925614356996 -0.0012834138464596536 0.00080748707588229856 0.00038536997946600124 6.4087297017168671e-05 -0.0002506449610750744 -0.00030941987351980061 9.8657496871763027e-05 0.0005576007037710112 1.0414134907671432e-05 0.00024642734667858142 0.00021017833302418393 3.1296798464609311e-05 -0.00038406760431826116
leaf_weight=26 39 26 36 23 43.5 21 21 21 21 27 27 21 21 54 39 81 21 81 24 216 40.5 57 66 48 154.5 57 37.5 51 66 45 37.5 8.9999999999999982 21 30 90 69 72 72 39 244.5 57 42 52.5 64.5
leaf_count=26 39 14 36 17 36 21 21 21 21 27 27 21 21 24 21 66 21 36 24 216 18 30 33 24 78 30 15 30 39 30 15 9 12 12 51 36 36 42 24 105 30 24 21 33
internal_value=-1.18134e-11 -0.00233615 0.00175739 -0.00469413 0.000112695 0.00075419 0.000583188 0.000444066 0.000280886 0.00038989 0.0013596 0.000282327 0.00127571 -5.63969e-05 -2.78742e-05 -0.000439746 8.68551e-05 3.34534e-06 8.8487e-06 7.76118e-05 -1.76087e-05 -7.1062e-06 7.36313e-05 0.000467067 -7.57626e-05 -0.000376436 -0.000738158 -3.03811e-06 3.277e-05 0.000330303 -7.8251e-06 1.44891e-05 9.2836e-05 0.000127974 -3.07036e-05 1.00843e-05 6.71965e-05 -0.000105381 0.000212525 8.49282e-05 5.50335e-05 0.000377456 -8.98291e-05 -0.000197686
internal_weight=2412 111 85 59 2301 480 459 438 399 378 90 69 42 1821 1767 124.5 288 1642.5 267 240 1561.5 1521 699 114 822 151.5 94.5 585 546 96 670.5 633 361.5 352.5 450 384 315 144 171 331.5 301.5 81 271.5 117
internal_count=1533 93 79 53 1440 480 459 438 399 378 90 69 42 960 936 102 288 834 267 240 798 780 390 57 390 75 45 333 312 60 315 300 168 159 252 213 177 78 99 147 135 48 132 54
is_linear=0
shrinkage=0.08


Tree=152
num_leaves=45
num_cat=0
split_feature=34 37 3 4 37 4 32 11 4 0 37 37 15 20 10 5 16 32 34 0 26 16 0 30 0 26 37 4 37 15 30 32 37 19 30 37 0 19 37 37 30 0 0 9
split_gain=0.0839807 1.18033 1.6683 0.545242 0.0549594 0.105465 0.0772468 0.0067082 0.00635531 0.00547845 0.00398349 0.00992021 0.00310103 0.00821667 0.00387979 0.00631212 0.0047125 0.00241719 0.00231212 0.00574681 0.0020772 0.00202554 0.0016122 0.00113712 0.00101838 0.000751002 0.000955255 0.000952899 0.00118764 0.00191966 0.000639196 0.000855901 0.000629048 0.00119088 0.000982222 0.000699796 0.00107245 0.000608828 0.000607972 0.000606875 0.000504175 0.001036 0.00050189 0.000572989
threshold=1.0000000180025095e-35 7.9350000000000014 16.415000000000003 11.994999885559084 16.425000000000004 16.495000000000001 0.70000000000000007 9.9550000000000018 16.575000000000003 17.100000000000005 9.9550000000000018 9.9650000000000016 1.8823076923076927 0.50000000000000011 7.9050000000000011 11.832692307692311 6.0850000000000017 0.3000000000000001 5.1000000000000023 16.375000000000004 1.0000000180025095e-35 6.0273076923076916 14.485000000000001 17.600000000000005 14.310000000000002 4.4000000000000012 9.7950000000000017 16.165000000000003 8.3850000000000033 2.1950000000000003 1.0000000180025095e-35 1.3 7.0900000000000007 17.200000000000006 1.5000000000000002 6.3050000000000006 14.760000000000003 1.0000000180025095e-35 7.7300000000000013 3.0300000000000007 7.3000000000000016 17.150000000000002 15.020000000000001 10.010000000000002
decision_type=2 2 2 2 2 2 2 2 2 2 2 2 2 2 2 2 2 2 2 2 2 2 2 2 2 2 2 2 2 2 2 2 2 2 2 2 2 2 2 2 2 2 2 2
left_child=1 3 -3 -1 7 -6 -7 10 -8 -10 18 -12 13 -13 17 16 -16 24 19 37 -11 -20 -19 -22 -14 26 27 32 29 -29 -30 -32 33 35 -34 36 -23 39 -36 -2 41 42 -24 -44
right_child=4 2 -4 -5 5 6 8 -9 9 20 11 12 14 -15 15 -17 -18 22 21 -21 23 25 40 -25 -26 -27 -28 28 30 -31 31 -33 34 -35 38 -37 -38 -39 -40 -41 -42 -43 43 -45
leaf_value=-0.00062410399876534938 4.646625757838289e-05 -0.022265153848566116 0.0050170095150287334 0.015747760093730429 0.0059554470703005796 0.0040351464705438251 0.0012836828152649105 -0.00091054623049718355 -0.0011708487213860886 0.00075738322832399896 0.0030581649144490559 -0.0015613658331373396 0.00093748670847465596 0.0003496166849638232 0.0016669419718285403 -2.5489659956059395e-05 0.00049779660101130344 -0.00067106000652226311 -0.00041511665864123242 -0.0014438404264877102 1.5353254957831113e-05 5.3091567431154009e-05 -0.00039579761338730653 -0.0006405448460247412 0.00020051008769466234 0.00019299080627509585 -0.00029007871728390456 -0.00065340786719960829 0.00024552804407958163 -9.8002958407794887e-05 -0.00024663096246239479 4.1065076604477394e-05 0.00046691981551703069 -0.00048950923579589773 0.0002606658170384074 -0.00019164355419620517 0.00067790627568250605 0.00016918473403959995 -6.3364653097879554e-05 -0.00047288141782499024 0.00014181042592482349 -0.00042025294509671983 0.00023100385313025781 -0.0001497338551024978
leaf_weight=30 24 32 26 23 27 36 21 54 30 21 7.4999999999999991 24 24 36 36 78 57 24 90 27 87 108 14.999999999999998 21 24 96 90 52.5 58.5 165 93 229.5 54 30 63 52.5 21 31.5 90 36 114 42 72 39
leaf_count=30 24 29 14 20 27 36 21 24 30 21 3 18 24 36 21 39 30 24 36 12 87 108 15 21 18 39 42 21 27 66 42 102 27 30 27 30 21 27 42 36 78 21 60 27
internal_value=-2.93415e-12 -0.00214926 -0.0100352 0.00648067 0.00010368 0.0012415 0.000652252 -3.06687e-05 -2.43266e-05 -0.000197083 -6.95946e-06 0.000167129 0.000130064 -0.000414776 0.000192332 0.00050524 0.000950369 4.11806e-05 -8.00358e-05 -0.000418252 2.93747e-05 -4.90391e-05 -4.16143e-05 -0.000112182 0.000568998 -2.16518e-05 -4.02657e-05 -1.81584e-05 -8.29127e-05 -0.000232066 2.23398e-06 -4.18984e-05 7.44472e-05 -2.25846e-05 0.000173588 5.4593e-05 0.000154806 -0.00011562 7.00597e-05 -0.000265142 1.19555e-05 -7.61603e-05 3.85372e-05 9.72311e-05
internal_weight=2412 111 58 53 2301 243 216 2058 180 159 2004 592.5 585 60 525 171 93 354 1411.5 118.5 129 1293 306 108 48 1203 1107 1017 598.5 217.5 381 322.5 418.5 211.5 207 181.5 129 91.5 153 60 282 168 126 111
internal_count=1533 93 43 50 1440 243 216 1197 180 159 1173 414 411 54 357 90 51 267 759 99 129 660 225 108 42 624 585 543 258 87 171 144 285 189 96 159 129 87 69 60 201 123 102 87
is_linear=0
shrinkage=0.08


Tree=153
num_leaves=45
num_cat=0
split_feature=37 30 34 36 0 36 4 34 37 37 10 36 10 14 36 14 14 34 30 16 11 33 30 21 15 37 16 22 37 34 37 34 37 33 15 15 20 0 30 20 15 33 0 10
split_gain=0.0876278 2.22061 0.231634 0.496932 4.45958 0.410113 0.0660305 0.0315472 0.0067057 0.180404 0.0709865 0.0158086 0.0228157 0.0161009 0.00587488 0.0130094 0.0322481 0.010914 0.0136033 0.0354068 0.00700348 0.00508429 0.00345231 0.00278218 0.00194919 0.00190829 0.00131496 0.00126034 0.00118127 0.00117651 0.00156514 0.00114447 0.00105319 0.000958867 0.000841616 0.00189847 0.000797029 0.000686648 0.000680963 0.000656739 0.000655481 0.000595203 0.000891139 0.00124954
threshold=16.425000000000004 1.0000000180025095e-35 1.0000000180025095e-35 2.5000000000000004 16.415000000000003 1.5000000000000002 16.515000000000004 10.700000000000005 11.703076923076924 11.802307692307695 9.9550000000000018 2.5000000000000004 7.8350000000000009 8.3850000000000033 2.5000000000000004 8.3850000000000033 8.5900000000000016 1.9000000000000006 0.50000000000000011 6.6350000000000016 9.8550000000000022 1.7000000000000004 1.0000000180025095e-35 1.0000000180025095e-35 1.8342307692307702 10.105000000000002 8.9800000000000022 0.70000000000000018 8.5900000000000016 21.900000000000006 7.9050000000000011 86.000000000000014 5.1700000000000008 8.7000000000000011 0.52999999999999947 0.58499999999999919 3.0000000000000004 16.765000000000004 5.1000000000000005 1.1000000000000003 2.2950000000000004 0.3000000000000001 14.640000000000002 5.3400000000000007
decision_type=2 2 2 2 2 2 2 2 2 2 2 2 2 2 2 2 2 2 2 2 2 2 2 2 2 2 2 2 2 2 2 2 2 2 2 2 2 2 2 2 2 2 2 2
left_child=2 -2 3 4 5 -1 -3 -8 10 -10 14 13 26 23 15 22 -17 -16 19 -19 33 -9 -4 -11 -23 34 40 28 -24 30 32 -26 36 37 -20 -36 -29 38 -18 -25 -13 -37 -43 -44
right_child=1 6 8 -5 -6 -7 7 21 9 11 -12 12 -14 -15 17 16 20 18 25 -21 -22 24 27 39 31 -27 -28 29 -30 -31 -32 -33 -34 -35 35 41 -38 -39 -40 -41 -42 42 43 -45
leaf_value=-0.014115385302963357 -0.026979882284998893 0.0045479375013598687 0.00071331544161733716 -0.0039358523441478614 0.034947828292846678 0.00067403964387873817 0.0032622630499480739 0.00087842741727151659 -0.0070403638606270158 0.00076662240459376735 0.0032849419010537013 -0.00051739194896072149 0.0024867255097398393 -0.0014715580703117525 -0.0020383285358548165 -0.0025205310928108899 7.9108927295439764e-05 0.0031624326263280478 0.00041299423737520421 -5.4619146238376457e-05 -0.0011720000407860979 -0.00076229649876371358 0.00064813143889685834 -0.00029863377835135909 6.2082096391047047e-05 0.00051556659241517385 0.00060448853578418495 -5.0471144329224318e-05 -4.5621265760726405e-06 1.4387073601902222e-05 -0.00072398620493271764 -0.00059379524085670713 0.00024642985805662141 0.00018934217067518539 -0.001682784226205614 0.00028423827567270821 -0.00071170273481402553 -0.00035480538031234496 -0.0002876488928234688 9.3733163626301424e-05 8.2256613532081252e-05 -0.00051227079014866969 0.00071387075020798625 -5.9765056782356806e-05
leaf_weight=24 20 27 46 36 25 24 21 33 24 36 42 20 39 52 13.999999999999998 46 81 34 27 61.5 46 33 35 40 90 48 20 28 36 508 34 21 36 56 4.4999999999999991 35 20 88 54 86 28 26 13.999999999999998 293
leaf_count=24 20 27 36 30 13 24 21 33 12 32 18 20 25 28 14 20 36 15 12 38 20 33 26 40 90 24 20 28 16 264 16 21 24 24 2 21 20 38 24 86 28 26 14 130
internal_value=-1.26895e-11 -0.00143406 0.000162135 0.00375608 0.00754936 -0.00672067 0.000836675 0.000330594 -2.82152e-05 -0.000349995 3.65915e-05 0.00015022 0.000944181 -0.000246761 -4.50546e-05 -0.000151123 -0.000538009 0.000167082 0.000223944 0.00109072 -0.000257406 -1.72316e-05 4.20595e-05 0.000146383 -0.000222487 3.89672e-05 5.9487e-05 -2.24147e-06 0.000317188 -3.84707e-05 -0.000266028 -6.20028e-05 -8.0664e-05 -0.000106613 -1.82963e-05 -4.95576e-05 -0.000325984 -0.000180933 -6.75942e-05 -3.08278e-05 -0.000167597 -2.95861e-05 -6.25706e-05 -2.44852e-05
internal_weight=2412 245 2167 109 73 48 225 198 2058 345 1713 321 107 214 1671 1114 371 557 543 95.5 325 177 743 162 144 447.5 68 697 71 626 118 111 84 279 399.5 372.5 48 223 135 126 48 368 333 307
internal_count=1533 245 1288 91 61 48 225 198 1197 291 906 279 93 186 888 592 162 296 282 53 142 177 430 158 144 229 68 394 42 352 88 111 72 122 205 193 48 98 60 126 48 191 170 144
is_linear=0
shrinkage=0.08


Tree=154
num_leaves=45
num_cat=0
split_feature=34 2 36 4 35 14 1 0 16 0 11 30 0 1 32 34 0 36 27 36 0 0 13 33 5 35 5 29 30 29 36 15 33 28 34 36 14 29 34 5 16 29 34 35
split_gain=0.0906932 1.02668 2.8614 2.26538 0.0312654 0.0464365 0.0176881 0.0723577 0.0600827 0.0425507 0.00678536 0.00469467 0.00449658 0.00458751 0.00373661 0.00245679 0.00469744 0.00564205 0.00213012 0.00164108 0.00863678 0.00647657 0.00514686 0.00385997 0.00362546 0.00414468 0.00522677 0.00272854 0.00289374 0.00207259 0.00598788 0.00162614 0.00158058 0.00133994 0.00122003 0.000994803 0.00119642 0.000962769 0.000831307 0.000816549 0.000794949 0.000714371 0.000658858 0.000970895
threshold=1.0000000180025095e-35 16.415000000000003 1.5000000000000002 11.994999885559084 1.0000000180025095e-35 9.9200000000000017 16.920000000000005 16.425000000000004 6.6750000000000016 16.590000000000003 9.9550000000000018 1.9000000000000001 16.210000000000004 16.165000000000003 1.0000000180025095e-35 5.1000000000000023 16.375000000000004 2.5000000000000004 14.400000000000002 1.5000000000000002 17.820000000000004 17.365000000000006 9.8000000000000025 1.0000000180025095e-35 11.130000000000001 1.5000000000000002 11.832692307692311 1.5000000000000002 1.5000000000000002 0.3000000000000001 2.5000000000000004 2.4650000000000012 1.0000000180025095e-35 57.20000000000001 10.500000000000005 1.5000000000000002 7.4800000000000013 3.5000000000000004 15.800000000000002 11.832692307692311 6.5950000000000015 7.5000000000000009 14.700000000000005 1.5000000000000002
decision_type=2 2 2 2 2 2 2 2 2 2 2 2 2 2 2 2 2 2 2 2 2 2 2 2 2 2 2 2 2 2 2 2 2 2 2 2 2 2 2 2 2 2 2 2
left_child=1 2 -1 -4 5 6 7 12 -9 -10 15 -8 13 14 -2 16 17 32 19 20 21 23 24 -17 29 26 -26 28 -25 30 -21 37 -6 35 -16 -13 -37 -29 -36 -27 -33 -39 43 -31
right_child=4 -3 3 -5 10 -7 11 8 9 -11 -12 33 -14 -15 34 18 -18 -19 -20 22 -22 -23 -24 27 25 39 -28 31 -30 42 -32 40 -34 -35 38 36 -38 41 -40 -41 -42 -43 -44 -45
leaf_value=0.022154583112668186 0.0010954267493936986 -0.016144846494381245 0.0062217805422842502 -0.026210423766397963 0.00084523930626649721 0.0043608336008730385 -0.0011990747673230038 0.0065346649431046993 -0.00060345482019086673 0.00347601396135158 -0.00092702786265699963 0.00052030320699226909 -0.0010075315983877294 0.0012614778894931079 -0.00047231471285075796 -0.0010091875760077404 -0.001293095102602685 -0.00096133723339209194 0.00040931683723573328 -0.00024009923068276509 -0.0011326494807321014 0.00089096787313206339 -0.00071394488066154607 -0.00080659974110099152 0.0014886416918598116 -0.00015914988755248488 0.00019536445681842451 0.00054352786946510996 2.360925377118138e-05 4.5768584878671732e-05 0.00087625967013096916 7.459289523669415e-05 2.7796760678473044e-05 -0.00054683715396095065 0.00053262009207780158 -0.00055981940357014543 0.00021190105882447423 -0.00016158279590308667 -1.4027887676707189e-05 0.00029805529210716488 -0.00034072395843955187 0.00024918201096755052 -7.6672612104212515e-06 -0.00047597898170351986
leaf_weight=29.5 21 26 30 25.5 24 21 27 21 30 36 54 28 21 24 33 29 27 32.5 81 61.5 49.5 45 54 54.5 40 50 40 46.5 53 42 61.5 54 41 24 21 20 36 40 117 50 65 84 592 50
leaf_count=27 21 14 30 22 24 21 27 21 30 36 24 28 21 24 33 14 12 30 36 34 22 20 24 32 20 20 20 24 28 26 34 26 36 24 21 20 36 20 117 20 36 44 308 26
internal_value=-1.35013e-11 -0.0022335 0.00202174 -0.0086795 0.000107744 0.000682122 0.000513815 0.000834381 0.0028076 0.00162171 -4.36575e-05 -0.000255545 0.000110036 0.000218689 8.83403e-05 -1.66614e-05 -0.00035929 -0.000100698 9.30952e-06 -1.14401e-05 -0.000127424 -2.17798e-05 4.6552e-05 -0.000118197 8.81598e-05 0.000412808 0.000842003 -5.31119e-05 -0.000397287 1.57474e-05 0.00031808 7.46908e-05 0.000329622 -1.96625e-05 -3.5337e-05 0.000130959 -6.37134e-05 0.000233091 6.91577e-05 6.94527e-05 -0.000152261 0.000116677 -3.86194e-05 -0.00023779
internal_weight=2412 111 85 55.5 2301 480 459 324 87 66 1821 135 237 216 192 1767 124.5 97.5 1642.5 1561.5 520.5 471 1041 426 987 180 80 397 107.5 807 123 289.5 65 108 171 84 56 170.5 138 100 119 124 684 92
internal_count=1533 93 79 52 1440 480 459 324 87 66 960 135 237 216 192 936 102 90 834 798 266 244 532 224 508 80 40 210 60 428 68 150 60 108 171 84 56 88 138 40 62 64 360 52
is_linear=0
shrinkage=0.08


Tree=155
num_leaves=45
num_cat=0
split_feature=37 4 34 37 15 30 16 0 31 30 37 37 10 36 10 15 0 36 32 16 32 16 13 36 31 34 30 29 32 29 27 34 30 16 37 30 15 0 10 10 36 31 10 16
split_gain=0.0843746 2.22002 0.21404 0.426921 0.149323 0.11082 0.0119787 0.0100811 0.00983035 0.00757556 0.0059413 0.152172 0.0621764 0.0130916 0.0189222 0.0137913 0.0184745 0.00477678 0.0146302 0.0397809 0.0102967 0.00938626 0.00900053 0.00637586 0.00522602 0.00392627 0.00216 0.00280655 0.00208611 0.00163647 0.00163323 0.00126027 0.00182986 0.00105202 0.000979546 0.000876167 0.00127702 0.000811299 0.00149195 0.00145282 0.000715455 0.00192974 0.00164173 0.00104995
threshold=16.425000000000004 16.455000000000002 1.0000000180025095e-35 7.8750000000000009 1.7861538866850044 0.3000000000000001 9.0399996042251605 17.070000000000004 1.7000000000000004 5.1000000000000005 11.703076923076924 11.802307692307695 9.9550000000000018 2.5000000000000004 7.8350000000000009 1.9903846153846161 13.645000000000001 2.5000000000000004 1.0000000180025095e-35 6.8350000000000017 1.0000000180025095e-35 6.0273076923076916 9.6300000000000008 1.5000000000000002 1.0000000180025095e-35 14.700000000000005 1.3 1.9000000000000001 4.2000000000000011 5.5000000000000009 7.5000000000000009 1.9000000000000006 1.0000000180025095e-35 8.9800000000000022 10.230000000000002 1.0000000180025095e-35 1.6099999999999997 14.455000000000002 4.0600000000000014 5.0500000000000016 1.5000000000000002 3.9000000000000004 7.9050000000000011 6.6250000000000018
decision_type=2 2 2 2 2 2 2 2 2 2 2 2 2 2 2 2 2 2 2 2 2 2 2 2 2 2 2 2 2 2 2 2 2 2 2 2 2 2 2 2 2 2 2 2
left_child=2 -2 3 6 -5 -3 -1 8 -7 -10 12 -12 17 15 33 16 -13 18 19 -4 -19 -20 24 -21 -22 -17 -9 -28 29 -27 -29 -26 -33 -15 37 36 -23 -34 -39 -40 41 42 43 -37
right_child=1 5 10 4 -6 7 -8 26 9 -11 11 13 -14 14 -16 25 -18 20 21 23 22 35 -24 -25 31 28 27 30 -30 -31 -32 32 34 -35 -36 40 -38 38 39 -41 -42 -43 -44 -45
leaf_value=-0.0032940357038751247 -0.026949598776176573 0.00600131483321699 -0.0031856105104088785 0.0037580956585173101 0.01170106569925944 -0.00032498602577972979 -0.00076645784235248975 -0.00088012919938635259 0.0028693062705653057 0.00072047333809591467 -0.0064713878557085989 5.4642319688961524e-06 0.0030772182930793078 -0.00015363039691389227 0.0022599378775041072 0.00092865169265617933 -0.0032867030650377271 0.001247285245358944 -0.0010144361023170251 0.00093707157066091895 -0.0012772704279699989 -2.7383870008040449e-05 0.0011442505195736886 -0.00065990777852675819 0.0020036139339208604 -0.00077757531964582291 0.00083876858044060925 2.4184882387761838e-05 0.00018758117711695379 7.5254931871313602e-05 -0.00070972511424096654 -0.0008107626592474325 0.00037026283302111552 0.0005369616765528917 0.00040073933801613749 0.00017338945581017203 0.00056999575292561639 -0.0011304995392856655 0.00083937764943887788 -5.6708823290597879e-05 6.498660681903765e-05 6.7062955682979154e-05 -0.00056400686114405595 -0.00031783534092423712
leaf_weight=24 20 24 36 28 33 21 24 21 21 21 24 24 42 48 39 30 20 50 60 32 21.5 49 43.5 32 1.9999999999999989 36 21 69 80 24 27 17.5 32 20 40 54 43 7.9999999999999991 11.999999999999998 330.5 431 244.5 75 57.5
leaf_count=24 20 24 16 22 21 21 24 21 21 21 12 24 18 48 25 30 16 30 24 22 14 24 19 22 2 30 21 69 64 22 27 10 32 20 20 26 28 8 12 149 228 121 33 48
internal_value=-5.91434e-12 -0.00140719 0.000159097 0.00361385 0.00805511 0.000863244 -0.00203025 0.000249743 0.00108826 0.00179489 -2.38814e-05 -0.000326766 3.71199e-05 0.000132645 0.000855164 -0.000228614 -0.00149098 -3.92919e-05 -0.000134935 -0.00105813 0.000151995 -4.38906e-05 4.39777e-05 0.000138582 -5.92841e-05 9.81144e-05 -0.000133061 1.02837e-06 -7.98578e-05 -0.000436443 -0.000182227 -3.81564e-08 -9.14567e-06 4.94849e-05 2.40574e-05 1.715e-05 0.000251826 -1.53342e-05 -5.05385e-05 -2.53131e-05 -7.89663e-06 -8.07799e-05 -0.000274601 -7.99327e-05
internal_weight=2412 245 2167 109 61 225 48 201 63 42 2058 345 1713 321 107 214 44 1671 1114 100 557 1014 507 64 463.5 170 138 117 140 60 96 442 440 68 422.5 954 92 382.5 350.5 342.5 862 431 186.5 111.5
internal_count=1533 245 1288 91 43 225 48 201 63 42 1197 291 906 279 93 186 40 888 592 60 296 532 266 44 247 146 138 117 116 52 96 233 231 68 221 508 52 201 169 161 456 228 107 74
is_linear=0
shrinkage=0.08


Tree=156
num_leaves=45
num_cat=0
split_feature=37 0 4 32 32 37 15 15 22 15 37 35 37 12 4 0 27 31 32 5 16 3 37 37 7 15 22 37 31 5 17 32 31 0 21 16 19 23 37 18 37 20 15 37
split_gain=0.0714146 2.17516 0.0783482 0.0660205 0.0520087 0.162389 0.943618 0.442199 0.442844 0.129423 0.319925 0.0208775 0.00746054 0.128699 0.0490936 0.00593565 0.00398569 0.00387341 0.0024008 0.0013482 0.0011742 0.00315471 0.000939126 0.00085234 0.00306676 0.00269527 0.000786558 0.000643949 0.000765437 0.000529692 0.000522128 0.000704248 0.000687091 0.000507224 0.00048961 0.000477857 0.000436902 0.000412967 0.000623313 0.00145524 0.000910798 0.00103035 0.000874807 0.000739454
threshold=16.425000000000004 16.465000000000003 16.525000000000002 0.70000000000000007 1.0000000180025095e-35 11.97499990463257 1.8150000357627867 1.8150000357627867 0.50000000000000011 1.7750000500679015 2.9500000238418584 1.5000000000000002 11.703076923076924 9.8000000000000025 17.955000000000002 17.100000000000005 14.400000000000002 1.9000000000000001 22.000000000000004 10.105000000000002 6.0057692307692303 17.590000000000003 11.130000000000001 9.7950000000000017 10.675000000000002 -0.065000000000001265 3.4000000000000004 9.9450000000000021 11.100000000000001 10.085000000000003 1.1000000000000003 0.50000000000000011 16.100000000000005 17.515000000000004 11.000000000000002 6.6850000000000014 0.90000000000000013 5.4000000000000012 7.0900000000000007 21.000000000000004 5.2800000000000002 3.3000000000000003 2.2350000000000008 3.3550000000000004
decision_type=2 2 2 2 2 2 2 2 2 2 2 2 2 2 2 2 2 2 2 2 2 2 2 2 2 2 2 2 2 2 2 2 2 2 2 2 2 2 2 2 2 2 2 2
left_child=4 -2 -3 -4 5 7 -7 9 -9 11 -11 -1 14 16 22 -5 18 -17 19 26 -19 -22 23 25 27 -6 -14 28 -25 -29 31 -27 33 35 -28 36 -33 38 39 40 42 -42 43 -32
right_child=1 2 3 15 12 6 -8 8 -10 10 -12 -13 13 -15 -16 17 -18 20 -20 -21 21 -23 -24 24 -26 30 34 29 -30 -31 37 32 -34 -35 -36 -37 -38 -39 -40 -41 41 -43 -44 -45
leaf_value=0.0010221999005547591 -0.026577647227793932 0.0056056100342954905 0.003582771114177174 -0.0010572479873632965 0.00075171433947980397 0.013939481943452847 -0.0073042346885346847 0.01200842665932963 -8.8731299257940722e-05 8.5816540134449801e-05 -0.01120486898155048 -0.0013863818223277726 -0.00043944940844085071 -0.0059939547628164291 0.0026670726125076825 0.0010631769445414345 0.0010906301951035858 0.00036923773809879401 -0.00074905610235873608 0.00044203260430583251 4.4813321515296902e-05 -0.0010404318205716361 0.00029598997402354143 -0.00044283104719974658 -0.0008101377870218876 -0.00030914481912711354 -2.7026292461924621e-05 0.00018509356230796907 2.8325584938838367e-05 -0.00010941136621921842 -0.00025641800602898001 -0.00021811634963195698 -0.00026381230228865633 0.00017949175670263219 0.00029827648152907691 3.1840556881973871e-05 4.1492898320037174e-05 -0.00020485378305117288 0.00015678556066268357 -0.0005815631020986647 -0.00047270586548344882 0.00010439380504792989 0.00062293395663598657 0.00039361673296384869
leaf_weight=42 20 21 36 39 30 32 23 34 45 36 29 51 24 24 45 21 24 24 24 54 60 24 60 46.5 39 66 123 85.5 42 72 24 127.5 73.5 82.5 39 273 61.5 37.5 240 27 33 49.5 27 21
leaf_count=24 20 21 36 39 15 32 23 22 30 36 23 24 24 12 18 21 12 24 18 30 60 24 30 21 18 42 123 42 21 36 24 57 30 33 39 144 27 15 108 27 24 36 27 21
internal_value=-7.31173e-12 -0.00129462 0.000952763 0.000473794 0.000146369 0.0011395 0.00505575 0.00023067 0.00511764 -0.00221282 -0.00495157 -0.000298635 -8.29524e-06 -0.000365467 6.30019e-05 -0.000192416 0.000103574 6.90454e-05 1.38416e-05 9.01313e-05 -0.000124258 -0.000265257 -1.41938e-05 -2.69586e-05 -0.000151051 3.19168e-06 -1.20335e-05 -4.65613e-05 -0.000219231 5.04627e-05 -1.64546e-05 -6.07474e-05 -3.42196e-05 -3.22769e-06 5.12873e-05 -3.58562e-05 -0.00013364 4.95504e-05 7.21843e-05 -3.96852e-05 5.50119e-05 -0.000126446 0.000262932 4.69315e-05
internal_weight=2412 245 225 204 2167 292 55 237 79 158 65 93 1875 312 1563 168 288 129 264 240 108 84 1518 1458 285 1173 186 246 88.5 157.5 1143 684 618 544.5 162 462 189 459 421.5 181.5 154.5 82.5 72 45
internal_count=1533 245 225 204 1288 214 55 159 52 107 59 48 1074 258 816 168 246 129 234 216 108 84 798 768 138 630 186 120 42 78 615 333 291 261 162 228 84 282 267 159 132 60 72 45
is_linear=0
shrinkage=0.08


Tree=157
num_leaves=45
num_cat=0
split_feature=34 37 15 4 37 4 34 0 11 7 37 36 9 15 37 14 36 16 32 16 11 34 32 36 29 3 32 30 27 16 17 25 32 0 30 15 32 37 37 11 36 31 36 16
split_gain=0.107677 1.19682 1.6432 0.53836 0.0617595 0.154942 0.0775209 0.00753301 0.00727929 0.00548709 0.00332522 0.0427449 0.293914 0.213039 0.00957584 0.00858646 0.00502393 0.0216041 0.0128783 0.0316749 0.0146184 0.0103498 0.0236846 0.00539653 0.00309989 0.00535307 0.00171944 0.00161716 0.00140938 0.0013485 0.00140708 0.00117483 0.000981429 0.000879564 0.000856807 0.0010603 0.000785977 0.00292389 0.000867534 0.00146801 0.000649835 0.00140963 0.000608821 0.00287536
threshold=1.0000000180025095e-35 7.9350000000000014 1.7861538866850044 11.994999885559084 16.425000000000004 16.505000000000006 9.5000000000000053 16.575000000000003 9.9550000000000018 9.9200000000000017 11.130000000000001 1.5000000000000002 11.893461538461539 1.8492307692307708 11.911538461538465 7.8350000000000009 2.5000000000000004 6.0057692307692303 1.0000000180025095e-35 6.8350000000000017 9.8550000000000022 1.9000000000000006 1.0000000180025095e-35 1.5000000000000002 12.300000000000002 16.175000000000004 1.0000000000000002 1.0000000180025095e-35 7.5000000000000009 7.4350000000000032 3.0000000000000004 1.1000000000000003 0.3000000000000001 15.345000000000001 1.0000000180025095e-35 1.6099999999999997 3.1000000000000005 9.1850000000000005 7.5300000000000002 7.5250000000000012 2.5000000000000004 6.3000000000000016 1.5000000000000002 6.0057692307692303
decision_type=2 2 2 2 2 2 2 2 2 2 2 2 2 2 2 2 2 2 2 2 2 2 2 2 2 2 2 2 2 2 2 2 2 2 2 2 2 2 2 2 2 2 2 2
left_child=1 3 -3 -1 8 -6 -7 -8 10 -9 16 12 15 -13 -15 26 18 -18 19 -2 34 -19 -23 -21 25 32 -12 -24 31 36 -31 -11 -16 -34 35 -20 37 -29 -38 -40 41 -33 43 -36
right_child=4 2 -4 -5 5 6 7 9 -10 28 11 13 -14 14 24 -17 17 21 20 23 -22 22 27 -25 -26 -27 -28 29 -30 30 -32 40 33 -35 42 -37 38 -39 39 -41 -42 -43 -44 -45
leaf_value=-0.0008034551503757635 -0.002914576410419411 0.0035635882642652307 -0.023383388141791028 0.015464753658996654 0.0067062612073495991 0.0045711801283889351 0.001080188410864635 -0.0012874466684405451 -0.00094158469216415171 0.00066958766474965075 0.00072191146279995634 -0.0059248132022453083 0.010316561101935804 0.0014126755448523908 0.00055848355653738099 -0.001290576530789787 0.0023323634402318437 -0.0021148256185863699 -1.929723068463559e-05 0.00078627617971505971 -0.0015225028550637598 0.0019080949228789128 -0.00055081913469447977 -0.00068294480959593781 -0.00042272972673850341 0.0012160266597608202 -4.4183711428195238e-05 0.00012233590003191017 -0.00043034306441348656 0.00064905237087181644 -0.00011181053572467395 -0.00029271916443990032 -0.00034764858369325176 0.00021244270586114573 -0.00097006264742877752 0.00052503870951748179 -0.00033252642142126359 -0.00065987760469443711 0.00046931787393987182 -5.7097140606492757e-05 -0.00037241611418060283 0.00061290182236751372 4.6168697937213458e-05 -4.0326183352751283e-05
leaf_weight=30 36 28 30 23 30 27 33 27 54 21 30 38 20 60 22 33 27.5 13.999999999999998 49 32 42 42 42 32 36 38 50 63.5 39 35 28 22 34 38 22.5 43 41.5 59 45 137.5 22 22 418 395.5
leaf_count=30 16 22 21 20 30 27 33 27 24 21 30 34 10 30 22 22 11 14 24 22 18 22 22 22 28 26 44 29 39 30 28 22 34 38 9 28 19 28 22 60 22 22 220 211
internal_value=-1.23592e-12 -0.00243365 -0.0103745 0.00625633 0.000117399 0.00132355 0.000565427 -1.60539e-05 -2.50186e-05 -0.000252498 -3.20668e-07 0.000206361 0.00137737 -0.000379144 0.000545135 -0.000204786 -5.17014e-05 0.000148464 -0.000151784 -0.00101618 -6.26711e-05 3.01248e-05 9.09744e-05 5.16657e-05 0.000235299 0.000414761 0.000243102 -7.80601e-05 -3.07236e-05 -2.95719e-05 0.000310891 0.000148416 9.08448e-05 -5.20448e-05 3.39892e-06 0.000235121 -9.14743e-05 -0.000254404 -2.37232e-06 7.27038e-05 -1.74112e-05 0.000160091 -2.21016e-05 -9.03718e-05
internal_weight=2412 111 58 53 2301 243 213 186 2058 153 2004 399 133 266 228 113 1605 535 1070 100 970 507.5 493.5 64 168 132 80 451.5 126 409.5 63 87 94 72 928 92 346.5 122.5 224 182.5 66 44 836 418
internal_count=1533 93 43 50 1440 243 213 186 1197 153 1173 318 106 212 178 96 855 285 570 60 510 274 260 44 148 120 74 238 126 216 58 87 94 72 492 52 158 57 101 82 66 44 440 220
is_linear=0
shrinkage=0.08


Tree=158
num_leaves=45
num_cat=0
split_feature=34 2 36 4 35 14 34 15 16 32 16 11 15 32 33 34 32 16 2 36 11 14 2 35 16 31 32 2 31 0 16 18 16 19 31 6 34 31 34 3 10 36 29 15
split_gain=0.0911374 0.862298 2.42825 1.97687 0.0320906 0.0263756 0.0257444 0.015913 0.0624118 0.0276117 0.00665619 0.0058593 0.00543976 0.00765772 0.00305783 0.00287179 0.00515655 0.00225392 0.00238431 0.00217989 0.0991402 0.0758867 0.0119869 0.00460296 0.00801281 0.00373068 0.00242547 0.00579242 0.00220713 0.00151947 0.00167786 0.00264255 0.0015068 0.00214998 0.00145138 0.00122409 0.0010525 0.00103426 0.00133597 0.00130129 0.00123559 0.00108525 0.00086027 0.00108633
threshold=1.0000000180025095e-35 16.415000000000003 1.5000000000000002 11.994999885559084 1.0000000180025095e-35 9.9200000000000017 119.60000000000004 1.6349999999999998 6.6850000000000014 0.70000000000000007 7.6750000000000016 9.9550000000000018 1.8342307692307702 1.0000000180025095e-35 24.800000000000004 5.1000000000000023 1.0000000180025095e-35 6.0550000000000024 17.910000000000004 1.5000000000000002 9.8950000000000014 9.5600000000000005 17.860000000000003 1.5000000000000002 6.0273076923076916 1.0000000180025095e-35 1.0000000000000002 16.175000000000004 1.3 17.400000000000002 7.0000000000000018 3.0000000000000004 7.0450000000000008 3.0000000000000004 3.9000000000000004 10.105000000000002 3.5000000000000004 2.5000000000000004 31.700000000000006 16.155000000000005 8.9450000000000021 2.5000000000000004 1.5000000000000002 2.4450000000000007
decision_type=2 2 2 2 2 2 2 2 2 2 2 2 2 2 2 2 2 2 2 2 2 2 2 2 2 2 2 2 2 2 2 2 2 2 2 2 2 2 2 2 2 2 2 2
left_child=1 2 -1 -4 5 6 7 8 -2 -10 -11 15 -9 -14 17 16 -6 18 -15 21 23 22 26 24 -21 -26 27 -17 -28 30 35 -32 37 -34 -30 -27 -19 40 -39 -40 41 -25 -36 -44
right_child=4 -3 3 -5 11 -7 -8 12 9 10 -12 -13 13 14 -16 19 -18 36 -20 20 -22 -23 -24 32 25 29 28 -29 34 -31 31 -33 33 -35 42 -37 -38 38 39 -41 -42 -43 43 -45
leaf_value=0.020207289947291551 0.0051866352771009717 -0.014988072927181538 0.0057227830365300181 -0.024573856215266622 -0.0010932902427625724 0.003462389164737293 0.0032992986829153133 -0.0010945986020600513 0.0026669046329334378 -0.0011702551957195959 0.00046377690095040532 -0.00086625794075964092 0.0017107376525001155 0.0011940548558985549 0.0010568924798142344 0.0001384476642124355 -1.3430546911686292e-05 -0.00058670096642648181 -1.1471120829117439e-05 0.0012936214306815106 -0.0041859992055429352 0.002750027926254367 -0.001445072671605481 -0.00027060673659434542 0.00094209912155444431 -0.00015253832866465191 0.0005508640134597526 -0.0013119526461712898 -0.00036560645336799271 0.00051503238336105515 -5.3163987537845971e-05 0.00081922047445550565 -4.5969229829400628e-05 -0.00079759228408830699 -0.00035877524062045036 0.00026799735297182843 8.5081065893729232e-06 -0.00049456962589950609 0.00039145362608861633 -9.6223115445657947e-05 0.0004888097353279591 0.00026735138924171528 0.00031828225528531733 -5.0888539097892742e-05
leaf_weight=29.5 21 26 30 25.5 43.5 21 21 21 24 39 27 54 21 21 21 40 81 21 21 44 36 63 45 48 36 212 42.5 31.5 77 48 50 40 60 41 31.5 56 201 45 41 240 50 48 82 135
leaf_count=27 21 14 30 22 36 21 21 21 24 39 27 24 21 21 21 28 66 21 21 22 16 28 20 21 20 106 24 14 44 24 34 36 36 38 14 28 201 18 20 96 20 21 42 64
internal_value=-1.24195e-11 -0.00223896 0.00166077 -0.00819729 0.000108007 0.000689916 0.000563071 0.000431882 0.00125952 0.000343197 -0.000501788 -4.5379e-05 0.00015094 0.000236418 0.000127784 -2.02927e-05 -0.000390731 5.38775e-05 0.000591292 7.78614e-06 -5.73826e-05 0.000138124 -0.000201505 8.2967e-05 0.000264068 0.000161578 -7.4177e-05 -0.00050054 8.66249e-06 9.23692e-05 3.56993e-05 0.000334562 -7.06366e-05 -0.000351084 -6.21319e-05 -6.46652e-05 -4.77955e-05 -1.06257e-05 -8.9876e-05 -2.50674e-05 0.00016633 -1.62767e-06 3.19025e-05 8.86138e-05
internal_weight=2412 111 85 55.5 2301 480 459 438 111 90 66 1821 327 306 285 1767 124.5 264 42 1642.5 1095 547.5 484.5 1059 486 442 439.5 71.5 368 406 358 90 573 101 325.5 268 222 472 326 281 146 96 248.5 217
internal_count=1533 93 79 52 1440 480 459 438 111 90 66 960 327 306 285 936 102 264 42 834 556 278 250 540 270 248 230 42 188 228 204 70 270 74 164 134 222 196 134 116 62 42 120 106
is_linear=0
shrinkage=0.08


Tree=159
num_leaves=45
num_cat=0
split_feature=37 33 34 37 15 2 33 16 0 16 11 11 14 37 37 16 37 24 37 33 33 2 32 31 30 34 20 15 28 37 32 14 31 13 20 30 32 37 30 30 7 11 0 37
split_gain=0.0789244 2.12792 0.197664 0.456821 0.164628 0.125107 0.0162453 0.0275962 0.0236888 0.00858059 0.00520421 0.00330222 0.00299466 0.00825153 0.00338586 0.00450528 0.00271382 0.00413825 0.00183655 0.00184103 0.00163864 0.00136694 0.00134508 0.00220643 0.000933756 0.00110071 0.00084594 0.000820625 0.000796503 0.000748519 0.000684989 0.000802585 0.000571486 0.000527182 0.000654729 0.000342198 0.00028 0.000267675 0.000689865 0.000618822 0.000675685 0.000501407 0.000421246 0.000416263
threshold=16.425000000000004 0.3000000000000001 1.0000000180025095e-35 7.8750000000000009 1.7861538866850044 16.495000000000001 1.0000000000000002 6.8850000000000025 17.150000000000002 9.0399996042251605 9.9550000000000018 9.8950000000000014 8.3850000000000033 8.2450000000000028 11.245000000000003 6.0850000000000017 9.9050000000000029 2.3000000000000003 14.160000000000002 1.5000000000000002 1.0000000180025095e-35 16.475000000000005 6.3000000000000016 7.5000000000000009 0.3000000000000001 1.9000000000000006 5.3000000000000016 3.0950000000000002 34.900000000000006 5.2400000000000011 0.50000000000000011 8.8450000000000006 2.5000000000000004 7.7300000000000013 2.1000000000000005 1.7000000000000004 11.4 7.9050000000000011 22.000000000000004 7.3000000000000016 9.9200000000000017 7.7300000000000013 16.860000000000003 7.5750000000000002
decision_type=2 2 2 2 2 2 2 2 2 2 2 2 2 2 2 2 2 2 2 2 2 2 2 2 2 2 2 2 2 2 2 2 2 2 2 2 2 2 2 2 2 2 2 2
left_child=2 -2 3 9 -5 -3 -7 22 -9 -1 11 12 14 -14 20 -16 21 -18 19 -17 29 -15 23 28 26 -26 -22 -24 -8 -4 -23 -32 -21 34 -20 -33 -36 43 39 40 -39 -42 -41 -27
right_child=1 5 10 4 -6 6 7 8 -10 -11 -12 -13 13 16 15 18 17 -19 33 32 24 30 27 -25 25 37 -28 -29 -30 -31 31 35 -34 -35 36 -37 -38 38 -40 42 41 -43 -44 -45
leaf_value=-0.0034341821540147068 -0.026367924648337066 0.00597030833363533 -0.00062781193066770451 0.0035561389263187139 0.011896227995554606 -0.0017859029930453593 -0.00047185996414295269 0.0038571295677684247 0.00017793813853391577 -0.0012949503771960736 -0.00079695723588681881 0.00061602957995125546 -0.001461728257437547 0.0003177474869068626 0.0010871400077564594 0.00083251932979605731 -0.0011439874763290087 -2.2369118717809521e-05 -0.00043359550768164569 -0.00012948853338861632 0.00039507216733434929 -0.00028685906790570573 0.00041220775727803509 -0.0010855131959986121 -0.0010996381860847275 -2.0846390608484786e-05 -9.7396315893892086e-05 -0.00017951294380084921 0.00018506053748920009 -9.6287675822774569e-05 -0.00031831464273672478 -7.7530732333006992e-05 0.00035740028665814965 0.00028846558447306355 -5.9972296573687349e-05 0.00010339926011968732 0.00027052208847765411 8.1455317780464187e-05 -0.00035584829944289395 -3.2015795664240919e-05 -0.00043648031750871316 -0.00011072276917898475 0.00026248553241675274 0.00014081336007392694
leaf_weight=24 20 27 39 28 33 24 21 24 21 24 54 54 30 64.5 39 42 37.5 48 27 27 69 81 30 21 5.9999999999999991 340.5 33 30 27 30 51 115.5 36 30 75 159 21 84 45 60 42 108 64.5 145.5
leaf_count=24 20 27 39 22 21 24 21 24 21 24 24 24 12 30 27 39 21 24 27 24 54 36 30 21 6 237 18 30 27 15 21 51 21 30 75 69 21 42 21 30 21 48 30 60
internal_value=-9.00324e-12 -0.00136099 0.000153872 0.00347384 0.00806799 0.000861854 0.000165246 0.00043437 0.00214017 -0.00236457 -2.19664e-05 -1.08342e-06 -1.81727e-05 -0.000169334 4.68482e-05 0.000285739 -9.9663e-05 -0.000514307 0.000164597 0.000422248 -1.96783e-05 -2.43933e-05 -0.000160677 -0.000401568 6.40244e-06 -1.97202e-05 0.000235744 0.000116347 -0.000102342 -0.000396714 -7.86813e-05 -2.68767e-05 0.000148734 -1.22227e-05 -8.55613e-05 2.72702e-05 1.23234e-05 -1.24358e-05 -6.05992e-05 -2.35387e-05 -0.000100205 -0.000201935 0.000120557 2.75517e-05
internal_weight=2412 245 2167 109 61 225 198 174 45 48 2058 2004 1950 586.5 1363.5 297 556.5 85.5 258 105 1066.5 471 129 69 997.5 895.5 102 60 48 69 406.5 325.5 63 153 123 274.5 96 889.5 403.5 358.5 234 150 124.5 486
internal_count=1533 245 1288 91 43 225 198 174 45 48 1197 1173 1149 264 885 264 252 45 237 84 621 207 129 69 567 495 72 60 48 54 177 141 45 153 123 120 96 489 192 171 111 69 60 297
is_linear=0
shrinkage=0.08


Tree=160
num_leaves=45
num_cat=0
split_feature=37 32 3 0 32 35 15 15 37 36 36 33 3 33 37 37 10 36 3 8 36 16 10 30 15 16 37 0 37 27 31 20 20 36 30 11 30 32 22 22 26 15 36 16
split_gain=0.0668016 1.98223 0.0940732 0.0532497 0.0779261 0.117562 0.830592 0.390077 0.457673 0.24881 0.676445 0.0257525 0.0115061 0.00902859 0.00755798 0.108842 0.0562415 0.00536996 0.0117495 0.0109168 0.00242015 0.0117284 0.0071916 0.0022653 0.00220273 0.00205817 0.00172022 0.00253698 0.00150365 0.00121395 0.00109285 0.00103507 0.000983645 0.000826649 0.00137784 0.0010396 0.0010181 0.000832964 0.000831384 0.000965629 0.000816102 0.000742332 0.00072972 0.000704693
threshold=16.425000000000004 0.3000000000000001 16.485000000000003 11.97499990463257 1.0000000180025095e-35 1.0000000180025095e-35 1.8150000357627867 1.8150000357627867 7.8750000000000009 1.5000000000000002 2.5000000000000004 0.50000000000000011 16.765000000000004 1.9000000000000001 11.703076923076924 11.802307692307695 9.9550000000000018 2.5000000000000004 17.935000000000006 11.911538461538465 1.5000000000000002 6.0273076923076916 9.8550000000000022 1.7000000000000004 2.2350000000000008 6.0550000000000024 9.7850000000000019 16.425000000000004 11.130000000000001 7.5000000000000009 3.3000000000000003 11.800000000000002 1.1000000000000003 2.5000000000000004 1.0000000180025095e-35 8.8950000000000014 8.1000000000000014 3.5000000000000004 9.5000000000000018 21.100000000000005 1.1000000000000003 0.65499999999999947 1.5000000000000002 6.6500000000000012
decision_type=2 2 2 2 2 2 2 2 2 2 2 2 2 2 2 2 2 2 2 2 2 2 2 2 2 2 2 2 2 2 2 2 2 2 2 2 2 2 2 2 2 2 2 2
left_child=3 -2 -3 -1 5 6 -5 9 -9 -7 -11 -4 -13 -14 16 -16 20 18 25 24 21 -6 28 -15 -19 -17 31 -28 33 -25 -29 40 42 35 -35 36 38 -38 -22 -40 -23 -36 -27 -43
right_child=1 2 11 4 14 7 -8 8 -10 10 -12 12 13 23 15 17 -18 19 -20 -21 22 26 -24 29 -26 32 27 30 -30 -31 -32 -33 -34 34 41 -37 37 -39 39 -41 -42 43 -44 -45
leaf_value=-0.0041915613868170314 -0.025387830212712289 0.0056272471137344838 0.0029791579575144818 0.013079442739835941 -0.0016912714606150986 -0.0066349867841130807 -0.0068514283865933195 -0.00019058021866819928 0.012107445553821677 0.0071469176172425878 -0.0065405839691973404 0.0012979753440271857 -0.0018341296157311827 0.00071732438884542459 -0.0055418803480764235 0.00065546275844099002 0.0029533405069793973 0.00064975735626649118 -0.0016933002442653692 0.0022170847766101358 -7.9912418213677763e-05 3.1915116796967404e-05 0.0010819986657727332 -4.2334078234093991e-06 -0.00023136882982014315 -0.00071281774279971912 0.00027630520873658712 -0.00073224104791879655 0.00049308142779045739 -0.00059417584940974573 -0.00025430841664665768 -0.00035634783815060341 8.9509494499199915e-05 -0.00049883445026352999 -0.00054026668244558905 0.00032802133650639681 0.00013904801928080044 -0.00030321572071136853 0.00047968633651085526 6.9362582957711567e-05 0.00036628714849939569 -0.00011466504190775808 -4.5898391260942888e-05 9.7585364999261929e-05
leaf_weight=18 20 24 21 32 30 47.5 23 45 34 47.5 45 36 21 21 24 32 42 30 28 20 96.5 211 42 69 46 21 42 50 40 33 79 35 90 46 18 81 39 90.5 57.5 101.5 60 213.5 21 188.5
leaf_count=18 20 24 21 32 12 30 23 36 16 30 29 36 21 21 12 18 18 30 14 10 50 121 18 69 42 21 21 24 20 33 39 25 90 26 8 35 22 44 32 64 24 95 21 118
internal_value=1.3328e-11 -0.00125211 0.000893291 0.000141563 0.000177857 0.00143805 0.00474471 0.000607614 0.00510224 -0.00192864 0.000488133 0.000328043 1.87461e-05 -0.000301061 -6.30005e-06 -0.000365796 6.54612e-05 6.5544e-05 -0.000178723 0.000554078 -1.4283e-05 -0.000156995 5.70731e-05 -3.93179e-05 0.000116444 7.98636e-05 -6.04999e-05 -0.000263729 1.27862e-05 -0.000195097 -0.000439554 5.30691e-05 -5.96756e-05 -7.82729e-06 -8.31702e-05 6.75157e-05 1.2708e-05 -0.000170024 0.000105326 0.00021775 0.000105946 -3.76451e-05 -0.000379358 -1.51397e-05
internal_weight=2412 245 225 2167 2149 274 55 219 79 140 92.5 201 180 144 1875 312 1563 288 192 96 1521 507 1014 123 76 164 477 171 972 102 129 306 132 932 466 466 385 129.5 255.5 159 271 420 42 402
internal_count=1533 245 225 1288 1270 196 55 141 52 89 59 201 180 144 1074 258 816 246 164 82 798 266 532 123 72 150 254 84 514 102 63 170 132 494 247 247 212 66 146 96 145 221 42 213
is_linear=0
shrinkage=0.08


Tree=161
num_leaves=45
num_cat=0
split_feature=34 37 3 4 37 0 32 16 0 11 30 5 11 36 32 16 32 16 36 37 37 4 32 36 5 37 0 34 29 0 31 34 16 0 29 19 30 37 19 30 30 21 31 32
split_gain=0.114948 1.10316 1.36776 0.530667 0.0593452 0.104916 0.0850999 0.0775936 0.0233167 0.00595932 0.00499299 0.00401746 0.00320093 0.00771093 0.019182 0.0508425 0.0161352 0.0596098 0.00932499 0.00819673 0.00979215 0.00740612 0.00147114 0.00125978 0.00194471 0.00129608 0.00284507 0.00256615 0.00170757 0.00142974 0.00122922 0.00133525 0.000960811 0.00322561 0.000852312 0.000806905 0.000803305 0.0007805 0.00196054 0.00146487 0.00136083 0.0012069 0.000930278 0.000774846
threshold=1.0000000180025095e-35 7.9350000000000014 16.415000000000003 11.994999885559084 16.425000000000004 17.150000000000002 1.3 6.6750000000000016 16.590000000000003 9.9550000000000018 1.0000000000000002 10.545000000000002 9.8950000000000014 2.5000000000000004 1.0000000180025095e-35 7.1300000000000008 1.0000000180025095e-35 6.8350000000000017 1.5000000000000002 11.130000000000001 12.101923076923079 17.935000000000006 1.5000000000000002 1.5000000000000002 11.992692307692311 9.7450000000000028 16.295000000000005 71.100000000000023 9.1000000000000014 16.165000000000003 1.0000000180025095e-35 1.9000000000000006 5.9761538461538457 17.710000000000004 5.5000000000000009 3.0000000000000004 1.0000000180025095e-35 9.0550000000000015 0.70000000000000007 7.1000000000000005 5.9000000000000012 1.9000000000000001 3.5000000000000004 5.9000000000000012
decision_type=2 2 2 2 2 2 2 2 2 2 2 2 2 2 2 2 2 2 2 2 2 2 2 2 2 2 2 2 2 2 2 2 2 2 2 2 2 2 2 2 2 2 2 2
left_child=1 3 -3 -1 9 6 -6 -8 -9 12 -7 -12 13 16 15 -15 17 -2 -19 30 -21 23 -22 24 25 27 29 36 -28 34 -16 -32 -13 -34 -27 -24 -18 41 40 43 -39 -25 -43 -40
right_child=4 2 -4 -5 5 10 7 8 -10 -11 11 32 -14 14 19 -17 21 18 -20 20 22 -23 35 37 -26 26 28 -29 -30 -31 31 -33 33 -35 -36 -37 -38 38 39 -41 -42 42 -44 -45
leaf_value=-0.0011806151034931343 -0.0033555154476992109 -0.02121197703294456 0.0034908520258389985 0.014970935673817345 0.0073933835994588063 -0.001282171830534935 0.0061549140441985364 -0.0012387411822392432 0.0019312634536375604 -0.00084761936441753757 0.0010598297953783046 0.00024286511888796535 0.00061161370137361468 0.0038346761368936106 -0.00056819625723664266 -0.00078516295428077382 0.00037250510264526715 0.0012018054336882555 -0.00054762569247171857 0.0016136750374095177 0.00060600277557969098 -0.0011643556207935842 -0.00046624171026051045 -0.00016494716419838368 -0.00069398205490812427 -0.00024782362625974571 -0.00023776794693813744 0.00061116321184469951 -0.00085775866006900154 0.00062622114257128143 0.0020193390548229216 -5.2441508213069794e-05 4.1749709077218243e-05 -0.0011470000328318705 0.0003262097421917133 0.00018317539390409366 -8.4472091253004746e-05 0.00016861137730728198 -0.00010924279057819928 -0.00045024083733248213 0.00063120832832323185 0.00042602829450635974 -1.3052561836367524e-05 0.00038274011167231946
leaf_weight=30 44 32 26 23 24 21 21 27 33 54 21 27 54 31 30.5 30 27.5 39 39 44 25 36 25 150 31.5 49 88 46 42 27 1.9999999999999989 438.5 48 21 25 24 235 102.5 42 42 67.5 53 74 40
leaf_count=30 24 29 14 20 24 21 21 27 33 24 21 27 24 16 18 25 17 29 29 22 25 16 22 78 14 44 44 22 22 18 2 229 48 21 21 24 132 55 31 28 36 37 42 27
internal_value=5.34855e-12 -0.00251449 -0.0101383 0.00582855 0.000121299 0.00130364 0.00320933 0.00196962 0.000504761 -1.83077e-05 -0.000146339 5.75279e-05 4.03905e-06 -1.27861e-05 0.000212192 0.00156262 -0.000125275 -0.00100106 0.00032709 7.23345e-05 0.000668576 -3.45741e-05 0.000106625 1.04071e-06 -8.29835e-05 -4.73089e-05 -0.000190604 5.99885e-05 -0.000438073 0.000127919 -7.70423e-05 -4.3035e-05 -0.000161726 -0.000320044 -5.38934e-05 -0.00014816 -3.65983e-05 8.50649e-05 0.000175852 -6.6038e-05 0.00035229 -1.12941e-05 0.000170186 0.000130749
internal_weight=2412 111 58 53 2301 243 105 81 60 2058 138 117 2004 1950 650 61 1300 122 78 589 118 1178 74 1142 571 539.5 231 308.5 130 101 471 440.5 96 69 74 49 262.5 571 294 124 170 277 127 82
internal_count=1533 93 43 50 1440 243 105 81 60 1197 138 117 1173 1149 383 41 766 82 58 342 93 684 71 668 334 320 149 171 66 83 249 231 96 69 65 46 149 334 177 86 91 157 79 58
is_linear=0
shrinkage=0.08


Tree=162
num_leaves=45
num_cat=0
split_feature=34 1 36 36 35 15 32 34 33 33 31 10 15 15 10 21 10 36 32 16 32 36 3 30 16 36 10 33 13 31 13 10 21 17 21 29 22 16 35 36 33 35 21 19
split_gain=0.0972922 0.865896 1.65012 0.972483 0.0287085 0.0437108 0.0579087 0.0150596 0.00720751 0.00744722 0.0055007 0.0149786 0.00964001 0.0211183 0.00413654 0.00331468 0.0023243 0.00252022 0.0112305 0.0240025 0.00935947 0.00895595 0.00238338 0.00162806 0.00124518 0.000888046 0.00131517 0.00156742 0.00144595 0.00113615 0.00116939 0.000826744 0.000940309 0.000973427 0.000957835 0.000780811 0.000698096 0.00131372 0.00138154 0.000632386 0.000598341 0.00106338 0.00118052 0.00101333
threshold=1.0000000180025095e-35 16.415000000000003 1.5000000000000002 2.5000000000000004 1.0000000180025095e-35 0.72499999999999976 0.70000000000000007 119.60000000000004 1.0000000180025095e-35 23.900000000000002 1.7000000000000004 8.0300000000000029 1.5799999999999994 1.2450000000000001 9.9550000000000018 5.3000000000000016 9.8950000000000014 2.5000000000000004 1.0000000180025095e-35 6.8350000000000017 1.0000000180025095e-35 1.5000000000000002 17.965000000000003 1.0000000180025095e-35 6.0350000000000028 1.5000000000000002 7.9050000000000011 8.7000000000000011 7.6950000000000012 5.1000000000000005 9.2200000000000006 7.8050000000000006 1.1000000000000003 4.7000000000000002 4.5000000000000009 0.70000000000000007 63.400000000000013 7.4350000000000032 1.5000000000000002 2.5000000000000004 3.3000000000000003 1.5000000000000002 3.3000000000000003 2.1000000000000005
decision_type=2 2 2 2 2 2 2 2 2 2 2 2 2 2 2 2 2 2 2 2 2 2 2 2 2 2 2 2 2 2 2 2 2 2 2 2 2 2 2 2 2 2 2 2
left_child=1 2 -1 -4 5 6 -2 8 -7 10 11 15 13 -12 16 39 17 18 19 -6 -19 -21 25 -22 -25 26 28 29 40 30 -28 32 -27 34 -34 -33 37 -26 -39 -10 43 42 -42 -20
right_child=4 -3 3 -5 14 7 -8 -9 9 -11 12 -13 -14 -15 -16 -17 -18 20 22 21 23 -23 -24 24 36 31 27 -29 -30 -31 -32 35 33 -35 -36 -37 -38 38 -40 -41 41 -43 -44 -45
leaf_value=-0.013694290458145788 0.0054259989414088151 -0.015089014493502105 0.019662707915245478 -0.0015589746789863477 -0.0025596946684850585 0.0014750617922594151 0.00018643520117081976 0.0024790419602677936 -0.00032432400096195124 0.0015498030977323652 -0.00025986077234847472 -0.0020136850737725144 6.4109692116611343e-05 0.0032139863947495107 -0.00072320755053725512 0.001027125067831505 0.00050436741224041686 0.001154050524160266 -0.00023607184091815726 0.00096878976793959739 -0.00044624168477679158 -0.00092392744147218764 -0.00058909284243256689 0.00041386613173893203 -1.5139704588768332e-05 -0.00022600802809133062 -0.0008150164054499733 0.00019815941589574018 0.00043548631392456967 -0.00010731041382730397 -0.0002382777709927824 0.00046955325537257725 0.0001263819697893179 0.00033775760035496203 -0.00039863352490855121 0.00011431854795029557 -0.00031659304952392212 -3.4864053966223514e-06 0.00088807060548828714 0.00022662528918954196 -0.00069335766788572082 6.4033081749110087e-05 -3.6292359765086859e-05 0.0003264603873289991
leaf_weight=29.5 27 26 29.5 26 36 30 27 21 40 24 24 27 198 21 54 21 54 50 32 32 46 32 45 54 337.5 91 45 45 49.5 76.5 45 49.5 61 64 35 198 39 22 22.5 20 35 78.5 35 57
leaf_count=27 27 14 27 25 16 30 27 21 40 24 24 27 198 21 24 21 24 30 26 22 26 22 20 24 152 56 20 20 22 34 20 22 34 42 22 88 30 21 21 20 20 41 21 40
internal_value=-4.3069e-13 -0.00231333 0.00159453 0.00972102 0.000111595 0.000661986 0.00280622 0.000390182 0.000281871 0.000186415 9.31922e-05 -0.000381855 0.000304324 0.00136127 -3.34837e-05 0.000162089 -1.24055e-05 -2.86961e-05 -9.73106e-05 -0.000907134 0.000108533 2.24312e-05 -1.95924e-05 8.19532e-06 5.2204e-05 6.11223e-06 -6.93901e-05 -0.000220758 4.21581e-05 -0.000333979 -0.000526647 8.16145e-05 -2.06897e-05 9.60851e-05 -6.50299e-05 0.000185365 5.81498e-06 3.8731e-05 0.000447301 -0.000140674 -3.98198e-05 -0.000138122 -0.000364825 0.000124202
internal_weight=2412 111 85 55.5 2301 480 54 426 405 375 351 108 243 45 1821 81 1767 1713 1142 100 571 64 1042 521 475 997 498.5 211.5 287 166.5 90 498.5 251 160 96 247.5 421 382 44.5 60 237.5 148.5 70 89
internal_count=1533 93 79 52 1440 480 54 426 405 375 351 108 243 45 960 81 936 912 608 60 304 44 548 274 248 528 264 94 170 74 40 264 154 98 56 110 224 194 42 60 148 82 41 66
is_linear=0
shrinkage=0.08


Tree=163
num_leaves=45
num_cat=0
split_feature=34 37 15 37 37 0 32 4 31 37 15 0 36 9 37 10 30 29 36 15 16 0 32 37 10 29 3 34 0 27 34 15 32 30 16 29 19 0 37 34 36 16 37 9
split_gain=0.0823481 0.890988 1.33743 0.514656 0.0438943 0.0817739 0.0631889 0.0684193 0.00841213 0.00530455 0.101158 0.13008 0.081647 0.232316 0.21254 0.0520542 0.00439668 0.00348089 0.00335717 0.0109068 0.0565238 0.0117532 0.00901558 0.0310041 0.0066813 0.00306134 0.00356551 0.0029083 0.00283378 0.0014749 0.00117637 0.00163263 0.00114738 0.00112666 0.000840928 0.000816503 0.0013575 0.000646758 0.000548315 0.000633331 0.000538984 0.00188019 0.00124834 0.00133756
threshold=1.0000000180025095e-35 7.9350000000000014 1.7861538866850044 2.9200000381469731 16.425000000000004 17.150000000000002 1.3 16.485000000000003 3.9000000000000004 11.703076923076924 1.78 13.425000000000002 1.5000000000000002 11.893461538461539 11.868846153846155 9.9550000000000018 1.0000000000000002 1.9000000000000001 2.5000000000000004 1.8492307692307708 6.6500000000000012 14.005000000000001 1.0000000180025095e-35 8.0300000000000029 9.8550000000000022 12.300000000000002 16.175000000000004 25.600000000000005 16.765000000000004 7.5000000000000009 1.3000000000000005 2.1715384615384621 0.3000000000000001 11.700000000000001 6.8350000000000017 4.2000000000000011 3.7000000000000006 15.195000000000002 10.105000000000002 31.700000000000006 1.5000000000000002 5.9161538461538452 10.105000000000002 9.8350000000000026
decision_type=2 2 2 2 2 2 2 2 2 2 2 2 2 2 2 2 2 2 2 2 2 2 2 2 2 2 2 2 2 2 2 2 2 2 2 2 2 2 2 2 2 2 2 2
left_child=1 3 -3 -1 9 6 -6 -8 -9 15 11 -11 13 27 -14 18 -7 -18 22 20 -20 -21 23 -2 40 26 32 -12 34 -19 -23 -32 -16 -29 -22 36 -34 -33 39 -39 41 -24 43 -43
right_child=4 2 -4 -5 5 16 7 8 -10 10 12 -13 14 -15 25 -17 17 29 19 21 28 30 24 -25 -26 -27 -28 33 -30 -31 31 37 35 -35 -36 -37 -38 38 -40 -41 -42 42 -44 -45
leaf_value=-0.0032960502655866248 0.00096473769542123927 0.0035947799363306595 -0.020716082076231639 0.012541267748536736 0.0064073424600064755 -0.001226453399729161 0.0053168671407426392 -0.00091463284489388269 0.0010537871767794995 -3.8272174877218076e-05 0.00084668076942088436 -0.0084333438060379459 -0.0085101985409855845 0.0098250881601125006 0.00055637361093734702 0.0028218932532971456 0.00096367422269568554 2.2768680026511785e-05 0.0045963053868674653 -0.0028213015124201775 8.9861876432594196e-05 0.0018934912979602814 -0.00093700428806065862 -0.0019373608248368388 -0.0010262780190844621 -0.0004711340233269665 0.00093394184292739507 -0.00047109674378589263 0.00063983471179851383 -0.00067466202502449346 -0.00068270922011258645 0.00030922732328542987 -0.00078402052377350619 0.00029432062583509836 -0.00035963702294710938 0.00025537377456203103 0.00010839154555772742 -0.00032641335973597094 0.00019685845859348773 -2.4201285469903586e-05 6.3874226141579196e-05 -9.8499821288485645e-05 -0.00041382023928842194 0.00019238002898532954
leaf_weight=24 38 28 30 29 24 21 24 24 33 27 27 21 20 20 24 42 21 69 20.5 9.9999999999999982 67.5 1.9999999999999989 14.999999999999998 62 42 36 46 32 49.5 27 24.5 37 20 20 44 28 24 57.5 50 194.5 486 255.5 48 167.5
leaf_count=24 32 22 21 26 24 21 24 24 33 27 27 18 10 10 24 18 21 69 9 10 30 2 6 28 18 28 30 29 22 27 16 36 20 16 34 28 24 25 25 87 257 156 24 71
internal_value=7.54821e-12 -0.00212826 -0.0089798 0.00536965 0.000102667 0.00111951 0.00280195 0.00173369 0.000224979 -1.73977e-05 -0.000303592 -0.00371112 0.000247119 0.00212296 -0.000690803 4.0242e-05 -0.000160603 3.07036e-05 -2.96738e-05 0.000130689 0.000639877 -0.00011543 -0.000109855 -0.000834563 -3.83849e-05 0.00018778 0.000354829 0.000173059 0.000136108 -0.000173384 -4.1398e-05 -5.20439e-05 7.73377e-05 -0.000176705 -8.75189e-05 -8.23409e-05 -0.00029725 -6.46485e-06 -4.51424e-05 -9.31584e-05 4.30184e-06 -5.52705e-05 -2.71899e-05 1.66831e-05
internal_weight=2412 111 58 53 2301 243 105 81 57 2058 345 48 297 99 198 1713 138 117 1671 557 181.5 375.5 1114 100 1014 178 142 79 161 96 365.5 363.5 96 52 111.5 72 44 339 302 252 972 486 471 423
internal_count=1533 93 43 50 1440 243 105 81 57 1197 291 45 246 82 164 906 138 117 888 296 95 201 592 60 532 154 126 72 86 96 191 189 96 45 64 72 44 173 137 112 514 257 251 227
is_linear=0
shrinkage=0.08


Tree=164
num_leaves=45
num_cat=0
split_feature=34 2 36 4 35 15 34 34 29 15 33 11 34 6 17 36 11 13 10 4 2 29 34 33 27 15 29 33 35 31 34 34 16 19 16 18 33 6 15 19 36 9 30 30
split_gain=0.0696994 0.723369 2.34873 1.70532 0.0224104 0.0317149 0.0413104 0.00931801 0.00685387 0.00859208 0.00577486 0.00519071 0.00341162 0.00376244 0.00692082 0.00319538 0.0820409 0.0816451 0.00702311 0.00458897 0.00338942 0.00639214 0.00330797 0.00341361 0.00238891 0.00210418 0.0038205 0.00147427 0.00114196 0.00579925 0.00279373 0.00502929 0.00148421 0.00193476 0.00102011 0.00269926 0.00109258 0.00203612 0.000952944 0.000910422 0.000889768 0.00255096 0.000839722 0.00216666
threshold=1.0000000180025095e-35 16.415000000000003 1.5000000000000002 11.994999885559084 1.0000000180025095e-35 0.72499999999999976 9.5000000000000053 119.60000000000004 1.0000000180025095e-35 1.7000000000000002 1.0000000180025095e-35 9.9550000000000018 45.000000000000007 9.9200000000000017 2.5000000000000004 1.5000000000000002 9.8950000000000014 9.7450000000000028 9.3600000000000012 17.935000000000006 13.895000000000001 1.0000000180025095e-35 3.5000000000000004 1.0000000180025095e-35 14.400000000000002 1.8342307692307702 1.5000000000000002 1.0000000180025095e-35 1.5000000000000002 1.0000000180025095e-35 4.2000000000000011 5.1000000000000023 7.0450000000000008 3.0000000000000004 7.0000000000000018 3.0000000000000004 11.700000000000001 10.105000000000002 0.84499999999999897 2.3000000000000003 2.5000000000000004 9.9050000000000029 7.1000000000000005 5.5000000000000009
decision_type=2 2 2 2 2 2 2 2 2 2 2 2 2 2 2 2 2 2 2 2 2 2 2 2 2 2 2 2 2 2 2 2 2 2 2 2 2 2 2 2 2 2 2 2
left_child=1 2 -1 -4 5 6 -2 8 9 -7 -10 15 25 14 -14 17 19 18 20 22 -6 -22 23 -17 28 26 -12 -23 29 -24 -30 -32 -33 -34 36 -36 37 -31 -29 -15 -27 -42 43 -40
right_child=4 -3 3 -5 11 7 -8 -9 10 -11 12 -13 13 39 -16 16 -18 -19 -20 -21 21 27 24 -25 -26 40 -28 38 30 34 31 32 33 -35 35 -37 -38 -39 42 -41 41 -43 -44 -45
leaf_value=0.019854097285513152 0.004619895171512056 -0.013634998339873096 0.0048472354033341006 -0.023291804951195622 0.00070517373872765643 0.002375769668336337 0.00019449368214096737 0.0019923185475081914 0.0013513015179584423 8.7303351610898967e-05 0.00022138092744474608 -0.00080635355406061368 0.0020418837280677901 0.00024132610228843988 5.3226659316957619e-05 -0.0013112626155877174 -0.0038464162064095336 0.0034168701861053709 -0.0010860631298273801 0.00092122583494832111 -0.0011244189123519595 -0.00062351055908948182 0.0010029594079103499 -9.2566464598731782e-05 0.00067748572108232322 -0.00011358747535126112 -0.0011051725837486711 0.00059083492391639287 0.0020420670974999667 -0.00013446736963131748 -0.0022103788969772202 1.2549191724920766e-05 -3.8653044262900945e-05 -0.00075166554718346487 -0.00011937989978361186 0.0007476797795243329 -0.00037113568036667335 0.0003334028761706908 3.8481178477429863e-05 -0.00034167559550648245 -0.00015879216483764112 0.0010000677583739163 0.00012746782129227418 -0.00054578871594383087
leaf_weight=29.5 27 26 30 25.5 36 21 27 21 24 21 24 54 21 60 24 24 36 45 45 36 36 24 42 38 36 102 33 18 3.9999999999999991 184 6.9999999999999991 432 60 41 54 40 56 88 159.5 24 31 20 171 54.5
leaf_count=27 27 14 30 22 36 21 27 21 24 21 24 24 21 60 24 24 16 20 20 16 16 14 24 28 16 102 33 8 4 92 4 180 36 38 38 36 28 44 88 24 31 20 84 26
internal_value=1.92929e-11 -0.001958 0.00161379 -0.00808151 9.44538e-05 0.000580739 0.00240719 0.000349216 0.000264018 0.00123154 0.000152074 -3.37268e-05 6.71731e-05 0.000390979 0.000981267 -1.01151e-05 -8.61859e-05 0.000142026 -0.000128871 3.23503e-05 -4.25507e-05 -0.000100689 3.41762e-06 -0.00056432 3.71338e-05 -0.000131737 -0.000546624 -1.43793e-05 1.42641e-05 0.000106463 -6.43761e-05 -7.99794e-05 -5.20004e-05 -0.000328094 1.72382e-05 0.000249582 -4.9348e-05 1.69024e-05 2.18965e-05 7.47542e-05 2.28293e-05 0.000295663 -4.70322e-06 -0.000110317
internal_weight=2412 111 85 55.5 2301 480 54 426 405 42 363 1821 339 129 45 1767 1178 589 544 1142 499 463 1106 62 1044 210 57 427 1008 464 544 540 533 101 422 94 328 272 403 84 153 51 385 214
internal_count=1533 93 79 52 1440 480 54 426 405 42 363 960 339 129 45 936 624 312 292 608 272 236 592 52 540 210 57 220 524 262 262 258 254 74 238 74 164 136 206 84 153 51 198 114
is_linear=0
shrinkage=0.08


Tree=165
num_leaves=45
num_cat=0
split_feature=34 1 3 11 13 30 13 13 14 34 34 30 32 3 3 33 32 30 32 4 1 30 29 29 32 33 30 32 3 34 34 32 0 15 18 34 29 33 22 22 29 15 0 5
split_gain=0.0589936 0.550648 0.0899655 0.00549334 0.00965948 0.00574414 0.00437299 0.00361398 0.0064007 0.00224225 0.0089285 0.00371767 0.00188721 0.00106692 0.00409998 0.00140941 0.000913526 0.00131019 0.00139327 0.000873797 0.000744823 0.00167057 0.000650423 0.000794659 0.000607749 0.000389511 0.000368412 0.000366263 0.00033941 0.000314315 0.000177565 0.000201487 0.000152543 0.000119226 0.000105605 0.000121198 0.000111875 0.000110835 9.34351e-05 6.38765e-05 5.08068e-05 3.51223e-05 3.2197e-05 2.73082e-05
threshold=1.0000000180025095e-35 16.415000000000003 11.984999656677248 9.9450000000000021 9.7700000000000014 32.100000000000001 9.9200000000000017 9.6700000000000017 9.6300000000000008 7.5000000000000027 4.6000000000000023 1.0000000180025095e-35 7.3000000000000016 16.740000000000006 16.685000000000006 1.0000000180025095e-35 0.3000000000000001 0.3000000000000001 1.0000000180025095e-35 16.685000000000006 16.165000000000003 1.7000000000000004 1.5000000000000002 3.5000000000000004 1.3 1.7000000000000004 7.5000000000000009 0.50000000000000011 16.515000000000004 103.00000000000001 83.40000000000002 14.900000000000002 14.335000000000003 2.6488461538461547 5.3000000000000016 54.70000000000001 11.700000000000001 1.5000000000000002 26.300000000000008 50.300000000000004 5.5000000000000009 2.4650000000000012 15.825000000000001 11.130000000000001
decision_type=2 2 2 2 2 2 2 2 2 2 2 2 2 2 2 2 2 2 2 2 2 2 2 2 2 2 2 2 2 2 2 2 2 2 2 2 2 2 2 2 2 2 2 2
left_child=1 2 -1 4 5 7 -6 8 9 10 16 12 25 14 15 -13 17 18 -2 20 27 -22 -23 -24 -15 -11 -25 41 -28 30 31 43 38 34 36 37 -34 39 -29 -36 -35 -17 -39 -26
right_child=3 -3 -4 -5 6 -7 -8 -9 -10 11 -12 13 -14 24 -16 19 -18 -19 -20 -21 21 22 23 26 29 -27 28 32 -30 -31 -32 -33 33 40 35 -37 -38 42 -40 -41 -42 -43 -44 -45
leaf_value=-0.0017214796086773277 0.00080880863281587766 -0.011989347384526179 0.0035458221909951196 -0.00055409490796878489 0.0011310862238434229 0.00080317809472255639 0.00017996328666505188 -0.00063038385962371269 0.0008362386715739514 0.00096301050735232631 -0.0016228766195183874 0.0004678660518292225 9.2044263119099752e-05 -0.00032230947099654288 0.0009579777421260422 -0.00024962657296598171 -0.00030306529253721238 -0.00018203269053871434 -3.9104855170956368e-06 -0.00037443658209998504 0.00056556049395691259 0.00028860783361420601 -0.00028073778595437881 -5.148525873311993e-05 -1.649204056681783e-05 0.00057856461428331611 1.150608721255052e-05 3.1168196971217789e-05 0.00028862664164714232 -0.00019318778702819892 0.00013651341089927074 -0.00012360589061346318 -0.00018432887063325181 0.00010090663190950879 -4.7443554389710516e-05 0.00015716753434389831 -1.676252486147717e-05 -0.00013904909551557568 0.00024163235979223694 0.00011202329555633426 3.6168946386423223e-06 -0.00012961597123648972 -4.4995723010012597e-05 2.953459624074061e-05
leaf_weight=36 27 26 49 82.5 82.5 66 49.5 49.5 66 34.5 25.5 49.5 42 49.5 33 34.5 43.5 45 27 33 49.5 66 49.5 82.5 165 33 49.5 27 66 66 49.5 99 51 73.5 25.5 27 51 36 27 43.5 64.5 28.5 66 165
leaf_count=36 27 14 43 45 45 36 27 27 36 27 18 27 27 27 18 27 36 45 27 18 27 36 27 45 90 18 27 27 36 36 27 54 36 45 18 27 36 36 27 36 45 18 36 90
internal_value=1.42249e-11 -0.00180136 0.00131496 8.68975e-05 0.000110734 6.87472e-05 0.000774415 4.47569e-05 6.17125e-05 3.48785e-05 -0.000244202 6.18707e-05 0.000513081 3.15128e-05 8.06187e-05 5.16803e-05 2.50834e-06 0.000136776 0.000402449 3.00176e-05 4.45568e-05 0.000133659 6.5464e-05 5.95901e-06 -5.39264e-05 0.000775059 7.76332e-05 -1.37208e-05 0.000169861 -2.95279e-05 -6.95412e-06 -2.35081e-05 9.5348e-06 -6.10615e-06 -3.44147e-05 -3.47268e-07 -0.000100546 -2.5218e-05 0.0001364 5.30899e-05 5.54343e-05 -0.000195336 -7.8191e-05 6.52128e-06
internal_weight=2412 111 85 2301 2218.5 2086.5 132 2020.5 1971 1905 168 1737 109.5 1627.5 1033.5 1000.5 142.5 99 54 951 918 363 313.5 247.5 594 67.5 198 555 115.5 544.5 478.5 429 492 438 300 198 102 171 54 69 138 63 102 330
internal_count=1533 93 79 1440 1395 1323 72 1287 1260 1224 153 1071 72 999 675 657 135 99 54 630 612 198 171 135 324 45 108 414 63 297 261 234 369 315 225 153 72 126 54 54 90 45 72 180
is_linear=0
shrinkage=0.08


Tree=166
num_leaves=45
num_cat=0
split_feature=37 4 34 37 15 30 16 0 30 29 37 15 20 36 34 15 10 8 37 4 4 36 15 16 0 32 37 13 0 29 22 32 29 10 30 34 15 15 16 18 16 0 15 8
split_gain=0.0897471 2.00977 0.222511 0.625754 0.254902 0.0754194 0.00919012 0.00790485 0.00742604 0.00671202 0.00475112 0.0857968 0.120294 0.068993 0.203886 0.176824 0.0475176 0.00782061 0.00596263 0.00313372 0.00563247 0.0030487 0.00939022 0.0482278 0.00951495 0.00841849 0.0266459 0.00586568 0.00268515 0.00243569 0.00262783 0.00214241 0.00153716 0.0012429 0.00106494 0.00103777 0.00138433 0.000821466 0.000772612 0.000670513 0.000664553 0.000607267 0.000522347 0.00047045
threshold=16.425000000000004 16.455000000000002 1.0000000180025095e-35 7.8750000000000009 1.7861538866850044 0.3000000000000001 9.0399996042251605 17.070000000000004 6.9000000000000012 5.1000000000000005 11.703076923076924 1.78 2.3000000000000003 1.5000000000000002 31.500000000000004 2.0534615384615376 9.9550000000000018 11.911538461538465 11.984999656677248 17.680000000000003 17.400000000000002 2.5000000000000004 1.8492307692307708 6.6500000000000012 14.005000000000001 1.0000000180025095e-35 8.0300000000000029 9.7450000000000028 16.765000000000004 12.300000000000002 14.300000000000002 1.5000000000000002 1.3 9.4850000000000012 1.0000000180025095e-35 1.3000000000000005 2.1715384615384621 1.6349999999999998 6.8000000000000025 12.900000000000002 6.0550000000000024 15.195000000000002 2.6050000000000004 10.025
decision_type=2 2 2 2 2 2 2 2 2 2 2 2 2 2 2 2 2 2 2 2 2 2 2 2 2 2 2 2 2 2 2 2 2 2 2 2 2 2 2 2 2 2 2 2
left_child=2 -2 3 6 -5 -3 -1 8 9 -7 16 12 -12 14 -13 -15 21 -16 -17 20 -9 25 23 -23 -24 26 -4 33 38 30 31 -20 -21 34 37 -26 -37 -27 -25 42 -36 -38 -32 -43
right_child=1 5 10 4 -6 7 -8 19 -10 -11 11 13 -14 15 17 18 -18 -19 29 32 -22 22 24 28 35 27 -28 -29 -30 -31 39 -33 -34 -35 40 36 41 -39 -40 -41 -42 43 -44 -45
leaf_value=-0.0042535971539715929 -0.025754123131278905 0.0049476496564360177 0.00085661245859228077 0.0034492408058473039 0.013827048449805288 0.002570845437723966 -0.0020396876397232215 -6.3585669027700544e-05 -0.00028297088009172255 0.00054818919904175262 -0.0074363832765569297 0.0067409084194029372 0.00057341696966129048 -0.0065391247027686665 -0.0001983073171022413 0.0016194295173045249 0.0026897459761017844 -0.0021131421923637388 0.0012455386192036363 0.00087438509223007025 -0.0015764471833106309 0.0042451223949106724 -0.002544902376830578 9.2304071704492105e-05 0.001773662529885769 3.1384176784946074e-06 -0.0018337899934680712 -0.00078338895487831909 0.00061555546985920325 -0.00047014010211569261 -0.00049255923061123632 0.00025336443974326053 -1.1614140010241306e-06 0.00045012047705359951 -0.00029639022216072368 -0.0006343960841851575 0.00029420542216079462 0.00057254318712854433 -0.00033247879691921252 0.00033923280797898766 -1.5806212676612206e-05 -0.00015694121723347027 7.233565644128248e-05 4.3338305721968382e-05
leaf_weight=24 20 24 38 28 33 21 24 63 21 21 24 36 24 28 43 20 42 20 26 21 21 20.5 9.9999999999999982 63 1.9999999999999989 31 62 64 49.5 32 22 30 33 39 58 24.5 37 34 48.5 20 788 139.5 20 162.5
leaf_count=24 20 24 32 22 21 21 24 63 21 21 21 34 24 20 38 10 18 10 24 21 21 9 10 28 2 16 28 28 22 26 22 22 33 16 24 16 36 24 36 20 424 66 20 71
internal_value=3.83141e-11 -0.0014513 0.000164084 0.00368654 0.00906346 0.000708948 -0.00314664 0.000202835 0.000945355 0.00155952 -2.24798e-05 -0.000293333 -0.00343148 0.000213843 0.00193821 -0.00064834 3.20704e-05 -0.000806191 0.000321907 -0.000136142 -0.000441801 -3.47294e-05 0.000118089 0.000590551 -0.000110279 -0.000111138 -0.000811437 -4.20753e-05 0.000125217 0.000148903 0.00031678 0.000714017 0.000339329 7.86582e-06 -1.10671e-05 -4.36679e-05 -5.36669e-05 0.000300981 -9.2467e-05 -4.20151e-05 -3.50425e-05 -1.16968e-05 -0.000223562 -4.91749e-05
internal_weight=2412 245 2167 109 61 225 48 201 63 42 2058 345 48 297 99 198 1713 63 170 138 84 1671 557 181.5 375.5 1114 100 1014 161 150 118 56 54 950 911 365.5 363.5 65 111.5 62 846 339 42 302
internal_count=1533 245 1288 91 43 225 48 201 63 42 1197 291 45 246 82 164 906 48 144 138 84 888 296 95 201 592 60 532 86 134 108 46 54 504 488 191 189 40 64 62 448 173 42 137
is_linear=0
shrinkage=0.08


Tree=167
num_leaves=45
num_cat=0
split_feature=37 0 34 37 4 34 16 10 10 36 32 16 32 16 34 37 31 34 3 5 30 10 31 4 10 36 10 37 22 13 4 37 16 17 37 19 30 21 30 32 31 31 31 22
split_gain=0.0759619 1.99638 0.188333 0.529638 0.0580438 0.0588006 0.00777852 0.00447869 0.00369116 0.00405983 0.0154342 0.0372857 0.00955584 0.0387233 0.00547241 0.00344882 0.00343026 0.00282603 0.00270942 0.00239985 0.00197594 0.00188631 0.0048157 0.00558139 0.00386438 0.00118988 0.0015286 0.00115206 0.0015866 0.0013406 0.000865917 0.000736764 0.00070724 0.00103637 0.00065717 0.0016715 0.000884257 0.00064197 0.000635692 0.000633484 0.00142629 0.000918121 0.000601684 0.000597224
threshold=16.425000000000004 16.465000000000003 1.0000000180025095e-35 7.8750000000000009 16.525000000000002 9.5000000000000053 9.0399996042251605 9.9550000000000018 9.8950000000000014 2.5000000000000004 1.0000000180025095e-35 7.1300000000000008 1.0000000180025095e-35 6.8350000000000017 6.7000000000000037 11.130000000000001 15.100000000000001 53.900000000000013 17.965000000000003 10.105000000000002 1.0000000180025095e-35 8.7350000000000012 1.7000000000000004 17.590000000000003 8.4200000000000017 1.5000000000000002 9.3000000000000025 10.105000000000002 20.100000000000005 7.8200000000000012 17.650000000000002 11.964615518129792 7.4350000000000032 3.0000000000000004 10.105000000000002 0.70000000000000007 7.1000000000000005 3.5000000000000004 8.1000000000000014 1.5000000000000002 1.0000000000000002 5.1000000000000005 5.9000000000000012 10.200000000000001
decision_type=2 2 2 2 2 2 2 2 2 2 2 2 2 2 2 2 2 2 2 2 2 2 2 2 2 2 2 2 2 2 2 2 2 2 2 2 2 2 2 2 2 2 2 2
left_child=2 -2 3 6 -3 -6 -1 8 9 12 11 -11 13 -4 -15 20 17 19 25 37 -12 24 -23 -24 -7 26 27 39 29 -29 34 -5 -22 -34 36 -36 43 -17 42 -14 -41 -42 -37 -27
right_child=1 4 7 31 5 21 -8 -9 -10 10 15 -13 18 14 -16 16 -18 -19 -20 -21 32 22 23 -25 -26 30 -28 28 -30 -31 -32 -33 33 -35 35 38 -38 -39 -40 40 41 -43 -44 -45
leaf_value=-0.0039133095368742944 -0.025556893438275441 0.0048226534184955417 -0.0026726324314420877 0.0085944870746496958 0.0038831086601648071 -8.2301214861217885e-05 -0.0018765126913785936 -0.00073962484171648539 0.00065113476512056808 0.003300916551792574 -0.00057562448752477115 -0.00065534351455668607 -0.00017452071989388314 0.0011430980971781537 -0.00023425579754984938 -5.0924893228277085e-05 0.0013624332267791034 -0.00052072548543801529 -0.00063998339739110733 0.0012110319975763559 -6.5614158757117355e-05 -0.00066788008041454084 0.0015899791850131893 -7.3602216850434029e-06 -0.0013432202933888351 -2.2290772629073925e-05 -0.00053636329507248271 -0.00086881300872739627 7.0832403704386071e-05 -0.00018555385619401933 0.00048257924645902616 0.0080365527687328193 0.00053695540545651546 -0.00012709988181346229 0.00058176997403885857 -0.00010310996462067124 -0.0001567919194298735 0.00053042365889996294 -0.00040967163816094403 0.00051347984230996652 -0.00019643684942768048 0.00011379406096935069 0.00044037137773226604 0.00021696628148042894
leaf_weight=24 20 21 44 33 27 60 24 54 54 31 46 30 86 30 48 31 20 25 45 20 366.5 33 21 42 21 144 45 34 54 40 31.5 28 32.5 28 48 32 144.5 20 20 40.5 94.5 172.5 22 124.5
leaf_count=24 20 21 24 15 27 60 24 24 24 16 26 25 57 30 28 31 13 17 20 11 166 33 21 42 21 71 20 25 48 25 14 28 30 28 34 28 72 20 16 22 52 83 17 80
internal_value=1.57154e-12 -0.0013352 0.000150957 0.00339161 0.000817842 0.000405581 -0.00289491 -2.06814e-05 -1.30866e-06 -1.93763e-05 0.000143869 0.00135521 -0.000100999 -0.000774977 0.000295496 1.84158e-05 0.000409319 0.000210753 -3.11984e-05 0.000468316 -7.74504e-05 -0.000124889 0.000115004 0.000525086 -0.000409206 -7.01891e-06 -8.90024e-05 -5.03998e-05 -0.000258882 -0.000499484 7.49646e-05 0.00833839 -2.3783e-05 0.000229624 5.09648e-05 0.0002141 2.77481e-06 0.000177055 -2.43889e-05 1.74164e-05 7.10963e-05 3.99323e-06 0.000118308 8.86496e-05
internal_weight=2412 245 2167 109 225 204 48 2058 2004 1950 650 61 1300 122 78 589 116 96 1178 71 473 177 96 63 81 1133 566.5 521.5 128 74 566.5 61 427 60.5 535 122 413 51 74 393.5 307.5 267 54 268.5
internal_count=1533 245 1288 91 225 204 48 1197 1173 1149 383 41 766 82 58 342 92 79 684 62 250 177 96 63 81 664 332 312 98 50 332 43 224 58 318 95 223 51 61 214 157 135 45 151
is_linear=0
shrinkage=0.08


Tree=168
num_leaves=45
num_cat=0
split_feature=34 2 36 2 30 15 15 36 32 36 15 10 15 0 34 0 0 20 0 32 15 15 32 33 33 0 15 33 15 30 0 13 9 29 15 36 5 0 31 0 34 32 30 5
split_gain=0.0832077 0.640588 1.98273 1.508 0.00678716 0.00591838 0.0251653 0.0131777 0.0277481 0.00867547 0.256331 0.11406 0.00904286 0.0118197 0.0064781 0.00498626 0.00605263 0.0114235 0.00594317 0.00526157 0.00447835 0.00497162 0.00377748 0.00354298 0.00293853 0.00239863 0.00205732 0.00175531 0.00177259 0.00168244 0.00131097 0.00224431 0.00161563 0.00114264 0.00163106 0.000927267 0.00157827 0.000805249 0.000814238 0.00077968 0.00073442 0.000714524 0.000678566 0.000673941
threshold=1.0000000180025095e-35 16.415000000000003 1.5000000000000002 11.984999656677248 32.100000000000001 1.7299999999999995 1.78 2.5000000000000004 1.0000000180025095e-35 2.5000000000000004 1.8492307692307708 9.8950000000000014 1.9399999999999999 14.005000000000001 6.0000000000000044 17.310000000000006 16.425000000000004 2.1000000000000005 16.465000000000003 0.3000000000000001 -0.065000000000001265 0.65499999999999947 1.0000000180025095e-35 3.5000000000000004 0.3000000000000001 16.575000000000003 2.1500000000000008 24.800000000000004 2.100000000000001 1.0000000180025095e-35 17.775000000000002 7.4800000000000013 10.065000000000003 8.7000000000000011 1.3549999999999993 1.5000000000000002 11.992692307692311 15.280000000000003 0.70000000000000007 16.505000000000006 72.300000000000011 0.70000000000000007 4.6000000000000005 10.115
decision_type=2 2 2 2 2 2 2 2 2 2 2 2 2 2 2 2 2 2 2 2 2 2 2 2 2 2 2 2 2 2 2 2 2 2 2 2 2 2 2 2 2 2 2 2
left_child=1 2 -1 -4 5 7 -7 15 -9 11 -11 22 -12 -14 -10 16 17 -2 -18 -20 -16 -22 23 -8 -21 39 41 28 -15 -30 31 -31 -33 34 -23 36 37 42 -39 -26 -37 -24 -28 -34
right_child=4 -3 3 -5 -6 6 9 8 14 10 12 -13 13 27 20 -17 18 -19 19 24 21 33 26 -25 25 -27 35 -29 29 30 -32 32 43 -35 -36 40 -38 38 -40 -41 -42 -43 -44 -45
leaf_value=0.017980843807681134 -0.0017778250919494394 -0.013127896969134991 0.0044717136522134148 -0.021989322035920383 0.00090274599709752677 -0.0021925435757095164 0.0012500150699925145 0.0030175512406181116 0.0017033500220212671 -0.010904050501163252 0.0022909350636536661 0.0048017354696198843 -0.0028509696738587488 0.00091415353119373322 0.0011990194816819647 -0.00078230290165679027 0.00094614046555238239 0.00019066098827385793 0.00071598041859088522 0.00038813388044945898 -0.00088327654095535929 -0.00015304526956261773 -0.00014669047823796669 -1.2474061389054572e-06 -0.00027904546025886456 -0.00071438757939772167 -0.00052877299063017267 0.0005827128418386565 -0.00097725849937308927 -0.00010160933409434588 -0.0003603524747163509 0.00071460084227675748 -7.8211046303763545e-05 0.0007618457971310074 0.00051717005704611453 3.8212026696149624e-05 -0.00056044391344313503 0.0004414749016815966 -1.2975449371760333e-05 0.00019720656008840622 0.00028873009447954171 -0.000716811747988686 2.026521861553192e-05 0.0003122857357304769
leaf_weight=29.5 29 26 30 25.5 66 33 30 30.5 22.5 13.999999999999998 11.499999999999998 33 8.9999999999999982 13.999999999999998 27.5 44 66 54 66 55 27.5 47.5 24 28 44 55 34 40 10.999999999999998 197 49.5 44 49.5 27.5 45.5 334.5 38.5 27.5 306 44 96.5 34 25 66
leaf_count=27 24 14 30 22 36 18 30 18 15 9 9 18 9 9 15 24 36 54 36 30 15 30 24 18 24 30 33 24 6 141 27 24 27 15 33 210 21 15 171 24 54 24 24 36
internal_value=-3.4459e-11 -0.00213934 0.00122187 -0.00768606 0.000103201 7.95908e-05 -6.99781e-06 0.000275315 0.000771361 4.05611e-05 -0.000230041 0.000175862 7.40004e-05 2.08864e-05 0.000425357 2.72922e-05 0.000113545 -0.000497123 0.000267137 9.73858e-05 0.000261512 8.73124e-05 1.97741e-05 0.000645957 -0.000108812 -0.000299946 -1.97027e-05 7.57626e-05 2.87138e-05 -1.01314e-06 2.54369e-05 7.90037e-05 0.000302081 0.000308816 0.000174856 1.13291e-05 -7.16442e-05 -2.36983e-05 2.4498e-05 -4.09195e-05 9.43025e-05 -0.000480899 -0.00029613 0.00014493
internal_weight=2412 111 85 55.5 2301 2235 1549.5 685.5 228.5 1516.5 505.5 1011 491.5 480 198 457 413 83 330 264 175.5 148 978 58 198 143 920 471 431 417 406 356.5 159.5 120.5 93 862 431 392.5 333.5 88 431 58 59 115.5
internal_count=1533 93 79 52 1440 1404 981 423 141 963 321 642 312 303 123 282 258 78 180 144 108 93 624 48 108 78 576 294 270 261 255 228 87 78 63 528 264 243 186 48 264 48 57 63
is_linear=0
shrinkage=0.08


Tree=169
num_leaves=45
num_cat=0
split_feature=6 37 34 34 37 4 37 30 7 37 16 10 36 10 5 5 22 32 15 2 36 11 32 37 15 16 2 30 30 36 32 7 34 34 34 15 22 22 2 2 17 6 34 26
split_gain=0.0752503 0.0693545 1.83344 0.336175 0.514275 0.130331 0.0114888 0.0144129 0.0129361 0.00390774 0.071252 0.0438934 0.0411447 0.219307 0.210981 0.00628968 0.00479447 0.00306013 0.00267503 0.00233006 0.00175458 0.00789402 0.00657087 0.020092 0.00597024 0.0425678 0.00716259 0.00166389 0.00120733 0.00107364 0.00113095 0.00193726 0.000881808 0.00107389 0.00086709 0.00123292 0.000800892 0.000668463 0.00063194 0.000562577 0.000531979 0.000501649 0.000655239 0.000593
threshold=2.935000061988831 16.425000000000004 8.7000000000000046 1.0000000180025095e-35 7.8750000000000009 16.515000000000004 16.895000000000003 3.9000000000000004 9.9950000000000028 11.703076923076924 5.9461538461538463 9.9550000000000018 1.5000000000000002 9.8000000000000025 11.72423076923077 10.105000000000002 6.8000000000000007 1.0000000180025095e-35 -0.15000000000000033 13.710000000000003 2.5000000000000004 9.8550000000000022 1.0000000180025095e-35 8.0300000000000029 1.8492307692307708 6.6500000000000012 13.895000000000001 17.600000000000005 0.70000000000000007 1.5000000000000002 3.5000000000000004 11.130000000000001 8.2000000000000046 13.500000000000002 1.3000000000000005 2.1715384615384621 10.200000000000001 68.500000000000014 17.935000000000006 15.100000000000003 7.0000000000000009 10.085000000000003 31.700000000000006 5.4000000000000012
decision_type=2 2 2 2 2 2 2 2 2 2 2 2 2 2 2 2 2 2 2 2 2 2 2 2 2 2 2 2 2 2 2 2 2 2 2 2 2 2 2 2 2 2 2 2
left_child=-1 3 -3 4 -2 -4 7 -7 -8 11 -11 18 14 15 16 17 -12 -14 -5 -19 21 22 23 -20 25 -22 -26 29 -21 -10 -31 -32 -27 -34 -28 -36 -30 -38 -24 -37 -18 42 -41 -43
right_child=1 2 5 9 -6 6 8 -9 27 10 12 -13 13 -15 -16 -17 40 19 20 28 24 -23 38 -25 26 32 34 -29 36 30 31 -33 33 -35 35 39 37 -39 -40 41 -42 43 -44 -45
leaf_value=-0.0051532504536832367 -0.0024910784093663098 -0.024448746483772994 0.0054710412770509718 0.0010805706183115642 0.0098080929815769196 0.0026722899487330799 -0.0021637966421743236 -0.00012214864190253946 0.00048514433218823635 -0.0031317139820384908 -0.0013720418903089705 0.002577518779961836 0.0011424152068793773 -0.0084184238165616997 0.0088618576563894748 0.0015667449070427282 0.00021447859263341678 0.0008320976251905615 0.00076254003754767929 -0.00057149710647839437 0.0038771714297373121 -0.0012571300293092388 -1.7275954745804727e-05 -0.0015736807897807129 -0.0022266216352581979 0.00040272796148297187 0.0016046871617436409 -0.00066389297888062653 0.00051371206250041732 -0.00057087370194494722 -0.00045619555120356386 0.00057469141835879 -0.00036720003580142344 0.00010390891968766043 -0.00061367992957939903 0.00025574479147326201 -0.00023204755647938052 0.00032194849639199675 0.00032897469800497809 -0.00043874254749145039 -0.00029525658802594991 0.00018620917373593965 -6.600631550268785e-05 -0.00014762014540660584
leaf_weight=18 36 20 33 13.499999999999998 55 21 21 27 34 48 21 42 20 20 20 26 38 22 38 24 20.5 37 933 62 9.9999999999999982 28.5 1.9999999999999989 21 20 20 20 28 52.5 75.5 24.5 40 46 20 35 40.5 20 81.5 118.5 58.5
leaf_count=18 36 20 33 6 37 21 21 27 34 24 21 18 20 10 10 16 38 22 32 24 9 16 498 28 10 16 2 21 20 20 20 28 30 38 16 38 46 20 14 18 20 36 56 25
internal_value=-2.15102e-11 3.87462e-05 -0.00123652 0.000184135 0.00494249 0.00082679 2.85598e-05 0.00110042 -0.000328726 -2.62686e-05 -0.000271909 2.32036e-05 0.000190282 -0.000475533 0.00152191 0.000416926 -0.000336302 0.000220247 -4.09982e-05 8.05246e-05 -5.01332e-05 -0.000108335 -6.85356e-05 -0.000685917 6.62699e-05 0.000449304 -0.000114282 -1.54217e-05 -6.97901e-05 0.000118087 -6.54415e-05 0.000145155 2.86699e-07 -8.93194e-05 -5.64885e-05 -6.56284e-05 7.02212e-05 -6.417e-05 -4.75656e-06 -2.60199e-05 3.87078e-05 -6.37142e-05 -0.000160949 4.67162e-05
internal_weight=2412 2394 245 2149 91 225 192 48 144 2058 345 1713 297 198 99 178 79 152 1671 132 1657.5 1105 1068 100 552.5 177 375.5 123 110 102 68 48 156.5 128 365.5 363.5 86 66 968 339 58 299 159 140
internal_count=1533 1515 245 1270 73 225 192 48 144 1197 291 906 267 178 89 168 79 152 888 132 882 588 572 60 294 93 201 123 110 102 68 48 84 68 191 189 86 66 512 173 58 135 74 61
is_linear=0
shrinkage=0.08


Tree=170
num_leaves=45
num_cat=0
split_feature=34 37 3 5 37 0 30 34 32 11 11 36 37 3 14 0 37 32 30 5 32 22 30 15 30 30 12 22 37 20 32 14 30 34 34 37 37 19 20 15 16 37 37 17
split_gain=0.0872152 0.869046 1.24861 0.55769 0.0513204 0.0882712 0.0557823 0.0385679 0.015724 0.00529037 0.00424009 0.00478641 0.0126242 0.0165255 0.00995217 0.0345273 0.00758097 0.00513539 0.00380748 0.00308503 0.00242095 0.00319098 0.00222198 0.00170564 0.000935048 0.000827004 0.000720391 0.000653186 0.00115875 0.00162365 0.000529228 0.00080065 0.000543113 0.000422622 0.00036152 0.000352536 0.000854146 0.000332892 0.000292421 0.000533337 0.000251158 0.000225204 0.00119166 0.000818353
threshold=1.0000000180025095e-35 7.9350000000000014 16.415000000000003 2.9450000524520878 16.425000000000004 17.150000000000002 0.3000000000000001 55.300000000000011 3.9000000000000004 9.9550000000000018 9.8950000000000014 2.5000000000000004 11.575000000000001 16.175000000000004 8.3850000000000033 16.440000000000001 9.9050000000000029 1.0000000180025095e-35 1.0000000000000002 10.545000000000002 1.0000000180025095e-35 6.8000000000000007 1.0000000180025095e-35 2.1715384615384621 17.600000000000005 1.0000000180025095e-35 9.1350000000000016 63.400000000000013 6.8050000000000006 2.5000000000000004 0.70000000000000007 8.8000000000000025 2.3000000000000003 35.500000000000007 71.100000000000023 3.1100000000000008 3.3550000000000004 3.7000000000000006 2.3000000000000003 2.2796153846153855 6.2600000000000016 4.4500000000000011 5.2800000000000002 17.200000000000006
decision_type=2 2 2 2 2 2 2 2 2 2 2 2 2 2 2 2 2 2 2 2 2 2 2 2 2 2 2 2 2 2 2 2 2 2 2 2 2 2 2 2 2 2 2 2
left_child=1 3 -3 -1 9 6 -6 8 -8 10 11 14 17 23 20 -16 30 -13 -7 -20 21 -2 -19 -14 33 -22 27 28 29 -24 -17 -32 -33 -21 38 -27 -37 -25 39 -30 -40 -38 -43 -44
right_child=4 2 -4 -5 5 18 7 -9 -10 -11 -12 12 13 -15 15 16 -18 22 19 24 25 -23 26 37 -26 35 -28 -29 34 -31 31 32 -34 -35 -36 36 41 -39 40 -41 -42 42 43 -45
leaf_value=-0.0019706527292728425 0.0012377308770858994 -0.019537298767827452 0.004065118569594163 0.014587040699046592 0.0066410129268964137 -0.0011167037132240477 0.0020044614890907218 0.0047415965523881212 -0.00063910101617996892 -0.00080554743918279808 0.00069616488767442874 0.00076513874381780634 0.00067883828082509969 0.0021126046437356209 -0.0026755310029257092 -0.00021252341510980953 -0.0010764141746287077 -0.00061532149936639421 0.00093150793308658265 -0.00031135439540126491 0.00030720442920797862 7.0903544779866938e-05 -5.6365276781880123e-05 -0.00040062054479494697 -0.0006107815228668707 -0.0003118395135523035 -0.00032707629636167845 -0.00030649132614668745 -7.4194868664360706e-06 0.00086943685542792079 -0.00024661976157124 -4.1787196464788223e-05 0.00024914410290710458 0.00011159673061532279 -0.00017587244730546243 0.0011536716856062413 -0.00021373286067197722 4.1303423543771108e-05 4.0876928682404537e-05 0.00032865353624571812 -0.00021502777892682288 0.00063406583335664536 -4.8999227106789823e-06 -0.0003913541690672975
leaf_weight=30 24 32 26 23 21 21 36 24 24 54 54 50 24 45 40 81 53 46 21 21 52 40 24.5 20 21 26 47 39 90 24 52 77 88 54 72 3.9999999999999991 36 24 54 45.5 45 18 672 37
leaf_count=30 24 29 14 20 21 21 36 24 24 24 24 30 24 28 20 36 26 26 21 21 42 30 23 20 21 26 20 30 40 21 22 34 38 54 31 4 36 24 24 21 21 18 378 32
internal_value=1.35715e-11 -0.00219025 -0.0089569 0.00521476 0.000105658 0.00120516 0.00295316 0.0020312 0.000947036 -2.41671e-05 -3.11193e-06 -2.24765e-05 0.000154776 0.000923347 -0.000111103 -0.0004486 -0.000194819 -6.95306e-06 -0.000124839 5.31883e-05 3.40694e-05 0.000508464 -8.62233e-05 0.000136338 -0.000138944 -1.86102e-06 -3.10339e-05 4.28082e-06 3.8422e-05 0.000401764 -3.80254e-05 2.71099e-05 0.000113376 -6.82958e-06 -1.90725e-05 -2.21276e-05 -1.23069e-05 -0.000159571 2.90707e-05 0.000105432 -7.54434e-05 -1.84195e-05 -8.74782e-06 -2.50675e-05
internal_weight=2412 111 58 53 2301 243 105 84 60 2058 2004 1950 650 113 1300 391 351 537 138 117 909 64 487 68 96 845 441 394 355 48.5 298 217 165 75 306.5 793 767 44 234.5 135.5 99 763 727 709
internal_count=1533 93 43 50 1440 243 105 84 60 1197 1173 1149 383 96 766 176 156 287 138 117 590 54 257 68 96 536 231 211 181 44 130 94 72 75 137 494 468 44 106 61 45 464 428 410
is_linear=0
shrinkage=0.08


Tree=171
num_leaves=45
num_cat=0
split_feature=34 37 3 4 37 4 34 0 0 10 10 36 32 37 32 30 3 3 37 29 14 30 33 33 0 20 37 36 37 21 34 10 37 4 30 37 19 30 30 21 31 32 37 0
split_gain=0.073819 0.735561 1.05683 0.516484 0.0434376 0.0785557 0.0710396 0.00606957 0.00401616 0.00395176 0.00294876 0.00245637 0.0103209 0.0241994 0.00686784 0.0301188 0.00298573 0.00268608 0.0026159 0.00454597 0.00601057 0.00189906 0.00134856 0.00274065 0.00160554 0.00218249 0.000769738 0.000722046 0.00100705 0.00204338 0.00189227 0.00108054 0.000920203 0.00081764 0.000725016 0.00056845 0.00154144 0.00132615 0.0011019 0.00105887 0.000758382 0.000739751 0.000544484 0.00044913
threshold=1.0000000180025095e-35 7.9350000000000014 16.415000000000003 11.994999885559084 16.425000000000004 16.495000000000001 9.5000000000000053 16.575000000000003 17.220000000000002 9.9550000000000018 9.8950000000000014 2.5000000000000004 1.0000000180025095e-35 9.6200000000000028 1.0000000180025095e-35 1.0000000180025095e-35 17.935000000000006 16.195000000000004 11.245000000000003 12.300000000000002 7.7750000000000012 1.0000000180025095e-35 6.1000000000000005 3.5000000000000004 17.820000000000004 1.7000000000000004 14.695000000000002 1.5000000000000002 8.9450000000000021 1.7000000000000004 71.100000000000023 7.5250000000000012 9.8250000000000011 17.630000000000006 1.3 9.1850000000000005 0.70000000000000007 6.1000000000000005 7.1000000000000005 1.9000000000000001 4.6000000000000005 5.9000000000000012 2.9900000000000007 14.485000000000001
decision_type=2 2 2 2 2 2 2 2 2 2 2 2 2 2 2 2 2 2 2 2 2 2 2 2 2 2 2 2 2 2 2 2 2 2 2 2 2 2 2 2 2 2 2 2
left_child=1 3 -3 -1 9 -6 -7 -8 -9 10 11 14 13 -13 15 -2 27 -17 21 20 26 -14 23 -10 25 -24 -20 28 30 31 42 -30 -33 35 -31 39 37 -37 41 -29 -41 -38 -16 -23
right_child=4 2 -4 -5 5 6 7 8 22 -11 -12 12 18 -15 16 17 -18 -19 19 -21 -22 43 24 -25 -26 -27 -28 33 29 34 -32 32 -34 -35 -36 36 38 -39 -40 40 -42 -43 -44 -45
leaf_value=-0.0021172859258949757 -0.0026772820911205868 -0.017974314028397203 0.0037399071913499101 0.013816971785348395 0.0051771188416966686 0.004438710126818882 0.00098645788294056229 -0.001195674015741263 -0.00021353751473008852 -0.00069756119063606973 0.00057911511614090869 -0.00044463310213316054 -0.00056609579265806014 0.0027439016791976109 0.00045701236679003793 0.00059948925031121916 -0.00060557095946192196 -0.00028654351751220989 0.0003848693462749643 -0.00062381811828042066 0.0014929392109297624 0.00023728865027231605 -0.0011339757547137283 0.00087327152180174993 0.00020898207985252764 1.9401755153445441e-05 -0.00021176006682217121 -0.00017913343785330653 -0.00069308758062573196 0.00048983011573839653 0.00051856420387554427 -0.00038608680401184701 1.3016168737695331e-05 0.00046353081433427718 1.2336906299672345e-06 0.00012045077836058988 -0.0001418717225897126 0.00064629012849181896 -0.00040462708466553263 0.00033509719944108395 -5.3138545498863533e-05 0.0003446675325234168 -7.6623131801336285e-05 -5.0734068520613607e-05
leaf_weight=30 34 32 26 23 27 27 36 21 33 54 54 31.5 46 29.5 12.999999999999998 41 54 47 31 24 32 38 21 27 30 21 25 150 39 26 46 89.5 63 31.5 77 79.5 40 50 42 62 67 40 208.5 393
leaf_count=30 24 29 14 20 27 27 36 21 33 24 24 21 26 20 13 36 24 22 28 17 20 38 21 27 30 21 25 78 28 20 22 41 36 14 52 45 30 28 28 42 38 27 118 188
internal_value=6.17887e-12 -0.00201503 -0.00824035 0.00479758 9.7205e-05 0.00110875 0.000600201 5.1843e-05 -0.000168066 -2.22337e-05 -4.03628e-06 -2.01851e-05 0.000106795 0.00109736 -8.3675e-05 -0.00065505 -2.45004e-05 0.000126267 4.20618e-06 0.000352137 0.000618307 -7.74883e-05 -4.58332e-06 0.000275527 -0.000238008 -0.000557287 0.000118517 3.41583e-06 -6.07036e-05 -0.000162766 5.16605e-05 -0.000317312 -0.000221211 6.75352e-05 0.000124569 4.40218e-05 0.000131244 0.000323478 -7.28074e-05 -3.46031e-05 0.000133455 0.000101398 -4.53037e-05 -2.534e-05
internal_weight=2412 111 58 53 2301 243 216 189 153 2058 2004 1950 650 61 1300 122 1178 88 589 112 88 477 132 60 72 42 56 1124 562 294.5 267.5 191.5 152.5 562 103 530.5 251.5 129.5 122 279 129 80 221.5 431
internal_count=1533 93 43 50 1440 243 216 189 153 1197 1173 1149 383 41 766 82 684 58 342 90 73 252 132 60 72 42 53 660 330 177 153 105 77 330 72 316 158 73 85 158 80 57 131 226
is_linear=0
shrinkage=0.08


Tree=172
num_leaves=45
num_cat=0
split_feature=37 4 30 32 37 36 36 3 3 30 36 0 30 31 37 32 36 37 9 10 37 2 32 4 29 1 3 11 11 2 36 20 31 30 26 15 15 36 17 32 36 31 31 29
split_gain=0.0716448 1.81319 0.0650209 0.0575455 0.191859 0.323216 0.271988 2.73422 1.24846 0.873551 0.0921492 0.00941681 0.0110648 0.00933013 0.00589721 0.0783747 0.0676504 0.307247 0.172625 0.0395856 0.00540188 0.00294972 0.00269608 0.00243333 0.00238634 0.00176129 0.00205552 0.00135843 0.0016012 0.000778353 0.000646895 0.00118955 0.000560607 0.000541001 0.000289466 0.000303873 0.000401995 0.00079891 0.00216227 0.000347495 0.000323101 0.00127216 0.000528331 0.000624754
threshold=16.425000000000004 16.455000000000002 0.3000000000000001 1.0000000180025095e-35 7.8500000000000005 1.5000000000000002 2.5000000000000004 16.415000000000003 16.425000000000004 1.0000000180025095e-35 2.5000000000000004 17.070000000000004 6.9000000000000012 3.1000000000000005 11.703076923076924 0.50000000000000011 2.5000000000000004 11.868846153846155 11.893461538461539 9.9550000000000018 12.049615384615388 17.325000000000003 6.3000000000000016 16.195000000000004 1.3 17.795000000000005 17.475000000000005 9.9200000000000017 9.8250000000000011 17.955000000000002 1.5000000000000002 2.7000000000000006 3.5000000000000004 27.500000000000004 11.400000000000002 2.2250000000000001 1.5150000000000003 2.5000000000000004 0.3000000000000001 1.7000000000000004 1.5000000000000002 2.1000000000000005 2.1000000000000005 2.5000000000000004
decision_type=2 2 2 2 2 2 2 2 2 2 2 2 2 2 2 2 2 2 2 2 2 2 2 2 2 2 2 2 2 2 2 2 2 2 2 2 2 2 2 2 2 2 2 2
left_child=3 -2 -3 4 5 -1 7 9 -8 -6 -7 12 13 -4 19 -16 17 -17 22 27 -19 -13 -18 30 -23 26 -26 28 29 33 31 -22 -32 34 35 36 40 39 -39 -38 41 -5 43 -42
right_child=1 2 11 14 6 10 8 -9 -10 -11 -12 21 -14 -15 15 16 18 20 -20 -21 23 24 -24 -25 25 -27 -28 -29 -30 -31 32 -33 -34 -35 -36 -37 37 38 -40 -41 42 -43 -44 -45
leaf_value=-0.0086609060280025008 -0.024380382046103481 0.0046908409140693644 0.00065299253289898235 -0.00039325723011608959 -0.019133913911668198 -0.0016260585557514183 0.0085268457906527654 0.014584135179913122 -0.013375125288242293 0.00050484949984820561 0.0046442683897912505 -0.00095774463067452124 -0.00040368235670030117 0.0030377221142961863 -0.0035484654257916626 0.010410384550690651 0.00067835311917588111 -0.0011159699814327594 -0.0081791330873966211 0.0024701129081880764 -0.00069588174979964444 0.00084445426528829905 -0.00032491015677805991 0.00087544568645005877 -2.1891555585344099e-05 0.0003764495316885807 -0.00099125533364713197 0.0004375118320738828 -0.00051900091714092661 0.00030958328892787299 -0.0001030167393452887 6.3559438779272809e-05 0.00040788761271094834 -0.00027672277530655265 -0.00020830224127028928 2.2015291801021367e-05 -0.00012007816610065741 -0.00087775426032021646 7.1814697409091998e-06 0.00014129249616621101 0.00041896738545146097 0.000154757040326257 -6.5841957211477665e-05 2.3425048926756496e-05
leaf_weight=30 20 24 21 53 26.5 30 36 76.5 31 32 30 21 21 21 42 20 40 28 20 42 22 21 30 22 42 33 21 40.5 42 45 28 33 27 54 49.5 745.5 97 30 43 49 43 55.5 111 63
leaf_count=30 20 24 21 28 23 30 26 38 15 22 30 21 21 21 39 10 38 14 10 18 22 21 25 12 42 33 21 18 18 18 28 33 27 27 21 384 72 20 28 24 28 28 56 28
internal_value=-1.76449e-11 -0.0012967 0.000755181 0.000146604 0.00119127 -0.0018809 0.00256005 0.00462809 -0.0016069 -0.00839134 0.0015091 0.000285252 0.00109568 0.00184536 -1.60841e-05 -0.000333636 0.000166448 0.00106187 -0.0016244 4.73044e-05 -0.000106692 -8.47251e-05 0.000248383 0.000107397 7.19707e-05 -9.70101e-05 -0.000345013 -1.95976e-05 -3.21021e-05 -1.78861e-05 -4.62131e-05 -0.000240217 0.000147791 -2.8461e-05 -1.84527e-05 -1.11677e-05 -5.66001e-05 -0.000140402 -0.000356491 -3.23579e-05 -2.17201e-07 -0.000112937 5.61425e-05 0.000183881
internal_weight=2412 245 225 2167 292 90 202 135 67 58.5 60 201 63 42 1875 312 270 180 90 1563 160 138 70 132 117 96 63 1521 1480.5 1438.5 110 55 55 1393.5 1339.5 1290 544.5 219 73 146 325.5 108.5 217 106
internal_count=1533 245 225 1288 214 90 124 83 41 45 60 201 63 42 1074 258 219 146 73 816 136 138 63 122 117 96 63 798 780 762 110 55 55 744 717 696 312 144 48 96 168 56 112 56
is_linear=0
shrinkage=0.08


Tree=173
num_leaves=45
num_cat=0
split_feature=37 0 34 37 4 32 37 16 0 11 31 11 36 14 32 14 32 37 32 17 37 17 27 36 18 37 13 16 34 3 1 30 35 30 34 0 32 30 37 37 30 37 37 17
split_gain=0.0606401 1.74588 0.190253 0.564271 0.0639278 0.0578138 0.0137859 0.00972448 0.00724855 0.00522659 0.00275293 0.00245614 0.0065897 0.0170159 0.0607091 0.0126409 0.0318567 0.00865137 0.00500748 0.00379745 0.00295045 0.00359086 0.00182861 0.00110922 0.00105819 0.00102945 0.00117573 0.00120992 0.000870904 0.000836988 0.00222761 0.000700743 0.000689386 0.000671309 0.000597965 0.000530821 0.000337949 0.000456735 0.000326751 0.000743309 0.000318084 0.000229345 0.00289927 0.00132319
threshold=16.425000000000004 16.465000000000003 1.0000000180025095e-35 7.8750000000000009 16.525000000000002 0.70000000000000007 11.964615518129792 9.0399996042251605 17.100000000000005 9.9550000000000018 1.9000000000000001 9.8950000000000014 2.5000000000000004 8.3850000000000033 1.0000000180025095e-35 8.1850000000000023 1.3 9.9050000000000029 1.0000000180025095e-35 1.9000000000000001 5.1700000000000008 0.50000000000000011 1.1000000000000003 1.5000000000000002 12.900000000000002 11.130000000000001 7.7550000000000008 8.9800000000000022 31.700000000000006 17.680000000000003 17.475000000000005 1.0000000180025095e-35 1.5000000000000002 2.1000000000000005 71.100000000000023 16.660000000000004 3.1000000000000005 5.5000000000000009 3.1100000000000008 3.3550000000000004 32.100000000000001 4.4500000000000011 5.0400000000000009 17.200000000000006
decision_type=2 2 2 2 2 2 2 2 2 2 2 2 2 2 2 2 2 2 2 2 2 2 2 2 2 2 2 2 2 2 2 2 2 2 2 2 2 2 2 2 2 2 2 2
left_child=2 -2 3 7 -3 -6 -5 -1 -7 11 -10 12 13 18 -15 20 -17 23 19 -4 21 -14 33 32 25 28 27 -27 -22 30 -12 -20 -16 -18 36 -25 -30 -38 -33 -40 41 -41 -43 -44
right_child=1 4 9 6 5 8 -8 -9 10 -11 29 -13 15 14 17 16 22 -19 31 -21 24 -23 -24 35 -26 26 -28 -29 34 -31 -32 38 -34 -35 -36 -37 37 -39 39 40 -42 42 43 -45
leaf_value=-0.0042354825325310232 -0.023844112709164617 0.0050233694769087293 0.0012801271605227763 0.0073901461832451103 0.0032971561219892467 -0.0011913148934642474 0.009803585971572569 -0.0019581173694071673 0.00089142169847729661 -0.00081429073871630759 2.3583794536534697e-05 0.00051550905737611985 -0.0012943503325088665 -0.0029653025546978263 -0.00038070996031165123 0.002236404636305226 -0.00037726061410891512 -0.0010979559504479732 0.00028721060962058029 3.7915469479880169e-05 -0.00035884334720098055 -6.0543783539388739e-05 0.00042995138831126192 3.399573202591901e-05 0.00043317222810337246 -0.00027963795440478459 0.00061816423634688058 0.00049642370978835967 -0.00013422694347508542 0.00018658992843344235 -0.00096429642644666499 -0.00029485653154551981 -1.0217800102610556e-05 4.9670876328353623e-05 -0.00024743224532782995 0.00034689935885358776 -2.0185867234921226e-05 0.00032111121149560842 0.0010812144167721273 -0.00019755270151007508 -0.00024430915383466827 0.0017604758586579315 2.1545114719888104e-05 -0.00045829648151993755
leaf_weight=24 20 21 36 33 36 39 28 24 21 54 48 54 26 58 50 60.5 45 53 52 28 65 36 54 76.5 35.5 36 30 20 38.5 39 21 26 90 49.5 53.5 63.5 52 48.5 3.9999999999999991 36 36 5.9999999999999991 646 39
leaf_count=24 20 21 36 15 36 39 28 24 21 24 48 24 26 28 25 28 20 26 42 18 32 36 24 34 27 34 22 20 19 39 21 26 36 22 25 27 25 23 4 36 16 6 372 34
internal_value=2.34345e-12 -0.00119297 0.000134876 0.00339201 0.00082047 0.000387819 0.00849795 -0.0030968 -0.000235611 -3.76348e-05 5.33229e-05 -1.67069e-05 -3.14452e-05 -0.000135435 -0.00057674 0.000176534 0.000689004 -0.000160715 5.43896e-05 0.00073666 -6.63369e-05 -0.000577947 5.85815e-05 1.66917e-05 1.73565e-05 -2.56172e-05 0.000214028 -2.47307e-06 -0.000105654 -0.000109641 -0.000277075 2.71473e-06 -0.000142536 -0.00015363 -2.01617e-05 0.00017592 6.73129e-05 0.00014452 -1.59407e-05 -6.48596e-06 -1.21882e-05 -6.93894e-07 9.56214e-06 -5.77433e-06
internal_weight=2412 245 2167 109 225 204 61 48 168 2058 129 2004 1950 1300 391 650 209 333 909 64 441 62 148.5 280 379 343.5 86 56 257.5 108 69 845 140 94.5 192.5 140 139 100.5 793 767 763 727 691 685
internal_count=1533 245 1288 91 225 204 43 48 168 1197 129 1173 1149 766 176 383 94 148 590 54 289 62 66 122 227 200 76 54 124 108 69 536 61 42 92 61 67 48 494 468 464 448 412 406
is_linear=0
shrinkage=0.08


Tree=174
num_leaves=45
num_cat=0
split_feature=34 37 15 5 37 1 34 10 10 11 36 14 32 14 32 37 32 33 37 17 31 34 33 10 0 36 34 34 15 29 14 31 30 0 37 37 37 15 37 37 37 17 16 22
split_gain=0.0699299 0.715678 0.99422 0.425625 0.0508543 0.1014 0.0450549 0.0170839 0.00459471 0.00219338 0.00557752 0.0144023 0.0513842 0.0106992 0.0269635 0.00732252 0.00423833 0.00529859 0.00249726 0.0030393 0.00180373 0.0035038 0.00182931 0.00219115 0.0015281 0.000938844 0.00082371 0.00233375 0.000644944 0.000640293 0.000633468 0.000811341 0.000593109 0.000449287 0.000292701 0.00195813 0.000607499 0.000654407 0.000644523 0.000760532 0.000735933 0.000552281 0.00118051 0.00040978
threshold=1.0000000180025095e-35 7.9350000000000014 1.7861538866850044 2.9450000524520878 16.425000000000004 16.485000000000003 9.5000000000000053 7.5250000000000012 9.9550000000000018 9.8950000000000014 2.5000000000000004 8.3850000000000033 1.0000000180025095e-35 8.1850000000000023 1.3 9.9050000000000029 1.0000000180025095e-35 1.9000000000000001 5.1700000000000008 0.50000000000000011 1.7000000000000004 31.500000000000004 10.800000000000002 8.5500000000000025 16.805000000000003 1.5000000000000002 17.700000000000006 10.500000000000005 2.2600000000000007 1.0000000000000002 8.8950000000000014 2.3000000000000003 1.0000000180025095e-35 16.660000000000004 2.3250000000000006 2.5300000000000007 3.1100000000000008 1.4549999999999998 3.3550000000000004 4.3200000000000012 5.2800000000000002 14.600000000000001 7.4750000000000023 65.700000000000017
decision_type=2 2 2 2 2 2 2 2 2 2 2 2 2 2 2 2 2 2 2 2 2 2 2 2 2 2 2 2 2 2 2 2 2 2 2 2 2 2 2 2 2 2 2 2
left_child=1 3 -3 -1 8 -6 -7 -8 9 10 11 16 -13 18 -15 25 17 -2 19 -12 -9 -22 23 -23 -16 30 27 -20 -28 -30 -14 -32 -18 -27 -34 -36 -37 -38 -39 -40 -41 43 -43 -42
right_child=4 2 -4 -5 5 6 7 20 -10 -11 13 12 15 14 24 -17 32 -19 26 -21 21 22 -24 -25 -26 33 28 -29 29 -31 31 -33 34 -35 35 36 37 38 39 40 41 42 -44 -45
leaf_value=-0.0015185688249766828 0.0014526507024032373 0.0027398952096700669 -0.018220798055330913 0.012946384626886118 0.0061256497477491702 0.0037080207701634476 0.0017124894690604357 -0.00065836712802087676 -0.00076281992891044528 0.00048794091644662401 -0.0011908023061159138 -0.002728078395513625 -0.00037243925806094882 0.0020574922290099553 -0.00019506998684293793 -0.001010119508038152 0.00026423375811786032 -6.0296157265410706e-06 -0.00022653539241714913 -5.570028281201505e-05 0.00092522622041759045 7.6470099027372068e-05 0.00026694652258425555 -0.00087690274062980384 0.00031842029321220856 3.127607005630054e-05 -0.00027351219636889603 0.00080651727619401186 0.00047391121149868579 -1.411001336651029e-05 -0.00024303501203202791 0.00022834556911181171 -0.0004961197823286057 0.00031914740949814154 0.0024902506917715071 -0.00050403196015395228 0.00044564070762135091 0.00099471731111407287 -0.00046652037727956973 0.00046976191434077921 -2.2043201455775397e-05 0.00013846908191529413 -0.00062614314738311809 0.00020257982364120454
leaf_weight=30 30 28 30 23 24 27 39 36 54 54 26 58 46.5 60.5 76.5 53 52 34 27.5 36 21 27 33 36 72 76.5 58.5 28.5 18.5 246 47.5 46 7.9999999999999991 63.5 1.9999999999999989 15.999999999999998 20 3.9999999999999991 24 20 590 24 28 57
leaf_count=30 30 22 21 20 24 27 39 36 24 24 26 28 20 28 34 26 42 24 25 36 21 27 33 36 32 34 36 21 11 134 21 20 8 27 2 16 20 4 24 20 314 14 28 44
internal_value=-1.46974e-11 -0.00196124 -0.00810184 0.00475868 9.46098e-05 0.00118911 0.000648117 0.000217818 -3.4624e-05 -1.50019e-05 -2.89296e-05 -0.0001246 -0.000530601 0.000162411 0.000633884 -0.000147857 5.00384e-05 0.000677727 -6.103e-05 -0.000531711 -0.000163177 -1.08104e-05 -0.000215568 -0.000468314 5.3895e-05 1.53564e-05 1.59679e-05 0.000299215 -3.31398e-05 2.00238e-05 -0.000131134 -1.11258e-05 2.49755e-06 0.000161846 -1.46655e-05 -9.75894e-06 -1.61447e-05 -5.96709e-06 -1.80583e-05 -2.35107e-05 -8.72316e-06 -2.24137e-05 -0.000273245 -2.25416e-06
internal_weight=2412 111 58 53 2301 243 219 192 2058 2004 1950 1300 391 650 209 333 909 64 441 62 153 117 96 63 148.5 280 379 56 323 264.5 140 93.5 845 140 793 785 783 767 747 743 719 699 52 647
internal_count=1533 93 43 50 1440 243 219 192 1197 1173 1149 766 176 383 94 148 590 54 289 62 153 117 96 63 66 122 227 46 181 145 61 41 536 61 494 486 484 468 448 444 420 400 42 358
is_linear=0
shrinkage=0.08


Tree=175
num_leaves=45
num_cat=0
split_feature=37 33 34 37 15 2 33 16 6 3 11 37 36 37 9 37 2 36 16 10 32 37 32 33 2 17 32 15 29 15 16 29 32 20 29 17 32 30 34 15 18 13 33 11
split_gain=0.0593273 1.76714 0.1746 0.551541 0.270271 0.112676 0.0192399 0.0257153 0.0190301 0.0116353 0.00402176 0.00215044 0.0363442 0.41971 0.18301 0.0229308 0.00403612 0.00399831 0.0181557 0.0166475 0.0109222 0.0281766 0.00609069 0.00262788 0.00574426 0.00244494 0.00158424 0.00183504 0.00156728 0.00122525 0.00116373 0.00109775 0.000951073 0.000854996 0.00101747 0.000812048 0.000706899 0.000583482 0.00075409 0.000569397 0.000546482 0.000566167 0.00038943 0.00069592
threshold=16.425000000000004 0.3000000000000001 1.0000000180025095e-35 7.8750000000000009 1.7861538866850044 16.495000000000001 1.0000000000000002 6.8850000000000025 9.8850000000000033 11.984999656677248 9.9550000000000018 11.703076923076924 1.5000000000000002 11.802307692307695 11.893461538461539 11.868846153846155 16.195000000000004 2.5000000000000004 6.0057692307692303 9.8550000000000022 1.0000000180025095e-35 8.0300000000000029 1.0000000180025095e-35 5.9000000000000012 16.175000000000004 1.0000000180025095e-35 6.3000000000000016 1.8342307692307702 1.0000000180025095e-35 3.0950000000000002 6.0453846153846165 1.5000000000000002 0.50000000000000011 0.50000000000000011 2.3000000000000003 3.3000000000000003 4.6000000000000005 2.8000000000000003 32.20000000000001 2.1850000000000001 4.5000000000000009 7.3250000000000011 0.50000000000000011 9.3250000000000011
decision_type=2 2 2 2 2 2 2 2 2 2 2 2 2 2 2 2 2 2 2 2 2 2 2 2 2 2 2 2 2 2 2 2 2 2 2 2 2 2 2 2 2 2 2 2
left_child=2 -2 3 9 -5 -3 -7 26 -9 -1 11 17 14 -14 16 -15 32 19 -19 20 21 -4 -20 24 25 -17 27 -8 -24 -28 -30 -32 -13 -27 -35 -25 -29 38 -33 -39 41 -41 -22 -44
right_child=1 5 10 4 -6 6 7 8 -10 -11 -12 12 13 15 -16 23 -18 18 22 -21 42 -23 28 35 -26 33 29 36 30 -31 31 37 -34 34 -36 -37 -38 39 -40 40 -42 -43 43 -45
leaf_value=-0.0019159770586217443 -0.023968647309346124 0.0056936992870436779 0.00083894910874828628 0.0025207030879599709 0.013206793972940157 -0.0019387983375539384 -0.00098210898959743133 0.0036630002016136134 0.00036537529545880502 -0.0044070610093573728 -0.00071313701932215041 0.00059452727111056452 -0.014974398116270701 0.0046030677109956744 0.0082840836420655251 0.0010118050507735461 -0.0011582730533555149 0.0021284211142496628 0.0008600252002477646 -0.001784089707132233 -0.00011547123304160398 -0.0019276529358654853 -0.00052293598561928701 -0.00026811729326921827 0.0016397362380203876 -0.00042897178232669832 0.00056521462571496766 0.00018526189212463105 -0.000714176765953501 -0.00015781543163272241 0.00027584662146914703 -0.00040084225389485555 -5.2921620267882667e-05 0.00058207606227369982 -7.6803439995273956e-05 0.00032050298899412153 -0.00043360572618742789 0.00028536110656568784 3.9604487554991946e-05 0.00031059182408664911 -0.00028382936512377668 -5.6147203516039968e-05 1.0279328713472683e-06 0.00026479562006092498
leaf_weight=24 20 27 38 28 33 24 21 24 21 24 54 20 11.999999999999998 7.9999999999999991 20 20 20 27.5 50 38 153 62 44 60 22 20 30 27 14.999999999999998 30 77 60 53 24 40 20 21 40 42.5 35 47 117 749 70
leaf_count=24 20 27 32 22 21 24 21 24 21 24 24 20 6 4 10 20 13 11 30 16 96 28 24 40 18 20 30 27 6 30 52 30 53 24 40 20 21 20 22 22 26 52 388 30
internal_value=8.10799e-12 -0.00117998 0.000133408 0.00325368 0.0083017 0.000845678 0.000184585 0.000477465 0.00212411 -0.00316152 -3.18541e-05 -1.34961e-05 0.000170163 -0.00041556 0.00134161 0.000400823 -0.000151395 -5.08898e-05 0.000124432 -0.000138551 -8.02201e-05 -0.000876344 1.99587e-05 0.000237629 0.000465306 0.000216869 -9.69454e-05 -0.000358376 -6.80064e-05 0.0002037 -2.18313e-05 2.98399e-06 0.000124462 2.75982e-05 0.000170276 -0.000120962 -8.54927e-05 -5.85399e-05 -0.000218218 9.94123e-06 -4.54195e-05 2.82993e-05 1.68572e-06 2.35722e-05
internal_weight=2412 245 2167 109 61 225 198 174 45 48 2058 2004 339 226 113 214 93 1665 555 1110 1072 100 527.5 206 126 104 129 69 477.5 60 433.5 418.5 73 84 64 80 48 341.5 102.5 239 199 152 972 819
internal_count=1533 245 1288 91 43 225 198 174 45 48 1197 1173 288 192 96 186 86 885 295 590 574 60 284 182 122 104 129 69 254 60 230 224 73 84 64 60 48 172 52 120 100 74 514 418
is_linear=0
shrinkage=0.08


Tree=176
num_leaves=45
num_cat=0
split_feature=37 29 0 33 37 36 10 37 10 36 37 36 29 31 37 16 10 29 32 4 0 4 11 21 37 29 27 16 33 33 0 17 29 32 31 16 17 19 15 12 36 37 13 37
split_gain=0.0502146 1.62328 0.0656197 0.047618 0.280448 1.8038 2.26099 2.35251 1.20595 0.921117 0.174529 0.0737907 0.366146 0.0924333 0.254203 0.445023 0.0762158 0.0579777 0.042313 0.06308 0.0252785 0.0215392 0.00758822 0.00198434 0.00188128 0.00145525 0.00129877 0.00113407 0.00106974 0.00226047 0.00118756 0.00244467 0.000980892 0.000886102 0.000687426 0.000629997 0.000540592 0.00055327 0.000485258 0.000406009 0.000323489 0.000938997 0.00151204 0.000854439
threshold=16.425000000000004 1.0000000180025095e-35 17.070000000000004 1.0000000180025095e-35 13.835000000000003 2.5000000000000004 7.9050000000000011 4.3200000000000012 7.9050000000000011 1.5000000000000002 16.185000000000006 2.5000000000000004 1.0000000180025095e-35 0.70000000000000007 9.7850000000000019 6.6350000000000016 9.9200000000000017 1.0000000180025095e-35 1.3 16.545000000000005 11.984999656677248 17.860000000000003 9.6700000000000017 1.9000000000000001 4.3200000000000012 1.3 10.400000000000002 6.0950000000000015 6.1000000000000005 3.5000000000000004 17.820000000000004 0.70000000000000007 1.3 1.0000000180025095e-35 1.5000000000000002 5.8630769230769237 7.6000000000000005 11.500000000000002 0.65499999999999947 7.3150000000000004 1.5000000000000002 11.470000000000001 7.9050000000000011 9.5050000000000008
decision_type=2 2 2 2 2 2 2 2 2 2 2 2 2 2 2 2 2 2 2 2 2 2 2 2 2 2 2 2 2 2 2 2 2 2 2 2 2 2 2 2 2 2 2 2
left_child=3 -2 18 4 5 8 7 -7 9 20 11 13 -13 14 17 -16 22 -5 -3 -20 -1 33 26 -19 -11 -17 27 -14 29 -4 31 -30 34 -15 -29 -35 39 -38 -37 -34 41 -40 -43 -42
right_child=1 2 28 10 -6 6 -8 -9 -10 24 -12 12 16 21 15 25 -18 23 19 -21 -22 -23 -24 -25 -26 -27 -28 32 30 -31 -32 -33 36 35 -36 38 37 -39 40 -41 43 42 -44 -45
leaf_value=-0.015948726243916012 -0.021316536185534102 0.0058832376432560738 -0.00025286066968516078 -0.0033603568485982361 -0.0066866128368733022 0.0064275553174640825 -0.0041514132801620737 0.043697580853477122 0.0055117738025247552 -0.0016715578799662385 0.0053563046102461064 -0.0063947578280888215 -0.00036952780649981238 -0.00045544185158279214 0.0094613807538657321 0.00026531837551241241 -0.0039793498270095339 -0.00011011371347639296 0.0043916752487421036 -0.00067692883284480281 -0.019922775859944522 -0.0013647573434296468 0.0012756461549609428 0.00065447288367500916 -0.00061760796552024237 -0.00046104159506578596 0.00049221415264857199 0.00055533841141284655 -0.0011521599224458138 0.00073415912308350765 0.0001368377759451202 -1.2823547823009668e-06 0.00017130828188622699 0.00033758302115731767 2.194674559316393e-05 0.00032971544165371193 -1.10325041142377e-05 -0.00050982337255599133 -1.5352546312611114e-05 -5.2472097080490092e-05 -6.2881689658145963e-05 -7.3593379813246431e-05 -0.00092551980912685392 0.00016976104221252703
leaf_weight=21 23 21 33 42 26 23 31.5 20.5 60.5 23 38 67.5 58 27 56 41 31.5 45 30 33 20 81 31.5 42 20.5 31 31.5 32.5 21 27 30 27 68 36 29.5 27 27.5 29.5 354.5 219 240 40 20 174.5
leaf_count=21 23 21 33 24 26 23 14 18 27 23 38 39 28 12 30 30 14 30 30 33 19 36 14 28 18 18 14 30 21 27 30 27 52 16 22 12 20 21 185 99 128 40 11 108
internal_value=-1.76315e-11 -0.00108558 0.00101042 0.000122735 0.00117069 0.00209928 0.0121715 0.0239916 -0.00311051 -0.00928385 -1.14637e-05 -0.000119788 -0.000829441 0.000233627 0.00158685 0.00411268 -0.00015682 -0.000919397 0.00277333 0.00173669 -0.0178873 -0.000114152 7.16609e-05 0.000258997 -0.00117487 -4.74199e-05 -4.87901e-06 -3.86256e-05 -6.26591e-05 0.000191298 -0.000258011 -0.000504791 8.6461e-06 -3.92441e-06 0.000301547 9.74259e-06 -4.41442e-05 -0.000269179 -4.04509e-06 5.49038e-07 -1.49155e-05 -6.48893e-05 -0.000357569 3.50584e-05
internal_weight=2412 245 222 2167 246 220 75 43.5 145 84.5 1921 1883 626 1257 257 128 558.5 129 84 63 41 1000 527 87 43.5 72 495.5 464 138 60 78 48 406 919 62 892 344 57 856 287 829 414.5 60 414.5
internal_count=1533 245 222 1288 189 163 55 41 108 81 1099 1061 353 708 160 78 314 82 84 63 40 548 300 58 41 48 286 272 138 60 78 48 244 512 52 500 192 41 484 151 472 236 51 236
is_linear=0
shrinkage=0.08


Tree=177
num_leaves=45
num_cat=0
split_feature=34 37 15 37 37 4 34 1 30 37 15 1 4 36 15 31 16 1 15 2 7 16 36 34 32 14 32 15 32 36 14 30 36 37 30 30 4 37 37 16 36 32 19 18
split_gain=0.0833232 0.725945 0.880452 0.376093 0.055522 0.108792 0.0652097 0.00687695 0.00737887 0.00477474 0.0707696 0.0991203 0.0364141 0.0280977 0.226872 0.164847 0.0110903 0.0061021 0.00414034 0.0063182 0.00228685 0.00204526 0.00141152 0.0135367 0.0133797 0.00715423 0.0241037 0.00659519 0.00629515 0.00157305 0.00143584 0.0013828 0.00110943 0.00106089 0.00102985 0.000822756 0.00109067 0.00077913 0.001539 0.000733242 0.000714825 0.00126586 0.00158271 0.000686592
threshold=1.0000000180025095e-35 7.9350000000000014 1.7861538866850044 2.9200000381469731 16.425000000000004 16.495000000000001 9.5000000000000053 16.660000000000004 5.9000000000000012 10.065000000000003 1.78 13.350000000000003 17.955000000000002 2.5000000000000004 1.9903846153846161 0.70000000000000007 6.0850000000000017 14.110000000000001 2.5850000000000009 16.195000000000004 9.9200000000000017 5.9161538461538452 2.5000000000000004 1.9000000000000006 1.0000000180025095e-35 8.3850000000000033 1.0000000180025095e-35 -0.11500000000000109 1.0000000180025095e-35 1.5000000000000002 9.8000000000000025 1.0000000180025095e-35 1.5000000000000002 14.310000000000002 17.100000000000005 1.0000000180025095e-35 17.365000000000006 4.745000000000001 6.9350000000000014 7.0000000000000018 1.5000000000000002 3.5000000000000004 0.70000000000000007 3.0000000000000004
decision_type=2 2 2 2 2 2 2 2 2 2 2 2 2 2 2 2 2 2 2 2 2 2 2 2 2 2 2 2 2 2 2 2 2 2 2 2 2 2 2 2 2 2 2 2
left_child=1 3 -3 -1 9 -6 -7 8 -8 12 11 -11 22 14 -12 -15 -17 -16 19 33 -9 -20 25 -24 -25 28 -27 -26 -2 30 -28 -30 -23 -19 40 -29 37 -37 -39 43 -22 -42 -43 -18
right_child=4 2 -4 -5 5 6 7 20 -10 10 13 -13 -14 15 17 16 39 18 21 -21 34 32 23 24 27 26 29 35 31 -31 -32 -33 -34 -35 -36 36 -38 38 -40 -41 41 42 -44 -45
leaf_value=-0.0027807560524282355 0.0010814248985805438 0.0018772675150207111 -0.017847734769185383 0.010757764518774788 0.0060346332164826219 0.0043260640264661228 0.0020862317617450442 -0.00090779109724930347 -3.4522682295313908e-05 3.7973087487949262e-05 0.0079660336320133262 -0.0072902785135166986 0.0022824444791509045 -0.0057622645348858305 0.0018279563868418337 0.0017150239941131856 0.00038675933667435883 -0.0005078656387261369 0.00078816568478941914 -0.0014807859100983479 0.00040437831105116534 -0.00025500401215154737 -0.002369031817652285 0.00159498682539714 0.0015300396664275062 -0.0019231338336787843 -0.00011980504441889934 -0.00037880317878443743 0.0005133103045141872 8.4975494326846226e-05 -0.00065449408897095261 -1.2607890987146172e-05 0.00021976750650783142 -7.3033085121124072e-07 -0.00047757342574186626 0.00042335520667785949 -0.00034985104523485106 -0.00047686824756157072 8.0723119357240975e-05 -0.00034578218934652602 -0.00057960916054435074 0.00056616937479702755 -0.00036562014924129471 -0.00011687586611757676
leaf_weight=24 38 28 30 29 27 27 21 21 21 27 24 21 45 34 9.9999999999999982 35 41 44 24 32 34 63 13.999999999999998 38 18 54 112.5 40 34 157.5 45 543 63 66 24 33 49 36 264 23 20 28 20 30
leaf_count=24 32 22 21 26 27 27 21 21 21 27 16 18 18 27 10 18 28 26 12 20 34 39 14 20 8 24 49 21 26 69 20 308 39 66 24 33 20 30 118 20 20 28 20 21
internal_value=4.65767e-12 -0.00214082 -0.00832532 0.00462711 0.000103273 0.0012469 0.000648432 0.000123056 0.00102585 -3.17613e-05 -0.00023684 -0.00316814 4.0643e-05 5.08951e-05 0.000479696 -0.000806707 0.000499409 -0.000115244 -0.000181792 -0.000491405 -0.000134887 0.000111307 -2.77046e-05 8.29336e-05 0.000154748 -8.30237e-05 -0.000361506 3.03642e-05 8.4066e-05 -9.37989e-05 -0.000272573 1.83821e-05 -1.76183e-05 -0.000203584 -6.06939e-06 -3.3603e-05 2.54363e-06 5.43975e-05 1.38122e-05 4.67858e-05 0.000104873 -4.48801e-05 0.000177924 0.000173956
internal_weight=2412 111 58 53 2301 243 216 189 42 2058 537 48 1521 489 326 163 129 302 292 142 147 150 1476 492 478 984 369 440 615 315 157.5 577 126 110 126 422 382 333 300 94 102 68 48 71
internal_count=1533 93 43 50 1440 243 216 189 42 1197 387 45 810 342 228 114 87 212 202 112 147 90 792 264 250 528 162 230 366 138 69 334 78 92 126 222 201 181 148 69 102 68 48 49
is_linear=0
shrinkage=0.08


Tree=178
num_leaves=45
num_cat=0
split_feature=34 2 36 4 16 16 36 15 4 14 34 14 36 15 31 34 30 16 36 33 15 33 15 15 30 16 10 32 15 23 11 36 16 4 3 10 0 31 33 34 15 32 31 30
split_gain=0.0705247 0.687185 2.00673 1.50842 0.00943726 0.0139683 0.0184646 0.0138686 0.00931425 0.00636697 0.00966282 0.00557888 0.00437486 0.0620826 0.0592527 0.00363822 0.00499861 0.00411771 0.0037335 0.00458996 0.0040382 0.00747091 0.0029856 0.00200109 0.00189689 0.00136077 0.00108569 0.00089483 0.00112854 0.000568444 0.000757796 0.000938029 0.00118901 0.00114432 0.000565355 0.000560576 0.000479763 0.000446041 0.000465796 0.000420049 0.0004119 0.000241706 0.000244708 0.000238601
threshold=1.0000000180025095e-35 16.415000000000003 1.5000000000000002 11.994999885559084 6.6250000000000018 6.6750000000000016 2.5000000000000004 1.781153891453376 16.475000000000005 9.8950000000000014 8.2000000000000046 9.8550000000000022 2.5000000000000004 1.9703846153846161 0.70000000000000007 93.300000000000026 0.70000000000000007 6.955000000000001 1.5000000000000002 1.0000000180025095e-35 1.6349999999999998 1.0000000180025095e-35 2.2150000000000003 2.1615384615384623 1.0000000180025095e-35 6.6950000000000012 9.0050000000000008 12.100000000000001 3.0700000000000007 10.400000000000002 7.8500000000000005 1.5000000000000002 6.0550000000000024 17.345000000000002 16.155000000000005 8.8450000000000006 17.890000000000004 0.3000000000000001 2.5000000000000004 34.100000000000009 3.0950000000000002 3.5000000000000004 6.1000000000000005 0.70000000000000007
decision_type=2 2 2 2 2 2 2 2 2 2 2 2 2 2 2 2 2 2 2 2 2 2 2 2 2 2 2 2 2 2 2 2 2 2 2 2 2 2 2 2 2 2 2 2
left_child=1 2 -1 -4 7 6 8 -2 -6 11 -11 15 13 -9 -14 16 17 -7 19 -19 -20 -22 -16 -15 -23 -18 35 28 34 30 43 32 -32 -33 39 37 -31 -27 -39 -24 -29 -40 -43 -25
right_child=4 -3 3 -5 5 9 -8 12 -10 10 -12 -13 14 23 22 -17 25 18 20 -21 21 24 27 29 -26 26 -28 40 -30 36 31 33 -34 -35 -36 -37 -38 38 41 -41 -42 42 -44 -45
leaf_value=0.018371854272939393 -0.0016905143179676749 -0.01335076121183542 0.0047095465448995432 -0.021755188522385619 0.0012606062363583323 0.0012043404830337475 0.0022696265729731145 0.003477682743334409 -0.00033243253245018422 0.0015526842233734301 0.00013884710150799067 -0.00094619099174231064 -0.0030017783652213194 -0.00068378092043779113 0.0007053942567753521 0.00061920821257500035 -0.00056142097296701238 0.0016275715891351092 0.00066452176576058261 0.00023429247134310358 -0.0011974393183158505 0.0008173473697388545 -0.00011485690984762076 0.00020164342440142665 -0.00012351135826975225 -0.00033019858464184733 -0.00030032195805600198 -1.6257606156460651e-05 0.00037178531046500886 -1.5873219293125934e-05 -0.00068376464726911353 -0.00033879580743483858 -0.00013720600960068097 0.00019739286958678695 -0.0002835082823967005 0.00026896144028263865 0.00032516362235500391 0.00013280027448824209 -0.00015416727320123941 0.00027182460915815983 -0.00038631619202190792 9.936935556998031e-05 -9.2032298456594267e-05 -2.5461126150629652e-05
leaf_weight=29.5 33 26 30 25.5 41 33 48 33 55 49.5 82.5 33 44 33 49.5 82.5 33 23.5 40 42.5 36 24 33 33 32 27 82.5 38.5 71.5 66 44 44 60.5 60.5 38.5 49.5 44 126 97.5 39.5 38.5 85.5 85.5 288
leaf_count=27 18 14 30 22 24 18 27 18 30 27 45 18 24 18 27 45 18 21 30 39 36 24 18 18 30 27 45 21 39 36 24 24 33 33 21 27 24 108 72 24 21 63 63 162
internal_value=-1.51228e-12 -0.00196956 0.00151175 -0.00744993 9.50113e-05 0.000248987 0.000988494 -7.5462e-05 0.000347928 0.000148998 0.000669036 7.5423e-05 -2.51346e-05 8.98419e-05 -0.000255088 0.000112882 6.1785e-05 0.000376994 0.000239103 0.000730384 -6.53766e-06 -0.000298303 0.000136027 -7.62781e-05 0.000279714 -6.23638e-05 -3.26097e-05 2.74192e-05 0.000123914 -4.49537e-05 -7.93017e-05 -0.000197853 -0.000367336 -2.83708e-05 -3.57502e-05 1.42825e-05 0.000120542 -1.56264e-05 5.90328e-06 9.58178e-05 -0.000201287 -5.36461e-05 3.66853e-06 -2.11393e-06
internal_weight=2412 111 85 55.5 2301 1209 144 1092 96 1065 132 933 1059 706 353 900 817.5 231 198 66 132 92 309 673 56 586.5 553.5 259.5 182.5 640 530 209 104.5 104.5 111 471 110 421.5 394.5 72.5 77 268.5 171 321
internal_count=1533 93 79 52 1440 837 81 603 54 756 72 684 585 390 195 666 621 198 180 60 120 90 171 372 54 423 405 144 102 354 294 114 57 57 63 360 60 333 306 42 42 198 126 180
is_linear=0
shrinkage=0.08


Tree=179
num_leaves=45
num_cat=0
split_feature=34 2 36 37 37 4 34 30 37 12 27 36 14 21 26 36 36 4 13 34 34 14 31 31 30 16 30 13 14 31 37 22 17 31 31 24 15 21 30 29 34 0 0 36
split_gain=0.0596922 0.581634 1.69849 1.33778 0.046029 0.0905449 0.0550357 0.00535649 0.00364902 0.0797833 0.0323097 0.00729105 0.00801365 0.00457597 0.00599064 0.0119515 0.00386733 0.0146267 0.0120815 0.0120682 0.0145753 0.00553293 0.0135499 0.00416899 0.00266835 0.00236789 0.00225895 0.0051835 0.00474234 0.00221976 0.0015877 0.00103648 0.000921663 0.000873873 0.00337117 0.000658287 0.000559632 0.000966372 0.000515839 0.000582863 0.000724638 0.000900154 0.00049651 0.000577023
threshold=1.0000000180025095e-35 16.415000000000003 1.5000000000000002 7.9350000000000014 16.425000000000004 16.505000000000006 9.5000000000000053 1.7000000000000004 10.085000000000003 9.7450000000000028 11.900000000000002 1.5000000000000002 7.8350000000000009 1.0000000180025095e-35 6.2000000000000011 2.5000000000000004 2.5000000000000004 17.875000000000004 9.7700000000000014 3.5000000000000004 10.900000000000004 8.3850000000000033 1.0000000180025095e-35 1.0000000180025095e-35 17.600000000000005 8.9950000000000028 5.1000000000000005 8.8000000000000025 9.0050000000000008 0.50000000000000011 11.345000000000002 0.70000000000000018 1.1000000000000003 1.7000000000000004 3.3000000000000003 5.8000000000000007 2.2950000000000004 2.7000000000000006 1.3 1.3 21.900000000000006 14.640000000000002 14.570000000000002 1.5000000000000002
decision_type=2 2 2 2 2 2 2 2 2 2 2 2 2 2 2 2 2 2 2 2 2 2 2 2 2 2 2 2 2 2 2 2 2 2 2 2 2 2 2 2 2 2 2 2
left_child=1 2 -1 -4 8 -6 -7 -8 10 11 16 12 30 14 15 -13 17 21 19 -18 -21 23 -23 -2 26 36 28 35 -9 -22 -10 -25 -32 -24 -35 -28 37 -15 -31 -40 -41 -42 43 -33
right_child=4 -3 3 -5 5 6 7 24 9 -11 -12 13 -14 25 -16 -17 18 -19 -20 20 29 22 33 31 -26 -27 27 -29 -30 38 32 42 -34 34 -36 -37 -38 -39 39 40 41 -43 -44 -45
leaf_value=0.016902106296965633 0.00083683298957545232 -0.012282700538635255 0.0037898208032129334 -0.021347554389466634 0.005243482291698456 0.0039243222200484188 0.00089268479682803631 0.00022670180210843682 -0.00044870289120444795 -0.0042235217491785691 0.0018455423762400943 7.0534044712343636e-05 -0.0012892372912648034 -0.00059296565627058343 -0.00010270206631685142 0.0021917138990316101 -0.0017203543981423183 -0.001582182729183588 0.001347689732124931 0.0013336247332497602 -0.00075799781962164817 -0.0013935252101648422 0.00012049483297782581 0.00038003368282483687 -0.00093354701142137249 0.00069136647422177091 -0.00050193390321163903 0.0013349844949940839 -0.0013407748986390374 -0.00023695064512522596 0.00052844871076401963 0.0003684028739198333 -5.5143089347713917e-05 -0.00078971633687615391 8.3694217835355855e-06 8.2065476376252879e-05 1.3589215086540207e-05 0.00010509275196289475 0.00034014991296927872 0.00071112178266048438 -0.00066309498756059583 -2.3781013897741619e-06 -5.318398569645215e-05 -5.0947547868071567e-05
leaf_weight=29.5 42 26 32 23.5 30 27 39 30 40 30 60 34 47 30 40 34 24.5 43 47.5 54 28 63 86 45 24 30 21 21 21 57 29 42 43 45 137 30 128 22 33.5 8.4999999999999982 13.999999999999998 230 449 42
leaf_count=27 34 14 32 20 30 27 39 30 20 15 24 25 29 26 20 25 23 18 21 34 14 28 38 30 24 30 21 21 21 30 27 42 43 20 60 30 92 20 19 6 14 106 222 42
internal_value=-7.11077e-12 -0.00181199 0.00139081 -0.00685393 8.74104e-05 0.00112869 0.000549141 5.91956e-05 -3.55395e-05 -0.000221858 2.53656e-05 2.98185e-05 -0.000412506 0.000250981 0.000674151 0.00113112 -4.7881e-05 -0.000138986 0.000134329 6.10944e-06 0.000105635 -7.3731e-05 -0.000337825 6.72613e-05 -0.000161934 3.33499e-05 -1.13755e-05 0.000277167 -0.00041873 -7.31021e-05 -4.45916e-05 1.13409e-05 0.000179915 -8.9657e-05 -0.000188959 -0.000158405 -7.63195e-05 -0.000297633 -1.71922e-05 2.66058e-05 -1.49931e-05 -4.02881e-05 -1.9787e-05 0.000158728
internal_weight=2412 111 85 55.5 2301 243 213 186 2058 507 1551 477 159 318 108 68 1491 994 497 449.5 425 951 331 620 147 210 123 72 51 371 112 578 72 268 182 51 180 52 343 286 252.5 244 533 84
internal_count=1533 93 79 52 1440 243 213 186 1197 372 825 357 119 238 70 50 801 534 267 246 223 516 146 370 147 168 123 72 51 189 90 336 70 118 80 51 138 46 175 145 126 120 306 84
is_linear=0
shrinkage=0.08


Tree=180
num_leaves=45
num_cat=0
split_feature=37 4 34 37 15 30 33 16 30 33 0 29 37 10 11 36 14 33 31 36 10 16 33 29 14 31 31 34 36 34 16 37 33 33 31 31 17 34 31 16 15 31 33 21
split_gain=0.0590422 1.67165 0.175703 0.664924 0.291524 0.0569886 0.0153155 0.0071917 0.0034893 0.00332674 0.00437352 0.00393568 0.00308853 0.0675286 0.0426399 0.00617114 0.00678275 0.00438266 0.00544051 0.00350528 0.0208336 0.0159433 0.0104222 0.0146025 0.00422249 0.011851 0.00355613 0.0026484 0.0042294 0.00202876 0.00278413 0.00134383 0.00112061 0.000996481 0.00130991 0.00195192 0.000780096 0.00071311 0.00064649 0.000564374 0.000450386 0.000412547 0.00033891 0.000524702
threshold=16.425000000000004 16.455000000000002 1.0000000180025095e-35 7.8750000000000009 1.7861538866850044 0.3000000000000001 1.7000000000000004 9.0399996042251605 2.5000000000000004 8.9000000000000021 17.310000000000006 6.5000000000000009 10.085000000000003 9.8550000000000022 9.9550000000000018 1.5000000000000002 7.8350000000000009 10.800000000000002 17.600000000000005 2.5000000000000004 9.8550000000000022 6.0057692307692303 1.0000000180025095e-35 1.0000000180025095e-35 8.1850000000000023 1.0000000180025095e-35 1.0000000180025095e-35 13.100000000000001 2.5000000000000004 4.2000000000000011 6.0850000000000017 11.345000000000002 1.0000000180025095e-35 8.4000000000000004 1.7000000000000004 3.3000000000000003 1.1000000000000003 13.500000000000002 3.9000000000000004 7.1300000000000008 1.2450000000000001 6.3000000000000016 6.1000000000000005 3.0000000000000004
decision_type=2 2 2 2 2 2 2 2 2 2 2 2 2 2 2 2 2 2 2 2 2 2 2 2 2 2 2 2 2 2 2 2 2 2 2 2 2 2 2 2 2 2 2 2
left_child=2 -2 3 7 -5 -3 8 -1 -7 10 -8 -11 14 15 19 16 31 18 27 20 24 -21 -23 -24 26 -26 -4 28 -17 -25 -31 -14 -28 34 -27 -36 -33 -32 -19 -39 -37 -12 43 -29
right_child=1 5 12 4 -6 6 9 -9 -10 11 41 -13 13 -15 -16 17 -18 38 -20 21 -22 22 23 29 25 33 32 42 -30 30 37 36 -34 -35 35 40 -38 39 -40 -41 -42 -43 -44 -45
leaf_value=-0.0047598331142216918 -0.023341509472578764 0.0044775800701851651 0.00076988633311841459 0.0028018711693584921 0.013900161909334588 0.00098262282620583253 0.0010915129904945692 -0.0028013708434688552 0.0024409820724810875 -0.001005144884564086 -0.00025602500937465167 0.00027257975139137773 -0.00041280664148507637 -0.0038856400052706404 0.0023705419048201293 3.5171696916222572e-05 -0.0011860982828000759 -1.9022943193299903e-05 0.0014124956509719291 0.0019937939535487779 -0.0019753360660060455 -0.0012767473549103816 0.0012863948438248105 0.00093998455703258514 -0.0012820431870955323 0.00015835622394599528 0.00052074003888544847 -0.00016755944824711021 0.0013785045609110967 -0.00095852285496787065 -0.00033470277721829876 0.00048617279606646502 -1.6694351885952485e-05 0.00017939265878675015 -0.00072653901807239493 6.4543432974325564e-05 -5.0731654181470014e-05 -3.9084486553774159e-05 -0.00047165760770440102 0.00027903607563979654 -0.00027414276693115368 0.0001456610169261694 0.00027391552343033256 0.00018899025386199354
leaf_weight=24 20 24 42 28 33 21 30 24 21 36 36 27 40 30 48 30 47 36 30 27.5 38 37 59.5 12.499999999999998 63 59 26 56 30 22.5 45.5 29 552 76 45 54 43 255 46 41.5 47 30 40 50
leaf_count=24 20 24 34 22 21 21 30 24 21 36 36 27 20 15 21 28 29 24 18 11 16 24 32 11 28 26 20 44 28 9 28 27 316 32 20 24 43 115 28 38 20 30 26 42
internal_value=9.06201e-12 -0.00117714 0.000133087 0.0032632 0.00880586 0.000793024 0.000353077 -0.0037806 0.0017118 -5.83171e-06 0.000290607 -0.000457549 -3.26963e-05 -0.00020411 2.33363e-05 2.7433e-05 -0.000379505 0.000230902 0.000405966 -5.16243e-05 -0.000138013 0.000121153 1.23936e-05 0.000121668 -6.55874e-05 -0.000290365 5.91277e-05 0.000259384 0.000706838 -6.21551e-05 -9.65221e-05 -4.10242e-05 7.4809e-06 -6.80312e-05 -0.000159759 -0.000288312 0.000165522 -3.98115e-05 -0.00027294 5.44166e-06 -9.3063e-05 -7.34405e-05 7.54987e-05 6.24374e-07
internal_weight=2412 245 2167 109 61 225 201 48 42 159 96 63 2058 507 1551 477 159 318 236 1503 1002 501 473.5 436.5 964 344 620 206 60 377 364.5 112 578 281 205 146 72 342 82 296.5 101 66 146 106
internal_count=1533 245 1288 91 43 225 201 48 42 159 96 63 1197 372 825 357 119 238 186 804 536 268 257 233 520 150 370 168 56 201 190 90 336 122 90 64 70 181 52 153 44 66 112 86
is_linear=0
shrinkage=0.08


Tree=181
num_leaves=45
num_cat=0
split_feature=0 0 36 33 35 0 33 3 36 32 32 10 10 11 11 35 32 32 10 35 5 0 10 35 2 0 14 14 32 14 17 10 32 32 15 29 22 33 15 1 32 20 0 29
split_gain=0.0560984 0.0458936 0.135159 0.87275 4.44462 1.42437 0.801913 4.001 0.0827962 0.52754 0.405661 0.0615735 0.0556545 0.0541752 0.0311195 0.0148059 0.144497 0.070379 0.0100471 0.00982213 0.0175514 0.0316387 0.00387293 0.00350599 0.00547683 0.0261605 0.00210213 0.0026045 0.00183241 0.00172911 0.00166722 0.00143379 0.00142074 0.00228176 0.00137477 0.00135675 0.00175618 0.00122592 0.000724603 0.000748551 0.00141113 0.000721119 0.000658842 0.000751188
threshold=11.97499990463257 12.329999885559085 1.5000000000000002 1.0000000180025095e-35 1.0000000180025095e-35 16.425000000000004 1.0000000180025095e-35 16.415000000000003 2.5000000000000004 1.0000000180025095e-35 1.0000000180025095e-35 9.9200000000000017 9.9200000000000017 9.9200000000000017 9.7450000000000028 1.5000000000000002 1.0000000180025095e-35 1.0000000180025095e-35 9.4850000000000012 1.0000000180025095e-35 9.9350000000000005 16.425000000000004 9.5600000000000005 1.0000000180025095e-35 16.805000000000003 16.425000000000004 8.490000000000002 8.8950000000000014 1.3 8.2450000000000028 0.3000000000000001 7.8350000000000009 14.100000000000003 10.300000000000002 1.5499999999999996 1.5000000000000002 2.7000000000000006 3.3000000000000003 2.6388461538461545 16.505000000000006 5.9000000000000012 2.1000000000000005 17.680000000000003 1.0000000180025095e-35
decision_type=2 2 2 2 2 2 2 2 2 2 2 2 2 2 2 2 2 2 2 2 2 2 2 2 2 2 2 2 2 2 2 2 2 2 2 2 2 2 2 2 2 2 2 2
left_child=-1 -2 6 4 -4 -6 7 -3 9 -5 -10 15 19 14 23 17 -17 -8 26 20 21 37 29 24 25 -11 30 -28 -18 35 -19 -22 33 41 -31 -21 -37 -12 39 40 -30 -32 43 -25
right_child=1 2 3 8 5 -7 11 -9 10 13 12 -13 -14 -15 -16 16 28 18 -20 22 31 -23 -24 42 -26 -27 27 -29 38 34 32 -33 -34 -35 -36 36 -38 -39 -40 -41 -42 -43 -44 -45
leaf_value=-0.0044494089559237995 0.002339219347815271 -0.008743445356102551 -0.034315217616486142 0.0081748878888486497 -0.0075933930788721357 0.011802884340286255 0.0038304213373339738 0.032296427205204967 -0.0072661588569836958 3.9237500318596437e-06 0.00074031549893940494 0.0032020382694416235 -0.0029125777506209039 -0.0028237567005025875 0.0024715577861802143 -0.006464175001407663 -0.00045877480472641431 -0.00038713897051125326 -0.0013531830931121172 0.00041621329178520312 -0.00074940023063074638 0.0037004884412704872 0.00076710731950071121 0.00035088076972346186 -0.0003073313620847625 0.0031630171901222484 0.00096119340085847819 -4.3909560578564805e-05 0.00044822287516132613 -6.2749700413809883e-05 0.00030125298970487226 9.0147660734752816e-05 -0.00041922644839712214 0.00084250148797797948 -0.00062000834300286235 0.0005652103467386157 -7.1144287164843535e-05 -7.7019237062853318e-05 -6.2686015729087631e-05 0.00047317905464442451 -0.00022288025764936813 -9.998758938055226e-05 0.00026356996968388561 -4.7574808907403681e-05
leaf_weight=18 54 34 29 56 52.5 45 32 27.5 52.5 62 24 38.5 38.5 38.5 38.5 24 43.5 68 36 63.5 23 29 45 33 37 23 33 33 36.5 76.5 43 30 31 27 45 31.5 233.5 23 92.5 50 44.5 86 63 367.5
leaf_count=18 54 28 29 36 39 20 24 15 34 62 24 21 21 21 21 12 27 48 24 46 23 29 20 18 37 23 22 22 20 34 32 30 22 20 20 14 124 23 40 20 22 68 28 198
internal_value=-1.68778e-11 3.34542e-05 -1.97558e-05 -0.000449678 -0.00681948 0.00135873 0.000840088 0.00960772 0.000112429 0.000718936 -0.000497047 8.96232e-05 3.93734e-05 8.86973e-05 0.000268392 -8.65944e-05 -0.000518194 0.000236273 -8.58913e-05 0.000221505 0.000843244 0.0016225 5.94759e-05 0.000123521 0.000505094 0.000858737 5.62348e-05 0.000458642 1.62762e-05 -1.12872e-05 -4.79176e-05 -0.000274184 7.54356e-05 0.000173734 -0.000269142 8.40836e-05 4.49787e-06 0.000340343 0.000108736 0.000229778 7.95304e-05 3.37593e-05 2.30857e-05 -1.47433e-05
internal_weight=2412 2394 2340 1560 126.5 97.5 780 61.5 1433.5 718.5 715 718.5 662.5 662.5 624 680 291 389 357 624 129 76 495 585.5 122 85 321 66 267 450 255 53 187 156 121.5 328.5 265 47 223.5 131 81 129 463.5 400.5
internal_count=1533 1515 1461 974 88 59 487 43 886 444 442 444 408 408 387 423 141 282 258 387 129 76 258 366 122 85 234 44 129 238 190 53 142 120 54 184 138 47 102 62 42 100 244 216
is_linear=0
shrinkage=0.08


Tree=182
num_leaves=45
num_cat=0
split_feature=34 37 15 4 37 4 34 12 37 10 33 33 37 36 34 29 31 0 29 36 13 0 1 33 27 26 37 11 31 31 17 29 37 37 37 20 2 34 37 37 17 20 37 0
split_gain=0.0744653 0.519371 0.808225 0.426424 0.0436179 0.114331 0.0426521 0.00727777 0.02765 0.0554231 0.0212361 0.0150092 0.0249834 0.00626681 0.0384234 0.0316227 0.0184401 0.0348221 0.0057183 0.00320304 0.00745857 0.00268335 0.00223922 0.00280966 0.00180873 0.00101896 0.00228193 0.00565067 0.00174307 0.000827747 0.000812846 0.00079627 0.000737327 0.000604089 0.00135762 0.000963119 0.000704711 0.000599317 0.000874306 0.00133204 0.00131455 0.000866176 0.000549424 0.000373906
threshold=1.0000000180025095e-35 7.9350000000000014 1.7861538866850044 11.994999885559084 16.425000000000004 16.495000000000001 9.5000000000000053 9.0900000000000016 9.9650000000000016 9.9450000000000021 1.0000000180025095e-35 1.0000000180025095e-35 13.425000000000002 2.5000000000000004 10.900000000000004 1.0000000180025095e-35 1.0000000180025095e-35 16.375000000000004 11.4 2.5000000000000004 9.7450000000000028 16.590000000000003 17.255000000000006 2.8000000000000003 4.1000000000000005 6.2000000000000011 9.9950000000000028 7.8200000000000012 0.3000000000000001 0.3000000000000001 4.5000000000000009 3.7000000000000006 9.7950000000000017 14.950000000000001 11.760384615384618 0.3000000000000001 16.155000000000005 72.000000000000014 7.8200000000000012 7.5050000000000008 8.9000000000000021 0.50000000000000011 4.9500000000000011 15.695000000000002
decision_type=2 2 2 2 2 2 2 2 2 2 2 2 2 2 2 2 2 2 2 2 2 2 2 2 2 2 2 2 2 2 2 2 2 2 2 2 2 2 2 2 2 2 2 2
left_child=1 3 -3 -1 7 -6 -7 11 9 10 -9 12 42 16 15 -15 17 -13 21 20 -12 -8 -23 -24 -25 26 28 30 -16 32 -28 -26 -18 34 -31 -36 43 38 39 40 -30 -40 -2 -35
right_child=4 2 -4 -5 5 6 18 8 -10 -11 19 13 -14 14 25 -17 29 -19 -20 -21 -22 22 23 24 31 -27 27 -29 37 33 -32 -33 -34 36 35 -37 -38 -39 41 -41 -42 -43 -44 -45
leaf_value=-0.0025823913943022491 0.00049877895387234511 0.0025202430438782488 -0.016378396153450013 0.011896133680382502 0.0060193707455915438 0.0034720391324824756 -0.00078863466440728209 -0.001862325501214299 -0.0017286421234409014 0.0025025411648675801 0.00017781639932079263 8.5411701229927328e-05 0.0030876424267060228 0.0042438051570206879 -0.00090379030909389264 0.00041698397563423139 -7.6456813607364885e-05 -0.0033835765418987118 0.00093584966368209094 0.00030233180702284534 -0.00091316910441454561 0.00077647401208412795 -0.00082737658121105704 0.00069608284121689692 0.00019585710240616687 -0.00033072553913339849 -0.00026329591647600352 0.0011760233055268016 0.00026634720939597094 -1.9789714664645527e-05 0.00026670865173782072 -0.0004786882006252805 -0.0006862041193314573 -0.00030125518841668964 0.00066976907444768583 8.7201557610006557e-05 -0.0006098277151415294 -0.00029644039374860851 2.468209479508611e-05 0.00063471093458139299 -0.00041638046092653684 -0.0004273684574838947 3.6225400066801477e-05 0.00017668048893524843
leaf_weight=30 27 28 30 23 27 27 33 54 73.5 48 89 46 27 26 15.999999999999998 29.5 30 31 39 81 73 21 27 24 21 58.5 46 35 46.5 762 31 24 22 20 32 42 22 49.5 75 29.5 29.5 42.5 42 22
leaf_count=30 27 22 21 20 27 27 33 24 36 21 38 36 27 21 8 27 24 16 39 35 32 21 27 24 21 26 34 21 33 402 28 24 18 20 18 42 22 24 33 13 22 20 27 22
internal_value=-5.90903e-12 -0.00202384 -0.00725492 0.00370074 9.76296e-05 0.00111127 0.000497757 -2.20567e-05 -0.000319822 -1.96823e-05 -0.000427314 5.39511e-05 0.00102453 -6.4153e-06 0.000221553 0.00220973 -0.0001204 -0.00131119 7.28595e-05 -0.000108423 -0.000313801 -0.000151518 2.81817e-05 -0.000135507 0.000135224 -1.88471e-05 2.67082e-05 0.000333189 -9.22723e-05 -2.40853e-05 -4.99175e-05 -0.0001639 -0.000334427 -6.15448e-06 1.198e-05 0.000339123 -0.000243037 -4.46235e-05 1.12731e-05 0.000178444 1.34107e-06 -0.000138826 0.000217225 -5.09079e-05
internal_weight=2412 111 58 53 2301 243 216 2058 418.5 345 297 1639.5 96 1543.5 514.5 55.5 1029 77 189 243 162 150 117 96 69 459 400.5 112 288.5 952 77 45 52 900 836 74 64 272.5 223 105.5 76 117.5 69 42
internal_count=1533 93 43 50 1440 243 216 1197 186 150 129 1011 81 930 310 48 620 52 189 105 70 150 117 96 69 262 236 83 153 568 62 45 42 526 462 60 64 145 121 68 55 53 54 42
is_linear=0
shrinkage=0.08


Tree=183
num_leaves=45
num_cat=0
split_feature=34 2 37 2 37 4 34 14 33 33 35 35 30 15 33 0 30 24 37 4 25 34 35 34 37 30 37 30 30 34 37 37 37 8 34 22 37 19 21 37 34 37 33 5
split_gain=0.0630274 0.519838 0.606936 0.0450593 0.0369182 0.0967696 0.0361007 0.00612804 0.0191668 0.0129172 0.021146 0.0126516 0.047938 0.0221195 0.00425923 0.0112896 0.0047055 0.0029369 0.00260446 0.00238554 0.00189346 0.00187868 0.00146896 0.00123639 0.00386282 0.00539238 0.00248404 0.000997522 0.000598687 0.000492218 0.000992757 0.00191986 0.000790948 0.000516992 0.000427348 0.000523969 0.000288419 0.00087706 0.000362612 0.0003348 0.000180155 0.000341956 0.00016849 0.000159403
threshold=1.0000000180025095e-35 16.415000000000003 9.7850000000000019 11.984999656677248 16.425000000000004 16.495000000000001 9.5000000000000053 9.3250000000000011 1.0000000180025095e-35 1.0000000180025095e-35 1.0000000180025095e-35 1.5000000000000002 1.7000000000000004 0.65499999999999947 5.3000000000000016 16.625000000000004 1.3 1.1000000000000003 16.155000000000005 16.165000000000003 1.9000000000000001 9.5000000000000053 1.5000000000000002 10.900000000000004 9.7850000000000019 1.0000000180025095e-35 5.2800000000000002 10.800000000000002 37.000000000000007 21.900000000000006 9.6700000000000017 5.6350000000000007 3.5200000000000005 12.101923076923079 3.5000000000000004 19.300000000000004 6.3050000000000006 4.7000000000000002 19.300000000000004 4.745000000000001 93.300000000000026 9.8850000000000033 1.7000000000000004 9.9050000000000029
decision_type=2 2 2 2 2 2 2 2 2 2 2 2 2 2 2 2 2 2 2 2 2 2 2 2 2 2 2 2 2 2 2 2 2 2 2 2 2 2 2 2 2 2 2 2
left_child=1 2 3 -1 7 -6 -7 9 -9 10 -2 12 -10 21 15 -8 -17 -16 23 -20 -18 -13 -12 24 26 -26 34 -19 29 30 31 32 -25 36 -11 -36 37 -31 40 -39 42 -42 43 -38
right_child=4 -3 -4 -5 5 6 14 8 11 18 22 13 -14 -15 17 16 20 27 19 -21 -22 -23 -24 28 25 -27 -28 -29 -30 33 -32 -33 -34 -35 35 -37 38 39 -40 -41 41 -43 -44 -45
leaf_value=-0.0020443894403676193 0.0028406310647174165 -0.011760786404976478 0.0098658718634396791 -0.006750860291978588 0.0055378210613573047 0.0031942761061644117 0.0019547461660113187 -0.0017133394835723769 0.000557736591465819 -5.9796006263544162e-05 -0.00018568967723033646 7.7151068974108929e-05 -0.0026555338754163434 0.001749904480718431 -0.0010575927120711032 -0.0010620072377579553 0.00094179727403180937 0.00014513692797023665 -0.00013454318441676372 -0.0012252646369770878 -0.0001324960941980992 -0.00059963468515447204 0.00055325495493080889 -1.587517781271821e-05 0.0015652321975816181 6.8451790139079093e-06 -0.00071158166190511294 -0.00047472650728498899 0.00028578998612952824 0.00051527403605480988 -0.00044950232211062139 0.00043310935867743361 -0.00071021037664087047 -0.00029200202325519955 0.00061810059162477652 5.2971137643215203e-05 -0.00017393504375857967 -0.00029424153490080723 -0.00021089563347600603 0.00013166228749064937 6.9844087146907711e-06 -0.00025900355579021078 2.8721847222147349e-05 -1.1095894054354479e-05
leaf_weight=30 27 26 32 23 27 27 24 54 78 30 33 52.5 48 52.5 24 21 21 54 33 21 21 52.5 36 21 27 30 28.5 24 40.5 27 51 36 21 40.5 21 21 52.5 21 55.5 27 87 48 741 144
leaf_count=30 27 14 29 20 27 27 24 24 39 30 27 21 24 21 24 21 21 54 33 21 21 21 27 21 21 27 15 24 18 27 39 18 21 18 21 21 30 21 39 27 36 24 369 69
internal_value=2.43762e-11 -0.00186193 0.00116596 -0.00408682 8.98192e-05 0.00102237 0.000457936 -2.02922e-05 -0.000331979 4.08495e-05 0.000942567 -6.88627e-05 -0.000666366 0.00040914 6.70308e-05 0.000478242 -8.42354e-05 -0.000283709 -1.24376e-05 -0.000558713 0.000404651 -0.000261242 0.000199847 6.34548e-06 0.000218953 0.000745029 -7.94174e-05 -4.55903e-05 -1.73529e-05 -2.62981e-05 -0.000175042 4.41205e-06 -0.000363043 -1.08674e-05 0.000170814 0.000335536 -1.40277e-06 0.000150509 -1.15033e-05 -5.46706e-05 -1.18512e-06 -8.75891e-05 1.12571e-05 -5.46025e-05
internal_weight=2412 111 85 53 2301 243 216 2058 337.5 1720.5 96 283.5 126 157.5 189 87 63 102 1624.5 54 42 105 69 1570.5 157.5 57 100.5 78 1413 1372.5 129 78 42 1243.5 72 42 1203 75 1128 48 1072.5 135 937.5 196.5
internal_count=1533 93 79 50 1440 243 216 1197 150 1047 81 126 63 63 189 87 63 102 966 54 42 42 54 912 135 48 87 78 777 759 99 60 42 660 72 42 642 75 567 48 528 60 468 99
is_linear=0
shrinkage=0.08


Tree=184
num_leaves=45
num_cat=0
split_feature=37 30 34 37 15 4 32 3 31 0 37 37 11 37 0 0 14 36 14 36 36 15 31 37 10 37 36 37 37 36 20 36 32 32 3 20 30 32 6 2 32 29 34 29
split_gain=0.0632254 1.59337 0.156356 0.573738 0.282129 0.0551331 0.0259796 0.00739718 0.00661127 0.0105058 0.00549233 0.046801 0.034792 0.00848107 0.00653864 0.00701613 0.00541862 0.0241249 0.0131583 0.014458 0.00481344 0.0128827 0.007949 0.0022857 0.00652371 0.00125215 0.00360615 0.00176057 0.0012494 0.00662387 0.00253837 0.00203897 0.0400507 0.020925 0.00185289 0.00148151 0.00149898 0.00139401 0.000999647 0.000903135 0.00082146 0.000678318 0.000674938 0.00060417
threshold=16.425000000000004 1.0000000180025095e-35 1.0000000180025095e-35 7.8750000000000009 1.7861538866850044 16.505000000000006 0.50000000000000011 11.984999656677248 1.7000000000000004 17.070000000000004 11.760384615384618 11.345000000000002 9.9550000000000018 11.868846153846155 14.160000000000002 13.775000000000002 9.3250000000000011 2.5000000000000004 9.8550000000000022 1.5000000000000002 2.5000000000000004 2.1850000000000001 3.1000000000000005 12.049615384615388 7.9050000000000011 3.7450000000000006 1.5000000000000002 3.0500000000000003 5.1700000000000008 2.5000000000000004 4.7000000000000002 2.5000000000000004 1.0000000180025095e-35 1.0000000180025095e-35 14.160000000000002 1.5000000000000002 1.5000000000000002 4.2000000000000011 10.435000000000002 16.155000000000005 0.3000000000000001 6.5000000000000009 86.000000000000014 0.3000000000000001
decision_type=2 2 2 2 2 2 2 2 2 2 2 2 2 2 2 2 2 2 2 2 2 2 2 2 2 2 2 2 2 2 2 2 2 2 2 2 2 2 2 2 2 2 2 2
left_child=2 -2 3 7 -5 -3 -7 -1 -8 -10 11 12 16 -12 15 43 25 18 19 -18 21 -16 -22 -23 39 26 -4 40 29 30 -27 33 -33 -30 -35 36 -34 -37 -11 -25 -28 -24 -40 -15
right_child=1 5 10 4 -6 6 8 -9 9 38 13 -13 -14 14 20 -17 17 -19 -20 -21 22 23 41 24 -26 28 27 -29 31 -31 -32 32 35 34 -36 37 -38 -39 42 -41 -42 -43 -44 -45
leaf_value=-0.0024594160929943122 -0.022857321441173552 0.0043294318160042164 0.00092386236281267228 0.0023326310089656285 0.013250615632895269 0.0029354049810873611 -0.00095990626666790397 -0.0044456600087384385 0.0015452601568152508 -0.00063904950007175401 0.0017274448648095131 -0.0025391151167180699 0.0021171793428948148 0.00059991229048353574 -0.0019826939735018336 0.0020874056579279049 -0.0024949905264311204 0.00068753132316676875 -0.00012241360657046444 -0.00058067764017251465 0.001465064451476792 -0.0007684158326592297 9.0948882823189102e-05 9.9579655964459691e-06 0.0013350568952349327 0.00060158818083650919 -0.00068415356460415451 0.00048476348786304394 -0.0019643339245683615 -0.0013537373486906289 -0.00053423198126256472 0.003829161562025547 -0.00064561232167761775 0.0014102009528626999 -1.2829569258778251e-06 0.00042091142494965646 -7.8074433579298575e-05 -4.803312057863229e-05 9.4788040547375219e-05 -0.00054220372193063116 -7.3773312297734344e-06 -0.00051052384497597822 -0.00042318713230391348 -6.9285303886447635e-06
leaf_weight=24 20 24 35 28 33 21 39 24 30 21 24 48 48 21 24 21 50.5 86.5 72 50.5 32 20 30 70 24 34 24 24 36 27 20 18 36 5.9999999999999991 747 68.5 172.5 99.5 69 26 22 20 21 21
leaf_count=24 20 24 35 22 21 21 39 24 30 21 12 24 21 21 20 21 22 38 32 22 29 10 25 70 14 34 24 24 16 27 20 8 18 6 356 37 76 50 69 26 22 16 21 21
internal_value=-3.68854e-12 -0.00121813 0.000137721 0.00309048 0.00823908 0.000705354 0.000272629 -0.00345254 -3.80285e-05 0.000216959 -1.86688e-05 -7.60902e-05 -5.59213e-06 0.000278784 0.000166267 0.000893463 -6.81416e-05 -0.000403328 -0.000948757 -0.00153783 -1.99666e-05 -0.000270194 0.000480488 2.33772e-05 0.000155343 -4.62874e-06 0.000260834 -7.06809e-05 -2.66719e-05 -0.000330636 0.000180914 -5.86821e-06 0.000142632 -8.01181e-05 9.96393e-06 -3.36169e-05 -0.000176067 0.000143173 -0.000142041 -0.000139586 -0.000360478 -0.00014964 -2.60728e-05 0.000296492
internal_weight=2412 245 2167 109 61 225 201 48 180 141 2058 1725 1677 333 309 63 1629 259.5 173 101 246 164 82 140 120 1369.5 105 70 1264.5 81 54 1183.5 394.5 789 753 376.5 208.5 168 111 96 46 50 90 42
internal_count=1533 245 1288 91 43 225 201 48 180 141 1197 912 888 285 273 63 867 114 76 44 210 140 70 120 110 753 105 70 648 81 54 567 189 378 362 181 94 87 111 96 46 41 90 42
is_linear=0
shrinkage=0.08


Tree=185
num_leaves=45
num_cat=0
split_feature=34 37 3 35 37 3 34 3 31 14 33 36 35 29 31 0 33 35 36 34 30 32 15 30 27 37 29 20 16 34 35 31 31 37 14 0 15 5 0 37 16 31 33 34
split_gain=0.0672166 0.540969 0.795989 0.380749 0.0367976 0.066977 0.0454124 0.00852674 0.00989361 0.00522015 0.0146515 0.0261405 0.082618 0.180191 0.0671664 0.0307113 0.00987131 0.0161517 0.00506821 0.0305003 0.0333532 0.0236464 0.0303668 0.00245555 0.00203422 0.0016281 0.00294659 0.00488108 0.00153344 0.00132453 0.00121672 0.00109313 0.000894396 0.00137098 0.00130651 0.000836245 0.000681252 0.000656386 0.00108061 0.000581066 0.00106772 0.00119082 0.000947367 0.000559664
threshold=1.0000000180025095e-35 7.9350000000000014 16.415000000000003 1.5000000000000002 16.425000000000004 16.475000000000005 9.5000000000000053 16.740000000000006 6.9000000000000012 9.3250000000000011 1.0000000180025095e-35 1.5000000000000002 1.5000000000000002 0.70000000000000007 0.70000000000000007 17.255000000000006 1.0000000180025095e-35 1.0000000180025095e-35 2.5000000000000004 10.900000000000004 1.0000000180025095e-35 1.0000000180025095e-35 1.78 1.0000000000000002 0.50000000000000011 9.9800000000000022 6.9000000000000012 0.90000000000000013 6.0850000000000017 13.700000000000005 1.5000000000000002 1.0000000180025095e-35 2.5000000000000004 9.7950000000000017 7.7300000000000013 14.310000000000002 2.6050000000000004 11.868846153846155 17.590000000000003 9.9950000000000028 6.0311538461538472 12.800000000000002 3.1000000000000005 55.300000000000011
decision_type=2 2 2 2 2 2 2 2 2 2 2 2 2 2 2 2 2 2 2 2 2 2 2 2 2 2 2 2 2 2 2 2 2 2 2 2 2 2 2 2 2 2 2 2
left_child=1 3 -3 -1 9 -6 -7 8 -8 16 -11 14 13 -13 -12 -14 17 -2 21 20 -20 22 -18 -9 -25 28 27 -27 -21 -30 -19 -23 33 35 -35 -33 -28 38 -26 43 -41 42 -42 -34
right_child=4 2 -4 -5 5 6 7 23 -10 10 11 12 15 -15 -16 -17 18 30 19 25 -22 31 -24 24 37 26 36 -29 29 -31 -32 32 39 34 -36 -37 -38 -39 -40 40 41 -43 -44 -45
leaf_value=-0.0035339975962415337 0.0024863697274553555 -0.015709297708235682 0.0031356855539175182 0.010088057821166927 0.0053421180943648014 0.0036902262173868993 -0.00018702666674341476 -0.00091366801499610849 0.0021282158050410175 -0.0015125886544033332 0.0032484861972431338 0.0013980574414599687 -0.000426476371220567 -0.0060208546548065813 -0.0010219591082722853 0.0023130011066794394 -0.0035721028675990449 -0.00017246642121762941 0.0040581999221243536 -0.00057464365870691834 0.00012806402337816307 0.00044965652719838547 -0.00013703785254620015 0.00073949049404334463 -6.0168123648812371e-05 0.0012035902648711123 5.9944933716906236e-05 1.0781091189494841e-05 -0.00085216293167322875 -1.044434822232784e-05 0.00050004889981614218 -0.00036407738909474577 4.3374851204767989e-05 -0.00020825190537866075 -0.00089072367883860496 7.1622954090484067e-05 -0.00046679538702874477 0.00019322859699605032 -0.00073648290619963703 0.00055392663343809543 0.00043407321446396128 -0.00033374361402820795 1.4499985218029836e-05 -0.00012680839225497515
leaf_weight=24 27 32 26 29 21 27 21 21 27 54 45 40 55 44 49.5 50 28 33 26 40 29.5 32 40 21 54 37 30 54 12.499999999999998 279.5 36 36 293 58 26 130 33 30 21 32 52 40 102 214
leaf_count=24 27 29 14 26 21 27 21 21 27 24 20 20 22 22 22 20 18 27 21 16 27 22 30 21 54 21 23 41 10 144 27 36 152 50 16 70 19 30 21 16 38 28 66 102
internal_value=-1.07272e-11 -0.00192281 -0.00726155 0.00391958 9.27562e-05 0.00102378 0.00061529 0.000189529 0.0011153 -1.71753e-05 -0.000304848 -7.48026e-05 -0.000617997 -0.00248804 0.00101159 0.000878037 3.92557e-05 0.000827524 -7.32708e-06 0.000192508 0.00196921 -0.000107245 -0.00155148 -0.000112763 2.07217e-05 -1.03865e-05 0.000204605 0.000495769 -0.000110111 -4.64768e-05 0.000178411 -1.04883e-05 -2.54676e-05 -0.000156133 -0.000419493 -2.28663e-05 -0.000215967 -0.000123032 -0.000249536 1.90976e-05 0.000125782 5.51601e-05 0.000156174 -2.84579e-05
internal_weight=2412 111 58 53 2301 243 222 195 48 2058 337.5 283.5 189 84 94.5 105 1720.5 96 1624.5 541.5 55.5 1083 68 147 126 486 154 91 332 292 69 1015 983 250 84 166 63 105 75 733 226 194 154 507
internal_count=1533 93 43 50 1440 243 222 195 48 1197 150 126 84 42 42 42 1047 81 966 322 48 644 48 147 126 274 104 62 170 154 54 596 574 172 66 106 42 105 75 402 148 132 104 254
is_linear=0
shrinkage=0.08


Tree=186
num_leaves=45
num_cat=0
split_feature=37 32 34 37 2 33 7 5 16 37 14 33 36 35 29 29 29 33 35 36 34 30 32 3 37 29 2 35 34 16 31 31 37 33 0 1 16 23 0 30 0 0 37 16
split_gain=0.0605069 1.54147 0.144857 0.551563 0.0670662 0.0172143 0.0100093 0.0095169 0.00898712 0.00706383 0.00441833 0.012401 0.0221253 0.0699279 0.152514 0.0588111 0.0290148 0.00835508 0.0136708 0.00428973 0.0258154 0.0282302 0.0200143 0.0226558 0.00138357 0.0034949 0.00644989 0.00102983 0.001024 0.00109241 0.000925225 0.000757017 0.00121593 0.00160687 0.000674629 0.000622734 0.00105909 0.000511294 0.000328265 0.000394773 0.000325143 0.000315672 0.000269953 0.000656971
threshold=16.425000000000004 0.3000000000000001 1.0000000180025095e-35 7.8750000000000009 16.495000000000001 0.50000000000000011 9.8350000000000026 10.105000000000002 9.0399996042251605 11.964615518129792 9.3250000000000011 1.0000000180025095e-35 1.5000000000000002 1.5000000000000002 0.70000000000000007 1.3 0.70000000000000007 1.0000000180025095e-35 1.0000000180025095e-35 2.5000000000000004 10.900000000000004 1.0000000180025095e-35 1.0000000180025095e-35 16.195000000000004 11.575000000000001 12.300000000000002 16.185000000000006 1.5000000000000002 13.700000000000005 6.0950000000000015 1.0000000180025095e-35 2.5000000000000004 11.245000000000003 5.5000000000000009 16.475000000000005 17.795000000000005 6.1150000000000011 11.400000000000002 14.310000000000002 5.9000000000000012 14.570000000000002 15.280000000000003 9.9050000000000029 6.1600000000000019
decision_type=2 2 2 2 2 2 2 2 2 2 2 2 2 2 2 2 2 2 2 2 2 2 2 2 2 2 2 2 2 2 2 2 2 2 2 2 2 2 2 2 2 2 2 2
left_child=2 -2 3 8 -3 -6 -7 -8 -1 -5 17 -12 15 14 -14 -13 -15 18 -4 22 21 -21 23 -19 28 26 -26 -20 -22 -30 -24 32 34 -34 38 36 -9 40 -32 -40 -33 -31 43 -42
right_child=1 4 10 9 5 6 7 35 -10 -11 11 12 13 16 -16 -17 -18 19 27 20 24 -23 30 -25 25 -27 -28 -29 29 41 31 37 33 -35 -36 -37 -38 -39 39 -41 42 -43 -44 -45
leaf_value=-0.00453315823028485 -0.022475522898137569 0.0044405005679086403 0.0022874601550952156 0.0072319639812816272 0.0023558180105118526 -0.0012573198809857583 0.0018083754793873856 -0.00061708701386426889 -0.0023438365988355751 0.0089595476085586219 -0.0013915815507924115 -0.00097220272501940001 0.0012862128445412962 -0.00058697173818945882 -0.0055391862386287277 0.003023807839076552 0.0020757624049755662 -9.4509534537792206e-06 -0.00015866911123422057 0.0037335439481271 -0.00078398991823196412 0.00011781890418822482 0.00041368398786289617 -0.0029311993924167118 -1.2016752734780311e-05 -0.00058053549236236981 0.0016933611560274254 0.00046004497549600071 -0.00037705070966317716 0.00021708185831084849 -0.00033495119216644931 0.00019442122809171754 -0.00016485774447210131 -0.001043092674575746 0.00023848065906869516 0.00019758466351777314 2.7372458557068719e-05 0.00020713332068910938 4.824017363910874e-05 -0.00027109093020191873 -0.00027304382339740792 -2.245786485775393e-05 5.467914435406912e-05 -1.0814308080705463e-05
leaf_weight=24 20 27 27 33 21 36 21 24 24 28 54 49.5 40 50 44 45 55 35 33 26 12.499999999999998 29.5 32 33 40 22 22 36 55.5 40 36 48 40 20 42 45 51 81 75 37 75 294 198 331
leaf_count=24 20 27 27 15 21 36 21 24 24 28 24 22 20 20 22 20 22 30 27 21 10 27 22 18 40 16 13 27 23 38 36 48 38 16 18 45 51 36 44 20 30 134 126 162
internal_value=8.48596e-12 -0.00119165 0.000134728 0.00297683 0.000700246 0.000190211 -6.67255e-05 0.000237256 -0.0034385 0.00802495 -1.58013e-05 -0.000280461 -6.88184e-05 -0.000568557 -0.002289 0.000930659 0.000807794 3.61153e-05 0.000761323 -6.74091e-06 0.000177108 0.00181167 -9.86652e-05 -0.00142736 -9.55562e-06 0.000285732 0.000593117 0.000164138 -7.12575e-05 -4.83842e-05 -9.64928e-06 -2.34302e-05 -0.000143642 -0.000457603 -4.44969e-05 -3.76899e-05 -0.000178855 1.75698e-05 -0.000124801 -5.72531e-05 -5.98027e-06 6.22953e-06 -2.19062e-05 -5.92557e-05
internal_weight=2412 245 2167 109 225 198 177 141 48 61 2058 337.5 283.5 189 84 94.5 105 1720.5 96 1624.5 541.5 55.5 1083 68 486 84 62 69 402 389.5 1015 983 250 60 190 120 75 733 148 112 652 334 604 406
internal_count=1533 245 1288 91 225 198 177 141 48 43 1197 150 126 84 42 42 42 1047 81 966 322 48 644 48 274 69 53 54 205 195 596 574 172 54 118 120 75 402 100 64 366 172 318 192
is_linear=0
shrinkage=0.08


Tree=187
num_leaves=45
num_cat=0
split_feature=34 2 36 16 14 34 14 36 15 15 33 36 1 34 36 29 36 32 36 14 34 3 14 1 36 1 31 10 29 27 32 23 33 31 15 31 1 31 31 32 23 31 14 21
split_gain=0.0705881 0.483936 1.34917 1.34649 0.00821969 0.00685414 0.00629294 0.0101767 0.00577073 0.00343344 0.00406623 0.00592155 0.00989338 0.00314237 0.00486931 0.0029375 0.0285911 0.0363798 0.00396623 0.0771555 0.0550602 0.0082537 0.00488811 0.00344245 0.00209433 0.00129401 0.00095511 0.00154358 0.000634294 0.000508699 0.000775707 0.000612557 0.000565802 0.000603435 0.000475084 0.000461917 0.000454424 0.000540068 0.000408655 0.000377702 0.000847683 0.000374343 0.000370042 0.000341792
threshold=1.0000000180025095e-35 16.415000000000003 1.5000000000000002 9.0399996042251605 9.9200000000000017 8.2000000000000046 9.7050000000000018 2.5000000000000004 0.52999999999999947 0.58499999999999919 1.0000000180025095e-35 2.5000000000000004 14.200000000000001 119.60000000000004 2.5000000000000004 1.0000000180025095e-35 2.5000000000000004 0.70000000000000007 1.5000000000000002 9.5150000000000023 12.000000000000004 17.935000000000006 9.4050000000000029 16.425000000000004 1.5000000000000002 17.820000000000004 3.9000000000000004 8.0600000000000023 17.600000000000005 1.6000000000000003 1.0000000180025095e-35 1.1000000000000003 14.900000000000002 3.9000000000000004 2.2450000000000001 7.1000000000000005 15.765000000000002 1.7000000000000004 14.900000000000002 5.1000000000000005 1.6000000000000003 8.9000000000000021 7.3800000000000017 4.7000000000000002
decision_type=2 2 2 2 2 2 2 2 2 2 2 2 2 2 2 2 2 2 2 2 2 2 2 2 2 2 2 2 2 2 2 2 2 2 2 2 2 2 2 2 2 2 2 2
left_child=1 2 -1 -4 6 -6 8 24 -2 -10 11 12 -11 15 -15 16 17 -12 20 22 -17 25 29 -19 -8 26 27 34 35 30 -20 -31 33 -33 -22 42 43 -38 -37 -39 41 -41 -28 -32
right_child=4 -3 3 -5 5 -7 7 -9 9 10 13 -13 -14 14 -16 18 -18 23 19 -21 21 -23 -24 -25 -26 -27 28 -29 -30 31 36 32 -34 -35 -36 38 37 39 -40 40 -42 -43 -44 -45
leaf_value=0.014775517029782472 0.0015847982559353112 -0.01152136362515963 -0.017273806272045014 0.0078784744146590431 0.0014643927693668039 0.0002190670318845095 -0.0013621075781570238 0.00051826164380393248 -0.001066692765011932 0.0019261565939005878 -0.0025515101696638497 -0.00026141010522842407 8.7039191753436363e-05 0.00010162598196441284 0.0012035172510069686 0.0028152347259944484 0.0018749974728953618 0.00011769274855032564 -0.00040447331800618597 -0.0038910451441100148 0.00020447512685849861 -0.0011884993159925782 0.0009955577368876247 0.0012215133138339627 -0.00058155733488754111 0.00047489887254627104 0.00037371411224291346 -0.00065096886772097963 0.00039656265244250084 0.00036724414718760685 0.00016310841805308827 0.00039785985453900968 -8.370105297427841e-05 4.7315549613399934e-05 -0.0001360546959978011 -0.00016050024969517838 -0.00021601789125072008 -0.0001046748128817319 0.00012440750375390054 0.00036015458269552747 -0.00014911955356541458 4.7089447890274723e-05 3.7964317345558995e-05 -2.3672760590208606e-05
leaf_weight=29.5 16.5 26 31.5 24 49.5 66 44 44 16.5 36 34 37.5 39 77 38.5 46.5 53.5 40 34 33 37 38.5 33 33 44 38.5 36.5 33 36 44 129 44 121 110 90 87.5 110 143 51 55 66 44 49.5 122
leaf_count=27 9 14 28 24 27 36 24 24 9 36 24 30 24 42 21 39 36 30 24 18 27 21 18 18 24 21 24 18 21 24 120 24 66 60 60 54 60 78 30 30 36 24 27 102
internal_value=1.60274e-11 -0.00197044 0.000951015 -0.00639714 9.5054e-05 0.000752778 6.02944e-05 -0.000475134 9.4712e-05 8.26421e-05 9.20279e-05 0.000559407 0.000969816 6.44702e-05 0.000468923 3.84092e-05 0.000364976 -0.000390035 6.29278e-06 -8.18941e-05 0.000182666 -6.33927e-05 3.72548e-05 0.00061668 -0.000971832 3.0979e-05 -9.66528e-06 -0.000163508 8.48256e-05 6.3115e-06 -3.17085e-05 9.00986e-05 4.57553e-05 0.000147471 -3.68452e-05 3.48366e-05 -1.27638e-05 -6.38563e-05 -5.55884e-05 -9.51283e-06 7.29609e-05 0.000221015 0.000180463 7.23223e-05
internal_weight=2412 111 85 55.5 2301 115.5 2185.5 132 2053.5 2037 2020.5 112.5 75 1908 115.5 1792.5 160.5 107 1632 1088 544 497.5 1055 73 88 459 420.5 160 260.5 1022 703 319 275 154 127 224.5 669 418 138.5 308 165 99 86 251
internal_count=1533 93 79 52 1440 63 1377 72 1305 1296 1287 90 60 1197 63 1134 108 72 1026 684 342 303 666 48 48 282 261 105 156 648 474 174 150 84 87 135 450 228 84 168 90 54 51 222
is_linear=0
shrinkage=0.08


Tree=188
num_leaves=45
num_cat=0
split_feature=0 37 4 34 37 30 33 30 37 37 10 37 33 33 33 0 36 32 13 32 14 36 31 32 20 30 37 10 22 4 31 31 0 27 32 34 30 0 22 31 37 32 37 32
split_gain=0.0650698 0.0543591 1.51587 0.266361 0.530891 0.072356 0.0131223 0.00644738 0.00328447 0.0346238 0.0284133 0.00850028 0.0108107 0.00725872 0.00380166 0.00851796 0.00341355 0.015835 0.00758589 0.00441565 0.00405581 0.00315589 0.0111848 0.00544726 0.0048842 0.00306117 0.00185649 0.00176774 0.00172031 0.00135337 0.00120809 0.00254466 0.00242757 0.00111873 0.000747074 0.000697212 0.00104691 0.000526335 0.000510097 0.000438456 0.000573208 0.00108827 0.000584904 0.000714341
threshold=11.97499990463257 16.425000000000004 16.455000000000002 1.0000000180025095e-35 7.8750000000000009 0.3000000000000001 1.7000000000000004 2.5000000000000004 11.760384615384618 11.345000000000002 9.9550000000000018 11.868846153846155 0.3000000000000001 1.0000000180025095e-35 1.0000000180025095e-35 16.565000000000001 2.5000000000000004 1.0000000180025095e-35 9.7450000000000028 1.0000000180025095e-35 9.5600000000000005 2.5000000000000004 0.3000000000000001 4.6000000000000005 1.3 17.600000000000005 12.049615384615388 9.4850000000000012 4.0000000000000009 17.365000000000006 6.1000000000000005 9.9000000000000004 17.310000000000006 8.7000000000000011 0.3000000000000001 4.2000000000000011 1.0000000180025095e-35 14.310000000000002 23.300000000000004 1.0000000000000002 7.4800000000000013 3.3000000000000003 7.8200000000000012 3.3000000000000003
decision_type=2 2 2 2 2 2 2 2 2 2 2 2 2 2 2 2 2 2 2 2 2 2 2 2 2 2 2 2 2 2 2 2 2 2 2 2 2 2 2 2 2 2 2 2
left_child=-1 3 -3 4 -2 -4 7 -7 9 10 14 -10 13 -13 15 34 18 -18 19 -16 29 22 -14 24 -23 30 -24 33 -28 35 32 -32 -8 37 -5 -19 -37 -21 -30 -38 41 -41 -42 -44
right_child=1 2 5 8 -6 6 25 -9 11 -11 -12 12 21 -15 16 -17 17 20 -20 27 -22 23 26 -25 -26 -27 28 -29 38 -31 31 -33 -34 -35 -36 36 39 -39 -40 40 42 -43 43 -45
leaf_value=-0.0047920014502273664 -0.0031524057207732567 -0.022199397914111615 0.0049348672277604536 -0.00013910034705574313 0.0093438734181902627 0.00055390437554922846 0.00087231278313993244 0.0025362840614148547 0.0016577829296390216 -0.002185448081775879 0.0020482497794243196 0.0020414013387980287 -0.0018558766793173092 0.00023333254468161613 -0.00070182955045191967 -0.0012393335991159635 0.0016834211156149454 0.00053554299383841712 -0.00084678933569570867 -0.00023958108450252832 0.00075505360007979152 0.0016449454323931908 -0.00063475100398396281 -0.00043864103732630614 -5.2995962852781479e-06 -0.00087732622060381505 0.00061229257906476658 0.00052872837700236304 -0.00042439703821649098 -0.00045354657286702838 -0.00080353533810315026 0.0002790936716183117 -4.5051779015921059e-05 -0.00047179167378036418 0.00038937599176452274 -0.00056494842177595608 0.00028637369265197774 1.483854266928614e-05 2.3985527260529418e-05 0.00020870746265758169 0.00029302161479210283 -0.00040582021207748246 -0.00026020430968076523 8.7235029866425401e-05
leaf_weight=18 36 20 24 37.5 55 21 30 21 24 48 42 27 26 30 61 54 39.5 14.499999999999998 82 56 43 24 28 38 22 24 30 39 22 49.5 24 33 48 34 31.5 22 32 736 62 27.5 47 56 56 117
leaf_count=18 36 20 24 30 37 21 30 21 12 24 18 27 26 30 36 24 22 12 36 56 19 20 14 30 22 24 20 16 22 20 24 33 48 14 24 12 20 370 62 20 20 38 26 55
internal_value=-8.29064e-12 3.60301e-05 -0.00109298 0.000164745 0.00440029 0.000783143 0.000287414 0.00154509 -2.25411e-05 -6.69456e-05 -6.30871e-06 0.000207482 9.48378e-05 0.00108979 -5.90864e-05 -0.000486788 -2.42932e-05 0.0001457 -0.00010929 -4.39822e-05 1.49361e-05 -0.00013021 -0.000330397 0.000270164 0.000855698 -4.48031e-05 -5.10837e-05 2.40938e-06 9.22732e-05 -6.05682e-05 0.000103201 -0.00017675 0.000307781 -2.2441e-05 0.000102161 -8.27671e-06 -3.03337e-05 -3.15072e-06 -9.3448e-05 4.72296e-06 -2.49733e-05 -0.000203431 4.27594e-05 -2.52309e-05
internal_weight=2412 2394 245 2149 91 225 201 42 2058 1725 1677 333 309 57 1635 123 1512 504 1008 926 464.5 252 168 84 46 159 142 865 114 421.5 135 57 78 826 69 372 357.5 792 84 335.5 303.5 83.5 220 173
internal_count=1533 1515 245 1270 73 225 201 42 1197 912 888 285 273 57 870 78 792 264 528 492 242 216 144 72 42 159 118 456 104 223 135 57 78 440 54 203 191 426 84 179 159 58 101 81
is_linear=0
shrinkage=0.08


Tree=189
num_leaves=45
num_cat=0
split_feature=34 37 3 4 37 4 32 33 30 11 37 36 4 9 37 32 33 36 10 13 0 32 0 14 32 33 33 4 31 33 27 22 33 13 27 29 30 32 35 32 31 34 21 31
split_gain=0.073249 0.561532 0.677672 0.367277 0.0420867 0.107067 0.0676057 0.00761127 0.00618336 0.00357925 0.00445367 0.0257753 0.163105 0.154673 0.0105583 0.00630301 0.0045022 0.00334482 0.0204158 0.0143324 0.00775254 0.0188604 0.00749105 0.00519863 0.0128345 0.00648507 0.0054976 0.00256568 0.002088 0.00157154 0.00143476 0.00109173 0.0017332 0.000823362 0.000816033 0.000739724 0.000686745 0.000671425 0.000554237 0.00230662 0.00126353 0.00146076 0.00127241 0.0011427
threshold=1.0000000180025095e-35 7.9350000000000014 16.415000000000003 11.994999885559084 16.425000000000004 16.485000000000003 0.70000000000000007 0.70000000000000007 1.9000000000000001 9.9550000000000018 11.245000000000003 2.5000000000000004 17.890000000000004 11.893461538461539 16.175000000000004 1.0000000000000002 0.3000000000000001 2.5000000000000004 9.8550000000000022 9.7050000000000018 14.160000000000002 1.0000000180025095e-35 13.485000000000001 8.1850000000000023 1.0000000180025095e-35 0.3000000000000001 1.0000000180025095e-35 16.590000000000003 3.1000000000000005 5.5000000000000009 4.1000000000000005 5.4000000000000012 0.3000000000000001 9.1850000000000005 1.9000000000000001 7.5000000000000009 10.800000000000002 5.9000000000000012 1.5000000000000002 1.0000000180025095e-35 1.3 29.900000000000006 1.5000000000000002 1.3
decision_type=2 2 2 2 2 2 2 2 2 2 2 2 2 2 2 2 2 2 2 2 2 2 2 2 2 2 2 2 2 2 2 2 2 2 2 2 2 2 2 2 2 2 2 2
left_child=1 3 -3 -1 9 -6 -7 -8 -9 10 17 12 14 15 16 -13 -12 18 23 20 22 -22 -19 26 -25 -26 -2 -10 29 -18 -17 35 -33 37 -30 -23 -29 -27 39 -28 42 -42 -40 -41
right_child=4 2 -4 -5 5 6 7 8 27 -11 11 13 -14 -15 -16 30 28 19 -20 -21 21 31 -24 24 25 33 38 36 34 -31 -32 32 -34 -35 -36 -37 -38 -39 40 43 41 -43 -44 -45
leaf_value=-0.0018859669929758335 0.00089435215847080826 -0.015241159882862121 0.0021469343625582183 0.011550973922662114 0.0061651161949460714 0.0037057021653486622 -0.0015197923122572579 0.0010761453397572041 -0.00096012772615289396 -0.00066344827482545815 0.00098661446303594858 0.0014268540023741397 0.0064670042347695147 -0.0071499281823635095 -0.0014556613621451626 -0.00011908827944555216 -6.3591864952621498e-05 5.9468645602464677e-05 -0.0019644548063239963 0.0014932527904794818 0.0021254995713631312 -0.00032728758693457169 -0.0020797720390625975 -0.0014633964236687731 -0.0010028523213954435 0.0001339824921074871 -0.0010269449674524366 0.00015795404810215466 1.353028105330412e-05 -0.00093970428640022881 0.00064735154197974646 0.00067216768690671488 -1.8358355297441532e-05 0.00025459542316443555 0.00045754577427242808 1.0619736312387082e-05 -0.00026203960669823943 -0.00019318894323374963 -4.9736120995005654e-05 -0.00036058703013363164 -0.00046117689119788203 5.4009012784808874e-05 0.00063924907852197066 4.4939085221610894e-05
leaf_weight=30 46 32 26 23 24 36 21 33 21 54 38 33 28 20 28 54 38 20 38 43.5 27 114.5 22 54 45 68 15.999999999999998 69 54 20 22 26 221 79 52 65 39 98 29 56 41 250 42 216
leaf_count=30 36 29 14 20 24 36 21 33 21 24 38 33 14 10 28 50 36 20 16 19 12 53 22 24 20 30 12 69 50 16 11 16 117 34 26 28 39 42 20 40 26 118 30 126
internal_value=9.99011e-13 -0.00200724 -0.0074465 0.00394516 9.6829e-05 0.00109252 0.000536617 -8.68101e-05 9.89469e-05 -2.07378e-05 -3.41925e-06 0.000240362 0.000702021 -0.000682957 1.96827e-07 0.000503644 0.000201999 -6.17639e-05 -0.000143123 0.000100954 -2.12757e-05 7.50243e-05 -0.00106109 -7.65743e-05 -0.00033099 -0.000120128 4.91712e-05 -0.000151034 2.01978e-05 -0.0003657 0.000102776 -5.47831e-05 5.43286e-05 4.20054e-05 0.000231349 -0.000204926 6.28967e-06 -5.91669e-05 -1.06416e-05 -9.34623e-05 5.52489e-05 -1.85773e-05 0.000357833 -3.85516e-05
internal_weight=2412 111 58 53 2301 243 219 183 162 2058 2004 387 258 129 230 109 202 1617 1078 539 495.5 453.5 42 1040 344 290 696 129 164 58 76 426.5 247 245 106 179.5 108 166 650 288 362 291 71 272
internal_count=1533 93 43 50 1440 243 219 183 162 1197 1173 312 208 104 194 94 166 861 574 287 268 226 42 558 150 126 408 129 128 52 61 214 133 106 76 81 108 72 372 178 194 144 50 166
is_linear=0
shrinkage=0.08


Tree=190
num_leaves=45
num_cat=0
split_feature=37 1 32 0 33 37 36 10 10 36 37 36 29 31 37 10 4 4 37 37 3 0 3 4 31 31 33 33 3 37 28 0 3 24 32 37 33 29 29 29 37 37 37 0
split_gain=0.0499095 1.47032 0.046806 0.0459228 0.0709888 0.232769 1.58921 2.18393 0.867046 1.09425 0.170185 0.0717279 0.36653 0.0932152 0.423305 0.0566782 0.0430697 0.0336218 0.00909278 0.0568015 0.0193808 0.00615312 0.00601912 0.00416789 0.00316364 0.00180348 0.00104542 0.00104201 0.000997568 0.000972961 0.000729157 0.00164554 0.000557028 0.000619748 0.000496566 0.000508079 0.000408599 0.000401576 0.000394093 0.000393483 0.000372611 0.000870537 0.000445128 0.000534285
threshold=16.425000000000004 16.465000000000003 0.70000000000000007 11.97499990463257 1.0000000180025095e-35 13.835000000000003 2.5000000000000004 7.9050000000000011 7.9050000000000011 1.5000000000000002 16.185000000000006 2.5000000000000004 1.0000000180025095e-35 1.0000000180025095e-35 9.7850000000000019 9.9200000000000017 16.545000000000005 17.965000000000003 11.703076923076924 11.984999656677248 17.835000000000004 17.100000000000005 17.935000000000006 17.745000000000001 1.9000000000000001 3.1000000000000005 10.800000000000002 5.5000000000000009 17.590000000000003 14.365000000000002 60.800000000000004 17.475000000000005 17.380000000000006 7.5000000000000009 0.50000000000000011 9.7850000000000019 4.6000000000000005 1.3 1.9000000000000001 22.000000000000004 9.1050000000000022 7.7300000000000013 5.0400000000000009 13.425000000000002
decision_type=2 2 2 2 2 2 2 2 2 2 2 2 2 2 2 2 2 2 2 2 2 2 2 2 2 2 2 2 2 2 2 2 2 2 2 2 2 2 2 2 2 2 2 2
left_child=3 -2 -3 -1 5 6 8 -8 9 -5 11 13 -13 14 -6 22 -4 18 20 -20 23 -18 30 32 -23 27 28 -21 -26 -27 31 34 37 -34 35 -14 -31 40 -36 -39 41 42 43 -15
right_child=1 2 16 4 10 -7 7 -9 -10 -11 -12 12 15 17 -16 -17 21 -19 19 25 -22 24 -24 -25 26 29 -28 -29 -30 36 -32 -33 33 -35 38 -37 -38 39 -40 -41 -42 -43 -44 -45
leaf_value=-0.0039016256440016963 -0.021869162168353797 0.0034092460282974775 0.0034283779054991711 -0.018777088759200915 -0.0018547885923180729 -0.0056341254754135239 0.025303778357307113 -0.003269705226023992 0.0043677086116022563 0.00089128771784404912 0.0052982034877334773 -0.0063772044879970725 -0.00042405386117274225 -0.00033317951299250125 0.0089204859915189456 -0.0034323716388335304 -0.0011235034921264742 0.0021849615077177685 -0.004591631616465747 -0.00012961609422096186 0.0017717138436855748 0.00095780105773536931 0.0011333386747846526 -0.00087097112451576533 -3.5677735025110917e-05 0.00059968659425586727 0.00021572663547256247 -0.00083120306115597479 -0.00064928842460115755 -0.00017604833592971167 -0.00037959594693448811 0.00057639454757528648 0.0004054569254415886 -2.8773725856668677e-08 0.00017148983904963021 2.2393358966051525e-05 0.00029076984827406706 3.6175729591181176e-05 -2.9790624379884544e-05 -0.00018822897949509999 -0.00026133452216324965 0.00028723319489005453 -0.00045510709308123646 0.00023813463059592653
leaf_weight=18 20 36 24 35 56 26 37.5 31.5 60.5 37.5 38 67.5 36.5 20 40 31.5 36 45 20 42 40 21 31.5 36 39 28 39 20 30 30 31.5 31.5 45 52 79.5 29.5 20 551 287 55 72 37 26 22
leaf_count=18 20 36 24 34 32 26 35 14 27 35 38 39 25 20 24 14 36 20 10 42 16 21 14 16 39 16 39 16 30 30 14 14 20 22 51 20 20 284 162 28 34 16 20 22
internal_value=1.08696e-11 -0.00108228 0.000765444 0.000122362 0.000156067 0.0014907 0.00240776 0.0122594 -0.00270322 -0.00860379 -2.33868e-06 -0.000109307 -0.00080897 0.000239134 0.00263491 -0.000135997 0.000261863 4.10335e-05 -4.54152e-05 -0.000603596 4.80042e-05 -0.000198722 6.10351e-05 -2.7267e-05 5.93572e-05 -3.38769e-05 -0.00011534 -0.000355934 -0.000302465 0.000222118 -7.13355e-06 1.81522e-05 7.24821e-06 0.000188083 -2.2506e-05 -0.000224505 1.06789e-05 -1.51541e-05 1.38705e-05 1.5809e-05 -0.000121163 -2.50456e-05 -0.000194962 -3.39197e-05
internal_weight=2412 245 225 2167 2149 228 202 69 133 72.5 1921 1883 626 1257 96 558.5 189 1161 1116 160 956 165 527 916 129 140 108 62 69 78 495.5 464 880 97 432.5 66 50 783 366.5 606 177 105 68 42
internal_count=1533 245 225 1288 1270 171 145 49 96 69 1099 1061 353 708 56 314 189 652 632 134 498 165 300 482 129 124 108 58 69 66 286 272 466 42 258 45 50 424 213 312 112 78 62 42
is_linear=0
shrinkage=0.08


Tree=191
num_leaves=45
num_cat=0
split_feature=34 1 36 36 37 1 32 34 0 31 37 37 37 11 36 37 33 18 33 33 36 31 37 16 31 0 37 34 32 31 1 9 9 33 37 22 35 34 36 16 22 3 31 37
split_gain=0.0682727 0.47789 1.91762 1.07487 0.0411486 0.0815023 0.042267 0.0125544 0.00542583 0.00572791 0.00398891 0.00494709 0.0297348 0.0311519 0.0143256 0.102456 0.056897 0.0174378 0.00689453 0.00611613 0.00729515 0.0180622 0.027068 0.0176526 0.00630686 0.00601949 0.00582886 0.00438886 0.00232008 0.00221007 0.0021705 0.00153809 0.00130128 0.00123823 0.0012324 0.00110785 0.00088247 0.000508524 0.000476535 0.000893089 0.000461244 0.000824743 0.000656328 0.000482484
threshold=1.0000000180025095e-35 16.415000000000003 1.5000000000000002 2.5000000000000004 16.425000000000004 16.475000000000005 0.70000000000000007 93.300000000000026 17.100000000000005 6.1000000000000005 16.175000000000004 11.760384615384618 11.345000000000002 9.9550000000000018 2.5000000000000004 11.868846153846155 3.5000000000000004 0.50000000000000011 0.3000000000000001 1.0000000180025095e-35 2.5000000000000004 0.70000000000000007 9.7850000000000019 6.0273076923076916 1.0000000180025095e-35 16.565000000000001 9.6200000000000028 8.7000000000000046 4.2000000000000011 1.9000000000000001 16.195000000000004 11.190000000000003 11.285000000000002 3.5000000000000004 13.710000000000003 6.8000000000000007 1.5000000000000002 75.800000000000011 1.5000000000000002 6.2500000000000009 59.70000000000001 16.155000000000005 6.9000000000000012 8.0900000000000016
decision_type=2 2 2 2 2 2 2 2 2 2 2 2 2 2 2 2 2 2 2 2 2 2 2 2 2 2 2 2 2 2 2 2 2 2 2 2 2 2 2 2 2 2 2 2
left_child=1 2 -1 -4 10 -6 -7 8 9 -8 11 12 13 19 15 -13 17 -16 -17 25 23 22 35 -21 26 36 -25 -23 34 -10 -12 40 -26 -31 -20 -22 -2 -30 -35 -40 41 42 -29 -43
right_child=4 -3 3 -5 5 6 7 -9 29 -11 30 14 -14 -15 16 18 -18 -19 28 20 21 27 -24 24 32 -27 -28 31 37 33 -32 -33 -34 38 -36 -37 -38 -39 39 -41 -42 43 -44 -45
leaf_value=-0.01551624847923295 -0.00040729143254628238 -0.011428924340468187 0.020177715302018794 -0.0021332083656810798 0.0058416486779848736 0.0031365062958664362 -0.0018580107559405623 0.0016405280902981759 0.00088117699360563647 1.0490663172233674e-05 -0.00021930556189978404 0.0068274237867444751 -0.0020214052611845544 0.002006686600507237 0.0029768977621975152 0.0010997927843862654 -0.002535495323675644 4.0127272118947339e-06 -0.00080180405147984863 -0.0014163407870711618 0.0004523042095519724 0.0017851745917954864 0.002738992090093061 -7.5612584719570675e-05 -1.5227931726978639e-05 -0.0012361901466458759 -0.0014509573502858219 6.4232486874125032e-05 2.546376303622597e-05 -0.00056798070059379657 -0.0013695102198315518 -0.00046903903977098786 0.00039764624411383503 0.00042124288453730208 -0.00013572224241943331 -0.00022412295113243753 0.00016544703976251185 0.00046606713160872465 0.00027629294100084477 -0.00042365212948061525 -0.00024512608524089976 -0.00019621828579974751 0.00053854670347363665 5.0750972530868358e-05
leaf_weight=29.5 33 26 29.5 26 21 36 21 30 21 21 21 15.999999999999998 48 48 23 38 46 28 32 65 30.5 8.4999999999999982 42 41 808 54 38 43 38 21 21 49.5 52 24 40 31.5 36 30 28 20 40.5 77.5 33 146
leaf_count=27 27 14 27 25 21 36 21 30 21 21 21 8 24 21 20 38 33 28 24 26 17 6 20 26 434 24 18 30 36 21 21 20 22 24 40 23 27 16 28 20 30 31 18 68
internal_value=-1.02056e-12 -0.00193786 0.000965292 0.00972575 9.3482e-05 0.00107801 0.000627398 0.000141764 -0.00014646 -0.00092376 -2.27671e-05 -6.69126e-06 -5.81633e-05 -1.97034e-06 0.000298427 0.00069533 -0.000495379 0.00134473 0.00014413 -6.11573e-05 -1.68569e-05 0.000232149 0.00117089 -0.00014136 -5.31023e-05 -0.000603567 -0.000737171 -1.31515e-05 -0.000115264 0.000139913 -0.000794408 -5.23961e-05 9.73655e-06 -2.74689e-05 -0.000431759 0.000108636 -0.000108471 0.000219848 0.00013018 -1.53508e-05 8.26223e-06 4.25268e-05 0.000270185 -3.48871e-05
internal_weight=2412 111 85 55.5 2301 243 222 186 156 42 2058 2016 1725 1677 291 194 97 51 178 1629 1506 502 104 1004 939 123 79 398 140 114 42 389.5 860 93 72 62 69 68 72 48 340 299.5 76 223.5
internal_count=1533 93 79 52 1440 243 222 186 156 42 1197 1155 912 888 243 162 81 48 154 867 789 263 60 526 500 78 44 203 116 114 42 197 456 93 64 40 54 52 72 48 177 147 48 99
is_linear=0
shrinkage=0.08


Tree=192
num_leaves=45
num_cat=0
split_feature=34 37 15 37 37 4 34 14 33 37 37 29 37 33 37 29 32 32 32 15 37 34 27 29 34 37 32 37 22 34 13 14 32 29 29 34 21 33 2 9 37 32 33 2
split_gain=0.0577861 0.441002 0.659154 0.344636 0.0348282 0.10162 0.0455173 0.00368699 0.0077257 0.0042549 0.00416295 0.00737396 0.00347335 0.0142821 0.00356531 0.00333562 0.00300747 0.00534156 0.00587769 0.00119966 0.00111786 0.00194127 0.000575966 0.000561301 0.000980319 0.000716042 0.000495685 0.000471796 0.00169885 0.00131848 0.000478795 0.00115171 0.000769752 0.000226108 0.000292337 0.000214751 0.000224116 0.000186902 0.000181033 0.000130032 0.000289672 0.000820329 0.00080643 0.00061927
threshold=1.0000000180025095e-35 7.9350000000000014 1.7861538866850044 2.9200000381469731 16.425000000000004 16.495000000000001 9.5000000000000053 9.3000000000000025 1.0000000180025095e-35 16.185000000000006 9.9050000000000029 1.3 11.345000000000002 1.0000000180025095e-35 11.868846153846155 11.4 1.5000000000000002 3.9000000000000004 8.9000000000000021 2.6600000000000006 9.7850000000000019 10.300000000000002 8.7000000000000011 2.5000000000000004 10.500000000000005 14.820000000000002 1.0000000000000002 3.0300000000000007 19.300000000000004 1.9000000000000006 8.2800000000000011 8.5500000000000025 1.0000000180025095e-35 5.5000000000000009 12.300000000000002 80.600000000000009 23.100000000000005 8.7000000000000011 16.515000000000004 10.065000000000003 7.0900000000000007 10.500000000000002 5.9000000000000012 15.625000000000002
decision_type=2 2 2 2 2 2 2 2 2 2 2 2 2 2 2 2 2 2 2 2 2 2 2 2 2 2 2 2 2 2 2 2 2 2 2 2 2 2 2 2 2 2 2 2
left_child=1 3 -3 -1 7 -6 -7 9 -9 12 20 -12 22 -14 -15 16 -8 -18 -19 -20 -10 -22 27 24 -16 -26 -25 28 -2 -29 32 -32 -31 -28 -35 36 39 38 -33 40 41 42 -34 -42
right_child=4 2 -4 -5 5 6 15 8 10 -11 11 -13 13 14 23 -17 17 18 19 -21 21 -23 -24 26 25 -27 33 29 -30 30 31 37 35 34 -36 -37 -38 -39 -40 -41 43 -43 -44 -45
leaf_value=-0.0035991027671843766 0.00057753985954655542 0.0022246569554720606 -0.014842369516690573 0.0093608655729170501 0.005619013356389823 0.0034859271068125963 -0.00087144029637177783 -0.0011372949407194499 -0.00013458969642718633 -0.00083289797780000511 -0.0012315714017798504 0.00017070819390937686 0.0020460201979235369 0.00079998542465979151 -0.00020459384693013918 0.00063354261785906812 0.000855711390066779 -0.0011182235304861227 0.00068753211049451721 -0.00011867761866327513 -9.8411284454234002e-05 0.00053411286245001125 -0.00021567489773632935 -0.00041537007109986409 0.00053876637731893704 3.2433331732384183e-05 -0.00021666017205764849 -0.00063515376432665769 -0.00026192867326446705 -0.00032783689899275998 0.00041975684071841993 -0.00015836062375456096 -1.5258415748017381e-05 0.00022139080112207343 -9.6795145682768811e-05 -0.00010988535752723558 -0.00017684892488595765 0.00012969250497580679 3.8159795174444165e-05 -2.2938487459872939e-05 0.00036620386213892037 0.00041421806150012552 -0.00048700849876918815 4.4864232284355897e-05
leaf_weight=24 36 28 30 29 27 27 33 54 75 36 48 48 27 42 36 39 33 36 21 27 55.5 70.5 81 27 39 33 30 21 27 49.5 57 54 124.5 33 42 108 39 54 67.5 286.5 45 22.5 28.5 261
leaf_count=24 36 22 21 26 27 27 33 24 30 36 21 21 27 21 36 39 33 36 21 27 27 33 33 24 30 33 27 21 27 27 24 24 111 27 30 51 30 24 30 126 27 18 24 117
internal_value=-2.02184e-11 -0.00178283 -0.00660312 0.0034922 8.60035e-05 0.000991771 0.000413366 -2.09457e-05 -0.000257084 2.76099e-05 -9.70456e-05 -0.000530432 4.61487e-05 0.000288299 0.000120007 -2.55717e-05 -0.000196941 -6.69823e-06 -0.000345502 0.000234039 0.000109945 0.000255501 -8.78854e-06 1.01047e-06 0.000136267 0.000306697 -0.000109654 4.29327e-06 0.000217768 -6.74851e-06 4.27615e-06 0.000107328 -2.05654e-05 -3.1041e-05 4.32067e-05 -3.94248e-06 1.02357e-05 5.85588e-06 -4.91826e-05 1.97361e-05 4.51282e-05 -3.68063e-05 -0.000103133 9.21201e-05
internal_weight=2412 111 58 53 2301 243 216 2058 351 1707 297 96 1671 309 282 189 150 117 84 48 201 126 1362 240 108 72 132 1281 63 1218 1197 232.5 964.5 105 75 915 807 175.5 121.5 768 481.5 175.5 153 306
internal_count=1533 93 43 50 1440 243 216 1197 156 1041 132 42 1005 255 228 189 150 117 84 48 90 60 750 207 99 63 108 717 63 654 633 102 531 84 57 504 453 78 54 423 297 153 135 144
is_linear=0
shrinkage=0.08


Tree=193
num_leaves=45
num_cat=0
split_feature=37 32 34 37 15 4 33 34 3 33 14 35 30 36 34 34 37 37 33 4 37 36 33 33 34 36 34 37 20 31 34 11 34 0 20 0 0 34 32 30 34 23 33 37
split_gain=0.0556446 1.34198 0.140923 0.579326 0.296927 0.0999047 0.0114964 0.0136999 0.00904051 0.00488687 0.00312066 0.00775299 0.0607073 0.0251927 0.034551 0.0100879 0.00360135 0.0029463 0.0121188 0.00264427 0.00248901 0.00145558 0.0174264 0.011039 0.00219047 0.0214515 0.00177864 0.00144083 0.00193893 0.00161871 0.00167096 0.00138301 0.000767677 0.00124254 0.00103888 0.00092371 0.00171936 0.00072769 0.000692079 0.00168547 0.000593228 0.000590041 0.000573596 0.00101935
threshold=16.425000000000004 0.3000000000000001 1.0000000180025095e-35 7.8750000000000009 1.7861538866850044 16.505000000000006 0.50000000000000011 13.700000000000005 11.984999656677248 2.3000000000000003 9.3000000000000025 1.5000000000000002 2.5000000000000004 2.5000000000000004 11.200000000000005 10.300000000000002 16.185000000000006 11.245000000000003 1.0000000180025095e-35 16.660000000000004 11.868846153846155 1.5000000000000002 1.0000000180025095e-35 1.0000000180025095e-35 10.900000000000004 2.5000000000000004 0.80000000000000016 8.9450000000000021 0.3000000000000001 1.0000000180025095e-35 71.100000000000023 7.4800000000000013 25.100000000000005 14.455000000000002 3.0000000000000004 14.640000000000002 15.280000000000003 86.000000000000014 0.70000000000000007 1.3 32.20000000000001 6.6000000000000005 6.1000000000000005 7.5750000000000002
decision_type=2 2 2 2 2 2 2 2 2 2 2 2 2 2 2 2 2 2 2 2 2 2 2 2 2 2 2 2 2 2 2 2 2 2 2 2 2 2 2 2 2 2 2 2
left_child=2 -2 3 8 -5 -3 -7 -8 -1 -9 16 12 15 14 -13 -12 17 21 -19 -11 -20 22 -4 -23 25 -25 -24 29 -29 -28 38 -30 34 -34 -26 -35 -37 -21 -31 -40 -41 42 -38 -44
right_child=1 5 10 4 -6 6 7 9 -10 19 11 13 -14 -15 -16 -17 -18 18 20 37 -22 23 26 24 32 -27 27 28 31 30 -32 -33 33 35 -36 36 41 -39 39 40 -42 -43 43 -45
leaf_value=-0.0025444456407179433 -0.021001697901170704 0.0049202885354558629 0.0022531864597745564 0.0020466851283396995 0.01324734785340049 0.0017294144683650562 -0.0021681962623482658 0.0011443957748512427 -0.0047402615038057167 -0.00099268594712373761 -0.00046922071274214738 0.00076101114257023884 -0.0030241063438976807 0.0013857265928616891 -0.0018474145020143343 0.0010867691614354651 -0.00076626613535659598 0.0018823385831934433 0.00060206836455984518 8.520500940115502e-05 9.296396177281471e-07 -0.0012752934762418433 0.0023727142065763473 -0.00092003048409389546 -0.00049361650760357191 0.0017165137947643106 0.0007761301663590641 -0.0005310601697228577 -0.00030461445730179548 0.00030043312131652032 0.00047222745898382174 0.00033858063883836508 0.0013898793049156666 -0.00062493618403095755 8.0265832331144455e-05 0.00052794085162329593 -9.016732227719204e-05 -0.00043778555179458295 -0.00067290212390786516 0.00032488529824397782 -8.771047786359628e-05 -0.00024645909989395967 -0.00021212359860299098 0.00015765858315559025
leaf_weight=24 20 30 23 28 33 21 21 21 24 21 48 65 48 65 65 60 36 27 54 90 240 46 1.9999999999999989 39.5 52 39.5 20.5 68.5 40 29 46 46 3.9999999999999991 15.999999999999998 33 36 287 21 29.5 27.5 118 78 62 207
leaf_count=24 20 30 18 22 21 21 21 21 24 21 24 26 24 26 26 30 36 27 27 90 207 36 2 32 32 32 13 32 20 22 22 23 4 16 28 32 132 21 21 17 58 32 26 94
internal_value=8.64126e-12 -0.00114277 0.000129201 0.00293245 0.00810606 0.000622467 -3.87362e-05 -0.000252134 -0.00364235 1.08553e-05 -1.92701e-05 -0.000236517 -0.000656882 9.97744e-05 -0.000543202 0.000395218 2.54011e-05 4.24568e-05 0.000260305 -0.000169481 0.000111343 -9.3427e-06 0.000108135 -6.80816e-05 -3.05615e-06 0.000398242 -7.40626e-06 -1.86068e-05 -0.000213511 9.27157e-05 3.66757e-05 3.94201e-05 -4.39626e-05 -1.6017e-05 -0.000270815 -2.42147e-05 -9.8691e-06 -1.37392e-05 -6.1537e-05 -0.000121521 -9.72846e-06 -4.04072e-05 -1.15006e-05 7.243e-05
internal_weight=2412 245 2167 109 61 225 195 174 48 153 2058 351 156 195 130 108 1707 1671 321 132 294 1350 450 900 854 79 427 425 154.5 270.5 250 86 775 690 85 686 670 111 204 175 145.5 634 556 269
internal_count=1533 245 1288 91 43 225 195 174 48 153 1197 156 78 78 52 54 1041 1005 261 132 234 744 248 496 460 64 230 228 75 153 140 43 396 336 60 332 316 111 118 96 75 284 252 120
is_linear=0
shrinkage=0.08


Tree=194
num_leaves=45
num_cat=0
split_feature=34 2 36 4 37 4 34 0 14 35 36 12 36 34 37 37 36 19 26 34 7 27 30 1 36 0 0 34 36 34 34 36 37 14 10 20 2 30 25 36 26 14 1 37
split_gain=0.0615716 0.455454 1.54313 1.32865 0.034539 0.0687691 0.0567978 0.00365935 0.00264133 0.00656213 0.059744 0.14737 0.0213231 0.0292439 0.00304818 0.00252377 0.00271015 0.00266956 0.00468832 0.00230155 0.00321351 0.00202689 0.00136629 0.00127171 0.00111412 0.0148016 0.010832 0.0101711 0.00816002 0.00465419 0.00218071 0.0165599 0.000961757 0.00156127 0.000974829 0.000927137 0.000922315 0.00128528 0.000912069 0.00071616 0.00140465 0.00062413 0.00078267 0.000796555
threshold=1.0000000180025095e-35 16.415000000000003 1.5000000000000002 11.994999885559084 16.425000000000004 16.485000000000003 9.5000000000000053 16.495000000000001 9.3000000000000025 1.5000000000000002 1.5000000000000002 9.8550000000000022 2.5000000000000004 11.200000000000005 16.185000000000006 11.345000000000002 1.5000000000000002 0.90000000000000013 6.2000000000000011 13.500000000000002 9.9200000000000017 7.5000000000000009 3.5000000000000004 16.165000000000003 1.5000000000000002 14.280000000000003 13.485000000000001 3.5000000000000004 2.5000000000000004 12.500000000000005 12.500000000000005 2.5000000000000004 8.9450000000000021 7.4800000000000013 7.9050000000000011 2.7000000000000006 16.185000000000006 7.5000000000000009 1.1000000000000003 2.5000000000000004 4.4000000000000012 7.3050000000000006 16.440000000000001 8.8800000000000008
decision_type=2 2 2 2 2 2 2 2 2 2 2 2 2 2 2 2 2 2 2 2 2 2 2 2 2 2 2 2 2 2 2 2 2 2 2 2 2 2 2 2 2 2 2 2
left_child=1 2 -1 -4 8 -6 -7 -8 14 10 -10 -12 13 -11 15 24 21 18 22 -9 -21 23 -18 -17 25 26 -2 28 -26 -27 31 -29 33 -31 -35 -19 -34 -38 -22 40 -40 -32 -43 -44
right_child=4 -3 3 -5 5 6 7 19 9 12 11 -13 -14 -15 -16 16 17 35 -20 20 38 -23 -24 -25 27 29 -28 30 -30 32 41 -33 36 34 -36 -37 37 -39 39 -41 -42 42 43 -45
leaf_value=0.015778726137290568 1.0837423615157604e-06 -0.011105903753867517 0.0045472005580862365 -0.020290514680684782 0.005056142782947669 0.0039808533506260979 0.0010587440519815401 0.0007241330047448476 0.0016097317745264333 0.00070013025192579683 0.00066941143379153803 -0.005520601212512701 0.001274868453351351 -0.001699621366408582 -0.00070496484042248788 -9.1818132676139844e-05 0.00079316528182243927 0.00048438356318261606 3.3382688045755712e-05 -0.00091065000696107748 0.00049393197055906061 -0.00081254157982766631 0.0015217955689877272 0.00064039412562851797 -0.00014169040838924219 -0.0010875259440409827 0.0024387368160699095 -0.00074560403265058999 -0.002126997691702168 -0.00010388021319083973 7.2590873057125748e-05 0.0015563861705013551 0.00016263508431041952 0.000583723696321249 0.0001176696802549823 -6.4998978200354475e-05 -0.00051685235428446834 3.7523953554530942e-05 0.00049557249934878205 -0.00039081469060020578 -0.00025117790988205295 -0.00024832920898269447 -0.00013205587251910141 9.5285994816891929e-05
leaf_weight=29.5 20 26 30 25.5 24 27 21 21 52 65 64 40 65 65 36 63 40 28 44 30 21 20 28 20 26.5 26.5 28 40 26.5 109.5 244 40 44 50 67.5 66 60.5 48 28 33 38 135 210 186
leaf_count=27 20 14 30 22 24 27 21 21 26 26 32 20 26 26 36 63 38 28 22 30 21 10 16 12 24 14 28 30 24 67 160 30 22 20 27 66 29 23 28 33 38 60 84 88
internal_value=-1.31748e-11 -0.0018403 0.000993886 -0.00686472 8.87758e-05 0.000990775 0.000545255 6.21243e-05 -1.77285e-05 -0.000217596 -0.000604331 -0.00171136 9.17924e-05 -0.000499746 2.3369e-05 3.90603e-05 0.000245473 0.000413003 0.000676837 -6.02676e-05 -0.000170084 -8.95873e-05 0.00109319 8.46186e-05 -7.76899e-06 9.45559e-05 0.00142305 -5.89315e-05 -0.00113434 -6.25072e-05 7.73155e-06 0.000405391 9.06859e-06 0.000113454 0.000315991 9.86469e-05 -0.000146311 -0.000271598 1.5058e-05 -8.65214e-05 6.56253e-05 -3.33172e-05 -8.1983e-05 -2.52741e-05
internal_weight=2412 111 85 55.5 2301 243 219 192 2058 351 156 104 195 130 1707 1671 309 206 112 171 150 103 68 83 1362 454 48 908 53 406 855 80 379.5 227 117.5 94 152.5 108.5 120 99 66 775 531 396
internal_count=1533 93 79 52 1440 243 219 192 1197 156 78 52 78 52 1041 1005 255 170 76 171 150 85 54 75 750 250 48 500 48 202 452 60 188 114 47 94 74 52 120 99 66 392 232 172
is_linear=0
shrinkage=0.08


Tree=195
num_leaves=45
num_cat=0
split_feature=0 37 4 34 37 32 0 15 13 11 30 13 14 33 30 35 10 37 33 37 33 30 32 17 37 32 31 27 22 30 37 31 37 30 19 22 17 30 0 13 31 18 22 15
split_gain=0.0561649 0.0570071 1.39059 0.250425 0.556824 0.0570834 0.0330493 0.00559933 0.0067374 0.00317243 0.0031288 0.00361234 0.00223562 0.00682777 0.00458249 0.00789707 0.00866648 0.00257998 0.00216489 0.0103137 0.0018057 0.00157995 0.00067594 0.000525656 0.00116785 0.00293057 0.00144708 0.00109343 0.000712933 0.000696152 0.000499311 0.00223374 0.000651515 0.00115392 0.000582576 0.000664136 0.000555076 0.000462163 0.000524102 0.00058746 0.000497858 0.000447879 0.000703973 0.000463197
threshold=11.97499990463257 16.425000000000004 16.455000000000002 1.0000000180025095e-35 7.8750000000000009 0.50000000000000011 16.475000000000005 0.22999999999999957 9.5150000000000023 9.1350000000000016 4.6000000000000005 8.7750000000000004 9.3000000000000025 1.0000000180025095e-35 3.5000000000000004 1.5000000000000002 9.8550000000000022 16.185000000000006 1.0000000180025095e-35 13.835000000000003 2.5000000000000004 13.300000000000002 0.3000000000000001 1.0000000180025095e-35 9.5050000000000008 0.50000000000000011 17.600000000000005 8.7000000000000011 6.1000000000000005 3.5000000000000004 7.9050000000000011 0.3000000000000001 7.5750000000000002 3.5000000000000004 17.200000000000006 57.000000000000007 13.900000000000002 11.4 16.375000000000004 8.2450000000000028 0.3000000000000001 4.7000000000000002 40.500000000000007 2.475000000000001
decision_type=2 2 2 2 2 2 2 2 2 2 2 2 2 2 2 2 2 2 2 2 2 2 2 2 2 2 2 2 2 2 2 2 2 2 2 2 2 2 2 2 2 2 2 2
left_child=-1 3 -3 4 -2 -4 -7 -8 9 10 -9 21 17 -14 15 16 -15 18 19 22 -17 -12 -5 24 27 -26 28 37 29 -27 32 -32 34 -34 35 36 -25 38 40 -40 -20 43 -43 -33
right_child=1 2 5 12 -6 6 7 8 -10 -11 11 -13 13 14 -16 20 -18 -19 23 -21 -22 -23 -24 30 25 26 -28 -29 -30 -31 31 41 33 -35 -36 -37 -38 -39 39 -41 -42 42 -44 -45
leaf_value=-0.0044520448437995385 -0.0034627955346109552 -0.021338096584193406 0.0043618310530049104 -0.00030908873391648136 0.0093350567411292686 0.0032372073882392478 0.0011112655308984575 -0.00097784092753297751 -0.0015137334346460799 0.00084449871188207049 -1.5428564187863635e-05 0.00092183604392976986 -0.0010276676443646904 3.6606505499080279e-05 -0.00071634261696426962 -4.7821493508915105e-05 0.0015066377080178686 -0.00064856763982485679 -6.9819707423448559e-05 0.0018409896238396565 -0.00063662828629215565 -0.00085579319362382421 0.00018157643360504203 -7.7181685626906251e-06 0.0010288410121574998 -0.00025879805510316695 0.00051048753133121265 -0.00040234045353200703 0.00029567901227696268 6.5636858506518052e-05 -0.00064169636838847693 -0.00021529618332990342 0.00049555911934779338 2.2319260645996441e-06 -0.00034556380077970753 0.00022134781659891207 -0.00036015665073963729 0.00023631145219717709 -0.00032197135137574241 -1.1203475199484577e-06 0.0003757878805956115 0.00038773920399964683 -1.5616588372116288e-05 5.6308719539436311e-06
leaf_weight=18 36 20 24 37.5 55 21 21 27 24 21 45 21 54 66 54 75 42 36 30 24 60 21 34.5 214.5 24 63 48 45 51 129 42 112.5 48 82.5 33 72 33 52.5 52.5 120 34.5 36 120 132
leaf_count=18 36 20 24 30 37 21 21 27 24 21 45 21 24 33 24 30 21 36 30 24 24 21 27 138 18 33 24 18 30 63 30 69 21 33 33 54 24 21 21 48 21 27 90 78
internal_value=8.69758e-12 3.3474e-05 -0.00112271 0.000165287 0.00427217 0.000674212 0.000233899 -0.000116487 -0.000278643 -5.90712e-05 -0.000225518 7.96109e-06 -1.63102e-05 -0.000200188 -4.97374e-05 9.83971e-05 0.000608285 2.14995e-05 3.59354e-05 0.000404764 -0.000309513 -0.000282817 -7.39783e-05 1.34545e-05 6.8624e-05 0.000179169 0.000109092 -3.54763e-05 2.98046e-05 -4.08183e-05 -2.52625e-05 -8.66535e-05 3.09807e-05 0.000183686 -2.55526e-05 7.50024e-06 -5.471e-05 2.15492e-05 -2.60247e-05 -9.87707e-05 0.000168529 -2.84468e-05 7.74655e-05 -9.60227e-05
internal_weight=2412 2394 245 2149 91 225 201 180 159 135 114 87 2058 351 297 243 108 1707 1671 96 135 66 72 1575 649.5 315 291 334.5 243 192 925.5 442.5 483 130.5 352.5 319.5 247.5 289.5 237 172.5 64.5 400.5 156 244.5
internal_count=1533 1515 245 1270 73 225 201 180 159 135 114 87 1197 156 132 108 54 1041 1005 81 54 66 57 924 327 168 150 159 126 96 597 294 303 54 249 216 162 141 120 69 51 264 117 147
is_linear=0
shrinkage=0.08


Tree=196
num_leaves=45
num_cat=0
split_feature=34 37 3 4 37 4 32 11 32 34 0 12 37 10 16 32 37 37 21 26 34 35 27 29 32 18 37 25 22 32 34 34 35 37 32 32 37 29 37 16 19 34 34 20
split_gain=0.0645822 0.460922 0.581786 0.344916 0.0341648 0.0990572 0.0533624 0.0046576 0.0176373 0.00741633 0.00454318 0.00186048 0.0301025 0.0381465 0.00260089 0.0031884 0.00217557 0.0023603 0.00335455 0.00576711 0.00202364 0.00066888 0.000560112 0.00050237 0.000754212 0.000874914 0.000455289 0.000396104 0.000684362 0.000374406 0.000358716 0.00180536 0.00158237 0.00085455 0.000837977 0.000462005 0.00285239 0.00041068 0.00027434 0.000641419 0.000608551 0.000628297 0.000460919 0.000335953
threshold=1.0000000180025095e-35 7.9350000000000014 16.415000000000003 11.994999885559084 16.425000000000004 16.485000000000003 0.50000000000000011 9.8550000000000022 1.7000000000000004 33.300000000000004 16.545000000000005 9.3250000000000011 9.9650000000000016 9.9450000000000021 7.1000000000000005 2.1000000000000005 16.185000000000006 11.345000000000002 1.0000000180025095e-35 6.2000000000000011 10.700000000000005 1.5000000000000002 8.7000000000000011 0.3000000000000001 3.7000000000000006 3.3000000000000003 14.695000000000002 7.5000000000000009 9.5000000000000018 1.7000000000000004 7.5000000000000027 10.900000000000004 1.5000000000000002 4.580000000000001 1.0000000180025095e-35 0.70000000000000007 7.9050000000000011 0.50000000000000011 7.5750000000000002 6.955000000000001 15.500000000000002 60.100000000000009 31.700000000000006 2.3000000000000003
decision_type=2 2 2 2 2 2 2 2 2 2 2 2 2 2 2 2 2 2 2 2 2 2 2 2 2 2 2 2 2 2 2 2 2 2 2 2 2 2 2 2 2 2 2 2
left_child=1 3 -3 -1 11 -6 -7 8 -8 -10 -11 16 13 14 15 -13 17 22 19 20 -19 -16 30 -20 25 -25 -26 28 -12 -27 33 32 -32 37 -35 36 -33 -2 40 -40 41 42 -37 -44
right_child=4 2 -4 -5 5 6 7 -9 9 10 27 12 -14 -15 21 -17 -18 18 23 -21 -22 -23 -24 24 26 29 -28 -29 -30 -31 31 35 -34 34 -36 38 -38 -39 39 -41 -42 -43 43 -45
leaf_value=-0.0021427310357491174 -7.8604174467424552e-05 -0.014034896160010248 0.0020761506374065691 0.010878741625372484 0.0058671931142453108 0.004012884597371643 0.0023331067551459585 -0.0010284149745712057 -0.0013429403667234714 0.0011927827540785074 -0.00045175192578527561 -0.00096251567934748836 -0.0017873031003930704 0.0022196935947674016 0.00024577141011832281 -0.00013544859815850971 -0.00059668224849802865 0.00073529622862460436 0.00030784037994277297 5.3309943216542401e-05 0.0017449067595104377 -0.00015489194425754248 -0.00025373004146047635 -0.0006570967314404525 0.00032936218275072182 0.00013779828833260883 -6.5168382748702751e-05 0.0001010026316343544 8.1055407170896177e-05 -0.000302630728554158 0.00089590861910471211 0.00026758893482844558 5.1721313405626763e-05 -0.00065166155954724859 -7.6168595751126606e-05 -0.00011497475774515243 -0.00049346805959675749 0.00038266720460905209 1.3735041166433977e-05 0.0003077000046751517 -0.00037323766118050488 -0.00018097409154839254 1.0239724870971454e-05 0.00029373090477689866
leaf_weight=30 30 32 26 23 24 24 21 24 27 21 36 55.5 61.5 48 48 64.5 36 27 33 60 24 60 58.5 21 39 30 36 39 27 21 27 57 30 28.5 37.5 52.5 70.5 21 693 51 34.5 93 46.5 63
leaf_count=30 30 29 14 20 24 24 21 24 27 21 36 24 30 21 24 27 36 27 33 30 18 24 24 21 30 30 36 39 27 21 21 39 21 21 30 39 33 21 312 27 30 48 24 45
internal_value=8.70952e-12 -0.00188475 -0.0068127 0.0035081 9.09203e-05 0.000988019 0.000453315 1.52147e-05 0.000161689 -0.000142309 0.000121244 -1.50054e-05 -0.000186745 0.000169901 -0.000261634 -0.000517967 1.86837e-05 3.18349e-05 0.000239061 0.000584949 0.00121041 2.31807e-05 -1.14395e-05 2.57637e-05 -3.75596e-05 -0.000222505 0.000139988 -9.93674e-05 -0.000223406 -4.35548e-05 -8.22273e-07 1.20304e-05 0.0004516 -0.000134622 -0.000324677 -9.55049e-06 -0.000153231 0.000111331 8.17495e-06 3.38859e-05 -5.79008e-05 -1.52375e-05 7.99075e-05 0.000173344
internal_weight=2412 111 58 53 2301 243 219 195 171 150 123 2058 337.5 276 228 120 1720.5 1684.5 291 111 51 108 1393.5 180 147 72 75 102 63 51 1335 1218 57 117 66 1161 127.5 51 1033.5 744 289.5 255 162 109.5
internal_count=1533 93 43 50 1440 243 219 195 171 150 123 1197 150 120 99 51 1047 1011 246 75 45 48 765 171 138 72 66 102 63 51 741 639 42 102 51 597 72 51 525 339 186 156 108 69
is_linear=0
shrinkage=0.08


Tree=197
num_leaves=45
num_cat=0
split_feature=34 2 36 4 37 4 32 33 33 0 33 11 10 36 37 32 33 13 15 16 31 33 16 36 18 10 18 33 36 31 32 20 33 37 17 23 27 33 32 21 36 29 37 37
split_gain=0.0546624 0.424618 1.29851 1.23047 0.0289171 0.083842 0.0455511 0.00653971 0.00189661 0.00449363 0.00243139 0.00181868 0.0030288 0.00360653 0.0171876 0.0240885 0.0135995 0.0108825 0.012592 0.0078349 0.018186 0.0165209 0.00622456 0.00474405 0.00336683 0.00151454 0.000834001 0.000753816 0.0010047 0.000706209 0.000530187 0.000482714 0.000710505 0.000470855 0.000796739 0.000548704 0.00052345 0.000389918 0.000339473 0.000322308 0.000817353 0.000284596 0.000267137 0.000864437
threshold=1.0000000180025095e-35 16.415000000000003 1.5000000000000002 11.994999885559084 16.425000000000004 16.485000000000003 0.70000000000000007 0.70000000000000007 8.9000000000000021 16.545000000000005 12.100000000000001 9.9550000000000018 9.9200000000000017 2.5000000000000004 5.3900000000000015 1.0000000180025095e-35 0.3000000000000001 9.5600000000000005 0.29999999999999899 8.9650000000000016 1.0000000180025095e-35 1.0000000180025095e-35 6.0550000000000024 1.5000000000000002 3.0000000000000004 9.7700000000000014 11.800000000000002 0.50000000000000011 1.5000000000000002 6.3000000000000016 0.50000000000000011 7.6000000000000005 0.50000000000000011 5.1300000000000017 17.200000000000006 10.400000000000002 6.6000000000000005 4.2000000000000011 23.900000000000002 2.1000000000000005 1.5000000000000002 22.000000000000004 7.3250000000000011 7.4800000000000013
decision_type=2 2 2 2 2 2 2 2 2 2 2 2 2 2 2 2 2 2 2 2 2 2 2 2 2 2 2 2 2 2 2 2 2 2 2 2 2 2 2 2 2 2 2 2
left_child=1 2 -1 -4 11 -6 -7 -8 9 -9 -10 12 13 17 16 -16 -15 19 -19 20 -2 23 -17 -21 -18 29 30 28 -22 -11 -24 32 -32 -29 35 36 38 39 41 -23 -41 -35 -34 -44
right_child=4 -3 3 -5 5 6 7 8 10 25 -12 -13 -14 14 15 22 24 18 -20 21 27 37 26 -25 -26 -27 -28 33 -30 -31 31 -33 42 34 -36 -37 -38 -39 -40 40 -42 -43 43 -45
leaf_value=0.014565047548483994 -0.0014278391703978302 -0.010680414529947134 0.0047758815089861554 -0.019126492785472494 0.0053978175747518746 0.0030183580067629618 -0.0014229682305206856 0.0013302923042681956 -0.00097340496101727084 -0.00046204019989818339 9.429994107892689e-05 -0.00047194360168995687 0.00068334093041442058 -0.0025041654082731558 0.0020143715969901136 0.00078452739247660734 0.00050683632577684797 -0.00013139323462613874 -0.0018835509104473103 0.0027161186880299022 -0.00044673452942158308 -0.00013828215313454469 -0.00031554877128399595 0.0010156443404654662 -0.00092732779344078154 0.00060180243725577989 0.0003582754397265068 0.00035886918582643068 2.8255959286501535e-05 8.6882206068063776e-05 0.0003485563361501119 -0.00025548422033898533 0.0002860130406425972 4.769058856063757e-05 -0.00035367074291197922 0.00021407761470196242 -0.00022580623279310882 -0.00030132309801653417 -0.00018524260129779577 0.00052610526453160367 -0.00013413838586226725 -0.00014778703366083882 -0.00053092014975845818 1.4585157303813364e-05
leaf_weight=29.5 62 26 30 25.5 24 36 21 21 21 30 39 54 40.5 26 47 78.5 22 63 45 21 57 30 35.5 21 20 21 41 24 57 30 41.5 40 19 572 39 81 63 24 50 24 24 52 20 264
leaf_count=27 32 14 30 22 24 36 21 21 21 30 39 24 18 26 27 36 22 28 20 21 36 30 22 21 20 21 30 24 36 30 23 28 10 294 34 36 28 24 28 24 24 30 8 133
internal_value=1.54753e-11 -0.00173397 0.00100259 -0.00620629 8.36467e-05 0.000908978 0.00041705 -9.46825e-05 7.75027e-05 0.000287444 -0.000279397 -1.3805e-05 -1.4599e-06 -1.55849e-05 0.000137748 0.000277341 -0.00106624 -9.22511e-05 -0.000861459 -2.30801e-05 -9.84987e-05 0.000530514 0.000126014 0.00186588 -0.000176099 1.70754e-05 1.38815e-05 -1.56654e-05 -0.000209239 -0.000187579 -1.97379e-05 7.57359e-06 3.81173e-05 9.3827e-06 -4.04555e-07 1.64382e-05 -5.28335e-06 -1.93433e-05 1.53293e-05 6.74197e-05 0.000195983 3.14008e-05 -4.40156e-06 -2.38307e-05
internal_weight=2412 111 85 55.5 2301 243 219 183 162 102 60 2058 2004 1963.5 654.5 586.5 68 1309 108 1201 1057 144 539.5 42 42 81 461 995 114 60 420 384.5 344.5 881 857 818 737 102 674 78 48 624 303 284
internal_count=1533 93 79 52 1440 243 219 183 162 102 60 1197 1173 1155 385 317 68 770 48 722 578 144 290 42 42 81 254 546 72 60 224 202 174 474 450 416 380 102 352 78 48 324 151 141
is_linear=0
shrinkage=0.08


Tree=198
num_leaves=45
num_cat=0
split_feature=0 0 36 33 35 0 33 3 36 31 31 27 10 12 3 4 35 31 32 14 16 16 32 16 12 35 14 4 32 32 32 35 2 0 16 30 18 26 16 35 21 30 30 30
split_gain=0.0511937 0.0420624 0.109219 0.690636 3.81447 1.32031 0.655591 3.25704 0.0825922 0.587528 0.433757 0.0478349 0.0434365 0.0377841 0.025681 0.017141 0.010673 0.11898 0.0747289 0.0169592 0.0135666 0.0226036 0.0112099 0.0120298 0.00811022 0.00334023 0.00692096 0.0177508 0.003227 0.00215445 0.0017368 0.00145659 0.00309308 0.0125073 0.00111554 0.00150688 0.0010883 0.00107333 0.00114104 0.000862992 0.00076204 0.000741909 0.000821482 0.000828612
threshold=11.97499990463257 12.329999885559085 1.5000000000000002 1.0000000180025095e-35 1.0000000180025095e-35 16.425000000000004 1.0000000180025095e-35 16.415000000000003 2.5000000000000004 1.0000000180025095e-35 1.0000000180025095e-35 13.000000000000002 9.9200000000000017 9.8950000000000014 17.910000000000004 11.994999885559084 1.5000000000000002 1.0000000180025095e-35 1.0000000180025095e-35 9.7450000000000028 6.0226923076923082 6.0311538461538472 0.50000000000000011 6.0273076923076916 9.6700000000000017 1.0000000180025095e-35 7.4800000000000013 16.505000000000006 1.0000000180025095e-35 13.300000000000002 7.5000000000000009 1.0000000180025095e-35 16.805000000000003 16.425000000000004 6.955000000000001 1.3 5.9000000000000012 1.1000000000000003 7.6750000000000016 1.0000000180025095e-35 0.90000000000000013 7.1000000000000005 5.5000000000000009 1.3
decision_type=2 2 2 2 2 2 2 2 2 2 2 2 2 2 2 2 2 2 2 2 2 2 2 2 2 2 2 2 2 2 2 2 2 2 2 2 2 2 2 2 2 2 2 2
left_child=-1 15 6 4 -4 -6 7 -3 9 -5 -10 16 24 14 28 -2 18 -18 -8 20 -20 -22 -19 -24 25 26 36 -28 -11 30 34 32 33 -30 35 -23 -12 38 40 -37 -25 42 43 -33
right_child=1 2 3 8 5 -7 11 -9 10 13 12 -13 -14 -15 -16 -17 17 22 19 -21 21 29 23 37 -26 -27 27 -29 31 -31 -32 41 -34 -35 -36 39 -38 -39 -40 -41 -42 -43 -44 -45
leaf_value=-0.0042504534001151723 0.00081406490808283839 -0.0078759167069459672 -0.031543955874854118 0.0085688014954627897 -0.0071144146295707856 0.011559878111506501 0.0038977656135102735 0.029152339534326034 -0.0075137446838364546 -0.00088541079105602374 -0.00035641371702345518 0.0028187037820552852 -0.002567333020753675 -0.0022299076730533589 0.0020590822943697936 0.0036646997376724526 -0.0058418501898025478 0.001553079663135577 0.0019962437285686889 -0.0019581780880689619 -0.0049676064145751297 0.00056802596699333555 -0.0020169283859431744 0.00018214200418442488 0.0013261704829025578 2.9453810693961374e-05 0.0029859309616897789 0.00011366777095827275 7.0847272557222239e-06 -0.00051227313491677788 0.000463045379502099 0.00023215989145857399 -0.00029506392078474167 0.0022420837603170764 -0.0003093032626849082 -0.00039023467967512482 0.00034728452351621606 0.00031298013523221017 -0.00057461869120597835 0.00011081639557343089 -0.00020689130340397887 -0.00010070883238058485 0.00038759357714598334 -9.5189249645075431e-05
leaf_weight=18 27 34 29 56 52.5 45 32 27.5 52.5 22.5 39 38.5 38.5 44 44 27 24 28 21 30 5.9999999999999991 33 20 75 38.5 463.5 21 40 59 46 59 83.5 34 22 63 33 22 62.5 25 66 56.5 177.5 54.5 121.5
leaf_count=18 27 28 29 36 39 20 24 15 34 15 39 21 21 24 24 27 12 16 14 20 4 22 8 30 21 244 21 40 59 32 42 50 34 22 58 33 22 25 22 33 28 88 26 66
internal_value=4.52726e-12 3.19583e-05 -1.89823e-05 -0.000405452 -0.00607183 0.00150449 0.000753958 0.00868143 9.45806e-05 0.00070034 -0.000514144 7.54058e-05 4.05411e-05 3.52325e-05 0.000196374 0.00223938 -7.99133e-05 -0.000446356 0.000194212 -0.000137759 2.92522e-05 -0.000105737 3.8632e-05 -0.000138793 0.000201444 0.000127486 0.000499929 0.00110248 5.37125e-05 -8.49999e-06 8.27345e-05 9.1992e-05 0.000345319 0.000614122 -3.23339e-05 9.9856e-05 -0.000102621 3.27264e-05 -7.9196e-05 -5.62006e-05 1.49908e-05 2.5327e-05 0.000111536 3.81456e-05
internal_weight=2412 2394 2340 1560 126.5 97.5 780 61.5 1433.5 718.5 715 718.5 662.5 662.5 618.5 54 680 291 389 357 327 306 267 239 624 585.5 122 61 574.5 300 254 552 115 81 195 132 61 219 156.5 99 131.5 437 259.5 205
internal_count=1533 1515 1461 974 88 59 487 43 886 444 442 444 408 408 384 54 423 141 282 258 238 224 129 113 387 366 122 61 360 220 188 345 115 81 146 88 61 105 80 66 58 230 142 116
is_linear=0
shrinkage=0.08


Tree=199
num_leaves=45
num_cat=0
split_feature=34 1 36 36 37 4 32 15 33 33 35 37 15 32 36 33 31 10 37 33 33 35 30 34 30 11 11 36 34 31 10 30 3 35 19 4 13 27 34 23 9 37 32 37
split_gain=0.0541586 0.369852 1.99534 0.890247 0.025469 0.0659846 0.0448689 0.00904787 0.0338823 0.0233165 0.0237354 0.00637819 0.050162 0.0679512 0.0460353 0.139408 0.131594 0.0281641 0.0155573 0.0125304 0.00418933 0.00404426 0.00314072 0.00311305 0.00214582 0.00208942 0.00520693 0.00184486 0.0190728 0.00644943 0.00109515 0.000918816 0.000762757 0.000609377 0.000577973 0.000471781 0.000382859 0.000724512 0.000363377 0.000299117 0.00029817 0.000545884 0.000488692 0.00037613
threshold=1.0000000180025095e-35 16.415000000000003 1.5000000000000002 2.5000000000000004 16.425000000000004 16.485000000000003 0.70000000000000007 0.84499999999999897 1.0000000180025095e-35 1.0000000180025095e-35 1.0000000180025095e-35 11.703076923076924 1.781153891453376 0.70000000000000007 1.5000000000000002 12.800000000000002 0.70000000000000007 9.8550000000000022 11.984999656677248 3.1000000000000005 0.70000000000000007 1.5000000000000002 1.7000000000000004 10.300000000000002 0.70000000000000007 8.490000000000002 8.7750000000000004 2.5000000000000004 10.900000000000004 1.0000000180025095e-35 8.2450000000000028 12.800000000000002 16.195000000000004 1.5000000000000002 5.9000000000000012 17.365000000000006 9.0900000000000016 8.7000000000000011 13.700000000000005 8.7000000000000011 9.9050000000000029 8.5250000000000004 3.9000000000000004 7.8750000000000009
decision_type=2 2 2 2 2 2 2 2 2 2 2 2 2 2 2 2 2 2 2 2 2 2 2 2 2 2 2 2 2 2 2 2 2 2 2 2 2 2 2 2 2 2 2 2
left_child=1 2 -1 -4 7 -6 -7 8 -2 10 -9 17 13 -13 15 19 -16 27 -18 -14 -8 23 -22 -10 -23 30 -27 29 -29 -11 -24 32 34 -12 -20 38 37 39 -30 -31 41 42 -40 -42
right_child=4 -3 3 -5 5 6 20 9 21 11 33 12 14 -15 16 -17 18 -19 31 -21 22 24 25 -25 -26 26 -28 28 35 36 -32 -33 -34 -35 -36 -37 -38 -39 40 -41 43 -43 -44 -45
leaf_value=-0.015984164499125236 -0.0022322149988677768 -0.010075558882493238 0.019276296770421125 -0.0010282840207219124 0.0048400380555540324 0.0030031704553726336 -0.0011495958889524143 0.0032807462469295217 -6.0306219869138048e-05 -0.00085817140538997378 0.00023462486481576255 -0.00572770559306567 -0.0012500777372086746 0.00029231319320388138 -0.0051320760671104138 0.0074566753363469618 0.0020894318034074136 0.0022251838564872743 -0.00023137302021495999 0.00089411056867951672 0.00079022263952841355 -3.0385609026308416e-06 -2.6240854355159636e-05 0.00085081779388322806 -0.00068497834602991733 -0.0014808596271489347 8.1620698601443263e-05 0.0018133296077788065 -0.00041930060461163523 -1.4416623905460899e-05 0.00066019108197430069 -0.00044991836417466406 0.00047321836535747238 0.00071056183686272968 0.000242529678091939 -0.0002569287230657174 0.00025701292187852018 -0.0003784363175851896 0.00040462459017942239 0.0001861542704350808 -0.00022084385560204586 -6.0345144030959928e-05 5.9393048999951251e-05 4.1411793125527243e-05
leaf_weight=29.5 54 26 29.5 26 24 36 21 27 48 61 33 24 33 24 34 20 28 37.5 40 37 30 67.5 51 48 52.5 21 39 39.5 12.499999999999998 711 21 24 26 36 28 50.5 34 34 45.5 51 60 91.5 62 84
leaf_count=27 24 14 27 25 24 36 21 27 24 36 27 21 30 24 30 13 14 15 40 30 30 27 51 24 21 21 39 32 10 392 21 18 16 27 28 21 14 14 30 22 24 44 38 40
internal_value=-2.21945e-11 -0.00172596 0.00082803 0.00976424 8.32603e-05 0.000857823 0.000421416 -8.19686e-06 -0.000439857 5.69868e-05 0.00126982 -1.18266e-05 -0.00033469 -0.0027177 8.89559e-05 0.00156626 -0.000649694 6.28972e-05 0.000394148 -0.000116721 -8.64697e-05 8.2319e-06 5.1343e-05 0.000395256 -0.000301387 -0.000116584 -0.000465247 2.22695e-06 0.00013515 -6.42348e-05 0.000173968 -8.12248e-06 0.000104676 0.00048294 -3.62366e-05 -2.81207e-05 -5.88524e-06 -1.71146e-05 4.3823e-06 -9.92588e-07 1.98226e-05 8.32724e-05 0.000205514 -6.78614e-05
internal_weight=2412 111 85 55.5 2301 243 219 2058 270 1788 96 1692 318 48 270 90 180 1374 146 70 183 216 162 96 120 132 60 1336.5 445.5 891 72 118 94 69 68 406 830 796 355.5 762 343 199 107.5 144
internal_count=1533 93 79 52 1440 243 219 1197 120 1077 81 996 264 45 219 73 146 732 116 60 183 96 162 48 48 132 60 717 239 478 72 102 84 54 68 207 442 428 186 414 176 112 68 64
is_linear=0
shrinkage=0.08


end of trees

feature_importances:
current_level=1372
horizon=668
rain_SLA003_roll6h=604
water_level_X.173A_current=566
water_diff_173_90=469
rain_SLA003_lag3h=462
rain_SLA003_lag6h=392
water_diff_90_44=375
rain_SLA003_lag1h=319
station_id=314
rain_SLA003_lag2h=293
water_level_X.173A_lag6h=268
water_level_X.44_current=229
rain_SLA003_current=228
water_level_X.44_lag6h=201
rain_SLA001_roll6h=195
water_level_X.173A_lag1h=192
water_level_X.44_lag1h=150
water_level_X.173A_lag3h=133
rain_SLA001_lag6h=130
rain_SLA001_current=128
water_level_X.173A_lag2h=126
rain_SLA001_lag1h=118
rain_SLA001_lag2h=107
water_level_X.44_lag3h=98
rain_SLA001_lag3h=86
water_level_X.90_current=84
water_level_X.44_lag2h=67
rain_SLA002_lag6h=66
water_level_X.90_lag6h=61
rain_SLA002_lag3h=50
water_level_X.90_lag2h=48
rain_SLA002_current=48
water_level_X.90_lag1h=44
rain_SLA002_lag2h=43
rain_SLA002_roll6h=27
rain_SLA002_lag1h=20
water_level_X.90_lag3h=19

parameters:
[boosting: gbdt]
[objective: regression]
[metric: l2]
[tree_learner: serial]
[device_type: cpu]
[data_sample_strategy: bagging]
[data: ]
[valid: ]
[num_iterations: 200]
[learning_rate: 0.08]
[num_leaves: 45]
[num_threads: 12]
[seed: 42]
[deterministic: 0]
[force_col_wise: 0]
[force_row_wise: 0]
[histogram_pool_size: -1]
[max_depth: -1]
[min_data_in_leaf: 20]
[min_sum_hessian_in_leaf: 0.001]
[bagging_fraction: 0.8]
[pos_bagging_fraction: 1]
[neg_bagging_fraction: 1]
[bagging_freq: 0]
[bagging_seed: 400]
[bagging_by_query: 0]
[feature_fraction: 0.8]
[feature_fraction_bynode: 1]
[feature_fraction_seed: 30056]
[extra_trees: 0]
[extra_seed: 12879]
[early_stopping_round: 0]
[early_stopping_min_delta: 0]
[first_metric_only: 0]
[max_delta_step: 0]
[lambda_l1: 0]
[lambda_l2: 0]
[linear_lambda: 0]
[min_gain_to_split: 0]
[drop_rate: 0.1]
[max_drop: 50]
[skip_drop: 0.5]
[xgboost_dart_mode: 0]
[uniform_drop: 0]
[drop_seed: 17869]
[top_rate: 0.2]
[other_rate: 0.1]
[min_data_per_group: 100]
[max_cat_threshold: 32]
[cat_l2: 10]
[cat_smooth: 10]
[max_cat_to_onehot: 4]
[top_k: 20]
[monotone_constraints: ]
[monotone_constraints_method: basic]
[monotone_penalty: 0]
[feature_contri: ]
[forcedsplits_filename: ]
[refit_decay_rate: 0.9]
[cegb_tradeoff: 1]
[cegb_penalty_split: 0]
[cegb_penalty_feature_lazy: ]
[cegb_penalty_feature_coupled: ]
[path_smooth: 0]
[interaction_constraints: ]
[verbosity: -1]
[saved_feature_importance_type: 0]
[use_quantized_grad: 0]
[num_grad_quant_bins: 4]
[quant_train_renew_leaf: 0]
[stochastic_rounding: 1]
[linear_tree: 0]
[max_bin: 255]
[max_bin_by_feature: ]
[min_data_in_bin: 3]
[bin_construct_sample_cnt: 200000]
[data_random_seed: 175]
[is_enable_sparse: 1]
[enable_bundle: 1]
[use_missing: 1]
[zero_as_missing: 0]
[feature_pre_filter: 1]
[pre_partition: 0]
[two_round: 0]
[header: 0]
[label_column: ]
[weight_column: ]
[group_column: ]
[ignore_column: ]
[categorical_feature: ]
[forcedbins_filename: ]
[precise_float_parser: 0]
[parser_config_file: ]
[objective_seed: 16083]
[num_class: 1]
[is_unbalance: 0]
[scale_pos_weight: 1]
[sigmoid: 1]
[boost_from_average: 1]
[reg_sqrt: 0]
[alpha: 0.9]
[fair_c: 1]
[poisson_max_delta_step: 0.7]
[tweedie_variance_power: 1.5]
[lambdarank_truncation_level: 30]
[lambdarank_norm: 1]
[label_gain: ]
[lambdarank_position_bias_regularization: 0]
[eval_at: ]
[multi_error_top_k: 1]
[auc_mu_weights: ]
[num_machines: 1]
[local_listen_port: 12400]
[time_out: 120]
[machine_list_filename: ]
[machines: ]
[gpu_platform_id: -1]
[gpu_device_id: -1]
[gpu_device_id_list: ]
[gpu_use_dp: 0]
[num_gpu: 1]

end of parameters

pandas_categorical:[]
