tree
version=v4
num_class=1
num_tree_per_iteration=1
label_index=0
max_feature_idx=37
objective=regression
feature_names=water_level_X.173A_current water_level_X.173A_lag1h water_level_X.173A_lag2h water_level_X.173A_lag3h water_level_X.173A_lag6h water_level_X.90_current water_level_X.90_lag1h water_level_X.90_lag2h water_level_X.90_lag3h water_level_X.90_lag6h water_level_X.44_current water_level_X.44_lag1h water_level_X.44_lag2h water_level_X.44_lag3h water_level_X.44_lag6h water_diff_90_44 water_diff_173_90 rain_SLA001_current rain_SLA001_lag1h rain_SLA001_lag2h rain_SLA001_lag3h rain_SLA001_lag6h rain_SLA001_roll6h rain_SLA002_current rain_SLA002_lag1h rain_SLA002_lag2h rain_SLA002_lag3h rain_SLA002_lag6h rain_SLA002_roll6h rain_SLA003_current rain_SLA003_lag1h rain_SLA003_lag2h rain_SLA003_lag3h rain_SLA003_lag6h rain_SLA003_roll6h station_id horizon current_level
feature_infos=[6.4640000000000004:18] [6.4640000000000004:18] [6.4640000000000004:18] [6.4640000000000004:18] [11.890000000000001:18] [2.75:12.140000000000001] [2.75:12.140000000000001] [2.75:12.140000000000001] [2.75:12.140000000000001] [2.79:12.140000000000001] [0.59999999999999998:9.9700000000000006] [0.59999999999999998:9.9700000000000006] [0.59999999999999998:9.9700000000000006] [0.59999999999999998:9.9700000000000006] [1.1399999856948853:9.9700000000000006] [-1.0019999999999998:3.3500000000000005] [0:9.3000000000000007] [0:28.399999999999999] [0:28.399999999999999] [0:28.399999999999999] [0:28.399999999999999] [0:28.399999999999999] [0:115.59999999999999] [0:26.800000000000001] [0:26.800000000000001] [0:26.800000000000001] [0:26.800000000000001] [0:26.800000000000001] [0:81.199999999999989] [0:43.600000000000001] [0:43.600000000000001] [0:43.600000000000001] [0:43.600000000000001] [0:43.600000000000001] [0:138.19999999999999] [0:2] [1:3] [0.59999999999999998:18]
tree_sizes=4039 4037 4048 4058 4050 4060 4056 4092 4101 4097 4060 4114 4087 4070 4071 4093 4091 4101 4102 4107 4083 4183 4124 4181 4116 4109 4139 4131 4128 4139 4124 4176 4169 4162 4158 4148 4158 4149 4201 4179 4190 4174 4205 4201 4258 4200 4206 4185 4174 4167 4183 4187 4171 4169 4208 4193 4211 4164 4187 4194 4186 4215 4318 4181 4190 4135 4144 4201 4215 4235 4233 4246 4230 4156 4176 4202 4252 4214 4171 4223 4209 4221 4228 4198 4252 4239 4246 4222 4229 4216 4265 4204 4234 4208 4178 4179 4256 4193 4219 4194 4284 4269 4174 4262 4281 4255 4258 4191 4209 4245 4316 4212 4227 4258 4247 4252 4176 4240 4306 4224 4210 4186 4315 4162 4221 4266 4283 4219 4250 4245 4261 4209 4218 4202 4208 4210 4237 4263 4162 4211 4209 4180 4201 4274 4262 4263 4199 4219 4218 4218 4208 4229 4269 4273 4211 4230 4244 4168 4222 4243 4209 4214 4259 4229 4169 4323 4249 4201 4247 4193 4204 4199 4204 4237 4243 4227 4157 4210 4249 4230 4268 4185 4207 4252 4240 4203 4157 4295 4223 4225 4180 4212 4256 4271 4292 4240 4284 4254 4255 4203

Tree=0
num_leaves=45
num_cat=0
split_feature=34 0 37 6 7 14 15 27 36 0 0 37 37 37 12 37 36 0 36 15 37 37 36 0 34 37 31 37 0 36 37 15 37 36 37 37 2 36 36 31 15 37 2 37
split_gain=207.161 743.4 70.3979 91.6199 63.5103 18.0458 6.86893 5.97122 2.80705 2.39255 1.93157 2.52416 1.13233 1.03444 0.744936 0.992158 0.717345 0.562281 0.59445 0.488554 0.493557 0.418365 0.389092 0.364504 0.323166 0.275103 0.243479 0.214273 0.206322 0.189552 0.182589 0.172902 0.178216 0.170395 0.165684 0.190202 0.162752 0.127302 0.12648 0.115261 0.0881325 0.0878597 0.0840068 0.0755745
threshold=1.0000000180025095e-35 14.675500000000001 7.463000000000001 2.9250000715255742 2.9250000715255742 7.6650000000000009 2.3826923076923081 11.900000000000002 1.5000000000000002 16.085000000000004 14.390000000000002 8.8800000000000008 11.992692307692311 9.6700000000000017 9.8250000000000011 11.72423076923077 2.5000000000000004 17.590000000000003 1.5000000000000002 2.305000000000001 7.4400000000000004 10.875000000000002 2.5000000000000004 17.890000000000004 3.5000000000000004 16.660000000000004 4.2000000000000011 9.6200000000000028 16.115000000000006 2.5000000000000004 17.280000000000005 2.5050000000000003 9.0050000000000008 2.5000000000000004 3.0500000000000003 13.265000000000002 16.455000000000002 2.5000000000000004 1.5000000000000002 4.2000000000000011 2.2746153846153851 3.0500000000000003 16.455000000000002 9.9800000000000022
decision_type=2 2 2 2 2 2 2 2 2 2 2 2 2 2 2 2 2 2 2 2 2 2 2 2 2 2 2 2 2 2 2 2 2 2 2 2 2 2 2 2 2 2 2 2
left_child=1 2 4 -4 -1 8 7 13 28 10 24 16 17 22 25 -16 39 -8 -19 -11 -21 33 38 -14 41 40 -18 -13 31 -20 -23 -2 -33 -22 -26 37 -24 -36 -7 -12 -15 -10 -40 -42
right_child=5 -3 3 -5 -6 6 12 -9 9 19 11 27 23 14 15 -17 26 18 29 20 21 30 36 -25 34 -27 -28 -29 -30 -31 -32 32 -34 -35 35 -37 -38 -39 42 -41 43 -43 -44 -45
leaf_value=0.10412139295790938 -0.025744356226974956 -0.3708487068994929 -0.21713239519873245 -0.003575933500253356 -0.030285275125625927 -0.035217396821971662 -0.026590460951914256 -0.063976681184921169 -0.027631942435228027 -0.028781033321344057 -0.0019172251651596306 -0.01095765706596806 -0.024581100020928382 -0.031866148919336569 -0.034952461822821031 -0.050681266113809131 0.012150699892161602 -0.024239289229054772 -0.016965820306459184 -0.028471942356847919 -0.018774506830272632 -0.020306725348892142 -0.039591942282640138 -0.034518096091872431 -0.021533480944817003 -0.038649720109956001 0.0019541444314202724 -0.01920527608771112 -0.027762851476069217 -0.0099290855113753802 -0.028500513843321005 -0.017665491108862917 -0.025050889821342251 -0.01266852353222362 -0.015557656915253456 -0.020831942542516392 -0.045771943235519724 -0.0079290857157341618 -0.036631942411386169 -0.0089328121601167584 -0.031109275682889619 -0.021280638215111371 -0.041071942114952402 -0.025722198838738795
leaf_weight=36 116 52.5 22.5 30 60 110 54 49.5 20 55 26.5 28 42 358.5 115.5 33 26.5 49 49 40 58.5 46 50 54 26 36 34.5 72 137.5 49 28 46.5 38 58.5 28 20 60 28 50 34.5 37.5 46 60 30
leaf_count=36 111 30 18 30 60 44 24 27 20 30 20 14 39 222 51 30 20 21 21 16 26 30 20 36 26 36 25 64 75 21 28 31 29 26 28 20 24 28 20 25 18 46 24 24
internal_value=-0.0342086 -0.112095 -0.0206162 -0.0951001 0.0201172 -0.027405 -0.0336935 -0.0368947 -0.0194234 -0.0164471 -0.0123714 -0.00747374 -0.023023 -0.0354693 -0.0335187 -0.0384478 0.000249369 -0.0196093 -0.0170447 -0.0220048 -0.0203914 -0.0186992 -0.039078 -0.0301707 -0.0188434 -0.0319343 0.0063838 -0.0168959 -0.0253761 -0.0134475 -0.0234071 -0.0237393 -0.0209867 -0.0157215 -0.016021 -0.0141351 -0.0429629 -0.0117434 -0.0371356 -0.00588506 -0.0313669 -0.0232053 -0.0390538 -0.028715
internal_weight=2502 201 148.5 52.5 96 2301 1287 990 1014 676 390 222 297 940.5 610.5 148.5 122 201 147 286 231 191 330 96 168 462 61 100 338 98 74 200.5 84.5 117 102 76 110 56 220 61 426 66 110 67.5
internal_count=1614 174 144 48 96 1440 702 540 738 492 336 168 162 513 381 81 90 87 63 156 126 110 132 75 168 300 45 78 246 42 58 171 60 52 102 76 44 56 88 45 264 66 44 42
is_linear=0
shrinkage=1


Tree=1
num_leaves=45
num_cat=0
split_feature=34 5 7 14 35 6 15 16 22 35 35 5 35 0 0 16 0 22 35 0 10 0 35 15 35 19 33 35 35 7 35 35 35 31 29 13 0 16 0 33 19 15 11 11
split_gain=175.341 638.327 36.685 15.2739 8.17788 9.70543 5.84527 5.80292 2.76961 1.2961 0.824455 1.1614 0.732959 0.709145 0.640513 0.513936 0.441368 0.351856 0.379822 0.350276 0.279578 0.155915 0.235413 0.152326 0.159671 0.152199 0.127693 0.124907 0.110912 0.106802 0.0996623 0.08453 0.222116 0.0756278 0.0624142 0.0606853 0.0589024 0.0415169 0.0411849 0.0259984 0.0226062 0.0219402 0.0204718 0.0130333
threshold=1.0000000180025095e-35 6.4620000000000006 2.9150000810623173 7.6650000000000009 1.0000000180025095e-35 2.9250000715255742 2.5157692307692314 6.0226923076923082 53.300000000000004 1.0000000180025095e-35 1.5000000000000002 10.065000000000003 1.5000000000000002 15.825000000000001 17.860000000000003 6.1450000000000005 14.700500000000002 14.300000000000002 1.5000000000000002 16.085000000000004 7.6650000000000009 16.895000000000003 1.0000000180025095e-35 2.1950000000000003 1.5000000000000002 1.1000000000000003 2.5000000000000004 1.5000000000000002 1.0000000180025095e-35 9.8350000000000026 1.0000000180025095e-35 1.5000000000000002 1.0000000180025095e-35 11.4 1.7000000000000004 9.8250000000000011 14.240000000000002 5.9461538461538463 13.350000000000003 1.9000000000000001 14.600000000000001 3.1200000000000006 9.8550000000000022 7.8800000000000008
decision_type=2 2 2 2 2 2 2 2 2 2 2 2 2 2 2 2 2 2 2 2 2 2 2 2 2 2 2 2 2 2 2 2 2 2 2 2 2 2 2 2 2 2 2 2
left_child=1 2 -1 8 -4 -6 7 -5 15 40 20 29 14 16 41 34 -11 18 26 23 -9 43 42 27 -25 36 -17 30 -28 -12 38 32 -21 -18 -2 -24 -20 -14 -19 -29 -10 -8 -23 -22
right_child=3 -3 4 6 5 -7 12 10 9 13 11 -13 37 -15 -16 17 33 19 25 31 21 22 35 24 -26 -27 28 39 -30 -31 -32 -33 -34 -35 -36 -37 -38 -39 -40 -41 -42 -43 -44 -45
leaf_value=0.11143309561535716 0.0038914927283320768 -0.27555113098838113 -0.023956860037934451 -0.025112909298587702 0.064279889883473523 0.0019728224227825802 0.013520103974474802 0.0069805351096308898 0.010109673952445006 0.021462782141235141 -0.0060828390986311662 0.0049603159541471136 0.017935007504054478 0.018242570735790112 0.00079989454605513155 0.0096154568547552281 0.034502948763824641 0.015306753317515057 0.0052268864611784618 0.0039140791350016088 0.002894347653768602 -0.0044097403602467644 -0.0012858152389526368 0.015514975408713024 0.022345178472822993 0.0011921796103318532 0.010344647069772084 0.0089008981762108974 0.016354178650337354 -0.0029697864498847569 0.018118649398287136 0.012740279255491314 0.011952455097978765 0.029243844151496889 0.0079088823422036984 0.002768763038847182 0.0098347013572166707 0.014854493379592895 0.010620041998724144 0.012654016032105401 0.013230261405309042 0.010870412945747377 -0.0077401450631164369 0.0016164781184936012
leaf_weight=27 49.5 66 36 66 24 48 36 54 39 36 255 90 52.5 67.5 54 66 42 24 30 33 63 27 42 60 34.5 30 30 27 57 97.5 48 82.5 66 30 49.5 54 43.5 60 24 21 24 45 21 270
leaf_count=27 27 39 36 36 24 48 24 36 39 36 102 36 21 30 36 66 36 24 30 33 42 27 21 42 21 12 30 27 30 39 48 33 33 24 27 27 21 24 24 21 24 30 21 180
internal_value=-1.6341e-11 -0.0716553 0.0280271 0.00625933 0.00717561 0.0227418 0.000473883 -0.00215686 0.0136024 0.0211416 -0.000600519 -0.00315085 0.011523 0.0246751 0.00754879 0.0112838 0.0286954 0.0120716 0.00973696 0.0134974 0.00152475 0.000907119 -0.00129234 0.0155128 0.0180085 0.00599402 0.0122689 0.013875 0.0142819 -0.00522178 0.015541 0.010849 0.009273 0.0323117 0.00590019 0.000994885 0.00795396 0.0162921 0.0129634 0.0105429 0.0112985 0.0120481 -0.00586679 0.00185824
internal_weight=2502 201 135 2301 108 72 1287 1039.5 1014 238.5 973.5 442.5 247.5 175.5 135 775.5 108 676.5 256.5 420 531 477 144 238.5 94.5 103.5 153 144 87 352.5 96 181.5 99 72 99 96 73.5 112.5 48 48 63 81 48 333
internal_count=1614 174 135 1440 108 72 702 567 738 189 531 177 135 126 90 549 96 495 189 306 354 318 96 207 63 63 126 144 60 141 96 99 66 60 54 48 51 45 48 48 63 54 48 222
is_linear=0
shrinkage=0.08


Tree=2
num_leaves=45
num_cat=0
split_feature=34 5 37 6 22 14 24 16 36 22 37 37 22 15 37 36 36 12 36 37 35 36 1 22 37 1 12 37 34 36 2 1 15 37 22 12 3 36 16 35 17 2 35 34
split_gain=148.409 545.939 54.5326 71.7918 70.6308 12.9279 5.09971 7.59598 2.42884 1.75512 1.29762 0.90944 0.880589 0.837555 0.669653 0.558606 0.403531 0.379311 0.366016 0.361237 0.358493 0.356059 0.268818 0.268438 0.263248 0.257135 0.162442 0.155171 0.132852 0.114095 0.107565 0.0995229 0.0992955 0.0949772 0.0694198 0.0649717 0.055989 0.0449269 0.0446653 0.102706 0.0427616 0.0406878 0.0399588 0.22618
threshold=1.0000000180025095e-35 7.3680000000000012 7.463000000000001 2.9250000715255742 1.1000000000000003 7.6650000000000009 1.0000000180025095e-35 6.0226923076923082 2.5000000000000004 53.300000000000004 9.4550000000000018 9.7850000000000019 53.300000000000004 3.035000000000001 9.6200000000000028 1.5000000000000002 1.5000000000000002 7.3800000000000017 1.5000000000000002 16.625000000000004 1.5000000000000002 2.5000000000000004 17.890000000000004 14.300000000000002 11.784230769230772 16.960000000000004 7.3450000000000015 13.095000000000002 3.5000000000000004 1.5000000000000002 16.465000000000003 16.960000000000004 2.1715384615384621 13.265000000000002 2.7000000000000006 9.9200000000000017 16.475000000000005 1.5000000000000002 6.8650000000000011 1.5000000000000002 3.3000000000000003 11.984999656677248 1.0000000180025095e-35 52.800000000000011
decision_type=2 2 2 2 2 2 2 2 2 2 2 2 2 2 2 2 2 2 2 2 2 2 2 2 2 2 2 2 2 2 2 2 2 2 2 2 2 2 2 2 2 2 2 2
left_child=1 2 4 -4 41 8 7 -7 12 17 -11 21 18 20 15 -14 -15 23 40 35 22 29 -8 34 -18 -19 28 32 -20 -9 -23 -28 -25 38 -10 42 -31 -16 -30 -40 -2 -1 43 -13
right_child=5 -3 3 -5 -6 6 13 11 9 10 -12 19 14 16 37 -17 24 25 26 -21 -22 30 -24 27 -26 -27 31 -29 33 36 -32 -33 -34 -35 -36 -37 -38 -39 39 -41 -42 -43 -44 -45
leaf_value=0.00055634151434614545 0.0052573890792789743 -0.28766477494012743 -0.16110829607645669 0.027932392776012421 0.15010162242253622 -0.033292464634234256 0.0071620385597149531 -0.00067711442641236563 0.01031590744301125 0.036617797748329711 0.01566238659043466 0.0015568958916581978 0.012936984206190202 0.0068141159563025171 0.005874506461209265 0.024836024282002215 0.017536839971059485 0.0064809034265239131 0.0076234243313471478 -0.0050185792902974705 0.0083540164209488371 -0.0053329512655735014 -0.0013046488934196532 0.018917203341211594 0.0096984500154143286 0.01451847164837782 0.0050479957833886148 0.0139571050144732 0.017295304580971047 -0.0023436714053153992 -0.010357080419858299 0.009883738577991099 0.024922040281161455 0.0087094230204820631 0.015666357033873257 -0.00033727815489710116 -0.0059684137602647146 0.010327571198858063 0.016410916682445643 0.0098234611323901582 0.0074117529558038325 0.0046855221719791489 0.0016803373997755784 0.010910464447169078
leaf_weight=42 167.5 52.5 22.5 30 30 49.5 36 110 27 48.5 31 78 50.5 60.5 29 50.5 79 44 33 57 90 50 72 35 42 60.5 44 20 27 50 60 71.5 35.5 22 36.5 81 60 29 33 28 91 24 291 21
leaf_count=42 123 30 18 30 30 27 24 44 27 37 26 78 38 33 25 38 34 24 33 57 36 20 48 35 32 33 24 20 14 20 24 39 20 22 24 36 24 25 29 22 60 24 144 21
internal_value=5.18444e-11 -0.0659229 0.0124707 -0.053085 0.0483215 0.00575858 0.000435972 -0.00282057 0.0125142 0.0180513 0.0284465 -0.00106257 0.00974563 0.00822334 0.0149522 0.0188865 0.0121488 0.0148544 0.00814439 0.00099651 0.00462505 -0.0043571 0.00151758 0.0173788 0.0148161 0.0111342 0.010273 0.0201765 0.0120753 -0.00249896 -0.00807339 0.00804155 0.0219409 0.0134109 0.0133914 0.00172445 -0.0043208 0.00810104 0.0145863 0.0133872 0.00601579 0.00205786 0.00215266 0.00354099
internal_weight=2502 201 148.5 52.5 96 2301 1287 907.5 1014 338 79.5 858 676 379.5 159 101 181.5 258.5 517 528 198 330 108 154 121 104.5 258.5 90.5 143 220 110 115.5 70.5 110 63.5 471 110 58 88 61 258.5 66 390 99
internal_count=1614 174 144 48 96 1440 702 495 738 246 63 468 492 207 126 76 99 183 366 336 108 132 72 126 66 57 183 75 120 88 44 63 55 87 51 279 44 50 65 51 183 66 243 99
is_linear=0
shrinkage=0.08


Tree=3
num_leaves=45
num_cat=0
split_feature=34 5 7 14 35 6 10 15 22 35 35 0 15 35 0 0 12 0 34 0 35 5 6 35 35 35 16 35 0 35 0 31 22 32 35 16 35 16 0 17 5 0 35 30
split_gain=125.613 465.82 28.5675 10.9421 5.41721 6.60027 4.42524 3.36632 1.98413 0.932571 0.560044 0.545018 0.479702 0.556568 0.469183 0.455823 0.420036 0.373574 0.329507 0.290376 0.240779 0.425778 0.314965 0.321974 0.190551 0.163186 0.117901 0.294321 0.112328 0.0969028 0.0662994 0.0640114 0.0633774 0.063341 0.0550954 0.0539589 0.0458051 0.0385987 0.0374012 0.0354799 0.0346817 0.0298216 0.0275912 0.0212961
threshold=1.0000000180025095e-35 6.4620000000000006 2.9150000810623173 7.6650000000000009 1.0000000180025095e-35 2.9250000715255742 9.9550000000000018 2.5157692307692314 53.300000000000004 1.0000000180025095e-35 1.5000000000000002 15.825000000000001 1.8823076923076927 1.5000000000000002 17.860000000000003 17.255000000000006 7.3450000000000015 14.700500000000002 3.5000000000000004 17.070000000000004 1.0000000180025095e-35 10.065000000000003 10.105000000000002 1.5000000000000002 1.0000000180025095e-35 1.0000000180025095e-35 6.8650000000000011 1.5000000000000002 14.280000000000003 1.0000000180025095e-35 16.625000000000004 11.4 10.200000000000001 2.5000000000000004 1.5000000000000002 6.8650000000000011 1.5000000000000002 5.9461538461538463 17.020000000000003 4.2000000000000011 10.045000000000002 17.355000000000004 1.5000000000000002 3.5000000000000004
decision_type=2 2 2 2 2 2 2 2 2 2 2 2 2 2 2 2 2 2 2 2 2 2 2 2 2 2 2 2 2 2 2 2 2 2 2 2 2 2 2 2 2 2 2 2
left_child=1 2 -1 8 -4 -6 7 12 16 43 14 17 13 15 -9 29 18 -11 36 40 21 -14 32 -24 28 -21 34 -28 -20 30 -5 -19 42 -29 -26 -30 -2 -12 -15 41 -18 -27 -22 -10
right_child=3 -3 4 6 5 -7 -8 10 9 11 37 -13 20 38 -16 -17 19 31 24 25 22 -23 23 -25 26 39 27 33 35 -31 -32 -33 -34 -35 -36 -37 -38 -39 -40 -41 -42 -43 -44 -45
leaf_value=0.098107109798325431 0.0083926912193948572 -0.23482813069314667 -0.019233819489858837 0.00085252978038369569 0.053028595807651679 0.0016466139241432152 -0.01977584119378166 0.010199449831320914 0.011243267600183134 0.017762004604770079 0.015575492927006314 0.015252295008412114 0.012390819724762079 -0.005294881775265649 0.00057249747216701506 -0.0083016195851895545 0.0058234496685591608 0.029758958461738767 0.012414492857761873 0.0046147969826005209 -0.00097799726140995811 4.3908413021992414e-05 -0.00079585797394867298 0.0074919507703312708 0.014070008723508744 0.0081072120368480688 0.015881065244858081 0.011253376716659182 0.0096757156508309513 0.0023177324571917136 -0.0035327512923201236 0.024920582175254821 0.0010032640438940791 0.0068597535505181264 0.018245745316529886 0.0042687853342956968 0.0047423333968176981 0.012605211675167084 -0.0029075753972643897 0.011774636498203983 0.0032299690017702455 0.010765936959672857 -0.003172518896334099 0.0082710765467749713
leaf_weight=27 66 66 36 57 24 48 66 81 27 36 52.5 67.5 33 210 54 36 66 42 39 39 66 39 54 67.5 42 54 78 42 21 186 36 30 54 42 39 27 33 60 52.5 67.5 66 54 82.5 36
leaf_count=27 66 39 36 57 24 48 36 54 27 36 21 30 33 84 36 24 36 36 39 39 33 39 27 27 21 24 66 42 21 93 36 24 24 24 21 27 33 24 21 30 36 24 33 36
internal_value=-1.2084e-10 -0.060649 0.0245052 0.0052979 0.00610469 0.0187739 0.000401094 0.00149174 0.0115131 0.0178943 0.00982261 0.0208915 -0.000626279 -0.00209683 0.00634867 0.000170334 0.00955057 0.024416 0.0112238 0.00747891 0.00151827 0.00570291 0.000588352 0.00380848 0.0124382 0.00929564 0.0135885 0.0123424 0.00922543 0.00126349 -0.000844998 0.027743 -0.00134373 0.00905657 0.0160805 0.00663432 0.00717591 0.0139913 -0.00481742 0.0103358 0.00452671 0.00943657 -0.00219718 0.00954487
internal_weight=2502 201 135 2301 108 72 1287 1221 1014 238.5 247.5 175.5 973.5 577.5 135 315 775.5 108 429 346.5 396 72 324 121.5 330 214.5 243 162 87 279 93 72 202.5 84 81 48 99 112.5 262.5 175.5 132 108 148.5 63
internal_count=1614 174 135 1440 108 72 702 666 738 189 135 126 531 315 90 210 549 96 360 189 216 72 144 54 261 117 174 132 87 186 93 60 90 66 42 48 99 45 105 78 72 48 66 63
is_linear=0
shrinkage=0.08


Tree=4
num_leaves=45
num_cat=0
split_feature=33 15 16 7 14 10 15 36 36 31 33 35 13 15 31 0 36 0 0 35 0 0 15 35 15 0 0 6 35 15 35 0 18 36 12 0 35 15 18 35 15 2 10 16
split_gain=62.2867 171.907 175.313 28.2147 8.75821 3.83335 2.70671 2.01362 1.95436 2.51876 2.32513 1.85333 7.83316 4.6223 1.8063 1.23808 0.650672 0.586961 0.494821 0.474021 0.403776 0.397117 0.254066 0.249602 0.202864 0.181717 0.171393 0.163078 0.269486 0.162445 0.145654 0.0966753 0.0954959 0.0941015 0.0741788 0.0719343 0.0612458 0.0517947 0.0391296 0.0568306 0.0401585 0.0349114 0.0340717 0.03267
threshold=1.0000000180025095e-35 0.29999999999999899 6.7750000000000004 2.9150000810623173 7.6650000000000009 9.9550000000000018 2.5157692307692314 2.5000000000000004 2.5000000000000004 1.0000000000000002 3.3000000000000003 1.0000000180025095e-35 1.1549999713897707 1.765000104904175 1.0000000180025095e-35 16.050000000000004 1.5000000000000002 14.640000000000002 16.085000000000004 1.5000000000000002 15.345000000000001 17.860000000000003 2.5050000000000003 1.5000000000000002 2.4650000000000012 15.4 16.895000000000003 10.105000000000002 1.5000000000000002 1.9399999999999999 1.5000000000000002 16.115000000000006 0.50000000000000011 1.5000000000000002 7.8650000000000011 17.150000000000002 1.5000000000000002 2.5050000000000003 0.50000000000000011 1.0000000180025095e-35 2.1715384615384621 13.710000000000003 7.6650000000000009 5.9461538461538463
decision_type=2 2 2 2 2 2 2 2 2 2 2 2 2 2 2 2 2 2 2 2 2 2 2 2 2 2 2 2 2 2 2 2 2 2 2 2 2 2 2 2 2 2 2 2
left_child=1 -1 -3 -4 7 6 8 16 14 10 -10 13 -13 -5 -6 17 31 32 22 21 -19 -8 38 26 -17 -24 34 28 42 36 -29 37 -9 -30 -11 -20 -14 -2 -18 -40 -41 -15 -16 -21
right_child=4 2 3 11 5 -7 19 15 9 23 -12 12 29 41 27 24 18 20 35 43 -22 -23 25 -25 -26 -27 -28 30 33 -31 -32 -33 -34 -35 -36 -37 -38 -39 39 40 -42 -43 -44 -45
leaf_value=-0.22521885342068143 0.005601022667006442 -0.13976196601355481 0.090258538149021295 -0.038397141070592972 0.014692451712167398 -0.018193773444403302 0.0093834937750189393 0.011584604637076458 -0.0039000973298952179 0.0062418696042150258 -0.031358129614849149 0.050793423273911079 0.0018903266729823516 0.0047002018381048132 0.0040738519058666298 0.0057081317004155033 0.0079172527045011515 0.032252081632614137 0.0050295402353460143 0.014329453536442348 0.021039408434421644 0.00052669767083393204 0.021318416893482208 -0.0042567424529638053 0.01245542238855904 0.013753038302506551 -0.0039903368006149924 0.00078049734803951442 -0.00045947765463437792 0.0060815622440228857 0.0069431185424327843 0.0040636733985082666 0.017600244701954357 -0.0039742794801027352 0.0013272338550080333 0.0087176468348082962 -0.0019257543706580214 0.0083235660036640059 0.0082629300724892385 0.010881603251804005 0.015688402811686198 0.0090493327379226694 0.0013983143140524248 0.011596794952948889
leaf_weight=27 95 59 27 21 66 66 81 24 38.5 30 40.5 24 51 27 36 38.5 24 33 55 52.5 54.5 54 34 97.5 110 50.5 30 54 97.5 36 45 137.5 57 97.5 57 88 57 84.5 21 22 22.5 21 198 60
leaf_count=18 90 32 27 21 36 36 54 24 21 20 22 24 39 27 24 21 24 30 30 21 33 36 30 39 60 30 20 36 39 36 18 75 57 39 38 48 39 60 21 22 20 21 132 24
internal_value=1.46419e-10 -0.031299 -0.015089 0.0127735 0.00509046 0.000549001 0.00163889 0.0108258 -0.000424191 -0.00576488 -0.0179767 0.00394607 0.00847986 -0.00709273 0.00221468 0.0160318 0.00822279 0.0207253 0.0107857 0.0090368 0.0252682 0.00584078 0.013651 -0.00126729 0.0107061 0.0167971 0.00122392 0.000654964 -2.04345e-05 0.0014276 0.00358169 0.00565992 0.0158178 -0.00221688 0.00302194 0.00729914 -0.000123716 0.00688267 0.0106807 0.0116932 0.013312 0.00660295 0.00180994 0.012872
internal_weight=2502 350 323 264 2152 1201 1135 951 887.5 293.5 79 237 168 69 594 317 634 168.5 317 247.5 87.5 135 174 214.5 148.5 84.5 117 528 429 144 99 317 81 195 87 143 108 179.5 89.5 65.5 44.5 48 234 112.5
internal_count=1614 284 266 234 1330 655 619 675 484 160 43 207 138 69 324 225 450 144 225 135 63 90 147 117 81 60 78 288 234 114 54 225 81 78 58 78 78 150 87 63 42 48 156 45
is_linear=0
shrinkage=0.08


Tree=5
num_leaves=45
num_cat=0
split_feature=34 5 37 22 6 14 4 35 12 36 5 1 37 35 37 37 22 36 36 16 36 14 22 37 37 17 37 37 36 34 37 34 36 35 5 4 37 22 37 1 1 34 37 14
split_gain=97.3593 369.61 39.9372 60.6503 51.4813 7.868 2.55325 6.66885 2.25761 1.67941 1.52833 0.825384 0.880634 0.707582 0.654519 0.581557 0.756138 0.545383 0.509048 0.345931 0.266362 0.26059 0.252458 0.435197 0.246927 0.211326 0.184993 0.156185 0.150249 0.102171 0.0989997 0.0923586 0.083973 0.0736564 0.0723118 0.0662638 0.0631679 0.0591046 0.07998 0.0510735 0.0458084 0.0358226 0.0346496 0.0283238
threshold=1.0000000180025095e-35 7.3680000000000012 7.463000000000001 1.1000000000000003 2.9250000715255742 8.4550000000000018 17.955000000000002 1.5000000000000002 7.3250000000000011 2.5000000000000004 10.105000000000002 17.545000000000005 9.7850000000000019 1.5000000000000002 16.245000000000001 13.56 53.300000000000004 1.5000000000000002 2.5000000000000004 6.6350000000000016 1.5000000000000002 7.7550000000000008 53.300000000000004 9.4550000000000018 11.984999656677248 0.50000000000000011 7.7300000000000013 16.805000000000003 1.5000000000000002 61.500000000000007 16.185000000000006 3.5000000000000004 2.5000000000000004 1.5000000000000002 10.010000000000002 11.984999656677248 13.265000000000002 19.300000000000004 9.4050000000000029 17.890000000000004 14.200000000000001 26.700000000000006 16.185000000000006 7.7750000000000012
decision_type=2 2 2 2 2 2 2 2 2 2 2 2 2 2 2 2 2 2 2 2 2 2 2 2 2 2 2 2 2 2 2 2 2 2 2 2 2 2 2 2 2 2 2 2
left_child=1 2 3 35 -4 8 11 -8 9 17 14 13 -13 27 21 16 25 37 28 -18 -15 26 31 -24 29 -11 -10 -7 42 -20 43 -19 -22 -23 -28 -1 -33 -2 41 -14 -27 -39 -12 -30
right_child=5 -3 4 -5 -6 6 7 -9 10 15 18 12 39 20 -16 -17 19 22 24 -21 32 33 23 -25 -26 40 34 -29 30 -31 -32 36 -34 -35 -36 -37 -38 38 -40 -41 -42 -43 -44 -45
leaf_value=-0.0044349308575813966 0.0039054730659812804 -0.23584574036371142 -0.13646782143910727 0.13610423978169758 0.023614101655781271 0.0017330708623992817 -0.032681311061433342 0.0090180910693274611 -0.0013817072643174068 0.0099837181170781449 0.0054907356803657629 0.0126758424838384 0.0026872319124993829 -0.00096210660582238987 0.012199253824849923 0.0097225457384270061 0.019189038117726646 0.0058430331177783739 0.012348845450966445 0.031834084987640385 -0.0047246598691651313 0.00043452276576620838 0.019928214101447274 0.0077925158700635358 0.006159100936104854 0.015185979980009574 0.0074427229146926833 -0.0043548781134498619 0.008466001016122323 0.017253800224471878 0.0039116332835207384 0.01168414522787768 -0.008334167148127701 -0.0026872244202173672 0.00337563004288258 0.00083457342382254349 0.0067757050497900878 0.0060264576407092997 0.0043549533296715131 -0.00091430068104749634 0.019240919453757152 0.0092671213024692941 0.0021585588503512556 0.010957058193614182
leaf_weight=24 64.5 52.5 22.5 30 30 267 54 45 45 30 119 60 42 82.5 36 49 22.5 33 67.5 36 82.5 96 48.5 31 30 27 39 30 67.5 45.5 24 83.5 82.5 97.5 99 42 21 33 55 63 52.5 64.5 24 51.5
leaf_count=24 57 30 18 30 30 168 36 18 18 30 54 24 24 33 36 49 10 33 30 32 33 57 37 26 28 27 21 30 30 20 24 63 33 39 54 42 21 30 48 42 32 45 24 24
internal_value=-1.86339e-11 -0.0533943 0.0111087 0.041789 -0.0449924 0.00466417 -0.00169178 -0.013727 0.00810725 0.0116447 0.00537059 -1.24455e-05 0.00494432 -0.0015145 0.00189372 0.0173911 0.0196277 0.00877154 0.00871374 0.0269706 -0.00467364 0.000908331 0.0116075 0.0151961 0.012611 0.0157049 0.00307255 0.00111813 0.00676512 0.0143238 0.00859876 0.00953263 -0.00652941 -0.00113845 0.00452503 -0.00108161 0.0106978 0.00593561 0.00679426 0.000526312 0.0178638 0.00817028 0.00493149 0.00954406
internal_weight=2502 201 148.5 96 52.5 2301 808.5 99 1492.5 651 841.5 709.5 165 544.5 412.5 217 168 434 429 58.5 247.5 376.5 217 79.5 143 109.5 183 297 286 113 143 137.5 165 193.5 138 66 104.5 217 152.5 105 79.5 97.5 143 119
internal_count=1614 174 144 96 48 1440 441 54 999 540 459 387 90 297 225 180 131 360 234 42 99 189 180 63 78 89 93 198 156 50 78 117 66 96 75 66 84 180 123 66 59 75 78 54
is_linear=0
shrinkage=0.08


Tree=6
num_leaves=45
num_cat=0
split_feature=34 0 37 22 13 14 10 12 0 0 37 22 37 37 37 37 22 37 10 37 37 21 34 37 22 37 2 37 15 37 22 10 18 7 14 37 0 37 0 37 0 12 21 22
split_gain=82.4049 312.838 33.8028 51.3344 49.9711 6.65947 2.43981 1.91084 1.06426 0.746135 0.791066 0.654293 0.455976 0.578694 0.442417 0.391372 0.370046 0.292731 0.435151 0.266114 0.317722 0.223524 0.209953 0.177548 0.153389 0.211167 0.105998 0.089342 0.0857218 0.0733276 0.0954635 0.0683622 0.066884 0.0609854 0.058017 0.0547832 0.0542465 0.0540307 0.0505765 0.0455933 0.0369803 0.0361472 0.0356331 0.0352571
threshold=1.0000000180025095e-35 14.675500000000001 7.463000000000001 1.1000000000000003 1.1549999713897707 8.4550000000000018 9.9550000000000018 7.3250000000000011 16.960000000000004 17.875000000000004 9.8750000000000018 89.40000000000002 13.56 3.0500000000000003 9.7850000000000019 10.105000000000002 10.200000000000001 9.9450000000000021 9.9200000000000017 7.5750000000000002 17.220000000000002 3.8000000000000003 59.500000000000007 8.2450000000000028 14.300000000000002 9.4050000000000029 16.195000000000004 10.875000000000002 3.1099999999999999 4.745000000000001 63.400000000000013 7.6950000000000012 6.4000000000000012 2.9450000524520878 7.455000000000001 16.895000000000003 13.350000000000003 8.8450000000000006 15.880000000000001 9.9800000000000022 15.935000000000002 9.9200000000000017 3.8000000000000003 2.7000000000000006
decision_type=2 2 2 2 2 2 2 2 2 2 2 2 2 2 2 2 2 2 2 2 2 2 2 2 2 2 2 2 2 2 2 2 2 2 2 2 2 2 2 2 2 2 2 2
left_child=1 2 3 33 -4 7 9 11 15 14 -11 12 13 36 -7 16 -9 41 35 -10 27 31 24 -13 43 29 39 37 -29 32 -31 -17 -26 -1 -22 -19 -2 -21 -27 -18 42 -16 -14 -15
right_child=5 -3 4 -5 -6 6 -8 8 19 10 -12 23 40 22 17 21 26 18 -20 20 34 -23 -24 -25 25 38 -28 28 -30 30 -32 -33 -34 -35 -36 -37 -38 -39 -40 -41 -42 -43 -44 -45
leaf_value=-0.0036590026456688064 0.0074388539139181378 -0.21697808606284008 -0.13151674466000665 0.12521590455373127 0.026199734523892404 -0.0044504796336244405 -0.016296679595428888 -0.0016725954122607865 0.002521434793869654 0.011155639551304004 -0.00011073538947563905 0.02373325581351916 0.0051319859850974319 0.0063719562468705351 0.0022696557483345113 0.012660067024019856 0.0063306346027939414 0.00023162750073541432 -0.013088258273071713 0.0099148538062969853 0.00013009849314888318 0.00092579587766279778 0.018740431343515714 0.014558796264507153 0.013535181280402911 0.010718347198433347 0.00053425051892797156 0.011483865597031333 0.0066717946103640969 0.01371916629339048 0.018345458599237294 0.0073077767422156667 0.0080056651353481272 0.0012248533551529465 0.0052225117273628704 -0.0041391732047001521 0.0027292060282909209 0.01290621508108942 0.0064777400319774945 0.0029734806796269759 0.0027221989374430406 -0.00022014911617002181 0.0080252467002719634 0.0098965730377145716
leaf_weight=30 24 52.5 22.5 30 30 217.5 66 175.5 52.5 67.5 97.5 27 63 27 189 24 67.5 78 22.5 120 21 30 30 27 42 45 48 33 84 106.5 39 42 21 36 45 24 45 57 30 42 21 46.5 48 55.5
leaf_count=30 24 30 18 30 30 87 36 78 21 27 63 24 63 27 93 24 27 75 15 48 21 27 30 21 42 39 21 21 42 60 27 36 21 36 45 24 45 27 15 21 21 21 48 33
internal_value=-7.92949e-11 -0.0491228 0.01022 0.0384459 -0.041393 0.00429104 -0.00155644 0.00745867 0.00494094 -0.000246197 0.00449824 0.0107131 0.00995038 0.0111283 -0.00160175 0.00215116 0.000853776 0.000119358 -0.00301814 0.00784232 0.00861828 0.00665148 0.0123064 0.019146 0.011779 0.0126625 0.00366888 0.00974434 0.00802905 0.013972 0.0149592 0.00925406 0.011692 -0.000995081 0.0036022 -0.000796796 0.00436734 0.0108782 0.0090221 0.00504296 0.00580071 0.00177804 0.00638313 0.00874306
internal_weight=2502 201 148.5 96 52.5 2301 808.5 1492.5 841.5 742.5 165 651 597 465 577.5 429 333 360 124.5 412.5 360 96 396 54 366 283.5 157.5 294 117 208.5 145.5 66 63 66 66 102 69 177 75 109.5 132 235.5 111 82.5
internal_count=1614 174 144 96 48 1440 441 999 459 405 90 540 495 363 315 234 147 228 114 225 204 87 294 45 264 204 69 138 63 150 87 60 63 66 66 99 69 75 54 48 132 114 111 60
is_linear=0
shrinkage=0.08


Tree=7
num_leaves=45
num_cat=0
split_feature=34 0 37 22 6 14 10 0 36 5 0 35 15 37 36 36 37 37 37 36 37 15 37 14 36 37 37 36 37 12 37 22 37 37 36 35 2 17 35 22 12 37 17 22
split_gain=69.7475 264.786 28.6107 43.4494 38.0377 5.63658 2.06506 1.62062 1.39684 1.11698 0.631528 0.67297 0.572909 0.7663 0.480487 0.446521 0.445336 0.374461 0.250053 0.452071 0.244701 0.233159 0.307917 0.231997 0.197346 0.155463 0.169738 0.145644 0.136813 0.0984895 0.0926538 0.0750459 0.0620951 0.0680132 0.0612565 0.0572939 0.052775 0.0430146 0.0414196 0.0396066 0.0352832 0.0261049 0.0240182 0.0237862
threshold=1.0000000180025095e-35 14.675500000000001 7.463000000000001 1.1000000000000003 2.9250000715255742 8.4550000000000018 9.9550000000000018 16.085000000000004 2.5000000000000004 10.105000000000002 17.875000000000004 1.5000000000000002 2.4900000000000007 8.7150000000000016 2.5000000000000004 1.5000000000000002 16.245000000000001 9.7850000000000019 11.72423076923077 2.5000000000000004 11.984999656677248 2.5050000000000003 8.8800000000000008 7.7550000000000008 1.5000000000000002 3.0500000000000003 13.710000000000003 1.5000000000000002 7.6650000000000009 7.4830000000000014 16.185000000000006 8.6000000000000032 3.0500000000000003 13.835000000000003 2.5000000000000004 1.5000000000000002 11.984999656677248 0.90000000000000013 1.0000000180025095e-35 77.200000000000003 9.9200000000000017 16.185000000000006 1.3 14.300000000000002
decision_type=2 2 2 2 2 2 2 2 2 2 2 2 2 2 2 2 2 2 2 2 2 2 2 2 2 2 2 2 2 2 2 2 2 2 2 2 2 2 2 2 2 2 2 2
left_child=1 2 3 36 -4 7 10 8 15 16 17 38 25 -14 27 39 23 24 40 -20 31 32 -23 28 -7 -10 37 41 -9 -30 -29 -16 -17 -34 -26 42 -1 -27 -12 43 -19 -11 -25 -2
right_child=5 -3 4 -5 -6 6 -8 9 12 14 11 -13 13 -15 20 21 -18 18 19 -21 -22 22 -24 35 34 26 -28 30 29 -31 -32 -33 33 -35 -36 -37 -38 -39 -40 -41 -42 -43 -44 -45
leaf_value=-0.0026255412874299855 0.0024199166591279209 -0.1996198429834275 -0.11671135965983073 0.11519862842559814 0.020890726824601493 -0.00068651722088969986 -0.014992945981070852 -0.00096644639968872074 0.0059303322750265189 0.0043630080290560456 0.0019015079016486806 0.0097351336399714144 0.027839463132151056 0.01286403733630513 0.014998731327056885 0.0039700614304646201 0.010297554623749521 0.002088083316567083 0.00058756277705423337 -0.009961321428418159 0.0048530683158473538 0.017830000499661051 0.0081578023135662082 0.0013306401998159432 -0.0041540990697926487 0.012628521458669143 0.007305435158989646 0.0081901771257508471 0.0072726036967902356 0.0027816030176708827 0.0030484120892705739 0.011013230014275881 0.0098946753626031093 0.0046722760583673209 -0.0074427076865886824 -0.0023384388740628195 0.0020771419373340903 0.017022914389769238 -0.0017391335852444173 0.0077175126760266723 -0.00023064162582159042 0.0016337704704212095 -0.0013335699788435843 0.0047342864556272554
leaf_weight=42 36 52.5 22.5 30 30 72.5 66 45 23 132.5 30 75 44.5 43 50 23 36 189 78 39 33 44.5 40 63 72.5 22 22 132.5 43.5 111 27 76.5 66.5 21 72.5 97.5 24 40.5 60 24 54 27 33 135
leaf_count=42 36 30 18 30 30 29 36 18 23 60 30 30 31 32 22 23 36 93 74 37 31 30 30 39 29 22 22 60 24 60 27 34 64 21 29 39 24 38 30 21 24 27 18 111
internal_value=-1.61254e-10 -0.045193 0.00940238 0.0353702 -0.0380816 0.00394776 -0.00143193 0.00686198 0.0101453 0.00474543 -0.000226501 0.00413838 0.0156738 0.0204801 0.00740296 0.00738112 0.00178127 -0.00147361 0.00010981 -0.00292873 0.0109881 0.0100881 0.0132514 0.00100115 -0.00409444 0.0117616 0.0133488 0.00561039 0.00291542 0.00404606 0.00731978 0.0125885 0.00766901 0.0086413 -0.0057984 -0.000972482 -0.000915475 0.0154761 -0.000525586 0.00467418 0.00157281 0.00390101 0.000414818 0.00424705
internal_weight=2502 201 148.5 96 52.5 2301 808.5 1492.5 585 907.5 742.5 165 195 87.5 478.5 390 429 577.5 360 117 159.5 195 84.5 393 217.5 107.5 84.5 319 199.5 154.5 159.5 126.5 110.5 87.5 145 193.5 66 62.5 90 195 243 159.5 96 171
internal_count=1614 174 144 96 48 1440 441 999 504 495 405 90 168 63 261 336 234 315 228 111 87 168 60 198 87 105 82 174 102 84 87 56 108 85 58 96 66 60 60 168 117 87 57 147
is_linear=0
shrinkage=0.08


Tree=8
num_leaves=45
num_cat=0
split_feature=34 0 37 13 22 14 4 35 0 36 5 0 37 15 37 35 36 37 36 37 15 37 36 37 14 36 22 37 37 35 7 37 36 37 22 4 37 37 15 35 15 37 21 21
split_gain=59.0343 224.115 24.2161 37.5184 36.7756 4.7708 1.96527 5.40896 1.37778 1.17329 1.00515 0.623441 0.589767 0.507435 0.648596 0.448087 0.406684 0.39955 0.378084 0.20809 0.200205 0.260621 0.194922 0.173114 0.21689 0.123273 0.107598 0.0954423 0.0937469 0.114917 0.0843289 0.0784222 0.0615225 0.0604678 0.0514306 0.0504815 0.0453341 0.0356765 0.0414054 0.0354593 0.033996 0.0459757 0.0323493 0.0298825
threshold=1.0000000180025095e-35 14.675500000000001 7.463000000000001 1.1549999713897707 1.1000000000000003 8.4550000000000018 17.955000000000002 1.5000000000000002 16.115000000000006 2.5000000000000004 10.105000000000002 17.475000000000005 11.893461538461539 2.4900000000000007 8.7150000000000016 1.5000000000000002 2.5000000000000004 16.245000000000001 1.5000000000000002 12.049615384615388 2.5050000000000003 8.8800000000000008 1.5000000000000002 7.6650000000000009 7.7950000000000008 1.5000000000000002 2.7000000000000006 16.805000000000003 9.8750000000000018 1.5000000000000002 9.8950000000000014 16.185000000000006 2.5000000000000004 8.2450000000000028 5.4000000000000012 11.984999656677248 10.065000000000003 9.8750000000000018 2.1715384615384621 1.0000000180025095e-35 2.5050000000000003 9.0050000000000008 0.50000000000000011 0.3000000000000001
decision_type=2 2 2 2 2 2 2 2 2 2 2 2 2 2 2 2 2 2 2 2 2 2 2 2 2 2 2 2 2 2 2 2 2 2 2 2 2 2 2 2 2 2 2 2
left_child=1 2 4 -4 35 8 11 -8 9 18 17 15 -13 26 -15 27 25 23 40 33 34 -22 -17 -10 30 43 -11 -7 29 -28 -25 42 -24 -18 -20 -1 -26 38 -36 -14 -2 -42 -27 -12
right_child=5 -3 3 -5 -6 6 7 -9 10 13 16 12 39 14 -16 22 19 -19 20 -21 21 -23 32 24 36 31 28 -29 -30 -31 -32 -33 -34 -35 37 -37 -38 -39 -40 -41 41 -43 -44 -45
leaf_value=-0.0037691038039823371 0.0034273875032647932 -0.1836502502078102 -0.11312625106175742 0.023533313632011416 0.10598274024327596 0.0014262371805011667 -0.028946500597176732 0.0086079586015807251 -0.0030182764841657547 0.0063208362901652302 0.0050982918840917681 0.0089926196377852867 0.001570206138615807 0.025612306112653752 0.011834914310033931 -0.00048842492180340216 0.0093538552761077871 0.0094737503677606583 0.0042197559972604118 0.0042259427914095506 0.016403600298956541 0.0075051781311631207 -0.0037061924085472569 0.0067395179139243238 -0.0013637328376311334 0.0091026277102312994 0.018098593521118166 -0.0033328365348279476 0.0085916057805861205 0.010754603744794927 0.0024747479677846369 0.0028045391167203586 -0.0067957397301991783 0.012913311457937691 0.007429119483567774 0.00083025876255262462 0.0018685041693970561 0.0058963708291130679 0.01187912625787051 -0.0019358685325520733 0.0072239112084911718 0.0034727629607445316 0.006538237874154691 0.0027945214005534731
leaf_weight=24 116 52.5 22.5 30 30 267 54 45 67.5 27 55 87 30 44.5 43 82.5 50 36 30 31 44.5 40 82.5 40.5 121.5 51.5 25 30 31 30 111 27 82.5 78.5 32 42 36 31 23 48 46.5 38 81 104.5
leaf_count=24 111 30 18 30 30 168 36 18 27 27 30 36 30 31 32 33 20 36 30 30 30 30 33 21 54 24 25 30 29 27 60 27 33 37 32 42 27 29 20 24 31 29 36 57
internal_value=-4.64489e-11 -0.0415775 0.00865019 -0.0350351 0.0325406 0.00363194 -0.00131737 -0.0118763 0.00631302 0.00927133 0.00431591 0.000155966 0.00446389 0.0142681 0.0188417 -0.00114947 0.00681072 0.00142192 0.00677295 0.010109 0.00922942 0.0121913 -0.00366345 0.000652022 0.00145379 0.00516156 0.0107266 0.000945523 0.0121098 0.0140928 0.00361483 0.0067342 -0.00525097 0.0115283 0.00707183 -0.000842237 -0.000624936 0.00806674 0.00929003 -0.000587378 0.00431648 0.005537 0.00753496 0.00358893
internal_weight=2502 201 148.5 52.5 96 2301 808.5 99 1492.5 601.5 891 709.5 165 200.5 87.5 544.5 478.5 412.5 401 159.5 200.5 84.5 247.5 376.5 309 319 113 297 86 55 151.5 159.5 165 128.5 116 66 157.5 86 55 78 200.5 84.5 132.5 159.5
internal_count=1614 174 144 48 96 1440 441 54 999 513 486 387 90 171 63 297 261 225 342 87 171 60 99 189 162 174 108 198 81 52 81 87 66 57 111 66 81 81 52 54 171 60 60 87
is_linear=0
shrinkage=0.08


Tree=9
num_leaves=45
num_cat=0
split_feature=33 15 16 1 14 6 0 10 37 11 15 0 37 15 37 15 37 37 37 22 37 37 0 37 4 37 0 17 10 14 37 37 0 33 0 17 31 19 37 0 0 0 22 37
split_gain=33.9166 100.371 90.9678 17.0201 4.44315 2.17927 2.33172 1.73253 0.963938 0.800514 0.780305 0.513062 0.475211 0.540209 0.451467 0.328019 0.531971 0.319693 0.261411 0.225458 0.211078 0.20241 0.386045 0.162714 0.181588 0.112395 0.101639 0.0845386 0.0722595 0.0600726 0.056603 0.0527572 0.0471352 0.042477 0.0405153 0.0390157 0.0378342 0.0367615 0.0402054 0.0348253 0.0299894 0.0247615 0.0226283 0.0222797
threshold=1.0000000180025095e-35 0.29999999999999899 6.7750000000000004 11.965000152587892 8.4550000000000018 9.7950000000000017 16.375000000000004 9.9550000000000018 2.7300000000000004 1.1549999713897707 2.4650000000000012 17.835000000000004 9.6200000000000028 2.1950000000000003 9.7950000000000017 1.9399999999999999 10.180000000000001 7.4050000000000011 17.220000000000002 89.40000000000002 9.7850000000000019 11.72423076923077 17.150000000000002 16.185000000000006 16.140000000000004 3.1100000000000008 16.295000000000005 14.600000000000001 7.4050000000000011 7.4200000000000008 7.8750000000000009 10.875000000000002 17.935000000000006 1.9000000000000001 17.650000000000002 5.0000000000000009 0.70000000000000007 8.9000000000000021 8.8800000000000008 13.775000000000002 14.485000000000001 16.625000000000004 9.8000000000000025 8.5900000000000016
decision_type=2 2 2 2 2 2 2 2 2 2 2 2 2 2 2 2 2 2 2 2 2 2 2 2 2 2 2 2 2 2 2 2 2 2 2 2 2 2 2 2 2 2 2 2
left_child=1 -1 -3 -4 5 6 12 11 -5 -10 23 20 13 25 -13 36 -17 -12 28 27 -6 -22 41 24 35 33 -25 37 -19 -20 -26 43 -16 -2 -33 -7 -11 38 -15 -14 -41 -23 -32 -30
right_child=4 2 3 8 7 10 -8 -9 9 15 17 14 39 19 32 16 -18 18 29 -21 21 22 -24 26 30 -27 -28 -29 31 -31 42 34 -34 -35 -36 -37 -38 -39 -40 40 -42 -43 -44 -45
leaf_value=-0.1712726812009458 0.0014708412995484347 -0.10051651776847192 0.069541767570707527 0.014560012112716424 -0.003494666260282199 0.0019715470468489212 0.032279015016757839 -0.013624181932572164 -0.011708263476689658 -0.00126846797818291 0.00055242965494592985 0.0092711036552985508 0.0076519085237613093 0.013346547911296022 0.0024246937233922826 0.0016980222335610635 0.017491131204934347 0.010211231311162312 -0.00081538665380018454 0.018676223984131445 0.0012937301655394774 0.00054600351800521217 -0.012722856892893713 0.0019653638416812533 -0.0022937586067451371 0.0086002941969512171 0.0098362740951900684 0.015064600305310611 0.0073797494313296158 0.0040382579159831591 -0.00054357961532385912 0.0045932045739576002 -0.00072887676960182567 0.0060964049377556272 0.0077446650571766354 0.0049324926301356287 0.0017769340786690875 0.00942706765221046 0.0097115173935890201 0.0028454413169035409 0.0056647881623357529 -0.0025701451861823445 0.0016319032321060899 0.0092336356034123795
leaf_weight=27 27 59 27 36 187.5 73.5 29.5 66 30 69 60 60 39 55.5 58.5 39 21 60 24 39 211.5 51 21 21 90 69 21 43.5 127.5 51 76.5 69 63 24 42 46.5 42 55.5 30 33 90 24 51 61.5
leaf_count=18 27 32 27 36 75 36 16 36 30 54 24 24 39 42 33 39 21 36 24 30 102 51 18 21 36 69 21 36 51 51 42 36 42 24 21 24 27 36 15 33 81 24 27 27
internal_value=-1.28994e-11 -0.0230962 -0.0107099 0.00936054 0.00375634 0.00639468 0.0104164 -0.00125205 0.00250446 0.000345252 0.00393425 -4.50136e-05 0.00914058 0.0108251 0.00359334 0.0024599 0.00722561 0.00602666 0.00678172 0.0131497 -0.00137908 -8.90841e-05 -0.0031356 0.00120503 0.000620665 0.00649539 0.00590082 0.0119815 0.00767685 0.00248509 -0.000757678 0.00716998 0.000789509 0.00364758 0.00578565 0.00311891 -0.000116154 0.0110304 0.0120711 0.00556886 0.00490838 -0.000451164 0.000326614 0.007983
internal_weight=2502 350 323 264 2152 1409.5 535 742.5 237 201 874.5 676.5 505.5 343.5 181.5 171 60 495 435 223.5 495 307.5 96 379.5 337.5 120 42 184.5 360 75 217.5 300 121.5 51 111 120 111 141 85.5 162 123 75 127.5 189
internal_count=1614 284 266 234 1330 925 448 405 207 171 477 369 432 279 99 141 60 270 246 159 270 195 93 207 165 120 42 129 171 75 105 135 75 51 57 60 81 93 57 153 114 75 69 78
is_linear=0
shrinkage=0.08


Tree=10
num_leaves=45
num_cat=0
split_feature=33 15 16 7 14 14 4 35 12 37 16 7 36 0 0 37 37 22 36 36 35 37 15 36 0 37 22 36 16 37 14 37 16 35 37 0 37 37 36 37 32 37 37 36
split_gain=28.707 84.954 76.9951 14.8791 3.85008 4.04694 1.60806 4.52875 1.18538 1.17727 1.81693 1.23647 1.00182 0.636731 0.577684 0.502827 0.35951 0.450907 0.350381 0.332201 0.300926 0.248147 0.214999 0.152689 0.136672 0.131638 0.121724 0.103937 0.0969164 0.0963353 0.098299 0.0908735 0.0857377 0.0738678 0.0705959 0.0544686 0.0532489 0.0484071 0.0474183 0.0431289 0.039262 0.0293706 0.0280681 0.0274032
threshold=1.0000000180025095e-35 0.29999999999999899 6.7750000000000004 2.9150000810623173 8.3850000000000033 8.3150000000000013 17.955000000000002 1.5000000000000002 7.3250000000000011 2.9150000429153446 9.0499998331069964 2.9450000524520878 2.5000000000000004 16.960000000000004 17.475000000000005 11.893461538461539 9.6200000000000028 50.300000000000004 2.5000000000000004 1.5000000000000002 1.5000000000000002 16.195000000000004 1.9399999999999999 1.5000000000000002 13.955000000000002 13.265000000000002 53.300000000000004 1.5000000000000002 6.6350000000000016 7.6650000000000009 7.7950000000000008 17.070000000000004 6.6350000000000016 1.5000000000000002 16.625000000000004 14.280000000000003 13.955000000000002 17.545000000000005 2.5000000000000004 8.4550000000000018 0.50000000000000011 10.025 17.070000000000004 1.5000000000000002
decision_type=2 2 2 2 2 2 2 2 2 2 2 2 2 2 2 2 2 2 2 2 2 2 2 2 2 2 2 2 2 2 2 2 2 2 2 2 2 2 2 2 2 2 2 2
left_child=1 -1 -3 -4 5 8 14 -8 12 10 -5 -11 19 21 20 -16 17 35 27 -2 34 29 33 -22 -24 26 -21 -15 -19 -10 41 39 -28 40 -6 -14 -18 -17 -25 -20 -13 -31 -29 -32
right_child=4 2 3 9 6 -7 7 -9 13 11 -12 22 16 18 15 37 36 28 31 25 23 -23 24 38 -26 -27 32 42 -30 30 43 -33 -34 -35 -36 -37 -38 -39 -40 -41 -42 -43 -44 -45
leaf_value=-0.15757086038589477 0.003386178512401803 -0.092475197133371392 0.064880676555136838 -0.000337064471785669 0.0012336892988055179 0.035307163664345012 -0.026194818275118315 0.0081683958669503537 -0.0028401512915179846 -0.015536839825411637 0.031038240208512261 4.0109312006582813e-05 0.0087529558622661766 0.0022416788688768806 0.0082421593304979734 -0.0015555835771782882 0.010605582396189374 0.01567863099715289 0.0082232035523966737 0.0073698403494931314 -0.00028785285552342734 0.0075765768472443934 0.011234799151619275 -0.0032863506078720096 0.0031138537699330806 0.004300077257718405 0.008168210797839694 0.0060314347242054192 0.022945606247767023 0.003138545198986928 0.00093361197950992184 0.0043465796074914657 0.014463435486993857 -0.0033637955884138742 -0.0025717304712937522 0.01316051555307288 0.0061224981855887628 0.0024145600056896606 -0.0061311203718185424 0.011487186206014533 0.0040030366089195014 0.00084599572756703493 0.0028875106844035063 -0.0014322398034756648
leaf_weight=27 196 59 27 27 234 29.5 54 45 52.5 30 21 48 34 126.5 94.5 57 30 17 47.5 91.5 75 33 21 75 36 46 22.5 104.5 38 96 47 22 36 30 36 38 39 30 75 57 24 57 22 94
leaf_count=18 159 32 27 27 144 16 36 18 21 30 21 42 34 69 39 30 22 7 19 71 30 33 21 30 36 46 10 47 34 42 24 22 32 12 36 23 39 30 30 28 18 39 22 48
internal_value=5.80718e-11 -0.0212485 -0.00985309 0.0086117 0.00345584 0.00599568 -0.00105234 -0.0105752 0.00535374 0.00220131 0.0133896 -0.000640166 0.00805003 0.00326491 0.000341248 0.00420194 0.01272 0.0152454 0.00558203 0.00571506 -0.00107434 0.000947801 0.00217053 -0.00323511 0.00610578 0.00804394 0.00919206 0.00386317 0.0206995 0.000316489 0.000880175 0.00901974 0.0120422 -2.85857e-05 0.0007263 0.0110792 0.00807167 -0.000186569 -0.00470874 0.0100036 0.00136109 0.00228446 0.00548467 -0.000643623
internal_weight=2502 350 323 264 2152 1376.5 775.5 99 1347 237 48 189 588 759 676.5 181.5 196 127 379.5 392 495 379.5 159 225 57 196 150 253 55 346.5 294 126.5 58.5 102 270 72 69 87 150 104.5 72 153 126.5 141
internal_count=1614 284 266 234 1330 907 423 54 891 207 48 159 477 414 369 99 159 98 207 318 270 207 129 90 57 159 113 138 41 174 153 69 42 72 180 57 61 60 60 47 60 81 69 72
is_linear=0
shrinkage=0.08


Tree=11
num_leaves=45
num_cat=0
split_feature=34 0 37 22 13 14 16 10 26 36 22 37 37 36 36 37 22 37 11 36 0 4 34 0 36 37 13 35 0 37 36 35 37 34 22 37 37 35 35 10 37 37 13 27
split_gain=40.9661 163.237 18.2774 31.9355 27.8549 3.41474 1.92414 1.64436 0.950335 0.912953 0.579384 0.483004 0.357644 0.290328 0.273551 0.243359 0.22834 0.188472 0.170373 0.164982 0.147215 0.122361 0.10017 0.0944434 0.0855619 0.0773951 0.0689906 0.0621962 0.0607537 0.0578876 0.0526754 0.050151 0.0441488 0.046904 0.0393135 0.0423483 0.0377345 0.0230412 0.0219306 0.0958831 0.0781424 0.0175331 0.0167435 0.0154578
threshold=1.0000000180025095e-35 14.675500000000001 7.463000000000001 1.1000000000000003 1.1549999713897707 7.8200000000000012 6.0700000000000012 9.9550000000000018 1.0000000180025095e-35 2.5000000000000004 53.300000000000004 8.7150000000000016 11.936538366171032 1.5000000000000002 2.5000000000000004 9.7850000000000019 53.300000000000004 9.6200000000000028 7.3250000000000011 1.5000000000000002 16.960000000000004 11.984999656677248 3.5000000000000004 17.400000000000002 1.5000000000000002 13.265000000000002 7.3800000000000017 1.5000000000000002 16.960000000000004 10.875000000000002 2.5000000000000004 1.0000000180025095e-35 13.835000000000003 3.5000000000000004 43.100000000000009 9.6200000000000028 16.715000000000003 1.5000000000000002 1.0000000180025095e-35 7.8850000000000007 9.8250000000000011 7.0900000000000007 7.6250000000000009 10.400000000000002
decision_type=2 2 2 2 2 2 2 2 2 2 2 2 2 2 2 2 2 2 2 2 2 2 2 2 2 2 2 2 2 2 2 2 2 2 2 2 2 2 2 2 2 2 2 2
left_child=1 2 3 21 -4 6 -2 8 15 13 18 -12 14 34 24 19 26 -18 22 -7 42 -1 -11 36 -10 27 32 -24 -28 -22 -21 43 33 -15 -8 41 38 -35 39 -17 -40 -36 -20 -14
right_child=5 -3 4 -5 -6 7 9 -9 12 10 11 -13 31 16 -16 23 17 -19 20 30 29 -23 25 -25 -26 -27 28 -29 -30 -31 -32 -33 -34 37 35 -37 -38 -39 40 -41 -42 -43 -44 -45
leaf_value=-0.0066789265442639594 0.025077165545839254 -0.15588615001950945 -0.097008112430572502 0.097425247828165681 0.020743928054968514 -3.3259223029017449e-05 0.0018506175644706416 -0.012384107310437795 0.0022327870036716814 0.005420234539743626 0.020007285600708379 0.007352191591353128 0.0033370952261611818 0.0030041521259893973 0.010484192280857651 0.006247020175020831 0.012213453857025299 0.0041215152113602081 0.0039983554919818783 -0.0027146795492619274 0.009153156386671869 0.00048173273115285805 0.013689043106034745 -0.0038519769952152717 0.0062608222423328301 0.0060641269683837894 0.0013866530354558068 0.0091819158048989866 0.0046943588380689745 0.0050825097039341929 -0.0053113033890724182 -0.0010712852730864178 0.0027032542335135596 0.007977593495684155 0.0038703116761973585 0.0015265088524514189 -0.0019970470799528291 0.0056239010282244884 0.0013289530532001848 0.00040820504745675459 -0.0016015367319976743 0.00661279456615448 0.0016389781662396023 0.00060597606635253343
leaf_weight=24 33 52.5 22.5 30 30 100 284 66 67.5 33 46.5 33 36 24 67.5 24 50.5 29 38.5 100 56.5 42 43 33 67.5 20 66 36 77 37 100 54 28 59 37 36 33 48.5 198 72 82.5 25 38.5 21
leaf_count=24 18 30 18 30 30 40 192 36 29 33 36 27 36 24 29 24 38 25 21 40 24 42 34 18 29 20 36 27 42 27 40 27 28 45 34 31 33 32 99 72 39 13 21 21
internal_value=-1.09343e-14 -0.0346353 0.00823119 0.0289864 -0.0297212 0.00302551 0.00603193 -0.00013365 0.000632004 0.00548351 0.00867679 0.0147542 0.0043254 0.00388687 0.00632593 -0.00092743 0.00544638 0.00926168 0.00707958 -0.00268641 0.00540905 -0.00212214 0.00923733 0.000265101 0.0042468 0.0105097 0.00444368 0.0116352 0.00316773 0.00754231 -0.00401299 0.000675779 0.00558764 0.0062018 0.00232736 0.00370894 0.000596881 0.0069157 0.000824237 0.00186791 0.000467044 0.00497615 0.00281867 0.00233089
internal_weight=2502 201 148.5 96 52.5 2301 1179 1122 1056 1146 382 79.5 313.5 764 202.5 742.5 382 79.5 302.5 300 170.5 66 132 442.5 135 99 302.5 79 143 93.5 200 111 159.5 131.5 382 98 409.5 107.5 376.5 96 280.5 62 77 57
internal_count=1614 174 144 96 48 1440 828 612 576 810 270 63 171 540 87 405 270 63 207 120 93 66 114 285 58 81 207 61 78 51 80 84 129 101 270 78 267 77 234 96 138 47 42 57
is_linear=0
shrinkage=0.08


Tree=12
num_leaves=45
num_cat=0
split_feature=33 15 0 29 1 14 14 1 4 35 37 22 0 0 36 0 15 37 36 37 15 36 35 0 36 37 4 37 37 37 15 37 36 3 0 0 35 37 37 21 37 37 32 36
split_gain=22.1177 65.4501 54.0744 60.224 10.3786 2.94739 5.00792 1.94233 1.33226 3.82348 0.919054 1.23616 0.990394 0.868219 0.712922 0.470605 0.44434 0.413177 0.285078 0.264812 0.314274 0.226392 0.219806 0.131253 0.112296 0.103685 0.110946 0.0986332 0.150176 0.0932127 0.143516 0.0924937 0.104924 0.0898753 0.0890868 0.0780774 0.0780583 0.0558753 0.0537787 0.0492258 0.0390977 0.0386937 0.0367415 0.0348031
threshold=1.0000000180025095e-35 0.29999999999999899 16.415000000000003 0.3000000000000001 11.965000152587892 8.3850000000000033 8.3150000000000013 14.675500000000001 17.955000000000002 1.5000000000000002 2.9150000429153446 1.1000000000000003 11.97499990463257 16.050000000000004 2.5000000000000004 17.475000000000005 2.4650000000000012 11.893461538461539 2.5000000000000004 9.6200000000000028 2.2350000000000008 1.5000000000000002 1.5000000000000002 15.345000000000001 1.5000000000000002 16.185000000000006 16.140000000000004 17.150000000000002 7.8750000000000009 9.3000000000000025 2.1950000000000003 7.4050000000000011 1.5000000000000002 11.984999656677248 13.835000000000003 16.295000000000005 1.5000000000000002 17.150000000000002 16.545000000000005 1.5000000000000002 7.8750000000000009 17.545000000000005 4.2000000000000011 2.5000000000000004
decision_type=2 2 2 2 2 2 2 2 2 2 2 2 2 2 2 2 2 2 2 2 2 2 2 2 2 2 2 2 2 2 2 2 2 2 2 2 2 2 2 2 2 2 2 2
left_child=1 -1 4 -4 -3 6 13 10 15 -10 12 33 -6 14 21 22 25 -17 31 20 36 -2 38 -22 -24 26 -15 28 -20 30 -23 -18 -33 -12 -35 -27 -16 -34 -7 -30 -28 -19 -32 -26
right_child=5 2 3 -5 7 8 -8 -9 9 -11 11 -13 -14 16 19 17 18 41 27 -21 23 29 24 -25 43 35 40 -29 39 -31 42 32 37 34 -36 -37 -38 -39 -40 -41 -42 -43 -44 -45
leaf_value=-0.13830601463715236 0.002964153772272523 0.05861917713174114 -0.13037025378556813 -0.00054127918711553019 0.024334555865221083 0.0011235988388872808 0.037862075986498496 0.02117018149012611 -0.023930815783915697 0.0076434893897838066 0.0056949204703172053 -0.019329943571771896 -0.00023511656072168125 0.0024253196034890907 0.011653088439594617 0.0075043698877253866 -0.00036017700284719469 -0.0013600935352753782 0.0042351866476237777 0.0067927351707799564 0.020579601264361182 0.0047028927309438586 -0.00023943440566460291 0.013661821746826173 -0.0028121405971546971 0.0012382281948590563 -0.0018814621621535885 0.0027318390117337305 0.012194903912367645 0.0045808973933259643 0.012468562861011452 0.002180953373222042 0.0061098507778211079 -0.0034862039145082237 0.0025492422782505551 0.0081367816917953042 0.0049139680508100856 0.0018494527672495073 -0.0019059598531780972 0.0084341284391855949 0.00029634340660756128 0.0021894419764479003 0.0087549862731248138 -0.0052492961168289186
leaf_weight=27 168.5 27 42.5 49.5 21 225 29.5 42 54 45 30 21 21 120 22 94.5 40 57 40 54 33 40 75 37.5 75 21 90 24 40.5 60 36.5 134 110 24 45 21 22 24 45 49.5 127.5 30 32 75
leaf_count=18 144 27 23 27 21 135 16 27 36 18 30 21 21 60 22 39 16 30 16 51 30 40 30 19 30 21 36 24 20 54 26 76 52 24 45 21 22 24 45 24 69 30 24 30
internal_value=1.40942e-10 -0.0186511 -0.00864895 -0.0605166 0.0120083 0.0030334 0.00525564 0.00583922 -0.000911038 -0.00957886 0.00186453 -0.00170028 0.0120497 0.00454154 0.00716206 0.000357424 0.00296736 0.00384199 0.00463348 0.0114108 0.0135888 0.00503766 -0.00092025 0.0168999 -0.00276696 0.00093904 0.000472565 0.00744386 0.00831377 0.00711117 0.00851039 0.00322828 0.00376387 0.00203934 0.000449957 0.0046875 0.00828353 0.00534679 0.000618672 0.0101265 -0.000604818 -0.000136116 0.0107338 -0.00403072
internal_weight=2502 350 323 92 231 2152 1376.5 204 775.5 99 162 120 42 1347 505.5 676.5 841.5 181.5 462 168.5 114.5 337 495 70.5 225 379.5 337.5 154 130 168.5 108.5 308 268 99 69 42 44 134 270 90 217.5 87 68.5 150
internal_count=1614 284 266 50 216 1330 907 189 423 54 162 120 42 891 432 369 459 99 252 144 93 288 270 49 90 207 165 84 60 144 90 168 152 99 69 42 44 76 180 44 105 60 50 60
is_linear=0
shrinkage=0.08


Tree=13
num_leaves=45
num_cat=0
split_feature=34 1 15 11 37 3 22 10 13 25 36 1 37 37 35 37 36 36 11 22 37 15 36 34 28 37 10 27 36 1 1 33 36 7 18 36 13 36 1 37 37 37 5 10
split_gain=30.9831 137.828 75.0466 8.85315 5.77519 10.0328 2.20513 1.53818 1.3076 0.643791 0.577167 0.613224 0.288866 0.343434 0.227796 0.222971 0.273956 0.206944 0.147948 0.123603 0.10342 0.114089 0.0965718 0.115967 0.0931957 0.0903224 0.0887367 0.0809066 0.0800227 0.0544547 0.0496095 0.0479436 0.0448078 0.0444552 0.0437998 0.038421 0.0368904 0.032468 0.0322385 0.0282419 0.0280017 0.0267431 0.0557553 0.0318868
threshold=1.0000000180025095e-35 16.415000000000003 1.740000064373016 7.463000000000001 11.936538366171032 11.97499990463257 10.600000000000003 9.9550000000000018 7.8500000000000005 1.0000000180025095e-35 1.5000000000000002 15.995000000000003 9.6200000000000028 4.1100000000000003 1.5000000000000002 11.936538366171032 2.5000000000000004 2.5000000000000004 9.8950000000000014 50.300000000000004 7.4830000000000014 2.305000000000001 1.5000000000000002 4.6000000000000023 47.800000000000004 10.875000000000002 7.5750000000000002 7.5000000000000009 1.5000000000000002 15.280000000000003 13.180000000000001 1.0000000180025095e-35 2.5000000000000004 9.9950000000000028 4.2000000000000011 2.5000000000000004 7.4050000000000011 2.5000000000000004 14.280000000000003 16.545000000000005 13.56 11.784230769230772 9.9200000000000017 7.8950000000000005
decision_type=2 2 2 2 2 2 2 2 2 2 2 2 2 2 2 2 2 2 2 2 2 2 2 2 2 2 2 2 2 2 2 2 2 2 2 2 2 2 2 2 2 2 2 2
left_child=1 2 -1 4 5 -4 7 9 10 14 36 12 13 30 18 16 28 29 26 -19 -13 -22 -16 -24 -18 37 32 -17 -11 -15 -12 -28 -2 35 -27 -25 40 -23 -14 41 -8 43 -43 -33
right_child=6 -3 3 -5 -6 -7 8 -9 -10 15 11 20 38 17 22 27 24 19 -20 -21 21 25 23 33 -26 34 31 -29 -30 -31 -32 39 -34 -35 -36 -37 -38 -39 -40 -41 -42 42 -44 -45
leaf_value=-0.12724153646716366 0.0025450689252465965 -0.2019879568540133 0.059384989870919121 0.055801732847767495 -0.018942459060086146 -0.00034134513138000063 0.0033342752383498393 -0.011258837109780871 0.021377377365574692 0.0016973780659074434 0.0080776180020932647 -0.00026003468036651613 0.0078793641351736516 0.0119827264345981 0.00038100601052761521 0.0032417052766929074 0.0061262772289606242 0.011960948781361655 -0.0037739211652013994 0.018557126383448756 0.0016029778689456483 0.0056107696108143737 0.0021224963158259498 -0.0022953636138825805 0.011041631622517364 0.0050489266268495059 0.0037987991542710615 -0.00073595013857508703 0.0049139545658471607 0.0076568991343180341 0.0034666282549733296 -0.0011608523729309025 0.0063316887834419808 -0.0007597293823957443 0.00083015893985118191 -0.0046011479996346137 0.00090877303759004662 0.0085083159744137465 0.0045928368933447119 -0.0012964184214480413 0.00093293101323816254 0.00028846522257663313 0.0044211682744133172 0.0010644619098339957
leaf_weight=27 60 26 27 31 36 54 153 66 33 99 28 35 26 37 134.5 60 52 31.5 36 43 66 49.5 34 92.5 47 36 36 72 99 37.5 32 54 30 50 28 92.5 93.5 49.5 72 39 39 45 39 174
leaf_count=18 56 14 27 25 36 54 111 36 18 43 28 14 26 34 61 54 23 21 24 32 36 22 28 37 20 28 24 51 43 19 32 27 28 20 22 37 51 22 66 39 39 45 36 87
internal_value=5.56486e-13 -0.030121 -0.00458648 0.0177898 0.00771824 0.0195674 0.00263117 0.000665178 0.0057509 0.00125008 0.00514883 0.00661729 0.00904845 0.0107288 5.2835e-05 0.00380783 0.00502372 0.0127867 0.0011714 0.0157681 0.00379014 0.00440916 -0.00136928 -0.00224442 0.00845983 0.0055454 0.00154463 0.00107208 0.00330567 0.0098053 0.00561842 0.00101843 0.00380728 -0.00287623 0.00320322 -0.00344826 0.0022119 0.00705954 0.00546477 0.000733266 0.0028465 0.000986977 0.00220722 0.000537414
internal_weight=2502 201 175 148 117 81 2301 1411.5 889.5 1345.5 856.5 571 307 209 916.5 429 297 149 513 74.5 264 229 403.5 269 99 163 477 132 198 74.5 60 387 90 235 64 185 285.5 99 98 351 192 312 84 228
internal_count=1614 174 160 142 117 81 1440 819 621 783 603 402 258 166 549 234 129 106 366 53 144 130 183 122 43 94 342 105 86 53 60 258 84 94 50 74 201 44 92 234 150 195 81 114
is_linear=0
shrinkage=0.08


Tree=14
num_leaves=45
num_cat=0
split_feature=33 15 16 1 14 14 4 35 12 36 37 36 4 36 0 37 0 37 0 37 37 36 36 35 15 0 37 36 37 15 0 32 14 36 37 35 37 36 35 37 35 36 36 37
split_gain=15.9481 46.8405 45.5003 8.75075 2.15788 4.46743 1.09304 3.23272 0.643894 0.525659 0.479571 1.29049 4.14233 1.19823 1.80548 0.94439 0.362748 0.352472 0.325621 0.192031 0.184005 0.176458 0.16797 0.165753 0.164518 0.190455 0.0910459 0.0798249 0.0756323 0.0696936 0.0761539 0.06443 0.0575922 0.0433107 0.0398686 0.0382131 0.0351609 0.0294153 0.0293545 0.028892 0.0269775 0.0249583 0.0209027 0.0202141
threshold=1.0000000180025095e-35 0.29999999999999899 6.7750000000000004 11.965000152587892 8.3600000000000012 8.2450000000000028 17.955000000000002 1.5000000000000002 7.3250000000000011 2.5000000000000004 11.959615403688874 1.5000000000000002 11.984999656677248 1.5000000000000002 11.984999656677248 2.9600000238418587 17.475000000000005 11.893461538461539 17.070000000000004 13.265000000000002 16.195000000000004 2.5000000000000004 1.5000000000000002 1.5000000000000002 2.4900000000000007 15.695000000000002 7.6650000000000009 1.5000000000000002 13.095000000000002 2.1950000000000003 15.345000000000001 0.50000000000000011 7.7950000000000008 1.5000000000000002 16.625000000000004 1.5000000000000002 10.875000000000002 2.5000000000000004 1.5000000000000002 9.9800000000000022 1.5000000000000002 2.5000000000000004 2.5000000000000004 13.265000000000002
decision_type=2 2 2 2 2 2 2 2 2 2 2 2 2 2 2 2 2 2 2 2 2 2 2 2 2 2 2 2 2 2 2 2 2 2 2 2 2 2 2 2 2 2 2 2
left_child=1 -1 -3 -4 5 8 16 -8 9 22 11 15 -13 -12 -15 -5 23 -18 20 24 26 33 43 34 35 -26 -10 -25 29 38 -31 40 39 -20 -6 -11 -23 -19 -24 -28 -14 -29 -34 -2
right_child=4 2 3 10 6 -7 7 -9 18 19 13 12 31 14 -16 -17 17 37 21 -21 -22 36 28 27 25 -27 32 41 -30 30 -32 -33 42 -35 -36 -37 -38 -39 -40 -41 -42 -43 -44 -45
leaf_value=-0.11706221651147913 0.0029064473493645589 -0.070890417078794052 0.049970643078839333 -0.016544781219628123 0.00093955804750076532 0.035301556161652176 -0.021803630622948902 0.0072291422403521011 -0.00269712840889891 0.0094562615326752794 0.011353968486020511 0.040237072565148337 0.001933486603666097 -0.029264331772923469 0.0032812069880310446 0.0040786317866295576 0.0065480389088100081 0.0007844343359465711 0.0016791361160939198 0.0046648275192179116 0.006146286140396519 0.0078454383930494625 0.0058646181643009186 -0.00025076013505458833 0.017004147179519074 0.009196761552198434 0.0027047022850149208 -0.0024153212159872058 0.0030090890333910165 0.010716283566041573 0.0061822787864190152 0.0049681593492054022 0.00022834115196019412 0.0038699808908682883 -0.0019201918087330544 0.005704128934739856 0.0050345362635219803 -0.0021861888869898396 0.001752661203965545 0.00052883934447258384 -0.0013028128110968015 -0.0044791903813680015 -0.0018379308148584468 0.00098945405486080325
leaf_weight=27 150 59 27 27 234 29.5 54 45 60 38 22 22 32 20 24 30 102 64 115.5 46 36 64.5 25 75 39.5 40.5 90 75 48 37 66 26 94 115.5 36 32 51 32 20 69 34 75 47 46
leaf_count=18 113 32 27 27 144 16 36 18 24 36 22 22 28 20 24 20 42 44 63 46 36 27 25 30 30 18 39 30 48 34 32 16 48 63 36 29 36 22 20 45 28 30 24 46
internal_value=6.17299e-11 -0.0158376 -0.00737605 0.00681845 0.00257581 0.00450901 -0.000743819 -0.00860692 0.00382627 0.00580392 0.00190238 0.00413809 0.00905231 -0.00389016 -0.0115122 -0.00569035 0.000379481 0.00327346 0.00226013 0.00918666 0.000693013 0.00405113 0.00411255 -0.000778113 0.0105734 0.0130517 0.000147685 -0.00238176 0.00576856 0.00666352 0.007811 0.00159509 0.000716648 0.00277456 0.000558258 0.007741 0.00660426 -0.000205773 0.00403708 0.00176046 0.000266302 -0.00344726 -0.000460416 0.00245654
internal_weight=2502 350 323 264 2152 1360 792 99 1330.5 588 237 171 114 66 44 57 693 198 742.5 196 396 346.5 392 495 150 80 360 225 196 148 103 92 300 231 270 70 115.5 96 45 159 66 150 141 196
internal_count=1614 284 266 234 1330 898 432 54 882 477 207 141 94 66 44 47 378 108 405 159 216 189 318 270 113 48 180 90 159 111 66 72 156 126 180 65 63 66 45 84 56 60 72 159
is_linear=0
shrinkage=0.08


Tree=15
num_leaves=45
num_cat=0
split_feature=34 1 15 6 37 16 15 14 16 10 36 28 3 22 37 37 36 36 1 35 36 22 37 1 11 1 36 27 32 37 37 13 35 1 36 22 37 22 37 17 37 35 35 1
split_gain=23.906 110.229 54.0316 6.70517 4.64825 7.33761 3.78333 1.89487 2.29232 1.13652 0.499834 0.451215 0.41075 0.310192 0.318772 0.202216 0.187428 0.162722 0.220285 0.175751 0.152053 0.12254 0.112243 0.0873561 0.0771279 0.0857564 0.058051 0.0547038 0.054366 0.0540487 0.0483234 0.0403326 0.0393948 0.0331945 0.0329782 0.0290655 0.0281169 0.0269267 0.0258563 0.0227389 0.0217136 0.0159651 0.0152807 0.0128883
threshold=1.0000000180025095e-35 16.415000000000003 1.740000064373016 6.4620000000000006 2.9050000905990605 9.044999837875368 1.7800000452995304 7.8200000000000012 6.0700000000000012 9.9550000000000018 2.5000000000000004 36.700000000000003 11.984999656677248 45.400000000000013 8.7150000000000016 11.893461538461539 2.5000000000000004 2.5000000000000004 17.100000000000005 1.5000000000000002 1.5000000000000002 53.300000000000004 9.6200000000000028 17.310000000000006 7.3250000000000011 16.960000000000004 1.5000000000000002 7.5000000000000009 1.5000000000000002 10.875000000000002 6.9350000000000014 7.3800000000000017 1.5000000000000002 16.860000000000003 1.5000000000000002 20.500000000000004 14.055000000000001 2.7000000000000006 9.4050000000000029 2.1000000000000005 9.9200000000000017 1.5000000000000002 1.5000000000000002 15.625000000000002
decision_type=2 2 2 2 2 2 2 2 2 2 2 2 2 2 2 2 2 2 2 2 2 2 2 2 2 2 2 2 2 2 2 2 2 2 2 2 2 2 2 2 2 2 2 2
left_child=1 2 -1 4 5 -4 -6 8 -2 11 20 17 -8 24 30 16 26 23 19 -19 35 31 -23 32 28 40 -13 -17 39 -27 -15 36 -9 -33 -34 -10 37 -22 41 -12 -26 -37 -39 -30
right_child=7 -3 3 -5 6 -7 12 9 10 -11 13 15 -14 14 -16 27 -18 18 -20 -21 21 22 -24 -25 25 29 -28 -29 43 -31 -32 33 34 -35 -36 38 -38 42 -40 -41 -42 -43 -44 -45
leaf_value=-0.10769723112936375 0.025338420723423814 -0.18015768124507023 -0.0034494377926845726 0.048444517966239678 -0.034585732746691931 0.061303327422411673 0.012529003631185602 0.00070791209532549933 0.00092582825157116674 -0.010226656613927899 0.0036690293811261657 0.0012872333202775068 -0.0018548923373843233 0.01229269022506381 0.0049590028340860109 0.0028320005809267363 0.0083207303379464331 0.00098712983116376824 -0.0077157815091021655 -0.0036719200689541666 0.0019923541792061018 0.0089722533118311715 0.0027276114298929945 0.0037598000348291615 0.00079306979642974006 0.007231351824907156 0.0047079959500023697 -0.00067065749715906203 0.0092196552140935174 0.0031988830222851698 0.017146907806396487 0.00087271053908449239 0.00022099020441130893 0.0033176819568911152 -0.0018083590458079083 0.0043543828260607835 0.0015156750380022762 0.0058378938609553923 0.0012155164329451509 0.0069342213549784251 0.0035190330262412318 0.0023911059262541434 0.0039633490694778988 0.0068979451785033397
leaf_weight=27 33 26 24 31 21 21 27 246 186 66 39 63.5 24 31.5 41 45 63.5 114 38.5 95 23 50.5 29 44 45 52 63.5 78 34.5 36 22.5 66 102.5 77 102.5 41 24 62 80 21 32 75 50.5 27.5
leaf_count=18 18 14 24 25 21 21 27 164 126 36 39 27 24 30 33 36 27 76 21 38 23 38 25 24 19 22 27 54 30 26 12 36 41 42 41 32 24 48 64 21 23 48 34 15
internal_value=1.4347e-10 -0.0264582 -0.00362284 0.0153637 0.00659871 0.0267685 -0.00600743 0.00231121 0.00455076 -4.21142e-05 0.00395216 0.00059442 0.00576011 0.00631496 0.0102773 0.00313937 0.00477199 -0.000480114 -0.00215498 -0.00113062 0.00277077 0.00389937 0.00669433 0.000357318 0.00500338 0.00387568 0.00299761 0.000610803 0.00652854 0.00558171 0.0143153 0.00316482 2.53682e-05 0.00218923 -0.000793684 0.00164217 0.00403949 0.00448651 0.00232196 0.00481185 0.00192594 0.00308502 0.00499643 0.00818986
internal_weight=2502 201 175 148 117 45 72 2301 1179 1122 1146 1056 51 382 95 313.5 190.5 742.5 247.5 209 764 382 79.5 495 287 165 127 123 122 88 54 302.5 451 143 205 382 159.5 135.5 196 60 77 116 112.5 62
internal_count=1614 174 160 142 117 45 72 1440 828 612 810 576 51 270 75 171 81 405 135 114 540 270 63 270 195 90 54 90 105 48 42 207 246 78 82 270 129 105 144 60 42 80 82 45
is_linear=0
shrinkage=0.08


Tree=16
num_leaves=45
num_cat=0
split_feature=34 1 2 36 16 16 37 10 4 35 0 1 7 15 37 36 35 37 36 10 37 36 0 36 36 36 6 1 37 37 37 36 0 20 16 36 2 2 6 36 36 37 0 15
split_gain=20.234 93.2979 47.2624 11.5884 39.1628 22.614 2.1538 2.46497 1.59961 2.73088 1.09676 1.79069 0.577113 0.373195 0.344468 0.300918 0.28837 0.243211 0.235104 0.196739 0.103063 0.098575 0.0956175 0.124712 0.0781245 0.0684665 0.0624276 0.0543747 0.0541883 0.0416501 0.0483277 0.0377491 0.0333587 0.0367921 0.0314938 0.029717 0.0225464 0.0208257 0.0226208 0.0184186 0.016496 0.0161427 0.0277758 0.0260155
threshold=1.0000000180025095e-35 16.415000000000003 11.069999904632569 2.5000000000000004 8.740000000000002 9.0399996042251605 11.936538366171032 1.1549999713897707 17.955000000000002 1.5000000000000002 16.175000000000004 16.165000000000003 10.105000000000002 2.5050000000000003 11.893461538461539 2.5000000000000004 1.5000000000000002 8.7150000000000016 2.5000000000000004 7.455000000000001 8.7150000000000016 1.5000000000000002 16.140000000000004 2.5000000000000004 1.5000000000000002 1.5000000000000002 9.9950000000000028 17.590000000000003 17.380000000000006 13.955000000000002 3.3550000000000004 1.5000000000000002 14.485000000000001 0.90000000000000013 6.2500000000000009 2.5000000000000004 17.590000000000003 17.630000000000006 11.974615384615387 2.5000000000000004 1.5000000000000002 9.8250000000000011 16.805000000000003 0.29999999999999899
decision_type=2 2 2 2 2 2 2 2 2 2 2 2 2 2 2 2 2 2 2 2 2 2 2 2 2 2 2 2 2 2 2 2 2 2 2 2 2 2 2 2 2 2 2 2
left_child=1 2 -1 4 -4 -5 7 -6 10 -10 11 13 16 22 18 20 19 -17 25 -12 21 -15 23 31 -18 34 35 -20 39 30 -25 -2 33 -32 -14 -26 -27 -30 -39 -16 -22 42 -21 -43
right_child=8 -3 3 5 6 -7 -8 -9 9 -11 12 -13 14 15 28 17 24 -19 27 41 40 -23 -24 29 26 36 -28 -29 37 -31 32 -33 -34 -35 -36 -37 -38 38 -40 -41 -42 43 -44 -45
leaf_value=-0.11156917798519135 0.001364499924650776 -0.16574506759643556 0.11272585391998291 -0.073723876233003582 -0.009522102529612872 0.035536168810601038 -0.020587665165464081 0.024685812246586596 -0.019950771632569808 0.0067335142286287413 0.0059013872876487392 0.023311347383441348 0.0009915599200961201 0.0039844479604679 -0.0001419581430416335 0.014858461239758661 2.9699683189392091e-05 0.0062744317576289175 0.0060442064179663073 0.00069411458369965362 0.0016364600221138626 0.0094331600210245913 0.00039192266013318055 0.003283293398131651 -0.0019774565595117484 0.0036708801192890483 0.0002243428960442543 0.009365366888046265 0.0039037953317165378 0.002260388566092366 0.0059474459160929142 0.0033587075851152465 0.0045904817419169944 0.010232002056878188 0.0035244716222238058 -0.0038370201228694486 0.0058094816446304324 -0.00093181154158498568 0.0026634900289354848 -0.002422430602943196 0.0038786382565186139 -0.0020144992390716517 0.0027428281505902609 0.00063030329931397641
leaf_weight=22.5 121.5 26 26 24.5 26 24 24 28 54 45 54 33 86 42.5 68 42.5 135 42 85.5 144 42 42.5 82.5 27 110 85.5 50 50 24 21 23 121.5 21.5 29 49.5 110 50 21 24 34 42 27 60 201
leaf_count=18 114 14 18 22 26 24 24 28 36 18 36 18 37 29 46 29 54 31 38 72 31 29 45 27 44 38 20 21 24 21 23 114 14 29 22 44 21 21 24 23 31 27 30 159
internal_value=-1.92159e-11 -0.0243415 -0.00333301 0.0126363 0.0276961 -0.019657 -0.000647127 0.00821533 0.00212631 -0.00782155 0.00257356 0.0050998 0.00131173 0.00424187 0.00328164 0.00669386 3.49391e-05 0.0105918 0.00454888 0.00134876 0.00474487 0.0067088 0.00285131 0.00340796 -0.00154164 0.00318845 -0.00232732 0.00726973 0.000269187 0.00550067 0.00617775 0.0023616 0.00724102 0.00833691 0.00191687 -0.00290724 0.00446003 0.00200068 0.000985683 -0.000902116 0.00275755 0.00077968 0.00129668 0.000317103
internal_weight=2502 201 175 152.5 104 48.5 78 54 2301 99 2202 733.5 1468.5 700.5 577.5 253.5 891 84.5 406.5 486 169 85 447 364.5 405 271 270 135.5 171 121.5 100.5 243 73.5 52 135.5 220 135.5 69 45 102 84 432 204 228
internal_count=1614 174 160 142 96 46 78 54 1440 54 1386 585 801 567 315 180 486 60 177 324 120 58 387 342 162 118 108 59 138 114 93 228 66 52 59 88 59 69 45 69 62 288 102 186
is_linear=0
shrinkage=0.08


Tree=17
num_leaves=45
num_cat=0
split_feature=34 1 6 36 16 16 35 10 4 37 0 1 7 37 36 35 0 36 10 0 37 36 17 37 37 36 37 36 7 1 37 37 33 26 34 20 36 3 3 5 37 0 17 36
split_gain=17.1261 78.9674 40.9001 8.06751 27.1612 16.996 1.44715 3.24955 1.35391 2.65962 0.928298 1.51564 0.488469 0.291558 0.269364 0.244076 0.211563 0.198992 0.16652 0.144561 0.205854 0.0847243 0.0792286 0.105399 0.069365 0.0661246 0.0614933 0.0579501 0.0544249 0.0460227 0.045865 0.0407308 0.0318407 0.029862 0.0274553 0.0221686 0.021993 0.0190832 0.0176268 0.0349473 0.0167436 0.0177468 0.015977 0.0155895
threshold=1.0000000180025095e-35 16.415000000000003 2.8250000476837163 2.5000000000000004 9.0199997472763087 9.0399996042251605 1.0000000180025095e-35 1.1549999713897707 17.955000000000002 11.784230769230772 16.175000000000004 16.165000000000003 10.105000000000002 11.893461538461539 2.5000000000000004 1.5000000000000002 16.050000000000004 2.5000000000000004 7.455000000000001 14.700500000000002 8.7150000000000016 1.5000000000000002 2.1000000000000005 9.3000000000000025 3.0500000000000003 1.5000000000000002 13.835000000000003 1.5000000000000002 9.9800000000000022 17.590000000000003 17.380000000000006 7.0900000000000007 1.0000000180025095e-35 5.4000000000000012 34.100000000000009 2.1000000000000005 2.5000000000000004 17.515000000000004 17.590000000000003 11.992692307692311 16.715000000000003 17.100000000000005 2.1000000000000005 2.5000000000000004
decision_type=2 2 2 2 2 2 2 2 2 2 2 2 2 2 2 2 2 2 2 2 2 2 2 2 2 2 2 2 2 2 2 2 2 2 2 2 2 2 2 2 2 2 2 2
left_child=1 2 -1 4 -4 -5 -6 -8 10 -10 11 14 15 17 21 18 19 27 -12 24 -21 -2 35 31 -16 -17 42 33 36 -19 43 34 -20 -14 -24 -23 -27 -29 -32 -40 41 -34 -26 -15
right_child=8 -3 3 5 6 -7 7 -9 9 -11 12 -13 13 30 16 25 -18 29 32 20 -22 22 23 -25 26 28 -28 37 -30 -31 38 -33 40 -35 -36 -37 -38 -39 39 -41 -42 -43 -44 -45
leaf_value=-0.10375415756967332 0.0017156941950580702 -0.1524854667370136 0.085679885968565947 -0.06202744000420278 -0.018940649988750616 0.032693276144564153 -0.019509999644942582 0.022710948210442439 -0.017107860411606019 0.010150235067639086 0.0054292762293307872 0.021446439280654445 0.0028301796853542329 -0.00013060147079693921 0.0014167627611238025 2.7323727806409197e-05 0.0011236690304411406 0.0055606698945752887 0.0029952110777634921 0.013669784616021551 0.0057724772961366749 0.0010043924945956943 0.0041928177257391829 0.0023193928608920291 0.0062173479283228516 -0.0019064834674083909 0.0025309743462130431 0.0033772097695727796 0.00010453407957472585 0.0086161375999450687 0.0035914916592688921 0.0093119286840612232 0.00049917406279645447 0.00044120952610141978 0.0076645502463287239 0.0035912944711204886 -0.0035247225390617237 0.0053447230547666548 -0.0011785973930576194 0.0032901712808580627 -0.00121507308953865 0.0025306929647922515 0.0087979159416521312 -0.0022286361959927225
leaf_weight=22.5 233.5 26 32 24.5 24 24 20 28 63 36 54 33 75 68 23 135 44 85.5 36 42.5 42 55 36 56 28 107.5 20 85.5 55 50 24 27.5 333 60.5 24.5 34.5 107.5 50 24 21 33 30 34 34
leaf_count=18 189 14 24 22 24 24 20 28 27 27 36 18 33 46 23 54 24 38 24 29 31 45 30 47 28 43 20 38 22 21 24 14 216 26 23 30 43 21 24 21 33 15 34 23
internal_value=-6.44629e-12 -0.0223942 -0.00306637 0.0117892 0.0243547 -0.0151553 -0.00290096 0.00511889 0.00195621 -0.00719583 0.00236768 0.00469182 0.00120679 0.00301911 0.00390252 3.2144e-05 0.00612108 0.00418497 0.00124086 0.00728142 0.0097445 0.00279324 0.00387078 0.00503255 0.00529924 -0.00141831 0.00638822 0.00293337 -0.00214113 0.00668815 0.000247652 0.0067591 0.000717305 0.00176352 0.00559873 0.00200158 -0.0027156 0.00410323 0.00184062 0.000906828 0.000510223 0.000667068 0.0076325 -0.000829946
internal_weight=2502 201 175 152.5 104 48.5 72 48 2301 99 2202 733.5 1468.5 577.5 700.5 891 233.5 406.5 486 189.5 84.5 467 233.5 144 105 405 82 271 270 135.5 171 88 432 135.5 60.5 89.5 215 135.5 69 45 396 363 62 102
internal_count=1614 174 160 142 96 46 72 48 1440 54 1386 585 801 315 567 486 189 177 324 165 60 378 189 114 105 162 82 118 108 59 138 67 288 59 53 75 86 59 69 45 264 231 62 69
is_linear=0
shrinkage=0.08


Tree=18
num_leaves=45
num_cat=0
split_feature=34 5 37 15 13 10 22 13 26 1 1 37 37 37 6 14 37 37 27 15 37 34 37 37 18 37 7 37 1 37 15 37 22 5 37 31 37 37 32 31 33 37 37 37
split_gain=14.4955 69.2971 10.5085 26.0919 18.7291 1.22609 0.843302 1.32034 0.355419 0.265734 0.162664 0.208811 0.130893 0.116911 0.0977647 0.0743176 0.0958935 0.0741924 0.0596699 0.0550185 0.116756 0.0451348 0.043024 0.0564586 0.0498369 0.0408821 0.0369847 0.0355721 0.0425547 0.0358142 0.0345701 0.0457899 0.0266051 0.0208311 0.0207974 0.0301866 0.0192679 0.0236883 0.0190093 0.0205079 0.0183046 0.019187 0.0168824 0.0168702
threshold=1.0000000180025095e-35 7.3680000000000012 7.463000000000001 1.765000104904175 1.1549999713897707 9.9550000000000018 10.600000000000003 7.8500000000000005 1.0000000180025095e-35 15.695000000000002 14.640000000000002 8.7150000000000016 6.8050000000000006 11.893461538461539 2.9450000524520878 7.7550000000000008 9.7850000000000019 8.1550000000000029 7.5000000000000009 2.5750000000000002 10.875000000000002 42.70000000000001 3.1100000000000008 14.310000000000002 6.4000000000000012 4.3200000000000012 10.105000000000002 7.5300000000000002 16.625000000000004 7.8500000000000005 3.1200000000000006 9.9950000000000028 29.300000000000004 11.992692307692311 7.6250000000000009 6.1000000000000005 3.0500000000000003 5.1300000000000017 1.0000000000000002 1.3 0.3000000000000001 16.660000000000004 15.995000000000003 16.155000000000005
decision_type=2 2 2 2 2 2 2 2 2 2 2 2 2 2 2 2 2 2 2 2 2 2 2 2 2 2 2 2 2 2 2 2 2 2 2 2 2 2 2 2 2 2 2 2
left_child=1 2 3 -1 -4 6 8 9 15 10 22 12 21 17 -5 36 38 -10 -15 27 34 -12 -8 24 32 -26 40 -11 29 -29 31 33 -24 -19 -21 -36 -2 -38 -17 -40 -18 43 -22 -42
right_child=5 -3 4 14 -6 -7 7 -9 13 19 11 -13 -14 18 -16 16 26 30 -20 20 42 -23 23 -25 25 -27 -28 28 -30 -31 -32 -33 -34 -35 35 -37 37 -39 39 -41 41 -43 -44 -45
leaf_value=0.095303031206130984 -0.00014540505168649057 -0.099603781382242837 -0.076624869240654842 -0.0039626920481936802 0.019930387408162158 -0.0089466255331045082 0.0011065819238622982 0.019730724096298217 0.00037671338617801669 -0.0010190499007701873 0.0047923765257345862 0.0038878259557172841 0.013496358728770055 0.0026664349693579204 0.0019331355676210174 -0.0024014214587708312 0.0018553688813098853 0.002878381298199572 -0.00060192359157670763 0.0031491957715712488 0.0014994371092567841 0.0093009636029601096 0.0047270310421784721 0.00091062357462942602 1.0763577939498994e-05 0.0047171307782883998 -0.0021267431390647224 0.002928824994713068 0.0041482717550307925 0.00019365017261103884 0.0025509156044421157 0.0064313799458922761 0.0075346984891479628 0.0050031189762410671 0.0036400863709342146 0.0064455934696727325 0.0042009950882789717 0.0014770571985406736 0.00035869561774390081 -0.0014470981648866683 0.00022987574165213913 -0.0015596397221088411 -0.00073712223830322426 0.0015570558374172743
leaf_weight=24 30 52.5 22.5 36 30 66 39 33 37.5 37.5 27 81 33 66 36 90 63 67.5 78 75 54 30 54 30 21 27 34.5 45 36 96 61.5 66 36 52.5 54 45 27 84 52.5 172.5 252 30 36 81
leaf_count=24 30 30 18 36 30 36 39 18 15 15 18 63 24 57 36 36 42 27 54 30 33 30 54 30 21 27 21 18 24 60 27 33 36 21 24 21 27 69 21 69 123 30 36 81
internal_value=1.06652e-10 -0.0206027 0.00732701 0.0230647 -0.0214504 0.00179971 0.00211705 0.00402828 0.000853557 0.00342328 0.0050087 0.0068346 0.0094867 0.00275401 -0.00101478 -3.60139e-05 -0.00034319 0.00369275 0.000896074 0.00217085 0.00294409 0.00716532 0.00350035 0.00405605 0.00473984 0.0026581 0.000392566 0.00121917 0.00169336 0.00106658 0.00419518 0.00473885 0.0058501 0.00380795 0.00415406 0.00491532 0.00165346 0.00213964 -0.0014188 -0.00102575 0.000596595 0.00037813 0.000604813 0.000552703
internal_weight=2502 201 148.5 96 52.5 2301 2235 889.5 1345.5 856.5 378 171 90 429 72 916.5 775.5 285 144 478.5 264 57 207 168 138 48 460.5 214.5 177 141 247.5 186 90 120 174 99 141 111 315 225 426 363 90 333
internal_count=1614 174 144 96 48 1440 1404 621 783 603 342 135 72 234 72 549 423 123 111 261 144 48 207 168 138 48 297 117 102 78 108 81 90 48 75 45 126 96 126 90 276 234 69 204
is_linear=0
shrinkage=0.08


Tree=19
num_leaves=45
num_cat=0
split_feature=34 1 15 36 16 35 15 35 10 0 1 26 15 36 0 36 36 1 0 35 36 3 36 15 10 36 35 33 29 16 36 3 35 26 32 10 17 21 0 15 34 0 35 36
split_gain=12.269 59.9654 38.494 5.49442 9.52492 3.00757 1.49263 1.66527 1.03777 0.71047 1.08315 0.379578 0.233608 0.21012 0.167367 0.118063 0.0790938 0.202822 0.0929217 0.0826001 0.0640045 0.0848428 0.0584894 0.0409839 0.0396935 0.0426563 0.0338539 0.0329058 0.0229346 0.0192502 0.0184051 0.0200565 0.0174754 0.0326513 0.0170086 0.0164783 0.0161998 0.0184401 0.0150385 0.014622 0.0116745 0.0116664 0.0108487 0.00885905
threshold=1.0000000180025095e-35 16.415000000000003 1.740000064373016 1.5000000000000002 9.0399996042251605 1.5000000000000002 1.7800000452995304 1.0000000180025095e-35 9.9550000000000018 16.175000000000004 16.165000000000003 1.0000000180025095e-35 2.5050000000000003 1.5000000000000002 15.280000000000003 2.5000000000000004 2.5000000000000004 17.100000000000005 17.255000000000006 1.5000000000000002 2.5000000000000004 16.155000000000005 2.5000000000000004 2.835 9.7450000000000028 1.5000000000000002 1.5000000000000002 1.0000000180025095e-35 2.1000000000000005 9.2000000000000011 1.5000000000000002 16.155000000000005 1.5000000000000002 4.4000000000000012 17.600000000000005 7.8050000000000006 1.5000000000000002 4.7000000000000002 15.765000000000002 2.835 14.700000000000005 14.005000000000001 1.0000000180025095e-35 1.5000000000000002
decision_type=2 2 2 2 2 2 2 2 2 2 2 2 2 2 2 2 2 2 2 2 2 2 2 2 2 2 2 2 2 2 2 2 2 2 2 2 2 2 2 2 2 2 2 2
left_child=1 2 -1 4 -4 6 -5 -8 9 10 12 16 20 -14 22 24 18 19 27 35 30 29 -15 -17 25 34 38 -11 -21 36 -2 -32 33 -25 -13 -18 41 -38 -16 -27 43 -22 -37 -29
right_child=8 -3 3 5 -6 -7 7 -9 -10 11 -12 15 13 14 26 23 17 -19 -20 28 21 -23 -24 32 -26 39 -28 40 -30 -31 31 -33 -34 -35 -36 42 37 -39 -40 -41 -42 -43 -44 -45
leaf_value=-0.089956678637751822 0.00091537961864261112 -0.13231832650991587 0.068395970155186253 -0.024662668864641871 -0.0011765553988516331 0.022691125663427205 0.016823866726322606 -0.014303029653700916 -0.0082308964803814895 0.00213667587953916 0.018152266451806735 0.00095700267679662773 0.002003903637210337 0.0079830819425674576 0.0051127131190150978 0.0023522794416004963 0.0025750943291932343 -0.0066935810059696047 0.0038791065341369675 -0.00081692750751972206 0.003925859123270062 -0.0010118428152054548 0.013349159927322314 0.0057715662918759111 0.0038907315878366883 0.0010660768342627721 0.0069327075945006481 -0.00011485130610791121 -0.0031596511239590855 0.0065821701004391622 0.0025591105614114172 -5.7246305725791234e-05 0.0055773225581204448 0.0025026401140106221 -0.00074768124806760545 -0.00074948612270721543 0.0062064957797216868 0.0033648753180903824 0.0027675521038472649 0.0025930468946293952 0.00013146842137249731 0.001394544890059567 0.0010270198699877118 -0.0013283888220654004
leaf_weight=27 149 26 26.5 21 24 32.5 22 22 66 44 33 154 84.5 26 42 77 30 38.5 44 50 27 22 26 33 44 55 45 77 57.5 21 127 22 67.5 48 49.5 33 30 28.5 30 148.5 308 20.5 66 77
leaf_count=18 129 14 24 19 24 31 22 22 36 24 18 84 60 24 28 42 20 21 24 20 27 12 24 22 24 30 24 42 23 21 117 12 27 32 27 33 30 21 20 81 168 18 33 42
internal_value=-2.05789e-11 -0.0189545 -0.00211183 0.0139139 0.0353318 0.00282055 -0.00711473 0.00126042 0.00165574 0.00194769 0.00398842 0.000950767 0.00332118 0.00526115 0.00688977 0.00235543 -0.000201053 -0.00130882 0.000352831 -0.000432233 0.00222099 0.0035748 0.0106661 0.00385004 0.00160812 0.00136135 0.00521139 4.61987e-05 -0.00207001 0.00436934 0.00154409 0.0021728 0.00462665 0.00383442 0.00054235 0.000932582 0.00393095 0.00482212 0.00413556 0.00218035 -0.000152894 0.0028334 0.000434851 -0.00072162
internal_weight=2502 201 175 148 50.5 97.5 65 44 2301 2235 733.5 1501.5 700.5 253.5 169 676.5 825 275 550 236.5 447 149 52 225.5 451 407 117 506 107.5 127 298 149 148.5 81 203.5 129 106 58.5 72 203.5 462 47.5 99 154
internal_count=1614 174 160 142 48 94 63 44 1440 1404 585 819 567 180 120 369 450 150 300 129 387 129 48 123 246 222 72 276 43 117 258 129 81 54 111 86 96 51 48 111 252 45 66 84
is_linear=0
shrinkage=0.08


Tree=20
num_leaves=45
num_cat=0
split_feature=34 1 15 6 37 3 4 37 20 16 10 15 1 1 37 37 10 37 37 37 32 33 37 21 17 37 37 21 21 37 24 32 37 33 37 37 27 37 1 5 32 37 29 37
split_gain=10.3845 50.7547 32.5813 4.60512 3.03135 6.6781 1.02474 2.61164 0.534625 0.929553 0.227965 0.197172 0.164035 0.127864 0.1777 0.129446 0.0919612 0.0862186 0.0825185 0.0623623 0.0473219 0.0491702 0.0447937 0.0439518 0.0376615 0.0350587 0.0569898 0.0554819 0.0459304 0.0345821 0.0325064 0.0281882 0.0280097 0.0272966 0.0430711 0.0375984 0.0238108 0.0234195 0.0193191 0.0192443 0.017471 0.0236672 0.013955 0.0138989
threshold=1.0000000180025095e-35 16.415000000000003 1.740000064373016 6.4620000000000006 11.936538366171032 11.97499990463257 17.955000000000002 11.655000000000001 1.5000000000000002 6.0700000000000012 9.9550000000000018 2.6899999999999999 15.695000000000002 14.640000000000002 8.5250000000000004 6.9350000000000014 7.3800000000000017 9.4050000000000029 11.984999656677248 2.9250000715255742 0.70000000000000007 0.3000000000000001 8.9450000000000021 17.200000000000006 2.1000000000000005 4.1950000000000012 13.56 5.6000000000000005 2.3000000000000003 5.2800000000000002 2.8000000000000003 3.1000000000000005 11.345000000000002 7.1000000000000005 11.035000000000002 7.5750000000000002 2.3000000000000003 9.9200000000000017 13.955000000000002 10.025 10.800000000000002 17.475000000000005 6.9000000000000012 9.8250000000000011
decision_type=2 2 2 2 2 2 2 2 2 2 2 2 2 2 2 2 2 2 2 2 2 2 2 2 2 2 2 2 2 2 2 2 2 2 2 2 2 2 2 2 2 2 2 2
left_child=1 2 -1 4 5 -4 8 -8 10 -10 11 16 13 25 15 23 24 39 22 -7 -19 -22 42 -15 37 27 31 28 -11 -26 43 -27 -24 34 -14 -35 -37 38 -2 -18 41 -20 -13 -23
right_child=6 -3 3 -5 -6 19 7 -9 9 12 -12 18 33 14 -16 -17 17 20 40 -21 21 30 32 -25 29 26 -28 -29 -30 -31 -32 -33 -34 35 -36 36 -38 -39 -40 -41 -42 -43 -44 -45
leaf_value=-0.082760139836205365 0.0016454562842328517 -0.12173285631033091 0.046607076757484017 0.040216021883872244 -0.013778563609553708 -0.0042898568017126033 0.0077949025291535589 -0.018300326210446655 0.016700084895798654 0.00043276368817757999 0.0075266722386533574 0.0011551162925445371 0.0032973347658778285 0.0045133312976216537 0.0032444123818498589 0.013718894807000954 -0.0014364963134261544 -0.00056551167822235131 -0.00018483079518332628 0.0012868945486843586 0.0035257136414962253 0.00094243605641855131 0.0055740863409344896 0.0093366839559305276 0.005553001636639238 0.0036415303820236163 0.0010185662116855383 -0.0015979015408083797 0.005555844441987574 0.0014787620262844334 0.0025674843769885746 0.007029786571860314 0.0030342596441300883 -0.00070243784371349554 0.00087922922970557762 0.0011275661333153646 0.0030644769315366395 0.0026898207329213619 -0.00094908449947834009 0.00024980339478878748 -0.0011981225300028368 0.0030089152011054531 0.0029996647697592537 -9.487133526682169e-05
leaf_weight=27 36 26 27 31 36 33 45 54 33 21 33 45 165 28.5 69 24 247.5 181.5 33 21 43.5 157.5 66 21 30 33 30 24 24 24 51 30 48 45 66 102 67.5 42 37.5 52.5 27 27 63 174
leaf_count=18 36 14 27 25 36 33 18 36 18 21 18 18 72 24 54 18 99 111 24 21 27 75 30 21 30 33 30 24 24 24 30 30 24 18 54 60 39 39 33 21 21 27 27 132
internal_value=4.6534e-11 -0.0174381 -0.00194288 0.0128008 0.00553694 0.0141216 0.00152328 -0.00643886 0.00188125 0.00355934 0.00095528 0.000798818 0.00298115 0.00441221 0.00616013 0.00889733 0.000287722 -3.176e-05 0.00258021 -0.00212112 0.000516207 0.000977081 0.00339862 0.0065596 0.00199822 0.00287469 0.0038884 0.00150839 0.00316507 0.00374223 0.000687236 0.00525499 0.00450469 0.00200302 0.00260645 0.00135317 0.0018989 0.00118284 0.000321711 -0.00114139 0.000491862 0.00125235 0.0022311 0.000397967
internal_weight=2502 201 175 148 117 81 2301 99 2202 783 1419 1386 750 304.5 142.5 73.5 1077 907.5 309 54 607.5 426 222 49.5 169.5 162 93 69 45 54 382.5 63 114 445.5 231 214.5 169.5 115.5 73.5 300 87 60 108 331.5
internal_count=1614 174 160 142 117 81 1440 54 1386 540 846 828 522 279 117 63 657 495 171 54 375 264 99 45 162 162 93 69 45 54 237 63 54 243 126 117 99 108 69 120 72 51 45 207
is_linear=0
shrinkage=0.08


Tree=21
num_leaves=45
num_cat=0
split_feature=34 0 1 4 0 22 13 36 36 7 16 36 0 34 0 36 36 0 14 11 33 0 36 36 36 0 0 16 18 32 34 18 16 36 20 17 27 6 29 32 10 11 34 19
split_gain=8.78944 44.4087 3.0233 0.86734 1.59942 0.463408 0.800111 0.405416 0.231542 0.220923 0.185961 0.411522 0.157578 0.0952878 0.0792289 0.0762742 0.0711309 0.0648553 0.0625385 0.048552 0.0304679 0.0297525 0.0292635 0.0247447 0.0240383 0.0178907 0.0383623 0.0160059 0.0149811 0.014072 0.0127965 0.0119631 0.0113123 0.00948772 0.00862319 0.00822496 0.00806455 0.0072621 0.00704483 0.00677846 0.00676384 0.00556746 0.00513405 0.00477037
threshold=1.0000000180025095e-35 14.675500000000001 11.965000152587892 17.955000000000002 17.835000000000004 10.600000000000003 7.8500000000000005 1.5000000000000002 2.5000000000000004 10.145000000000001 9.0399996042251605 2.5000000000000004 15.825000000000001 34.100000000000009 14.700500000000002 2.5000000000000004 1.5000000000000002 15.280000000000003 7.7550000000000008 7.3800000000000017 1.0000000180025095e-35 17.935000000000006 1.5000000000000002 1.5000000000000002 1.5000000000000002 14.760000000000003 15.475000000000001 6.1600000000000019 6.4000000000000012 1.0000000180025095e-35 72.000000000000014 6.4000000000000012 6.3700000000000019 2.5000000000000004 4.7000000000000002 13.900000000000002 8.7000000000000011 10.105000000000002 0.50000000000000011 9.9000000000000004 7.6650000000000009 7.4400000000000004 34.100000000000009 7.6000000000000005
decision_type=2 2 2 2 2 2 2 2 2 2 2 2 2 2 2 2 2 2 2 2 2 2 2 2 2 2 2 2 2 2 2 2 2 2 2 2 2 2 2 2 2 2 2 2
left_child=1 2 -1 5 -5 9 8 -4 16 18 -9 -12 14 -11 28 24 30 -16 22 25 -20 -17 -2 -22 39 31 -27 -14 34 -25 35 -18 -29 -24 -10 41 -26 -21 -35 -15 -31 42 43 -7
right_child=3 -3 7 4 -6 6 -8 10 12 13 11 -13 27 15 17 21 19 -19 20 37 23 -23 33 29 36 26 -28 32 -30 40 -32 -33 -34 38 -36 -37 -38 -39 -40 -41 -42 -43 -44 -45
leaf_value=0.024955680488068382 2.7314422754790836e-05 -0.079285604567754839 -0.0076064400623242056 -0.016092187804405137 0.0042446873972963803 0.001295586781600466 0.015364078138813828 0.0076017920871575672 0.004371704607315007 0.0057158813587944914 0.0072739080960551898 -0.0085637782514095314 0.0015034095644527537 0.00069071857921892054 0.011680273843499331 0.0047346387419736746 0.003310611612784366 0.0064518650794682447 0.0014507466077691678 0.00079615177807960014 0.00032795494366124743 0.0019362521897275725 0.0014392027211940195 -0.0018871751107614148 0.0025812621760097415 0.0063513398851667135 0.0029920653506465577 0.0040426168972549359 0.0030806073329101009 0.00041291657073253934 -0.00077767183488634014 0.0011230919370427727 0.0024118867305794149 0.0019175071910149972 0.0065915106190368531 0.0021098112647029523 0.0011737433015698135 0.0020356852840247358 0.0036070210589369866 -0.00064498841423879971 -0.00063736119174165014 0.00031582822244275702 0.0016669016098603607 -4.7775289482053589e-06
leaf_weight=40.5 63.5 52.5 36 49.5 49.5 38.5 33 30 21 49.5 21 21 44 66 26 66 48 36.5 66 60.5 231 38.5 63.5 55 55 35 57.5 60.5 24 44 28 24 49.5 29.5 24 38 49.5 60.5 34 38.5 363 82.5 64.5 34
leaf_count=36 51 30 36 27 27 36 18 30 21 27 21 21 24 36 24 36 48 24 36 33 126 21 51 30 30 30 33 33 24 24 18 24 27 27 24 33 27 33 24 21 198 45 45 24
internal_value=-4.08824e-11 -0.0160431 0.00631542 0.00140141 -0.00592375 0.00173075 0.00314049 -0.000674679 0.00266953 0.000775345 0.0027912 -0.000644935 0.00452971 0.00245398 0.00656363 0.00193894 0.00173943 0.00862688 0.000133594 0.00263233 -0.000191675 0.00370365 0.00142955 -0.000348096 0.00105658 0.00352708 0.00426314 0.00279297 0.00469473 -0.000686122 0.000846538 0.00258144 0.00330879 0.00213067 0.0055556 0.00102315 0.00191454 0.00141592 0.00282213 0.000198616 -0.000523818 0.000835028 0.00114768 0.000685761
internal_weight=2502 201 148.5 2301 99 2202 889.5 108 856.5 1312.5 72 42 285.5 363 131.5 313.5 571 62.5 949.5 285.5 759 104.5 190.5 693 209 164.5 92.5 154 69 462 285.5 72 110 127 45 257.5 104.5 121 63.5 104.5 407 219.5 137 72.5
internal_count=1614 174 144 1440 54 1386 621 108 603 765 72 42 201 198 117 171 402 48 567 201 414 57 153 378 114 135 63 84 69 252 201 72 60 102 45 183 57 66 51 57 222 150 105 60
is_linear=0
shrinkage=0.08


Tree=22
num_leaves=45
num_cat=0
split_feature=34 1 2 36 6 37 36 10 0 1 6 36 35 37 36 36 23 2 0 37 0 10 37 36 36 36 0 37 35 37 33 0 37 33 18 37 37 0 10 32 10 37 0 32
split_gain=7.43938 38.5479 27.945 8.48465 20.2595 15.4097 7.12732 0.76531 0.417444 0.656945 0.218408 0.167029 0.140817 0.120722 0.159123 0.116655 0.410384 0.350228 0.114879 0.102314 0.133341 0.0861904 0.0557762 0.0505004 0.0501686 0.0480914 0.0426982 0.0901277 0.0380242 0.0365321 0.0403625 0.0356048 0.0270447 0.0196717 0.0191118 0.0174288 0.0152951 0.0149779 0.0144027 0.0135727 0.012733 0.0243273 0.0113019 0.0110041
threshold=1.0000000180025095e-35 16.415000000000003 11.069999904632569 2.5000000000000004 2.9550000429153447 6.4620000000000006 1.5000000000000002 9.9550000000000018 16.175000000000004 16.165000000000003 10.105000000000002 2.5000000000000004 1.5000000000000002 10.875000000000002 2.5000000000000004 2.5000000000000004 1.0000000180025095e-35 17.875000000000004 16.115000000000006 9.6700000000000017 14.240000000000002 7.455000000000001 8.9450000000000021 1.5000000000000002 1.5000000000000002 1.5000000000000002 15.345000000000001 5.535000000000001 1.5000000000000002 9.7950000000000017 3.3000000000000003 16.375000000000004 12.049615384615388 1.0000000180025095e-35 2.1000000000000005 8.9450000000000021 6.8050000000000006 14.280000000000003 8.0900000000000016 0.70000000000000007 7.6650000000000009 9.9650000000000016 17.590000000000003 1.0000000000000002
decision_type=2 2 2 2 2 2 2 2 2 2 2 2 2 2 2 2 2 2 2 2 2 2 2 2 2 2 2 2 2 2 2 2 2 2 2 2 2 2 2 2 2 2 2 2
left_child=1 2 -1 4 6 -5 -4 8 9 11 12 23 21 14 25 16 -15 32 19 20 28 -10 -16 -2 -14 42 27 -22 -13 30 34 -26 -17 -23 -25 -27 -32 -21 -33 -40 -35 -42 -12 -43
right_child=7 -3 3 5 -6 -7 -8 -9 10 -11 13 18 24 15 22 17 -18 -19 -20 37 26 33 -24 29 31 35 -28 -29 -30 -31 36 38 -34 40 -36 -37 -38 -39 39 -41 41 43 -44 -45
leaf_value=-0.084483175489637588 0.00087922324119604398 -0.10565138009878305 -0.018635874534094776 0.02197606728545257 0.090172203884500521 -0.069309573929484294 0.028825528623513234 -0.0072008837138613068 0.0042175118207103679 0.014134951866034307 0.0012751812290125451 0.0051027500070631509 0.00011782493245489193 0.011221161319945867 0.0038517861825227741 0.0032522940504200321 0.00042915695662582839 -0.0087199298674240713 -4.2215126820585949e-05 0.0040295700263231994 0.0064909932265679038 0.0023289693308955368 0.0074672593345347137 0.00092648798645269582 0.00013418981544673444 0.0020161986410617829 0.0063452232352803261 0.013667448900994802 0.00050260726767389669 0.0011700353935004475 0.0035786135209103427 -0.0034253522872924802 6.1444516896324994e-05 0.0016426728744473723 0.003251438991415619 0.0040372365313706936 0.0061125120881103702 0.0015131977141448639 -0.0029015653045340018 -0.0013623897043818778 0.00086245917684088156 -0.0016506636123626661 -0.00034728980176150802 -0.00012117771867479227
leaf_weight=22.5 233.5 26 40.5 28 23 20.5 40.5 66 45 33 61 23 132.5 26 62.5 34 170 30 33 24 24 36 48.5 41 50 62.5 44.5 21 23 81 30 50 34 45 50.5 48.5 31 41 55 110 180 39 50 132
leaf_count=18 189 14 39 28 18 18 39 36 30 18 26 23 53 18 25 17 118 20 18 24 24 24 21 34 20 25 22 18 23 72 27 20 31 30 39 21 17 37 22 44 90 36 20 108
internal_value=4.2281e-11 -0.0147596 -0.00125569 0.0110238 0.02391 -0.0166086 0.00509483 0.0012893 0.00154002 0.00310429 0.000775852 0.00258465 -4.11352e-05 0.00191533 0.00295837 0.000733932 0.00186075 -0.0015197 0.00433166 0.00505155 0.00630322 0.000885582 0.00543152 0.00171114 -0.0011532 0.0017218 0.00810238 0.00984001 0.00280268 0.00254305 0.00327233 -0.00178871 0.00165687 0.000538506 0.00220966 0.00289926 0.00486633 0.00244232 -0.00223589 -0.00187545 0.000375736 0.000213309 0.000544338 -0.000470008
internal_weight=2502 201 175 152.5 104 48.5 81 2301 2235 733.5 1501.5 700.5 874.5 627 333 294 196 98 233.5 200.5 135.5 477 111 467 397.5 222 89.5 45 46 233.5 152.5 265 68 432 91.5 111 61 65 215 165 396 351 111 171
internal_count=1614 174 160 142 96 46 78 1440 1404 585 819 567 477 342 138 204 136 68 189 171 110 318 46 378 159 92 64 42 46 189 117 106 48 288 73 46 44 61 86 66 264 234 46 144
is_linear=0
shrinkage=0.08


Tree=23
num_leaves=45
num_cat=0
split_feature=34 0 5 36 36 4 0 22 13 10 36 15 0 36 0 36 0 0 16 0 36 32 34 0 0 15 36 18 15 34 36 18 22 0 17 32 15 20 15 16 3 20 34 32
split_gain=6.29669 33.2709 4.01315 4.75634 8.46052 0.718526 1.2673 0.323409 0.572585 0.21365 0.168511 0.128219 0.114567 0.0827908 0.0615372 0.0525669 0.0516001 0.0376687 0.0288041 0.0273007 0.021661 0.0213711 0.0216381 0.0517317 0.019291 0.0153627 0.0138605 0.013615 0.013439 0.0118135 0.0114042 0.0103954 0.00885233 0.00766746 0.00688264 0.00682632 0.00640594 0.00631915 0.00618668 0.00591137 0.00496539 0.00477575 0.00457806 0.00433126
threshold=1.0000000180025095e-35 14.675500000000001 2.9050000905990605 1.5000000000000002 2.5000000000000004 17.955000000000002 17.835000000000004 10.600000000000003 7.8500000000000005 9.9550000000000018 2.5000000000000004 2.3826923076923081 15.825000000000001 2.5000000000000004 14.700500000000002 1.5000000000000002 15.280000000000003 15.825000000000001 7.575000000000002 14.760000000000003 1.5000000000000002 1.0000000180025095e-35 9.5000000000000053 16.895000000000003 15.345000000000001 2.4450000000000007 1.5000000000000002 6.4000000000000012 2.9950000000000001 72.000000000000014 1.5000000000000002 6.4000000000000012 0.70000000000000018 14.005000000000001 13.900000000000002 6.1000000000000005 2.5457692307692312 4.7000000000000002 1.6099999999999997 6.3700000000000019 16.175000000000004 7.6000000000000005 9.2000000000000046 16.100000000000005
decision_type=2 2 2 2 2 2 2 2 2 2 2 2 2 2 2 2 2 2 2 2 2 2 2 2 2 2 2 2 2 2 2 2 2 2 2 2 2 2 2 2 2 2 2 2
left_child=1 2 -1 -4 -5 7 -7 9 10 11 15 18 14 20 27 29 -16 19 21 31 35 42 23 -23 -21 -14 -24 37 -15 34 -20 -17 33 -32 41 -13 -19 -12 -28 -27 -40 -9 -2 -22
right_child=5 -3 3 4 -6 6 -8 8 -10 -11 12 13 25 28 16 17 -18 36 30 24 43 22 26 -25 -26 39 38 -29 -30 -31 32 -33 -34 -35 -36 -37 -38 -39 40 -41 -42 -43 -44 -45
leaf_value=0.029022303885883755 -0.0018014775126269369 -0.068319239026024228 -0.024928667399846019 0.036835186215241754 -0.016903596182664234 -0.014532377069646663 0.003570275123071189 0.00046235819514900731 0.013004155628608936 0.0070433385331522338 0.0037465215838026434 0.0010647789437275429 0.0012102763268231141 0.0024916762209995979 0.010128288674526489 0.0028656075159112031 0.0054646778147514549 0.00079439788457062667 6.8206007042563111e-05 0.006082170260897665 0.0020258858234367587 0.0024649287136553817 0.00035344789636793079 -0.00095632048041531536 0.0031888134456597847 0.0034342957294184314 -0.0007556802228262478 0.0024005369221170745 0.0042064630451214896 -0.00085642724630555927 0.0022668167653804023 0.00082645239929358169 0.0029878121870569887 0.00041028630683597709 0.0018678848558767258 -0.00022530696501560281 0.0018370233068179171 0.0056467689635852974 -0.00064513904296539045 0.0022156202530657703 0.00025067721803983053 0.0012834143449435942 -0.00071344145244420178 0.00099826638151395632
leaf_weight=36 49.5 52.5 37.5 37.5 37.5 49.5 49.5 155.5 33 33 21 38.5 49.5 49.5 26 48 36.5 66 41.5 27 82.5 66 192.5 49.5 32.5 60.5 220 24 71.5 28 24 24 24 35 38 82.5 88 24 66 44 99 64 49.5 38.5
leaf_count=36 27 30 36 36 36 27 27 105 18 18 21 21 27 27 24 48 24 36 39 24 45 36 105 27 21 33 120 24 39 18 24 24 24 30 33 45 48 24 36 24 54 45 27 21
internal_value=8.9938e-12 -0.0135788 0.00577382 -0.00166569 0.0099658 0.00118616 -0.00548105 0.00148591 0.00266361 0.000687766 0.0022652 0.000523847 0.00385212 0.00179635 0.00558638 0.00147174 0.00740474 0.00223933 1.98446e-05 0.00323376 0.000942045 -0.000157972 -9.02785e-07 0.000998679 0.00450177 0.00237124 -0.000200819 0.00393931 0.00350496 0.00070415 0.00115102 0.00218589 0.00169242 0.00116549 0.000873844 0.000185175 0.00139018 0.00475999 -0.000477953 0.00292117 -0.000107649 0.000701755 -0.00125746 0.00169892
internal_weight=2502 201 148.5 112.5 75 2301 99 2202 889.5 1312.5 856.5 1279.5 285.5 363 131.5 571 62.5 285.5 916.5 131.5 242 792 693 115.5 59.5 154 577.5 69 121 285.5 124.5 72 83 59 257.5 121 154 45 385 104.5 165 219.5 99 121
internal_count=1614 174 144 108 72 1440 54 1386 621 765 603 747 201 198 117 402 48 201 549 117 132 432 378 63 45 84 315 69 66 201 117 72 78 54 183 66 84 45 210 57 90 150 54 66
is_linear=0
shrinkage=0.08


Tree=24
num_leaves=45
num_cat=0
split_feature=34 1 6 36 6 37 37 10 4 37 22 13 10 36 15 1 36 37 1 37 36 37 14 36 1 1 37 37 37 36 37 15 37 34 37 1 37 37 17 32 18 21 21 37
split_gain=5.32952 29.299 21.953 5.16826 20.7295 11.3128 5.71426 7.50416 0.608161 2.2189 0.273733 0.484636 0.180833 0.142627 0.108524 0.0974557 0.0700741 0.0897322 0.0597027 0.0862819 0.0444926 0.0344889 0.0434575 0.0413484 0.0318828 0.0231073 0.0436196 0.0219882 0.0215267 0.0183339 0.0182009 0.0463502 0.0168371 0.0529331 0.0462805 0.0204432 0.0165321 0.0123901 0.012191 0.0119702 0.0115237 0.0102983 0.0101375 0.0101087
threshold=1.0000000180025095e-35 16.415000000000003 2.8250000476837163 2.5000000000000004 6.4620000000000006 6.4620000000000006 7.463000000000001 1.1549999713897707 17.955000000000002 11.655000000000001 10.600000000000003 7.8500000000000005 9.9550000000000018 2.5000000000000004 2.3826923076923081 15.695000000000002 2.5000000000000004 11.984999656677248 14.640000000000002 8.8800000000000008 1.5000000000000002 9.7450000000000028 7.7550000000000008 2.5000000000000004 15.765000000000002 14.700500000000002 9.0050000000000008 3.0500000000000003 16.895000000000003 1.5000000000000002 10.875000000000002 2.5750000000000002 13.710000000000003 52.800000000000011 9.8250000000000011 16.895000000000003 11.984999656677248 9.4050000000000029 3.7000000000000006 1.0000000000000002 6.4000000000000012 0.3000000000000001 5.6000000000000005 11.035000000000002
decision_type=2 2 2 2 2 2 2 2 2 2 2 2 2 2 2 2 2 2 2 2 2 2 2 2 2 2 2 2 2 2 2 2 2 2 2 2 2 2 2 2 2 2 2 2
left_child=1 2 -1 4 6 -5 7 -4 10 -10 12 13 14 20 21 18 29 -18 40 -20 37 22 27 39 25 42 -27 -2 32 -16 31 -17 34 41 35 -23 -31 38 -12 -24 -15 -34 -22 -26
right_child=8 -3 3 5 -6 -7 -8 -9 9 -11 11 -13 -14 15 16 30 17 -19 19 -21 24 28 23 -25 43 26 -28 -29 -30 36 -32 -33 33 -35 -36 -37 -38 -39 -40 -41 -42 -43 -44 -45
leaf_value=-0.074486430994338465 -0.00058389854244887836 -0.09173373589148888 -0.021384169381111859 0.021657861386026656 0.087247866599456131 -0.056557136592341628 -0.027263961015269161 0.04108314406592399 0.0080773672221435451 -0.015975846173586671 0.00034958034677252378 0.011963823166760533 0.006479871655729684 0.0043791878811187211 0.00017036091047531563 0.0011605680001597119 0.0046986534801053718 4.8378443247393564e-06 0.009873998467810452 0.0036014765307307247 0.0026201546780180696 0.00040019324689637869 -0.0012749611114462216 -0.0022642982463751521 0.0016499408479009208 0.0059855044244424161 0.0015970689907670022 0.0021608637679706921 -0.0015327242524786431 0.0021957261431737839 0.00082360576415910984 0.004352010191610918 0.00021952646633967607 0.004491638045033647 -0.00099667299616460988 0.0020290174836913744 0.00018100151449049776 5.0636424915865061e-05 0.0017497505177344595 6.2031049421057107e-05 0.0022084940135634191 0.0020666769263334574 0.00053168610885872376 0.00014652921891722241
leaf_weight=22.5 30 26 20 28 23 20.5 29 32 45 54 73 33 33 45 121 58.5 83 38 32 25 51 144 60 105 116 34.5 25 49.5 33 83 43 58 99 27 120 75 38 125 87.5 150 24 24 21 38
leaf_count=18 30 14 20 28 18 18 26 32 18 36 48 18 18 45 66 26 36 30 25 20 51 72 24 42 51 25 20 45 33 36 36 25 99 27 57 36 30 96 57 60 24 24 21 33
internal_value=-1.60683e-11 -0.0124925 -0.000719558 0.0101641 0.0202214 -0.0114021 0.00118916 0.0170573 0.00109126 -0.00504257 0.00136704 0.00245052 0.000632745 0.00208398 0.00048194 0.00354395 0.00165264 0.00322456 0.00520692 0.00712289 0.001354 1.8257e-05 -0.000546257 -0.000968077 0.00206018 0.00297506 0.00414162 0.0011251 0.000444887 0.000866682 0.00223025 0.00274944 0.000578346 0.00128405 0.000266087 0.00095801 0.001563 0.000647818 0.00111291 -0.000319967 0.00362416 0.000579946 0.00201102 0.00127897
internal_weight=2502 201 175 152.5 104 48.5 81 52 2301 99 2202 889.5 1312.5 856.5 1279.5 285.5 363 121 126 57 571 916.5 394.5 315 285.5 131.5 59.5 79.5 522 242 159.5 116.5 489 150 339 219 121 285.5 160.5 210 69 123 72 154
internal_count=1614 174 160 142 96 46 78 52 1440 54 1386 621 765 603 747 201 198 66 114 45 402 549 201 126 201 117 45 75 348 132 87 51 315 150 165 108 66 201 105 84 69 123 72 84
is_linear=0
shrinkage=0.08


Tree=25
num_leaves=45
num_cat=0
split_feature=34 0 37 1 13 36 11 10 0 1 26 37 36 37 36 23 37 17 36 9 0 37 5 37 21 36 37 17 36 20 37 16 37 34 36 0 37 29 5 0 7 32 3 31
split_gain=4.5109 25.0347 5.6423 17.4686 13.5543 1.91756 2.01339 0.579302 0.249665 0.396992 0.157415 0.146484 0.103425 0.0877488 0.137279 0.0998018 0.0833124 0.125967 0.0568626 0.141689 0.116152 0.0514224 0.0351834 0.0349709 0.0593489 0.033216 0.031491 0.0535603 0.0381013 0.0311685 0.0285683 0.0594106 0.0267883 0.0225506 0.0204111 0.0175696 0.0165231 0.0163104 0.014348 0.0129064 0.0126527 0.0118843 0.023936 0.0114652
threshold=1.0000000180025095e-35 14.675500000000001 7.463000000000001 11.965000152587892 1.1549999713897707 1.5000000000000002 1.1549999713897707 9.9550000000000018 16.175000000000004 16.165000000000003 1.0000000180025095e-35 7.5300000000000002 2.5000000000000004 11.893461538461539 2.5000000000000004 1.1000000000000003 9.6700000000000017 2.1000000000000005 2.5000000000000004 10.105000000000002 17.255000000000006 9.7850000000000019 10.230000000000002 9.9200000000000017 1.3 1.5000000000000002 9.6700000000000017 2.1000000000000005 1.5000000000000002 2.1000000000000005 4.1950000000000012 6.9300000000000015 17.400000000000002 41.800000000000004 1.5000000000000002 15.935000000000002 5.3900000000000015 2.1000000000000005 11.992692307692311 14.110000000000001 4.6750000000000016 1.0000000000000002 16.895000000000003 0.3000000000000001
decision_type=2 2 2 2 2 2 2 2 2 2 2 2 2 2 2 2 2 2 2 2 2 2 2 2 2 2 2 2 2 2 2 2 2 2 2 2 2 2 2 2 2 2 2 2
left_child=1 2 3 -1 -4 -5 -7 8 9 12 18 -12 26 14 23 -15 17 29 20 21 41 37 -17 25 -25 -13 27 -2 -29 -14 -19 -32 34 -16 -24 39 -30 -20 -34 -18 -28 43 -43 -10
right_child=7 -3 4 5 -6 6 -8 -9 10 -11 11 13 16 15 33 22 35 30 19 -21 -22 -23 32 24 -26 -27 40 28 36 -31 31 -33 38 -35 -36 -37 -38 -39 -40 -41 -42 42 -44 -45
leaf_value=0.075933606972297035 0.00041204847703012854 -0.058977076757521854 -0.062730005370246048 -0.021340019293129446 0.019410301456848779 0.02574154862202704 -0.0074922874470108322 -0.006382744891964125 -0.0013752569958116068 0.01100671735676852 -0.0016230679754958008 -0.00029174868270386885 -0.0001511875365395099 0.0057506938589115941 0.0033627168845498201 0.0040753277235974867 0.003847059294581413 0.0038100330912224623 -0.00060086665267036071 -0.0055505661027772093 0.004301500530405478 0.00075962769611226031 0.00040904657738847719 0.0048089657227198285 0.0010348789064834516 0.0019993080457465519 0.0019429943677969279 0.0015054839591418082 0.002309255935251713 0.0037346057693163556 0.0051904876733368088 0.0098544824431682464 -7.8096348119692665e-06 0.0055083265504118992 -0.0020277082687243818 -0.00017931188705066838 0.004519011804035732 -0.0025722245502878324 0.0026234418493030326 0.0012715748889428197 0.0001278723634330912 1.8258121625161193e-05 0.0020086914781396363 6.1660844276284249e-05
leaf_weight=24 109 52.5 22.5 24 30 20 28 66 66 33 82.5 81 32 21 49.5 11.999999999999998 20 23 52.5 38.5 44 129 33 48 60 81 30 96 33 22.5 44 29 36 85.5 66 30 63 55 21 33 136 319 44 77
leaf_count=24 90 30 18 24 30 20 28 36 36 18 33 33 26 21 22 12 20 23 21 21 24 86 22 24 30 33 30 71 33 19 21 27 36 38 44 20 38 22 21 33 116 174 24 42
internal_value=5.56602e-11 -0.0114931 0.00529412 0.016826 -0.0157927 -0.00287658 0.00635514 0.00100396 0.00122209 0.00243184 0.000631122 0.0015357 0.00202788 0.00197441 0.00263865 0.000551055 0.0034026 0.0045248 -0.000110629 -0.0010499 0.000359007 -0.000317234 -9.88997e-05 0.00159717 0.00271225 0.00085378 0.00134052 0.00182838 0.00263245 0.00145304 0.00626867 0.00704331 -0.000419994 0.0047216 -0.00121546 0.00136776 0.00375941 -0.00160947 0.000961599 0.00224346 0.000455906 1.61812e-05 0.000259523 -0.000601532
internal_weight=2502 201 148.5 96 52.5 72 48 2301 2235 733.5 1501.5 676.5 700.5 594 405 189 233.5 150.5 825 275 550 236.5 168 270 108 162 467 301 192 54.5 96 73 156 135 99 83 96 107.5 57 53 166 506 363 143
internal_count=1614 174 144 96 48 72 48 1440 1404 585 819 369 567 336 180 156 189 116 450 150 300 129 135 120 54 66 378 232 142 45 71 48 123 60 66 73 71 43 57 53 146 276 198 78
is_linear=0
shrinkage=0.08


Tree=26
num_leaves=45
num_cat=0
split_feature=33 37 6 36 10 15 36 29 6 37 15 37 10 32 36 33 12 26 37 36 37 36 37 5 36 6 7 35 15 36 37 0 0 37 36 37 37 15 0 32 0 0 15 33
split_gain=3.12903 14.2445 13.5165 7.12812 9.75678 5.018 4.24574 4.70094 4.81354 4.5318 6.19517 1.60637 0.523249 0.324831 3.91609 5.99553 0.162083 0.115825 0.12043 0.09859 0.0727887 0.0671859 0.0849269 0.0501252 0.0454202 0.139948 0.107344 0.0501466 0.04028 0.0326964 0.0326096 0.0283802 0.0518848 0.0243303 0.0218206 0.0271014 0.0205359 0.0175956 0.0116873 0.0114736 0.0109085 0.0305263 0.0108676 0.0101561
threshold=1.0000000180025095e-35 14.240000000000002 2.9050000905990605 1.5000000000000002 7.9350000000000014 2.100000000000001 2.5000000000000004 1.0000000180025095e-35 2.9550000429153447 7.9350000000000014 1.9399999999999999 4.9500000000000011 9.9550000000000018 1.0000000180025095e-35 2.5000000000000004 4.6000000000000005 7.3250000000000011 1.0000000180025095e-35 7.5300000000000002 2.5000000000000004 14.160000000000002 2.5000000000000004 11.893461538461539 11.911538461538465 2.5000000000000004 10.065000000000003 10.105000000000002 1.5000000000000002 2.1615384615384623 1.5000000000000002 3.0500000000000003 15.625000000000002 14.700500000000002 14.160000000000002 1.5000000000000002 10.875000000000002 3.0500000000000003 3.1200000000000006 17.845000000000002 17.600000000000005 15.475000000000001 14.760000000000003 3.1550000000000007 3.3000000000000003
decision_type=2 2 2 2 2 2 2 2 2 2 2 2 2 2 2 2 2 2 2 2 2 2 2 2 2 2 2 2 2 2 2 2 2 2 2 2 2 2 2 2 2 2 2 2
left_child=1 2 -1 4 5 11 7 8 -5 10 -8 -4 13 14 15 -2 19 24 -19 29 30 28 37 -24 26 27 -18 43 -20 -15 -21 32 -32 36 39 -36 -31 -23 42 -30 41 -38 -37 -26
right_child=12 -3 3 6 -6 -7 9 -9 -10 -11 -12 -13 -14 16 -16 -17 17 18 21 20 -22 22 23 -25 25 -27 -28 -29 34 33 31 -33 -34 -35 35 38 40 -39 -40 -41 -42 -43 -44 -45
leaf_value=-0.050760953326596685 -0.00030332722881336836 -0.061745508111614202 0.0044528727003683649 -0.013752524200262446 0.067225436950723333 0.037895933951696624 0.047476959069047066 0.0029155952365296643 -0.062398227394320244 -0.011225607298007333 -0.0097877483300509906 -0.024817122717387976 -0.0058721246113154022 0.0007179725411570752 -0.013253881873119445 0.038549184960623588 2.6528541119500768e-06 -0.0020034262221306563 0.0038199583463596576 0.00072761430190159727 0.00062117812223732476 0.0050664866975311078 0.0028228218710670866 -0.0018017611385633548 0.00019506683883567652 -0.0053889731937027596 0.0041423290554270017 -0.0014976757247197 0.00062827385658705145 -0.00033931563106866984 0.0041552802588304752 0.0035121279658266794 0.0083123553346729634 0.00042294787867975083 0.0025421002225089842 0.0023334000773528323 0.0024682880049416178 0.0031973368024069168 -0.00074156893820812313 -0.00089193776593587937 0.0021929219843198856 0.0059157360613346097 0.00012378954641713665 0.001707353936508298
leaf_weight=33 73 28 30 33 22.5 23 28.5 41 21.5 48.5 21 20 66 184 52.5 39 451 60 33 12.999999999999998 38 66 30 30 54 38.5 44 95 130.5 12.999999999999998 46 54 33 38 85.5 28 48 63 30 42 60 25 29 60
leaf_count=24 48 28 30 33 10 18 27 26 18 33 18 19 36 147 34 24 246 24 18 13 38 29 29 20 36 21 24 38 73 13 46 24 26 38 36 21 48 28 20 24 28 20 20 40
internal_value=-2.36995e-12 -0.00701517 -0.00225601 0.00328261 0.0211667 0.00697055 -0.00554391 -0.0175482 -0.032943 0.00615417 0.0231828 -0.00725513 0.00114094 0.00136283 0.00477475 0.0132257 0.00107074 0.000604265 0.00140488 0.00222805 0.00374005 0.00176555 0.0029971 0.00051053 -7.18127e-05 -0.000956686 0.000370624 -0.000140212 0.00114977 0.00147205 0.00455181 0.00492561 0.00589178 0.00222613 0.000894365 0.00153059 0.00269545 0.00415365 0.000536529 0.000258135 0.00299208 0.00364892 0.00120921 0.000991007
internal_weight=2502 350 322 289 95.5 73 193.5 95.5 54.5 98 49.5 50 2152 2086 164.5 112 1921.5 1369.5 627 552 184 567 189 60 742.5 247.5 495 209 378 368 146 133 79 184 345 172.5 146 129 87 172.5 133 73 57 114
internal_count=1614 284 256 232 77 67 155 77 51 78 45 49 1330 1294 106 72 1188 747 342 441 147 318 106 49 405 135 270 114 212 294 109 96 72 147 194 97 109 57 61 97 96 68 41 76
is_linear=0
shrinkage=0.08


Tree=27
num_leaves=45
num_cat=0
split_feature=34 1 35 6 16 36 16 10 0 1 26 37 36 37 17 36 37 37 5 37 35 22 19 0 6 35 33 0 0 5 35 23 37 30 0 36 37 36 34 36 1 31 20 0
split_gain=3.30409 22.0554 20.6267 53.4825 27.5042 5.27089 6.18926 0.416267 0.215012 0.362558 0.123764 0.108967 0.0919549 0.0681714 0.116375 0.0606344 0.0901285 0.0591673 0.0790837 0.0703025 0.0449287 0.0768408 0.047711 0.069998 0.0440347 0.044407 0.0373727 0.0359477 0.0347558 0.0338212 0.0297732 0.0286914 0.0278126 0.0195859 0.0191454 0.0190708 0.0318472 0.0149454 0.0143702 0.0136165 0.0133674 0.0132401 0.0113633 0.00863494
threshold=1.0000000180025095e-35 16.415000000000003 1.0000000180025095e-35 2.9050000905990605 9.0349994897842425 1.5000000000000002 9.0499995946884173 9.9550000000000018 16.175000000000004 16.165000000000003 1.0000000180025095e-35 7.4830000000000014 1.5000000000000002 9.6700000000000017 2.1000000000000005 2.5000000000000004 11.893461538461539 16.195000000000004 9.8350000000000026 10.085000000000003 1.5000000000000002 67.200000000000017 3.0000000000000004 15.195000000000002 10.045000000000002 1.5000000000000002 0.50000000000000011 16.805000000000003 14.110000000000001 11.911538461538465 1.5000000000000002 1.0000000180025095e-35 14.485000000000001 9.1000000000000014 14.005000000000001 1.5000000000000002 10.875000000000002 2.5000000000000004 3.5000000000000004 1.5000000000000002 16.425000000000004 3.3000000000000003 2.1000000000000005 16.895000000000003
decision_type=2 2 2 2 2 2 2 2 2 2 2 2 2 2 2 2 2 2 2 2 2 2 2 2 2 2 2 2 2 2 2 2 2 2 2 2 2 2 2 2 2 2 2 2
left_child=1 2 4 -4 -1 -5 -7 8 9 12 17 -12 38 14 30 31 33 19 26 24 21 37 -22 -24 25 27 -19 40 -15 -18 34 -13 -30 -17 -14 -33 -37 -16 -2 41 -10 -27 -32 -41
right_child=7 -3 3 5 -6 6 -8 -9 10 -11 11 15 13 28 20 16 29 18 -20 -21 22 -23 23 -25 -26 39 -28 -29 32 -31 42 35 -34 -35 -36 36 -38 -39 -40 43 -42 -43 -44 -45
leaf_value=0.10786714824645416 -0.0010624506217286442 -0.078587744052593528 -0.11708098936963963 0.03664534150637113 -0.0084122905218973754 -0.020344805404982146 0.033623621752485636 -0.0054023543677546764 -0.0012753367106671687 0.010361356843601574 -0.001577562515437603 0.0031500121091420836 0.0041893364458034437 0.0031818200325942599 0.0028537767777840296 0.0032072019989392315 0.0020537744369357827 0.0030890125943309004 0.0050009899847209454 -0.0036299769587016533 0.0059952224200141846 0.0093232072660556203 -0.001190198460378899 0.0039102275015822814 0.0017570783165357414 -0.001195016391089429 -0.00052104828168805209 0.0020333273092595239 -0.00073248513643780057 -0.0016576202772557735 -0.00081162512559482518 0.00028558857389082568 0.0016449565139191691 0.0051838061512977478 0.00083792770258150993 0.0024906327582531326 0.00036799484038505751 0.0053789898355801899 0.00073911622279855494 -0.0011746597065973809 0.00020059864816074778 0.00056217083813888693 0.0014005026545213617 -0.0023706328243017199
leaf_weight=23 33 26 27 32.5 30 42.5 20 66 54 33 75 39 24 40 30 86.5 33 24 30 42 29 26 26 51 63 57.5 78 60 62 30 42 181 64 51 20 92 89 30 200.5 170 144 52.5 23 50
leaf_count=23 33 14 18 30 30 39 20 36 27 18 30 22 24 40 23 38 32 24 30 30 26 20 26 24 27 23 78 30 42 20 30 102 64 23 16 39 63 23 156 68 72 21 20 20
internal_value=2.11871e-11 -0.00983632 0.000378176 -0.0177245 0.0420486 0.0105136 -0.00307491 0.000859235 0.00104414 0.00216679 0.000495713 0.00129779 0.00178075 0.00242888 0.00314668 0.00165632 0.00279223 -0.000161993 0.00139034 -0.000457675 0.0043319 0.00569054 0.0032296 0.00218801 -0.00025301 -0.000468377 0.000328378 0.000317898 0.00112732 0.000286444 0.00105895 0.00108836 0.000475104 0.00394034 0.00266597 0.000866247 0.0014469 0.00411638 0.000484505 -0.0010831 -0.000201929 -0.000356359 -2.88722e-05 -0.00144647
internal_weight=2502 201 175 122 53 95 62.5 2301 2235 733.5 1501.5 676.5 700.5 467 301 601.5 200.5 825 132 693 192 86 106 77 651 588 102 258 166 63 109 401 126 137.5 44 362 181 60 233.5 330 198 110 65 220
internal_count=1614 174 160 107 53 89 59 1440 1404 585 819 369 567 378 232 339 113 450 132 318 142 66 76 50 288 261 102 129 146 52 90 226 106 61 40 204 102 46 189 132 99 44 50 88
is_linear=0
shrinkage=0.08


Tree=28
num_leaves=45
num_cat=0
split_feature=34 5 35 16 2 3 4 37 10 14 16 36 37 24 2 2 37 35 37 16 37 37 36 32 37 33 2 2 37 32 10 36 35 5 37 36 36 34 37 31 20 21 14 37
split_gain=2.79658 17.824 9.64347 19.1473 14.2714 4.40333 0.473768 2.21924 0.210423 0.178857 0.33353 0.116694 0.0629882 0.0578978 0.0456951 0.0456379 0.0514547 0.0430306 0.0414756 0.0612243 0.0455079 0.0384251 0.0358347 0.0297338 0.0292847 0.0283228 0.0203456 0.0215765 0.0192811 0.0177905 0.0160131 0.0165235 0.0156282 0.0127381 0.0166557 0.017103 0.0142884 0.0106236 0.0104043 0.0099437 0.00982466 0.00869412 0.00839722 0.00805064
threshold=1.0000000180025095e-35 7.3680000000000012 1.0000000180025095e-35 9.0399996042251605 11.965000152587892 11.97499990463257 17.955000000000002 11.784230769230772 9.9550000000000018 7.8200000000000012 6.0700000000000012 2.5000000000000004 2.9250000715255742 3.4000000000000004 15.625000000000002 14.570000000000002 8.8800000000000008 1.5000000000000002 7.5750000000000002 6.7500000000000018 9.6700000000000017 11.893461538461539 1.5000000000000002 0.70000000000000007 3.0500000000000003 1.0000000180025095e-35 15.555000000000001 14.640000000000002 13.835000000000003 8.4000000000000004 9.3250000000000011 1.5000000000000002 1.5000000000000002 10.085000000000003 16.485000000000003 1.5000000000000002 2.5000000000000004 23.700000000000006 13.56 0.50000000000000011 1.0000000180025095e-35 4.7000000000000002 7.4400000000000004 14.310000000000002
decision_type=2 2 2 2 2 2 2 2 2 2 2 2 2 2 2 2 2 2 2 2 2 2 2 2 2 2 2 2 2 2 2 2 2 2 2 2 2 2 2 2 2 2 2 2
left_child=1 2 3 -1 -4 -6 8 -8 9 10 -2 22 -7 17 15 24 -17 25 -16 20 -20 29 40 -19 -13 -11 27 32 41 -15 31 -25 38 34 36 -36 39 -38 -24 -27 -12 -26 -22 -42
right_child=6 -3 4 -5 5 12 7 -9 -10 13 11 14 -14 21 18 16 -18 23 19 -21 42 -23 26 30 28 33 -28 -29 -30 -31 -32 -33 -34 -35 35 -37 37 -39 -40 -41 43 -43 -44 -45
leaf_value=0.085141215802480782 0.0095324482339801207 -0.049115616616748632 -0.065103807608286546 -0.015912608799602216 0.035729578714817765 -0.0076337351604844582 -0.013677668240335252 0.01122171797686153 0.0073740598152984274 0.0025254516665720278 -0.00067917898108736305 2.4113932563720837e-05 -0.002029069605327788 0.0034356391437205614 -0.00013691630078987643 0.0074830514891073112 0.0026391530543565752 -0.0019402250643996966 0.0034439714223730802 0.0053169314986977649 -0.00034008584047357247 6.9933172226661734e-05 0.0028050645811612063 0.00034104106754064565 0.0046048155948076224 -0.00096240753356955549 0.0008654771325696764 0.0034544148242350711 0.001094468105584383 0.0014257090748657311 0.00071592917265715433 -0.0012520703364163638 6.2238064905007675e-05 -0.0010854366531388628 0.0010407184478826821 -0.0018244931350927802 0.0024533648522117655 0.00072977301726738606 0.00078510243743658064 0.00048074036409767964 0.00062383079915583485 0.0025782582461833952 0.0013400404953934025 -0.00040367450739722702
leaf_weight=24 33 52.5 22.5 24 24 33 63 36 33 36 60.5 23 21 51 55 32 25 105 51 36 45 84 47 62.5 42 38 225.5 48.5 20 63 67.5 125 36 45 20 40 37 60 25 156 261.5 20 33 60
leaf_count=24 18 30 18 24 24 33 27 27 18 24 48 23 21 21 22 25 20 42 21 24 31 60 47 25 42 22 123 39 20 27 27 50 36 30 20 40 20 38 25 94 162 20 22 60
internal_value=-1.07426e-10 -0.00904942 0.0051154 0.0346143 -0.00897363 0.00721777 0.000790497 -0.00462335 0.0010339 0.000937437 0.00160313 0.0013748 -0.00545414 0.000144657 0.00251646 0.0035361 0.00535853 -0.000161239 0.00176563 0.00239982 0.00158574 0.00136824 0.000803968 -0.0008072 0.00254678 0.000377063 0.00135186 0.00205269 0.00325435 0.00232489 -0.000340661 -0.000721033 0.00142321 0.000181755 0.000344215 -0.000869423 0.00059445 0.00138723 0.00210369 0.000198062 0.000256076 0.00395109 0.000370737 0.000432072
internal_weight=2502 201 148.5 48 100.5 78 2301 99 2202 2169 1179 1146 54 990 382 162 57 792 220 165 129 198 764 360 105 432 382 156.5 82 114 255 187.5 108 396 351 60 291 97 72 194 382 62 78 321.5
internal_count=1614 174 144 48 96 78 1440 54 1386 1368 828 810 54 540 270 150 45 432 120 98 74 108 540 144 105 288 270 147 82 48 102 75 108 264 234 60 174 58 72 116 270 62 53 222
is_linear=0
shrinkage=0.08


Tree=29
num_leaves=45
num_cat=0
split_feature=34 36 5 37 15 12 7 4 35 10 1 5 1 36 37 10 11 37 37 36 37 37 15 5 1 4 35 36 37 15 37 30 26 37 1 37 30 1 34 37 17 34 15 37
split_gain=2.36703 17.6752 57.8751 26.9948 8.56243 1.18959 1.94064 0.400997 2.12392 0.178102 0.152678 0.264861 0.076631 0.0680274 0.0641606 0.0745874 0.0575668 0.0696448 0.101054 0.0962928 0.0572191 0.0536526 0.0535515 0.043076 0.0395336 0.029341 0.0270054 0.0214136 0.0192393 0.0151141 0.0295117 0.0135077 0.0122129 0.0118641 0.0255917 0.0110613 0.0105638 0.0107077 0.0104541 0.00848286 0.00871216 0.00904184 0.00829223 0.0081426
threshold=1.0000000180025095e-35 1.5000000000000002 7.3680000000000012 7.9350000000000014 1.7550001144409182 1.1549999713897707 2.9450000524520878 17.955000000000002 1.5000000000000002 9.9550000000000018 16.185000000000006 10.105000000000002 16.860000000000003 2.5000000000000004 16.195000000000004 7.6650000000000009 9.5600000000000005 7.5750000000000002 10.875000000000002 1.5000000000000002 8.9450000000000021 7.7950000000000008 2.1715384615384621 10.230000000000002 15.880000000000001 17.325000000000003 1.5000000000000002 1.5000000000000002 14.160000000000002 2.5050000000000003 8.5250000000000004 4.2000000000000011 6.2000000000000011 9.8250000000000011 17.150000000000002 7.4830000000000014 0.3000000000000001 13.955000000000002 3.5000000000000004 9.0050000000000008 3.3000000000000003 33.600000000000001 3.1650000000000005 7.7950000000000008
decision_type=2 2 2 2 2 2 2 2 2 2 2 2 2 2 2 2 2 2 2 2 2 2 2 2 2 2 2 2 2 2 2 2 2 2 2 2 2 2 2 2 2 2 2 2
left_child=1 3 4 -1 -3 -6 -7 9 -9 10 11 13 14 27 35 -16 17 -14 19 -19 -21 22 26 -20 28 -25 -15 38 -23 36 -31 -24 42 34 -18 -12 37 -29 -2 40 -40 -42 -27 -38
right_child=7 2 -4 -5 5 6 -8 8 -10 -11 12 -13 16 21 15 -17 33 18 23 20 -22 24 31 25 -26 32 -28 29 -30 30 -32 -33 -34 -35 -36 -37 43 -39 39 -41 41 -43 -44 -45
leaf_value=-0.019136539360410289 -0.00094207311782873037 0.05150326842353458 -0.11352370098658972 0.083352240889236845 0.008772214991816631 -0.029589541441140076 0.00093106860481202605 -0.01495021103846806 0.0085826017051521281 0.0067841349271210759 -0.0023885960446463693 0.0087698524467872858 -0.00098482555933296682 0.0035874887369573118 0.0057881572665203183 0.00043794908520570141 -0.0010241563090433677 0.00054795661709717744 0.0046398683954030273 0.0023921431714997573 0.0053362573754219779 0.0036374980178144247 0.0062221153356032833 -0.0022628923767694718 -0.00025223182376336167 0.002031428942249881 -0.00020762089824226377 0.0030411237626577969 0.0010715464223176241 0.0038604424213185724 0.00086775523827368908 0.0040143437078897504 4.8357850986547652e-05 -0.0011149075374007225 0.001456333873172601 -0.0005755291355041722 0.0012989441228500747 0.00061604380244162024 0.00028148004751313819 1.9429132930542296e-05 0.00062348626172322721 0.0024896913560183897 0.00040246761190549784 -3.404720459045388e-05
leaf_weight=38 33 21 35 29 24 24 30 54 45 33 22.5 33 75 24 21 81 54 84.5 14.999999999999998 85 84 45 36.5 27 54 45 24 27 32 40.5 44 34.5 126 75 52.5 502.5 54.5 20.5 55 95 30.5 36.5 36 63.5
leaf_count=35 33 18 20 23 24 24 30 36 18 18 9 18 30 24 21 81 24 36 15 34 38 33 29 24 32 30 24 27 32 28 32 24 84 51 24 231 47 18 41 75 23 26 24 46
internal_value=-8.61157e-11 -0.00832546 -0.0251003 0.0252243 0.00616045 -0.00604723 -0.0126336 0.000727257 -0.00425348 0.000951186 0.000862442 0.00175544 0.000357957 0.0014468 -0.000296526 0.00153946 0.000898616 0.0012892 0.00162861 0.00275298 0.00385549 0.0025243 0.00375394 0.00048392 0.0014073 0.000217513 0.00168993 0.000908055 0.00257113 0.0014316 0.00230212 0.00514932 0.000541045 -0.00034416 0.000198621 -0.000653232 0.000987128 0.00199451 0.000384515 0.000586255 0.00102763 0.00164015 0.00130745 0.000581614
internal_weight=2502 201 134 67 99 78 54 2301 99 2202 2169 783 1386 750 627 102 759 577.5 502.5 253.5 169 250 119 249 131 234 48 500 77 250 84.5 71 207 181.5 106.5 525 165.5 47.5 250 217 122 67 81 118
internal_count=1614 174 116 58 96 78 54 1440 54 1386 1368 612 756 594 342 102 414 315 285 108 72 198 101 177 97 162 48 396 65 198 60 53 138 99 48 240 138 45 198 165 90 49 54 93
is_linear=0
shrinkage=0.08


Tree=30
num_leaves=45
num_cat=0
split_feature=33 37 3 34 37 1 1 34 3 36 22 27 37 37 15 10 15 1 37 4 22 34 37 35 37 29 36 37 11 37 34 37 37 15 35 3 1 17 36 1 36 35 37 17
split_gain=2.04611 11.7788 10.4832 5.37518 4.07507 5.02996 3.37849 2.30514 2.28798 1.06799 2.27986 0.330599 1.88276 3.59034 0.1772 0.15681 0.106502 0.0840361 0.0595394 0.265544 0.0819668 0.0728756 0.0681484 0.0565848 0.0748937 0.0508025 0.0397455 0.0433742 0.0396129 0.0350366 0.0226595 0.0292494 0.0396603 0.0223085 0.019201 0.018711 0.0157888 0.0145996 0.0137822 0.0130031 0.0127295 0.0122298 0.00982171 0.00959983
threshold=1.0000000180025095e-35 14.240000000000002 11.954999923706056 0.80000000000000016 8.9450000000000021 16.165000000000003 11.965000152587892 0.80000000000000016 11.984999656677248 1.5000000000000002 0.50000000000000011 11.900000000000002 11.655000000000001 11.992692307692311 1.7950000762939455 9.9550000000000018 2.5050000000000003 15.195000000000002 11.784230769230772 17.965000000000003 14.300000000000002 72.000000000000014 10.065000000000003 1.0000000180025095e-35 6.9350000000000014 1.5000000000000002 2.5000000000000004 10.875000000000002 9.8950000000000014 7.6250000000000009 42.20000000000001 3.1100000000000008 7.7950000000000008 2.1715384615384621 1.5000000000000002 16.440000000000001 16.175000000000004 3.0000000000000004 1.5000000000000002 16.295000000000005 1.5000000000000002 1.5000000000000002 11.992692307692311 1.1000000000000003
decision_type=2 2 2 2 2 2 2 2 2 2 2 2 2 2 2 2 2 2 2 2 2 2 2 2 2 2 2 2 2 2 2 2 2 2 2 2 2 2 2 2 2 2 2 2
left_child=1 2 -1 -2 5 6 -4 8 -6 -8 14 15 -13 -14 -11 16 18 23 20 21 22 36 28 -18 -25 -9 40 29 34 -28 31 -22 33 -33 35 -5 43 -29 -36 -40 -19 -32 -42 -20
right_child=3 -3 4 11 7 -7 9 25 -10 10 -12 12 13 -15 -16 -17 17 26 19 -21 30 -23 -24 24 -26 -27 27 37 -30 -31 41 32 -34 -35 38 -37 -38 -39 39 -41 42 -43 -44 -45
leaf_value=-0.047667485768334912 0.040263471065766429 -0.055441480278968815 0.031876546822342221 -0.00092188258814901393 -0.0045017212077423383 0.044785493516922001 -0.011749093941309385 0.0027881776434757438 -0.038449644226154003 -0.0073937018832657487 0.028081208112649622 0.0061930361893874674 -0.033355436760000884 0.0041175099464857744 0.0022054558321833611 0.0062414043111670208 0.0006949501684478794 0.00027572151927657664 0.0015089973167826732 0.0083601426581541693 -0.00025648787417190361 0.0041068817141155399 -0.0036220857279286502 0.0026987536916664489 0.0086945014943679184 -0.0011874002621819575 0.0011871315155178308 0.0012958582342198156 0.0019140541406037906 0.0038336698752775623 0.0011628827415406703 0.0021247266149536396 0.00020928443337862309 0.0047006449590508755 -0.0001466832972478633 0.00055838594152148632 -0.00071757094515487554 -0.0010186009402745047 -0.00018866097640532711 -0.0014995028081497082 0.0014370009167577159 -0.0010456771263177844 0.0001685650253157113 -3.6735666314295182e-05
leaf_weight=28.5 22 28 25.5 81 27 25 36 48 24 32 20 66 30 36 20 33 24 218 45 30 36 30 42 30 24 36 50 53 48 89 30 48 39 39 127.5 168 120 26 65 190 167 34.5 51 60
leaf_count=24 16 28 21 48 27 10 36 30 18 32 20 27 15 30 20 18 24 123 45 21 36 30 21 30 18 18 23 38 21 40 21 48 18 30 54 84 117 22 32 76 77 21 46 60
internal_value=3.80834e-11 -0.0056728 -0.00134509 0.000922621 0.003153 0.0118527 0.00568554 -0.00706112 -0.0204772 -0.00049845 0.00512687 0.000516283 -0.00336131 -0.0129156 -0.00370172 0.00077246 0.000680616 0.001445 0.000226818 0.00124071 -7.79917e-05 0.000403132 -0.000494785 0.00392704 0.00536353 0.00108436 0.00114898 0.00203096 -0.000301486 0.00288168 0.00124967 0.00175457 0.00232916 0.00327945 -0.000469888 7.68528e-05 -9.07012e-05 0.000534137 -0.000825806 -0.00116537 0.000707989 -1.844e-05 0.00114026 0.000625721
internal_weight=2502 350 322 2152 293.5 158.5 133.5 135 51 108 72 2130 132 66 52 1998 1965 732 1233 285 948 255 721.5 78 54 84 654 218 679.5 139 226.5 162 126 87 631.5 249 225 79 382.5 255 436 64.5 218 105
internal_count=1614 284 256 1330 232 139 129 93 45 108 72 1314 72 45 52 1242 1224 441 783 273 510 252 336 72 48 48 369 123 315 63 174 132 96 78 294 132 222 60 162 108 246 42 123 105
is_linear=0
shrinkage=0.08


Tree=31
num_leaves=45
num_cat=0
split_feature=34 36 6 0 5 13 8 4 0 10 0 1 36 1 13 23 33 36 30 22 17 34 36 32 34 30 17 0 30 30 36 34 17 33 33 0 0 36 16 31 21 32 30 36
split_gain=1.74805 15.1264 54.9554 48.7185 8.09979 5.87606 1.72562 0.325495 0.699566 0.126475 0.105512 0.174824 0.0524024 0.0496356 0.0430198 0.048385 0.0409825 0.02576 0.0183324 0.0156193 0.0145908 0.0135797 0.0121979 0.00920903 0.00903967 0.00769053 0.00920693 0.00743926 0.00726312 0.00953626 0.00691668 0.00689744 0.00631787 0.00562066 0.00465588 0.00526829 0.0040079 0.00392888 0.00385307 0.0030325 0.00498931 0.0045506 0.00301598 0.00298228
threshold=1.0000000180025095e-35 1.5000000000000002 2.9550000429153447 14.675500000000001 2.935000061988831 1.1549999713897707 2.9450000524520878 17.955000000000002 17.835000000000004 9.9550000000000018 16.175000000000004 16.165000000000003 2.5000000000000004 16.860000000000003 9.7050000000000018 0.50000000000000011 2.1000000000000005 1.5000000000000002 4.2000000000000011 9.8000000000000025 2.1000000000000005 87.000000000000014 1.5000000000000002 1.0000000180025095e-35 26.100000000000005 0.50000000000000011 10.000000000000002 16.415000000000003 9.1000000000000014 5.5000000000000009 1.5000000000000002 50.000000000000007 6.4000000000000012 3.3000000000000003 0.70000000000000007 14.055000000000001 17.100000000000005 2.5000000000000004 6.1150000000000011 1.5000000000000002 2.5000000000000004 1.5000000000000002 7.3000000000000016 2.5000000000000004
decision_type=2 2 2 2 2 2 2 2 2 2 2 2 2 2 2 2 2 2 2 2 2 2 2 2 2 2 2 2 2 2 2 2 2 2 2 2 2 2 2 2 2 2 2 2
left_child=1 2 4 5 -1 -3 -7 9 -9 10 11 12 19 23 15 -15 20 28 24 34 -14 31 39 27 -18 -24 42 -12 29 -17 -16 -19 -22 -28 35 -2 -32 38 -33 41 -41 -21 -27 -23
right_child=7 3 -4 -5 -6 6 -8 8 -10 -11 13 -13 16 14 30 17 18 21 -20 22 32 43 25 -25 -26 26 33 -29 -30 -31 36 37 -34 -35 -36 -37 -38 -39 -40 40 -42 -43 -44 -45
leaf_value=0.0049709684913977984 0.0012256171694025398 0.030183088460411782 0.12750428378582002 -0.10380040807383401 -0.063061746940726332 -0.026321175767419241 0.001372528107215961 -0.010587340966619627 0.0028624848645142837 0.0057420919282418301 -0.0015515609668812368 0.0072228383114843657 0.00052335624962447354 0.0034918791251351135 0.00034815053474346195 0.00041686721115319196 0.0034818724568112421 0.0014855362628471136 0.0022898977771401404 0.00041532094019555282 0.0028684096541759132 0.0017148934386960872 0.0027207550657066433 -2.297798144223886e-05 0.0055385518000990739 0.0011245120032517999 0.0011802962357583254 -0.00016459049732245581 0.00074972925557090632 -0.0010386284543201327 -0.0013791414434936914 -0.00027730880619643571 0.0011910808763090283 0.0028425493566319351 -0.00094626736217017838 -0.0002073101150409247 -0.00035476729540493004 0.0010788883297407831 0.00078978255221789527 -0.00079839707329505823 0.00056553431285764769 0.0018826216455393784 0.00019130427503224575 0.0027106401116236464
leaf_weight=24 24 39 22 35 21 24 36 49.5 49.5 33 49.5 33 70.5 49.5 49.5 60.5 29.5 121 47.5 31 37 38.5 27.5 577.5 25.5 67.5 23 49.5 71.5 55 44 38.5 23.5 30 29 52 55 88 49.5 20.5 105.5 24 33 38.5
leaf_count=24 24 36 16 20 18 24 36 27 27 18 27 18 57 27 27 33 27 66 33 30 30 21 24 315 21 51 18 27 39 30 24 21 21 24 24 42 30 48 27 18 78 18 27 21
internal_value=6.18068e-11 -0.00715458 0.0238821 -0.0226729 -0.0267776 0.00600852 -0.00970495 0.000624976 -0.00386243 0.000826726 0.000751942 0.00153251 0.00126445 0.000353091 0.000797209 0.00109425 0.00224298 0.0008827 0.00344116 0.00077518 0.00130548 0.00126602 0.00102435 -0.000145187 0.00443542 0.00148874 0.00126802 -0.000858076 0.000116051 -0.000276226 -0.00042398 0.00102057 0.00221689 0.00212119 -8.38768e-05 0.000245193 -0.000810045 0.000700909 0.00032293 0.00055997 0.000343625 0.0010556 0.000818086 0.00221277
internal_weight=2502 201 67 134 45 99 60 2301 99 2202 2169 733.5 700.5 1435.5 759 610.5 233.5 561 102.5 467 131 374 362 676.5 55 181 153.5 99 187 115.5 148.5 297 60.5 53 105 76 99 176 88 181 126 55 100.5 77
internal_count=1614 174 58 116 42 96 60 1440 54 1386 1368 585 567 783 414 333 189 306 81 378 108 204 288 369 48 144 120 54 102 63 81 162 51 42 90 66 54 96 48 144 96 48 78 42
is_linear=0
shrinkage=0.08


Tree=32
num_leaves=45
num_cat=0
split_feature=37 1 6 37 36 32 33 32 33 10 3 36 0 0 9 36 32 32 12 37 2 18 22 9 17 3 36 28 37 37 14 37 33 22 7 37 22 10 0 24 37 14 37 17
split_gain=1.61883 17.2544 12.3393 28.7581 1.96544 9.12125 9.06994 21.7292 2.85798 0.798919 0.789094 0.538649 1.23061 0.606022 0.342374 0.246171 1.72826 1.38218 0.195863 0.11587 0.090663 0.0632078 0.0515251 0.0500107 0.0374614 0.0346924 0.032879 0.0300896 0.035039 0.0356244 0.0289879 0.0415995 0.0276505 0.0267952 0.0248563 0.0164378 0.0150664 0.0116459 0.00903787 0.0086129 0.0166647 0.00839863 0.0126435 0.00839222
threshold=6.527000000000001 11.965000152587892 3.5350000000000006 11.965000152587892 1.5000000000000002 1.0000000180025095e-35 1.0000000180025095e-35 1.0000000180025095e-35 1.7000000000000004 9.9550000000000018 11.984999656677248 1.5000000000000002 12.329999885559085 11.97499990463257 11.941153846153847 2.5000000000000004 1.0000000180025095e-35 1.0000000180025095e-35 9.8250000000000011 3.0500000000000003 17.745000000000001 17.200000000000006 65.700000000000017 11.992692307692311 2.1000000000000005 17.515000000000004 2.5000000000000004 13.700000000000001 11.936538366171032 8.5900000000000016 7.8200000000000012 16.140000000000004 1.0000000180025095e-35 65.700000000000017 11.974615384615387 10.875000000000002 50.300000000000004 9.5150000000000023 16.425000000000004 5.4000000000000012 12.049615384615388 7.6250000000000009 16.140000000000004 8.9000000000000021
decision_type=2 2 2 2 2 2 2 2 2 2 2 2 2 2 2 2 2 2 2 2 2 2 2 2 2 2 2 2 2 2 2 2 2 2 2 2 2 2 2 2 2 2 2 2
left_child=1 -1 3 -2 5 8 7 -6 -4 15 -5 12 -3 -13 20 16 -8 -17 22 26 25 24 27 33 -21 32 -15 30 29 -29 -19 38 -7 37 -30 -31 -26 39 -32 41 -41 -18 -43 -14
right_child=2 11 4 10 6 14 9 -9 -10 -11 -12 13 43 19 -16 17 23 18 -20 21 -22 -23 -24 -25 36 -27 -28 28 34 35 31 -33 -34 -35 -36 -37 -38 -39 -40 40 -42 42 -44 -45
leaf_value=0.070511548668146129 -0.098519210380812489 -0.020365691481468579 0.04973794722448914 0.018271217191857952 -0.070875800570732436 0.0026417279669216703 0.016451234046253375 0.0048084403160545564 0.016381738494017296 -0.010224354971538892 -0.0036598534562758038 0.014513422641903162 -0.00028961497109776247 -0.0032984364632783194 0.0071721246176295805 -0.013967798352241517 0.000675973798483383 0.0012033756170762983 -0.0048449522068167664 0.0014729431677343592 -0.0032504862009293655 -0.0016030567958950999 0.0042013876905040229 0.0034353457449318526 0.0035649893860760576 0.0028407804193821824 0.00016917544180718581 0.00059856865893710752 0.0012449890364180595 0.0040029847108084583 -0.0019115253755201897 0.0023558950231506908 0.00019255628760904702 0.0027140997128472445 -0.0022060659375380386 0.0018949339482933283 0.0061386613319336907 -0.0010281192632271099 -0.0005108450775780873 0.0017513313904459025 -0.00066178777962923058 -0.0003821574220412046 0.0012311103015733686 0.0015702865577143868
leaf_weight=24 27 24 31 21 39.5 31.5 48 63 35 44 21 24 64 35 49.5 44.5 164 136.5 38.5 42 44 20 31.5 38.5 37 38.5 35 55 34 58 45 29 465 31.5 22 40 24 38.5 85.5 68.5 25 171 38 20.5
leaf_count=24 18 24 20 21 26 19 28 38 20 24 21 24 64 35 27 26 100 85 21 42 24 20 25 21 34 21 35 22 32 25 20 29 272 25 15 20 24 21 38 30 21 76 38 19
internal_value=1.64631e-12 0.00505004 -0.000819972 -0.0341041 0.000282309 0.00375718 -0.00145512 -0.0243577 0.032049 0.000369603 0.00730568 0.000223385 -0.004379 0.00252458 0.000786192 0.000744761 0.00186765 -0.000384472 0.00066676 0.00103373 0.000240245 0.00251248 0.00106229 0.000650238 0.00331161 0.000527333 -0.00156463 0.000866483 0.00160138 0.00222805 0.000347587 -0.000384796 0.000347942 0.000450375 -0.000110783 0.00314256 0.00457758 0.000309172 -0.000993838 0.000419538 0.00110611 0.000247434 -8.8836e-05 0.000161604
internal_weight=2502 349.5 2152.5 69 2083.5 694.5 1389 102.5 66 1286.5 42 325.5 108.5 217 628.5 1242.5 623 619.5 575 193 579 123 536.5 575 103 535 70 505 209 153 296 159.5 496.5 536.5 56 98 61 505 130.5 466.5 93.5 373 209 84.5
internal_count=1614 345 1269 60 1209 403 806 64 40 742 42 321 107 214 363 718 360 358 332 190 336 120 311 332 100 312 70 286 114 67 172 87 291 311 47 45 58 286 58 265 51 214 114 83
is_linear=0
shrinkage=0.08


Tree=33
num_leaves=45
num_cat=0
split_feature=37 34 36 16 10 1 35 1 4 37 11 33 37 10 37 22 37 15 18 37 36 36 22 16 3 33 1 31 36 34 37 16 37 15 22 29 36 37 35 8 10 15 37 16
split_gain=1.37571 9.39269 25.9113 65.6777 7.2285 0.956861 2.29336 0.785767 0.260002 1.82376 0.228711 0.16454 0.238901 0.149453 0.142697 0.084584 0.0759768 0.0565406 0.0537022 0.0405041 0.0388109 0.034441 0.0221118 0.0215699 0.0182424 0.0343333 0.036552 0.0147532 0.0494491 0.0178834 0.0136435 0.0370511 0.0167245 0.0410075 0.0124745 0.0150151 0.01079 0.00943613 0.013362 0.0143482 0.0140317 0.00872538 0.00821854 0.00757219
threshold=7.2450000000000001 1.0000000180025095e-35 2.5000000000000004 6.6350000000000016 7.0500000000000016 11.97499990463257 1.5000000000000002 11.97499990463257 17.955000000000002 11.784230769230772 6.6750000000000016 1.0000000180025095e-35 10.105000000000002 9.9550000000000018 14.240000000000002 89.40000000000002 3.0500000000000003 2.2850000000000006 17.200000000000006 7.4050000000000011 2.5000000000000004 2.5000000000000004 45.400000000000013 6.8850000000000025 11.994999885559084 1.9000000000000001 13.56 1.0000000180025095e-35 2.5000000000000004 10.500000000000005 9.6700000000000017 6.2600000000000016 16.245000000000001 3.0700000000000007 17.800000000000008 5.5000000000000009 1.5000000000000002 16.545000000000005 1.5000000000000002 9.8750000000000018 9.7450000000000028 2.2450000000000001 8.1550000000000029 6.8650000000000011
decision_type=2 2 2 2 2 2 2 2 2 2 2 2 2 2 2 2 2 2 2 2 2 2 2 2 2 2 2 2 2 2 2 2 2 2 2 2 2 2 2 2 2 2 2 2
left_child=4 2 3 -2 5 6 -1 -5 11 -10 16 12 -3 15 -14 17 24 27 20 -19 34 36 -22 30 -7 26 -26 28 29 -13 31 -23 33 -32 -18 -36 42 38 40 -40 41 -29 -21 -38
right_child=1 8 -4 7 -6 10 -8 -9 9 -11 -12 13 14 -15 -16 -17 18 19 -20 21 22 23 -24 -25 25 -27 -28 37 -30 -31 32 -33 -34 -35 35 -37 43 -39 39 -41 -42 -43 -44 -45
leaf_value=-0.0055263917538381762 0.11295907406096763 0.00041112892761610559 -0.080348556152411862 -0.040621163644220519 0.049966519560132712 0.000687673023591439 0.031861547146524706 -0.061421265766975729 -0.011800611527666214 0.010771399723986786 -0.0077139892482331824 -0.0034032570895476217 0.0040913701541721824 0.0057522692528525089 0.012689653691791354 0.0040012837963130992 0.00018358746882500676 -0.0012671626817494159 -0.0013436266904852043 0.0010069264820555136 0.0028898049311505427 0.0032328844225406645 0.0061409546900540596 0.0034792212029891231 -0.0052371901221617704 0.00099198016435063136 -0.00088547486792473753 0.00030822916862375117 0.0011990869376698838 -0.001074556393343854 -0.0014341533574042842 0.00023195001941460829 0.0022593672157210465 0.0019470279397104274 0.0028123326328824516 0.00064632562920451163 0.00065892213494899918 -0.0012149568554013967 -0.00086454519184513221 0.00028715397078129981 0.0018027604173180911 -0.00085767095166374926 -0.00010955167945127848 0.001898889146643142
leaf_weight=21 23.5 69 35 23 21 36 21 23.5 63 36 21 39 30 33 21 39 34 63 30 52.5 40.5 62.5 20 33.5 21 24 30 285 42.5 46 48 45.5 34 44 54 33 231 45 180 112.5 36 48 215 36.5
leaf_count=21 12 30 26 20 12 36 21 20 27 27 12 24 24 18 21 30 34 27 30 21 36 25 20 24 21 24 30 201 25 26 31 20 34 22 48 30 130 45 72 45 18 33 135 26
internal_value=-5.69601e-13 -0.00082622 -0.0241462 0.00395502 0.00425915 0.00176925 0.0131676 -0.051133 0.00040392 -0.00359261 0.000375572 0.000613096 0.00347993 0.000418899 0.00763184 0.000317662 0.000902334 0.00023313 0.00179189 0.00068609 0.00231015 0.000839429 0.00396457 0.0015806 -0.000792626 -0.00150317 -0.00267736 -0.000236937 -0.00102898 -0.00214302 0.00130879 0.0019686 0.000743241 0.000182933 0.00148295 0.00199074 0.000468842 -9.39984e-05 -1.77428e-05 -0.000421584 0.000302375 0.000140171 0.00010957 0.000828114
internal_weight=2502 2095.5 105 70 406.5 385.5 42 46.5 1990.5 99 343.5 1891.5 120 1771.5 51 1738.5 322.5 1699.5 211.5 865.5 181.5 802.5 60.5 267.5 111 75 51 834 127.5 85 234 108 126 92 121 87 535 706.5 661.5 292.5 369 333 267.5 267.5
internal_count=1614 1239 78 52 375 363 42 40 1161 54 321 1107 75 1032 45 1014 309 984 198 495 168 468 56 156 111 75 51 489 75 50 132 45 87 53 112 78 312 414 369 117 252 234 156 156
is_linear=0
shrinkage=0.08


Tree=34
num_leaves=45
num_cat=0
split_feature=37 6 6 37 36 34 34 3 10 10 36 2 7 9 32 29 37 13 16 29 36 2 5 37 34 37 34 14 37 15 37 16 37 19 2 21 37 6 17 18 37 37 34 37
split_gain=1.23553 13.5199 8.4039 25.3008 1.58131 42.9681 30.3035 0.785096 0.671159 0.503078 0.830749 1.3461 1.26935 0.338322 0.133518 0.0848284 0.119861 0.070968 0.0728669 0.0742991 0.0651313 0.0622935 0.0536415 0.0456426 0.0744404 0.039898 0.0726534 0.0469044 0.0384025 0.036285 0.0321707 0.0312382 0.0218771 0.0215989 0.0274206 0.0198877 0.0305973 0.0198863 0.0192926 0.0365826 0.0190379 0.0185736 0.0154006 0.0138988
threshold=6.527000000000001 2.9150000810623173 3.5350000000000006 11.965000152587892 1.5000000000000002 1.0000000180025095e-35 1.0000000180025095e-35 11.984999656677248 9.9550000000000018 1.1449999809265139 2.5000000000000004 12.720000000000001 2.9550000429153447 11.941153846153847 0.50000000000000011 1.7000000000000004 10.105000000000002 9.7700000000000014 6.9750000000000023 2.1000000000000005 2.5000000000000004 14.820000000000002 10.105000000000002 11.936538366171032 44.500000000000007 16.140000000000004 52.800000000000011 7.6650000000000009 7.9350000000000014 1.0000000180025095e-35 17.590000000000003 7.6300000000000017 5.535000000000001 8.9000000000000021 14.200000000000001 0.50000000000000011 10.105000000000002 11.911538461538465 0.50000000000000011 6.4000000000000012 9.6700000000000017 10.875000000000002 12.000000000000004 9.3250000000000011
decision_type=2 2 2 2 2 2 2 2 2 2 2 2 2 2 2 2 2 2 2 2 2 2 2 2 2 2 2 2 2 2 2 2 2 2 2 2 2 2 2 2 2 2 2 2
left_child=1 -1 3 -2 5 -4 -6 -5 17 -3 12 -12 -11 14 15 16 -7 18 22 21 -19 -20 25 35 -25 27 -27 40 -21 -16 -26 -30 33 34 -14 36 37 -24 -13 -40 -8 -37 -31 -29
right_child=2 9 4 7 6 13 8 -9 -10 10 11 38 32 -15 29 -17 -18 20 19 28 -22 -23 23 24 30 26 -28 43 31 42 -32 -33 -34 -35 -36 41 -38 -39 39 -41 -42 -43 -44 -45
leaf_value=0.062357836179435251 -0.088603846971635467 -0.011007973402738571 0.1372395583788554 0.021594041679941473 -0.080895777861277274 -0.0016047407625472709 0.0015975603611644254 -0.00028138795069285801 -0.009328632485121488 -0.019207569016143681 0.024454632179642263 0.00042549678445633114 -0.00015302418926730753 0.0067220455280157052 0.0031901714083823291 0.00022488927015581645 -0.008635271657258272 0.0007079830289714867 0.0024256962018140865 -0.0010643107934217703 -0.0033959212778794648 0.0070727476341029003 0.00070034850543985766 0.0033314159220705431 -0.0025841247305274013 0.00029188970043774571 0.005475897359719966 -0.0011184192795772106 0.0031448782084263723 0.0016092238778179346 0.00072962446262439095 -0.00024061438824551608 0.0024075399095128324 -0.0021921416538922735 0.0028581369897195449 0.0017759688041981434 0.0040372765870863355 0.0028605918735265736 0.0049691983220929445 0.00059244605543261233 -0.00010820352443261072 -0.00022600040686401456 6.5802397797555385e-05 -0.00010813886311298572
leaf_weight=24 27 24 14.999999999999998 21 30 36.5 109 21 44 24 22 29 100 49.5 27.5 37 27 49.5 48 38 49.5 30 60 30 50 62 24 190 53 45.5 30 26 29 24 24 91 52 50 27.5 22 68 44 456.5 161
leaf_count=24 18 24 9 21 18 16 48 21 24 24 22 29 100 27 15 21 25 27 48 20 27 20 24 30 32 62 24 76 34 28 30 26 26 24 24 38 26 20 26 22 50 22 262 80
internal_value=-4.21097e-11 0.00441185 -0.00071635 -0.0281846 0.000193326 0.00331018 -0.0013651 0.0106563 0.000390544 0.00013934 0.00102669 0.00696545 -0.00194269 0.000353679 -0.000146692 -0.00281994 -0.0045941 0.000715749 0.00088344 0.00230049 -0.00134397 0.00421302 0.000612799 0.00132502 -6.70457e-05 0.000140692 0.00173859 -0.000119572 0.00102546 0.000360695 -0.00134147 0.00203067 0.000398306 4.60452e-06 0.000429781 0.0018406 0.0024382 0.00168228 0.00206403 0.00302398 0.000942239 0.00112348 0.000205694 -0.000655014
internal_weight=2502 349.5 2152.5 69 2083.5 694.5 1389 42 1359 325.5 301.5 100.5 201 679.5 630 100.5 63.5 1315 1216 195 99 78 1021 407 110 614 86 528 117 529.5 80 79 177 148 124 297 162 110 78.5 49.5 177 135 502 351
internal_count=1614 345 1269 60 1209 403 806 42 788 321 297 99 198 394 367 62 41 764 710 148 54 68 562 222 92 340 86 254 80 305 62 60 174 148 124 130 70 44 77 48 98 60 290 156
is_linear=0
shrinkage=0.08


Tree=35
num_leaves=45
num_cat=0
split_feature=37 2 37 33 0 5 36 10 37 12 36 13 7 32 0 4 7 4 31 22 5 4 36 37 0 37 19 32 31 19 16 2 33 32 15 14 14 36 37 26 0 11 37 31
split_gain=1.15657 21.1887 6.69074 4.11053 14.0146 3.52876 0.976696 0.926257 0.700067 8.39634 1.25027 9.7344 9.58638 1.15101 0.93509 0.431323 0.409664 0.213084 0.186256 0.124355 0.0525283 0.0691692 0.0409256 0.0379414 0.0596353 0.055262 0.0415213 0.0368718 0.0325427 0.0265686 0.0243124 0.0295894 0.0189612 0.0176265 0.0214629 0.0198219 0.0428322 0.064774 0.0253114 0.0126495 0.0116744 0.0102164 0.0100621 0.00954512
threshold=11.655000000000001 8.3270000000000017 11.784230769230772 1.0000000180025095e-35 16.155000000000005 2.9050000905990605 2.5000000000000004 9.9550000000000018 8.0900000000000016 7.9050000000000011 1.5000000000000002 1.1549999713897707 2.9450000524520878 1.0000000180025095e-35 16.625000000000004 17.955000000000002 2.9550000429153447 11.994999885559084 1.0000000180025095e-35 13.600000000000003 10.105000000000002 17.280000000000005 2.5000000000000004 4.1100000000000003 15.4 6.3050000000000006 5.0000000000000009 3.1000000000000005 3.5000000000000004 1.0000000180025095e-35 6.9000000000000012 16.985000000000003 0.3000000000000001 3.3000000000000003 3.2350000000000003 8.2450000000000028 7.5250000000000012 1.5000000000000002 16.960000000000004 11.400000000000002 15.935000000000002 7.7750000000000012 8.8450000000000006 9.9000000000000004
decision_type=2 2 2 2 2 2 2 2 2 2 2 2 2 2 2 2 2 2 2 2 2 2 2 2 2 2 2 2 2 2 2 2 2 2 2 2 2 2 2 2 2 2 2 2
left_child=1 -1 -2 4 6 -3 16 8 9 10 12 -12 -7 14 -10 18 -4 -13 -5 27 30 -22 39 26 25 28 -21 29 -25 -19 32 -32 -15 -20 35 36 -35 -38 -39 43 -34 -42 -43 -23
right_child=2 5 3 15 -6 7 -8 -9 13 -11 11 17 -14 20 -16 -17 -18 19 33 23 21 22 -24 24 -26 -27 -28 -29 -30 -31 31 -33 40 34 -36 -37 37 38 -40 -41 41 42 -44 -45
leaf_value=-0.1123163435288838 -0.044375838283449411 0.0275759774350533 -0.013281237268820405 0.0062597866896539926 -0.072612652670253408 -0.062933674490813052 0.016466948390007018 0.012921922987415678 -0.016405369157742974 0.036258568598992291 0.056246803154548004 -0.0068019393986711897 0.00027998653819154512 -0.0016415780585564666 -0.0011828161983026399 0.0097013753145519226 0.0029108936255797745 -0.00063490665414267121 -0.00041168342829526718 0.0021501846442697572 0.0037227332244316735 0.00098652152727319773 0.0021447234143486282 0.0013042075413146189 0.0015971107503014899 0.008069897461682558 -0.0022517011004189649 -0.0019398307083174587 0.0055293677039444447 0.0020659590504962851 0.0021739524161594726 -4.8647211820241953e-05 0.00092946658438692491 0.00017217075446664934 -0.0018588793013034211 -3.0229906141930433e-05 -0.00060422057179612633 0.0062412828837449729 0.0024557664766907692 -0.0011207065195776523 -0.0010452404204157315 -0.00069500549515295353 0.00036910745303197785 -0.0004848209952773607
leaf_weight=10.499999999999998 24 33 20 35 22 16.5 20 42 49.5 45 21 24 221 58.5 54 36 20 63 180 32 60 73 83.5 28 126 20 24 80 20 37 64.5 94.5 60 84 21 108 23 26 20 48 84 90 154.5 46
leaf_count=6 12 33 20 35 22 15 20 18 24 18 18 24 148 27 24 27 20 54 171 32 30 32 36 28 54 18 24 32 20 22 30 42 30 84 21 84 22 24 20 20 42 36 75 20
internal_value=-4.57041e-11 0.00100734 -0.00293689 -0.00131976 -0.0179945 0.00164966 0.0020322 0.00117944 0.000901979 0.00274429 0.000627602 0.00299725 -0.0041117 -0.00046621 -0.00846317 0.00124558 -0.00518517 0.000534169 0.000633083 0.000943626 0.000436883 0.00128299 0.000698622 0.00209802 0.00262752 0.00453681 0.000263662 -0.000659695 0.00306469 0.000364414 3.35785e-06 0.000852973 -0.000298854 0.000206817 0.000601605 0.000799575 0.00138532 0.0028622 0.00459541 -2.44288e-05 -9.66682e-05 -0.00028409 -2.25906e-05 0.000417767
internal_weight=2502 1863 639 615 82 1852.5 60 1819.5 1777.5 757.5 712.5 475 237.5 1020 103.5 533 40 454 497 430 916.5 310.5 250.5 250 194 68 56 180 48 100 606 159 447 462 282 261 153 69 46 167 388.5 328.5 244.5 119
internal_count=1614 1032 582 570 82 1026 60 993 975 507 489 326 163 468 48 488 40 308 461 284 420 138 108 176 120 66 56 108 48 76 282 72 210 426 255 234 150 66 44 72 183 153 111 52
is_linear=0
shrinkage=0.08


Tree=36
num_leaves=45
num_cat=0
split_feature=37 2 34 37 6 5 10 34 16 35 33 10 37 22 5 35 34 17 35 34 16 1 21 37 37 1 19 32 37 2 17 1 27 33 37 34 10 10 34 29 29 33 1 29
split_gain=0.97892 17.9342 7.23921 6.39964 5.5695 2.98674 0.783984 0.821605 5.65254 4.40931 0.497048 0.310369 0.0754727 0.0739711 0.0703278 0.0496072 0.0461627 0.0327954 0.0421086 0.0245471 0.0353629 0.0214522 0.0192014 0.0191712 0.026483 0.0355828 0.0197486 0.0179339 0.016241 0.0188297 0.0154546 0.0152582 0.0144644 0.013942 0.019668 0.0124124 0.0108274 0.0110726 0.0107072 0.0105381 0.011764 0.0117029 0.0102495 0.00992575
threshold=11.655000000000001 8.3270000000000017 1.0000000180025095e-35 11.784230769230772 2.935000061988831 2.9050000905990605 9.9550000000000018 1.0000000180025095e-35 6.6350000000000016 1.5000000000000002 1.0000000180025095e-35 9.9200000000000017 11.893461538461539 13.600000000000003 10.105000000000002 1.5000000000000002 31.500000000000004 13.900000000000002 1.5000000000000002 87.000000000000014 6.4650000000000007 16.740000000000006 1.3 9.4050000000000029 4.1100000000000003 13.265000000000002 19.300000000000004 1.0000000180025095e-35 17.400000000000002 16.165000000000003 3.3000000000000003 12.915000000000001 9.5000000000000018 3.7000000000000006 8.9450000000000021 8.9000000000000057 2.9750000000000005 7.7550000000000008 43.400000000000013 1.3 1.0000000180025095e-35 2.5000000000000004 16.115000000000006 9.1000000000000014
decision_type=2 2 2 2 2 2 2 2 2 2 2 2 2 2 2 2 2 2 2 2 2 2 2 2 2 2 2 2 2 2 2 2 2 2 2 2 2 2 2 2 2 2 2 2
left_child=1 -1 4 -4 -2 -3 7 8 -7 -10 -5 12 -12 14 15 21 -16 23 -19 28 -21 36 27 24 25 31 -26 -17 29 42 -31 -15 -30 -18 -35 -23 -9 -38 -25 40 -29 -41 -14 -36
right_child=2 5 3 10 -6 6 -8 13 9 -11 11 -13 19 17 16 22 33 18 -20 20 -22 35 -24 38 26 -27 -28 39 32 30 -32 -33 -34 34 43 -37 37 -39 -40 41 -42 -43 -44 -45
leaf_value=-0.10333103367260524 -0.0035508982670892563 0.025369899386370721 -0.040825772086779281 0.010062628856931741 -0.059965183961515622 0.033856518167844962 0.01188816901473772 0.0020065171417469781 -0.02362622951515592 0.014664758675682701 0.0046923105418682099 0.010236819516867399 9.2518330280428587e-05 -4.8002567394481346e-05 0.0032948827588309844 -0.0020794881557769799 -0.00043985286757113442 0.0045126512418023476 0.00086207699584996416 0.00013455145339119352 0.0042654090960110936 0.0002899420771393038 -0.0021542772283258084 -0.00055071663210513259 0.0012823131063087569 -0.0021285875116220927 0.0033253926562442295 -0.0007465857975184917 0.0023567038344141718 -0.00055858890500126615 -0.0027197728205161794 0.0029047856820259422 -0.0003807996466223683 3.3879168952504797e-05 0.00091643157770963219 0.0021236592202223147 -0.0010657245295959106 0.00013189404785710697 0.0010336150814379964 -0.001505186649530919 0.0010280636621310432 -0.00029838697394977016 0.0019773022205169712 0.002402805834318753
leaf_weight=10.499999999999998 21 33 24 39 24 35.5 42 14.999999999999998 39 38 24 21 153 24 48 54 63 39 42 36 21 42 73.5 78 247.5 33 34.5 45 30 180 24 21 21 90 61.5 54 69 174 42 90 51 120 21 54
leaf_count=6 21 33 12 39 24 19 18 15 36 35 12 21 153 24 21 27 27 33 33 27 21 21 33 39 132 33 24 18 30 156 24 21 21 36 27 27 45 87 21 36 33 48 21 24
internal_value=-6.60181e-11 0.000926753 -0.00270194 -0.000358262 -0.0336385 0.00151769 0.00108508 0.000829821 0.00744662 -0.00472938 0.00134563 0.000705402 0.000312932 0.00038274 2.62883e-06 -0.000402162 0.00100981 0.00113077 0.00261976 9.66664e-05 0.00165645 0.000300473 -0.00097594 0.000879499 0.0011714 -0.000133269 0.00153226 -0.000735363 -0.000110577 -0.000291381 -0.000812846 0.00132997 0.0012295 0.000601305 0.000920492 0.00132141 -7.94096e-05 -0.00020817 3.79947e-06 -0.000498165 0.000196197 -0.000815587 0.000319992 0.00161136
internal_weight=2502 1863 639 594 45 1852.5 1819.5 1777.5 112.5 77 570 531 510 1665 1104 787.5 316.5 561 81 486 57 354 433.5 480 360 78 282 360 429 378 204 45 51 268.5 205.5 96 258 243 120 306 96 210 174 115.5
internal_count=1614 1032 582 537 45 1026 993 975 90 71 525 486 465 885 525 390 135 360 66 453 48 195 195 294 234 78 156 162 405 354 180 45 51 114 87 48 147 132 60 135 51 84 174 51
is_linear=0
shrinkage=0.08


Tree=37
num_leaves=45
num_cat=0
split_feature=37 6 34 36 6 10 36 0 4 10 35 37 8 4 36 34 34 37 0 32 34 37 37 23 31 37 37 14 6 23 10 36 32 19 19 37 21 19 18 27 21 0 30 32
split_gain=0.884089 10.1757 5.64274 20.3431 12.8852 0.496198 0.661661 1.11926 0.925683 0.194406 0.0642703 0.105496 0.0701269 0.0479225 0.0436222 0.0334724 0.125877 0.174869 0.0255338 0.0242931 0.0230291 0.0451901 0.0201245 0.0433845 0.0307315 0.039851 0.0283677 0.0348449 0.026371 0.0212424 0.034085 0.0191059 0.022078 0.0171394 0.0272186 0.0162537 0.0156113 0.0144405 0.0261966 0.0142351 0.0111908 0.0108898 0.0107785 0.00919869
threshold=6.527000000000001 2.9150000810623173 1.0000000180025095e-35 2.5000000000000004 2.9250000715255742 1.1449999809265139 2.5000000000000004 12.915000000000001 11.994999885559084 9.9550000000000018 1.5000000000000002 8.2450000000000028 10.675000000000002 16.185000000000006 2.5000000000000004 12.500000000000005 8.9000000000000057 16.155000000000005 17.795000000000005 0.70000000000000007 119.60000000000004 11.655000000000001 17.430000000000003 2.3000000000000003 0.70000000000000007 10.085000000000003 17.335000000000004 9.3000000000000025 11.992692307692311 0.50000000000000011 7.5750000000000002 2.5000000000000004 1.0000000180025095e-35 1.0000000180025095e-35 7.6000000000000005 11.525 1.1000000000000003 5.9000000000000012 0.50000000000000011 1.9000000000000001 7.0000000000000009 16.685000000000006 6.5000000000000009 0.50000000000000011
decision_type=2 2 2 2 2 2 2 2 2 2 2 2 2 2 2 2 2 2 2 2 2 2 2 2 2 2 2 2 2 2 2 2 2 2 2 2 2 2 2 2 2 2 2 2
left_child=1 -1 3 4 -2 -3 8 -8 -7 10 11 -4 13 40 18 16 31 43 -14 41 22 -22 24 -24 25 -17 27 28 29 -26 39 32 -13 -10 -35 -32 -21 38 -9 -31 -12 -15 -25 -18
right_child=2 5 9 -5 -6 6 7 37 33 -11 12 15 14 19 -16 20 17 -19 -20 36 21 -23 23 42 26 -27 -28 -29 -30 30 35 -33 -34 34 -36 -37 -38 -39 -40 -41 -42 -43 -44 -45
leaf_value=0.054003060696025687 -0.041312393148740127 -0.011045439843243609 0.0057828225678315873 -0.068492322036198205 0.030997946551879464 -0.016486991830922004 0.02215433691353114 0.00077431285731767397 -0.00090141763869074315 -0.0039496750480523613 0.00012303142483327902 -0.0026489999717367548 0.0013658374474073451 -0.0029041147728761036 0.0026850464843213556 0.00079324891118125781 0.00084583593822187841 0.0087768510815997916 -0.00072168993850549063 -0.00032765753147588383 -0.00026679765215764444 0.0040232701317378973 0.0047401954938790635 -0.0009947938273572141 0.00026713865536120941 -0.0027777917803549724 -0.0017335352756910854 0.0031064699403941633 -0.0014969924997006144 0.0038500697594700439 -0.0004848511829040945 0.0012611352532105739 8.6434080249405123e-05 0.0016031742579281241 -0.00098196985190856807 0.0015670976089313627 -0.0016661383867263794 5.1772779096727784e-05 0.0042539741604957944 0.0016297290149495461 0.0015108183125654856 -0.0012746833598108165 0.0015683577566718062 0.0026043140762626671
leaf_weight=24 24 24 27 35 46 24 22 29 56 66 127.5 28 75 52.5 75 36 45 30 75 217.5 30 33 21 21 420 45 36 33 42 33 60 43 58 83 38 42 75 23 26.5 42 52.5 52.5 21 33
leaf_count=24 18 24 24 26 34 24 22 29 56 36 51 22 30 21 30 18 27 30 30 87 15 27 21 21 297 36 36 18 21 18 30 34 46 80 38 24 30 23 25 27 21 21 21 21
internal_value=4.58334e-11 0.00373201 -0.000605963 -0.0186936 0.00620583 2.53838e-05 0.000906643 0.00620668 -0.00174338 0.000321606 0.000463874 0.000839767 -8.83723e-05 -0.000555166 0.00110973 0.000723914 0.00157123 0.00358621 0.000322074 -0.00104557 0.000504446 0.00198038 0.00039531 0.00177125 0.000285444 -0.00119066 0.00045432 0.000571527 0.000440614 0.000576928 0.00131202 -0.000115736 -0.000804172 0.000255758 0.000791311 0.000360069 -0.000670858 0.00173728 0.00243577 0.00260668 0.000527803 -0.0020894 0.000286782 0.00158981
internal_weight=2502 349.5 2152.5 105 70 325.5 301.5 100.5 201 2047.5 1981.5 1179 802.5 577.5 225 1152 237 108 150 397.5 915 63 852 63 789 81 708 672 639 597 177 129 86 177 121 102 292.5 78.5 55.5 75 180 105 42 78
internal_count=1614 345 1269 78 52 321 297 99 198 1191 1155 834 321 231 90 810 180 78 60 159 630 42 588 63 525 54 471 435 417 396 99 102 68 174 118 54 117 77 54 45 72 42 42 48
is_linear=0
shrinkage=0.08


Tree=38
num_leaves=45
num_cat=0
split_feature=37 34 2 35 0 9 3 0 37 31 34 35 1 10 15 1 4 12 2 1 14 16 26 37 37 7 5 0 37 18 34 37 37 21 27 30 30 16 37 13 34 21 16 35
split_gain=0.862374 16.9457 6.75294 2.05078 24.4364 19.431 1.17628 3.01062 1.12949 2.51474 0.728901 9.65497 1.78447 0.765174 0.407474 1.039 0.296268 0.165996 0.0805419 0.143011 0.0543121 0.0496434 0.040063 0.0320774 0.0258301 0.0251833 0.0240284 0.0227269 0.0499608 0.0581138 0.030271 0.0268554 0.0165351 0.0137372 0.0135578 0.0181428 0.0213581 0.0123507 0.0142392 0.0111905 0.0111257 0.0101668 0.00931942 0.00930908
threshold=16.415000000000003 8.2000000000000046 8.3270000000000017 1.0000000180025095e-35 8.3270000000000017 2.935000061988831 11.954999923706056 11.954999923706056 11.655000000000001 3.5000000000000004 1.0000000180025095e-35 1.5000000000000002 11.984999656677248 9.9550000000000018 1.765000104904175 11.984999656677248 17.935000000000006 7.8650000000000011 16.960000000000004 16.685000000000006 7.5250000000000012 6.0550000000000024 3.4000000000000004 3.0500000000000003 8.0900000000000016 9.9350000000000005 11.992692307692311 15.475000000000001 5.535000000000001 17.200000000000006 42.70000000000001 5.0400000000000009 10.105000000000002 3.0000000000000004 2.3000000000000003 2.5000000000000004 3.5000000000000004 6.4850000000000021 9.6700000000000017 7.8350000000000009 9.9000000000000039 3.8000000000000003 6.21 1.5000000000000002
decision_type=2 2 2 2 2 2 2 2 2 2 2 2 2 2 2 2 2 2 2 2 2 2 2 2 2 2 2 2 2 2 2 2 2 2 2 2 2 2 2 2 2 2 2 2
left_child=2 -2 -1 5 -5 -4 -6 -8 10 -10 11 12 -9 20 -7 -16 18 42 19 -3 23 22 -22 40 25 -23 33 28 29 31 -30 -25 37 -20 35 43 -37 38 41 -27 -12 -29 -17 -26
right_child=1 16 3 4 6 14 7 8 9 -11 13 -13 -14 -15 15 17 -18 -19 26 -21 21 24 -24 27 34 39 -28 32 30 -31 -32 -33 -34 -35 -36 36 -38 -39 -40 -41 -42 -43 -44 -45
leaf_value=-0.055910280722158923 -0.073249906577569038 0.00093470578898500274 0.081258181127763937 -0.12178950809297108 -0.024386700530303642 -0.0062997970688873188 0.040684044361114502 -0.0024792651431979956 -0.022791741807900726 0.001840161119406629 0.00013087563264446383 0.033401500942030302 -0.032459968216717247 0.011253089330026082 0.019495686886033842 -0.0013016269918686399 0.010834957307115907 0.0075060659961863644 -0.0015619545748146871 0.0084745489912373684 0.002959450276797278 -0.0026276973006980758 0.00024887439743098287 0.0021652393256728019 0.00070557550458858408 0.00015435727823663641 0.0020089654651071344 0.00021461499500132744 0.0056712724540072179 -0.0030875510953011966 0.0022843666158191729 -0.0005986089246968429 0.0017261639713214187 0.00047561271884478631 0.0010199455343977068 -0.0021925734756614574 -0.00033473330776622237 -0.00052057908144374581 -0.00044398219574725737 -0.0014029498071897598 -0.0019183321117113034 0.0014723541371461459 0.0002455915374678186 -0.00019735283502622655
leaf_weight=13.499999999999998 21 69 21 10.499999999999998 11.999999999999998 39 11.999999999999998 27 42 72 39 48 24 42 21 30 21 21 72 21 57 52.5 90 90 150 67.5 21 63 24 21 57 30 78 30 66 46.5 267 69 54 52.5 30 118.5 147 142.5
leaf_count=9 21 69 21 6 12 39 12 27 21 36 39 39 15 18 21 30 21 21 72 21 24 21 36 90 75 27 21 27 21 21 45 30 39 30 30 21 123 30 27 21 30 51 147 57
internal_value=2.57612e-11 -0.00440885 0.000500337 0.000841301 -7.45833e-05 0.00725742 0.000582828 0.000737918 0.000488255 -0.00723475 0.000975753 0.00764942 -0.0165878 0.000588704 0.0012341 0.00257575 0.00176919 0.000781215 0.000875381 0.002694 0.000319692 -5.68845e-05 0.00129991 0.000874074 -0.000293059 -0.00116632 -0.000455318 0.0010606 0.00170448 0.000794856 0.00328789 0.00147428 0.000686903 -0.00096267 -6.88966e-05 -0.000187483 -0.000610298 0.000420689 0.000696474 -0.000526965 -0.000760084 0.00103578 -1.66489e-05 0.000265687
internal_weight=2502 255 2247 2233.5 1954.5 279 1944 1932 1920 114 1806 99 51 1707 258 219 234 198 213 90 1665 991.5 147 673.5 844.5 172.5 123 604.5 222 141 81 120 382.5 102 672 606 313.5 304.5 235.5 120 69 181.5 177 292.5
internal_count=1614 255 1359 1350 1071 279 1065 1053 1041 57 984 81 42 903 258 219 234 198 213 90 885 435 60 450 375 69 123 381 207 141 66 120 174 102 306 276 144 135 105 48 69 78 177 132
is_linear=0
shrinkage=0.08


Tree=39
num_leaves=45
num_cat=0
split_feature=37 33 2 35 15 9 37 25 5 1 32 22 10 37 14 32 16 1 37 16 37 33 35 1 6 22 22 14 5 4 16 31 4 4 22 14 16 30 32 29 21 18 27 27
split_gain=0.729914 17.001 5.71568 1.73578 20.6829 16.4464 0.978791 2.15629 0.918329 5.99192 0.773931 0.661881 0.600655 0.490388 7.23363 0.857534 0.87549 0.47952 0.165529 0.314513 0.151247 0.149628 0.0791174 0.0619245 0.0458803 0.0325346 0.0416321 0.0320778 0.0295261 0.0441896 0.0243718 0.0216808 0.0287373 0.0192904 0.0177659 0.0165868 0.0159222 0.0266109 0.0162983 0.0122408 0.0117181 0.0103534 0.00809493 0.011693
threshold=16.415000000000003 0.3000000000000001 8.3270000000000017 1.0000000180025095e-35 -0.59100000000000052 2.935000061988831 11.655000000000001 3.4000000000000004 2.8250000476837163 11.965000152587892 0.70000000000000007 1.0000000180025095e-35 9.9550000000000018 8.0900000000000016 7.9050000000000011 1.0000000180025095e-35 6.6350000000000016 13.180000000000001 2.9150000429153446 9.0550000953674328 2.5300000000000007 1.0000000180025095e-35 1.5000000000000002 14.700500000000002 2.9550000429153447 13.600000000000003 68.500000000000014 7.4200000000000008 10.105000000000002 17.280000000000005 6.0057692307692303 1.3 16.465000000000003 16.185000000000006 20.500000000000004 7.8650000000000011 6.9000000000000012 1.3 0.70000000000000007 6.1000000000000005 11.500000000000002 4.5000000000000009 11.400000000000002 1.9000000000000001
decision_type=2 2 2 2 2 2 2 2 2 2 2 2 2 2 2 2 2 2 2 2 2 2 2 2 2 2 2 2 2 2 2 2 2 2 2 2 2 2 2 2 2 2 2 2
left_child=2 -2 -1 5 -5 -4 8 -8 -6 -10 -3 -7 13 14 18 16 -15 -13 19 -11 -21 -19 23 24 -20 33 40 -12 36 -30 -31 -29 -33 -24 -26 -23 38 -38 -17 -32 41 -27 43 -34
right_child=1 10 3 4 6 11 7 -9 9 12 27 17 -14 15 -16 28 -18 21 22 20 -22 35 25 -25 34 26 -28 31 29 30 39 32 42 -35 -36 -37 37 -39 -40 -41 -42 -43 -44 -45
leaf_value=-0.051437453958723282 -0.07128013538366014 0.014519851180756915 0.074757524955840343 -0.11204634802682061 -0.016996454240547285 0.012305986141165098 -0.021061609912929789 0.0017473192368116645 0.080976473490397133 -0.008356472521136778 -0.0021945170247151206 -0.011853085949662185 0.010352842062157357 0.0012720406859385214 0.033323880288336015 -0.0016027883611911653 -0.013634109498001635 0.0063875908815060499 0.0047873733658343551 0.0064171720823893944 -0.0028794332541292535 -0.00027800083911608693 0.00031083774132033189 0.006285568369286401 -5.5202892123672527e-05 0.0015442551850522841 -0.0015696679754757586 0.0030091478323770893 0.0028972969570507608 0.0016872447962562242 -0.0009626705403691934 0.0032990793462487913 -0.00045813653652590735 -0.0012385423532687127 0.0019697330166861689 0.0021142116045978453 -3.5788569711493669e-05 0.0021814943265681171 -8.3354122306436614e-05 0.00044586017082779957 0.0023082201081713796 0.00025314600857080156 -0.0013273670471140317 0.0011846475388442182
leaf_weight=13.499999999999998 22 29 21 10.499999999999998 18 30 42 72 5.9999999999999991 39 24 21 42 43.5 45 51 60 27 24 21 24 159 90 21 57 79.5 40.5 27 60 75 60 21 54 120 54 21 108 51 396 115.5 49.5 79.5 21 57
leaf_count=9 22 29 21 6 18 30 21 36 6 39 24 21 18 21 18 24 27 27 24 21 24 159 54 18 57 39 36 27 30 30 27 21 54 48 54 21 48 24 186 51 27 39 21 57
internal_value=-2.57914e-11 -0.00405615 0.00046031 0.000773997 -6.86167e-05 0.00667682 0.000536201 -0.00665597 0.000984238 0.00116285 0.00229118 0.00113537 0.000897693 0.00067257 0.00223437 -0.000466622 -0.00736921 -0.000334445 0.000232895 -0.00309819 0.00145898 0.000834112 0.000687873 0.00224431 0.00161567 0.000158887 0.000777425 0.000552794 0.000312884 0.000947239 0.00048016 0.000919103 0.000550271 -0.000574522 0.000929901 1.09061e-06 -1.21442e-05 0.000675415 -0.000256712 -3.56888e-05 0.00123333 0.000898701 0.000112961 0.000385455
internal_weight=2502 255 2247 2233.5 1954.5 279 1944 114 1830 1812 233 258 1806 1764 744 1020 103.5 228 699 84 45 207 615 156 135 459 249 204 916.5 310.5 250.5 180 153 210 111 180 606 159 447 175.5 208.5 159 132 111
internal_count=1614 255 1359 1350 1071 279 1065 57 1008 990 233 258 984 966 498 468 48 228 480 84 45 207 396 153 135 243 141 204 420 138 108 180 153 102 111 180 282 72 210 78 105 78 132 111
is_linear=0
shrinkage=0.08


Tree=40
num_leaves=45
num_cat=0
split_feature=36 1 9 33 37 37 30 15 32 3 8 35 1 1 22 4 9 36 31 31 27 1 37 21 37 9 9 37 37 5 15 4 33 37 31 37 1 15 37 1 37 22 21 1
split_gain=0.715586 5.96424 5.8922 3.46905 20.6766 2.66235 3.78379 2.51361 6.34929 15.9838 5.40411 3.12771 1.57677 0.965069 1.12927 0.620986 0.352538 0.10204 1.24346 0.909052 0.0544047 0.0316641 0.0307088 0.0472962 0.0251501 0.0296607 0.0385082 0.0282767 0.0287516 0.0242879 0.0196734 0.0159518 0.015486 0.0136807 0.0112551 0.0183631 0.0115078 0.0104808 0.00976721 0.015126 0.0115072 0.00909334 0.00825299 0.00768264
threshold=1.5000000000000002 11.069999904632569 2.935000061988831 1.0000000180025095e-35 14.055000000000001 7.9350000000000014 1.0000000180025095e-35 0.48499999999999949 1.0000000180025095e-35 16.415000000000003 2.9450000524520878 1.5000000000000002 13.895000000000001 14.055000000000001 1.0000000180025095e-35 17.955000000000002 11.941153846153847 2.5000000000000004 1.0000000180025095e-35 1.0000000180025095e-35 8.7000000000000011 15.880000000000001 8.8800000000000008 3.0000000000000004 17.150000000000002 9.8350000000000026 10.010000000000002 9.9200000000000017 11.525 11.245000000000003 -0.1650000000000009 16.565000000000001 3.5000000000000004 9.1050000000000022 1.5000000000000002 10.115 12.720000000000001 2.5050000000000003 12.049615384615388 15.280000000000003 7.5750000000000002 4.0000000000000009 1.7000000000000004 13.180000000000001
decision_type=2 2 2 2 2 2 2 2 2 2 2 2 2 2 2 2 2 2 2 2 2 2 2 2 2 2 2 2 2 2 2 2 2 2 2 2 2 2 2 2 2 2 2 2
left_child=7 -2 -3 4 5 13 -7 11 9 10 -9 -1 -12 14 -4 17 20 18 -5 -19 34 32 23 31 25 -24 -27 -28 -29 -26 -20 -23 -21 -34 35 41 -36 43 39 -39 -41 -10 -42 -32
right_child=1 2 3 15 -6 6 -8 8 16 -11 12 -13 -14 -15 -16 -17 -18 19 30 21 -22 22 24 -25 29 26 27 28 -30 -31 37 -33 33 -35 36 -37 -38 38 -40 40 42 -43 -44 -45
leaf_value=0.0031874648797447268 -0.043321606829052881 0.033047420502724974 -0.006604241066508823 0.012744601497958814 -0.086106092248644156 -0.031531899858215084 0.002643610455173378 0.034881280213594434 -0.00096306294890550473 0.074021376581693249 0.00044450931476824212 -0.027400023307127413 -0.027204993140291085 0.021873862082543584 0.014817197692380952 -0.0073135163962389487 0.0068850292084795053 -0.010172753099174727 0.0036530697819861496 0.0012006200834044389 -0.003050785574566138 -0.0022943347847980003 0.00016266403337047525 0.0015438125729560854 -0.0029191780127584932 0.0043032558392168893 0.0030239647608923627 -0.00061440826698752312 0.002134009290131785 0.0010234384723007679 0.0019384732857967415 -0.00034053672850131988 0.004011795047310091 0.0013672219487350613 -0.0036220104806125165 0.002243825382966962 -9.317773397937777e-05 0.0029203013419395402 -0.00025291018394960302 -0.00043311807176759162 0.0016613801725600898 0.00067796516566096931 0.00041247360138357554 -0.00012172040720703428
leaf_weight=46 21 33 36 56 21 36.5 48 24 32.5 27.5 33 40 22 23 28 66 49.5 52.5 10.999999999999998 87.5 38.5 57.5 109.5 52.5 20 33 41.5 58 42 20 11.999999999999998 50 31 21 5.9999999999999991 36 414.5 21 63 46.5 66.5 64.5 69 334.5
leaf_count=32 18 30 36 36 21 31 24 24 20 15 33 16 16 14 28 36 27 34 6 75 21 23 67 21 20 20 18 28 27 20 12 20 27 18 6 34 252 18 58 21 30 42 32 207
internal_value=-1.62671e-11 -0.000956671 -0.000416498 -0.0011007 -0.0111793 -0.00200463 -0.0121186 0.00191334 0.00340255 0.021492 0.00320645 -0.0110393 -0.0106153 0.00781871 0.00276764 0.000264146 0.000399386 0.000633106 0.00132542 -6.27918e-05 -0.00014291 0.000788488 0.000482419 -0.000424381 0.000930221 0.00119474 0.00184238 0.00126846 0.000539927 -0.00094787 0.0002998 -0.00138559 0.00185041 0.00294379 5.93544e-05 0.000700804 -0.00014353 0.000239578 0.000617276 0.000887334 0.000652761 0.000128136 0.00102541 -5.03717e-05
internal_weight=2502 1668 1647 1614 192.5 171.5 84.5 834 748 106.5 79 86 55 87 64 1421.5 641.5 1355.5 679.5 676 592 623.5 484 160 324 284 174.5 141.5 100 40 623.5 107.5 139.5 52 553.5 133 420.5 612.5 266 203 182 97 135.5 346.5
internal_count=1614 1076 1058 1028 154 133 55 538 490 88 73 48 49 78 64 874 402 838 420 418 375 384 264 64 200 160 93 73 55 40 384 43 120 45 354 96 258 378 159 101 83 62 62 219
is_linear=0
shrinkage=0.08


Tree=41
num_leaves=45
num_cat=0
split_feature=37 32 2 34 3 37 15 5 37 32 4 4 14 33 37 0 11 0 29 4 5 32 29 34 37 37 37 22 18 17 14 37 14 3 17 15 26 0 13 0 27 2 11 0
split_gain=0.554 14.6833 4.30587 1.32815 6.22728 2.36812 10.1934 5.57303 0.505225 0.502113 0.407697 0.180391 0.0991183 0.059091 0.240019 0.0531915 0.0977656 0.0556596 0.0379687 0.025959 0.0248167 0.0224695 0.0338832 0.0183723 0.0175511 0.0162859 0.0266179 0.0388145 0.0372364 0.0301854 0.0156516 0.0149612 0.0289664 0.0170758 0.0145845 0.010832 0.0107551 0.0106318 0.00937645 0.00926771 0.00920278 0.00878655 0.00865401 0.00819562
threshold=16.415000000000003 1.0000000180025095e-35 8.3270000000000017 1.0000000180025095e-35 16.415000000000003 7.463000000000001 1.765000104904175 2.9450000524520878 2.9150000429153446 0.70000000000000007 17.955000000000002 11.984999656677248 9.5600000000000005 1.0000000180025095e-35 10.115 17.335000000000004 2.2300000000000004 15.935000000000002 1.5000000000000002 16.455000000000002 10.435000000000002 1.0000000180025095e-35 1.0000000180025095e-35 107.00000000000001 9.3250000000000011 13.56 5.535000000000001 77.200000000000003 17.200000000000006 2.1000000000000005 7.4200000000000008 8.7750000000000004 7.455000000000001 16.185000000000006 2.7000000000000006 2.1950000000000003 7.5000000000000009 14.485000000000001 7.5250000000000012 13.56 11.400000000000002 16.525000000000002 8.9750000000000032 15.475000000000001
decision_type=2 2 2 2 2 2 2 2 2 2 2 2 2 2 2 2 2 2 2 2 2 2 2 2 2 2 2 2 2 2 2 2 2 2 2 2 2 2 2 2 2 2 2 2
left_child=2 -2 -1 4 5 6 -4 -7 11 -3 13 -8 19 14 18 16 -15 25 24 -11 -17 22 -19 36 -5 26 28 43 29 39 -21 32 -23 -34 38 -31 -22 -27 -33 -18 42 -35 -32 -28
right_child=1 9 3 10 -6 7 8 -9 -10 12 -12 -13 -14 15 -16 20 17 21 -20 30 23 31 -24 -25 -26 37 27 -29 -30 35 40 34 33 41 -36 -37 -38 -39 -40 -41 -42 -43 -44 -45
leaf_value=-0.044643825778254757 -0.067614807713599442 0.013179064439997699 0.054809048175811767 0.00014155220946875113 0.04713251113891602 0.010457774040599664 -0.015322088735798996 -0.037372729821638626 0.0032582809306957107 0.0029431574237311171 -0.005469412710057733 -0.0051692229261000953 0.0054891644404442223 -0.0059072384134762814 0.0078735586718627903 0.0025634217034611441 0.00082922335830517115 -0.0031449539342830925 -0.0018323017454441684 -0.0019318819189599404 0.00082454708315561924 0.00066639333328401501 -0.00021249204253156979 0.0021040412152392995 0.0025881956743471551 -0.0011031535398658542 0.0017576541558244369 0.0041462210438806902 -0.0028916376846886815 0.00092787769845348192 0.00018155560515717501 0.0013719308490140569 -0.0023479189759209045 -0.00031294824555516243 -0.00089286521025415931 0.0029776315216087936 -0.00014357580879867008 0.00052505148736103858 0.00014680652524412166 -0.0011174307730462817 -0.0012604028305837087 -0.0014986326185365518 0.001814564495795855 0.00059921868777240228
leaf_weight=13.499999999999998 21 24 24 43.5 22 36 24 27.5 27 21 81 21 27 18 33 54 24 43.5 40.5 24 229.5 82.5 60 54 33 42 72 33 21 33 90 45 52.5 120 81 33 108 66 358.5 45 21 60 27 85.5
leaf_count=9 21 24 24 39 10 36 24 17 27 21 36 21 27 18 30 24 24 21 21 24 102 33 30 24 15 42 66 24 21 33 90 24 21 48 51 33 48 66 186 45 21 24 27 42
internal_value=-2.9684e-11 -0.00353373 0.000401024 0.000673289 0.00723279 0.00172938 0.00965736 -0.0102562 -0.0053932 0.00221714 9.30992e-05 -0.0105841 0.000964349 0.000321696 0.00184791 0.000195977 -5.00876e-05 2.75763e-05 0.000148374 0.000296754 0.000955714 -0.000335847 -0.00144498 0.000733961 0.00119697 0.000749626 0.00101698 0.00165149 0.000242144 0.000729621 -4.62986e-05 -0.000192264 -0.00062146 -0.00107844 8.67801e-05 0.00195275 0.000514748 -0.000108139 0.000283437 -0.000440334 0.000281629 -0.000708176 0.000558404 0.00112879
internal_weight=2502 255 2247 2233.5 181.5 159.5 96 63.5 72 234 2052 45 210 1971 150 1821 1375.5 1357.5 117 183 445.5 903 103.5 391.5 76.5 454.5 346.5 190.5 156 135 162 799.5 315 232.5 484.5 66 337.5 108 403.5 69 138 180 117 157.5
internal_count=1614 255 1359 1350 159 149 96 53 72 234 1191 45 210 1155 105 1050 852 834 75 183 198 438 51 174 54 396 288 132 156 135 162 387 126 93 261 66 150 108 210 69 138 72 117 108
is_linear=0
shrinkage=0.08


Tree=42
num_leaves=45
num_cat=0
split_feature=36 1 9 33 16 6 1 10 31 16 37 37 15 10 15 9 37 36 32 31 10 9 2 15 16 0 37 16 22 10 37 37 0 32 11 37 0 37 15 9 18 37 0 37
split_gain=0.596411 4.58485 4.86662 2.97991 18.0603 2.49892 26.5783 5.42399 2.94958 14.3639 1.16907 0.608936 0.779449 0.603457 0.402768 0.304897 0.198778 0.14026 1.11744 0.716771 0.104143 0.0860205 0.0514965 0.0313114 0.0323801 0.0231077 0.0271295 0.0310262 0.0204691 0.0196516 0.0133082 0.0160207 0.026389 0.0130315 0.0103618 0.0150561 0.0101276 0.0232956 0.0100982 0.00837252 0.00741949 0.00733379 0.0116815 0.00864716
threshold=1.5000000000000002 11.069999904632569 2.935000061988831 1.0000000180025095e-35 6.7750000000000004 4.2900000000000009 13.425000000000002 2.5300000000000007 1.0000000180025095e-35 6.6350000000000016 11.97499990463257 9.7850000000000019 1.765000104904175 9.9550000000000018 1.765000104904175 11.941153846153847 2.9250000715255742 2.5000000000000004 1.0000000180025095e-35 1.0000000180025095e-35 9.8250000000000011 11.992692307692311 17.745000000000001 -0.1650000000000009 6.0550000000000024 15.935000000000002 8.8800000000000008 6.4000000000000012 16.300000000000004 7.6650000000000009 14.160000000000002 5.3900000000000015 15.195000000000002 1.0000000180025095e-35 8.3850000000000033 9.8250000000000011 16.920000000000005 11.893461538461539 2.5050000000000003 10.105000000000002 2.7000000000000006 12.049615384615388 15.280000000000003 9.9200000000000017
decision_type=2 2 2 2 2 2 2 2 2 2 2 2 2 2 2 2 2 2 2 2 2 2 2 2 2 2 2 2 2 2 2 2 2 2 2 2 2 2 2 2 2 2 2 2
left_child=5 -2 -3 4 -4 7 -7 14 9 -8 11 12 -6 17 -1 22 -14 18 -5 -19 25 38 23 -10 -25 30 27 -27 29 -28 31 40 -33 -26 -35 -36 -31 -38 39 -20 -21 42 -40 -44
right_child=1 2 3 13 10 6 8 -9 15 -11 -12 -13 16 -15 -16 -17 -18 19 21 20 -22 -23 -24 24 33 26 28 -29 -30 36 -32 32 -34 34 35 -37 37 -39 41 -41 -42 -43 43 -45
leaf_value=-0.0061701372348599961 -0.038017630023615703 0.030012683860506071 -0.057833960313395959 0.012176037199263062 0.011657983926124871 0.24079879760742187 0.057430292916568842 -0.046642404909556109 0.0043846978382630778 -0.010437959723709391 0.015356351537082124 -0.012290557314856693 -0.0094421917278426325 -0.0089793418771163987 0.0072981451402107881 0.0064803784423404266 -4.2950280476361517e-05 -0.0092546744939117215 1.1398504834820231e-06 0.0018418364745924588 -0.003560605554224609 0.0040520381134051785 -0.0026820169008252297 0.0035669633746147158 -0.0016231033999112346 0.00063160085294927865 0.0027151416258679494 -0.0016063019016693378 -0.00060227450914680954 0.00031841547031701391 0.00017174381342145703 0.0048127776441665802 0.00154691552122434 -0.00014392367859539966 0.00013406733130203916 0.002021093953241545 0.0025678221303624686 0.00010325217076266805 0.0026966735348105432 -0.0012540961414962621 -0.00028716163150966165 -0.000236911419058396 0.00020147457401188771 0.0013919593158789212
leaf_weight=27 21 33 40.5 56 32 2.9999999999999991 33 21 10.999999999999998 50.5 34 26 24 44 30 49.5 36 52.5 291.5 22 38.5 38.5 44 16.5 31 87.5 45 72.5 48 104.5 31 26 40.5 385.5 94 38 54 45 18 38.5 20 63 129 56
leaf_count=27 18 30 22 36 20 3 18 18 6 37 34 18 24 24 30 27 36 34 189 22 21 21 24 9 21 35 30 29 32 65 31 25 22 246 42 30 24 34 16 21 20 58 57 28
internal_value=2.33851e-11 -0.000873382 -0.000399776 -0.00102159 -0.0103627 0.00174676 0.00315336 -0.0118864 0.00220657 0.0163842 0.00228591 -0.00148015 0.00157496 0.000243382 0.000918432 0.00043833 -0.00380265 0.000537974 0.00134318 -0.000271334 0.000471968 0.000387089 -4.40598e-05 0.000157451 7.51505e-05 0.000732462 0.000457094 -0.000382449 0.000910136 0.00120227 0.00163357 0.00205124 0.00282379 -2.98904e-05 6.55484e-05 0.000677302 0.000867731 0.00144756 0.000150343 -0.000145304 0.000828028 0.000517123 0.000751133 0.000561838
internal_weight=2502 1668 1647 1614 192.5 834 756 78 753 83.5 152 118 92 1421.5 57 669.5 60 1377.5 690.5 687 634.5 634.5 620 576 565 596 456.5 160 296.5 248.5 139.5 108.5 66.5 548.5 517.5 132 203.5 99 596 330 42 266 203 185
internal_count=1614 1076 1058 1028 154 538 463 75 460 55 132 98 80 874 57 405 60 850 426 424 390 390 378 354 348 369 249 64 185 153 120 89 47 339 318 72 123 58 369 210 42 159 101 85
is_linear=0
shrinkage=0.08


Tree=43
num_leaves=45
num_cat=0
split_feature=36 34 15 35 36 14 34 37 15 14 1 10 37 14 32 37 34 0 14 10 14 1 16 37 2 19 32 35 34 34 10 36 14 21 36 12 37 37 30 37 35 35 16 21
split_gain=0.504802 4.25706 31.8618 9.49938 8.06666 2.21296 12.1935 4.23884 3.28094 0.926073 0.558199 0.529838 0.422147 0.509128 0.141111 0.106297 0.278192 0.171043 0.0446148 0.0435512 0.0372453 0.0719974 0.0362791 0.0339144 0.0417337 0.032924 0.0440373 0.0325885 0.0295611 0.0282181 0.022878 0.0212322 0.0169461 0.0153475 0.0149919 0.0148898 0.012226 0.0142737 0.0116255 0.0147412 0.0105767 0.00936203 0.0200185 0.0119263
threshold=1.5000000000000002 1.0000000180025095e-35 1.8150000357627867 1.0000000180025095e-35 2.5000000000000004 8.2800000000000011 6.7000000000000037 0.86999999284744278 1.5799999999999994 7.9500000000000011 13.350000000000003 9.9550000000000018 11.72423076923077 9.4850000000000012 0.70000000000000007 16.140000000000004 12.500000000000005 12.820000000000002 7.4800000000000013 7.8500000000000005 7.8200000000000012 16.425000000000004 6.0950000000000015 11.72423076923077 17.545000000000005 1.0000000180025095e-35 0.3000000000000001 1.5000000000000002 72.000000000000014 32.800000000000011 9.3600000000000012 2.5000000000000004 9.2200000000000006 1.0000000180025095e-35 2.5000000000000004 9.0050000000000008 3.0500000000000003 3.1100000000000008 0.50000000000000011 10.875000000000002 1.5000000000000002 1.5000000000000002 6.955000000000001 4.2000000000000011
decision_type=2 2 2 2 2 2 2 2 2 2 2 2 2 2 2 2 2 2 2 2 2 2 2 2 2 2 2 2 2 2 2 2 2 2 2 2 2 2 2 2 2 2 2 2
left_child=5 2 3 -2 -5 7 -7 -1 -9 10 -10 15 14 35 -8 17 -17 -3 -18 -20 22 40 -19 24 27 26 -12 30 31 -16 -23 -24 -21 -27 -26 -14 -33 -38 -39 41 -22 42 -40 -43
right_child=1 11 -4 4 -6 6 12 8 9 -11 25 -13 13 -15 29 16 18 20 19 32 21 23 28 -25 34 33 -28 -29 -30 -31 -32 36 -34 -35 -36 -37 37 38 39 -41 -42 43 -44 -45
leaf_value=0.093370248576005302 0.047768129725651497 -0.0091231684014201168 -0.078235008610437987 0.019611401047924876 -0.035331429010539345 0.049150802941944502 -0.0049598064708866576 -0.025313254264830096 0.0095993217625655238 -0.014052474608613273 -0.0042504332701495872 -0.0082609945637258618 0.00023192529996427205 0.015823576721241291 0.0016815012509101316 0.0085283649359878741 -0.0018722079681077351 0.0033359924393395585 0.0042224970379223428 0.00020625659497454764 -0.0010436721245588904 0.00044583946373071134 0.00043038525772034288 -0.0013110209610113089 0.0010811342020458151 0.0014394148723171143 -0.00041548635016601436 -0.00054585087751312289 -0.0008784852670787862 -0.00074539765887866817 0.0027230475964024666 -0.00048294406162486191 0.0028164680674672127 -0.00013875139092576588 0.0029750294133881546 0.0028906043256366892 0.0082524782419204721 0.0025362697509029564 0.0011211704460549214 0.00010729553719181894 -0.0027077527019110591 0.00020104605020308981 0.0037771332747433919 0.0019946562069589678
leaf_weight=2.9999999999999991 29 11.999999999999998 36.5 35.5 33 38.5 47.5 36 40 29.5 28.5 44 26 23 47.5 38 30 36 30 78 44 96 302 64 53.5 45.5 58.5 170 66 86.5 40 21 20 296 53.5 28 1.9999999999999989 53 42 57 55 49 32 46
leaf_count=3 29 12 28 30 29 21 21 33 40 16 26 24 22 20 21 38 30 16 30 78 22 48 210 32 22 33 36 68 36 37 20 21 20 189 22 20 2 42 21 47 22 25 27 25
internal_value=7.97156e-12 -0.000803511 -0.0144779 0.00939019 -0.00685741 0.00160702 0.00714821 -0.00145766 -0.0019904 -0.000304409 0.000561265 0.000390989 0.000892506 0.00585596 -0.0012132 0.000646484 0.00238267 0.000383507 0.000904595 0.00155541 0.000472493 -4.89708e-06 0.000861978 0.000402573 0.000668118 -0.000282428 -0.00167176 0.000192575 0.000729045 0.000114884 0.00111561 0.000904703 0.000738953 7.15167e-05 0.00202808 0.0016105 0.00137902 0.00151817 0.0014699 0.00121982 -0.00196816 0.00159505 0.00226969 0.00106953
internal_weight=2502 1668 134 97.5 68.5 834 297 537 534 498 468.5 1534 258.5 77 181.5 1490 196 1294 158 128 1282 576 706 477 413 428.5 87 306 670 134 136 604 98 341.5 107 54 302 281 279 226 99 169 74 95
internal_count=1614 1076 116 88 59 538 162 376 373 340 324 960 141 62 79 936 196 740 158 128 728 256 472 212 180 284 62 136 456 58 68 420 98 222 44 42 210 189 187 145 44 98 48 50
is_linear=0
shrinkage=0.08


Tree=44
num_leaves=45
num_cat=0
split_feature=36 15 34 15 15 4 29 6 11 15 10 15 33 0 16 36 15 16 31 33 0 26 8 0 36 31 31 31 25 30 0 33 25 9 12 30 31 20 15 30 26 30 31 15
split_gain=0.427265 3.66952 7.64398 21.5373 2.21467 10.3679 9.06698 10.3844 0.989584 0.861661 0.834043 0.713672 0.358906 0.152567 0.0630491 0.0599713 0.0405623 0.0188389 0.0169155 0.0166742 0.0148813 0.014523 0.0204011 0.0496926 0.0343948 0.0542905 0.0517061 0.0111892 0.00889137 0.00849249 0.00950419 0.00840539 0.00830625 0.00727945 0.00621701 0.00578038 0.00542149 0.00915218 0.00394297 0.00366312 0.00595126 0.00345189 0.003381 0.00319149
threshold=1.5000000000000002 -0.1650000000000009 1.0000000180025095e-35 1.8150000357627867 1.765000104904175 11.97499990463257 1.0000000180025095e-35 6.4620000000000006 1.1549999713897707 1.8823076923076927 9.9450000000000021 1.6099999999999997 1.0000000180025095e-35 16.155000000000005 7.6750000000000016 2.5000000000000004 2.3550000000000009 7.1300000000000008 1.0000000180025095e-35 1.0000000180025095e-35 14.820000000000002 1.6000000000000003 10.105000000000002 13.005000000000003 2.5000000000000004 1.0000000180025095e-35 1.0000000180025095e-35 3.3000000000000003 5.4000000000000012 0.50000000000000011 16.660000000000004 1.9000000000000001 2.3000000000000003 9.9800000000000022 7.7300000000000013 9.9000000000000004 6.3000000000000016 0.3000000000000001 2.6600000000000006 22.000000000000004 1.6000000000000003 3.3000000000000003 5.1000000000000005 2.8750000000000004
decision_type=2 2 2 2 2 2 2 2 2 2 2 2 2 2 2 2 2 2 2 2 2 2 2 2 2 2 2 2 2 2 2 2 2 2 2 2 2 2 2 2 2 2 2 2
left_child=4 -2 3 8 5 -1 7 -6 -3 -8 12 14 13 -4 29 -10 21 36 -11 -20 -19 22 23 -14 25 -25 -26 31 32 -7 42 41 43 -27 -29 -30 37 -18 -39 40 -38 -28 -31 -21
right_child=1 2 10 -5 6 11 9 -9 15 18 -12 -13 16 -15 -16 -17 17 20 19 28 -22 -23 -24 24 26 33 27 34 35 30 -32 -33 -34 -35 -36 -37 39 38 -40 -41 -42 -43 -44 -45
leaf_value=-0.077297464683651923 0.026527954777402264 -0.0084730637312317499 0.0012678465640748897 -0.071976208082617149 0.0042230068783586224 -0.00093795785849744631 0.020105574729719331 0.06682853772987922 0.005972104606763372 -0.0022998929470777513 -0.012262457670135932 -0.011380087477532592 -0.0036995001998730006 0.0074357181493983132 0.0036229104352624793 0.01155523126863915 0.0016063656056822101 0.00061905554107700793 0.0025353882752139779 -0.00016013534648937094 0.0032543217035708948 0.0012613085864789106 -0.0019048024138266389 -0.0029852926613080622 0.0029444754549698667 0.00013794306108202815 -0.00045476632565259934 0.00052927445922348957 0.00012427961854033235 -0.00066856472813463827 0.0014007305537725423 0.001336668878866476 -0.0011117337131026116 -0.00078310368972673238 -0.00068616112007411441 0.001329377480909567 0.00078090612697074332 -0.00023760402673911869 0.00072492357215079932 0.00094579274410551255 -5.2955683363093567e-05 0.00068618486665429613 0.00033102341203225988 0.00053795326842308636
leaf_weight=11.999999999999998 31 39 42 36.5 39 44 13.999999999999998 30 26.5 20 33 37 24 66 38 23 74 24 17 246.5 32 44 44 50.5 50.5 191.5 37.5 37 60.5 38.5 38.5 64 55 77 99 44 82 33 156 55 165 31 49.5 50.5
leaf_count=9 18 36 42 28 39 24 9 19 24 15 18 27 24 36 33 22 42 24 12 165 30 24 24 33 33 129 30 27 33 21 21 39 30 42 54 24 48 18 90 30 90 21 27 30
internal_value=-2.56998e-11 -0.00073923 -0.00125559 -0.0202684 0.00147846 -0.00468994 0.00423364 0.0314428 0.00105742 0.000534268 0.000316235 -0.00114089 0.000596895 0.0050371 0.000676137 0.00856628 0.00024712 0.000725329 -2.09459e-05 7.53137e-05 0.00212492 -0.000148837 -0.000236722 -0.000125852 8.5797e-06 -0.000578809 0.000595969 0.000154257 -1.62991e-05 1.93777e-05 0.000352364 0.00067747 -0.000208671 -0.000126193 -0.000355491 0.000631689 0.000586608 0.00085216 0.000556863 0.000355348 0.000223873 6.15765e-05 -0.000106296 -4.14368e-05
internal_weight=2502 1668 1637 125 834 257.5 576.5 69 88.5 507.5 1512 245.5 1479 108 208.5 49.5 1371 621 493.5 473.5 56 750 706 662 638 319 319 268.5 456.5 170.5 126.5 132.5 352 268.5 136 104.5 565 263 189 302 247 68.5 88 297
internal_count=1614 1076 1058 110 538 162 376 58 82 318 948 153 930 78 126 46 852 372 309 294 54 480 456 432 408 204 204 171 282 93 69 90 225 171 81 57 318 150 108 168 138 51 48 195
is_linear=0
shrinkage=0.08


Tree=45
num_leaves=45
num_cat=0
split_feature=37 34 37 8 14 1 33 10 34 35 16 7 4 30 32 30 8 17 17 37 9 3 32 5 34 33 15 33 33 18 17 29 8 10 35 17 35 37 37 30 31 32 16 9
split_gain=0.591141 5.68027 4.51139 4.41391 3.16559 2.62434 0.843928 0.569954 0.600821 6.53518 8.03175 1.58631 0.331499 0.0564378 0.0705949 0.0365887 0.0674738 0.0360938 0.0228785 0.0216477 0.0348004 0.0219401 0.0260758 0.0203894 0.0203592 0.0326949 0.0266636 0.0198681 0.0197565 0.0185214 0.0179815 0.01854 0.0149524 0.0122793 0.0112405 0.0100716 0.0178 0.0085816 0.00833865 0.00818215 0.00799171 0.00762054 0.0096997 0.00633221
threshold=11.655000000000001 1.0000000180025095e-35 11.784230769230772 2.9450000524520878 1.1449999809265139 11.965000152587892 1.0000000180025095e-35 9.9550000000000018 1.0000000180025095e-35 1.5000000000000002 9.0349994897842425 2.9550000429153447 17.955000000000002 1.0000000180025095e-35 1.0000000180025095e-35 0.50000000000000011 10.105000000000002 4.2000000000000011 2.7000000000000006 12.049615384615388 11.285000000000002 17.100000000000005 1.0000000180025095e-35 11.992692307692311 12.000000000000004 0.50000000000000011 2.6388461538461545 1.0000000180025095e-35 10.300000000000002 0.50000000000000011 5.3000000000000016 12.100000000000001 9.8950000000000014 7.6950000000000012 1.5000000000000002 13.900000000000002 1.5000000000000002 5.3900000000000015 10.875000000000002 9.9000000000000004 0.70000000000000007 2.5000000000000004 6.8000000000000025 10.065000000000003
decision_type=2 2 2 2 2 2 2 2 2 2 2 2 2 2 2 2 2 2 2 2 2 2 2 2 2 2 2 2 2 2 2 2 2 2 2 2 2 2 2 2 2 2 2 2
left_child=4 3 -3 -2 -1 -6 -4 8 9 11 -11 -7 18 14 -10 16 29 24 19 -8 21 22 -21 -22 25 -17 27 -26 30 40 31 -20 34 -24 -29 37 -37 -19 39 -28 -15 -36 -43 -35
right_child=1 2 6 -5 5 7 12 -9 13 10 -12 -13 -14 15 -16 17 -18 35 28 20 23 -23 33 -25 26 -27 38 32 -30 -31 -32 -33 -34 43 41 36 -38 -39 -40 -41 -42 42 -44 -45
leaf_value=-0.031343650206541403 -0.0027184743966375082 -0.034000515888134637 0.01276548029210132 -0.052940348710787177 0.025146991500729011 -0.00098801056431098411 0.0020820447116247599 0.0098919777252844399 -0.0042679944930550376 0.060723182857036595 -0.0028820331022143364 -0.028018805185953774 0.0079847555949042245 -0.0011520007599455614 -0.00041328777859419365 0.0025761265618105727 0.0045436145602792931 -0.00072325887917368509 -0.0043640029554565746 -0.0023440590953188283 -0.0026690127457388575 0.0023980155460632002 0.0014049965223297477 -0.00018235529905331194 -0.0026746328295794903 -8.0014496998882841e-05 0.00027002043481398787 0.00047646216406590407 0.00070338252408710575 0.0016769262308419762 -0.00052493046045128718 -0.0010023668173345783 -0.00088659515524381911 -0.00035120978511100556 0.00030129054269077731 0.0028875987997983034 0.00051412215456366536 0.00080145451229770312 -0.00044906321593302751 0.0012717089148200288 0.00068366844572272957 -0.00027109594091221138 -0.0017874031809882985 0.0012353435123250598
leaf_weight=19.5 21 24 39 24 28.5 33 42 42 39 24 27 24 36 37.5 138 45 34.5 27 21 21 36 39 75 51 27 87 180 135 39 48 60 21 268.5 69 51 39 42 189 66 73.5 25.5 67.5 45 21
leaf_count=15 21 12 39 24 24 33 21 18 24 15 27 15 27 30 78 30 15 27 21 21 36 39 75 36 12 42 84 78 39 30 60 21 117 69 24 33 33 93 33 30 18 27 27 21
internal_value=-8.3046e-12 -0.00209965 -2.36077e-05 -0.0295035 0.000720171 0.00105933 0.001407 0.000681097 0.000462904 0.00624524 0.0270498 -0.0123694 0.00057276 8.78332e-05 -0.00126263 0.000248473 0.00145348 0.000117875 3.3706e-05 0.000376955 0.000147424 0.000672804 0.000311066 -0.00121132 -0.000103213 0.000825488 -0.00023741 -0.000554394 -0.000828069 0.000493027 -0.00141362 -0.00268318 -0.00045343 0.000648991 -6.37987e-05 0.000896149 0.00165691 0.000610865 0.000351913 0.000560451 -0.000408992 -0.000509886 -0.000877619 1.8986e-05
internal_weight=2502 639 594 45 1863 1843.5 570 1815 1773 108 51 57 531 1665 177 1488 145.5 1342.5 495 354 312 225 186 87 1045.5 132 913.5 594 141 111 102 42 567 165 298.5 297 81 216 319.5 253.5 63 163.5 112.5 90
internal_count=1614 582 537 45 1032 1017 525 993 975 90 42 48 486 885 102 783 93 690 459 318 297 225 186 72 504 72 432 285 141 78 102 42 273 165 156 186 66 120 147 114 48 78 54 90
is_linear=0
shrinkage=0.08


Tree=46
num_leaves=45
num_cat=0
split_feature=37 34 35 6 15 22 1 6 0 34 35 37 26 10 33 33 10 36 32 16 0 35 16 0 16 16 36 12 34 15 34 0 29 36 17 34 30 33 36 0 15 17 37 30
split_gain=0.555181 13.6937 2.33827 19.6523 13.3739 2.36123 1.93349 1.49217 0.871019 0.864019 6.46071 0.580326 1.75137 0.52261 0.489822 0.417067 0.195123 0.0532288 0.113659 0.0966684 0.0462783 0.0284375 0.0539681 0.033636 0.031964 0.0252779 0.0207404 0.0192862 0.0183408 0.0202734 0.0165231 0.014776 0.0131214 0.0124689 0.0117614 0.0157031 0.0151473 0.0115249 0.0106119 0.0103714 0.0101459 0.00997064 0.00960457 0.00823335
threshold=16.330000000000002 6.7000000000000037 1.0000000180025095e-35 2.9050000905990605 1.4150000000000003 1.0000000180025095e-35 11.965000152587892 4.1850000000000014 11.965000152587892 1.0000000180025095e-35 1.5000000000000002 11.655000000000001 5.8000000000000007 9.9350000000000005 1.0000000180025095e-35 0.50000000000000011 9.8950000000000014 2.5000000000000004 1.0000000180025095e-35 6.8350000000000017 12.820000000000002 1.5000000000000002 6.9000000000000012 14.390000000000002 6.2750000000000004 9.0800000000000018 1.5000000000000002 9.0550000000000015 72.800000000000026 3.0700000000000007 29.900000000000006 15.825000000000001 0.50000000000000011 2.5000000000000004 13.900000000000002 15.800000000000002 0.3000000000000001 5.5000000000000009 1.5000000000000002 16.175000000000004 2.5050000000000003 1.9000000000000001 5.1300000000000017 10.800000000000002
decision_type=2 2 2 2 2 2 2 2 2 2 2 2 2 2 2 2 2 2 2 2 2 2 2 2 2 2 2 2 2 2 2 2 2 2 2 2 2 2 2 2 2 2 2 2
left_child=2 -2 4 -4 -1 -6 -5 -7 -8 10 -10 13 -13 17 -9 -3 28 18 19 -11 -19 22 30 -24 37 27 -27 32 43 -30 -22 40 -20 39 35 -34 -37 -23 -29 -16 -26 -35 -21 -17
right_child=1 15 3 6 5 7 8 14 9 11 -12 12 -14 -15 33 16 -18 20 25 42 21 24 23 -25 31 26 -28 38 29 -31 -32 -33 34 41 -36 36 -38 -39 -40 -41 -42 -43 -44 -45
leaf_value=0.068667385744906606 -0.065439823252104581 0.012698129112167018 -0.06834312829430457 0.032395168940226239 0.022215012527550711 -0.021011194551274894 -0.021302943552533784 0.010828774552792311 -0.01257706097404783 -0.0061806787653929662 0.029616354780271647 -0.018575421708325546 0.0019806411665760811 0.0074533400826510936 -0.00038507858214483778 -9.4531229311604312e-05 0.008228197551908947 -0.0079010118544101723 -0.00088224579842397194 0.00018604289489583328 0.0018648277453723408 0.00036910848248572579 0.00070056306251969468 0.0041924999700541695 -0.00014826241175107884 0.0037569249421358108 0.00011359785147942603 -0.0015604432531988917 0.0024814508678132874 -0.00064628540565969336 -4.2174500413239004e-07 -0.00084689705629240389 0.0018569315749530991 0.002046653926372528 0.0013417122993618249 -0.0023038010340597896 5.0957555296159491e-05 0.0019495117553958185 -0.00026547656911942694 -0.0023913183535914867 0.0021178386778366275 -0.00012676570205284016 -0.0018094049970080195 -0.0017211629824790485
leaf_weight=21 21 21 27 11.999999999999998 33 21 11.999999999999998 30 48 36 45 42 72 63 94 117 21 3.9999999999999991 87 26 42 52.5 26 55 33 20 20 81 36 21 110 137.5 30 22 50 18 609 67.5 81 20 20.5 35 38 24
leaf_count=21 21 21 18 12 33 21 12 30 39 16 36 21 36 27 94 117 21 4 52 26 21 21 26 34 33 20 20 35 36 21 55 55 20 22 40 8 294 27 35 20 16 35 18 24
internal_value=-2.40749e-11 -0.00349192 0.00040669 -0.000561788 0.00730183 0.00224819 0.000382534 -0.000719847 0.000183078 0.000317787 0.00783911 -6.63331e-05 -0.00559265 0.000302735 0.00140014 0.00192852 0.000895819 2.87157e-05 -0.000293167 -0.00286425 0.000672481 0.000735521 0.00140377 0.00307163 0.000234871 -3.50262e-05 0.00193526 -0.000117465 0.000118142 0.00132913 0.000514976 -0.000407986 4.48399e-05 -0.000254001 0.000158923 6.89082e-05 -1.66432e-05 0.00125809 -0.00091296 -0.00073705 0.000720057 0.000712098 -0.000998754 -0.000371405
internal_weight=2502 261 2241 1965 276 255 1938 222 1926 1914 93 1821 114 1707 201 240 219 1644 1096 100 548 544 233 81 311 996 40 956 198 57 152 191 794 171 707 657 627 120 162 114 53.5 57 64 141
internal_count=1614 261 1353 1077 276 255 1059 222 1047 1035 75 960 57 903 201 240 219 876 584 60 292 288 136 60 152 524 40 484 198 57 76 104 414 171 362 322 302 48 70 114 49 57 44 141
is_linear=0
shrinkage=0.08


Tree=47
num_leaves=45
num_cat=0
split_feature=36 0 9 34 10 34 36 15 10 4 0 33 33 1 4 35 35 30 16 16 34 35 16 15 36 0 15 34 35 34 6 12 35 26 7 17 16 30 15 35 27 35 35 16
split_gain=0.402636 6.77647 5.56095 3.39131 29.5754 1.94606 7.80311 1.47596 0.572057 0.310537 0.131454 0.128026 0.123901 0.116909 0.0982042 0.0829372 0.207051 0.0765541 0.148827 0.028215 0.0228197 0.0190251 0.0201713 0.0173478 0.015477 0.0151571 0.0136478 0.0111665 0.0084954 0.0092386 0.00815366 0.0191289 0.0155589 0.00491235 0.00489728 0.00514415 0.00626832 0.00547763 0.00385419 0.00418469 0.00362163 0.00728963 0.00608627 0.0119014
threshold=2.5000000000000004 11.729999904632569 2.9450000524520878 2.6000000000000023 7.463000000000001 1.0000000180025095e-35 1.5000000000000002 1.7861538866850044 9.9200000000000017 17.965000000000003 12.820000000000002 1.0000000180025095e-35 1.0000000180025095e-35 13.835000000000003 17.910000000000004 1.5000000000000002 1.0000000180025095e-35 1.0000000180025095e-35 6.6350000000000016 9.1050000000000022 15.800000000000002 1.5000000000000002 7.3600000000000021 2.3826923076923081 1.5000000000000002 15.195000000000002 2.7250000000000005 107.00000000000001 1.5000000000000002 37.600000000000001 9.9950000000000028 7.8350000000000009 1.5000000000000002 7.5000000000000009 9.9800000000000022 13.900000000000002 6.8350000000000017 6.9000000000000012 1.5499999999999996 1.0000000180025095e-35 5.4000000000000012 1.5000000000000002 1.5000000000000002 6.7500000000000018
decision_type=2 2 2 2 2 2 2 2 2 2 2 2 2 2 2 2 2 2 2 2 2 2 2 2 2 2 2 2 2 2 2 2 2 2 2 2 2 2 2 2 2 2 2 2
left_child=1 -1 -3 4 7 6 -4 -2 10 11 -5 15 -12 -9 17 16 -7 18 -13 26 21 22 -14 28 -21 -25 30 33 38 -30 34 -32 -33 -28 35 36 -19 -38 -22 -40 42 -42 43 -27
right_child=3 2 5 8 -6 9 -8 13 -10 -11 12 14 20 -15 -16 -17 -18 19 -20 24 23 -23 -24 25 -26 40 27 -29 29 -31 31 32 -34 -35 -36 -37 37 -39 39 -41 41 -43 -44 -45
leaf_value=0.040470254056983526 0.023843441511745805 -0.029784034914814701 0.037936990215443077 -0.010886552035808563 -0.096928097118030895 0.0099199430988385125 -0.012032955367118122 -0.0036303499907565612 -0.0091116421872919247 0.0060525602278384298 0.0052176603892474397 -0.0057957605272531514 0.0036168999615950846 0.004543088230171374 -0.0045918522210735262 -9.2994169416752719e-05 0.00065505219756711375 1.2444482930655871e-06 -0.000177096666811849 0.0036072676557870136 -0.00022393605688859414 0.00054063121832134025 0.00092669149364034333 0.0027923006568104031 0.00053584821788328033 0.00030252072278518177 0.00035664356953518265 0.0015471605367069555 0.0003109913869676265 -0.0012262880853537855 -0.0021626932808960025 0.00061329322330879441 -0.0012085821791128679 -0.00036926063067920797 0.00084861380132761875 0.00051485764822707723 -0.0002719164754229563 -0.0011283166626959134 0.0014626104284017796 0.00030408216540568639 0.00048954705493007265 0.0019997939242050052 1.6528210016312424e-05 0.0020509369752536983
leaf_weight=27 27 39 40 5.9999999999999991 22 26 40 24 38.5 55 42 44 44 21 33 44 38 286 96 21 41 53 30 25 21 69 265 44 44 58 44 66 55 77 33 65 135 74 31 56 45 37.5 81 39
leaf_count=24 27 36 34 6 13 26 34 24 21 30 27 24 30 21 18 26 26 156 66 21 28 29 28 24 21 46 156 24 20 25 24 44 22 42 18 60 90 54 31 31 30 15 36 26
internal_value=4.59659e-11 0.000717609 6.35431e-05 -0.00143522 -0.0157486 0.00079017 0.012952 0.00905624 0.00038297 0.000150913 0.000904057 -7.0348e-05 0.00100577 0.000183921 -0.00028103 0.00258073 0.00441891 -0.000173747 -0.00194296 3.50983e-05 0.000735078 0.00169762 0.00252627 0.000502898 0.00207156 0.000907348 -3.96668e-05 0.000347545 -1.84911e-05 -0.000563148 -0.000236849 -0.000734262 -0.000214832 0.000193209 -9.84456e-05 -0.000154254 -0.000242118 -0.00057514 0.000415532 0.000716891 0.00073378 0.00117602 0.000540737 0.000933893
internal_weight=2502 1668 1641 834 94 1602 80 72 740 1522 701.5 1467 695.5 45 1359 108 64 1326 140 1186 653.5 127 74 526.5 42 296.5 1144 386 230 102 758 165 121 342 593 560 495 209 128 87 271.5 82.5 189 108
internal_count=1614 1076 1052 538 85 1016 68 72 453 948 432 918 426 45 840 78 52 822 90 732 399 87 58 312 42 177 690 222 135 45 468 90 66 198 378 360 300 144 90 62 153 45 108 72
is_linear=0
shrinkage=0.08


Tree=48
num_leaves=45
num_cat=0
split_feature=10 10 34 35 9 15 33 22 0 15 35 4 33 35 32 15 7 17 5 3 34 9 35 27 33 0 35 17 16 21 0 35 18 19 32 0 22 34 27 17 17 5 35 2
split_gain=0.392001 9.94078 2.52492 1.76855 15.9288 7.49827 7.65719 0.576358 0.439693 0.403435 0.793324 0.34867 0.310545 0.23443 0.179481 0.367315 0.0995986 0.0503142 0.0216786 0.0186213 0.0159945 0.0189043 0.0234784 0.147875 0.0912046 0.0158043 0.0157103 0.0341186 0.0173535 0.0154071 0.0132655 0.014152 0.0717748 0.0199847 0.0128512 0.0115743 0.0107222 0.00901539 0.00803998 0.00739115 0.00692392 0.00665278 0.00613222 0.00566722
threshold=7.8950000000000005 7.8750000000000009 2.9000000000000021 1.0000000180025095e-35 2.935000061988831 1.4150000000000003 2.5000000000000004 1.0000000180025095e-35 13.265000000000002 1.765000104904175 1.5000000000000002 11.994999885559084 1.0000000180025095e-35 1.5000000000000002 0.50000000000000011 1.7299999999999995 2.935000061988831 3.3000000000000003 10.045000000000002 16.155000000000005 112.70000000000003 11.992692307692311 1.5000000000000002 13.000000000000002 12.100000000000001 13.775000000000002 1.5000000000000002 1.0000000180025095e-35 7.0000000000000018 0.90000000000000013 15.555000000000001 1.5000000000000002 17.200000000000006 14.600000000000001 0.70000000000000007 14.005000000000001 8.6000000000000032 10.300000000000002 3.4000000000000004 2.5000000000000004 2.7000000000000006 9.9050000000000029 1.5000000000000002 17.545000000000005
decision_type=2 2 2 2 2 2 2 2 2 2 2 2 2 2 2 2 2 2 2 2 2 2 2 2 2 2 2 2 2 2 2 2 2 2 2 2 2 2 2 2 2 2 2 2
left_child=1 3 -2 4 -1 6 -5 -6 -9 10 -7 16 13 -4 15 37 -11 26 19 25 21 22 23 -16 43 -10 28 29 -13 -28 31 33 -33 -19 -27 -30 -37 -14 -23 -29 -36 -32 -43 -24
right_child=2 -3 12 5 7 9 -8 8 18 11 -12 17 14 -15 20 -17 -18 30 -20 -21 -22 38 24 -25 -26 34 27 39 35 -31 41 32 -34 -35 40 36 -38 -39 -40 -41 -42 42 -44 -45
leaf_value=0.067951836350063494 0.020222450975109548 -0.046853047055586919 0.0081808910932805803 -0.060671203961526907 0.011370844828585785 -0.0028071738549818597 0.0014331712247803807 -0.012003686293250038 0.00209277779573486 -0.010457237971325715 0.015590780810763439 -0.00065732096892870255 0.00094030206816063985 0.00036261487007141117 0.00022069305463521115 -0.008263311778204609 -0.0035429552495479582 0.0010095502013961475 -0.0013759189627685206 0.0019989008380649374 0.0017717427899590647 0.0020086035027046395 -0.00022701932489871979 -0.0051696809857255891 0.0034488146789371965 -0.0014301300765613891 -0.003718149754854422 -0.00066876759757182407 0.0021746325617035232 -0.0014266683476205956 2.057194563478117e-05 0.0034537856932729482 -0.0029504449186580524 0.0041067491751164194 0.0014244399201318934 -0.0010229048796894925 0.0010204827333135265 -0.00058654189486094196 0.00065984572142814145 0.00049095316517232647 -0.00014458438696844192 0.0014244261168253919 0.0003393522148331007 0.00066208425040046367
leaf_weight=24 42.5 29.5 54 27 27 30 24 21 21 24 30 126 49.5 45 342 49.5 30 30 54 39 49.5 49.5 195 36 60 42 31.5 121.5 27 46.5 130.5 24 21 24 24 27 42 49.5 66 49.5 72 60 75 60
leaf_count=24 23 16 36 18 27 30 24 21 21 24 30 63 27 18 228 27 30 27 54 39 27 27 78 24 24 42 27 63 27 24 60 24 21 18 24 24 27 27 36 27 72 30 30 24
internal_value=-4.11805e-11 -0.000922044 0.0010875 0.000100957 0.00523795 -0.0015626 -0.0314456 0.000220841 -0.000881907 4.2493e-05 0.0063918 -0.000385791 0.000351871 0.00462713 -6.8646e-05 -0.00263652 -0.00661597 1.68776e-05 4.49082e-05 0.000432406 0.000375793 0.000290327 0.000132401 -0.000292676 0.000642493 4.8172e-05 -0.000529258 -0.000965522 -3.99348e-05 -0.00235207 0.000722583 0.00151293 0.000465145 0.00238608 -0.000262964 0.000770385 0.000220896 0.00017688 0.00123788 -0.000333059 0.000247672 0.000427878 0.000821607 -1.78185e-05
internal_weight=2502 1354 1148 1324.5 324 1000.5 51 300 273 949.5 60 889.5 1105.5 99 1006.5 148.5 54 835.5 252 198 858 808.5 693 378 315 159 471 249 222 78 364.5 99 45 54 138 96 69 99 115.5 171 96 265.5 135 255
internal_count=1614 988 626 972 324 648 42 300 273 606 60 546 603 54 549 81 54 492 252 198 468 441 378 252 126 159 282 141 141 51 210 90 45 45 138 78 51 54 63 90 96 120 60 102
is_linear=0
shrinkage=0.08


Tree=49
num_leaves=45
num_cat=0
split_feature=37 34 2 8 37 1 37 34 1 16 33 4 4 37 9 16 22 15 34 33 34 22 14 37 1 32 17 1 35 5 9 33 1 37 37 15 15 35 27 34 15 37 34 37
split_gain=0.584963 5.3121 4.6177 3.55252 3.48747 2.54671 0.549984 2.56731 0.827432 0.584474 0.498477 0.407988 0.258173 0.153374 0.117037 0.0745184 0.0397775 0.0420547 0.0388355 0.0770411 0.0263099 0.0729288 0.0236073 0.0363537 0.0232397 0.0271981 0.0199482 0.0160428 0.0304296 0.0118327 0.0127088 0.0115812 0.013432 0.00945407 0.00924335 0.00863533 0.00861884 0.0109363 0.00857392 0.00832445 0.00667439 0.00561053 0.00517672 0.00515055
threshold=11.655000000000001 1.0000000180025095e-35 8.3270000000000017 2.9450000524520878 11.784230769230772 11.965000152587892 2.9150000429153446 1.0000000180025095e-35 16.375000000000004 9.0550000953674328 1.0000000180025095e-35 17.955000000000002 17.955000000000002 2.5300000000000007 2.9550000429153447 9.2000000000000011 9.3000000000000025 2.2250000000000001 6.7000000000000037 5.9000000000000012 8.2000000000000046 0.3000000000000001 9.8550000000000022 12.049615384615388 16.805000000000003 1.3 3.3000000000000003 15.100000000000003 1.5000000000000002 10.045000000000002 9.9200000000000017 1.0000000180025095e-35 13.265000000000002 17.380000000000006 5.0400000000000009 2.835 3.1200000000000006 1.5000000000000002 10.400000000000002 13.100000000000001 2.6488461538461547 9.0050000000000008 44.500000000000007 7.4400000000000004
decision_type=2 2 2 2 2 2 2 2 2 2 2 2 2 2 2 2 2 2 2 2 2 2 2 2 2 2 2 2 2 2 2 2 2 2 2 2 2 2 2 2 2 2 2 2
left_child=2 3 -1 -2 -3 -4 9 8 -8 14 -6 16 15 -11 -7 20 18 31 19 34 21 -12 23 -22 25 -20 35 28 -28 30 39 -18 -33 42 -9 43 37 -26 -35 -25 -29 -37 -31 -19
right_child=1 4 5 -5 10 6 7 11 -10 13 12 -13 -14 -15 -16 -17 17 26 24 -21 22 -23 -24 29 36 -27 27 40 -30 33 -32 32 -34 38 -36 41 -38 -39 -40 -41 -42 -43 -44 -45
leaf_value=-0.052186676207042877 -0.0045597989928154717 -0.029954344580570856 0.021652163219451907 -0.049615474020441371 0.0099063205972122845 -0.016315351857670718 0.0071441069093804502 0.00043173266718873665 0.025501408143477008 0.0059329575661658529 0.0055116724708516689 0.0078206808798842974 0.0070767381104330221 -0.003428790345399951 -0.0081374222172113757 -0.0046034134773626214 0.003160704885919889 -0.0014442599360704605 -0.0017725752494700344 -0.005087384606401125 0.0024445247449468642 -0.0011555468938535169 -0.0025355598259539829 0.0012520859489838282 0.0012617376038357251 -0.00012649231581144852 0.0034789125293944825 -0.00015656609159633126 -4.1477440545956292e-05 -0.00033035251266685212 0.0015951288850711927 0.0030757266685153203 0.00094569294040815698 0.00091998806605354344 -0.0011078838565636699 0.00072363221591028085 -0.00049984913399057083 0.00025203662410023668 -0.0010018289772172769 -0.00021547310125307308 0.000689425206776237 -0.00045915622663285051 -0.0015557302274790249 -0.00039215539503428674
leaf_weight=10.499999999999998 21 24 37.5 24 39 21 30 42 33 21 21 45 36 24 24 21 30 40.5 81 30 42 21 21 30 102 310.5 33 94.5 30 36 42 24 90 39 61.5 66 55.5 210 24 141 162 42 57 112.5
leaf_count=6 21 12 33 24 39 21 30 42 15 21 21 18 27 24 24 21 15 27 36 15 21 21 21 30 51 138 30 42 30 36 42 24 60 39 39 33 24 84 24 141 78 21 42 51
internal_value=-1.85967e-11 -0.00208865 0.000716398 -0.0285895 -8.10141e-05 0.00101625 0.000589892 0.000907984 0.0167598 -0.00550688 0.00117681 0.000307102 0.00053566 0.000940025 -0.0119538 5.99451e-05 9.8004e-05 0.000538395 -0.00025949 -0.00151778 0.00026655 0.00217806 8.07081e-05 0.000214386 -3.81702e-05 -0.000467061 0.000234826 0.000658689 0.00180254 -3.94509e-05 0.000348245 0.00176216 0.00139412 -0.000568806 -0.000483112 -0.000284042 0.00041873 0.000582131 0.000187867 4.19934e-05 0.000377744 0.000263659 -0.00108139 -0.000670654
internal_weight=2502 639 1863 45 594 1852.5 1815 1725 63 90 570 1662 531 45 45 495 1617 724.5 892.5 133.5 474 42 432 411 759 391.5 580.5 319.5 63 369 213 144 114 156 103.5 261 367.5 312 63 171 256.5 108 93 153
internal_count=1614 582 1032 45 537 1026 993 903 45 90 525 858 486 45 45 459 840 411 429 96 438 42 396 375 333 174 312 180 60 354 213 99 84 141 81 132 159 135 63 171 120 54 78 78
is_linear=0
shrinkage=0.08


Tree=50
num_leaves=45
num_cat=0
split_feature=37 34 6 37 0 1 37 10 34 35 1 33 14 13 37 37 36 32 16 16 16 32 14 37 3 0 36 34 32 0 36 30 16 17 13 0 37 37 33 16 20 21 32 33
split_gain=0.495112 4.49616 3.00686 2.95179 1.71158 3.84692 0.62975 0.433347 0.432247 6.04236 0.922131 0.421911 0.171715 0.230876 0.0717531 0.0902847 0.0426815 0.0829425 0.0612108 0.0319318 0.0303695 0.0295302 0.0278273 0.0195372 0.0187278 0.0186388 0.0200679 0.0282028 0.0195969 0.0183786 0.0160444 0.0154419 0.0151193 0.0124067 0.0198454 0.00933986 0.0188333 0.00912884 0.0076757 0.016568 0.0137257 0.00989092 0.00746515 0.0090262
threshold=11.655000000000001 1.0000000180025095e-35 2.935000061988831 11.784230769230772 11.954999923706056 11.965000152587892 6.4620000000000006 9.9550000000000018 1.0000000180025095e-35 1.5000000000000002 11.984999656677248 1.0000000180025095e-35 9.5600000000000005 9.9200000000000017 12.049615384615388 12.915000000000001 2.5000000000000004 1.0000000180025095e-35 6.8350000000000017 6.0700000000000012 9.0800000000000018 1.0000000180025095e-35 7.4800000000000013 7.9350000000000014 17.935000000000006 13.56 2.5000000000000004 72.800000000000026 0.50000000000000011 14.200000000000001 1.5000000000000002 1.0000000180025095e-35 7.0000000000000018 2.1000000000000005 8.3850000000000033 15.280000000000003 5.3900000000000015 5.1300000000000017 7.1000000000000005 6.0850000000000017 5.3000000000000016 4.2000000000000011 2.8000000000000003 0.3000000000000001
decision_type=2 2 2 2 2 2 2 2 2 2 2 2 2 2 2 2 2 2 2 2 2 2 2 2 2 2 2 2 2 2 2 2 2 2 2 2 2 2 2 2 2 2 2 2
left_child=4 2 -2 -3 6 -6 -1 8 9 10 -7 -5 14 -14 -13 -16 17 18 -10 -18 24 -21 29 -24 31 -17 28 33 -27 -23 -22 -19 -25 34 -28 36 -31 -20 39 -33 41 -40 43 -41
right_child=1 3 -4 11 5 7 -8 -9 16 -11 -12 12 13 -15 15 25 19 20 37 21 30 22 23 32 -26 26 27 -29 -30 35 -32 38 -34 -35 -36 -37 -38 -39 40 42 -42 -43 -44 -45
leaf_value=0.0068003659012416994 -0.0041950133655752455 -0.027557998100916543 -0.045646234825253484 0.0091138150160893425 -0.048011740729922342 -0.0035356300613946386 0.025429973602294924 0.0085829161551027062 -0.0050679193054222393 0.025868588884307733 -0.025087442794077409 0.0026282852541965745 0.0099494548335119521 -0.0012348347376765949 -0.0039953610802499146 0.0023618015487279214 0.0024859405928683059 -0.0010694330094736958 0.00021063192246051934 0.0022746056437492369 0.0037489121928811074 -0.00090159682880160586 -0.0017984759760530373 -0.00035995225522891924 -0.0019194883118782723 -0.0024238735558465125 0.002107555300721692 0.0034169010427736101 -0.00023932024795904686 0.00073878402356058364 0.00054447931330651046 0.0016001275368034841 0.0013162522119554607 -0.00087695619676307569 -0.00090081013839074368 0.00089789058685339263 0.0040627666318323466 -0.0017347701560509832 -0.00027377591219426384 -0.001058846269006608 -0.0015862154905944194 0.0010498759786556051 0.0003540917882917098 8.4215279968155856e-05
leaf_weight=24 21 24 24 39 10.499999999999998 27 22.5 42 36 48 24 60 27 21 39 21 53.5 84 26 50 20 30 47.5 158.5 35 30 36 21 212 24 20 52 44 41 23 127.5 20 38 202 64 43 44 303 143
leaf_count=24 21 12 24 39 6 27 18 18 16 39 15 30 27 21 24 21 22 44 26 30 20 30 19 72 14 30 36 21 212 24 20 22 20 41 23 60 18 18 90 44 28 24 152 72
internal_value=9.47688e-12 -0.00192156 -0.0263023 -7.4533e-05 0.000659086 0.000271123 0.0158147 0.000551837 0.000360621 0.00549628 -0.0136777 0.00108267 0.000492807 0.00505633 3.92895e-05 -0.000327944 5.52574e-05 -0.000231152 -0.0024289 0.000628076 -1.35535e-05 0.00042988 0.000225591 -0.00033826 -0.000102636 4.45281e-05 -8.9529e-05 0.000751678 -0.000510133 0.000925158 0.0021467 -3.46254e-05 4.26007e-06 0.000191982 0.000934803 0.00124471 0.00224969 -0.000944451 6.75178e-05 0.00023981 -0.000267528 -3.70252e-05 0.000101111 -0.000269195
internal_weight=2502 639 45 594 1863 1816.5 46.5 1806 1764 99 51 570 531 48 483 423 1665 1110 100 555 1010 501.5 451.5 250 970 384 363 121 242 201.5 40 935 202.5 100 59 171.5 44 64 851 562 289 246 510 207
internal_count=1614 582 45 537 1032 990 42 984 966 81 42 525 486 48 438 408 885 590 60 295 530 273 243 111 490 384 363 121 242 132 40 476 92 100 59 102 42 44 432 290 142 114 268 116
is_linear=0
shrinkage=0.08


Tree=51
num_leaves=45
num_cat=0
split_feature=37 33 35 15 15 2 7 10 36 15 21 32 10 37 34 36 15 37 33 37 16 36 32 16 31 34 30 15 32 11 30 33 1 5 20 4 5 20 32 4 1 34 21 37
split_gain=0.499391 11.7488 1.74592 15.4071 10.8329 3.39831 1.35231 1.16635 0.896836 2.64275 1.18222 0.806108 0.41484 0.414295 1.89136 0.90362 0.877572 0.346634 0.121279 0.0533091 0.0852784 0.0416863 0.0703631 0.0499232 0.0296819 0.0234271 0.0234214 0.0200027 0.0209441 0.0191577 0.0184294 0.013953 0.0207078 0.0134775 0.0133106 0.0126567 0.0120651 0.0114163 0.0108995 0.0102026 0.00947186 0.00887031 0.00854565 0.00793928
threshold=16.415000000000003 0.3000000000000001 1.0000000180025095e-35 -0.59100000000000052 1.4150000000000003 11.069999904632569 2.9150000810623173 1.1549999713897707 2.5000000000000004 1.765000104904175 1.0000000180025095e-35 0.70000000000000007 9.9550000000000018 2.9150000429153446 1.0000000180025095e-35 1.5000000000000002 1.765000104904175 7.9350000000000014 1.0000000180025095e-35 11.655000000000001 6.0057692307692303 2.5000000000000004 1.0000000180025095e-35 6.8350000000000017 1.0000000000000002 7.5000000000000027 1.5000000000000002 2.5050000000000003 0.50000000000000011 9.0050000000000008 0.50000000000000011 7.1000000000000005 13.955000000000002 8.9600000000000026 5.3000000000000016 16.485000000000003 11.992692307692311 1.5000000000000002 2.5000000000000004 17.475000000000005 16.165000000000003 55.900000000000013 4.2000000000000011 7.7950000000000008
decision_type=2 2 2 2 2 2 2 2 2 2 2 2 2 2 2 2 2 2 2 2 2 2 2 2 2 2 2 2 2 2 2 2 2 2 2 2 2 2 2 2 2 2 2 2
left_child=2 -2 4 -4 -1 -5 -7 -6 9 -9 -10 -3 13 15 17 -8 -17 -15 -11 21 -21 22 23 -16 25 -23 -27 28 -26 31 -13 32 -24 -29 42 -32 39 -12 -31 -37 -20 -30 -33 -35
right_child=1 11 3 5 7 6 12 8 10 18 37 30 -14 14 19 16 -18 -19 40 20 -22 24 29 -25 27 26 -28 33 41 38 35 34 -34 43 -36 36 -38 -39 -40 -41 -42 -43 -44 -45
leaf_value=0.061544658827284979 -0.0592385001683777 0.014401795924480619 -0.097111810048421232 -0.036097330225236493 0.018625159673392774 0.027135497728983559 -0.016236568010567377 -0.030539818290621041 0.022830056892602115 0.0054990672864592997 0.0025374353356892245 0.0023919855581507796 -0.0067166931577526999 0.020313492138229777 -0.0046624858651517168 0.0098183231381699446 -0.0095750351369913132 0.0081250735691615512 -0.00022285189165774247 1.510802252839009e-05 0.00471523194085984 0.00029359604241143837 0.0025978548151369281 -0.00084401315344231464 0.0018041174659698172 0.00396012677748998 0.0013037435261874784 0.0028350555995434877 -0.00019079989189557081 -0.0013530530109225462 0.0017376390374487355 -0.00026232380419969557 0.00027966879503808756 -0.0001922740676301591 -0.0014529181699841642 -0.0002400474466762885 0.0014391706174328215 0.0001651128865400883 -0.00010914910573731452 -0.0018473034577839303 -0.00214376490842551 -0.0014315968584649415 0.00096588590182363984 0.0010542236768402333
leaf_weight=21 22 29 10.499999999999998 16.5 24 11.999999999999998 30 20 22 26 20 21 54 32 36 32 28 28 92 60 42 51 26 56 29 37.5 49 21 149 96 21 206 479 47 52 108 21 37 85 33 20 49 44 107.5
leaf_count=21 22 29 6 12 24 12 30 20 22 26 20 21 24 29 16 32 28 13 92 30 21 36 26 36 14 20 24 18 75 42 21 92 256 20 32 108 21 37 36 33 20 24 24 49
internal_value=4.02088e-11 -0.00335504 0.000380746 -0.000464034 0.00626724 5.51793e-05 0.000362979 0.00181963 0.000117809 -0.00336201 0.00707746 0.0019215 0.000196172 0.000395582 0.000663042 -0.00490013 0.000768089 0.0146256 0.000576798 0.000176543 0.00195045 6.48525e-05 -0.000222103 -0.0023382 0.000638763 0.00165354 0.00245535 0.0002921 -0.00020378 -2.50573e-05 0.000147346 0.000141777 0.000399021 0.000933495 -0.000288382 -0.000110236 -0.000349775 0.000997507 -0.000768899 -0.000616214 -0.000565872 -0.000497866 -4.61589e-05 0.00067503
internal_weight=2502 255 2247 1965 282 1954.5 1938 261 237 158 79 233 1926 1872 1782 90 60 60 138 1722 102 1620 1080 92 540 137.5 86.5 402.5 227 988 204 807 505 175.5 302 183 162 57 181 141 112 198 250 154.5
internal_count=1614 255 1359 1077 282 1071 1059 261 237 158 79 233 1047 1023 933 90 60 42 138 891 51 840 560 52 280 80 44 200 113 508 204 430 282 87 148 183 162 57 78 141 112 99 116 69
is_linear=0
shrinkage=0.08


Tree=52
num_leaves=45
num_cat=0
split_feature=37 34 2 37 6 0 37 33 10 37 34 16 37 16 4 37 0 34 5 11 34 15 12 37 0 15 5 34 9 22 29 37 37 22 15 13 3 37 29 37 37 29 11 0
split_gain=0.460266 3.98914 2.89918 2.45542 2.38643 1.62337 0.6999 0.468765 0.423634 0.302069 1.62225 0.384272 0.293391 0.196739 0.165092 0.115614 0.0334 0.0500196 0.0239726 0.0225304 0.0192109 0.0641178 0.0299924 0.0196024 0.0188722 0.0121728 0.011304 0.0137522 0.0120323 0.0111921 0.009312 0.0200796 0.0130682 0.0128083 0.00830861 0.0144408 0.0088091 0.00932907 0.00936633 0.00776662 0.0161315 0.00807954 0.00674544 0.0128189
threshold=11.655000000000001 1.0000000180025095e-35 8.3270000000000017 11.784230769230772 2.935000061988831 11.954999923706056 6.4620000000000006 1.0000000180025095e-35 9.9550000000000018 2.9150000429153446 1.0000000180025095e-35 9.0550000953674328 7.9350000000000014 9.2000000000000011 17.955000000000002 2.5300000000000007 16.175000000000004 6.0000000000000044 10.085000000000003 9.8950000000000014 8.2000000000000046 1.9073076923076921 9.6300000000000008 12.049615384615388 13.56 2.835 10.045000000000002 12.500000000000005 9.9200000000000017 5.4000000000000012 7.1000000000000005 4.580000000000001 7.9350000000000014 68.500000000000014 0.42999999999999888 9.3250000000000011 16.185000000000006 7.4400000000000004 11.100000000000001 8.5250000000000004 6.9350000000000014 1.7000000000000004 7.8800000000000008 17.775000000000002
decision_type=2 2 2 2 2 2 2 2 2 2 2 2 2 2 2 2 2 2 2 2 2 2 2 2 2 2 2 2 2 2 2 2 2 2 2 2 2 2 2 2 2 2 2 2
left_child=2 4 -1 -3 -2 6 -4 -5 9 11 12 -7 -11 14 20 -13 18 -18 24 25 21 -9 23 -22 -12 34 27 -25 -29 -26 31 -31 33 -32 -19 36 -36 -38 -39 40 41 -33 -28 -44
right_child=1 3 5 7 -6 8 -8 13 -10 10 16 15 -14 -15 -16 -17 17 19 -20 -21 22 -23 -24 26 29 -27 42 28 -30 30 32 39 -34 -35 35 -37 37 38 -40 -41 -42 -43 43 -45
leaf_value=-0.04128301166352772 -0.0051227900669688275 -0.025179296632607779 0.0061287721743186318 0.0094078455535838244 -0.042050758531938001 -0.010189991640643433 0.025768601947360571 0.0049956953490064258 0.0084336185136011672 0.018688411767070649 0.0022838909548679085 0.0049944850212583942 0.007475064822605678 -0.0072678891533897042 0.0058560410545518008 -0.0031335715887447196 -0.0022922595198507662 0.00044451808194733328 0.0024732507664112398 0.0016473069678371152 0.001876344226212019 -0.0012558092545839913 -0.0026706492978458602 0.0022370210406370463 -0.00052891920320689682 0.00027901847578058118 -0.0011872661218081636 -0.00012921293925804398 0.0014514177777350712 0.0028724112934260452 0.00027432363459633456 -0.00065214205420378478 0.0010245533096410024 -0.0017275685732563338 -0.00096842860103284244 -0.0014342893602756355 -0.0013224497298399607 0.00020309538318777094 -0.00073609352304503843 -0.00015738599157581729 0.002376174367964268 0.00099589640729957169 0.0012153221692212603 -0.00070173010122084965
leaf_weight=10.499999999999998 21 24 24 39 24 39 22.5 21 42 32 33 21 28 21 36 24 67.5 81 40.5 48 42 21 24 24 84 322.5 54 147 39 27 45 33 48 37.5 94.5 78 37.5 310.5 87 66 34.5 45 33 69
leaf_count=6 21 12 24 39 24 39 18 21 18 29 33 21 13 21 27 24 30 36 18 21 21 21 24 24 69 141 54 147 39 27 27 24 24 33 42 33 15 138 39 33 21 36 33 54
internal_value=2.75186e-11 -0.00185271 0.00063547 -0.000112935 -0.0248177 0.000873064 0.0156319 0.000942491 0.000493061 0.000304 0.000538088 -0.00437775 0.0134555 0.000320741 0.000633214 0.000659521 5.96643e-05 -0.000180763 0.000608481 -4.61773e-05 0.000236544 0.00186994 7.77413e-05 0.000239411 0.000441763 -0.00012658 5.15666e-05 0.00043476 0.00020221 0.000297025 0.000503511 0.000839126 -2.49862e-05 -0.000635627 -0.000316566 -0.000418044 -0.000268343 -0.000116255 -2.46294e-06 0.00053157 0.000935757 0.000298649 -0.00046427 -8.15073e-05
internal_weight=2502 639 1863 594 45 1852.5 46.5 570 1806 1764 1680 84 60 531 510 45 1620 1126.5 493.5 1059 474 42 432 408 453 1011 366 210 186 420 336 205.5 130.5 82.5 688.5 607.5 529.5 435 397.5 178.5 112.5 78 156 102
internal_count=1614 582 1032 537 45 1026 42 525 984 966 882 84 42 486 465 45 840 495 345 465 438 42 396 372 327 444 351 210 186 294 225 141 84 60 303 267 234 192 177 114 81 60 141 87
is_linear=0
shrinkage=0.08


Tree=53
num_leaves=45
num_cat=0
split_feature=10 11 34 35 8 15 21 0 22 15 0 33 35 35 32 15 0 22 35 22 0 34 34 31 35 30 5 0 30 22 22 34 15 15 24 15 33 35 16 16 34 27 15 26
split_gain=0.35694 9.353 2.06514 1.4643 10.3244 5.12458 5.15254 0.934448 0.438654 0.410845 0.513327 0.254225 0.210935 0.177078 0.145772 0.241233 0.127902 0.03667 0.211533 0.216308 0.111214 0.0297926 0.0260067 0.0207083 0.0574765 0.0937058 0.0168779 0.0154979 0.0148051 0.0133612 0.0115585 0.0186368 0.0113248 0.00692679 0.00688253 0.00681932 0.00591804 0.0049533 0.0160969 0.0100331 0.0048024 0.00472901 0.00458169 0.00436123
threshold=7.8850000000000007 7.8800000000000008 2.9000000000000021 1.0000000180025095e-35 2.935000061988831 1.4150000000000003 3.5000000000000004 12.329999885559085 1.0000000180025095e-35 1.7480769826815676 13.350000000000003 1.0000000180025095e-35 1.5000000000000002 1.5000000000000002 0.50000000000000011 1.7299999999999995 13.265000000000002 3.4000000000000004 1.5000000000000002 1.1000000000000003 14.110000000000001 1.9000000000000006 112.70000000000003 0.70000000000000007 1.5000000000000002 0.70000000000000007 10.045000000000002 15.475000000000001 8.1000000000000014 77.200000000000003 33.000000000000007 10.500000000000005 2.2350000000000008 2.2350000000000008 3.4000000000000004 2.6488461538461547 7.8000000000000007 1.5000000000000002 6.5600000000000014 6.5600000000000014 10.300000000000002 1.6000000000000003 2.2950000000000004 13.000000000000002
decision_type=2 2 2 2 2 2 2 2 2 2 2 2 2 2 2 2 2 2 2 2 2 2 2 2 2 2 2 2 2 2 2 2 2 2 2 2 2 2 2 2 2 2 2 2
left_child=1 3 -2 4 -1 6 -5 -6 13 10 -10 12 -4 -7 15 40 -9 18 19 -11 -20 -18 23 24 25 -16 30 28 33 -30 31 -23 -33 -19 -25 36 -29 38 -37 -39 -13 -28 -32 -36
right_child=2 -3 11 5 7 8 -8 16 9 17 -12 14 -14 -15 22 -17 21 27 20 -21 -22 26 -24 34 -26 -27 41 35 29 -31 42 32 -34 -35 43 37 -38 39 -40 -41 -42 -43 -44 -45
leaf_value=0.055277790805945796 0.018334052478565892 -0.04543787104598547 0.0076103453736545311 -0.05008259270340204 0.014918455029665321 -0.0022118542286934276 0.00086202416103333237 -0.0066864578354926341 0.015876465078908952 -0.00018998892460432318 -0.00066965937924881775 0.00051348832840419781 0.00019419297700126967 -0.010499486095046228 0.002132889130877124 -0.0068836237514636137 -0.0030685195965426309 0.00054434208820263548 0.0057129067624056788 -0.01062814818539967 -0.0015481964422872775 -0.0010012246561901909 0.0021683351378511601 -9.1112723929951783e-05 0.0028599908903793052 -0.0033430460292018121 -0.0019281401831001319 3.775126892889356e-07 -0.0013116827321549257 0.0012207773832293848 -0.0012368357602861666 0.0032701146194622633 0.001042710951587651 0.0019132520488220389 0.00062852530525971627 -0.00020629757813488446 -0.00073292847050146926 0.00067889758809046308 0.0016975866974529778 -0.00070825191656196567 -0.00060088667642287531 -0.00038476046058349311 0.00011985462645305123 -0.00021862317619826457
leaf_weight=24 42.5 29.5 54 27 27 33 24 21 24 27 24 49.5 45 33 45 49.5 21 36 27 24 27 21 49.5 445.5 67.5 36 27 202.5 30 24 21 21 48 69 181.5 60 108 66 54 67.5 49.5 24 66 49.5
leaf_count=24 23 16 36 18 27 33 24 21 24 27 24 27 18 33 30 27 21 36 27 18 18 21 27 243 27 24 27 90 30 18 21 21 48 60 99 30 48 30 27 27 27 24 66 27
internal_value=-1.06289e-11 -0.000891593 0.00102405 0.000113082 0.0048067 -0.00141341 -0.0261087 0.000728227 -6.78396e-05 0.000409168 0.0076034 0.000368368 0.00423937 -0.00635567 -6.24486e-06 -0.00232367 -0.000690796 -1.0933e-05 -0.00140722 -0.00510206 0.00208236 -0.000185138 0.000387281 0.000280418 0.00113589 -0.00030086 8.0437e-05 0.000193544 0.000890307 -0.000186145 0.000449908 0.00108552 0.00172062 0.00144391 9.26309e-05 -4.99599e-06 -0.000254685 0.000308251 0.000695542 -2.24701e-05 -4.36992e-05 -0.00120184 -0.000207622 0.000446993
internal_weight=2502 1337.5 1164.5 1308 321 987 51 297 936 870 48 1122 99 66 1023 148.5 270 822 105 51 54 249 874.5 825 148.5 81 228 717 159 54 177 90 69 105 676.5 558 310.5 247.5 114 133.5 99 51 87 231
internal_count=1614 979 635 963 321 642 42 297 600 534 48 612 54 66 558 81 270 486 90 45 45 249 477 450 81 54 228 396 144 48 177 90 69 96 369 252 138 114 57 57 54 51 87 126
is_linear=0
shrinkage=0.08


Tree=54
num_leaves=45
num_cat=0
split_feature=16 16 34 11 35 13 33 34 9 35 33 6 0 35 34 22 34 35 19 19 22 14 34 0 10 33 33 34 0 29 5 32 35 16 32 0 32 19 34 33 22 33 16 4
split_gain=0.320941 4.14291 3.60681 0.266444 2.65318 0.323045 0.136744 0.269996 0.115476 0.155474 0.571418 0.7017 0.168965 0.0767326 0.0496128 0.0372358 0.0315857 0.0295066 0.0348633 0.0237012 0.0292285 0.021307 0.023742 0.0155577 0.0149656 0.012979 0.0119654 0.0133982 0.011882 0.00849386 0.00822978 0.0123275 0.00727845 0.00672105 0.0075026 0.0063031 0.00547767 0.00534939 0.00524823 0.00484034 0.00396212 0.00370816 0.00347123 0.00281716
threshold=6.6350000000000016 6.6500000000000012 2.9000000000000021 1.1549999713897707 1.5000000000000002 1.1549999713897707 1.0000000180025095e-35 11.200000000000005 2.900000042915345 1.0000000180025095e-35 1.0000000180025095e-35 5.2000000000000002 12.820000000000002 1.0000000180025095e-35 8.2000000000000046 0.50000000000000011 119.60000000000004 1.5000000000000002 4.5000000000000009 5.9000000000000012 17.800000000000008 9.8550000000000022 13.100000000000001 14.485000000000001 9.8950000000000014 3.5000000000000004 1.0000000000000002 37.100000000000009 17.220000000000002 1.0000000180025095e-35 5.0400000000000009 1.5000000000000002 1.5000000000000002 7.575000000000002 1.5000000000000002 16.860000000000003 11.700000000000001 4.7000000000000002 3.5000000000000004 0.50000000000000011 69.90000000000002 3.7000000000000006 7.0000000000000018 16.685000000000006
decision_type=2 2 2 2 2 2 2 2 2 2 2 2 2 2 2 2 2 2 2 2 2 2 2 2 2 2 2 2 2 2 2 2 2 2 2 2 2 2 2 2 2 2 2 2
left_child=2 -2 -1 4 13 -5 -4 -8 -7 10 11 -10 -11 -3 15 -12 24 18 28 20 33 22 -16 -24 26 -20 27 -9 30 -28 -14 39 -29 34 -19 -36 37 41 -35 -32 -21 -31 -33 -25
right_child=1 3 6 5 -6 8 7 16 9 12 14 -13 17 -15 21 -17 -18 19 25 40 -22 -23 23 43 -26 -27 29 32 -30 36 31 42 -34 38 35 -37 -38 -39 -40 -41 -42 -43 -44 -45
leaf_value=0.024731743124466909 -0.021757753249418376 0.010988642083747047 0.0052104345480840876 0.011012381414572399 -0.025144533573412429 -0.0061445716189013587 -0.0049762890236028897 0.0018702485924116288 0.0020767175744880327 -0.005155004231436622 0.0050236351538582571 0.02078336443397261 0.0011545326900765456 0.0041497574178945449 0.0022284822786847749 0.00041087261090675986 0.0022739884550824312 -0.0012033847534201213 0.0011455861193438372 -0.0014311081454867409 0.0018707478428498293 -0.0028013548929066885 -0.0025031875894360599 7.1740253427479835e-05 0.0015578688575763895 0.0034988227752813452 -0.0012470724117575271 0.00081904928562127888 0.0013181732920929789 -0.00012133369933475148 -0.0014942699471222503 3.6903765610665742e-05 -0.00064947958317740514 -0.00042879654235686315 1.7753015099852173e-06 -0.00088579547842990993 -0.00022965161273587553 -0.00030307235102159806 0.00098238155245780937 -0.00034917312437082059 -0.0029851371386931057 0.00048237719190869069 0.00084524040703899141 -0.00090374558310334877
leaf_weight=39.5 58 21 33 18 25.5 18 66 49.5 33 42 21 21 36 21 24 24 49.5 90 30 21 39 21 21 90 49.5 30 33 54 54 82.5 42 102 36 33 135 82.5 264 99 34.5 54 21 309 51 24
leaf_count=23 34 21 18 18 21 18 36 27 33 42 21 21 36 21 24 24 27 36 27 21 39 21 21 90 27 24 18 36 27 45 30 51 18 33 54 33 144 54 21 30 21 171 33 24
internal_value=3.31199e-11 -0.000845438 0.000971038 0.000102521 -0.00478932 0.000374963 0.000136773 -1.65517e-05 0.0002146 0.000311934 0.00196127 0.00935152 -0.00020107 0.0075692 0.00018761 0.0025635 0.000302496 4.22811e-05 0.000544696 -0.000397332 -0.000213628 -0.000406362 -9.00417e-05 -0.000502224 0.000202558 0.0023222 0.000130187 0.00081308 0.000230092 9.21771e-06 2.39296e-05 -0.000139531 0.000231638 -0.000430403 -0.000589083 -0.000334889 6.41648e-05 0.000222305 0.000292472 -0.000850153 -0.00220812 0.000355158 0.000306349 -0.000133625
internal_weight=2502 1337.5 1164.5 1279.5 67.5 1212 1125 1092 1194 1176 279 54 897 42 225 45 1026 855 399 456 414 180 159 135 976.5 60 927 139.5 339 787.5 285 249 90 375 307.5 217.5 754.5 490.5 67.5 96 42 391.5 153 114
internal_count=1614 970 644 936 63 873 621 603 855 837 279 54 558 42 225 45 567 516 258 258 216 180 159 135 540 51 513 81 207 432 180 144 54 177 123 87 414 270 54 60 42 216 84 114
is_linear=0
shrinkage=0.08


Tree=55
num_leaves=45
num_cat=0
split_feature=37 34 37 2 6 1 14 15 37 34 36 15 15 4 16 33 0 34 37 15 37 36 30 16 34 8 35 12 15 11 0 36 14 4 5 30 33 37 19 19 37 37 30 37
split_gain=0.486164 4.22372 2.05665 1.82792 1.68402 1.64105 0.355798 0.496727 0.351085 1.54826 1.06857 0.878791 0.614178 0.323132 0.129559 0.052104 0.0299063 0.045268 0.0282901 0.0207223 0.0158913 0.0154343 0.026708 0.0184054 0.0232897 0.0170753 0.0194756 0.0240182 0.0177886 0.014924 0.00840892 0.013292 0.0415242 0.0247865 0.0107136 0.00901102 0.00858529 0.0081609 0.0111569 0.0117227 0.00951585 0.0120874 0.0158145 0.0164536
threshold=11.655000000000001 1.0000000180025095e-35 11.784230769230772 8.3270000000000017 2.935000061988831 11.965000152587892 9.5600000000000005 0.29999999999999899 2.9150000429153446 1.0000000180025095e-35 1.5000000000000002 1.7950000762939455 1.765000104904175 17.955000000000002 9.2000000000000011 1.0000000180025095e-35 16.175000000000004 6.0000000000000044 12.049615384615388 1.4549999999999998 10.065000000000003 1.5000000000000002 0.3000000000000001 6.1450000000000005 12.500000000000005 11.760384615384618 1.5000000000000002 7.4830000000000014 3.1550000000000007 9.2200000000000006 17.775000000000002 2.5000000000000004 7.5750000000000002 16.485000000000003 11.992692307692311 1.0000000180025095e-35 1.0000000000000002 4.1100000000000003 5.6000000000000005 1.0000000180025095e-35 9.0050000000000008 7.2450000000000001 1.7000000000000004 5.0400000000000009
decision_type=2 2 2 2 2 2 2 2 2 2 2 2 2 2 2 2 2 2 2 2 2 2 2 2 2 2 2 2 2 2 2 2 2 2 2 2 2 2 2 2 2 2 2 2
left_child=3 4 -3 -1 -2 -5 14 -8 10 11 -7 -10 -12 16 15 -4 19 -18 -17 -11 37 23 -23 -19 -25 26 27 -24 -28 -29 31 35 -33 -34 -32 -20 -37 38 39 -21 41 42 43 -39
right_child=1 2 6 5 -6 8 7 -9 9 13 12 -13 -14 -15 -16 18 17 21 30 20 -22 22 25 24 -26 -27 28 29 -30 -31 34 32 33 -35 -36 36 -38 40 -40 -41 -42 -43 -44 -45
leaf_value=-0.032631786891392303 -0.0089902027589934212 -0.023054713308811189 0.0036791713076333205 0.017406866681575775 -0.040011124819817882 -0.016699411921203135 0.00047936144990451407 0.015605341357489427 0.0046128111939345087 0.0032844788632873036 0.0093634636851493269 0.02362753702061517 -0.0068605663214943236 0.0069737436804506517 -0.0059679651969955089 0.0018590387504858275 -0.0021356166730876324 -0.0014809290139095449 -0.0018035887163132432 -0.0010282490950720828 0.002301393342514833 0.0015841207564463494 0.0021432461818172177 -0.0015984322753286474 0.00025907342493425219 0.0013994270183697896 -0.00076179526716953639 -0.00026678172533343059 0.00081668469716202139 0.0014608780397102237 -0.0020375162169889169 -0.00039970862566406139 0.0046915935113264083 0.00089406338943676512 -6.6740406932784061e-05 0.00099289276504090844 -0.00029746575131347136 0.00099284816617992806 -0.0019501035580677644 0.0016448115734826951 -0.00021406328915396617 0.001397438984968814 0.001060781049503324 -0.0012628873456101697
leaf_weight=10.499999999999998 21 24 30 37.5 24 30 33 24 35 18 32 28 28 45 21 60 67.5 82 20 21 30 81 44 54 216 54 270 160 55 40 27 64 22 22 51 42 154 33 21 21 84 114 96 55.5
leaf_count=6 21 12 30 33 24 30 33 24 29 18 32 16 28 18 21 30 30 35 20 21 15 36 22 24 96 22 108 80 22 20 27 64 22 22 36 42 154 33 21 21 42 54 78 42
internal_value=-1.22685e-11 -0.00190412 -0.000113922 0.000653103 -0.0255347 0.000841762 0.000852007 0.0068482 0.000499508 0.000753655 -0.00437164 0.0130638 0.00179225 0.000287025 0.000185763 0.000448422 0.000100938 -0.000127082 0.000238634 0.000620048 0.000519186 1.30397e-06 0.000217569 -0.000431226 -0.000112428 3.98955e-05 -8.91286e-05 0.000451036 -0.000494668 7.87502e-05 -3.21792e-06 0.000176306 0.000900955 0.00279283 -0.000748932 -0.000186019 -2.09604e-05 0.000399172 -0.000444514 0.000308281 0.000538132 0.000749805 0.000349641 -0.000421766
internal_weight=2502 639 594 1863 45 1852.5 570 57 1815 1725 90 63 60 1662 513 492 1617 1123.5 462 493.5 475.5 1056 704 352 270 623 569 244 325 200 402 324 108 44 78 216 196 445.5 63 42 382.5 298.5 184.5 88.5
internal_count=1614 582 537 1032 45 1026 525 57 993 903 90 45 60 858 468 447 840 495 417 345 327 465 310 155 120 274 252 122 130 100 387 324 108 44 63 216 196 312 63 42 249 207 153 75
is_linear=0
shrinkage=0.08


Tree=56
num_leaves=45
num_cat=0
split_feature=37 33 35 0 9 3 0 31 35 34 16 11 34 0 37 15 0 17 12 5 15 16 16 6 27 16 33 9 15 15 32 19 30 0 0 30 0 34 4 4 0 32 16 14
split_gain=0.463161 10.2886 1.33581 13.4785 9.37472 1.5257 0.909538 0.690215 0.441366 1.86977 9.91439 1.50084 0.955109 1.95923 0.36572 0.320884 1.09312 0.189632 0.164573 0.120645 0.0924575 0.0496039 0.0409636 0.0530702 0.0309057 0.0281546 0.0276631 0.0204635 0.0150238 0.0474878 0.0162959 0.0142888 0.0101774 0.00885456 0.0337364 0.00891394 0.0107435 0.0104176 0.0084025 0.0135578 0.00802565 0.00767919 0.0112056 0.00787074
threshold=16.415000000000003 0.3000000000000001 1.0000000180025095e-35 8.3270000000000017 2.935000061988831 11.954999923706056 11.954999923706056 0.50000000000000011 1.5000000000000002 4.6000000000000023 7.3100000000000014 9.9350000000000005 4.6000000000000023 16.415000000000003 9.9200000000000017 1.765000104904175 13.645000000000001 0.3000000000000001 7.8650000000000011 2.9450000524520878 1.7950000762939455 6.0057692307692303 6.0950000000000015 11.974615384615387 2.3000000000000003 7.0250000000000012 0.3000000000000001 11.285000000000002 2.1715384615384621 1.7000000000000002 0.70000000000000007 4.7000000000000002 3.1000000000000005 14.485000000000001 14.640000000000002 1.0000000000000002 15.625000000000002 44.500000000000007 17.310000000000006 16.685000000000006 14.005000000000001 0.70000000000000007 6.5150000000000006 7.4200000000000008
decision_type=2 2 2 2 2 2 2 2 2 2 2 2 2 2 2 2 2 2 2 2 2 2 2 2 2 2 2 2 2 2 2 2 2 2 2 2 2 2 2 2 2 2 2 2
left_child=2 -2 4 -4 -1 -5 -7 -3 11 10 -10 12 13 19 28 -6 -17 20 26 -8 -12 -9 23 24 -14 41 -18 38 29 -11 -30 -27 -33 -32 -35 -36 -37 -38 39 -23 -21 -24 -43 -44
right_child=1 7 3 5 15 6 8 21 9 14 17 -13 22 -15 -16 16 18 -19 -20 40 -22 27 25 -25 -26 31 -28 -29 30 -31 33 32 -34 34 35 36 37 -39 -40 -41 -42 42 43 -45
leaf_value=0.053339930375417073 -0.055526673008095141 0.014863528522622326 -0.090768837701706656 -0.020598462955819238 -0.0056188262225343637 0.022310761610666911 -0.006368219635138909 0.0031132798850762125 0.058532533788432678 -0.00017148087489619559 -0.0063628002347937531 -0.017090214794605145 0.0016224042346907985 -0.027634405231413743 0.0066816744453140663 0.017329414604162728 -0.0026532769007866996 0.005186186428403571 0.0068214655844938193 0.0013939254751635921 -0.00011241058405074809 0.00047495385499796757 -0.00086075550193587941 -0.00036961042962502689 0.0045159011742188816 0.00069136306654899295 -0.0001574157890389432 -0.0019675045253502001 0.0015414033012314775 -0.0027256573633731981 0.0029848466813564302 0.0033968630598651042 0.0011327126629961032 -0.0049611592753272919 -0.001114291319216805 0.001474554077016585 0.00051356017530585331 -0.00031393191410618765 0.0011176529471274644 -0.0014712162256667702 -0.00050726229984623689 -0.00029804228208733693 0.0014429030893370509 0.0002535956333040435
leaf_weight=24 22 23 10.499999999999998 22.5 39 11.999999999999998 24 33 22.5 255 34.5 36 54 24 52.5 27 36 21 21 27 27 63 60 48 42 102 135 36 43.5 57 5.9999999999999991 27 24 8.9999999999999982 43.5 33 150 277.5 42 36 30 204 48 138
leaf_count=24 22 23 6 18 39 12 24 33 9 120 30 18 27 12 21 27 36 21 21 27 27 63 30 24 21 69 135 36 21 30 6 24 24 9 21 33 60 111 42 36 27 102 24 69
internal_value=5.04213e-11 -0.00323105 0.000366675 -0.000372255 0.0055156 0.000113375 0.000354584 0.00170673 0.000217358 0.00134249 0.0114604 -0.00109023 -0.000414178 -0.00755852 0.000196455 0.00106683 0.00225742 -0.00137748 0.000137925 -0.00161011 -0.00361873 0.000265751 0.000590047 0.00180234 0.00288831 0.000300546 -0.00068286 -0.000265144 -0.00019288 -0.000638109 5.40733e-05 0.00123804 0.00233138 -7.05873e-05 -0.000106323 -1.96299e-05 8.37746e-05 -2.35838e-05 0.000169502 -0.000232744 0.0003933 -1.82009e-05 0.000111423 0.000560514
internal_weight=2502 255 2247 1965 282 1954.5 1932 233 1920 1032 105 888 852 105 927 258 219 82.5 192 81 61.5 210 747 144 96 603 171 177 874.5 312 562.5 153 51 519 513 504 460.5 427.5 141 99 57 450 390 186
internal_count=1614 255 1359 1077 282 1071 1053 233 1041 519 87 522 504 90 432 258 219 78 192 78 57 210 414 72 48 342 171 177 411 150 261 117 48 240 234 225 204 171 141 99 54 225 195 93
is_linear=0
shrinkage=0.08


Tree=57
num_leaves=45
num_cat=0
split_feature=36 0 9 34 5 34 36 16 10 0 9 16 37 33 3 32 33 31 16 35 31 0 0 36 32 33 16 36 37 37 9 37 35 16 16 21 10 10 0 24 33 34 36 33
split_gain=0.421147 4.74483 4.12742 2.76467 22.2172 1.74643 6.36897 1.35723 0.39968 0.178644 0.128521 0.222809 0.0976717 0.355245 0.155875 0.0859946 0.0603113 0.0448441 0.0417748 0.0597535 0.0344089 0.0241266 0.022599 0.0165102 0.0132389 0.0193593 0.0100111 0.0115742 0.00878323 0.0154329 0.0167345 0.010329 0.0158452 0.0203259 0.0150768 0.0150626 0.0132056 0.00874611 0.00848581 0.00732792 0.00545881 0.00503243 0.00486191 0.00431312
threshold=2.5000000000000004 11.729999904632569 2.9450000524520878 2.6000000000000023 6.4620000000000006 1.0000000180025095e-35 1.5000000000000002 9.0199997472763087 9.9200000000000017 12.820000000000002 11.941153846153847 6.0226923076923082 16.545000000000005 1.3 17.835000000000004 1.0000000180025095e-35 1.0000000180025095e-35 1.0000000180025095e-35 6.0950000000000015 1.5000000000000002 1.0000000180025095e-35 16.375000000000004 13.56 1.5000000000000002 1.7000000000000004 1.0000000180025095e-35 6.1450000000000005 1.5000000000000002 17.150000000000002 16.140000000000004 9.7950000000000017 12.049615384615388 1.5000000000000002 6.955000000000001 6.5950000000000015 2.7000000000000006 8.5900000000000016 9.1850000000000005 16.715000000000003 1.6000000000000003 5.0000000000000009 46.100000000000009 1.5000000000000002 1.7000000000000004
decision_type=2 2 2 2 2 2 2 2 2 2 2 2 2 2 2 2 2 2 2 2 2 2 2 2 2 2 2 2 2 2 2 2 2 2 2 2 2 2 2 2 2 2 2 2
left_child=1 -1 -3 4 7 6 -4 -2 9 -5 12 -12 14 -14 15 20 -11 -18 19 -17 21 -7 23 -20 25 -24 27 -26 29 31 -31 32 33 36 39 -33 -19 -15 40 -34 -36 43 -22 -28
right_child=3 2 5 8 -6 10 -8 -9 -10 16 11 -13 13 37 -16 18 17 28 22 -21 42 -23 24 -25 26 -27 41 -29 -30 30 -32 35 34 -35 38 -37 -38 -39 -40 -41 -42 -43 -44 -45
leaf_value=0.033997924254724275 -0.0038762458744976257 -0.025527645552005526 0.034906288809608672 -0.013135617549220721 -0.084751247059215204 -0.0017638554680964042 -0.01023871893575415 0.018091259594592783 -0.0077624298070932364 0.0036665222603118135 0.0072373547980731177 -0.00040040622058917178 0.010474701641270748 -0.00056318873483022418 -0.0053754446676207912 0.0032687279020319694 0.0029061303675958984 6.4066025128556509e-05 0.0031838093465194105 -0.00017492991513930835 -0.0014434897980742879 -0.0049740708138673534 -0.0023032988853649134 0.00021641224777946871 -0.0015129129415261558 -0.00029182073867470938 0.00086286472451245911 0.00020842159027233722 -0.00080775434342332379 0.00041870922778996275 0.0035828235082663012 -0.0021699037313461303 5.9092344047549445e-05 0.0023182983471689601 0.00041211486483613651 0.00058031870625340019 0.0017158916450682141 0.0013337558833882214 -0.0015129625106023417 0.0012216943006217481 -0.00098646395679177898 -4.123681709466522e-05 -2.6627718921630612e-05 0.00023669454149203374
leaf_weight=27 36 39 40 5.9999999999999991 22 29 40 36 38.5 42 44 55 26 70 36 64 47.5 118 24 65 31 31 36 24 50 205 98 50 39 23 20 25 78 52 46.5 26 42 20 45 62.5 29 283 31 250
leaf_count=24 36 36 34 6 13 24 34 36 21 27 24 30 26 70 16 38 30 59 24 26 21 16 26 24 25 136 56 25 39 23 20 20 33 38 30 26 21 20 18 25 17 166 21 134
internal_value=-4.16951e-12 0.000733919 0.000186614 -0.00146784 -0.0143914 0.000812617 0.0123338 0.00710751 0.000173796 0.000609356 0.000207036 0.00299415 1.31326e-05 0.00223788 -0.00018432 -3.72859e-05 0.000727932 0.000539071 0.000177138 0.00153355 -0.00205673 -0.00342247 5.59127e-06 0.00170011 -7.80887e-05 -0.000592291 9.14361e-05 -0.000652246 0.000353534 0.000433411 0.00189039 0.000313849 0.000430479 0.000944239 1.31711e-05 -0.00076783 0.00049767 -0.000141645 -0.000643381 0.000576264 -0.000125088 0.000209294 -0.000735059 0.00041303
internal_weight=2502 1668 1641 834 94 1602 80 72 740 701.5 1522 99 1423 116 1307 1271 695.5 653.5 1149 129 122 60 1020 48 972 241 731 100 606 567 43 524 473 212 261 51 160 90 120.5 140.5 75.5 631 62 348
internal_count=1614 1076 1052 538 85 1016 68 72 453 432 948 54 894 116 778 762 426 399 680 64 82 40 616 48 568 162 406 50 369 330 43 287 241 118 123 46 80 90 65 58 47 356 42 190
is_linear=0
shrinkage=0.08


Tree=58
num_leaves=45
num_cat=0
split_feature=37 34 10 6 7 14 10 34 35 16 1 37 15 1 15 16 16 1 15 36 37 1 36 32 16 4 32 3 14 1 35 5 34 32 16 30 15 20 29 1 35 30 19 6
split_gain=0.432959 3.91381 1.69953 1.38308 0.949273 1.04037 0.35376 0.318901 4.79218 5.87078 0.996626 0.281134 0.265005 0.236445 0.138546 0.129908 0.0755011 0.042796 0.0438928 0.209845 0.23228 0.0270456 0.028055 0.0354194 0.0345733 0.0229925 0.0238276 0.0196272 0.0161093 0.0136609 0.0121714 0.00864554 0.00795693 0.00975276 0.00728123 0.0068588 0.0193866 0.00665096 0.00855589 0.00988075 0.00756945 0.00592545 0.0056537 0.00539033
threshold=11.655000000000001 1.0000000180025095e-35 9.9550000000000018 2.935000061988831 2.9150000810623173 1.1449999809265139 9.9550000000000018 1.0000000180025095e-35 1.5000000000000002 9.0349994897842425 11.984999656677248 11.72423076923077 0.84499999999999897 16.920000000000005 1.4150000000000003 6.7350000000000021 9.065000090599062 14.455000000000002 2.2250000000000001 2.5000000000000004 16.175000000000004 12.720000000000001 2.5000000000000004 1.0000000180025095e-35 7.1300000000000008 17.650000000000002 1.0000000180025095e-35 17.935000000000006 7.4800000000000013 14.160000000000002 1.5000000000000002 10.065000000000003 7.5000000000000027 1.3 8.9950000000000028 2.5000000000000004 0.84499999999999897 4.7000000000000002 0.50000000000000011 16.195000000000004 1.5000000000000002 3.1000000000000005 5.3000000000000016 9.9800000000000022
decision_type=2 2 2 2 2 2 2 2 2 2 2 2 2 2 2 2 2 2 2 2 2 2 2 2 2 2 2 2 2 2 2 2 2 2 2 2 2 2 2 2 2 2 2 2
left_child=4 3 11 -2 -1 -6 7 8 10 -10 -7 -3 13 -13 15 -14 17 34 19 20 -19 -9 23 24 -23 26 -24 32 29 -28 41 -32 33 -25 -16 37 -37 38 -34 -40 -39 -30 -38 -20
right_child=1 2 -4 -5 5 6 -8 21 9 -11 -12 12 14 -15 16 -17 -18 18 43 -21 -22 22 25 27 -26 -27 28 -29 30 -31 31 -33 35 -35 -36 36 42 40 39 -41 -42 -43 -44 -45
leaf_value=0.013215862790743509 -0.009550489201432184 0.018029985427856447 -0.020927820899523795 -0.037663352967550356 -0.024751858030046738 -0.0023753370705879096 0.0077594151764753322 0.0038418381544761361 0.051148165301419794 -0.0032313547668012753 -0.023800837739060322 0.011244110098039661 -0.00016095985988310229 0.00065674168782101734 -0.0024917159845224686 -0.0087768089247956156 0.0051543826113144555 0.0094821565723395909 0.00052867637065463454 -0.0033684968513747054 -0.00049524210119021258 -0.0030114838908667919 0.0019979621745646 -8.2211925117816367e-05 -2.6894977073306622e-05 0.0022085141248839057 -0.0010071661593750692 -0.0019207041710615159 0.0011252254686717476 0.0009606955554499224 -0.0011723657057453425 0.00012151633608154952 0.0016335158895129675 -0.0018624799175848883 -0.00061728681748112043 -0.002659076332218117 0.00012035651225018205 0.00057657109120076429 0.0014428886344156613 1.2692483339332424e-06 -0.001009940889974435 -8.333411245771191e-05 -0.00053779910791130494 -0.00017981240753744726
leaf_weight=37.5 21 5.9999999999999991 24 24 10.499999999999998 33 42 11.999999999999998 24 27 24 27 24 27 36 21 21 32 108 30 28 54 50 54 46 46 26 35 42 171.5 97.5 50 44 31 21 18 483 38 41 118 39 68 101 189
leaf_count=33 21 3 18 24 6 33 18 12 15 27 15 27 24 27 36 21 21 22 108 25 28 24 30 44 36 19 26 14 21 102 39 20 24 16 21 8 228 24 24 52 24 34 64 156
internal_value=-4.04257e-11 -0.00179691 -7.36427e-05 -0.024544 0.000616331 0.000357507 0.000502768 0.000330868 0.00454355 0.022359 -0.0113966 0.000804428 0.000621177 0.00595043 5.6904e-05 -0.00418169 0.00046709 0.000245394 0.000546821 0.00209453 0.00482604 5.76129e-05 3.01412e-05 -0.000202906 -0.00163857 0.000496235 0.000340265 -5.96257e-05 0.000158101 0.000701635 -0.000258785 -0.000733762 7.73495e-06 -0.000731486 -0.00180114 7.89751e-05 -7.31709e-05 0.000406089 0.000646221 0.000373008 -0.000226987 0.000378116 6.53165e-06 7.78199e-05
internal_weight=2502 639 594 45 1863 1825.5 1815 1773 108 51 57 570 564 54 510 45 465 444 387 90 60 1665 1653 1102 100 551 505 1002 455 197.5 257.5 147.5 967 85 57 882 602 280 203 159 77 110 584 297
internal_count=1614 582 537 45 1032 999 993 975 90 42 48 519 516 54 462 45 417 396 339 75 50 885 873 582 60 291 272 522 242 128 114 59 508 60 57 448 300 148 100 76 48 55 292 264
is_linear=0
shrinkage=0.08


Tree=59
num_leaves=45
num_cat=0
split_feature=37 0 12 34 36 16 16 10 37 33 10 10 5 34 37 34 37 16 37 36 32 4 3 15 5 18 36 16 37 10 11 34 37 0 32 0 36 22 15 5 14 15 0 23
split_gain=0.396958 10.7615 0.676238 1.17845 3.7293 42.8108 13.621 4.31931 1.77128 0.592178 0.257333 0.151056 0.0504519 0.0404927 0.0437084 0.0942437 0.0821871 0.0370431 0.0199299 0.0154464 0.0200522 0.0230652 0.0162646 0.0129232 0.016718 0.0119815 0.0183993 0.011823 0.0095645 0.00748817 0.0065689 0.00790332 0.00656403 0.00575875 0.0174257 0.0100134 0.00892081 0.00826183 0.00600961 0.00471597 0.0108487 0.00788544 0.0039943 0.00711653
threshold=16.425000000000004 16.465000000000003 1.1449999809265139 1.0000000180025095e-35 2.5000000000000004 6.6350000000000016 9.0199997472763087 1.1549999713897707 7.463000000000001 0.50000000000000011 9.9550000000000018 9.8950000000000014 3.7450000000000006 6.7000000000000037 11.655000000000001 12.700000000000003 11.893461538461539 6.9000000000000012 5.0400000000000009 2.5000000000000004 1.0000000180025095e-35 17.650000000000002 17.935000000000006 2.5050000000000003 8.8100000000000023 0.3000000000000001 1.5000000000000002 6.1600000000000019 3.0500000000000003 9.6300000000000008 3.2500000000000004 38.100000000000001 8.3150000000000013 16.175000000000004 0.70000000000000007 16.245000000000001 1.5000000000000002 15.100000000000001 2.3250000000000006 12.049615384615388 7.8350000000000009 2.2950000000000004 17.860000000000003 8.7000000000000011
decision_type=2 2 2 2 2 2 2 2 2 2 2 2 2 2 2 2 2 2 2 2 2 2 2 2 2 2 2 2 2 2 2 2 2 2 2 2 2 2 2 2 2 2 2 2
left_child=2 -2 -1 4 5 -4 -6 -7 -9 -3 12 29 -5 17 19 -16 -17 -14 28 22 -21 23 33 27 -25 26 -20 -22 -19 42 -29 -32 -33 37 36 -36 -35 -15 -37 40 41 -18 43 -11
right_child=1 9 3 10 6 7 -8 8 -10 11 -12 -13 13 14 15 16 39 18 25 20 21 -23 -24 24 -26 -27 -28 30 -30 -31 31 32 -34 34 35 38 -38 -39 -40 -41 -42 -43 -44 -45
leaf_value=-0.012252750098705292 -0.059295205929316579 0.013817661888897419 0.10220641049471768 -0.0028682897151965235 -0.051109047344437351 0.0090341580804023484 0.027214034782722593 -0.011204262111956876 -0.040945916705510836 6.5125061225619895e-05 -0.0054969212012710399 0.0069429742473931548 -0.0033369311527349055 0.0011425583719693383 0.0054401896173755324 0.0042224380001425746 -0.0011444632645744161 -0.00018968374372990284 -0.0030188114717020656 0.0023077031665704622 0.00084246653649542062 0.0020318330034775579 -0.0017670478309903825 0.0026182515081018209 0.00034824655690629574 0.00045503882811991151 -0.00066938776813913142 -0.0023613993447118751 0.001744426805409603 -0.0015424228071545562 0.00021839387669772382 -0.001712712960832409 -0.00036895586480386558 -0.0018781726310650507 -0.0011125347527364891 0.00045895923693435933 -0.00035935882215548041 7.1739131864160296e-05 -9.5218960869162538e-05 -0.00084331243981917699 0.0010864674068603013 0.00024874532975865385 0.0010018606750028473 -0.0015374886266709793
leaf_weight=27 20 24 27.5 36 27 36 30 24 27.5 114 54 21 33 58 30 36 39 36 32 35.5 49.5 46 35 24 154 27 64 11.999999999999998 30 24 71 38 60 49.5 45 212 49.5 225 306 30 63 78 21 21
leaf_count=27 20 24 16 36 18 36 30 24 21 114 24 21 18 28 30 18 39 36 22 18 22 19 14 20 70 27 44 12 30 24 36 20 28 22 20 94 22 156 134 15 45 78 21 21
internal_value=-3.99488e-11 -0.00305845 0.000331998 0.00048437 0.00684574 0.0151391 -0.00988637 -0.012225 -0.0270857 0.00194037 -4.72904e-05 0.000522191 9.95559e-05 0.000153846 0.000283242 0.00120699 0.000690748 -0.000863835 -0.000432024 0.000109803 0.000476544 0.000333516 -7.35679e-05 0.000142274 0.000654315 -0.00103379 -0.00145253 -0.000253142 0.000689457 -0.0002269 -0.000552769 -0.000424346 -0.000890005 -1.08464e-05 -0.000139969 3.21462e-05 -0.00111877 0.0002912 0.000131588 8.5315e-05 0.000240086 -0.000215658 -2.45124e-05 -0.00018417
internal_weight=2502 245 2257 2230 172 115 57 87.5 51.5 225 2058 201 2004 1968 1746 276 246 222 189 1470 490 454.5 980 408.5 178 123 96 230.5 66 180 181 169 98 945 662 563 99 283 518 210 180 117 156 135
internal_count=1614 245 1369 1342 145 97 48 81 45 225 1197 201 1173 1137 960 225 195 177 159 735 245 227 490 208 90 93 66 118 66 180 96 84 48 476 292 248 44 184 228 177 162 117 156 135
is_linear=0
shrinkage=0.08


Tree=60
num_leaves=45
num_cat=0
split_feature=37 34 35 15 15 22 34 3 1 33 35 34 16 10 34 36 15 22 10 10 22 12 37 1 14 34 13 17 36 34 16 15 15 21 34 19 9 22 21 29 36 19 16 16
split_gain=0.34633 9.36744 1.2493 12.7177 8.85309 1.83171 1.23056 1.04884 2.44128 0.371169 0.348158 1.25871 7.67626 1.15156 0.75224 1.81762 1.84736 0.377692 0.304239 0.113689 0.093539 0.0887676 0.0697646 0.06864 0.0310711 0.0283275 0.0216386 0.0160847 0.0138267 0.031581 0.0305664 0.0195296 0.0137777 0.0125632 0.0358986 0.0200753 0.0122797 0.00813705 0.00776759 0.00768737 0.00761286 0.00724546 0.00675602 0.0079786
threshold=16.415000000000003 8.2000000000000046 1.0000000180025095e-35 -0.59100000000000052 1.4150000000000003 1.0000000180025095e-35 1.3000000000000005 11.965000152587892 11.965000152587892 0.50000000000000011 1.5000000000000002 4.6000000000000023 7.3100000000000014 9.9350000000000005 4.6000000000000023 2.5000000000000004 1.8492307692307708 1.0000000180025095e-35 9.9200000000000017 9.8950000000000014 1.1000000000000003 7.8650000000000011 16.465000000000003 13.56 2.1450000000000005 119.60000000000004 9.3250000000000011 1.0000000180025095e-35 1.5000000000000002 10.900000000000004 6.5600000000000014 2.2150000000000003 1.6099999999999997 1.9000000000000001 6.0000000000000044 14.600000000000001 9.9800000000000022 36.70000000000001 3.8000000000000003 0.70000000000000007 2.5000000000000004 5.9000000000000012 5.8350000000000009 6.0350000000000028
decision_type=2 2 2 2 2 2 2 2 2 2 2 2 2 2 2 2 2 2 2 2 2 2 2 2 2 2 2 2 2 2 2 2 2 2 2 2 2 2 2 2 2 2 2 2
left_child=2 -2 4 -4 -1 -6 -7 -5 -9 -3 13 12 -12 14 15 16 -10 -14 33 22 -19 23 -11 -8 -16 28 -24 -25 29 -26 31 -30 39 34 -13 37 -31 -35 40 -32 -34 -39 -36 -44
right_child=1 9 3 7 5 6 21 8 10 19 11 18 17 -15 24 -17 -18 20 -20 -21 -22 -23 26 27 25 -27 -28 -29 30 36 32 -33 38 35 42 -37 -38 41 -40 -41 -42 -43 43 -45
leaf_value=0.055268118502128698 -0.053977329023182391 0.011946648841812497 -0.088205880664643785 -0.015160441243073397 0.018030533296486181 -0.018526516243194541 0.0043637899500096125 0.051249791781107591 0.013303646553411253 0.0042223705817013976 0.050860846863852616 -0.0035097814400990809 -0.0082397555138753811 -0.015035995247049466 0.0061962569256623591 -0.02165454456609275 -0.012699371614520822 -0.00038052413315098316 0.0061144441119616944 0.0063875364015499748 0.006738417227087277 0.0055614337136614183 8.6439660575293691e-06 -0.0024109520367346705 -0.0025426439725561066 0.002433936426948224 -0.0024634687174801473 -0.00016333281522168332 0.0014128887204622681 -0.0003885742593803896 0.001502536110736566 -0.00045940957630939905 0.001516147958011263 0.00016894494917182279 0.0011082826124297249 -0.001606139803135937 0.00087180445256473677 0.0016906027068142539 0.00084077624502242542 0.00020244176656570892 0.00316138187630309 0.00025961743428921089 -0.0010711932758645465 -0.00017973769524933121
leaf_weight=21 21 21 10.499999999999998 28.5 36 24 21 5.9999999999999991 36 24 22.5 22.5 34.5 36 5.9999999999999991 35 34 27 52.5 21 21 21 141 24 32 42 27 135 44 113 44 188 36 180 22.5 33 88 54 32 86 36 39 75 448.5
leaf_count=21 21 21 6 24 36 24 21 6 30 24 9 9 30 18 6 30 30 27 21 21 21 21 141 24 19 21 27 135 22 66 26 94 23 90 9 24 44 36 24 46 23 21 30 192
internal_value=4.81211e-11 -0.00279398 0.000317073 -0.00039753 0.00529649 0.00127578 -0.00140498 7.41958e-05 0.00029963 0.0017994 0.000140411 0.00113971 0.00944124 -0.00102093 -0.000428747 -0.00676911 0.000673609 -0.00185502 0.000199404 0.000798969 0.00273401 0.000639388 0.000187719 6.51489e-05 0.000462468 0.000416041 -0.00038866 -0.000502596 0.000294794 -0.000208389 0.000546385 -0.000104319 0.00119153 -0.000155701 -0.000378163 0.000257598 0.000163233 0.000482885 0.00187785 0.000642474 0.00233876 0.00109051 -0.000249113 -0.000307453
internal_weight=2502 255 2247 1965 282 261 225 1954.5 1926 234 1920 1032 105 888 852 105 70 82.5 927 213 48 201 192 180 747 741 168 159 699 233 466 232 234 874.5 568.5 306 201 273 104 130 72 93 546 523.5
internal_count=1614 255 1359 1077 282 261 225 1071 1047 234 1041 519 87 522 504 90 60 78 432 213 48 201 192 180 414 408 168 159 387 129 258 116 142 411 240 171 110 147 70 72 46 57 231 222
is_linear=0
shrinkage=0.08


Tree=61
num_leaves=45
num_cat=0
split_feature=36 0 9 34 5 13 34 12 6 22 10 0 35 34 32 10 6 33 0 30 11 0 0 36 13 32 7 8 1 10 9 35 34 9 34 0 21 21 0 34 35 32 12 33
split_gain=0.302425 3.52402 3.20712 1.89106 16.7375 1.28233 11.5757 7.48519 0.696914 0.520115 0.319542 0.185158 0.104466 0.176976 0.160629 0.246924 0.0707057 0.0405007 0.0324281 0.0249223 0.0238985 0.0218724 0.0207399 0.0215429 0.0196314 0.018219 0.0181312 0.0157515 0.0121109 0.00930229 0.0127059 0.00805844 0.0148174 0.0126395 0.0186096 0.010179 0.0102173 0.00931135 0.00693289 0.011409 0.00569 0.0162789 0.00605161 0.00572549
threshold=2.5000000000000004 11.729999904632569 2.9450000524520878 2.6000000000000023 6.4620000000000006 8.0900000000000016 5.400000000000003 8.0000000000000018 2.935000061988831 1.0000000180025095e-35 9.9200000000000017 12.820000000000002 1.0000000180025095e-35 12.500000000000005 0.50000000000000011 9.9350000000000005 2.9450000524520878 1.0000000180025095e-35 16.575000000000003 0.50000000000000011 7.8800000000000008 12.915000000000001 13.56 1.5000000000000002 8.4200000000000017 0.70000000000000007 10.115 11.72423076923077 12.820000000000002 7.7750000000000012 10.085000000000003 1.5000000000000002 3.5000000000000004 11.410000000000002 87.000000000000014 13.265000000000002 3.3000000000000003 0.90000000000000013 14.390000000000002 16.900000000000009 1.0000000180025095e-35 0.50000000000000011 7.4400000000000004 5.5000000000000009
decision_type=2 2 2 2 2 2 2 2 2 2 2 2 2 2 2 2 2 2 2 2 2 2 2 2 2 2 2 2 2 2 2 2 2 2 2 2 2 2 2 2 2 2 2 2
left_child=1 -1 -3 4 8 7 -7 16 -2 -10 11 -5 13 -8 -14 24 -4 -13 -15 25 21 -18 23 -23 -16 -19 -22 -20 -21 40 -31 33 -33 34 38 -34 37 -37 -30 -40 41 -24 -43 -42
right_child=3 2 5 10 -6 6 12 -9 9 -11 -12 17 14 18 15 -17 20 19 27 28 26 22 29 -25 -26 -27 -28 -29 31 30 -32 32 35 -35 -36 36 -38 -39 39 -41 43 42 -44 -45
leaf_value=0.029289001706573697 0.018993590582339539 -0.022516654719932912 0.0039131168151895204 -0.013489998777707417 -0.073002021312713619 0.044847738231405802 0.0079326494224369534 -0.040848016876853625 0.011333630787474768 -0.0050818827984233693 -0.0069822759326402242 0.0030321079601223272 -0.003060351994526745 0.0029725954144572222 0.0015736458762721332 0.006430323816008038 -0.0022929855013887088 0.003182105258551996 -0.0020934305289993065 -0.0047982267538706465 0.0023636053591458636 0.0032138479027586683 -0.0022482342539089069 -0.00017577433725818992 -7.3915474126862797e-05 0.00083130230604295142 6.6971914758059116e-05 0.00080498290744920572 -0.001067893618310336 -0.0015776005961621801 0.00017745721318285424 -0.006176583290100097 0.0080688363313674936 -0.0006331169589733084 0.0026542854706446328 3.1043173635329822e-05 0.00089396222668179008 -0.0012665006111270375 0.0026481140229631874 0.00049221773623153654 0.0003096327530741548 0.00025295803103030529 -0.0010707053761774053 -0.00025322175481129418
leaf_weight=27 21 39 30 5.9999999999999991 22 40.5 32 29.5 21 30 38.5 42 81 30 54 45 30 33.5 20 2.9999999999999991 44 24 28 24 324 57 44 30 15.999999999999998 66 44 2.4999999999999991 0.999999999999999 48 30 131 59 48.5 17 207 259 84 30 209
leaf_count=24 21 36 30 6 13 22 32 16 21 30 21 27 36 30 24 20 30 21 20 3 24 24 28 24 144 36 24 30 16 36 24 1 1 32 20 56 32 23 12 146 172 84 30 112
internal_value=3.85373e-12 0.000621928 0.000150258 -0.00124386 -0.0119322 0.000702074 0.00341834 -0.00118394 0.00672799 0.00167745 0.000113856 0.000503308 0.000694493 0.0029045 0.000203382 0.000828352 9.34475e-05 0.000624027 0.000893234 0.000469261 -3.58867e-05 -0.000173861 -9.10826e-05 0.00151904 0.00016145 0.00170149 0.00121529 -0.000354382 0.000271186 -0.000198424 -0.000875577 0.000298343 -4.9535e-05 0.000563081 0.000775738 1.44216e-05 -1.93495e-05 -0.000319547 0.00054092 0.000655835 -7.63143e-05 -0.000519882 -9.53744e-05 5.82725e-05
internal_weight=2502 1668 1641 834 94 1602 656.5 945.5 72 51 740 701.5 616 112 504 423 916 695.5 80 653.5 886 798 768 48 378 90.5 88 50 563 720 110 560 242 318 270 239.5 238.5 179.5 240 224 610 142 114 468
internal_count=1614 1076 1052 538 85 1016 358 658 72 51 453 432 336 112 224 188 642 426 80 399 612 564 534 48 168 57 48 50 342 486 60 339 113 226 194 112 111 79 174 158 426 142 114 284
is_linear=0
shrinkage=0.08


Tree=62
num_leaves=45
num_cat=0
split_feature=10 11 34 1 9 10 33 5 34 15 5 34 30 12 24 34 16 26 0 0 0 0 0 16 34 18 32 30 34 0 18 15 0 11 18 29 32 13 30 32 16 31 20 20
split_gain=0.223131 6.51665 0.790898 0.473152 0.381732 0.276207 0.145323 0.128331 0.111315 0.217558 0.110902 0.0482608 0.0371933 0.024137 0.0305078 0.0150542 0.0123423 0.00722929 0.00650908 0.0138083 0.0127469 0.00746563 0.0122425 0.00638699 0.00600995 0.0072929 0.00592909 0.00586269 0.00549187 0.00743098 0.00461281 0.00402987 0.00374444 0.00356284 0.00355942 0.00311281 0.00263597 0.00192484 0.00192132 0.00159302 0.00205869 0.00244964 0.00150686 0.00147771
threshold=7.9050000000000011 7.9050000000000011 4.6000000000000023 11.965000152587892 2.9550000429153447 1.1549999713897707 0.3000000000000001 6.4620000000000006 11.200000000000005 1.6600000000000001 2.9450000524520878 12.000000000000004 0.50000000000000011 8.5500000000000025 6.2000000000000011 8.2000000000000046 6.0850000000000017 11.900000000000002 11.984999656677248 13.005000000000003 13.095000000000002 13.180000000000001 13.265000000000002 6.1050000000000013 1.3000000000000005 1.9000000000000001 2.3000000000000003 3.5000000000000004 34.600000000000009 15.475000000000001 11.800000000000002 2.6600000000000006 14.570000000000002 8.3150000000000013 6.4000000000000012 18.200000000000003 1.0000000000000002 7.3250000000000011 6.7000000000000002 15.100000000000001 8.9950000000000028 0.70000000000000007 1.1000000000000003 5.3000000000000016
decision_type=2 2 2 2 2 2 2 2 2 2 2 2 2 2 2 2 2 2 2 2 2 2 2 2 2 2 2 2 2 2 2 2 2 2 2 2 2 2 2 2 2 2 2 2
left_child=1 3 -2 7 5 -5 11 -1 9 15 -6 -4 -10 14 33 -8 -12 26 -18 -20 -21 -22 -23 -24 -25 31 -15 28 34 -30 32 39 -29 -14 -27 38 -36 -33 -28 40 41 -26 -34 -43
right_child=2 -3 6 4 10 -7 8 -9 12 -11 16 -13 13 17 -16 -17 18 -19 19 20 21 22 23 24 25 27 35 30 29 -31 -32 37 42 -35 36 -37 -38 -39 -40 -41 -42 43 -44 -45
leaf_value=0.003569062211447292 0.011545893023995793 -0.037875637983335028 0.0040890669239346282 -0.0019968285494380528 0.0052286904056866972 -0.012231776048946713 0.001088866148181636 0.011368963011988887 0.0023098659696000994 -0.0062331684340130198 -0.0014814407962628388 0.00092937602388738381 -4.5665495591520361e-05 0.00073604848258423093 0.0022235382705306016 -0.0006758541983524055 0.0015969051586257089 -0.00069019857043343957 -0.0017240791588469786 0.0031053074449300766 -0.0022123184220658411 0.0030396764311525562 0.0016391790748545617 0.0010695925797335804 -0.0011709399752575776 0.00071950873927701081 -0.00044981252583745643 0.0010230532605890875 0.0017779211015884011 0.00029833030638595423 -0.00064076574007049204 0.00060804991640817422 0.00038542044114420247 0.000742927050045127 -0.0006574305604495433 0.00038703413714062088 0.00024798570620809113 -9.2537267923806647e-05 3.0467981025092787e-05 -0.00010095942071215673 -8.7334201110664893e-05 -0.00025504355033238729 -4.1712825467175127e-05 -0.00084772670907633642
leaf_weight=27 42.5 29.5 82.5 45 27 27 49.5 27 66 49.5 33 49.5 82.5 82.5 82.5 82.5 18 82.5 27 8.9999999999999982 8.9999999999999982 8.9999999999999982 16.5 36 43.5 52.5 99 27 42 45 60 40.5 66 66 34.5 82.5 51 66 115.5 82.5 54 75 265.5 42
leaf_count=27 23 16 45 45 27 27 27 18 36 27 18 27 45 45 45 45 18 45 27 9 9 9 9 36 36 45 54 27 36 27 45 27 36 36 27 45 36 36 63 45 54 45 162 27
internal_value=1.63426e-11 -0.000677369 0.000842611 0.000130991 -0.000173001 -0.00583493 0.000418471 0.00746901 6.95996e-05 -0.0017102 0.000158026 0.00290418 0.000495203 0.000322378 0.000990077 -1.40841e-05 4.43622e-05 -1.14707e-05 8.73425e-05 6.37863e-05 0.000106638 8.24876e-05 0.000101119 7.70656e-05 5.32661e-05 1.83208e-05 0.000136079 0.000185512 0.000514834 0.00101262 8.45756e-06 -0.000248316 0.000117114 0.00030482 0.000201015 -3.05794e-05 -0.000117358 0.000173883 -0.0001912 -0.00039971 -0.000514614 -0.000658372 4.33273e-05 -0.000467802
internal_weight=2502 1387 1115 1357.5 1303.5 72 1072.5 54 940.5 181.5 1231.5 132 759 693 231 132 1204.5 462 1171.5 1153.5 1126.5 1117.5 1108.5 1099.5 1083 1047 379.5 643.5 225 87 418.5 403.5 358.5 148.5 138 297 85.5 106.5 214.5 297 214.5 160.5 331.5 117
internal_count=1614 1006 608 990 945 72 585 45 513 99 873 72 414 378 126 72 846 252 828 810 783 774 765 756 747 711 207 441 171 63 270 270 225 81 108 162 63 63 117 207 162 108 198 72
is_linear=0
shrinkage=0.08


Tree=63
num_leaves=45
num_cat=0
split_feature=37 32 1 22 0 0 37 6 0 10 16 37 14 30 2 22 36 37 31 12 14 37 0 29 32 4 37 16 12 12 16 14 37 22 10 29 16 37 32 30 11 10 36 14
split_gain=0.350416 1.40367 9.70015 2.20007 1.25755 0.72104 0.576762 0.546532 0.343798 0.341552 0.312843 0.247109 3.15925 0.505735 0.606452 0.270664 0.226264 1.52301 0.672584 0.188523 0.15895 0.143563 0.124621 0.0712131 0.0465338 0.023625 0.0144712 0.0180713 0.0133224 0.0127456 0.012537 0.0182513 0.00981381 0.00935833 0.00924524 0.00848678 0.0130939 0.00777823 0.00691937 0.00623836 0.00583705 0.0225806 0.0067876 0.0179256
threshold=11.655000000000001 0.50000000000000011 16.415000000000003 1.0000000180025095e-35 13.710000000000003 11.954999923706056 6.4620000000000006 2.9150000810623173 14.675500000000001 9.9550000000000018 9.1050000000000022 8.3150000000000013 8.1850000000000023 1.0000000180025095e-35 16.440000000000001 1.0000000180025095e-35 2.5000000000000004 2.9600000238418587 1.0000000180025095e-35 9.8950000000000014 9.5600000000000005 2.9150000429153446 12.820000000000002 27.500000000000004 1.0000000000000002 16.140000000000004 9.9350000000000005 6.1050000000000013 7.8950000000000005 7.7950000000000008 7.0000000000000018 9.3000000000000025 7.2450000000000001 65.700000000000017 7.5750000000000002 2.3000000000000003 6.5150000000000006 16.175000000000004 0.50000000000000011 2.5000000000000004 8.6700000000000017 8.1900000000000031 1.5000000000000002 7.5750000000000002
decision_type=2 2 2 2 2 2 2 2 2 2 2 2 2 2 2 2 2 2 2 2 2 2 2 2 2 2 2 2 2 2 2 2 2 2 2 2 2 2 2 2 2 2 2 2
left_child=5 2 3 -2 -5 6 -1 -7 -6 11 19 12 15 14 -13 21 18 -18 -17 20 23 -9 -20 24 -3 32 30 -28 29 38 31 -15 33 -19 -29 36 37 -26 -24 -33 41 42 -37 -44
right_child=1 10 -4 4 8 7 -8 9 -10 -11 -12 13 -14 26 -16 16 17 25 22 -21 -22 -23 28 -25 35 -27 27 34 -30 -31 -32 39 -34 -35 -36 40 -38 -39 -40 -41 -42 -43 43 -45
leaf_value=0.0017645303936054311 0.023020711482085031 0.0033505453152530306 -0.042048244621604683 -0.019538272044488363 -0.0015588352902594842 -0.014190870053840406 0.019593159887525771 -0.0096104036437140578 0.011535145060292311 0.0075651494165261592 -0.0091492316237695159 -0.01327080268767618 0.02027415307717664 -5.4261261082471297e-05 -0.00097368391117814816 -0.010279064681159245 0.024138613956931392 0.0013059311570026554 0.010229862062260509 -0.0060794250542918838 0.0075320380056897798 -0.0013605834212568073 0.0011080263704494682 0.0053830325743183492 0.001051705151848081 -0.0004443978065330731 0.0017578531959192539 0.0010607957354470811 0.0015350439548492431 -0.001350482794980053 0.00066641965347125824 -0.00070678451031014539 0.0025170982906879001 -0.00061947027871081994 -0.00017974849807775198 -0.00085669613650275604 0.0021078018104144108 -0.00069247103358308472 1.9835454439387402e-05 -0.0018943924297733852 -0.00039031182199415537 0.0023719833629826706 -0.00037297778420906978 0.0021180115778070803
leaf_weight=24 29 36 40 21 33 16.5 22.5 27 21 42 21 42 52.5 388.5 66 42 19 65 7.9999999999999991 24 24 27 43 21 36 95 61.5 54 40 40 99 69 29.5 21.5 133.5 45 39 30 287 48 99 30 64 26
leaf_count=24 29 33 37 21 33 12 18 27 21 18 21 21 21 174 30 36 19 56 8 21 21 27 40 18 24 38 30 27 16 16 45 30 14 20 66 45 39 30 178 21 72 27 64 26
internal_value=-2.78736e-11 -0.00161657 -0.00856831 0.00430859 -0.00292676 0.000554475 0.0103913 0.000302666 0.00353327 0.000435523 0.000405755 0.000265191 0.00130728 -0.000598072 -0.0057559 -3.11034e-05 0.000395762 0.00244451 -0.000628612 0.000829077 0.00119753 -0.00548549 0.000341051 0.000840657 0.000605126 0.000491012 5.45877e-05 0.000567849 0.000148098 -1.84163e-06 -0.00015683 -0.00031806 0.00125708 0.000827363 0.000177528 0.000337281 0.000945634 0.000258898 0.00016163 -0.00119401 9.53221e-05 0.000386702 -5.44711e-05 0.000346641
internal_weight=2502 639 144 104 75 1863 46.5 1816.5 54 1800 495 1758 796.5 961.5 108 744 690 230 460 474 450 54 418 426 405 211 853.5 249 410 370 604.5 505.5 116 86.5 187.5 369 105 66 330 117 264 165 135 90
internal_count=1614 582 141 104 75 1032 42 990 54 978 441 960 516 444 51 495 441 147 294 420 399 54 258 378 360 128 393 123 250 234 270 225 90 76 93 327 93 54 218 51 234 162 135 90
is_linear=0
shrinkage=0.08


Tree=64
num_leaves=45
num_cat=0
split_feature=36 0 2 34 5 15 34 0 29 15 9 1 0 0 15 35 32 16 35 34 16 22 36 0 32 12 14 30 30 16 0 16 20 16 16 30 35 32 5 22 35 32 14 16
split_gain=0.272904 2.68589 2.54525 1.65489 14.0067 1.2616 6.70059 13.0463 4.37422 0.859709 0.224448 0.168247 0.147233 0.144256 0.113404 0.0698929 0.22289 0.103303 0.0583612 0.0803752 0.0648834 0.0462357 0.0456566 0.0334495 0.0198178 0.0181763 0.0362666 0.0204115 0.0162934 0.0143311 0.016953 0.010891 0.0103838 0.0121665 0.0113614 0.0076231 0.00722043 0.00655195 0.00722793 0.00564126 0.0049973 0.0124034 0.00527057 0.00494546
threshold=2.5000000000000004 11.729999904632569 11.97499990463257 2.6000000000000023 6.4620000000000006 1.8492307692307708 2.6000000000000023 11.984999656677248 1.0000000180025095e-35 1.7861538866850044 11.911538461538465 13.775000000000002 17.630000000000006 12.820000000000002 1.6600000000000001 1.0000000180025095e-35 0.70000000000000007 7.1000000000000005 1.5000000000000002 13.100000000000001 7.3600000000000021 17.800000000000008 1.5000000000000002 14.240000000000002 1.5000000000000002 7.8650000000000011 7.8950000000000005 6.1000000000000005 17.600000000000005 6.6500000000000012 14.455000000000002 6.1150000000000011 4.2000000000000011 6.0057692307692303 6.0950000000000015 0.50000000000000011 1.5000000000000002 3.1000000000000005 9.5700000000000021 10.600000000000003 1.0000000180025095e-35 0.50000000000000011 7.6250000000000009 6.8850000000000025
decision_type=2 2 2 2 2 2 2 2 2 2 2 2 2 2 2 2 2 2 2 2 2 2 2 2 2 2 2 2 2 2 2 2 2 2 2 2 2 2 2 2 2 2 2 2
left_child=1 -1 -3 4 9 6 7 -4 -7 -2 13 -11 14 -5 15 16 -8 -18 19 20 -15 24 -23 -20 35 31 27 -27 36 39 -31 -10 33 -21 -35 -17 -28 -34 -39 -25 41 -33 -43 -36
right_child=3 2 5 10 -6 8 12 -9 25 11 -12 -13 -14 18 -16 21 17 -19 23 32 -22 22 -24 29 -26 26 28 -29 -30 30 -32 40 37 34 43 -37 -38 38 -40 -41 -42 42 -44 -45
leaf_value=0.025617763532532589 0.017175544489313056 -0.021814103144587895 0.0004532409991536822 -0.011866798400878906 -0.067046529596502133 -0.024751089459505719 0.0087270343869637994 0.073910870977810447 -0.0018900903483683412 -0.0061107966587657025 -0.0048284306238320744 0.0036943644556837779 0.0056749920501853483 0.0050039276138081077 -0.0043029568207395433 -0.0019874520603981281 0.0027778428249681992 -0.003701124813939844 -0.0043974237268169722 -0.00094051093395267212 0.00048818461713381114 0.0052437020465731623 -0.00016187088249716908 -2.0309863191458488e-05 0.00014891498155139116 0.000841182083230127 6.3478429801762111e-05 0.0031529128619215709 0.00098868551821290683 0.0031358195468783379 -0.00091077319136069674 -0.0022439195933243771 -0.0012499076277017592 0.0028440312686420621 0.00061532917936050959 -0.00066012996320043594 -0.0010366495806457742 0.001388209927017274 -0.00049678598685810958 0.0009649870512108286 4.0897655262541911e-05 5.9528378881805111e-05 -0.0013631093176081778 0.0015525462351739406
leaf_weight=27 27 33 42 5.9999999999999991 22 47.5 26 24.5 22 21 55 24 33 56 34 45 36 28 11.999999999999998 21 32 20 20 77.5 193 55 84 44 77 6.9999999999999991 124 22 25 21 129 72 70 23 30 71.5 493 100 20 50
leaf_count=24 27 30 42 6 13 34 26 16 12 21 30 24 18 38 24 20 36 28 12 14 30 20 20 31 88 30 56 24 42 7 58 22 18 14 86 32 28 20 20 31 284 100 20 38
internal_value=3.51664e-11 0.000590794 0.000179015 -0.00118159 -0.0111803 0.000630367 0.00363995 0.0275166 -0.00103807 0.00588997 8.85162e-05 -0.000881377 0.000508206 0.000483308 0.000148493 0.000492469 0.00248082 -5.67055e-05 0.00059244 0.00123669 0.00336184 -1.88214e-05 0.00254092 -0.00026141 -0.00034911 0.000103134 0.000587541 0.00186862 3.85087e-05 -8.41521e-05 -0.000694543 -0.000140175 0.000611225 0.000891306 0.00108365 -0.00117064 -0.00043658 -0.000182339 0.000321231 0.0004525 -7.95481e-05 -0.000497715 -0.000177578 0.000877122
internal_weight=2502 1668 1641 834 94 1608 573.5 66.5 1034.5 72 740 45 507 685 474 440 90 64 679 387 88 350 40 292 310 987 330 99 231 280 131 657 299 221 200 117 154 78 53 149 635 142 120 179
internal_count=1614 1076 1052 538 85 1022 370 58 652 72 453 45 312 423 294 270 90 64 417 278 68 180 40 139 140 618 180 54 126 127 65 438 210 152 138 52 84 58 40 62 426 142 120 124
is_linear=0
shrinkage=0.08


Tree=65
num_leaves=45
num_cat=0
split_feature=37 33 0 5 37 13 2 36 8 31 33 37 0 4 16 4 36 31 32 1 37 32 29 4 4 9 37 16 11 12 16 16 22 37 33 5 5 9 37 32 30 0 24 33
split_gain=0.30269 1.60706 6.59577 1.65292 1.39974 0.70616 0.509621 1.5705 1.80723 0.478149 0.258159 2.02888 3.31161 0.233997 0.220551 0.101303 0.0811405 0.761439 0.265431 0.899906 0.0331993 0.0382695 0.0195844 0.0151294 0.0143675 0.01788 0.0142605 0.0125828 0.0087969 0.0108399 0.0089339 0.0126719 0.00859511 0.0187808 0.00788246 0.0140931 0.00670556 0.00654016 0.00622615 0.0100801 0.00695172 0.00586802 0.00536682 0.00511442
threshold=11.655000000000001 1.0000000180025095e-35 16.155000000000005 2.935000061988831 11.784230769230772 1.1549999713897707 12.224999885559084 1.5000000000000002 2.9450000524520878 1.0000000180025095e-35 1.0000000180025095e-35 8.9450000000000021 16.155000000000005 17.955000000000002 9.1650000000000009 17.955000000000002 2.5000000000000004 1.0000000180025095e-35 1.0000000180025095e-35 16.415000000000003 3.7450000000000006 1.9000000000000001 0.50000000000000011 17.630000000000006 17.475000000000005 11.703076923076924 4.3200000000000012 7.3600000000000021 9.5600000000000005 9.2200000000000006 6.6850000000000014 6.5950000000000015 45.400000000000013 2.2750000000000004 1.5000000000000002 10.025 10.045000000000002 9.9350000000000005 7.9350000000000014 2.5000000000000004 1.3 11.729999904632569 5.8000000000000007 0.70000000000000007
decision_type=2 2 2 2 2 2 2 2 2 2 2 2 2 2 2 2 2 2 2 2 2 2 2 2 2 2 2 2 2 2 2 2 2 2 2 2 2 2 2 2 2 2 2 2
left_child=5 2 3 -2 -3 41 7 -7 -9 -6 11 12 26 16 15 22 18 -18 19 -12 21 -20 27 32 34 -26 -8 -11 29 30 31 -24 33 -19 35 -22 37 -35 39 -36 -40 -1 -42 -32
right_child=1 4 -4 -5 9 6 10 8 -10 14 13 -13 -14 -15 -16 -17 17 23 20 -21 24 -23 28 -25 25 -27 -28 -29 -30 -31 43 -33 -34 36 38 -37 -38 -39 40 -41 42 -43 -44 -45
leaf_value=0.01117828005221155 -0.016314994125139145 -0.018862339456876119 -0.049428382841023535 0.011523735251946329 0.0099262176346299903 0.010085949094272127 -0.0012066999210843018 -0.029587394189834595 0.00053744811564683916 0.0027983994769553346 0.012975174199010051 -0.004991517721269375 0.037042381456494335 0.005940184214048916 -0.007771127578758058 0.0046863779342836802 -0.011122951714927892 -0.0078667521476745612 7.799927037782394e-05 -0.003208960067894724 0.00022680920859025132 0.0046115570680492299 0.00017695022936865427 0.0015018095527634476 -0.0020061257869626085 -7.0591723169421863e-05 0.0017415412190547657 0.00024515260099655108 -0.0011696626370151838 0.0017366806679853686 -0.0015257485385518522 0.0022484266278999195 0.00083380656435994244 -0.00011535021874559238 -0.0013428935834339686 0.0020200306301315627 0.00034760025059393443 -0.0011319658211949798 0.00096243864732969086 -5.8040526632817921e-05 -0.00010527386497240514 0.0093799666812022526 0.00081828799176340296 -0.00022006668715524331
leaf_weight=22.5 21 24 22 39 35 25.5 21 25 26 30 43 78 25 45 21 36 41.5 1.9999999999999989 26 45 127 22 189 49.5 48 84 21 21 33 27 24 21 70 162 49 36 136 54 64 193 250 24 48 96
leaf_count=18 21 12 22 39 35 24 21 22 26 30 28 36 10 18 21 27 23 2 26 20 76 22 165 21 20 36 21 21 27 21 24 21 50 90 28 16 60 24 30 100 118 24 22 96
internal_value=8.86911e-12 -0.00150245 -0.0119587 0.00178018 3.68856e-05 0.000515335 0.000266137 -0.00612444 -0.0142296 0.000887883 0.000547102 0.00377898 0.0139894 0.000253294 0.000252658 0.000605907 8.81911e-05 -0.000732367 0.000496488 0.0046992 0.000105952 0.00215588 0.000272807 0.000178317 -3.4995e-06 -0.000774422 0.000267421 0.00174706 8.00197e-05 0.000195537 6.9443e-05 0.000384098 2.38059e-05 -0.000136364 0.000129176 0.000622858 -9.24411e-05 -0.000369504 -4.05327e-06 -0.000318197 0.000205954 0.0102501 4.34878e-05 -0.000481203
internal_weight=2502 639 82 60 557 1863 1816.5 76.5 51 533 1740 145 67 1595 498 477 1550 515 1035 88 947 48 441 473.5 899 132 42 51 390 357 330 210 424 354 767 163 352 216 604 242 362 46.5 298 120
internal_count=1614 582 82 60 500 1032 990 72 48 488 918 88 52 830 453 432 812 270 542 48 494 48 405 247 446 56 42 51 354 327 306 186 226 176 390 92 174 114 298 128 170 42 140 120
is_linear=0
shrinkage=0.08


Tree=66
num_leaves=45
num_cat=0
split_feature=37 34 8 37 13 35 14 15 37 36 1 34 15 10 16 33 0 34 0 15 0 36 16 9 32 35 32 16 21 35 16 15 36 34 15 0 17 23 37 28 36 37 25 32
split_gain=0.256197 3.37738 1.48065 1.20665 0.597694 2.67419 0.494416 0.516719 0.455698 2.30734 1.8406 0.493091 1.71571 0.282347 0.157699 0.0614281 0.0407783 0.0665869 0.0901788 0.0198442 0.0382578 0.0188092 0.0354048 0.0217326 0.0228878 0.0152365 0.0126633 0.0129508 0.0185439 0.0232815 0.01281 0.0113597 0.0110665 0.00996334 0.00863535 0.00904793 0.00840786 0.00774418 0.00727108 0.00988976 0.0138659 0.012829 0.00771332 0.00715638
threshold=11.655000000000001 1.0000000180025095e-35 2.9450000524520878 11.784230769230772 1.1549999713897707 1.5000000000000002 9.5600000000000005 0.29999999999999899 2.8300000000000005 1.5000000000000002 12.279999885559084 1.0000000180025095e-35 1.8150000357627867 9.9550000000000018 9.2000000000000011 1.0000000180025095e-35 14.005000000000001 5.400000000000003 16.375000000000004 1.7000000000000002 16.465000000000003 1.5000000000000002 6.0550000000000024 9.9800000000000022 1.3 1.5000000000000002 1.0000000180025095e-35 6.0057692307692303 1.9000000000000001 1.5000000000000002 7.0000000000000018 2.2950000000000004 1.5000000000000002 67.500000000000014 2.4650000000000012 15.4 1.9000000000000001 1.6000000000000003 17.775000000000002 58.300000000000004 1.5000000000000002 16.185000000000006 10.400000000000002 0.70000000000000007
decision_type=2 2 2 2 2 2 2 2 2 2 2 2 2 2 2 2 2 2 2 2 2 2 2 2 2 2 2 2 2 2 2 2 2 2 2 2 2 2 2 2 2 2 2 2
left_child=4 2 -2 -3 5 -1 14 -8 9 -6 -11 12 -10 16 15 -5 32 18 25 20 -17 22 -19 24 -24 -18 -23 -28 29 30 33 -30 -13 -29 -33 -36 38 -25 39 40 41 -21 -40 -38
right_child=1 3 -4 6 8 -7 7 -9 11 10 -12 13 -14 -15 -16 19 17 21 -20 36 -22 26 23 37 -26 -27 27 28 31 -31 -32 34 -34 -35 35 -37 43 -39 42 -41 -42 -43 -44 -45
leaf_value=0.028005817315230767 -0.0069997128134682068 -0.017353351910909018 -0.036087311096489431 0.0039707729568084086 0.014261022470891477 -0.010383981532520719 0.0015310799353050464 0.016958450339734556 -0.0026730003330733749 -0.034654725760221487 -0.0028789118291544062 0.0033171674267699321 0.022496251506464823 0.0066965222775581335 -0.0066161420373689562 0.0036221759157876172 0.00081838277789453675 -0.0023492884149356763 -0.0060181012087398098 0.00075878571464934143 -0.0003251489353450862 0.001395128517751656 -0.0017781778329106815 0.0012862895886387882 -9.6160674358778197e-05 -0.0017007722120199883 0.0014744469411671164 0.00048742006808879525 0.001481458332389593 -0.00059487492244466895 0.001579897998688886 -0.00080469173166368684 0.0012132142416764206 -0.00095905901864171031 0.0015208289795555175 0.00028466792517186458 -0.0017284336678373316 0.0001540626431564371 -0.0014844898438012158 -0.00059675848288905054 0.0012896623241873126 -0.001702483640173855 0.0005597867852165586 -0.00021191511655417391
leaf_weight=24 21 24 24 30 24 22.5 33 24 45.5 20 28 24 28 42 21 30 30 49 27 33 33 63 68 72 217 31.5 50 128 75 308 52 35 48 40 48 180 24 83.5 27 42 112 23 21 117
leaf_count=24 21 12 24 30 24 18 33 24 35 20 28 24 16 18 21 30 27 20 12 25 33 28 36 32 112 27 20 64 40 128 30 20 48 20 40 84 24 37 27 21 96 23 21 117
internal_value=1.59245e-11 -0.00138226 -0.0225131 0.000218563 0.000474108 0.00943011 0.000958433 0.00802681 0.000244846 -0.00599222 -0.0161188 0.000502266 0.00691529 0.000220185 0.000173058 0.00046284 5.32075e-05 -3.28653e-05 -0.00216397 0.000235053 0.00155453 9.55671e-05 -0.000309338 -8.24197e-05 -0.000497484 -0.000471916 0.00029802 0.000222563 0.000150284 -0.000145908 0.000482646 0.000612974 0.00191453 0.00014302 0.000365307 0.000544912 2.67142e-05 0.000678309 0.000298199 0.000501243 0.000775744 -0.000252093 -0.000590119 -0.000470046
internal_weight=2502 639 45 594 1863 46.5 570 57 1816.5 72 48 1744.5 73.5 1671 513 492 1629 1557 88.5 462 63 1468.5 489.5 440.5 285 61.5 979 916 866 528 220 338 72 168 263 228 399 155.5 258 210 168 56 48 141
internal_count=1614 582 45 537 1032 42 525 57 990 72 48 918 51 867 468 447 849 777 66 417 63 711 237 217 148 54 474 446 426 242 114 184 72 84 144 124 354 69 213 165 144 48 48 141
is_linear=0
shrinkage=0.08


Tree=67
num_leaves=45
num_cat=0
split_feature=37 3 35 16 16 22 5 3 5 32 2 3 35 34 16 32 2 16 36 34 36 22 27 34 34 3 21 3 36 8 13 33 21 29 25 34 17 34 30 34 17 36 16 30
split_gain=0.259947 9.355 1.06339 11.4619 8.1732 1.03324 2.02446 0.773736 2.02706 0.561704 0.496004 0.313025 0.241888 1.02113 5.61478 0.880239 1.30284 2.97999 0.687421 0.679192 0.427945 1.01236 0.18374 0.0494688 0.0341371 0.0381345 0.0385008 0.0292803 0.180746 0.152067 0.0477291 0.0235544 0.0155244 0.0147161 0.0139956 0.0118879 0.0114492 0.011207 0.00890337 0.00872254 0.00858875 0.00895828 0.00755375 0.00753966
threshold=16.425000000000004 16.465000000000003 1.0000000180025095e-35 1.0000000180025095e-35 6.1050000000000013 1.0000000180025095e-35 3.6400000000000001 11.965000152587892 2.9050000905990605 0.70000000000000007 13.265000000000002 11.984999656677248 1.5000000000000002 4.6000000000000023 7.3100000000000014 0.70000000000000007 16.415000000000003 6.8350000000000017 1.5000000000000002 1.0000000180025095e-35 1.5000000000000002 0.50000000000000011 11.900000000000002 13.900000000000004 21.500000000000007 16.440000000000001 0.3000000000000001 17.545000000000005 2.5000000000000004 11.893461538461539 2.1850000000000005 1.0000000180025095e-35 1.9000000000000001 3.7000000000000006 4.4000000000000012 12.000000000000004 14.600000000000001 44.500000000000007 2.1000000000000005 63.300000000000004 2.1000000000000005 1.5000000000000002 6.0226923076923082 0.70000000000000007
decision_type=2 2 2 2 2 2 2 2 2 2 2 2 2 2 2 2 2 2 2 2 2 2 2 2 2 2 2 2 2 2 2 2 2 2 2 2 2 2 2 2 2 2 2 2
left_child=2 -2 4 -4 -1 11 -7 -5 -9 -3 -8 -6 15 14 -14 16 18 -18 -10 -20 -16 -22 24 -11 25 26 -15 30 29 -29 -17 -12 42 38 37 -27 39 -35 -34 -32 41 -33 -26 -21
right_child=1 9 3 7 5 6 10 8 12 23 31 -13 13 22 20 27 17 -19 19 43 21 -23 -24 -25 32 35 -28 28 -30 -31 36 40 33 34 -36 -37 -38 -39 -40 -41 -42 -43 -44 -45
leaf_value=0.049498917589080524 -0.054908030903898182 0.011344395704153512 -0.083761150723411934 -0.013037915125227811 0.019116961658000947 -0.025055011354741596 0.012676036606232326 0.046667645772298177 0.0081639967426996342 0.0041019764702234949 -0.0028259421352829252 0.005461929819800637 0.043829726272159156 -0.0048414595111420282 -0.0094037330755117263 0.0074441987245033184 -0.02823104110856851 0.00018159084811082319 -0.01493586052209139 0.0012691401742289171 -0.0053857297482235089 0.017176867119967937 0.0043630524603649971 -1.6364343713835948e-05 0.00064987266782139022 0.00026402624582664831 -0.0011294200480915606 0.0074174767883960161 -0.0025800324586175739 0.00060208380518650471 0.00033391276394296207 -0.00060124448128044607 0.00038868763242606765 0.00017596069745945208 0.001425322056313356 -0.0011897307682471971 0.0017113769726093972 -0.0014919899339477221 0.0019162618150798286 -0.00052581239411587358 -0.00042506750611655839 0.0014723937548696995 -0.00038357010970949633 -0.0005035928344087942
leaf_weight=24 20 36 10.499999999999998 28.5 21 21 21 5.9999999999999991 44 21 21 22 22.5 28.5 27.5 5.9999999999999991 42 54 26 34 35 20 60 168 52.5 90 48 40 42 44 402 20 40.5 82.5 37.5 60 33 37.5 61.5 93 102 40 328.5 28
leaf_count=24 20 36 6 24 21 21 21 6 36 21 21 22 9 15 26 6 21 27 24 28 32 20 24 168 21 36 39 20 21 22 219 20 18 42 15 24 27 24 39 51 102 40 135 20
internal_value=-6.06819e-11 -0.00247498 0.000268662 -0.00040073 0.0047733 0.00076802 -0.00140351 4.71009e-05 0.000240726 0.00218574 0.00103121 0.0121307 9.56424e-05 0.000928581 0.00840574 -0.000872367 -0.00515774 -0.0122489 -5.02654e-07 -0.00408275 -0.00125534 0.00281885 8.16528e-05 0.000441229 -0.000214638 -0.00105879 -0.00251234 0.000608034 0.001705 0.00384751 0.0003492 -0.000305086 8.38785e-05 0.000561112 7.62966e-05 -0.000317477 0.000268575 -0.000345274 0.00130973 0.000172389 2.16912e-05 0.000781181 -0.000241167 0.000468551
internal_weight=2502 245 2257 1965 292 268 225 1954.5 1926 225 204 43 1920 1032 105 888 228 96 132 88 82.5 55 927 189 867 226.5 76.5 660 126 84 534 183 640.5 259.5 157.5 150 528 120 102 495 162 60 381 62
internal_count=1614 245 1369 1077 292 268 225 1071 1047 225 204 43 1041 519 87 522 156 48 108 72 78 52 432 189 408 114 54 366 63 42 303 183 294 138 81 60 297 66 57 270 162 60 156 48
is_linear=0
shrinkage=0.08


Tree=68
num_leaves=45
num_cat=0
split_feature=15 15 35 15 16 22 0 1 0 32 16 19 0 33 1 35 12 31 35 16 32 20 32 31 17 35 16 0 15 0 32 0 33 30 26 24 0 35 18 21 21 15 22 30
split_gain=0.268372 4.57267 2.12921 7.98426 2.92017 1.59471 1.51195 1.17168 0.667017 0.425839 0.399307 0.259737 0.344765 0.196749 0.184396 0.806086 0.110112 0.0220905 0.0548704 0.116287 0.0438244 0.0237621 0.0182721 0.0103658 0.0106765 0.00929738 0.0146436 0.0121338 0.00673633 0.00616165 0.00546212 0.0052846 0.00542828 0.00461829 0.00320044 0.0105425 0.00312157 0.00246453 0.00863574 0.00634101 0.00590534 0.00687317 0.0105926 0.00517381
threshold=1.8823076923076927 1.9399999999999999 1.0000000180025095e-35 1.0000000180025095e-35 6.6150000000000011 1.1000000000000003 13.005000000000003 16.415000000000003 16.565000000000001 3.9000000000000004 6.6350000000000016 1.3 12.915000000000001 0.50000000000000011 12.915000000000001 1.5000000000000002 1.1549999713897707 0.3000000000000001 1.0000000180025095e-35 8.9150000000000009 1.0000000180025095e-35 2.7000000000000006 37.000000000000007 1.0000000000000002 5.6000000000000005 1.5000000000000002 7.4550000000000018 17.020000000000003 2.1615384615384623 16.165000000000003 3.3000000000000003 16.685000000000006 2.5000000000000004 3.1000000000000005 4.9000000000000012 7.5000000000000009 17.860000000000003 1.5000000000000002 17.200000000000006 11.500000000000002 3.8000000000000003 2.4650000000000012 39.100000000000016 3.1000000000000005
decision_type=2 2 2 2 2 2 2 2 2 2 2 2 2 2 2 2 2 2 2 2 2 2 2 2 2 2 2 2 2 2 2 2 2 2 2 2 2 2 2 2 2 2 2 2
left_child=2 -2 3 -1 -4 7 -7 -5 9 -9 -6 14 -13 -10 15 -12 -3 18 19 -18 -20 -22 23 24 29 26 30 31 -25 -19 33 32 -27 -16 35 37 -36 38 39 -30 43 -42 -43 -39
right_child=1 16 4 5 10 6 -8 8 13 -11 11 12 -14 -15 25 -17 17 22 20 -21 21 -23 -24 28 -26 27 -28 -29 34 -31 -32 -33 -34 -35 36 -37 -38 40 -40 -41 41 42 -44 -45
leaf_value=0.051633415178706246 -0.027868238098529324 -0.0087765087021721734 -0.019415337016769486 0.02140391557381071 0.0073926851457479046 -0.025925580688885282 0.0020624995610366266 -0.01244763548579067 0.015536701863720304 0.0026226790534953277 0.0044470468608455525 0.012343517230668415 -0.00052066475184013442 0.005440429637829463 -0.00082658543499807523 -0.012005486049125959 0.0059951133609172846 0.00219050079335769 -0.0038994878699382149 -0.0021565540425460008 0.00053143395061576459 -0.0020814715422413969 0.0017158582686173797 -0.00075805105969437166 -7.2712303109226687e-05 -0.00078784768134842521 0.0015786971893006316 -0.001360390603542328 0.00030962284165891071 0.00069164282762688924 0.00053387365627309514 0.00062430376382101153 0.000143663727323569 0.00026719544725936086 -0.00033259115090847688 0.0013281325307307821 0.00027010014506452014 -0.0011780693700226645 0.0015581718229999144 -0.00043202872334238425 -0.00027046863216815924 1.5771813696014812e-05 0.0018709189926610431 -0.00012367608063462853
leaf_weight=24 38.5 8.9999999999999982 51 29 49 21 30 20 21 30 36 24 30 30 60 40.5 21 37.5 37.5 24 49.5 40.5 49.5 58.5 46.5 76.5 48 60 357 33 72 52.5 84 42 165 49.5 82.5 36 30 93 61.5 43.5 36 172.5
leaf_count=24 25 9 24 29 22 21 30 20 21 30 36 24 30 30 30 36 21 27 30 24 42 18 27 36 36 36 33 24 252 18 36 21 39 21 90 27 45 18 30 66 30 21 27 78
internal_value=-1.83651e-11 -0.000637552 0.00107675 0.00827592 -0.000957479 0.00252687 -0.009462 0.00723019 0.00316051 -0.00340545 0.000438148 -0.000106652 0.00519675 0.00959772 -0.000607761 -0.00426312 4.63234e-05 9.84268e-05 -0.000754112 0.00164756 -0.00160176 -0.000644374 0.000207241 0.000149886 0.000868264 -4.28417e-05 0.000341637 -0.000355495 7.89577e-05 0.00148891 3.7923e-07 -7.24256e-05 -0.000300328 -0.000376205 0.000122424 0.000193976 -0.000131694 0.000126296 0.000243962 0.000156348 -3.53055e-05 0.000364577 0.000855838 -0.00030573
internal_weight=2502 1571.5 930.5 205 725.5 181 51 130 101 50 674.5 625.5 54 51 571.5 76.5 1533 1524 172.5 45 127.5 90 1351.5 1302 117 495 222 273 1185 70.5 174 213 160.5 102 1126.5 879 247.5 829.5 480 450 349.5 141 79.5 208.5
internal_count=1614 997 617 205 412 181 51 130 101 50 388 366 54 51 312 72 972 963 135 45 90 60 828 801 81 240 120 120 720 45 87 96 75 51 684 549 135 522 348 318 174 78 48 96
is_linear=0
shrinkage=0.08


Tree=69
num_leaves=45
num_cat=0
split_feature=37 33 35 15 15 22 11 10 13 30 37 27 4 1 36 35 33 37 1 15 12 36 32 32 15 11 8 4 33 37 17 9 4 14 35 16 15 37 37 17 32 21 14 16
split_gain=0.310733 7.70666 1.08406 9.32856 8.13018 1.01259 0.662749 0.504368 0.445181 0.354143 0.144971 0.657754 0.267126 0.139485 3.00189 1.33412 0.231261 1.5584 2.57038 0.136322 0.146577 0.0648667 0.641383 0.237763 0.812877 0.0537556 0.0203238 0.0407958 0.0189323 0.0188096 0.0245528 0.0176666 0.0154317 0.0143828 0.011592 0.0335564 0.011396 0.00986798 0.0084233 0.00813652 0.00806567 0.00763212 0.0205257 0.00984969
threshold=16.175000000000004 0.3000000000000001 1.0000000180025095e-35 -0.59100000000000052 1.4150000000000003 1.0000000180025095e-35 2.6750000000000003 0.86999999284744278 1.1449999809265139 1.0000000180025095e-35 11.655000000000001 11.900000000000002 17.955000000000002 12.279999885559084 2.5000000000000004 1.5000000000000002 1.0000000180025095e-35 8.9450000000000021 16.165000000000003 0.15999999999999928 9.6700000000000017 2.5000000000000004 1.0000000180025095e-35 1.0000000180025095e-35 1.7750000500679015 7.463000000000001 10.010000000000002 16.515000000000004 1.0000000180025095e-35 3.7450000000000006 2.5000000000000004 10.105000000000002 12.255000000000001 9.9350000000000005 1.5000000000000002 7.1300000000000008 2.2350000000000008 4.1950000000000012 4.3200000000000012 3.7000000000000006 14.900000000000002 1.9000000000000001 7.7300000000000013 6.1150000000000011
decision_type=2 2 2 2 2 2 2 2 2 2 2 2 2 2 2 2 2 2 2 2 2 2 2 2 2 2 2 2 2 2 2 2 2 2 2 2 2 2 2 2 2 2 2 2
left_child=2 -2 4 -4 -1 -6 -7 -5 -9 -3 12 -12 13 14 15 -10 17 18 38 -11 26 23 -23 24 -18 28 27 -21 -8 30 -25 -28 -24 37 35 -34 -36 -31 -15 -30 -33 43 -43 -39
right_child=1 9 3 7 5 6 25 8 10 19 11 -13 -14 16 -16 -17 21 -19 -20 20 -22 22 32 29 -26 -27 31 -29 39 33 -32 40 34 -35 36 -37 -38 41 -40 -41 -42 42 -44 -45
leaf_value=0.052935127161798025 -0.047981570471416823 0.0096161407257976204 -0.075507022312709268 -0.013228955699337854 0.013832044280769134 -0.014750430594597543 -0.0025252408818120047 0.015585517088572186 -0.0006436129049821334 -0.0059004795185423325 0.0020029102747018139 -0.010594558984074477 0.006389652448706329 -0.00092539199583587201 0.020006963148554591 -0.027655522234737877 -0.0025097346815223598 -0.0043385303986425965 0.032606540751457212 0.003153049181111985 0.00720222084295182 -0.01026289227856211 -0.0039221219470103579 -0.00026380382555847364 0.012968209750057819 0.0035846497877328482 -0.0024512184453972926 -0.00040953762965121622 0.00084689302264950156 -0.0019744415068998931 0.0033548758537896603 0.00044829594232424194 6.4518390841280612e-05 -0.0014738146744461523 -0.00086001135669648652 0.0025442639501351452 0.00022044792239954165 -0.00091117492694731649 0.0013404857037988091 -0.00047382637888303074 -0.0012642964022234083 7.9724168934398653e-05 0.0019200214991966884 2.7650129438067475e-06
leaf_weight=21 22 29 10.499999999999998 18 33 21 21 11.999999999999998 22 21 72 42 45 21 23.5 25 49 78 25 36 21 41.5 5.9999999999999991 24 39 27 24 48 51 15.999999999999998 24 66 156 45 100 45 166.5 92 21 72 24 281 45 420
leaf_count=21 22 29 6 18 33 21 21 12 22 21 36 21 18 21 22 22 24 36 10 36 21 23 6 24 24 27 24 48 51 16 24 66 78 20 49 36 78 38 21 72 24 152 20 200
internal_value=1.76275e-11 -0.00245747 0.000323439 -0.000303331 0.00532995 0.0008868 -0.00133816 0.00010068 0.00022458 0.00126569 0.000128799 -0.00263826 0.00030303 0.000147891 -0.00333878 -0.0150116 0.000292912 0.0033481 0.0122967 0.000256682 0.000847095 7.10341e-06 -0.000726568 0.000372167 0.00434981 0.000308956 0.000173066 0.00111729 -0.000305236 2.54454e-06 0.00154554 -0.000522674 0.000109245 -7.98399e-05 0.000160984 0.000619685 -0.000184978 -6.38688e-06 0.000207547 7.3789e-05 -8.39535e-06 3.11893e-05 0.000333753 -0.000161459
internal_weight=2502 291 2211 1965 246 225 192 1954.5 1936.5 269 1924.5 114 1810.5 1765.5 70.5 47 1695 145 67 240 219 1550 515 1035 88 171 198 84 144 947 48 114 473.5 899 467.5 201 266.5 854 42 123 90 838 326 512
internal_count=1614 291 1323 1077 246 225 192 1071 1053 269 1041 57 984 966 66 44 900 88 52 240 219 812 270 542 48 171 198 84 144 494 48 114 247 446 241 114 127 426 42 123 90 410 172 238
is_linear=0
shrinkage=0.08


Tree=70
num_leaves=45
num_cat=0
split_feature=15 15 36 16 16 1 1 8 22 11 3 33 12 16 33 36 7 7 31 18 0 31 34 34 34 36 33 15 36 16 30 3 34 36 33 28 31 7 34 34 33 32 16 0
split_gain=0.259405 7.06426 1.28993 11.5248 9.15643 10.3175 5.30925 1.8444 0.112918 0.105984 0.235642 0.101182 0.0849169 0.0818353 0.0963392 0.0726397 16.7286 1.15669 1.1632 0.0295001 0.039249 0.0286402 0.022855 0.018116 0.0158389 0.0149235 0.0147728 0.0195045 0.0185779 0.0145423 0.0122448 0.00876979 0.00993502 0.00873191 0.00794641 0.00767995 0.00626788 0.00444671 0.00426124 0.00392751 0.00655475 0.00629628 0.00564317 0.00573202
threshold=1.9073076923076921 1.9399999999999999 2.5000000000000004 6.6350000000000016 6.6350000000000016 16.425000000000004 11.965000152587892 2.9550000429153447 17.300000000000004 1.1449999809265139 11.984999656677248 1.0000000180025095e-35 1.1549999713897707 7.3100000000000014 1.0000000180025095e-35 1.5000000000000002 4.6750000000000016 5.1300000000000017 1.0000000180025095e-35 0.50000000000000011 13.005000000000003 0.50000000000000011 25.600000000000005 9.5000000000000053 123.80000000000003 1.5000000000000002 0.3000000000000001 2.2350000000000008 2.5000000000000004 6.0850000000000017 1.0000000000000002 16.475000000000005 8.2000000000000046 1.5000000000000002 1.3 60.800000000000004 3.9000000000000004 5.330000000000001 26.700000000000006 60.100000000000009 22.000000000000004 1.7000000000000004 6.1300000000000008 15.475000000000001
decision_type=2 2 2 2 2 2 2 2 2 2 2 2 2 2 2 2 2 2 2 2 2 2 2 2 2 2 2 2 2 2 2 2 2 2 2 2 2 2 2 2 2 2 2 2
left_child=2 -2 4 -4 5 -1 -6 -5 11 -8 -11 -9 -3 14 -12 16 -14 18 -17 23 -21 -13 29 25 26 -15 28 30 -19 -18 -28 -16 -33 -25 -23 38 -34 -31 -24 40 41 -29 -43 -44
right_child=1 12 3 7 6 -7 9 8 -10 10 13 21 15 19 31 17 22 24 -20 20 -22 34 35 33 -26 -27 27 39 -30 37 -32 32 36 -35 -36 -37 -38 -39 -40 -41 -42 42 43 -45
leaf_value=0.057999493243632384 -0.04564660053361546 -0.0077376983231968359 -0.040620732267697655 0.021306124852290231 -0.047811215559641518 0.0040022595577280627 -0.006971522873888413 0.0056166623316464886 -0.0036363469445231285 0.0075136643002430602 0.0044838896385309378 0.0025653137018283208 0.18919002850850422 -0.004480706681002011 0.0014545565564185381 -0.024910034655282895 -0.0031920399584553462 0.0022370918512286753 -2.7251790743321181e-06 -0.0021624199200111129 0.0020141836907714606 -0.00086764424652248232 0.0014201668124984611 -0.00022044762443655577 0.0017494998087005859 -0.0016296497582794823 -0.0020682827555216277 -0.00036194995674607047 2.2812879754748849e-05 -0.00021157819176247965 -0.00025331791765132887 0.0012800285379886522 -0.00067679852614122807 -0.0019133316106998768 0.00049175918173440609 0.0010566245036369021 0.00032967624295681639 -0.0014408085069654486 -0.00017840835913334838 9.0719992941659349e-07 0.0014153630723012611 0.001181205456907099 0.0010299769609156541 0.00010888740922483157
leaf_weight=38.5 22 8.9999999999999982 45 31.5 14.999999999999998 55 11.999999999999998 31 33 30 44 39 2.9999999999999991 23.5 44 24 22 48.5 24 24 36 38.5 10.999999999999998 39 44 23.5 39 77 48.5 36 61 44 66 39 96.5 38.5 99 39.5 358 288 36 55 54 217
leaf_count=22 16 9 25 30 12 30 12 21 33 30 24 24 3 21 24 24 12 36 24 24 36 21 6 24 24 21 24 48 36 36 36 24 36 24 54 21 54 27 216 168 24 30 48 120
internal_value=9.9541e-12 -0.000635689 0.00104382 -0.00314332 0.00312581 0.0262364 -0.000883178 0.0031145 0.000706785 0.000460182 0.000634363 0.00140592 1.02599e-05 0.000206191 0.0010289 5.60155e-05 0.000837103 -0.000334528 -0.0124564 -0.00111459 0.000343542 0.000655734 -0.000281826 -0.00181449 0.000266556 -0.00305518 0.000195939 8.63874e-05 0.00112995 -0.00138209 -0.000961154 0.000428028 0.000211916 -0.00106689 0.000104077 -1.85726e-05 -7.29137e-05 -0.000854685 -0.000130754 0.000230478 0.000381086 0.000288693 0.000442373 0.000292426
internal_weight=2502 1555 947 314.5 632.5 93.5 539 269.5 238 524 512 205 1533 482 297 1524 508 1016 48 185 60 174 505 125 968 47 924 827 97 97.5 100 253 209 78 135 407.5 165 75.5 369 727 439 403 326 271
internal_count=1614 988 626 208 418 52 366 183 153 354 342 120 972 312 162 963 321 642 48 150 60 99 318 90 594 42 570 498 72 75 60 138 114 48 75 243 90 63 222 438 270 246 198 168
is_linear=0
shrinkage=0.08


Tree=71
num_leaves=45
num_cat=0
split_feature=37 34 35 15 16 22 5 3 1 29 34 35 34 16 32 16 10 6 22 30 34 34 5 30 16 5 29 3 34 1 15 17 16 15 15 21 22 17 32 1 34 29 25 14
split_gain=0.265734 8.42239 0.92471 8.36097 7.86972 0.844881 1.70843 0.51411 1.69235 0.399895 0.318326 0.205666 0.950336 4.25211 0.72699 0.992504 0.25775 0.256445 0.244962 0.171624 0.111464 0.101144 0.0602728 0.0540304 0.0443355 0.102941 0.0320044 0.0310993 0.0297411 0.103234 0.020399 0.036699 0.0112432 0.0103389 0.011176 0.00958349 0.0109542 0.00922881 0.00755861 0.00704639 0.0065117 0.00584896 0.00546122 0.00516983
threshold=16.175000000000004 6.0000000000000044 1.0000000180025095e-35 -0.59100000000000052 6.1300000000000008 1.0000000180025095e-35 3.6400000000000001 11.965000152587892 11.965000152587892 1.0000000180025095e-35 13.500000000000002 1.5000000000000002 4.6000000000000023 7.3100000000000014 0.70000000000000007 6.7750000000000004 9.9200000000000017 2.9450000524520878 1.0000000180025095e-35 1.7000000000000004 28.100000000000005 1.9000000000000006 9.9550000000000018 6.1000000000000005 6.0850000000000017 11.832692307692311 0.3000000000000001 12.515000000000002 13.100000000000001 16.425000000000004 1.7950000762939455 0.3000000000000001 8.9800000000000022 1.0000000180025095e-35 0.22999999999999957 1.9000000000000001 68.500000000000014 14.600000000000001 10.800000000000002 16.985000000000003 63.300000000000004 7.5000000000000009 2.3000000000000003 7.7300000000000013
decision_type=2 2 2 2 2 2 2 2 2 2 2 2 2 2 2 2 2 2 2 2 2 2 2 2 2 2 2 2 2 2 2 2 2 2 2 2 2 2 2 2 2 2 2 2
left_child=2 -2 4 -4 -1 -6 -7 -5 -9 -8 19 14 13 -13 15 -10 28 -17 -15 -3 -12 -20 23 -22 25 -16 -11 -26 29 -14 39 -32 -28 -29 -35 41 43 40 -24 -19 -36 42 -30 -37
right_child=1 10 3 7 5 6 9 8 11 26 20 12 16 18 24 17 -18 30 21 -21 22 -23 38 -25 27 -27 32 33 35 -31 31 -33 -34 34 37 36 -38 -39 -40 -41 -42 -43 -44 -45
leaf_value=0.051759456275474458 -0.051074088194540568 0.0030439422590037186 -0.071476546696254181 -0.01056338770870577 0.012376347064520375 -0.023014829139269534 0.010738357605102163 0.042681674957275394 -0.011978717770140906 -0.0030716662780226516 -0.0045272436120581848 0.038936450640360512 -0.0042707879747254677 -0.0054399744032517725 0.0051647962736231946 -0.0090512912188257487 0.0055233854552110039 -0.00086501479203648425 0.0066363361781394039 0.012947002142845165 0.0056770957592460845 -0.00076633743675691749 0.00040059131139289893 0.0010215883617265484 0.0059991431484619773 0.00025229826736717655 -0.00022500754218758541 0.0018300077777045468 -0.00021253072475600575 0.00011330369777149625 0.0040005782820905248 -0.00042353459517471495 0.0018077161464662777 -0.0033013613025347395 0.00022874308864908815 0.00036228495878512388 -0.0010066041728292686 0.0014651177761455378 -0.00087652998665968583 0.00068013345263898378 -0.00051849725806424698 7.4062172140254359e-05 -0.00098790188028644293 0.0013798789242903393
leaf_weight=21 21 24 10.499999999999998 28.5 33 21 24 5.9999999999999991 78 24 27 22.5 49.5 34.5 42 21 52.5 51 27 21 27 21 87 39 5.9999999999999991 78 102 24 144 112.5 24 24 21 5.9999999999999991 378 216 34.5 33 45 30 93 183 97.5 37.5
leaf_count=21 21 24 6 24 33 21 24 6 39 24 27 9 36 30 21 21 21 36 27 21 27 21 87 39 6 39 102 12 63 45 24 21 21 3 207 108 30 27 45 15 51 75 39 15
internal_value=3.53806e-12 -0.00227257 0.000299104 -0.000279771 0.00492304 0.000551644 -0.00148073 0.000102714 0.000260545 0.00116381 0.0015231 0.000127979 0.000896026 0.00810932 -0.000764616 -0.00465912 7.89861e-05 -0.000852932 -0.000298074 0.00766537 0.000294647 0.00339767 0.000952177 0.00292611 0.000580759 0.00197167 -0.000399379 0.000271667 -0.000247865 -0.00122628 0.000481684 0.00178852 0.000122043 0.000207314 0.000130952 -2.54039e-05 0.000330803 0.000171813 -3.47909e-05 -0.000292738 8.11988e-05 -0.000267071 -0.000525569 0.000512817
internal_weight=2502 291 2211 1965 246 225 192 1954.5 1926 171 270 1920 1032 105 888 228 927 150 82.5 45 225 48 198 66 660 120 147 540 874.5 162 129 48 123 534 510 712.5 288 504 132 81 471 424.5 241.5 253.5
internal_count=1614 291 1323 1077 246 225 192 1071 1047 171 270 1041 519 87 522 156 432 117 78 45 225 48 198 66 366 60 147 306 411 81 96 45 123 300 288 330 153 285 132 51 258 177 102 123
is_linear=0
shrinkage=0.08


Tree=72
num_leaves=45
num_cat=0
split_feature=8 36 15 34 36 0 16 13 14 36 0 16 34 34 0 12 34 15 16 31 36 34 32 31 34 16 15 34 17 19 30 9 21 1 30 31 32 16 16 36 28 32 32 15
split_gain=0.308475 1.14752 10.9091 0.730031 6.09788 12.803 0.143947 0.0793911 0.156953 0.136863 0.134008 0.055295 0.0597167 0.0367944 0.131502 0.0241386 0.0157782 0.0147993 0.0208869 0.0119222 0.0111358 0.0137615 0.00824831 0.0194626 0.00712183 0.00558084 0.00551317 0.00772263 0.00921079 0.00574647 0.00470987 0.0043757 0.00435818 0.00434148 0.00355297 0.00346365 0.00434122 0.00437515 0.00435636 0.00325565 0.00317963 0.00247372 0.00211679 0.00139069
threshold=2.935000061988831 1.5000000000000002 1.7480769826815676 1.0000000180025095e-35 1.5000000000000002 16.415000000000003 9.0399996042251605 9.8950000000000014 9.5600000000000005 1.5000000000000002 16.895000000000003 9.2600000000000033 0.80000000000000016 7.5000000000000027 16.175000000000004 9.9450000000000021 123.80000000000003 1.7000000000000002 6.6500000000000012 1.0000000180025095e-35 1.5000000000000002 25.600000000000005 3.9000000000000004 2.5000000000000004 2.9000000000000021 6.6750000000000016 2.1615384615384623 26.100000000000005 1.9000000000000001 0.3000000000000001 9.1000000000000014 9.9800000000000022 2.5000000000000004 16.165000000000003 19.000000000000004 8.1000000000000014 12.100000000000001 6.1450000000000005 7.1300000000000008 2.5000000000000004 44.100000000000001 1.5000000000000002 24.800000000000004 2.305000000000001
decision_type=2 2 2 2 2 2 2 2 2 2 2 2 2 2 2 2 2 2 2 2 2 2 2 2 2 2 2 2 2 2 2 2 2 2 2 2 2 2 2 2 2 2 2 2
left_child=1 -1 -3 4 -2 6 -6 8 11 -10 -11 12 -5 14 19 -9 17 18 -15 -14 21 33 23 -20 -21 -24 29 28 -28 -22 32 -32 -23 -19 -33 36 37 40 -39 -27 -29 -25 -37 -38
right_child=3 2 -4 7 5 -7 -8 15 9 10 -12 -13 13 16 -16 -17 -18 20 22 24 26 30 25 41 -26 39 27 35 -30 -31 31 34 -34 -35 -36 42 43 38 -40 -41 -42 -43 -44 -45
leaf_value=-0.0086097672291927871 0.019258067831397056 0.05179093539714813 -0.020571773275732994 0.0066238394379615788 0.0069038780642052492 -0.065119868604323033 -0.0014084266436596713 -0.0031467210632664241 0.0056294282585813487 0.0038857002599715167 -0.0014611049798479532 -0.0030417548879308419 0.0011475795701973968 0.0021324276957999577 -0.0055694534093367332 -0.00091210058972126618 0.0014100182799368418 -0.00068811360682392939 0.0022125283419957447 0.00036219145171344279 0.00013224579369983613 -0.00067410667137522641 0.00088195307610669375 -0.00027162576654172018 -0.0011474391211652095 1.0849094349352352e-06 0.0017729989121752707 0.0014170951108363541 0.00022625591090348149 -0.0013547639564835819 -0.00034136711721932341 0.001091589113612744 1.417753633066285e-06 -0.0020297927737490023 0.00010357568661371866 -0.00014425285531499883 -0.00059970437282962465 0.00013190877406389883 0.0011382875987328588 -0.00086673596312841729 0.00045533533800732001 0.00051375604412786551 0.00044055828943531563 4.2601926846707118e-05
leaf_weight=27 40 24 30 8.9999999999999982 30 26 24 49.5 60.5 55 66 36 45 49.5 33 82.5 66 29 43.5 36 39 121.5 33 42 45 83 44 44 56 29 53 44 123 33 49.5 252 28 197 32 41.5 44 66 47 94
leaf_count=24 34 18 30 9 30 14 24 27 33 30 36 36 45 27 18 45 36 24 36 36 24 69 18 27 45 48 24 24 36 24 36 24 78 18 27 150 18 114 30 24 24 36 30 54
internal_value=1.05246e-11 0.00485636 0.0115894 -0.000162481 -0.00624566 -0.0189975 0.00320952 0.000154765 0.000270689 0.00252265 0.000969261 6.50386e-05 0.000122351 9.2228e-05 -0.00107388 -0.00175008 0.000196187 0.000149542 0.000606764 0.000103533 2.89284e-05 -0.000294931 0.000362361 0.000783793 -0.000476492 -4.30161e-05 0.000190858 0.000247074 0.000906823 -0.00050192 -0.000119348 0.000239348 -0.000334272 -0.00140223 0.000568523 0.000157677 0.000300708 0.000456777 0.000272538 -0.000288189 0.000936215 0.00020833 -5.2326e-05 -0.000104813
internal_weight=2502 81 54 2421 120 80 54 2301 2169 181.5 121 1987.5 1951.5 1942.5 159 132 1783.5 1717.5 358.5 126 1359 453 309 151.5 81 157.5 906 838 100 68 391 146.5 244.5 62 93.5 738 439 317 229 124.5 88 108 299 122
internal_count=1614 72 48 1542 102 68 54 1440 1368 99 66 1269 1233 1224 144 72 1080 1044 216 126 828 276 189 99 81 90 552 504 60 48 234 87 147 42 51 444 264 192 144 72 48 63 180 72
is_linear=0
shrinkage=0.08


Tree=73
num_leaves=45
num_cat=0
split_feature=37 34 6 0 12 15 33 4 34 36 6 37 36 7 8 37 16 34 35 15 32 21 0 34 35 4 36 29 34 34 16 30 15 21 29 15 20 32 28 21 31 15 36 13
split_gain=0.281065 3.20268 1.328 0.983033 0.879133 0.50938 0.420511 0.255683 0.172071 1.69401 4.56451 1.98028 4.72285 1.89313 0.696707 0.169596 0.135782 0.0893202 0.0948524 0.0370952 0.0330445 0.0272735 0.0264685 0.0279931 0.0157011 0.0276274 0.0192168 0.0284214 0.0166629 0.0279642 0.013642 0.0133949 0.0105994 0.00882702 0.00867578 0.00848871 0.00838082 0.00733719 0.00672326 0.0167619 0.0156884 0.00959479 0.00636035 0.00906871
threshold=11.655000000000001 1.0000000180025095e-35 2.935000061988831 8.3270000000000017 9.8950000000000014 0.84499999999999897 0.50000000000000011 17.955000000000002 1.9000000000000006 1.5000000000000002 4.9850000000000003 7.9350000000000014 2.5000000000000004 4.4800000000000013 2.9550000429153447 11.832692307692311 9.2000000000000011 5.1000000000000023 1.5000000000000002 1.9399999999999999 0.70000000000000007 0.50000000000000011 16.465000000000003 10.900000000000004 1.5000000000000002 12.105000000000002 1.5000000000000002 1.3 21.500000000000007 10.500000000000005 6.955000000000001 1.9000000000000001 0.84499999999999897 3.0000000000000004 3.7000000000000006 2.745000000000001 1.1000000000000003 1.7000000000000004 50.000000000000007 1.0000000180025095e-35 1.3 2.1950000000000003 1.5000000000000002 7.455000000000001
decision_type=2 2 2 2 2 2 2 2 2 2 2 2 2 2 2 2 2 2 2 2 2 2 2 2 2 2 2 2 2 2 2 2 2 2 2 2 2 2 2 2 2 2 2 2
left_child=3 2 -2 -1 5 6 -3 8 9 10 -5 12 14 -14 -11 -7 19 18 -10 22 21 -21 23 -17 25 -19 32 37 29 -26 -29 -31 -27 -30 -35 -36 -34 -28 39 41 -41 -22 -42 -44
right_child=1 4 -4 7 -6 15 -8 -9 17 11 -12 -13 13 -15 -16 16 -18 24 -20 20 38 -23 -24 -25 28 26 27 30 33 31 -32 -33 36 34 35 -37 -38 -39 -40 40 42 -43 43 -45
leaf_value=0.022005966327808522 -0.0073329172389847899 0.017369827883584158 -0.034880272063116231 -0.0023471325525531062 -0.01200577905918989 0.006769962397714456 0.0013601032719903049 0.0062960090686877569 0.00022782874221985157 -0.024688504093655333 0.043613642778779778 -0.02408045636570972 0.0055409662319081164 0.036900866849940608 -0.005797853942732422 0.00099025445679823561 -0.0064111539792446864 0.0057625519980986917 -0.0052054785977749306 -0.00055656070214216461 0.00061897740953347901 -0.0042445615213364367 -0.00010695002784874912 0.004854142020146052 0.00038428269304512515 -0.0015172699172245829 0.0024259604227979885 -3.9624474699690287e-05 -0.00016261666762396973 -0.0009669196140021086 0.0011710786572597825 -0.0027250836927515381 0.0005850576868586169 0.001079669409965422 -0.00071964923878786735 0.00059040276554346181 -0.00051600108104489311 0.0011062731577216513 -0.00038104595349135775 -0.0017896842169230459 -0.00044016745237361951 0.0026524785519750032 8.540698195186753e-05 0.0016915033365755032
leaf_weight=13.499999999999998 21 21 24 40.5 36 24 21 45 39 25.5 21 23 28 22 24.5 24 21 5.9999999999999991 43.5 33 33 21 30 24 84 38 52 252 438 96 78 39 77 87 54 76.5 104 56 108 27 48 27 60 36
leaf_count=9 21 21 24 39 30 12 21 18 30 24 15 14 28 19 23 24 21 6 30 33 24 21 30 24 39 19 32 126 186 51 52 21 40 51 27 36 63 34 81 27 48 24 60 36
internal_value=-1.62125e-11 -0.00144779 -0.0220248 0.000496585 0.000111076 0.000892809 0.00936497 0.000339583 0.000191043 0.0025059 0.0133468 -0.00291454 0.00195362 0.0193393 -0.0154321 0.000203215 -0.000117114 -7.25935e-05 -0.00263701 0.000163512 -0.000152781 -0.00199078 0.00175714 0.0029222 6.50091e-05 0.000358619 0.000309268 0.000615205 -0.000157591 -0.000761748 0.000246542 -0.00147483 -0.000302607 4.42561e-05 0.000460855 4.83123e-05 -4.75949e-05 0.00174168 0.000139998 0.000383603 -2.00642e-05 0.00153405 0.00031174 0.000687693
internal_weight=2502 639 45 1863 594 558 42 1849.5 1804.5 184.5 61.5 123 100 50 50 516 492 1620 82.5 471 393 54 78 48 1537.5 663 657 438 874.5 219 330 135 219 655.5 217.5 130.5 181 108 339 231 171 60 144 96
internal_count=1614 582 45 1032 537 507 42 1023 1005 162 54 108 94 47 47 465 453 843 60 432 354 54 78 48 783 372 366 244 411 111 178 72 122 300 114 63 103 66 300 219 171 48 144 96
is_linear=0
shrinkage=0.08


Tree=74
num_leaves=45
num_cat=0
split_feature=6 36 1 3 36 34 37 37 33 37 11 4 16 4 3 32 34 1 11 16 6 33 1 33 37 1 34 1 36 32 34 16 32 14 13 34 31 34 37 1 23 32 37 1
split_gain=0.25418 4.29764 5.87591 2.58019 1.49471 1.21136 10.3098 0.157903 0.519243 0.0913582 0.853964 0.231954 0.112425 0.0862938 0.0664804 0.0647948 0.029534 0.131119 0.0204705 0.0192866 0.0390479 0.0146091 0.0156537 0.014142 0.0234854 0.0131468 0.00880966 0.0108083 0.0150782 0.0400273 0.0132094 0.0099977 0.00777709 0.00824638 0.00664552 0.00615052 0.00667695 0.00609613 0.00548545 0.00544688 0.00541142 0.00540999 0.00446489 0.00723709
threshold=2.9550000429153447 1.5000000000000002 11.954999923706056 11.97499990463257 2.5000000000000004 1.0000000180025095e-35 9.7850000000000019 16.330000000000002 0.50000000000000011 11.470000000000001 9.8550000000000022 17.955000000000002 9.2000000000000011 17.935000000000006 16.485000000000003 23.000000000000004 5.1000000000000023 16.185000000000006 9.7050000000000018 6.0550000000000024 10.045000000000002 0.3000000000000001 14.310000000000002 1.0000000180025095e-35 9.4550000000000018 13.955000000000002 38.100000000000001 12.915000000000001 2.5000000000000004 1.0000000180025095e-35 23.700000000000006 6.1150000000000011 2.3000000000000003 8.8950000000000014 8.6700000000000017 12.500000000000005 1.0000000000000002 44.500000000000007 9.9950000000000028 14.160000000000002 6.6000000000000005 0.50000000000000011 9.0050000000000008 14.950000000000001
decision_type=2 2 2 2 2 2 2 2 2 2 2 2 2 2 2 2 2 2 2 2 2 2 2 2 2 2 2 2 2 2 2 2 2 2 2 2 2 2 2 2 2 2 2 2
left_child=1 3 -3 -1 -4 6 -2 9 -9 11 12 16 15 14 -10 19 17 25 32 -11 21 41 -23 24 -18 -7 27 -25 30 -30 42 -32 -16 34 37 -31 -37 -34 -28 -27 -39 -21 43 -29
right_child=5 2 4 -5 -6 7 -8 8 13 10 -12 -13 -14 -15 18 -17 23 -19 -20 20 -22 22 -24 26 -26 39 38 28 29 35 31 -33 33 -35 -36 36 -38 40 -40 -41 -42 -43 -44 -45
leaf_value=-0.037288611446108136 0.020740152069113473 0.047367318999022245 -0.010896236866035245 0.0011092321279769141 0.013182084912603552 0.0017444291565981178 -0.042497260407968009 0.013190822601318359 0.0034678978814433022 0.00090284550824435426 -0.015857231281697751 0.0057923284669717159 -0.005898261378918376 0.0057171403716451356 0.0012447283150524729 0.003683633353250722 -0.0022370420875905575 -0.004952899938748207 -0.0026510257460176947 -0.002094515245128908 -0.0027033221871695583 0.0024001136688249452 -4.5881451043180383e-06 0.0019957964572434625 0.00039177009600332416 -0.0011301805175996076 -0.00015983415199376661 -0.00027336199977435175 0.0034716199362470257 -0.00048528645344706904 0.0015575886826689651 0.00018327221685113051 0.00079735991079360252 -0.0016986046243636383 0.0013108939411384719 0.001557831768814015 0.00032336254855963039 -0.00015374115775697506 0.00047351469176218792 0.00057422553887590769 -0.0017466072968783833 -0.00033627178608661607 -0.00019735537481404118 -0.0019332070674361855
leaf_weight=21 33 24 33 24 33 36 33 24 36 72 24 45 21 21 27 30 43.5 40.5 21 24 45 21 99 24 43.5 24 616.5 40 31 41.5 41 195 24 21 21 36.5 121 39 102 24 21 21 155 29
leaf_count=18 24 18 33 24 33 36 24 24 36 39 12 18 21 21 27 18 21 18 21 24 36 21 99 24 21 24 300 40 16 24 18 96 24 21 21 18 61 39 51 24 21 21 70 14
internal_value=6.20302e-12 0.00337637 0.0134694 -0.0168098 0.00114292 -0.000192568 -0.0108786 0.00011394 0.00199114 -0.000120022 -0.00128279 0.000125749 -0.000232375 0.000827534 0.000338574 0.000148982 -2.93584e-05 -0.00121394 -0.000308873 -0.000227044 -0.000614435 -4.47389e-05 0.000416235 6.77004e-05 -0.000922636 0.000588768 0.000127846 0.000326862 0.000268812 0.000797689 4.37315e-06 0.000422031 1.25995e-05 -0.000251428 3.80072e-05 0.000381147 0.000609446 -0.000280215 -6.99224e-05 -0.000277977 -0.000711244 -0.001274 -0.000435659 -0.000970978
internal_weight=2502 135 90 45 66 2367 66 2301 255 2046 357 1689 333 231 210 312 1644 124.5 174 282 210 165 120 1519.5 87 84 1432.5 714 690 230 460 236 153 126 105 199 157.5 84 718.5 48 60 45 224 69
internal_count=1614 126 84 42 66 1488 48 1440 255 1185 291 894 279 231 210 258 876 102 174 240 201 165 120 774 42 84 732 381 357 119 238 114 153 126 105 103 79 84 351 48 60 45 124 54
is_linear=0
shrinkage=0.08


Tree=75
num_leaves=45
num_cat=0
split_feature=37 4 35 0 6 2 34 33 0 34 35 16 0 37 27 4 0 4 0 34 16 13 9 9 31 35 4 30 34 34 34 30 11 33 21 22 15 19 33 16 21 16 15 16
split_gain=0.270474 8.31519 0.781823 8.38134 7.4891 0.629263 0.477018 0.442412 0.381753 0.198038 3.18791 2.65681 0.263682 0.0817038 0.469895 0.198033 0.078341 0.0780751 0.0517887 0.0382298 0.0972861 0.0330924 0.0310117 0.0212398 0.0141038 0.0123743 0.022018 0.0153867 0.0230603 0.0131988 0.0231244 0.0112434 0.0100288 0.00922934 0.00700973 0.00591503 0.00577008 0.00560637 0.00542752 0.00549636 0.00525651 0.00524063 0.00399185 0.00385354
threshold=16.425000000000004 16.455000000000002 1.0000000180025095e-35 8.3270000000000017 2.9250000715255742 11.965000152587892 0.80000000000000016 0.50000000000000011 11.954999923706056 0.80000000000000016 1.5000000000000002 9.0349994897842425 11.984999656677248 11.655000000000001 11.900000000000002 17.955000000000002 13.265000000000002 17.935000000000006 16.475000000000005 5.1000000000000023 7.3100000000000014 7.8800000000000008 10.025 11.703076923076924 1.0000000180025095e-35 1.5000000000000002 12.105000000000002 1.3 10.500000000000005 21.500000000000007 10.500000000000005 1.9000000000000001 8.9750000000000032 0.3000000000000001 3.0000000000000004 63.400000000000013 0.52999999999999947 2.7000000000000006 1.7000000000000004 6.6250000000000018 3.0000000000000004 8.9950000000000028 2.2796153846153855 5.8350000000000009
decision_type=2 2 2 2 2 2 2 2 2 2 2 2 2 2 2 2 2 2 2 2 2 2 2 2 2 2 2 2 2 2 2 2 2 2 2 2 2 2 2 2 2 2 2 2
left_child=2 -2 4 -4 -1 -5 -6 -3 -7 10 12 -12 -10 15 -15 19 -8 18 -9 20 -11 22 24 32 -18 26 -21 28 -28 30 -27 37 40 -22 43 -36 -29 -32 -30 -40 -20 42 -26 -31
right_child=1 7 3 5 6 8 16 17 9 13 11 -13 -14 14 -16 -17 21 -19 23 25 33 -23 -24 -25 41 29 27 36 38 34 31 -33 -34 -35 35 -37 -38 -39 39 -41 -42 -43 -44 -45
leaf_value=0.050160962045192721 -0.051957843912765381 0.012135556687911352 -0.071583380017961773 -0.013218465924263002 0.0090108048402377083 0.014462462315956753 -0.0054264006479865026 0.0038390050260793595 -0.0050196833933393156 -0.0056540070198200362 0.037237630079810818 0.00065560426976945673 -0.016269900922973951 0.0018030663203292838 -0.0088445388184239474 0.0053289422703286021 -0.0021295656939037144 0.0052597691500115961 -0.00070220697893882576 0.005141884138186773 0.00048044170537549588 -0.003320076351187059 0.0029261164659900325 -0.0023053758330643177 -0.00091775490388942838 0.00036382014109265242 -0.00060230400723715631 0.0011245071163090566 0.00078807147668807627 0.00087437644932005139 -0.00037196241207739227 -0.0024722275973703615 0.0014288675812659441 -0.0011532624982297421 0.0005819507031476185 -0.00060350789939836848 -2.0430198448782715e-05 -0.0016250249385833741 0.0011907123598373598 0.0025378092671079293 0.00052539372044107461 0.0010434567159973084 6.1639803574334594e-05 -0.0002005531051775853
leaf_weight=21 20 24 10.499999999999998 22.5 37 11.999999999999998 21 21 30 27 24 27 24 72 42 45 24 21 69 5.9999999999999991 54 21 21 30 39 84 45 30 42 22.5 58.5 39 27 37.5 186 31.5 462 37.5 36 42 33 24 84 415.5
leaf_count=21 20 24 6 18 37 12 21 21 30 12 15 27 15 36 21 18 24 21 69 6 54 21 21 30 39 39 27 15 27 9 27 21 27 30 87 27 252 24 18 27 33 24 84 177
internal_value=-2.3821e-11 -0.00252459 0.000274048 -0.000299922 0.00413654 8.30288e-05 0.000570077 0.00186947 0.000237937 0.000149034 0.00352701 0.0178707 -0.0100198 -4.6386e-05 -0.00211974 9.25686e-05 -0.000764568 0.000643672 0.000105128 -4.97242e-05 -0.00143428 -0.000304951 2.48288e-05 -0.000388026 -0.00033147 5.69876e-05 0.000317642 0.000273585 0.000942115 -0.000140627 -0.00067833 -0.00132678 5.78693e-05 -0.000189109 3.90175e-05 0.000410264 4.93831e-05 -0.00086144 0.00152127 0.00191607 -0.000305042 -3.7903e-05 -0.0002489 -0.000145334
internal_weight=2502 245 2257 1965 292 1954.5 271 225 1932 1920 105 51 54 1815 114 1701 234 201 180 1656 118.5 213 192 159 171 1537.5 663 657 165 874.5 219 135 129 91.5 655.5 217.5 492 96 120 78 102 147 123 438
internal_count=1614 245 1369 1077 292 1071 271 225 1053 1041 87 42 45 954 57 897 234 201 180 879 96 213 192 159 171 783 372 366 99 411 111 72 129 84 300 114 267 51 72 45 102 147 123 186
is_linear=0
shrinkage=0.08


Tree=76
num_leaves=45
num_cat=0
split_feature=37 0 0 32 12 34 36 6 6 35 36 4 11 6 34 33 34 37 21 36 37 30 10 37 6 4 27 18 33 30 37 31 0 4 7 27 34 30 35 32 0 10 2 29
split_gain=0.228929 7.59732 1.0293 0.373125 0.311391 0.49481 5.19624 9.55398 4.55564 3.00512 1.75656 0.0775933 0.0722725 0.0367212 0.0352241 0.0441247 0.0310237 0.0238251 0.0632551 0.18445 0.329088 0.259668 0.0421024 0.0351499 0.0322484 0.0161566 0.0161413 0.0150552 0.0147226 0.0130713 0.0119424 0.00862618 0.00846842 0.00660401 0.00798948 0.00566892 0.00457354 0.00577892 0.00900155 0.00500007 0.00565999 0.00460638 0.00370359 0.0035574
threshold=16.425000000000004 16.465000000000003 8.3270000000000017 0.70000000000000007 1.1449999809265139 0.80000000000000016 1.5000000000000002 2.9550000429153447 6.4620000000000006 1.0000000180025095e-35 2.5000000000000004 16.525000000000002 9.9550000000000018 3.6400000000000001 6.7000000000000037 5.9000000000000012 13.900000000000004 9.9350000000000005 1.0000000180025095e-35 1.5000000000000002 11.72423076923077 2.5000000000000004 2.7300000000000004 16.140000000000004 10.065000000000003 17.890000000000004 1.6000000000000003 2.3000000000000003 1.0000000180025095e-35 7.5000000000000009 9.6700000000000017 1.0000000180025095e-35 14.005000000000001 17.355000000000004 10.010000000000002 10.400000000000002 44.500000000000007 9.9000000000000004 1.5000000000000002 3.3000000000000003 15.695000000000002 9.5600000000000005 16.175000000000004 3.5000000000000004
decision_type=2 2 2 2 2 2 2 2 2 2 2 2 2 2 2 2 2 2 2 2 2 2 2 2 2 2 2 2 2 2 2 2 2 2 2 2 2 2 2 2 2 2 2 2
left_child=2 -2 -1 -3 -4 6 7 -6 9 -8 -11 -5 13 -7 15 27 -13 25 19 -19 -21 -22 -20 33 -25 28 29 30 -16 -18 32 -30 -15 34 -24 -28 37 39 -39 41 -41 -33 -36 -38
right_child=1 3 4 11 5 12 8 -9 -10 10 -12 16 -14 14 17 -17 26 18 22 20 21 -23 23 24 -26 -27 35 -29 31 -31 -32 36 -34 -35 42 -37 43 38 -40 40 -42 -43 -44 -45
leaf_value=0.022275920444064672 -0.049573895260691642 0.0093420748143560363 -0.0084198988063467883 0.0050404167923867741 -0.0021158697682878247 -0.0025718436271159185 0.026626248106790276 0.065350208715959035 -0.032279500901699065 -0.020676813518459146 0.0079169107458808216 0.0027588444894977976 -0.0030060181568303426 0.0012606016010977329 -0.0011039681238432725 -0.0029043740310983079 -0.0030369119586733479 0.0055544772443541311 0.0053789886004394962 0.0065740974340587855 -0.0087053586281836039 0.00070916942544281482 -0.00013918788871572664 -0.00024817771239516633 -0.0045409216838223597 -0.0017064884076515832 0.00043761217719293202 0.0014383980003940114 0.00093068621390395695 -0.00047096821548486199 -0.0015265681064343668 -0.00042009685830580014 -0.0005617451247777425 -0.00098822694395979253 0.0013345031475736982 -0.00098211192370702811 0.00022806446021422745 -0.0002688614320423868 0.0013469899673701116 0.0011553215674864942 0.0001148240530028971 0.00052348656430380581 0.00042470996433662043 -0.00031973379241351631
leaf_weight=13.499999999999998 20 36 27 21 34.5 36 26 22 30 27.5 27.5 21 54 24 75 55.5 24 57 8.9999999999999982 34 30 50 150 24 21 37.5 72 27 67.5 27 55.5 181.5 51 30 42 24 97.5 36 57 39 235.5 40.5 90 342
leaf_count=9 20 36 27 21 33 36 26 16 18 26 26 21 24 24 36 33 24 31 9 16 18 28 126 24 21 15 72 27 36 27 42 102 42 15 21 24 54 21 30 30 102 18 45 162
internal_value=-2.63583e-11 -0.00232263 0.000252124 0.00187749 0.000119598 0.000223621 0.00440422 0.0241541 -0.00564865 0.00421463 -0.00637995 0.000455661 -0.000118132 -3.99632e-05 6.56448e-06 -0.000964672 -0.000117434 0.000125049 0.000568465 0.00183873 -1.91489e-05 -0.00282128 -2.50183e-05 -0.000161254 -0.00225146 -7.19029e-05 -0.000528331 -0.000281158 -1.95794e-05 -0.00167847 -0.000636928 5.45922e-05 2.14058e-05 0.000140218 0.000260265 8.26812e-05 -2.87757e-06 0.000142751 0.000721499 3.43449e-05 0.000262654 -0.000247957 0.00071419 -0.000198209
internal_weight=2502 245 2257 225 2243.5 2216.5 167.5 56.5 111 81 55 189 2049 1995 1959 213 168 1746 537 171 114 80 366 357 45 1209 147 157.5 1171.5 51 130.5 1096.5 75 312 282 96 1029 589.5 93 496.5 274.5 222 132 439.5
internal_count=1614 245 1369 225 1360 1333 145 49 96 78 52 189 1188 1164 1128 168 168 960 354 93 62 46 261 252 45 606 147 135 591 51 108 555 66 207 192 96 519 303 51 252 132 120 66 216
is_linear=0
shrinkage=0.08


Tree=77
num_leaves=45
num_cat=0
split_feature=37 34 0 6 12 14 13 2 12 34 13 34 36 35 4 16 33 36 13 12 34 16 6 16 0 4 16 27 33 37 30 31 34 0 36 31 31 37 2 16 0 22 30 35
split_gain=0.226508 3.27869 0.853998 0.836694 0.743197 0.262278 0.206971 0.193644 0.194695 0.183367 0.182652 0.204971 4.89803 2.21525 0.163284 0.0916794 0.0538343 0.0829168 0.544124 0.374132 0.0291116 0.0756824 0.0290078 0.0381859 0.0851083 0.0236923 0.0182757 0.0257456 0.0106128 0.0156331 0.00773551 0.00801714 0.00767076 0.0103778 0.0147748 0.0315489 0.0110981 0.00748541 0.00916462 0.00745068 0.00727496 0.00747211 0.0069068 0.00619588
threshold=11.655000000000001 1.0000000180025095e-35 8.3270000000000017 2.935000061988831 9.9200000000000017 9.7700000000000014 1.1449999809265139 11.069999904632569 1.1449999809265139 121.60000000000001 1.1549999713897707 0.80000000000000016 1.5000000000000002 1.5000000000000002 17.955000000000002 9.2000000000000011 1.0000000180025095e-35 1.5000000000000002 9.4400000000000031 9.7450000000000028 5.1000000000000023 7.3100000000000014 10.045000000000002 6.6750000000000016 16.330000000000002 17.325000000000003 6.6350000000000016 1.1000000000000003 1.0000000180025095e-35 9.4550000000000018 1.0000000000000002 3.3000000000000003 35.800000000000004 13.005000000000003 2.5000000000000004 1.0000000180025095e-35 0.3000000000000001 12.049615384615388 17.680000000000003 6.1450000000000005 14.005000000000001 0.70000000000000018 1.7000000000000004 1.5000000000000002
decision_type=2 2 2 2 2 2 2 2 2 2 2 2 2 2 2 2 2 2 2 2 2 2 2 2 2 2 2 2 2 2 2 2 2 2 2 2 2 2 2 2 2 2 2 2
left_child=2 3 -1 -2 5 9 -4 -8 -9 15 -10 12 -12 -14 20 16 -3 18 26 22 21 -13 23 24 -19 -24 27 -18 29 -22 -25 -32 33 -30 36 -36 -35 -27 -39 -38 -23 -42 -28 -37
right_child=1 4 6 -5 -6 -7 7 8 10 -11 11 14 13 -15 -16 -17 17 19 -20 -21 28 40 25 30 -26 37 42 -29 32 -31 31 -33 -34 34 35 43 39 38 -40 -41 41 -43 -44 -45
leaf_value=0.020493847175880715 -0.010457772221416235 0.0035832856414896069 0.0081963296163649786 -0.032323522803684078 -0.012690007065733273 0.0096684270387604118 -0.0077207550673912733 0.01468125581741333 -0.013688499331474304 0.0073949061287567021 0.029444625177420677 -0.0049693365008742722 -0.02286905799554113 0.0069566574518879253 0.0048447207013765968 -0.0049351851934833187 -0.0024283257948991377 0.00048593628115486357 0.014066619355697186 -0.010109410018970569 -0.001876782044425778 0.00087208504664401209 -0.0023908053426181571 0.0010768846571445464 0.0068774911798536774 0.001061308598436881 0.0022346047526225449 0.00045643059430982576 0.001943202146794647 0.00026799950791501451 -0.0016326584546671561 0.00023500308520038073 -5.9326262005028432e-05 -0.00082534631121564995 0.0031529288642829461 0.00091112273706924873 0.00093204617390737826 0.00085160831334481668 -0.0010768563450192629 -9.2633531109408245e-06 -0.001352921004096667 0.00045478607527911665 0.00038040651814854861 -4.3206714170495256e-05
leaf_weight=13.499999999999998 21 33 21 24 27 21 19.5 5.9999999999999991 5.9999999999999991 24 32 27 34 30 45 21 36 40 20 24 43.5 30 34 30 20 32 20 44 24 43.5 24 38 805.5 88 31 79 68 24 46 258 37.5 24 36 97
leaf_count=9 21 33 21 24 24 21 15 6 6 21 26 12 28 24 18 21 35 40 14 16 21 30 34 30 20 16 20 34 24 21 24 38 396 48 16 45 30 24 36 136 30 24 36 46
internal_value=-2.22434e-11 -0.0012997 0.000445791 -0.0221195 0.000277556 0.000895059 0.000299455 0.000208761 0.000294237 0.000557622 0.00024636 0.000292887 0.00388937 -0.00888825 8.99106e-05 0.000243264 0.000460325 0.000240116 0.00174604 -0.000512846 -3.92962e-05 -0.0012475 0.000286867 0.00104632 0.00261645 -0.000561929 -6.58092e-05 -0.00084171 5.38242e-05 -0.000804391 2.23136e-05 -0.000487963 0.000105299 0.00031089 0.000247805 0.000799654 -2.8119e-05 4.76969e-05 -0.000415668 0.000187083 -0.000149258 -0.000647474 0.00104262 0.000385157
internal_weight=2502 639 1863 45 594 567 1849.5 1828.5 1809 546 1803 1797 96 64 1701 522 501 468 156 312 1656 118.5 288 152 60 136 136 80 1537.5 87 92 62 1450.5 645 621 207 414 102 70 326 91.5 61.5 56 176
internal_count=1614 582 1032 45 537 513 1023 1002 987 492 981 975 78 52 897 471 450 417 139 278 879 96 262 152 60 110 125 69 783 42 92 62 741 345 321 107 214 76 60 166 84 54 56 91
is_linear=0
shrinkage=0.08


Tree=78
num_leaves=45
num_cat=0
split_feature=15 15 35 16 16 5 33 15 37 13 15 16 35 6 6 36 2 0 37 36 8 0 32 29 36 32 15 35 35 29 36 33 36 36 37 29 18 37 6 12 0 37 16 37
split_gain=0.237507 5.27592 1.58752 6.42332 1.9417 1.12955 1.62177 0.741261 0.298793 0.551178 0.179681 0.219863 0.155149 0.558861 0.459984 0.312443 0.809669 0.63681 0.107885 0.77546 1.44167 0.0990632 0.0621453 0.0450823 0.0364426 0.120687 0.023994 0.0517958 0.0216828 0.0251037 0.015892 0.0138178 0.0122068 0.00781652 0.0113753 0.0102816 0.00859241 0.0111137 0.0384382 0.0146337 0.0107803 0.00837239 0.0100753 0.00744341
threshold=1.9073076923076921 1.9399999999999999 1.0000000180025095e-35 6.6350000000000016 6.0226923076923082 2.935000061988831 1.0000000180025095e-35 1.7950000762939455 1.6799999833106998 1.1549999713897707 1.4150000000000003 7.3600000000000021 1.5000000000000002 4.3800000000000008 3.6400000000000001 2.5000000000000004 16.425000000000004 16.485000000000003 4.8450000000000006 1.5000000000000002 5.0400000000000009 14.055000000000001 3.1000000000000005 40.400000000000013 1.5000000000000002 0.3000000000000001 2.2050000000000001 1.5000000000000002 1.0000000180025095e-35 1.0000000000000002 1.5000000000000002 1.7000000000000004 2.5000000000000004 1.5000000000000002 5.2400000000000011 0.70000000000000007 17.200000000000006 16.165000000000003 9.9950000000000028 7.8350000000000009 17.795000000000005 12.049615384615388 6.1450000000000005 15.345000000000001
decision_type=2 2 2 2 2 2 2 2 2 2 2 2 2 2 2 2 2 2 2 2 2 2 2 2 2 2 2 2 2 2 2 2 2 2 2 2 2 2 2 2 2 2 2 2
left_child=2 -2 3 -1 -4 -5 -7 8 -6 -10 11 22 14 -14 -11 16 -16 -17 19 -3 -21 -20 -8 26 -15 -26 27 28 29 -23 -18 -30 -22 35 -35 -28 37 41 -39 -40 -41 42 -36 -43
right_child=1 18 4 5 7 6 10 -9 9 12 -12 -13 13 24 15 17 30 -19 21 20 32 23 -24 -25 25 -27 33 -29 31 -31 -32 -33 -34 34 36 -37 -38 38 39 40 -42 43 -44 -45
leaf_value=0.045208665680000558 -0.039506818801164627 0.007764494814832385 -0.01580041954914729 -0.015480202741566158 0.0071730311914826881 0.020065316061178843 0.0035470467199268047 0.011471632812682488 -0.017617918749650321 0.0095077153601192139 0.0049899162724614142 -0.0069115162928673358 -0.010294240166743596 -0.0015221288939568376 0.016131134584800085 -0.013250166471867312 -0.0011873130796043875 0.0012359307405859 0.0044503368871907393 -0.02552549567632377 -0.0006170796044170857 0.00052976406216017767 -0.0016281967337622686 0.0029382523781422416 0.0040415910607350339 -0.00073299170225779987 -0.0017767852313816548 -0.0026675323076132272 7.3030005556111246e-05 -0.0029200170506481771 0.00049353391009693346 0.0022367765915890536 0.0021779785603284834 -0.0040245666727423673 0.00063655818855313921 -9.999460600428334e-05 0.0014099250643108136 0.0041140001607127483 -0.0010007414256688208 0.0025415488528087739 -2.4725227955390107e-05 -0.0014698098911903798 -7.0890940616199588e-05 0.00019718516447270911
leaf_weight=25 22 30 51 21 33 33 33 36.5 11.999999999999998 36 36 33 40.5 94.5 22 31 72 52 33 20 20 27 27 33 44.5 142 25 67.5 51 27 72 30 20 3.9999999999999991 196 366.5 39 20 36 20 22 40 376 30
leaf_count=25 16 30 24 21 33 33 33 23 12 36 36 33 36 39 20 20 36 26 33 20 20 27 27 18 19 58 15 27 39 27 36 15 20 4 86 217 32 20 36 20 22 30 184 30
internal_value=3.69517e-11 -0.000608268 0.000998792 0.00717277 -0.000738944 0.00197661 0.00423953 0.000377531 -0.000244011 -0.000639746 0.000191071 -0.00166655 -0.000303822 -0.00150853 0.00105517 -0.000166883 0.00183694 -0.00417454 -5.00365e-05 -0.0027373 -0.0079882 0.000117568 0.00121819 1.61631e-05 -0.00024226 0.000406252 -5.38652e-05 -0.000858111 4.66e-05 -0.00119513 -0.00034689 0.000874418 0.000780449 8.47978e-05 0.000230731 -0.000207069 0.000252581 0.000191586 0.000985105 0.000182825 0.00119731 7.04573e-05 0.000171522 -0.000755383
internal_weight=2502 1555 947 208 739 183 162 688 651.5 618.5 129 93 606.5 321.5 285 249 166 83 1533 90 60 1443 60 1410 281 186.5 1377 202.5 135 54 144 81 40 1174.5 783 391.5 779 740 98 78 42 642 572 70
internal_count=1614 988 626 208 418 183 162 394 371 338 129 93 326 152 174 138 92 46 972 90 60 882 60 849 116 77 831 135 108 54 72 54 40 696 464 232 460 428 98 78 42 330 270 60
is_linear=0
shrinkage=0.08


Tree=79
num_leaves=45
num_cat=0
split_feature=37 4 0 33 12 34 37 16 16 0 37 37 15 37 10 37 16 9 34 16 3 3 6 28 33 8 16 0 33 37 19 33 34 16 29 31 16 9 17 34 33 22 34 37
split_gain=0.249758 7.01732 0.747666 0.279373 0.243121 0.483805 1.27577 0.601632 0.518691 0.11993 0.103306 0.0699759 0.572652 1.08718 0.264452 0.082447 0.0510918 0.021049 0.0209478 0.0652452 0.018416 0.0177373 0.0396663 0.0217637 0.0128301 0.0102886 0.0142609 0.0107345 0.00977127 0.00839961 0.0121081 0.00830268 0.00755105 0.00665889 0.00460626 0.0105009 0.00401691 0.00373202 0.00371151 0.00368657 0.00418521 0.00306678 0.00275745 0.0023832
threshold=16.425000000000004 16.455000000000002 8.3270000000000017 0.50000000000000011 1.1449999809265139 0.80000000000000016 7.8750000000000009 9.0050000000000026 9.0399999618530291 16.475000000000005 2.8800000000000003 11.470000000000001 1.8342307692307702 12.915000000000001 9.9550000000000018 11.832692307692311 5.9846153846153838 11.285000000000002 5.1000000000000023 7.3100000000000014 17.935000000000006 16.185000000000006 10.045000000000002 51.000000000000007 0.3000000000000001 11.703076923076924 6.0550000000000024 13.265000000000002 3.1000000000000005 4.3200000000000012 5.9000000000000012 0.3000000000000001 35.800000000000004 6.1050000000000013 1.3 1.0000000180025095e-35 8.9800000000000022 9.7950000000000017 3.7000000000000006 16.900000000000009 7.8000000000000007 68.500000000000014 8.7000000000000046 9.9950000000000028
decision_type=2 2 2 2 2 2 2 2 2 2 2 2 2 2 2 2 2 2 2 2 2 2 2 2 2 2 2 2 2 2 2 2 2 2 2 2 2 2 2 2 2 2 2 2
left_child=2 -2 -1 -3 -4 6 8 -8 10 -5 -6 14 13 -13 18 -14 -11 28 19 -7 25 22 24 -23 -17 26 -20 -28 -18 30 -29 36 -30 -31 35 -35 -21 -37 -26 42 41 43 -36 -41
right_child=1 3 4 9 5 11 7 -9 -10 16 -12 12 15 -15 -16 21 17 -19 20 31 -22 23 -24 -25 38 -27 27 29 32 33 -32 -33 -34 34 39 37 -38 -39 -40 40 -42 -43 -44 -45
leaf_value=0.019033768971761067 -0.047837808235548444 0.0097686042015751214 -0.007395148147587423 0.0063576626014851395 -0.01023733248313268 -0.0045182455469060826 0.017679015320280326 0.0035232577337460085 0.0063321571648120882 0.0028137249429004661 -0.0034937013851271737 -0.022931807258476815 0.0035557620604300781 -2.7494865159193674e-05 0.0063907172075761045 -0.0016056156042031943 -0.0012414420742160555 -0.0022625753842294215 -0.0012826550849760422 0.0012093356425563495 -0.0014305662658242952 0.001891442021044592 -0.0040102001871647579 -0.00049071646192007596 0.00072531749206107294 0.0011339028977214868 0.0014627336664125323 0.00034168082944772862 0.0014807711289850651 0.00080031646076928495 -0.0019935093857347966 -0.00095732550919055948 -0.00019155763752375305 0.0014478602072584533 2.8543943240318769e-05 -9.7907196275915479e-05 -0.00017923141868474586 0.00068085564705715684 -0.00022852703993060232 2.8575579905160391e-05 -0.00020561550167536025 0.00077597108475553503 -0.00082578240743411396 0.00051105971424243387
leaf_weight=13.499999999999998 20 24 27 21 27 27 46 33 30 33 31.5 21 42 36 42 36 33 39 49.5 30 52.5 45 21 54 42 58.5 36 27 27 82.5 30 37.5 48 46.5 40.5 145.5 24 54 69 409.5 304.5 48 60 78
leaf_count=9 20 24 27 21 27 12 28 33 30 33 27 15 21 36 18 36 33 39 21 30 21 33 21 27 42 24 36 27 27 36 30 30 48 24 18 78 24 24 69 186 144 36 30 39
internal_value=-3.70103e-11 -0.00242599 0.000263344 0.00161061 0.000150395 0.00024231 0.00437616 0.0117659 -0.00222028 0.000636527 -0.00660615 -9.56206e-05 -0.00109814 -0.00846593 0.000122397 0.000260961 -3.09392e-05 -0.000669537 -3.80352e-05 -0.00106256 4.17065e-05 -0.000257323 -0.000757865 0.000592083 -0.000293246 9.42877e-05 5.12005e-05 9.96777e-05 -9.42735e-05 6.26716e-05 -0.000887367 -4.28546e-05 0.000410481 0.000105345 5.70218e-05 0.000365228 0.000592195 0.000112886 0.000132387 -2.35937e-05 3.11917e-05 0.000165847 -0.000481502 0.000105773
internal_weight=2502 245 2257 225 2243.5 2216.5 167.5 79 88.5 201 58.5 2049 366 57 1683 309 180 147 1641 118.5 1522.5 267 168 99 147 1470 1411.5 1362 108 1326 57 91.5 75 1269 1186.5 246 54 199.5 111 940.5 840 535.5 100.5 487.5
internal_count=1614 245 1369 225 1360 1333 145 61 84 201 54 1188 300 51 888 249 180 147 870 96 774 228 168 60 147 753 729 708 108 672 57 84 75 615 579 126 54 102 111 453 405 261 48 225
is_linear=0
shrinkage=0.08


Tree=80
num_leaves=45
num_cat=0
split_feature=37 32 15 4 34 12 34 37 16 16 35 37 10 10 32 13 16 10 35 34 33 16 10 26 33 3 30 16 34 1 33 21 16 22 32 16 15 13 16 32 23 16 30 1
split_gain=0.211396 7.46116 0.632824 0.229577 0.221141 0.205778 0.409493 1.07981 0.509221 0.43902 1.02205 0.0592276 0.497046 0.223832 0.0599339 0.0345745 0.0302354 0.0242101 0.0187128 0.0426495 0.125561 0.0183976 0.0251071 0.0210478 0.0137672 0.012654 0.0102206 0.0217065 0.0177049 0.0079336 0.0071644 0.00684054 0.0135466 0.0133637 0.006135 0.00495071 0.0050905 0.00488629 0.00481801 0.00470035 0.00431891 0.00403053 0.00358337 0.00312675
threshold=16.425000000000004 0.3000000000000001 -0.59100000000000052 16.515000000000004 13.500000000000002 1.1449999809265139 0.80000000000000016 7.8750000000000009 9.0050000000000026 9.0399999618530291 1.5000000000000002 11.470000000000001 9.8950000000000014 9.9550000000000018 24.800000000000004 9.2200000000000006 9.2000000000000011 8.9450000000000021 1.5000000000000002 5.6000000000000041 5.9000000000000012 6.0550000000000024 7.8050000000000006 6.2000000000000011 1.0000000180025095e-35 17.935000000000006 1.3 6.8000000000000025 12.700000000000003 17.835000000000004 3.5000000000000004 1.9000000000000001 6.0700000000000012 68.500000000000014 12.100000000000001 6.9300000000000015 1.2849999999999999 7.8350000000000009 7.7400000000000011 0.70000000000000007 4.1000000000000005 6.6750000000000016 9.9000000000000004 16.330000000000002
decision_type=2 2 2 2 2 2 2 2 2 2 2 2 2 2 2 2 2 2 2 2 2 2 2 2 2 2 2 2 2 2 2 2 2 2 2 2 2 2 2 2 2 2 2 2
left_child=2 -2 -1 -3 -5 -4 7 9 -9 10 -7 13 14 18 16 17 21 34 26 20 -20 23 24 -13 -23 29 27 -8 39 31 -24 32 -21 38 41 37 -37 40 42 -29 43 -6 -33 -28
right_child=1 3 5 4 15 6 11 8 -10 -11 -12 12 -14 -15 -16 -17 -18 -19 19 25 -22 22 30 -25 -26 -27 35 28 -30 -31 -32 33 -34 -35 -36 36 -38 -39 -40 -41 -42 -43 -44 -45
leaf_value=0.017511066860622832 -0.049057836666237566 0.0080943008083285712 -0.0068035359494388109 0.0071801259842080379 0.00074987813546799884 0.005343784468196746 0.001805386162864474 0.016264695188273556 0.0032413980014847988 0.0058255845407644913 -0.015867460038926865 0.0021426677170933951 -0.012139269467443228 0.0058794598103988739 0.0033880052080860847 -0.0024838654764203559 -0.0034719914339837576 0.0028069526311897096 0.00033695803103988528 -0.0017428050607442855 -0.0066483725695049055 -0.0021442325271311259 -0.0032672735998251785 -0.00049344809980885612 4.8392263912925659e-05 -0.0013161209261133558 -0.00032345369218900384 0.00010288762854179368 0.0018430246089895567 0.00099763603467080322 -0.0013676070470224927 7.9305040633586137e-05 -0.00015896781052694004 -0.0012109896282354992 -0.0012920242317098504 0.0014197953610370557 0.00022134281514633086 0.00027110961766835923 0.0012628178453693787 -0.00097871476401471423 0.00028312558584191178 -0.00037954464582504616 0.0007986983930071195 -0.0011369315931750905
leaf_weight=13.499999999999998 20 33 27 30 39 27 78 46 33 30 31.5 36 24 42 27 36 21 21 46.5 37.5 25.5 21 24 42 144 52.5 108 60 30 45 27 169.5 441 37.5 24 30 93 150 36 45 54 42 60 42
leaf_count=9 20 33 27 30 39 27 39 28 33 30 27 21 12 18 18 36 21 21 42 15 12 21 21 21 144 21 54 48 21 18 21 75 189 33 24 18 69 75 36 33 27 42 24 21
internal_value=-1.17241e-11 -0.00223191 0.000242277 0.00193039 0.000870971 0.000138364 0.000222926 0.00402607 0.0108246 -0.00204266 -0.00607765 -8.79709e-05 -0.00101029 0.000112605 -0.000229312 -0.000297391 -0.000539368 0.000327316 -3.49923e-05 -0.000265104 -0.00213701 -0.000329895 -0.000710187 0.000723221 -0.000230669 -0.000111774 0.000282162 0.00074292 0.000129051 -3.52728e-05 -0.00226157 -9.47493e-05 -0.000283093 0.000202685 -0.000168612 7.64148e-05 0.000513648 -7.55054e-05 0.000402356 -0.000360656 -0.000330369 0.000164252 0.000267382 -0.000551228
internal_weight=2502 245 2257 225 192 2243.5 2216.5 167.5 79 88.5 58.5 2049 366 1683 342 162 315 126 1641 951 72 294 216 78 165 879 690 213 135 826.5 51 781.5 478.5 303 105 477 123 354 265.5 105 204 81 229.5 150
internal_count=1614 245 1369 225 192 1360 1333 145 61 84 54 1188 300 888 288 162 270 126 870 465 54 249 207 42 165 411 405 141 102 390 42 372 204 168 105 264 87 177 135 81 102 81 99 75
is_linear=0
shrinkage=0.08


Tree=81
num_leaves=45
num_cat=0
split_feature=15 34 35 16 6 5 33 15 15 35 0 10 34 16 32 34 34 37 29 36 29 35 37 0 37 3 33 33 37 37 16 14 34 5 15 37 15 7 15 16 17 37 37 0
split_gain=0.181297 3.35885 1.43763 6.19667 1.87115 0.982609 1.2407 0.870736 0.191332 0.855086 0.550868 0.267944 0.147367 0.160159 0.0548078 0.0460315 0.0468021 0.110927 0.0361462 0.014855 0.022011 0.0120759 0.0116227 0.00775525 0.00710199 0.010461 0.00663856 0.00659961 0.0222138 0.00801363 0.0138522 0.00827927 0.00636122 0.00566513 0.00553578 0.00549902 0.0169692 0.0187813 0.0108158 0.00751964 0.00918583 0.00497331 0.00489174 0.00483952
threshold=1.8823076923076927 1.0000000180025095e-35 1.0000000180025095e-35 6.6350000000000016 2.9150000810623173 2.935000061988831 1.0000000180025095e-35 1.7950000762939455 1.7299999999999995 1.5000000000000002 16.375000000000004 8.0000000000000018 8.2000000000000046 6.6850000000000014 3.1000000000000005 0.80000000000000016 121.60000000000001 9.8850000000000033 0.70000000000000007 1.5000000000000002 0.70000000000000007 1.5000000000000002 9.8750000000000018 13.180000000000001 8.3150000000000013 16.475000000000005 20.700000000000006 1.0000000180025095e-35 10.105000000000002 11.936538366171032 6.0950000000000015 7.7300000000000013 6.7000000000000037 12.01346153846154 2.1350000000000002 10.065000000000003 2.2050000000000001 10.085000000000003 3.0700000000000007 6.1150000000000011 1.7000000000000004 8.5250000000000004 9.1050000000000022 16.985000000000003
decision_type=2 2 2 2 2 2 2 2 2 2 2 2 2 2 2 2 2 2 2 2 2 2 2 2 2 2 2 2 2 2 2 2 2 2 2 2 2 2 2 2 2 2 2 2
left_child=2 -2 3 -1 -4 -5 -7 8 22 10 -10 -11 -8 -14 18 -3 19 -18 -15 20 21 -17 23 -6 -25 -26 27 28 -21 35 33 -32 -27 -31 -22 36 37 -29 -37 -38 -41 -42 -28 -34
right_child=1 15 4 5 7 6 12 -9 9 11 -12 -13 13 14 -16 16 17 -19 -20 26 34 -23 -24 24 25 32 42 29 -30 30 31 -33 43 -35 -36 38 39 -39 -40 40 41 -43 -44 -45
leaf_value=0.046915532892400566 -0.02340929862484336 0.0057781941324679389 -0.019397913903901071 -0.014303796688715618 0.0012817311389113051 0.017930788339087459 0.0058030911879958938 0.012126575372985577 -0.0035901992842555046 -0.002027348772933086 -0.019851093074927727 0.0089051404432816932 0.0053822857558372475 -0.0029275424786222477 -0.0049674282288602132 -0.00087444036267697817 -0.00030237891031281342 0.0052644052501353957 0.0014631291661256305 -0.00045452323194374055 -0.0017486924472553977 -0.002996974464762828 -0.0013095628221829734 -0.00070603063832756817 0.0013388933857592445 -0.000755366440517483 -0.00017194755661946077 8.0888074988156176e-05 0.0027243287135691693 -0.0023254625181600981 -0.00030712357895258311 0.0013929404216733846 3.4204471737602689e-05 -0.0007432336838295063 -0.00015669504424912394 0.0013697746315350136 0.00091479596445957821 -0.0025072500665726904 -6.7061166980573425e-05 -0.00058990981953129884 0.00052764598372981287 -0.00036640639179565294 0.0011264235970850748 0.00085137914645632632
leaf_weight=22 40 8.9999999999999982 33 21 36 33 27 36.5 30 30 24 27.5 21 24 33 42 63 36 24 34 14.499999999999998 29 37.5 66 45 54 26 38 24 28 110 22 249 30 389 60 75 34 76 105 170 52 65 57
leaf_count=22 34 9 24 21 36 33 27 23 30 30 12 11 21 24 33 34 27 27 24 28 12 17 15 48 21 24 14 32 20 26 110 22 111 20 237 30 30 14 38 50 100 26 40 27
internal_value=-3.93194e-12 -0.000524014 0.000884995 0.00680058 -0.000786535 0.00197801 0.00408862 0.000100361 -0.00056878 -0.00358799 -0.0108173 0.00320123 0.0005476 -0.000843559 -0.00245767 7.37084e-05 3.99873e-05 0.00172191 -0.000732207 -7.6985e-05 -0.000442464 -0.00174139 4.94796e-05 0.00015 6.34988e-05 0.000188904 0.000105755 3.68463e-05 0.000860864 -2.28949e-05 -0.000476573 -2.37796e-05 4.51548e-05 -0.00150707 -0.000213904 0.000118415 -1.02466e-05 -0.00114129 0.000566837 0.000192328 2.66243e-05 0.000318228 0.00075546 0.000186423
internal_weight=2502 1571.5 930.5 205 725.5 183 162 692.5 656 111.5 54 57.5 129 102 81 1531.5 1522.5 99 48 1423.5 474.5 71 544.5 507 471 405 949 858 58 800 190 132 360 58 403.5 610 474 72 136 402 327 222 91 306
internal_count=1614 997 617 205 412 183 162 388 365 83 42 41 129 102 81 963 954 54 48 900 300 51 282 267 231 183 600 546 48 498 178 132 162 46 249 320 252 46 68 206 176 126 54 138
is_linear=0
shrinkage=0.08


Tree=82
num_leaves=45
num_cat=0
split_feature=37 33 0 34 34 37 37 2 37 8 3 4 0 33 37 15 37 10 37 34 3 36 31 31 33 3 4 16 34 20 33 17 0 36 37 3 34 2 0 4 37 8 9 33
split_gain=0.24933 7.23639 0.556754 0.480064 0.236485 0.959059 1.57628 3.31639 0.612258 1.4135 0.242472 0.0818215 0.145826 0.0618285 0.0413522 0.435969 0.767669 0.173683 0.0693544 0.0309867 0.0250486 0.0168302 0.0446819 0.035595 0.080417 0.0277872 0.0226273 0.0170776 0.0163096 0.0140002 0.0200736 0.0183038 0.0139477 0.013897 0.00932752 0.00926418 0.00846294 0.00834708 0.0172071 0.00724179 0.00893731 0.0100939 0.00562754 0.00547996
threshold=16.185000000000006 0.3000000000000001 8.3270000000000017 8.7000000000000046 0.80000000000000016 11.97499990463257 9.7850000000000019 13.645000000000001 2.7300000000000004 2.9450000524520878 11.97499990463257 16.545000000000005 16.425000000000004 1.0000000000000002 11.470000000000001 1.8342307692307702 12.915000000000001 9.9550000000000018 11.832692307692311 30.700000000000006 16.475000000000005 2.5000000000000004 1.0000000180025095e-35 0.3000000000000001 5.9000000000000012 17.910000000000004 17.650000000000002 8.9150000000000009 5.400000000000003 1.9000000000000001 18.200000000000003 1.5000000000000002 12.915000000000001 1.5000000000000002 14.240000000000002 17.910000000000004 9.9000000000000039 13.095000000000002 14.200000000000001 16.140000000000004 8.7750000000000004 10.115 10.025 1.0000000180025095e-35
decision_type=2 2 2 2 2 2 2 2 2 2 2 2 2 2 2 2 2 2 2 2 2 2 2 2 2 2 2 2 2 2 2 2 2 2 2 2 2 2 2 2 2 2 2 2
left_child=2 -2 -1 -3 5 6 7 8 9 -4 -10 12 -5 -13 17 16 -16 21 -17 -15 -14 23 -23 24 36 27 32 28 -25 30 34 -31 -24 -29 -20 -21 43 -34 -39 -40 41 -41 -42 -6
right_child=1 3 4 11 14 -7 -8 -9 10 -11 -12 13 20 19 15 18 -18 -19 29 35 -22 22 26 25 -26 -27 -28 33 -30 31 -32 -33 37 -35 -36 -37 -38 38 39 40 42 -43 -44 -45
leaf_value=0.016483109085648148 -0.046302659003572028 0.013373310385271906 0.020274048096367289 -0.0013036022544132941 0.00098174093098476003 0.017832060384874542 -0.012064223806063335 0.030190081701234536 -0.012955471230488198 -0.0090783555308977769 -0.0020774752472492832 -0.0045623594340646551 0.0077566011462892803 0.0029232819145268187 -0.019418986993176596 0.0033527346926608254 0.00052407131157815464 0.005172626163278308 -0.00080478665561725703 -8.9199833275328957e-05 0.003849211314338304 0.0024985504775829272 -0.0039206914852062862 -0.0033886642919646369 -0.0049513516647200426 -0.0020764011936262252 0.0017739005965869065 0.0030375068279152569 3.5566116709623748e-05 0.0026376228675334935 0.0010061301330499576 -1.2757685215120421e-05 0.0029261158158381778 0.00019400159024040808 -0.0025388330424687376 -0.0019298639176746034 -0.0010809186286913853 -0.0026530548441223802 0.00053893670008410934 -0.0012255641748620705 0.00054580150556886146 0.00021494552157819271 -0.00043631414939527928 -0.00041667828158019706
leaf_weight=13.499999999999998 22 20 21 33 29 24 45 27 25.5 21 27 21 21 21 21 42 30 42 75 105 21 54.5 5.9999999999999991 8.9999999999999982 31 40 46 22 819 21 33 81 5.9999999999999991 22 27 21 75 15.999999999999998 122 82.5 106.5 50 57.5 47
leaf_count=9 22 20 21 33 24 24 36 18 21 21 27 21 21 21 15 21 30 18 51 105 21 32 6 4 16 16 19 22 404 21 18 81 6 22 27 21 40 16 80 33 50 20 28 32
internal_value=-1.59234e-12 -0.00222738 0.000286334 0.00145953 0.000187103 0.00288118 0.000726098 0.00546325 -0.00160155 0.00559785 -0.00736107 0.000478969 0.00267604 -0.000501868 -6.78509e-05 -0.000886698 -0.00768778 9.27073e-05 0.00035651 7.82027e-05 0.00580291 -3.73089e-05 0.000325014 -0.00021847 -0.00123997 -1.46186e-05 8.44902e-05 7.99586e-05 -1.65378e-06 -0.000174466 -0.000708927 0.000532909 -8.95588e-05 0.00161575 -0.0012638 -0.000395977 -0.000478028 -3.73754e-05 -7.82982e-05 2.01393e-05 -0.000193329 -0.000681976 0.000201462 0.000116929
internal_weight=2502 285 2217 263 2203.5 190.5 166.5 121.5 94.5 42 52.5 243 75 168 2013 330 51 1683 279 147 42 1641 547 1094 182 912 492.5 872 828 237 135 102 446.5 44 102 126 151 440.5 434.5 418.5 296.5 132.5 164 76
internal_count=1614 285 1329 263 1320 168 144 108 90 42 48 243 75 168 1152 264 45 888 219 147 42 870 290 580 112 468 258 452 408 198 96 102 239 44 78 126 96 233 227 211 131 53 78 56
is_linear=0
shrinkage=0.08


Tree=83
num_leaves=45
num_cat=0
split_feature=8 37 34 37 0 37 37 33 4 6 37 15 37 10 37 32 0 36 32 31 33 4 4 29 33 27 13 13 36 22 33 34 34 14 37 18 32 37 29 33 37 33 31 31
split_gain=0.214394 3.07969 0.590223 4.26992 8.22977 3.42109 0.158358 0.359059 0.182615 0.0561265 0.0454864 0.40606 0.603033 0.146223 0.0608678 0.0423149 0.0156869 0.0188426 0.0570428 0.0280372 0.068065 0.0225564 0.0190496 0.0115195 0.0121602 0.0113745 0.0124459 0.0195571 0.00944962 0.018249 0.00850265 0.0142315 0.00716303 0.00670081 0.008632 0.00599768 0.00646914 0.00494581 0.00594914 0.00463823 0.00463166 0.00460218 0.00374589 0.00369711
threshold=2.935000061988831 7.463000000000001 1.0000000180025095e-35 9.7850000000000019 16.415000000000003 2.9500000238418584 16.425000000000004 0.50000000000000011 16.515000000000004 2.9450000524520878 11.470000000000001 1.8342307692307702 12.915000000000001 9.9550000000000018 11.832692307692311 0.70000000000000007 12.820000000000002 2.5000000000000004 1.0000000180025095e-35 0.3000000000000001 5.9000000000000012 17.845000000000002 17.650000000000002 6.7000000000000002 3.9000000000000004 13.000000000000002 7.8950000000000005 7.8050000000000006 1.5000000000000002 22.600000000000005 5.0000000000000009 19.600000000000005 9.9000000000000039 7.4800000000000013 8.0900000000000016 2.1000000000000005 1.7000000000000004 9.9950000000000028 0.3000000000000001 1.0000000180025095e-35 4.1100000000000003 8.4000000000000004 15.100000000000001 1.0000000000000002
decision_type=2 2 2 2 2 2 2 2 2 2 2 2 2 2 2 2 2 2 2 2 2 2 2 2 2 2 2 2 2 2 2 2 2 2 2 2 2 2 2 2 2 2 2 2
left_child=1 -1 3 5 -5 9 10 -8 -9 -2 13 12 -12 16 -13 -10 -4 19 -19 20 32 30 33 24 -17 26 27 28 29 -16 37 -32 39 40 -35 -30 -37 38 -21 -18 -20 -26 -40 -36
right_child=2 -3 6 4 -6 -7 7 8 15 -11 11 14 -14 -15 25 23 17 18 22 21 -22 -23 -24 -25 41 -27 -28 -29 35 -31 31 -33 -34 34 43 36 -38 -39 42 -41 -42 -43 -44 -45
leaf_value=0.019080344048284351 -0.0029975863165842991 -0.012139378021924923 0.0028605847929914791 0.0071404884424474506 -0.057244015584389372 0.031760699942951762 0.011370559657613436 0.0065476641104076846 0.0032250874303281309 -0.0086608268267342036 -0.017865467695962815 0.003084515556693077 -0.00080711209525664645 0.0047588160301425628 -0.0030890050707384942 -0.0022571024813999732 0.00090320164915816544 0.0029167941503226756 -0.00062646271599899799 0.00098839568522046586 -0.0045552438064928981 -0.0019102890547364952 0.001631988484574401 0.00047134875946554418 0.0004171001555708547 0.0014731007146959504 -0.0012912122227576081 0.0022876133379482089 0.00093111561059853749 -2.6509986879924931e-05 -0.0019089238246281942 -9.919455367827353e-05 -0.00099444513159493617 -0.0011885482322735092 0.00055468799546360976 -0.001380248348771905 0.0002525616283740171 0.0010384130718496939 -4.1812467491528133e-05 -0.00038334400800522418 0.00043854829260775983 -0.00090086340654987646 0.00069261158028474223 -0.00028088262724548075
leaf_weight=42 24 39 11.999999999999998 27 24 24 24 33 24 21 21 42 36 42 20 30 29 50 31 51 31 40 46 63 30 24 66 21 38 33 30 381 75 60 44 24 44 48 306 47 166.5 39 52 147.5
leaf_count=42 24 30 12 27 15 15 24 33 24 21 15 21 36 18 20 30 24 30 31 36 16 16 19 63 30 12 39 21 38 33 20 182 40 24 20 24 44 24 162 32 97 39 24 67
internal_value=-2.08182e-12 0.00404863 -0.000135456 -0.00560522 -0.0231581 0.00736866 0.000149799 0.00208119 0.00106318 -0.00564043 -7.8252e-05 -0.000882907 -0.00709177 9.7543e-05 0.000251404 9.01254e-05 -2.13237e-05 -4.24753e-05 0.000341601 -0.000234513 -0.00114077 -5.28626e-05 8.148e-05 -0.000374313 -0.000912462 -0.000189302 -0.000351487 -6.9217e-06 -0.000309974 -0.00118217 3.27331e-05 -0.000231292 -0.000439786 -7.73694e-05 -0.00035124 0.000126124 -0.000323724 0.000270182 0.000180023 0.000107575 0.000271382 -0.000327836 6.48637e-05 -8.88977e-05
internal_weight=2502 81 2421 120 51 69 2301 243 219 45 2058 369 57 1689 312 186 1647 1635 545 1090 182 908 495 162 99 270 246 180 159 53 868 411 151 449 251.5 106 68 457 409 76 197.5 69 358 191.5
internal_count=1614 72 1542 102 42 60 1440 243 219 45 1197 303 51 894 252 186 876 864 288 576 112 464 258 162 99 231 219 180 159 53 448 202 96 239 111 106 68 246 222 56 128 69 186 87
is_linear=0
shrinkage=0.08


Tree=84
num_leaves=45
num_cat=0
split_feature=37 34 35 0 6 10 0 7 33 37 0 34 11 10 34 37 34 34 18 30 13 35 34 33 22 34 11 27 34 36 29 3 6 30 32 2 22 33 0 0 21 22 20 20
split_gain=0.221067 6.3852 0.767224 8.12475 6.05549 0.397362 1.20172 0.258058 0.211925 0.151627 0.237391 0.718271 0.0688486 0.0535366 0.0518874 0.0313179 0.0299122 0.0608911 0.0300279 0.0283033 0.0356729 0.0207726 0.0411184 0.093786 0.0199515 0.0150571 0.0137614 0.0136616 0.0168439 0.0178141 0.0269246 0.0166576 0.0133384 0.0212519 0.0131452 0.0147417 0.00504535 0.0115804 0.00956402 0.00536633 0.00473653 0.0063267 0.00484502 0.00469013
threshold=16.185000000000006 6.7000000000000037 1.0000000180025095e-35 8.3270000000000017 2.9250000715255742 1.1449999809265139 11.954999923706056 2.9550000429153447 0.50000000000000011 1.1549999713897707 12.329999885559085 1.0000000180025095e-35 9.9550000000000018 9.9200000000000017 119.60000000000004 2.9250000715255742 21.900000000000006 31.500000000000004 0.3000000000000001 0.70000000000000007 9.7700000000000014 1.5000000000000002 5.1000000000000023 5.9000000000000012 29.300000000000004 0.80000000000000016 9.7450000000000028 6.6000000000000005 69.000000000000014 1.5000000000000002 0.70000000000000007 16.185000000000006 9.9200000000000017 6.9000000000000012 1.5000000000000002 16.175000000000004 63.400000000000013 1.0000000180025095e-35 15.100000000000003 16.165000000000003 3.3000000000000003 7.7000000000000002 3.7000000000000006 3.7000000000000006
decision_type=2 2 2 2 2 2 2 2 2 2 2 2 2 2 2 2 2 2 2 2 2 2 2 2 2 2 2 2 2 2 2 2 2 2 2 2 2 2 2 2 2 2 2 2
left_child=2 -2 4 -4 -1 -5 -7 -6 -3 -8 15 -12 13 21 19 -11 18 -18 -9 -10 32 25 23 -23 -20 -13 36 28 29 34 31 -31 33 -21 35 -27 37 -24 -38 -39 41 -32 -42 -36
right_child=1 8 3 5 7 6 9 16 14 10 11 12 -14 -15 -16 -17 17 -19 24 20 -22 22 26 -25 -26 27 -28 -29 -30 30 40 -33 -34 -35 43 -37 38 39 -40 -41 42 -43 -44 -45
leaf_value=0.045555545148395354 -0.044554128618467422 0.0089902212222417194 -0.070447115216936376 -0.009022450659424067 0.0085390206829955191 0.036002976099650065 0.010503755940331354 -0.00088909381202289042 -0.001907711961504185 -0.0076203207492168681 0.010393371225773603 0.005967228511969248 -0.0028224738107787239 0.002952488130533401 0.0044144675454923085 -0.0033899640770895141 -0.0047112786079136033 -0.00012338544471321604 0.0030910514064857531 0.0032771172352312576 0.003740148762063611 0.00027158496913332969 -0.0011774523970962036 -0.0059677243115855193 0.00011324504293346157 4.0161366988387369e-05 -0.0014636410027742386 0.0013395874494583242 -0.00076862507718889156 0.00055707897320389748 7.4362287282469275e-05 0.0024806041917284295 -0.00016864705986494849 -0.0003219845018854054 0.00055503881478885552 -0.0022189474105834962 -0.0018389841224308368 0.00053164800177328293 0.0002903472356222294 -6.1408398068395624e-06 0.00041269325018220118 0.0010167664714972489 -0.00066564117527256417 -0.00045097402483224871
leaf_weight=21 21 21 10.499999999999998 30 24 5.9999999999999991 8.9999999999999982 42 33 24 43.5 2.9999999999999991 54 40.5 21 21 24 81 36 21 21 39 48 25.5 24 36 45 72 102 50 106 68 126 21 87 38 27 150 27 570 48 80 60 45
leaf_count=21 21 21 6 30 24 6 9 42 33 24 21 3 24 18 21 21 24 81 36 21 21 39 21 12 24 29 18 36 57 42 56 34 126 21 47 19 27 96 18 228 30 48 32 26
internal_value=-2.25785e-11 -0.00209734 0.000269617 -0.000263334 0.00442536 0.000113709 0.000256128 0.000686257 0.00127991 0.000144331 9.55046e-05 0.00023408 -8.60443e-06 7.73882e-05 0.000613583 -0.00564615 -0.000224208 -0.00117205 0.000751508 0.00025404 0.000631489 9.94448e-06 -0.000246412 -0.00219512 0.00189993 0.000310317 -0.000101439 0.000288889 0.00018382 0.000341019 0.000644732 0.00166555 0.000242906 0.00147757 -0.000266406 -0.00111992 -2.68662e-05 2.56891e-05 -0.000774318 0.000105899 0.000235015 0.000479697 -0.000186381 0.00021208
internal_weight=2502 285 2217 1965 252 1954.5 1924.5 231 264 1918.5 1909.5 1864.5 1821 1767 243 45 207 105 102 222 189 1726.5 931.5 64.5 60 795 867 792 720 618 412 118 168 42 206 74 822 768 54 720 294 186 108 132
internal_count=1614 285 1329 1077 252 1071 1041 231 264 1035 1026 981 960 936 243 45 207 105 102 222 189 918 459 51 60 459 408 456 420 363 242 76 168 42 121 48 390 345 45 324 166 104 62 73
is_linear=0
shrinkage=0.08


Tree=85
num_leaves=45
num_cat=0
split_feature=37 0 0 33 36 37 34 15 0 37 33 8 15 15 34 15 10 36 34 34 4 29 16 34 34 0 16 0 21 30 35 37 30 37 34 37 26 37 14 5 21 34 29 3
split_gain=0.194605 6.4933 0.715843 0.305835 0.201174 1.9983 1.24065 3.14411 1.18781 0.510231 1.92903 0.29562 0.290759 0.267032 5.31894 1.14465 0.204672 0.203006 1.42281 1.38006 0.0790004 0.0474773 0.062651 0.0321683 0.025234 0.0224825 0.0223548 0.0191329 0.0183282 0.016169 0.0111948 0.00776787 0.00753155 0.0108049 0.0060764 0.00587121 0.0131553 0.0124656 0.00999309 0.0139173 0.0128664 0.0116347 0.0057796 0.00533035
threshold=16.425000000000004 16.465000000000003 8.3270000000000017 0.50000000000000011 1.5000000000000002 0.86999999284744278 1.0000000180025095e-35 1.7861538866850044 11.965000152587892 16.155000000000005 3.5000000000000004 2.9550000429153447 1.7800000452995304 1.8492307692307708 1.0000000180025095e-35 1.781153891453376 9.9200000000000017 2.5000000000000004 5.1000000000000023 5.400000000000003 16.525000000000002 0.70000000000000007 6.6350000000000016 13.500000000000002 0.80000000000000016 13.645000000000001 8.8300000000000018 16.920000000000005 0.50000000000000011 0.50000000000000011 1.5000000000000002 14.760000000000003 8.7000000000000011 9.9200000000000017 9.5000000000000053 9.9950000000000028 11.900000000000002 10.875000000000002 7.455000000000001 11.911538461538465 1.3 67.500000000000014 18.200000000000003 17.910000000000004
decision_type=2 2 2 2 2 2 2 2 2 2 2 2 2 2 2 2 2 2 2 2 2 2 2 2 2 2 2 2 2 2 2 2 2 2 2 2 2 2 2 2 2 2 2 2
left_child=2 -2 -1 -3 5 -4 7 -7 -6 11 -11 12 -10 15 -15 17 21 18 -13 -19 -5 22 -8 -22 -16 -21 31 28 -20 -27 34 32 -23 -34 -24 38 37 -37 -26 40 41 -40 -39 -25
right_child=1 3 4 20 8 6 16 -9 9 10 -12 13 -14 14 24 -17 -18 19 27 25 23 26 30 43 35 29 -28 -29 -30 -31 -32 -33 33 -35 -36 36 -38 42 39 -41 -42 -43 -44 -45
leaf_value=0.018599081392641423 -0.045824799343943595 0.010277140599985917 0.066353504657745366 0.0053657148707480663 -0.016172097166379292 -0.0023289795083385528 -0.0037862028953188787 0.035594270196225908 0.013365465487752642 -0.025926531742637357 0.008363215587146226 0.023948364348122565 0.0010918900494774183 0.061932058201895818 0.0052963067715366685 -0.014136539129649892 0.0062679913971159197 -0.023970113135874271 0.00038815480145714976 -0.0021913666079441708 0.0024378163045780223 -0.00025176298794365564 -0.0018288549611016232 -0.00011330147804214423 0.00025944116535866937 0.0015114511490596095 0.0021650260904182992 -0.0019699161777065859 -0.0017496360435898446 -0.00029502001837787464 0.00053539475690890721 -0.0012521475549532196 4.1494257748126986e-05 0.0015236156433820725 -0.00016627678414806723 0.00092822944386474165 0.0019118970962153981 -1.4101161182593755e-05 -0.0020620338090441442 0.00081512724002823233 2.7115187921220127e-05 -0.00054664194324537173 -0.0013073910059980475 -0.0014166732493322344
leaf_weight=13.499999999999998 20 24 2.9999999999999991 21 30 37 53 22.5 21 21 21 16.5 30 8.9999999999999982 5.9999999999999991 42.5 31.5 17 115.5 30 33 273.5 34 123 310 43.5 30 45 33 117 45.5 34 117.5 43 24 96 32 148 55 50 101 79 26 24
leaf_count=9 20 24 3 21 30 33 28 19 18 21 21 9 30 4 6 29 14 11 53 30 33 136 29 123 204 21 30 20 33 52 29 34 57 24 18 48 16 116 22 20 42 34 16 24
internal_value=3.97778e-11 -0.00214144 0.000232456 0.00174152 0.000121937 0.00119256 0.000930345 0.0120117 -0.000414092 -9.14023e-05 -0.00878166 0.000165092 0.00614572 -5.72203e-05 0.00073542 -0.00162872 -3.07968e-05 -0.000355465 0.00139807 -0.00213013 0.000722347 -0.000333947 -0.00154939 0.000180621 0.000125487 -0.000181156 4.80153e-05 -0.000524818 -8.69098e-05 0.000194584 -0.000403973 -8.76905e-05 3.53426e-06 0.000438574 -0.00114089 9.08994e-05 0.000378184 0.000196411 -5.49157e-05 -0.000396848 -0.000654715 -0.00116863 -0.000207351 -0.000326097
internal_weight=2502 245 2257 225 2243.5 748.5 745.5 59.5 1495 1465 42 1423 51 1372 912 460 686 417.5 210 207.5 201 654.5 156.5 180 903 190.5 498 193.5 148.5 160.5 103.5 468 434 160.5 58 897 302 270 595 285 235 134 174 147
internal_count=1614 245 1369 225 1360 454 451 52 906 876 42 834 48 786 528 258 399 229 115 114 201 385 104 180 524 103 281 106 86 73 76 251 217 81 47 518 196 180 322 118 98 56 132 147
is_linear=0
shrinkage=0.08


Tree=86
num_leaves=45
num_cat=0
split_feature=37 4 0 32 36 37 34 4 37 37 36 37 0 22 1 9 29 12 22 34 37 9 32 16 34 4 16 32 9 0 32 37 0 4 32 33 37 34 12 21 29 37 37 16
split_gain=0.164714 6.11632 0.605889 0.277999 0.170274 1.69136 1.05009 2.40659 1.04729 0.41429 1.7197 0.237823 0.484349 1.81895 0.60633 0.190037 0.1698 0.165274 1.4538 0.689055 0.277064 0.138795 0.0502342 0.0591832 0.0435174 0.0307199 0.0275637 0.0246862 0.0239395 0.0183988 0.0313022 0.0167066 0.00950216 0.00940585 0.00751359 0.0109303 0.0110882 0.0091746 0.00750475 0.00710523 0.0135118 0.00881087 0.00740543 0.0154208
threshold=16.425000000000004 16.455000000000002 8.3270000000000017 0.70000000000000007 1.5000000000000002 0.86999999284744278 1.0000000180025095e-35 11.994999885559084 0.86999999284744278 16.155000000000005 2.5000000000000004 1.1549999713897707 11.97499990463257 1.1000000000000003 11.97499990463257 11.941153846153847 0.3000000000000001 8.0300000000000029 1.0000000180025095e-35 6.0000000000000044 11.655000000000001 11.911538461538465 1.0000000180025095e-35 7.1300000000000008 31.500000000000004 16.575000000000003 9.065000090599062 1.0000000180025095e-35 11.760384615384618 13.710000000000003 2.5000000000000004 9.8750000000000018 13.265000000000002 17.650000000000002 2.5000000000000004 1.0000000180025095e-35 9.7950000000000017 29.400000000000002 7.9050000000000011 1.5000000000000002 1.3 4.1100000000000003 10.085000000000003 6.21
decision_type=2 2 2 2 2 2 2 2 2 2 2 2 2 2 2 2 2 2 2 2 2 2 2 2 2 2 2 2 2 2 2 2 2 2 2 2 2 2 2 2 2 2 2 2
left_child=2 -2 -1 -3 5 -4 7 -7 -6 11 -11 -10 13 -13 -14 22 -5 18 -16 -19 21 27 23 -8 -18 -26 28 -21 34 30 32 33 -20 -29 35 -24 37 -37 -36 42 -41 -42 43 -31
right_child=1 3 4 16 8 6 15 -9 9 10 -12 12 14 -15 17 -17 24 19 29 20 -22 -23 26 -25 25 -27 -28 31 -30 39 -32 -33 -34 -35 38 36 -38 -39 -40 40 41 -43 -44 -45
leaf_value=0.017111148834228516 -0.044366445089690391 0.0082416111510570361 0.061045223077138264 0.0073534028941676733 -0.033736951152483624 -0.0012725190371274948 -0.0049977842261714322 0.03205647180534222 0.012275294180959464 0.0081088311300568632 -0.024267081802799587 0.0082751023322343836 0.020841345257229277 -0.025844213724136353 0.015046061367489571 0.0052874572053091765 -0.0034304742086048163 -0.010119882660053139 0.0010304537392221392 0.0018425005707475876 -0.0046338614653550873 0.0045688799817115069 -0.0019877578009819164 -1.3386413920670748e-05 0.0030769123134779786 -0.00023378058840195094 0.0021119889080750223 -0.00012659532981426476 -0.002409767470662556 -0.0020499787764680206 -0.0036283635068684815 -0.001587351951127251 -0.001105204524472356 0.0011325499650297894 -0.00019852006846041606 -0.0015237314408325187 0.00077195425200360737 2.0459954797917482e-05 0.00057904574928843244 0.0012550335649400949 -0.0020600348633403581 0.00014677427186644777 0.0004899496510292271 -0.0001793002379462891
leaf_weight=13.499999999999998 20 36 2.9999999999999991 21 5.9999999999999991 37.5 31 22 9.9999999999999982 21 21 20 8.9999999999999982 20 43 40.5 24 49 24 45 76 50 29 30 21 123 33 243 31.5 33 24 45 30 45 226 49.5 44 49 122.5 75 11.999999999999998 330 70 194
leaf_count=9 20 36 3 21 6 36 16 16 10 21 21 20 6 20 38 18 24 22 24 20 38 20 19 25 21 123 33 106 14 14 24 20 30 20 132 32 32 23 55 50 12 196 52 116
internal_value=3.61786e-12 -0.00197013 0.000213859 0.00179844 0.000112182 0.00109716 0.000855917 0.0110508 -0.000380964 -0.000246555 -0.00807913 -1.921e-05 -0.000104767 -0.00878456 0.00014376 -2.83331e-05 0.000571165 9.5535e-06 0.000719976 -0.00106315 -0.00018263 0.000607775 -0.000361857 -0.00254644 -0.000276614 0.000249029 -0.000133868 8.38195e-05 -0.000268253 -5.78288e-05 -0.00122444 -0.00015384 -0.000156023 7.01461e-05 -0.000138526 -0.000572018 -0.000283903 -0.000755555 7.47993e-05 6.96156e-05 0.000282596 6.93424e-05 -0.000229418 -0.000451249
internal_weight=2502 245 2257 225 2243.5 748.5 745.5 59.5 1495 1489 42 1447 1437 40 1397 686 189 1388 835 553 504 428 645.5 61 168 144 584.5 378 551.5 792 78 333 54 288 520 171.5 142.5 98.5 348.5 714 417 342 297 227
internal_count=1614 245 1369 225 1360 454 451 52 906 900 42 858 848 40 808 399 189 802 556 246 224 186 381 41 168 144 340 166 307 518 78 146 54 126 293 106 87 55 187 440 258 208 182 130
is_linear=0
shrinkage=0.08


Tree=87
num_leaves=45
num_cat=0
split_feature=34 37 37 6 15 36 8 37 0 33 4 11 11 6 36 32 32 33 31 37 0 28 11 36 32 37 4 34 37 0 37 34 35 34 18 37 4 34 35 31 26 3 32 37
split_gain=0.246082 3.28871 0.981161 0.895385 0.776366 0.561096 0.990684 0.171259 0.321377 0.154048 0.204952 0.0603807 0.04686 0.0268931 0.0195419 0.0603341 0.0432323 0.0648808 0.0411846 0.0268859 0.0507499 0.0181554 0.0166382 0.014442 0.0132492 0.0132226 0.0106981 0.00716916 0.00538916 0.0565658 0.00576728 0.0213875 0.0198687 0.0143472 0.0267135 0.0132487 0.0119021 0.00508036 0.00878252 0.0067352 0.0045443 0.00432298 0.00588453 0.00419193
threshold=1.0000000180025095e-35 11.936538366171032 6.4620000000000006 2.935000061988831 1.7800000452995304 1.5000000000000002 2.9450000524520878 16.425000000000004 17.150000000000002 0.50000000000000011 16.515000000000004 9.9550000000000018 9.8950000000000014 10.145000000000001 2.5000000000000004 1.0000000180025095e-35 1.0000000180025095e-35 3.5000000000000004 1.0000000180025095e-35 14.875000000000002 12.820000000000002 20.400000000000002 9.7450000000000028 1.5000000000000002 2.1000000000000005 2.5300000000000007 17.430000000000003 122.50000000000001 3.7450000000000006 12.820000000000002 7.9350000000000014 25.100000000000005 1.5000000000000002 12.000000000000004 0.3000000000000001 15.880000000000001 16.140000000000004 12.500000000000005 1.5000000000000002 1.0000000000000002 13.000000000000002 17.910000000000004 10.800000000000002 3.1100000000000008
decision_type=2 2 2 2 2 2 2 2 2 2 2 2 2 2 2 2 2 2 2 2 2 2 2 2 2 2 2 2 2 2 2 2 2 2 2 2 2 2 2 2 2 2 2 2
left_child=1 2 4 -3 -1 -6 -7 11 9 -9 -11 12 14 -10 16 18 17 23 -16 20 -17 -15 25 -2 -12 -18 37 28 43 -30 31 32 -31 34 -32 40 -37 38 -22 -39 -35 42 -23 -27
right_child=7 3 -4 -5 5 6 -8 8 13 10 24 -13 -14 21 15 19 22 -19 -20 -21 26 41 -24 -25 -26 27 -28 -29 29 30 33 -33 -34 35 -36 36 -38 39 -40 -41 -42 -43 -44 -45
leaf_value=0.0097001469391398126 -0.0013991944785847002 -0.0096734686124892461 0.010220415592193603 -0.032293113572735219 0.0033295343426818199 -0.025467766866087916 -0.0013596488473316035 0.011706830248946237 -0.0029307886206411888 0.0089587525978232878 0.0024087035746890163 -0.002642450094981878 0.0023931412109070354 0.0021401176624931397 0.0048703188862030703 -0.0073431615531444547 0.0026807340354813888 -0.0042999260218288659 0.00071235452628424102 0.0022018806589138066 6.2265262628595033e-05 0.00058618144631812663 -0.0013982130966528697 0.00071134773094251938 -0.00021128626128969093 0.00012326051752703884 0.00087650371931918109 0.00099999093999051389 -0.0095629351586103434 -0.00042989081617346724 -0.00015908245191288491 2.4168547586400489e-05 -0.0032681864017137774 0.00011941910537570415 0.0027237768572134276 -6.5727546345442536e-05 -0.002825675689615309 0.0010693684598017069 -0.001571713769249618 -8.1510525478385289e-05 -0.00076395799219608311 -0.0012526700172262888 -0.00092760238727485696 0.0016914643514901401
leaf_weight=24 41.5 21 66 24 22 20 24 21 21 33 21 54 54 24 30 5.9999999999999991 11.999999999999998 39 31 37 48 42 54 41.5 30 24 85.5 45 3.9999999999999991 38 48 244 27 546 36 20 20 36 37.5 339 40 24 27 20
leaf_count=24 29 21 39 24 22 20 24 21 21 33 21 24 24 24 20 6 12 24 21 37 39 42 24 29 30 24 38 20 4 38 28 130 12 284 30 20 20 19 24 179 18 24 27 20
internal_value=3.60566e-11 -0.0026844 0.00281163 -0.0217373 -0.00262148 -0.00710208 -0.0123179 0.000234491 0.00224302 0.00557835 0.00404623 -2.66722e-06 6.84647e-05 -0.000294735 4.08899e-06 0.000362244 -0.000174989 -0.00160855 0.00275726 0.000114204 -2.57305e-05 0.000178403 -2.65217e-05 -0.000343923 0.000867533 3.9378e-05 5.46808e-05 1.08742e-05 -3.08411e-05 -6.81281e-05 -3.0857e-05 -0.000319352 -0.00160888 9.46992e-05 0.00107643 -3.70344e-05 -0.0014457 -9.79052e-05 -0.000654392 2.89739e-05 5.91203e-05 -0.000327846 -6.16875e-06 0.00083608
internal_weight=2502 201 156 45 90 66 44 2301 243 105 84 2058 2004 138 1950 650 1300 122 61 589 552 117 1178 83 51 1124 546 1112 1067 1023 1019 309 65 710 84 626 40 460.5 85.5 375 586 93 69 44
internal_count=1614 174 129 45 90 66 44 1440 243 105 84 1197 1173 138 1149 383 766 82 41 342 305 117 684 58 51 660 299 648 628 584 580 180 50 400 58 342 40 261 63 198 302 93 69 44
is_linear=0
shrinkage=0.08


Tree=88
num_leaves=45
num_cat=0
split_feature=34 15 36 16 37 37 3 37 0 33 4 11 11 30 26 36 31 33 31 33 37 0 37 11 30 37 37 17 4 37 34 21 0 37 14 30 37 31 20 19 4 34 20 20
split_gain=0.208284 3.17173 5.97726 21.3623 8.60729 2.96455 3.04357 0.144953 0.272013 0.130386 0.173472 0.0511062 0.0396623 0.0336719 0.0226078 0.0165403 0.0476129 0.0729733 0.0303864 0.0612863 0.0216931 0.0429718 0.0189304 0.0148953 0.0146378 0.0106025 0.0132473 0.0103492 0.00850731 0.00771913 0.0070152 0.00697495 0.00961109 0.00695059 0.0156572 0.0062268 0.0110186 0.00527133 0.00599944 0.004828 0.00446936 0.00430152 0.00425637 0.0119746
threshold=1.0000000180025095e-35 1.9073076923076921 2.5000000000000004 7.2075000000000005 7.463000000000001 11.965000152587892 11.97499990463257 16.425000000000004 17.150000000000002 0.50000000000000011 16.515000000000004 9.9550000000000018 9.8950000000000014 1.0000000000000002 0.50000000000000011 2.5000000000000004 1.0000000180025095e-35 1.7000000000000004 0.3000000000000001 5.9000000000000012 14.875000000000002 12.820000000000002 3.7450000000000006 9.7450000000000028 3.9000000000000004 4.4500000000000011 5.1300000000000017 3.0000000000000004 17.430000000000003 13.56 5.1000000000000023 1.9000000000000001 14.110000000000001 15.880000000000001 7.8200000000000012 8.7000000000000011 11.655000000000001 3.7000000000000006 3.7000000000000006 3.7000000000000006 16.495000000000001 40.70000000000001 3.7000000000000006 1.5000000000000002
decision_type=2 2 2 2 2 2 2 2 2 2 2 2 2 2 2 2 2 2 2 2 2 2 2 2 2 2 2 2 2 2 2 2 2 2 2 2 2 2 2 2 2 2 2 2
left_child=1 2 3 -1 -4 6 -5 11 9 -9 -11 12 15 -10 -15 18 17 -17 19 29 21 -18 27 25 -12 -24 -27 -20 31 30 -2 32 -23 35 -35 42 41 38 -33 40 -34 -37 43 -28
right_child=7 -3 4 5 -6 -7 -8 8 13 10 24 -13 -14 14 -16 16 20 -19 22 -21 -22 28 23 -25 -26 26 33 -29 -30 -31 -32 37 39 34 -36 36 -38 -39 -40 -41 -42 -43 -44 -45
leaf_value=0.074183947129683056 0.00076023222192337639 -0.022631154507398606 0.013082149811089039 -0.039499578268631645 -0.051705636280887535 0.017641916359690101 -0.0022438759778419305 0.010770283781346821 -0.0032207872714137748 0.0082420523780764952 0.0020759429280749627 -0.0024310541027053089 0.0022016900881297059 0.0026359368253144476 -0.00026185132172637775 -0.00027132635597478259 -0.0067557087540626526 0.0050693214535713193 0.0004790527930229225 -0.003992379849424234 0.0019788371157404539 -0.0023158057890832425 -0.0018150866492651402 -0.0014796171556097559 -0.00063940867451795684 0.0029424330629408356 -1.8951115574969603e-05 0.0029934906549751762 0.00080803241994645866 -0.0015841820587714514 -0.00050058630602010945 0.001590675996866689 -0.00081585393018894286 0.00056591262714937324 -0.0025996216088824443 0.00065635441236174962 0.0015504406530055263 -7.6764728356566695e-05 0.00020716904103755949 0.00058063223663293111 -6.843797847199342e-05 -3.2241476563418785e-05 0.00023374856920853028 -0.0010865493423105883
leaf_weight=27.5 38 40 26 23 26.5 22 36 21 21 33 27 54 54 21 96 33 5.9999999999999991 32.5 22 37 37 14.999999999999998 20 45 24 9.9999999999999982 337 20 81 30 110 33.5 88.5 20 20 81 42 112.5 50 39.5 121.5 205 179 84
leaf_count=16 38 34 26 20 20 22 36 21 21 33 27 24 24 21 96 23 6 20 22 22 37 15 20 20 24 10 160 20 36 30 60 25 51 20 20 38 30 63 31 22 54 96 106 54
internal_value=-8.11767e-12 -0.00246965 0.00253942 0.0132619 -0.0196203 -0.00742158 -0.0167673 0.000215732 0.00206358 0.00513208 0.00372253 -2.45384e-06 6.29875e-05 -0.000271156 0.000258264 3.76188e-06 0.000333265 0.00237861 -0.00016099 -0.00102986 0.00010406 -2.26374e-05 1.11822e-05 -5.58737e-05 0.00079813 8.3231e-06 4.56116e-05 0.0016764 5.19673e-05 -0.000414051 -0.000176863 -8.10214e-05 -0.000349037 1.56858e-05 -0.00101685 6.01918e-05 0.000340469 0.000280664 0.000762229 -0.000230795 -0.00038342 0.00016278 -9.30261e-05 -0.000231964
internal_weight=2502 201 161 108.5 52.5 81 59 2301 243 105 84 2058 2004 138 117 1950 650 65.5 1300 215 584.5 547.5 1085 1043 51 998 978 42 541.5 178 148 460.5 264.5 968 40 928 328 196 83.5 249.5 210 286 600 421
internal_count=1614 174 140 94 46 78 56 1440 243 105 84 1197 1173 138 117 1149 383 43 766 150 340 303 616 574 51 554 534 42 297 128 98 261 142 524 40 484 164 119 56 127 105 134 320 214
is_linear=0
shrinkage=0.08


Tree=89
num_leaves=45
num_cat=0
split_feature=8 35 37 34 37 0 16 37 0 30 4 11 10 4 3 30 26 36 30 2 34 0 37 37 11 37 20 19 16 16 5 37 17 23 37 37 21 30 29 34 23 17 21 21
split_gain=0.210012 6.86237 3.17648 0.802106 3.29895 7.69464 2.4073 0.122688 0.230232 0.102472 0.0972 0.0436999 0.0604868 0.0301385 0.0290645 0.0284999 0.0191352 0.0122057 0.0376482 0.0501592 0.0239638 0.108118 0.0207272 0.0127765 0.035552 0.0101309 0.0283058 0.0095384 0.00755905 0.0160741 0.00868941 0.00631231 0.00771101 0.00502497 0.00481931 0.0136401 0.00466673 0.00647023 0.00316071 0.00313919 0.00286669 0.00282597 0.00530124 0.00398319
threshold=2.935000061988831 1.0000000180025095e-35 2.9050000905990605 1.0000000180025095e-35 9.7850000000000019 16.415000000000003 9.0199997472763087 16.425000000000004 17.150000000000002 0.3000000000000001 16.515000000000004 9.9450000000000021 9.8950000000000014 16.805000000000003 11.984999656677248 1.0000000000000002 0.50000000000000011 2.5000000000000004 0.3000000000000001 16.185000000000006 5.400000000000003 16.175000000000004 2.2750000000000004 14.875000000000002 2.2300000000000004 15.995000000000003 1.1000000000000003 1.0000000180025095e-35 6.0550000000000024 6.0850000000000017 11.893461538461539 13.835000000000003 0.3000000000000001 5.4000000000000012 3.7450000000000006 4.1950000000000012 1.5000000000000002 1.3 1.7000000000000004 52.800000000000011 3.4000000000000004 1.5000000000000002 2.7000000000000006 11.800000000000002
decision_type=2 2 2 2 2 2 2 2 2 2 2 2 2 2 2 2 2 2 2 2 2 2 2 2 2 2 2 2 2 2 2 2 2 2 2 2 2 2 2 2 2 2 2 2
left_child=1 -1 -3 4 6 -6 -2 11 9 -9 -11 12 17 -12 -8 -10 -17 20 19 27 21 31 -22 24 -20 28 -27 -19 30 -30 -24 32 -5 36 -31 -36 37 -26 -38 -39 -18 42 -37 -44
right_child=3 2 -4 7 5 -7 14 8 15 10 13 -13 -14 -15 -16 16 40 18 23 -21 22 -23 25 -25 33 26 -28 -29 29 34 -32 -33 -34 -35 35 41 38 39 -40 -41 -42 -43 43 -45
leaf_value=0.03989232510328293 0.02748459980601356 0.0088043648528831984 -0.029018791044751802 0.001376129234623578 0.0073578900291963855 -0.05489818294843038 -0.0030218464524174732 0.0097198776404062905 -0.0029631242031852405 0.0074259427245016449 0.00019397903233766555 -0.0020041304007172582 0.0031256817037492624 0.004007511376625016 -0.0069589825781683125 0.0024250619616802962 0.00040751593032230937 0.001013333236727611 -0.006215252007047335 0.0033898735464176284 0.0057195781171321871 -0.0052862316826658862 -0.0014647215844856367 0.0015083322583642953 -0.0012603544428323708 -0.0031127545373359072 0.00085998333562821991 -0.0010297952907095695 0.0020025984535890599 0.0009313788818609384 -0.00012398807134366397 -0.00098603190600194714 -0.00033063664697692731 0.00053800153856476155 -0.0024901960417628289 -2.9953280399945979e-07 0.00082836803145609902 5.8969859459371155e-05 5.2401271424156876e-07 -0.00059641706938337949 -0.0005356391856206976 -0.00014218623676958184 0.00086361112731925043 -0.00010698043647847188
leaf_weight=24 21 27 30 36 27 24 24 21 21 27 36 67.5 40.5 21 24 21 30 29.5 5.9999999999999991 53.5 3.9999999999999991 31 45 34 42 24 22 29 27 36 99 22 32 85.5 13.999999999999998 401 38.5 133.5 126.5 72 66 375 94 38
leaf_count=24 12 27 21 36 27 15 24 21 21 27 36 30 18 21 24 21 30 27 6 26 4 16 20 34 27 24 22 24 12 36 44 22 32 38 14 186 26 66 77 32 66 230 44 24
internal_value=3.60242e-11 0.00400704 -0.0111026 -0.000134064 -0.00651047 -0.0219391 0.00489329 0.000198473 0.00189849 0.00472151 0.00347192 -2.25754e-06 6.56281e-05 0.00159896 -0.00499041 -0.000249464 0.000237603 2.07316e-06 0.000285127 0.00161953 -0.000139454 -0.00121162 -2.94183e-05 7.33259e-06 -9.39253e-05 -4.89893e-05 -0.00121275 5.00292e-07 -1.57307e-06 7.75749e-05 -0.000542967 0.000191862 0.000572945 -2.01744e-05 2.33206e-05 -1.2135e-05 -0.000135869 -0.000355573 0.000193688 -0.000170655 -0.000240903 2.60729e-05 0.000144454 0.000584198
internal_weight=2502 81 57 2421 120 51 69 2301 243 105 84 2058 1990.5 57 48 138 117 1950 650 112 1300 121 1179 538 504 1175 46 58.5 1129 985 144 90 68 498 958 922 412.5 247.5 165 205.5 96 908 533 132
internal_count=1614 72 48 1542 102 42 60 1440 243 105 84 1197 1167 57 48 138 117 1149 383 77 766 106 660 306 272 656 46 51 610 546 64 90 68 266 534 498 228 125 103 98 96 484 254 68
is_linear=0
shrinkage=0.08


Tree=90
num_leaves=45
num_cat=0
split_feature=37 32 35 15 15 8 15 34 36 10 12 10 5 4 34 37 5 34 22 36 22 11 14 10 33 37 25 33 1 4 1 1 37 35 34 33 30 36 15 31 21 34 33 18
split_gain=0.21163 5.99623 0.589108 7.84837 6.0219 0.495766 0.787629 1.13009 0.425084 1.53951 0.778546 0.254446 1.18574 0.179939 0.114699 0.113724 0.2067 0.393183 0.0532828 0.0394684 0.0816232 0.0383967 0.0383519 0.0378929 0.0284555 0.0185409 0.0266219 0.0162499 0.0158389 0.0149366 0.0100414 0.0096237 0.00802546 0.00702517 0.0224353 0.057757 0.0164412 0.021432 0.0174075 0.0168053 0.00975656 0.00532593 0.0051905 0.00408358
threshold=16.425000000000004 0.3000000000000001 1.0000000180025095e-35 -0.59100000000000052 1.4150000000000003 2.9450000524520878 1.7950000762939455 4.6000000000000023 2.5000000000000004 7.6250000000000009 7.8200000000000012 1.1449999809265139 2.9050000905990605 16.515000000000004 13.500000000000002 1.1549999713897707 3.1600000238418584 1.0000000180025095e-35 42.500000000000007 1.5000000000000002 19.300000000000004 9.9550000000000018 9.3600000000000012 9.9200000000000017 2.5000000000000004 11.655000000000001 8.7000000000000011 1.0000000000000002 12.720000000000001 17.890000000000004 12.820000000000002 12.915000000000001 2.9250000715255742 1.5000000000000002 5.400000000000003 5.9000000000000012 1.3 1.5000000000000002 1.9399999999999999 1.0000000180025095e-35 1.1000000000000003 69.000000000000014 1.0000000180025095e-35 11.800000000000002
decision_type=2 2 2 2 2 2 2 2 2 2 2 2 2 2 2 2 2 2 2 2 2 2 2 2 2 2 2 2 2 2 2 2 2 2 2 2 2 2 2 2 2 2 2 2
left_child=2 -2 4 -4 -1 -6 7 -7 10 18 19 -5 -13 -3 -15 -14 32 -18 -10 20 -8 23 24 25 -16 28 -27 -21 -19 30 -30 -32 -17 36 35 -35 37 38 -33 -39 -41 -38 -36 -44
right_child=1 13 3 11 5 6 8 -9 9 -11 -12 12 15 14 22 16 17 21 -20 27 -22 -23 -24 -25 -26 26 -28 -29 29 -31 31 33 -34 34 42 -37 41 39 -40 40 -42 -43 43 -45
leaf_value=0.044865787000883194 -0.044211195584386589 0.0069552464557416519 -0.069235569181896398 -0.0071960999580721061 -0.010579921777049701 0.025196066632866859 -0.0063583198748528962 0.00010619029126785419 0.0051177219453966251 -0.024512539139948785 0.016026838712749028 0.035737075805664063 0.0090893401412500269 0.005104085092743238 0.0029437376505562236 -0.0062816444931862257 0.0077212034422775803 0.002864725223431985 -0.00033026003002844471 0.002437062973833897 1.5863669169549315e-05 -0.0020762393157929184 -0.0032327454180146259 0.0025081887914810653 -0.00025449379587060429 0.0026236331511643673 -6.1858497835971696e-05 -0.00035328324668465515 -0.0032815662026405333 -0.0016304819514354073 0.003195241801440716 -0.00165311866083785 -0.0041401544851916178 0.00025761842472656142 -0.00085509378579445188 -0.0045690713165437479 4.6353923777739208e-05 0.0029061232485315383 0.00092616839334368705 0.00014682569957845512 0.0017387334493369881 -0.00065405733639463078 5.4801781553515169e-05 -0.00064900421672255582
leaf_weight=21 20 33 10.499999999999998 30 24 20 20 27 20 20 21 5.9999999999999991 8.9999999999999982 30 21 24 43.5 11.999999999999998 27 22 36 54 24 40.5 117 42 54 34 5.9999999999999991 37.5 5.9999999999999991 34 21 42 48 25.5 402 34 33 56 44 84 709.5 57
leaf_count=21 20 33 6 30 24 20 20 27 20 20 21 6 9 30 21 24 21 12 27 22 36 24 24 18 117 21 27 34 6 15 6 22 21 42 21 12 216 24 23 38 28 48 318 39
internal_value=-1.84327e-11 -0.00223315 0.000242411 -0.000255821 0.00359524 0.000397155 0.00146375 0.0107827 -0.000726207 -0.00592259 0.00189152 0.000114753 0.000228718 0.00149823 0.000560309 0.000117667 7.53814e-05 0.000204689 0.00198803 -0.000758853 -0.00226063 2.51351e-05 -0.000281131 8.93537e-05 0.000232194 3.2613e-05 0.00111304 0.000742924 -3.10002e-05 -5.24699e-05 -1.50408e-05 -2.59688e-06 -0.00528228 -1.48257e-05 -0.000164226 -0.0015658 0.000176981 0.000785533 -0.000382724 0.00136966 0.000847265 -7.47048e-05 -4.80735e-05 2.46396e-06
internal_weight=2502 245 2257 1965 292 271 247 47 200 67 133 1954.5 1924.5 225 192 1918.5 1909.5 1864.5 47 112 56 1821 162 1767 138 1726.5 96 56 1630.5 1618.5 1581 1575 45 1569 882 67.5 687 201 67 134 100 486 814.5 766.5
internal_count=1614 245 1369 1077 292 271 247 47 200 67 133 1071 1041 225 192 1035 1026 981 47 112 56 960 162 936 138 918 48 56 870 858 843 837 45 831 432 54 399 135 45 90 66 264 378 357
is_linear=0
shrinkage=0.08


Tree=91
num_leaves=45
num_cat=0
split_feature=8 35 5 34 37 0 37 37 32 4 16 37 15 37 10 16 36 5 30 16 35 34 33 36 30 13 3 9 0 15 37 33 0 13 33 21 7 16 0 31 18 33 34 28
split_gain=0.229812 5.54132 2.41324 0.723878 2.96558 6.37012 1.97205 0.125876 0.254687 0.191084 0.0574031 0.0340824 0.414533 0.54854 0.155885 0.0431074 0.115982 0.192337 0.014169 0.0169968 0.0132352 0.0213631 0.0480061 0.0144576 0.0291964 0.0129527 0.0111103 0.0109484 0.0115831 0.00898576 0.00790154 0.00685893 0.00751387 0.00628907 0.00547568 0.00467454 0.00455773 0.00896986 0.00702303 0.00434293 0.00425282 0.00544245 0.0052753 0.00499659
threshold=2.935000061988831 1.0000000180025095e-35 2.9150000810623173 1.0000000180025095e-35 9.7850000000000019 16.415000000000003 2.9500000238418584 16.425000000000004 0.70000000000000007 16.515000000000004 9.0399996042251605 11.035000000000002 1.8342307692307702 12.915000000000001 9.9550000000000018 6.0850000000000017 2.5000000000000004 11.868846153846155 0.70000000000000007 7.0000000000000018 1.5000000000000002 5.1000000000000023 2.1000000000000005 1.5000000000000002 1.0000000180025095e-35 9.1850000000000005 17.935000000000006 9.9800000000000022 16.660000000000004 -0.15000000000000033 16.165000000000003 0.3000000000000001 15.995000000000003 8.6700000000000017 5.9000000000000012 1.5000000000000002 10.065000000000003 6.9750000000000023 14.820000000000002 7.1000000000000005 12.900000000000002 1.0000000180025095e-35 52.800000000000011 27.699999999999999
decision_type=2 2 2 2 2 2 2 2 2 2 2 2 2 2 2 2 2 2 2 2 2 2 2 2 2 2 2 2 2 2 2 2 2 2 2 2 2 2 2 2 2 2 2 2
left_child=1 -1 -3 4 6 -6 10 11 -9 -10 -2 14 13 -13 20 16 17 -14 -11 25 23 22 -22 27 -25 33 40 28 34 -26 31 -17 -33 35 -5 -20 37 -31 -39 -34 41 -23 43 -43
right_child=3 2 -4 7 5 -7 -8 8 9 18 -12 12 15 -15 -16 30 -18 -19 19 -21 21 26 -24 24 29 -27 -28 -29 -30 36 -32 32 39 -35 -36 -37 -38 38 -40 -41 -42 42 -44 -45
leaf_value=0.03643841969470183 -0.0079352262088408076 0.0062302683045466749 -0.026737197549254806 0.00014050131203250938 0.0058304309155102129 -0.050814549078543977 0.023133806313077609 0.0081080817752000357 0.0063988267494873565 -0.0020457579532133729 -0.002207943405069056 -0.017287802043415252 0.0083978150309218721 -0.0010184329230752257 0.0049474836176350004 -0.0014632583986450402 -0.0019703189149881022 0.00023222270518696557 -0.0010890293881917995 0.0021584214806734097 0.00035689281661891277 -0.00078668622125405824 -0.0040379608827724785 0.0022972949407994749 0.0040795110166072842 -0.0021137375420048126 -0.001206137218468246 0.00076510138755950794 -0.0017912101625513874 -0.00021592231651479583 0.00087352042164032652 0.00025774188550551318 -0.00029614213116777439 0.00086969680224473656 -0.0010287761849920368 0.00022915397867715609 0.00085952368537511902 6.110107909868627e-05 0.0012851294209831393 -0.0014585253830429995 -0.00072567385649590786 0.00015500392531449933 -0.00021164100858035777 0.00098045856328237628
leaf_weight=24 24 30 27 89 27 24 24 36 33 24 21 21 30 36 42 36 39 48 33 21 36 48 28.5 54 3.9999999999999991 21 52.5 52 38 184 33 90 48 39 36 36 68 60 60 36 49.5 442.5 244.5 52.5
leaf_count=24 24 30 18 61 27 15 15 36 33 24 21 15 20 36 18 36 22 24 33 21 36 21 15 34 2 21 21 26 19 92 33 90 27 39 22 36 34 60 34 24 36 213 105 21
internal_value=1.22458e-12 0.00419168 -0.0093859 -0.000140242 -0.00619774 -0.020826 0.00461448 0.000175664 0.00189762 0.000817542 -0.00526249 -2.76577e-05 -0.000673489 -0.00701241 0.000136457 0.000330174 0.00159178 0.00337284 -0.000240977 4.77874e-05 1.00882e-05 -0.000179162 -0.00158502 0.000290003 0.000557823 -0.000295804 -7.72197e-05 -0.000245637 -0.000568082 0.000308005 -0.000277268 -0.000458106 -0.000250143 5.76829e-05 -0.000196251 -0.000401282 0.000267451 0.000135014 0.000673115 -0.000794306 -6.40945e-06 3.88015e-05 9.23828e-05 0.000242552
internal_weight=2502 81 57 2421 120 51 69 2301 243 207 45 2058 417 57 1641 360 117 78 174 150 1599 954 64.5 645 430 129 889.5 215 163 376 243 210 174 108 125 69 372 304 120 84 837 787.5 739.5 495
internal_count=1614 72 48 1542 102 42 60 1440 243 207 45 1197 327 51 870 276 66 44 174 150 852 468 51 384 256 129 417 128 102 222 210 177 141 108 83 69 220 186 94 51 396 360 339 234
is_linear=0
shrinkage=0.08


Tree=92
num_leaves=45
num_cat=0
split_feature=37 0 0 32 11 11 36 37 37 14 33 33 37 37 6 36 3 14 33 34 36 30 35 31 37 37 4 13 31 37 34 30 33 37 29 0 0 0 37 20 31 14 37 20
split_gain=0.200177 5.65693 0.610827 0.241638 0.171547 0.277309 0.218542 3.24429 1.31088 0.924983 3.71984 1.28754 2.45966 0.668642 2.37869 2.09725 1.02491 0.364998 3.12691 1.54522 0.326362 0.976829 0.472852 0.827698 0.288 0.0982846 0.094283 0.0612879 0.0413521 0.0339934 0.0304636 0.0162925 0.0307643 0.0139959 0.0133007 0.0113727 0.0268341 0.00823767 0.00778018 0.0112269 0.0053785 0.00513324 0.00612552 0.00867985
threshold=16.425000000000004 16.465000000000003 8.3270000000000017 0.70000000000000007 1.1449999809265139 1.1549999713897707 1.5000000000000002 1.6799999833106998 1.1449999809265139 8.2800000000000011 0.50000000000000011 1.0000000180025095e-35 9.7850000000000019 2.9150000429153446 2.9250000715255742 2.5000000000000004 11.954999923706056 8.2800000000000011 1.0000000180025095e-35 0.80000000000000016 2.5000000000000004 0.50000000000000011 1.5000000000000002 2.3000000000000003 9.9550000000000018 8.8800000000000008 16.525000000000002 9.7450000000000028 2.3000000000000003 16.155000000000005 13.500000000000002 1.9000000000000001 2.5000000000000004 4.0150000000000015 1.5000000000000002 13.955000000000002 13.180000000000001 17.680000000000003 14.760000000000003 0.70000000000000007 7.8000000000000007 7.455000000000001 8.1550000000000029 1.1000000000000003
decision_type=2 2 2 2 2 2 2 2 2 2 2 2 2 2 2 2 2 2 2 2 2 2 2 2 2 2 2 2 2 2 2 2 2 2 2 2 2 2 2 2 2 2 2 2
left_child=2 -2 -1 -3 -4 -6 7 -7 -8 11 -11 12 -9 15 -15 -10 -16 19 -19 -18 21 -20 23 -22 25 -12 -5 -23 -24 35 -27 32 -28 -13 -33 36 -21 41 39 40 -35 -37 43 -43
right_child=1 3 4 26 5 6 8 9 13 10 24 33 -14 14 16 -17 17 18 20 29 22 27 28 -25 -26 30 31 -29 -30 -31 -32 34 -34 38 -36 37 -38 -39 -40 -41 -42 42 -44 -45
leaf_value=0.017201757077817563 -0.042944958366453651 0.0074594352042509447 0.005293054249551561 0.005362024268224126 -0.0080188978711764024 0.049004955022699304 -0.046162697821855544 0.0028264954899038584 -0.025776315800286831 0.026483038983431208 -0.0046600105179583325 0.0016476414610180213 -0.032075049678484596 0.087206747531890866 0.057126203775405886 0.0069924880549311645 0.016343676967020982 -0.022418122971537471 0.011250264237781889 -0.0031824199963981911 -0.014078031695731309 5.0648517212964623e-05 0.002940229621671495 0.00052523936386461611 0.0058805188884337748 0.0013654955048306087 -0.0038532439568024573 -0.0034054826241400504 -5.3397958753285588e-05 0.002471723407506943 -0.0012470161014323613 0.0019692389358810726 0.00047706793156629873 0.0012372055306131471 -0.00023627098909180077 0.00016404990684892553 0.00014307065443559127 0.0012303563461884754 -0.0011402208998109787 -0.00027298502295332793 0.00015005008150369693 7.6512774374956887e-05 8.4934326043973365e-05 -0.001196373397950083
leaf_weight=13.499999999999998 20 36 40.5 21 27 8.9999999999999982 3.9999999999999991 28 25 41.5 42.5 33 24 1.9999999999999989 1.9999999999999989 25 39 43.5 57 24 46 121.5 52.5 54 45 48.5 21 45 67.5 36 69.5 21 21 58 105 436 44 36 39 229.5 58.5 60 150 80
leaf_count=9 20 36 36 21 27 9 4 25 25 19 17 33 21 2 2 25 34 20 27 24 24 54 21 27 23 22 21 20 27 36 31 21 21 37 105 302 44 16 39 131 26 24 74 32
internal_value=3.00815e-11 -0.00217188 0.00023576 0.00145239 0.000133669 3.88192e-05 0.0001388 0.00127184 -0.000428499 0.000672675 0.00463635 -0.00141036 -0.0132819 -0.000301987 2.35838e-05 -0.00939191 -0.0001015 -0.000183723 -0.00194966 0.000766566 5.79556e-05 0.00221106 -0.0021294 -0.00619227 0.000224486 -0.00136132 0.000308192 -0.000883441 0.00125631 6.50562e-05 -0.00017323 -0.000323537 -0.00168809 6.64817e-05 0.000131314 -3.93293e-05 -0.00103063 4.91334e-05 -6.90463e-05 5.1693e-05 0.000691295 -9.43967e-06 -0.000270272 -0.000650851
internal_weight=2502 245 2257 225 2243.5 2203 2176 726 1450 717 247 470 52 1446 1396 50 1394 1392 487 905 443.5 223.5 220 100 205.5 160.5 189 166.5 120 866 118 168 42 418 126 830 68 762 385 346 116.5 726 290 140
internal_count=1614 245 1369 225 1360 1324 1297 433 864 424 112 312 46 860 810 50 808 806 220 586 200 101 99 51 93 70 189 74 48 552 53 168 42 266 126 516 68 448 233 194 63 432 130 56
is_linear=0
shrinkage=0.08


Tree=93
num_leaves=45
num_cat=0
split_feature=37 34 7 35 16 13 7 34 14 34 4 5 16 15 16 32 0 32 4 23 14 35 31 16 29 16 32 37 29 4 31 16 34 19 0 0 22 19 22 20 33 31 29 31
split_gain=0.173785 3.13572 0.59994 0.624225 0.53459 0.351892 0.228559 0.349308 0.158688 0.141037 0.108368 0.0776042 0.0540051 0.0954597 0.0838903 0.0775976 0.0159594 0.0147223 0.0179883 0.0112188 0.0136372 0.00980585 0.0175453 0.0329642 0.0124202 0.0140948 0.00892714 0.0126267 0.00705713 0.00638904 0.00601099 0.00529952 0.00437304 0.00424866 0.00683487 0.0146908 0.00391473 0.00385087 0.00347994 0.00437426 0.00340442 0.00326427 0.00384364 0.00381634
threshold=11.525 1.0000000180025095e-35 2.9250000715255742 1.5000000000000002 9.0399996042251605 9.8950000000000014 3.0550000190734869 1.0000000180025095e-35 9.7050000000000018 121.60000000000001 17.955000000000002 2.935000061988831 9.2000000000000011 1.6349999999999998 6.6850000000000014 1.3 12.820000000000002 0.70000000000000007 16.185000000000006 2.3000000000000003 7.5750000000000002 1.5000000000000002 0.3000000000000001 6.6250000000000018 0.70000000000000007 6.6350000000000016 11.700000000000001 16.175000000000004 1.3 17.845000000000002 0.3000000000000001 6.1050000000000013 12.500000000000005 12.900000000000002 12.915000000000001 13.350000000000003 39.100000000000016 3.3000000000000003 71.40000000000002 2.3000000000000003 3.3000000000000003 2.5000000000000004 7.5000000000000009 12.300000000000002
decision_type=2 2 2 2 2 2 2 2 2 2 2 2 2 2 2 2 2 2 2 2 2 2 2 2 2 2 2 2 2 2 2 2 2 2 2 2 2 2 2 2 2 2 2 2
left_child=2 4 3 -1 -2 8 11 -8 9 12 16 -4 13 14 -3 -16 -9 18 30 20 -19 24 23 -23 25 -18 27 -22 -25 33 -15 -26 -27 34 -24 -36 37 41 39 -33 -38 -37 43 -43
right_child=1 5 6 -5 -6 -7 7 10 -10 -11 -12 -13 -14 17 15 -17 21 19 -20 -21 26 22 29 28 31 32 -28 -29 -30 -31 -32 38 -34 -35 35 36 40 -39 -40 -41 -42 42 -44 -45
leaf_value=0.01728511655772174 -0.030820877502361933 0.0074472713647853765 -0.0015786838019266724 -0.00075710079405042863 -0.013342889497677486 -0.0080583887547254571 0.0067418024483181186 0.0029172227298840882 0.0076550227501207884 0.0065690161148086188 0.0039893972435966138 -0.0076819631954034174 -0.0036766247664179121 -0.0010956604794288675 0.0050321861551631064 -0.001451817123150384 0.0019616602337919177 7.7660567489950809e-05 -0.0029686485940501805 -0.00030414325421184509 0.0030846833735704423 -0.0027869007198346985 -0.0037338081995646161 0.00030389494220302863 0.0010500872537183264 7.8843090389758196e-05 0.00023397156844536465 0.0007636066007738313 -0.001088559412293964 -0.00095659536330236332 0.00054968748303751156 9.1314528670809265e-05 0.0011127504530466265 -0.00069081809240007647 0.0040342829252282778 0.0004052680115647243 -1.0342205426207297e-05 -0.00055949607344508978 0.00071246606918672723 -0.00041607012006711992 0.00096587421478969702 -0.00055600390880604161 0.00019204175806580447 0.00021486444433685393
leaf_weight=27 21 21 24 22.5 24 30 52.5 11.999999999999998 21 24 45 30 21 27 21 27 48 129 21 144 30 45 2.9999999999999991 66 30 96 30 30 36 45 30 282 36 49.5 5.9999999999999991 130.5 40.5 73.5 36 177 52.5 130.5 195 60
leaf_count=27 21 21 24 18 24 27 30 12 21 21 18 30 21 27 21 27 24 129 18 108 18 18 3 48 15 72 24 30 18 18 30 150 21 36 6 63 27 33 24 105 30 54 78 24
internal_value=-1.56898e-11 -0.00112426 0.000395403 0.00908411 -0.0214993 0.00038874 0.000156663 0.000315065 0.000828694 0.000570401 0.000116006 -0.00496939 0.000299277 0.00046299 0.00322999 0.00138493 1.03684e-05 3.00581e-05 -0.0009671 0.000244324 0.000604959 -1.09272e-05 -0.000181076 -0.000983276 0.000214249 0.000787709 0.00136075 0.00192414 -0.00018756 -3.10464e-05 -0.000229688 1.76337e-05 0.000360818 2.5161e-05 7.64133e-05 9.30156e-05 5.83671e-05 -1.77336e-05 -4.49393e-05 -0.000104344 0.000540748 5.9436e-05 -5.76355e-05 -0.000313211
internal_weight=2502 651 1851 49.5 45 606 1801.5 1747.5 576 555 1695 54 531 510 69 48 1650 441 78 363 219 1638 933 147 705 180 90 60 102 786 57 525 132 741 691.5 688.5 682.5 589.5 495 459 93 516 385.5 190.5
internal_count=1614 588 1026 45 45 543 981 927 516 495 897 54 474 453 69 48 879 384 75 309 201 867 456 84 411 117 72 48 66 372 57 294 93 354 318 315 309 252 279 255 57 219 156 78
is_linear=0
shrinkage=0.08


Tree=94
num_leaves=45
num_cat=0
split_feature=37 4 35 0 15 6 15 15 36 15 21 0 0 32 0 36 11 0 36 0 33 36 3 37 13 36 32 37 4 12 32 37 11 33 37 30 33 29 17 37 0 37 31 15
split_gain=0.179972 5.45884 0.49917 6.55715 5.10097 0.867424 0.745932 0.89469 0.416705 1.7782 0.907544 0.24032 0.923624 0.181379 0.148468 0.130563 0.251396 0.0950904 1.74454 0.854125 0.217899 0.795529 1.54132 0.89242 0.0802622 0.0621337 0.33127 0.270768 0.140679 0.103365 0.0719892 0.477384 0.0563119 0.0375837 0.013932 0.0117938 0.0252901 0.0118181 0.0106448 0.0104377 0.00662183 0.0055532 0.0111062 0.00845342
threshold=16.425000000000004 16.455000000000002 1.0000000180025095e-35 8.3270000000000017 1.4150000000000003 2.935000061988831 1.7950000762939455 1.765000104904175 1.5000000000000002 2.1350000000000002 0.50000000000000011 11.729999904632569 11.954999923706056 0.70000000000000007 16.475000000000005 2.5000000000000004 7.463000000000001 12.329999885559085 1.5000000000000002 11.97499990463257 1.0000000180025095e-35 2.5000000000000004 16.415000000000003 7.463000000000001 4.620000000000001 2.5000000000000004 1.0000000180025095e-35 11.525 17.965000000000003 9.8250000000000011 1.0000000180025095e-35 9.6200000000000028 9.9450000000000021 3.1000000000000005 3.7450000000000006 1.9000000000000001 2.5000000000000004 1.7000000000000004 3.0000000000000004 4.1950000000000012 12.720000000000001 9.9950000000000028 0.3000000000000001 2.2600000000000007
decision_type=2 2 2 2 2 2 2 2 2 2 2 2 2 2 2 2 2 2 2 2 2 2 2 2 2 2 2 2 2 2 2 2 2 2 2 2 2 2 2 2 2 2 2 2
left_child=2 -2 4 -4 -1 -6 7 -7 10 -10 -8 -5 -13 -3 -15 24 -17 18 -14 -20 21 22 23 -19 -11 28 -27 29 30 40 31 -22 34 -12 38 36 -16 -37 -32 -36 -28 42 -41 -43
right_child=1 13 3 11 5 6 8 -9 9 15 33 12 17 14 35 16 -18 20 19 -21 25 -23 -24 -25 -26 26 27 -29 -30 -31 32 -33 -34 -35 39 37 -38 -39 -40 41 -42 43 -44 -45
leaf_value=0.04129378682091122 -0.042112206958234311 0.0067053136213993036 -0.06328571137927827 -0.0090974533723460309 -0.015249978672890437 0.0012602369378200147 0.017610001982716113 0.02358456601575017 -0.024389131649486008 -0.0058467088066972792 -0.0045096255755051971 0.031528385480244954 -0.021286372122439473 0.0068514895722979596 -0.0034072290513930577 -0.00056102396228483744 0.010352398939430714 0.0010008905056331839 0.018514465130865573 -0.0038704988608757656 -0.0027275519257219617 0.010965382417981626 0.010556294518358567 -0.018628142112422558 0.00044352844750785548 -0.0076286357677126503 -0.0046303641051054006 -0.0063665919125612293 0.0046607626080513 0.0040499536127879708 0.00026721304318366143 0.0092090089921210271 -0.0028607906036906771 0.00014313731603324414 -0.0020604949072003365 0.0018362922397153897 0.00051895634347428796 -0.00024266555624836612 0.0026582264876924455 -0.0012030773406365403 -1.6646938649608685e-05 0.0014216984156519175 -9.8340830520153291e-06 0.00010706756648788642
leaf_weight=21 20 36 10.499999999999998 18 21 27 23 20 21 20 20 5.9999999999999991 22 21 21 35 22 28 20 24 51 53.5 42.5 31.5 37 41.5 1.9999999999999989 42 45 43.5 26 37 45 25 15.999999999999998 21 21 105 22 54 439 40 661 144
leaf_count=21 20 36 6 18 21 27 23 20 21 20 20 6 22 21 21 35 22 28 20 24 30 32 19 15 37 23 2 21 20 19 26 18 20 25 16 21 21 105 22 28 230 20 320 72
internal_value=4.66e-11 -0.00205936 0.000223546 -0.00023508 0.00330985 0.000366442 0.00167822 0.01076 -0.000424446 -0.00299688 0.00468259 0.000103642 0.000189167 0.00150089 0.000509576 0.000943801 0.00365117 9.17647e-05 -0.00289247 0.00630448 0.000197401 0.00306449 -0.0010796 -0.00939095 -0.00176357 -6.34724e-05 -0.00074715 -0.000204734 0.000276868 0.000329421 9.68726e-05 0.00229123 -9.46982e-05 -0.00192476 3.45584e-05 -0.000283164 -0.00144414 0.000103827 0.00136309 -3.51353e-05 -3.75708e-05 9.11191e-07 -9.99532e-05 0.000392857
internal_weight=2502 245 2257 1965 292 271 250 47 203 135 68 1954.5 1936.5 225 189 114 57 1930.5 66 44 1864.5 155.5 102 59.5 57 1709 568 526.5 1141 484.5 1096 88 1008 45 963 168 42 126 48 915 441 899 715 184
internal_count=1614 245 1369 1077 292 271 250 47 203 135 68 1071 1053 225 189 114 57 1047 66 44 981 94 62 43 57 887 295 272 592 251 572 48 524 45 504 168 42 126 48 456 232 440 348 92
is_linear=0
shrinkage=0.08


Tree=95
num_leaves=45
num_cat=0
split_feature=37 34 36 37 13 0 22 37 36 36 37 0 37 4 10 34 11 10 36 34 37 37 12 14 29 23 7 20 37 4 36 10 36 29 37 6 31 34 34 26 0 22 18 23
split_gain=0.157914 2.22235 5.29432 1.77252 1.74414 0.71908 0.287478 1.05278 0.319767 0.262828 0.174309 0.222211 0.137065 0.239733 0.179158 0.175265 0.0395345 0.0274505 0.0485453 0.0628383 0.0560553 0.0357372 0.027071 0.0269736 0.0260582 0.0261011 0.0230391 0.022273 0.0209505 0.0358358 0.0203134 0.017716 0.016683 0.0369961 0.0498177 0.0319369 0.0113509 0.014499 0.0112841 0.0104901 0.00705435 0.00624836 0.00708349 0.00547407
threshold=8.0050000000000008 1.0000000180025095e-35 2.5000000000000004 11.965000152587892 7.9050000000000011 8.3270000000000017 1.0000000180025095e-35 2.5300000000000007 1.5000000000000002 2.5000000000000004 2.9600000238418587 13.425000000000002 16.425000000000004 16.515000000000004 2.5300000000000007 9.5000000000000053 9.9550000000000018 9.9200000000000017 2.5000000000000004 5.400000000000003 8.1550000000000029 16.140000000000004 7.8350000000000009 9.3000000000000025 6.7000000000000002 1.1000000000000003 9.8750000000000018 0.90000000000000013 11.655000000000001 16.115000000000006 1.5000000000000002 2.6750000000000003 2.5000000000000004 1.3 5.2800000000000002 4.2900000000000009 1.0000000180025095e-35 26.100000000000005 11.500000000000002 1.9000000000000001 16.155000000000005 22.600000000000005 5.9000000000000012 13.000000000000002
decision_type=2 2 2 2 2 2 2 2 2 2 2 2 2 2 2 2 2 2 2 2 2 2 2 2 2 2 2 2 2 2 2 2 2 2 2 2 2 2 2 2 2 2 2 2
left_child=4 2 3 -2 5 -1 8 -8 -7 -10 11 -9 14 -14 -3 -15 17 18 20 -20 -16 23 32 31 26 -26 -17 -23 38 -30 -25 -22 35 34 -34 -12 -33 40 -21 -28 -38 -35 -43 -39
right_child=1 12 -4 -5 -6 6 7 10 9 -11 22 -13 13 15 16 24 -18 -19 19 28 21 27 -24 30 25 -27 39 -29 29 -31 -32 36 33 41 -36 -37 37 43 -40 -41 -42 42 -44 -45
leaf_value=0.018448353520146125 -0.013950098620520697 -0.0080382974921829175 -0.044882908575236795 0.015315366463305859 0.019089839057137185 -0.013095035820522093 0.014959350878372787 -0.011187471445827258 0.0049004462327469477 -0.0074655562334439976 -0.0028142101437508781 8.0968186569710583e-05 0.0082878179080558539 0.0069698614985854532 -0.0045160188898444179 -0.0024592393899167124 -0.0021278105110481937 0.0021310459907500096 0.0044450639415946269 0.0011845722402046835 0.0054364447575062516 -0.0042623019108379429 -0.0018958582435217169 -0.0018752278808003282 0.0032329039821289134 4.4764534825281732e-05 0.0015873386160958382 -0.00057356923632323736 -0.00011671799527437882 0.0030956894288892336 -0.0001313597604285855 -0.0012638490774819777 0.00040980531939215233 -0.00062481693855119416 0.0052936900179199088 4.6564605109415974e-05 0.00058816616864580857 -5.0970131952148055e-05 -6.7164908661980778e-05 -0.00049014258508880938 0.002261642296964835 0.0012586810259228132 -0.00034343481624752963 0.00077307750695738292
leaf_weight=13.499999999999998 27 18 24 26 32.5 22 30 21 22 22 27 24 33 27 20 33 54 40.5 27 56 3.9999999999999991 22 45 85.5 27 42 21 20 43 46 85.5 37 31 54.5 23.5 333 38 467 260.5 60 28 38 33 58
leaf_count=9 18 18 21 26 13 22 30 21 22 22 24 24 33 27 8 33 24 18 21 25 4 22 18 38 27 42 21 20 43 30 38 24 31 23 13 208 36 248 120 60 14 26 23 26
internal_value=-2.47517e-11 -0.000424563 -0.0137096 0.000406545 0.000951418 0.000154259 -0.00018592 0.000317493 -0.00522005 -0.00128256 -0.000379739 -0.00517764 0.000194282 0.00194907 -0.000108138 0.000952978 -5.59324e-06 8.00568e-05 1.60375e-05 0.000708067 -0.000329978 -0.0002309 -1.06694e-05 -0.000111915 6.52414e-05 0.0012923 -0.00067745 -0.00250576 0.000459241 0.00154363 -0.00100329 0.000129264 0.00014643 0.000775276 0.0025157 -0.000167994 9.54607e-05 0.000180561 0.000154311 4.84637e-05 0.00129813 1.94742e-05 0.000514036 4.00675e-05
internal_weight=2502 1730 77 53 772 739.5 726 660 66 44 630 45 1653 243 1410 210 1392 1338 1297.5 432.5 865 845 585 803 183 69 114 42 405.5 89 171 632 540 180 54.5 360 628 591 316.5 81 66 125.5 71 525
internal_count=1614 1085 65 44 529 516 507 441 66 44 411 45 1020 243 777 210 759 735 717 239 478 470 366 428 183 69 114 42 218 73 76 352 348 116 44 232 348 324 145 81 50 72 49 274
is_linear=0
shrinkage=0.08


Tree=96
num_leaves=45
num_cat=0
split_feature=8 36 5 34 36 0 16 0 34 11 10 36 33 0 30 36 31 36 34 33 13 14 0 14 31 30 29 17 31 0 31 30 33 30 36 29 29 0 36 5 16 8 34 10
split_gain=0.189988 1.02718 7.98875 0.440584 2.22395 8.01709 0.195214 0.0459851 0.0332846 0.0224532 0.0351319 0.0264842 0.0494787 0.0482457 0.0247306 0.0479871 0.0469807 0.0228797 0.020183 0.0331543 0.0180048 0.0286722 0.0147589 0.0135598 0.010183 0.00773871 0.00750969 0.00638903 0.00599684 0.00695053 0.00579948 0.00567259 0.00462777 0.00434788 0.00354712 0.0061355 0.00555246 0.00343868 0.00330074 0.00300335 0.00287146 0.00248223 0.00377273 0.00524537
threshold=2.935000061988831 1.5000000000000002 2.9150000810623173 1.0000000180025095e-35 1.5000000000000002 16.415000000000003 9.0399996042251605 13.005000000000003 121.60000000000001 9.9450000000000021 9.9350000000000005 1.5000000000000002 1.0000000180025095e-35 16.155000000000005 1.0000000180025095e-35 2.5000000000000004 1.0000000180025095e-35 2.5000000000000004 5.400000000000003 2.5000000000000004 9.1350000000000016 9.8250000000000011 13.425000000000002 8.490000000000002 0.3000000000000001 7.5000000000000009 1.0000000180025095e-35 2.3000000000000003 1.7000000000000004 15.935000000000002 3.9000000000000004 0.50000000000000011 2.5000000000000004 9.4000000000000004 2.5000000000000004 1.0000000000000002 1.0000000000000002 14.455000000000002 2.5000000000000004 9.9800000000000022 6.0950000000000015 9.9200000000000017 47.20000000000001 7.3450000000000015
decision_type=2 2 2 2 2 2 2 2 2 2 2 2 2 2 2 2 2 2 2 2 2 2 2 2 2 2 2 2 2 2 2 2 2 2 2 2 2 2 2 2 2 2 2 2
left_child=1 -1 -3 4 -2 6 -6 -5 9 10 11 18 13 17 15 24 -17 -13 19 -9 22 32 -20 26 -14 -25 -24 -10 29 31 34 -16 -22 38 35 -30 -36 -28 -31 -38 -39 42 -32 -44
right_child=3 2 -4 7 5 -7 -8 8 27 -11 -12 12 14 -15 28 16 -18 -19 20 -21 21 -23 23 25 -26 -27 37 -29 30 33 41 -33 -34 -35 36 -37 39 40 -40 -41 -42 -43 43 -45
leaf_value=-0.0089292457396233527 0.010548695218749345 -0.017340374032656352 0.044583757544557255 -0.0027178188811780679 0.0093208038943509274 -0.049051845371723177 -0.00035920540491739906 -0.00027022371784998821 0.0022411658306314489 -0.0011959358665979271 0.0027392259405248543 0.0017022371815428848 -0.0011561958126346523 0.0033034824557376628 0.0011330230237217621 0.0048172450532664116 0.00066837308507361633 -0.0020321566409741841 0.0032600701062215701 -0.0041265511943234341 -0.0024394117871468718 0.00076502591565057827 -0.0015474416520081314 0.0015350271280586832 0.00078974211557966765 0.00012041711775266161 -0.0013140254002064467 0.00095582064504575251 -0.00091119126081466674 -0.0012107338572880536 1.2339332588641067e-05 -0.00016172747285828106 -0.0012384034132028555 0.00010758401577318594 0.0018810478255152701 0.00052146159603826104 0.0011221710636164061 -0.0005788752856887569 -0.00041064400832648527 0.00012769528034359517 2.6677130444026361e-05 -0.00011242077596596738 4.6598384293114269e-07 0.0012581439633769069
leaf_weight=27 40 30 24 36 30 26 24 39 49.5 82.5 33 21 39.5 66 32 33.5 36.5 21 8.9999999999999982 22.5 44 38.5 25.5 49.5 30.5 49.5 14.999999999999998 49.5 25 66 194 67 38.5 44 25 81.5 32 60.5 66 49.5 292 352 41 44
leaf_count=24 34 30 18 36 30 14 24 39 27 45 18 21 27 36 30 21 24 21 9 15 24 21 18 27 18 27 15 27 15 36 120 60 21 24 15 51 24 33 36 27 180 192 36 24
internal_value=3.71068e-13 0.00381123 0.0101815 -0.000127513 -0.00485331 -0.0125543 0.00501858 0.000118943 0.000164031 9.84664e-05 0.000149721 0.000108046 0.000311347 0.00195464 0.000170381 0.00117279 0.0026539 -0.00016496 -0.000298555 -0.00168108 -0.000161859 -0.00103768 4.96662e-05 -9.06074e-06 -0.000308323 0.000827722 -0.000219853 0.00159849 4.49677e-05 -0.000279477 0.000150681 0.000256778 -0.00187894 -0.000581121 0.000511624 0.000185158 0.00083809 -0.000127735 -0.000810689 0.000518164 -7.72546e-05 2.88418e-05 0.000207065 0.000651499
internal_weight=2502 81 54 2421 120 80 54 2301 2265 2166 2083.5 2050.5 1367 108 1259 140 70 42 683.5 61.5 622 121 501 492 70 99 393 99 1119 275 844 99 82.5 176 213 106.5 106.5 367.5 132 81.5 352.5 631 279 85
internal_count=1614 72 48 1542 102 68 54 1440 1404 1350 1305 1287 858 78 780 90 45 42 429 54 375 66 309 300 45 54 246 54 690 186 504 90 45 96 132 66 66 228 72 51 213 372 180 60
is_linear=0
shrinkage=0.08


Tree=97
num_leaves=45
num_cat=0
split_feature=37 34 35 0 16 16 15 0 36 10 12 22 1 10 0 34 15 36 36 0 16 36 11 6 22 30 37 36 26 10 26 26 0 36 32 31 16 14 16 15 36 35 34 16
split_gain=0.173997 5.31317 0.456776 6.26286 4.41691 0.570839 1.26555 0.531128 0.374078 1.92956 0.724111 0.293542 0.209 0.170624 0.835855 0.134363 1.61988 1.97327 3.46335 0.128233 0.112502 0.0537215 0.0758862 0.039591 0.0345756 0.0342905 0.0306309 0.255901 0.374982 0.137925 0.013956 0.0132315 0.0100501 0.011082 0.0431912 0.0187203 0.0321623 0.0151944 0.0151356 0.0106558 0.00982753 0.00630197 0.0124652 0.00938297
threshold=16.425000000000004 8.7000000000000046 1.0000000180025095e-35 8.3270000000000017 6.1050000000000013 9.0499995946884173 1.7861538866850044 12.820000000000002 1.5000000000000002 7.6750000000000007 6.6750000000000016 0.3000000000000001 16.920000000000005 1.1449999809265139 11.954999923706056 0.80000000000000016 1.8150000357627867 1.5000000000000002 2.5000000000000004 16.660000000000004 6.6750000000000016 2.5000000000000004 5.0500000000000016 5.7350000000000003 50.300000000000004 1.0000000000000002 11.470000000000001 1.5000000000000002 7.5000000000000009 9.9550000000000018 0.50000000000000011 11.900000000000002 12.820000000000002 2.5000000000000004 1.0000000180025095e-35 1.0000000180025095e-35 6.6350000000000016 9.3000000000000025 6.0057692307692303 0.034999999999999261 1.5000000000000002 1.5000000000000002 13.700000000000005 6.6350000000000016
decision_type=2 2 2 2 2 2 2 2 2 2 2 2 2 2 2 2 2 2 2 2 2 2 2 2 2 2 2 2 2 2 2 2 2 2 2 2 2 2 2 2 2 2 2 2
left_child=2 -2 4 -4 -1 6 -6 -7 10 11 23 -10 19 -5 -15 16 17 -16 -19 20 -3 22 -13 -8 -23 -14 29 -28 -29 31 -27 32 -17 35 -35 36 -34 -37 -36 -40 -39 43 -43 -41
right_child=1 12 3 13 5 7 8 -9 9 -11 -12 21 25 14 15 26 -18 18 -20 -21 -22 24 -24 -25 -26 30 27 28 -30 -31 -32 -33 33 34 38 37 -38 40 39 41 -42 42 -44 -45
leaf_value=0.03605120687308954 -0.041539725201204421 0.0075761722099213372 -0.061838412511916394 -0.0058746297533313428 0.01981109300385351 -0.017068096142084824 -0.0034309881217777726 -0.00079313741954551505 0.010553189221303909 -0.024720131158828734 0.017556455092504621 0.00092760890084521278 -0.0031015657167881728 0.030018169085184732 -0.021024471123058063 0.0022813476063311099 0.019350304087357863 0.026312123448229752 -0.016063875885719951 0.0101188924908638 0.00031338445848236101 0.0042253329213708642 -0.0058103230590932078 0.0013884212264868743 -0.00032277185996265514 0.0020841958580006445 0.0037602542660368438 -0.0094325306005775943 0.0010553007463264901 0.0045712425444452542 -0.00018637101181237162 -0.0011812005891944422 -0.0031422523264255787 0.0025450974867150459 0.0023353073767253328 5.5938039041168687e-05 -0.00022035913643975779 -0.0015390162029550137 0.0016352468132972717 -0.00044830534474125933 -0.00017891019699163736 -0.0016332261615924621 -0.000149004667779493 0.0006745534027841958
leaf_weight=24 20 21 10.499999999999998 30 23 21 20 33 20 21 20 23 24 5.9999999999999991 26 11.999999999999998 28 26 23.5 21 39 20 20 24 23 21 44 40 48 42 99 66 36 48 17.5 797 73 68 22.5 84 68 44.5 194.5 110
leaf_count=24 20 21 6 30 23 21 20 33 20 21 20 23 24 6 22 12 16 22 21 21 39 20 20 24 23 21 22 20 24 18 99 27 16 28 7 430 48 30 10 42 30 28 91 71
internal_value=7.86571e-12 -0.00202488 0.000219803 -0.000218915 0.00317214 0.000227744 0.00208243 -0.00712229 -5.24402e-05 -0.00256573 0.00493487 0.00182335 0.00148755 0.000112118 0.000205443 0.000112205 0.00291581 -0.0031791 0.00619422 0.0047385 0.00285536 -0.000206844 -0.00220631 -0.000802219 0.00179263 -0.000341112 -4.76701e-05 -0.00122118 -0.0037119 4.43698e-05 0.000210978 -7.14917e-05 -2.49896e-05 -4.26966e-05 0.000258558 -0.000193324 -0.00118539 -7.74238e-05 2.65205e-05 -6.21815e-05 -0.000858963 -0.000150385 -0.000425356 0.000188367
internal_weight=2502 245 2257 1965 292 268 214 54 191 127 64 106 225 1954.5 1924.5 1918.5 103.5 75.5 49.5 81 60 86 43 44 43 144 1815 132 88 1683 120 1641 1575 1563 521 1042 109 933 473 455.5 136 433 239 194
internal_count=1614 245 1369 1077 292 268 214 54 191 127 64 106 225 1071 1041 1035 81 65 43 81 60 86 43 44 43 144 954 66 44 888 120 870 843 831 277 554 64 490 249 242 60 232 119 113
is_linear=0
shrinkage=0.08


Tree=98
num_leaves=45
num_cat=0
split_feature=2 37 34 36 15 36 37 37 32 4 37 15 31 27 36 37 12 29 37 1 4 16 29 36 1 1 1 36 34 16 32 36 13 20 29 34 13 32 1 1 1 34 36 21
split_gain=0.179667 2.304 0.366682 3.34157 8.81854 2.8913 0.139204 0.206889 0.12941 0.128156 0.0363615 0.380572 0.443846 0.0926059 0.0401574 0.492459 0.321959 0.0355863 0.0264575 0.0255032 0.0215287 0.014166 0.0169675 0.0092169 0.00853759 0.00771592 0.00692404 0.00618126 0.0198153 0.0278003 0.0118618 0.0301388 0.0100212 0.00537132 0.00418685 0.00441646 0.00667462 0.00492503 0.00443833 0.00505304 0.00635401 0.00427282 0.00456493 0.00393458
threshold=11.97499990463257 7.463000000000001 1.0000000180025095e-35 1.5000000000000002 1.8150000357627867 2.5000000000000004 16.425000000000004 17.150000000000002 1.3 16.515000000000004 11.470000000000001 1.78 1.7000000000000004 11.900000000000002 2.5000000000000004 11.784230769230772 9.1850000000000005 2.1000000000000005 16.140000000000004 16.085000000000004 17.910000000000004 5.9461538461538463 1.3 1.5000000000000002 12.720000000000001 12.820000000000002 12.915000000000001 1.5000000000000002 9.5000000000000053 7.1300000000000008 1.0000000180025095e-35 2.5000000000000004 9.1350000000000016 0.70000000000000007 26.500000000000004 13.900000000000004 9.0900000000000016 1.5000000000000002 14.420000000000002 14.570000000000002 15.100000000000003 5.6000000000000041 2.5000000000000004 2.3000000000000003
decision_type=2 2 2 2 2 2 2 2 2 2 2 2 2 2 2 2 2 2 2 2 2 2 2 2 2 2 2 2 2 2 2 2 2 2 2 2 2 2 2 2 2 2 2 2
left_child=1 -1 3 -2 5 -5 10 8 -8 -10 13 12 -12 20 15 -13 19 -11 23 -16 24 -9 -23 43 -4 -26 -27 28 29 -28 31 -29 33 -30 35 37 38 41 -37 -40 -41 -32 -43 -17
right_child=2 -3 6 4 -6 -7 7 21 9 17 11 14 -14 -15 16 18 -18 -19 -20 -21 -22 22 -24 -25 25 26 27 30 32 -31 34 -33 -34 -35 -36 36 -38 -39 39 40 -42 42 -44 -45
leaf_value=0.016707846187055113 0.014444195820949973 -0.010295466551413904 0.0020988398448874555 0.020914532984212295 -0.053851677138282331 -0.015677412043397242 0.0097473524701005461 0.0016420385831346115 0.0068967702533259539 0.0028904168430848847 -0.00069194521138410056 0.011591694646825393 -0.016199213486009587 0.0029817242688979164 -0.00032356499342454806 -0.0011483831791093155 -0.010256910343654453 -0.0015005518406353616 -0.0024582212148724419 0.0024174800639351211 -0.0018309774309739298 -0.002550283768879516 -3.2605960072013199e-05 0.00052482231546922495 -0.0029065354292591413 0.0026802516790727779 -0.0032748699862332571 -0.00049049458988010891 0.00042973009376902712 -0.00024060916081070901 0.00055232384199000622 0.0022871916219592094 -0.0011204010803252458 -0.00017315993850182198 -0.00080880641000254496 0.0015736936385898539 0.0010474857783107005 -0.00077710310385252046 -0.0016053461935371161 0.0011877201072250803 -6.0786143916480445e-06 0.00024473718921276365 -0.0010119320210572836 5.4341603708625944e-05
leaf_weight=42 40 39 11.999999999999998 29.5 24.5 26 24 24 33 21 27 24 21 66 45 49 20 27 38 42 43.5 21 93 76 5.9999999999999991 5.9999999999999991 31.5 50 164.5 50 54 50 50 222.5 41 11.999999999999998 46 84 11.999999999999998 30 584 37 37 27
leaf_count=42 34 30 12 27 16 25 24 24 33 21 27 12 18 27 45 34 10 27 38 31 18 21 93 61 6 6 14 30 75 40 44 30 22 124 20 12 20 44 12 28 266 22 22 27
internal_value=1.9348e-11 0.00370625 -0.000124001 -0.00443527 -0.013875 0.00377236 0.000100837 0.00191166 0.00458775 0.00305898 -0.000112978 -0.00083241 -0.00747638 4.41983e-05 0.00016108 0.000793791 -0.00110434 0.000420497 -0.000570155 0.000999698 -7.52575e-05 -0.000124488 -0.000496389 -9.81385e-05 -2.69043e-05 -4.3178e-05 -3.21757e-05 -4.26382e-05 -0.00026817 -0.00141336 7.01279e-05 0.000898349 -5.45939e-05 8.31073e-05 -1.82628e-05 1.79116e-05 0.000116793 -0.00030112 4.96894e-05 2.04753e-05 5.22503e-05 1.12444e-05 -0.000383597 -0.000721099
internal_weight=2502 81 2421 120 80 55.5 2301 243 105 81 2058 369 48 1689 321 214 107 48 190 87 1623 138 114 152 1579.5 1567.5 1561.5 1555.5 518.5 81.5 1037 100 437 387 937 896 684 212 638 626 614 128 74 76
internal_count=1614 72 1542 102 68 52 1440 243 105 81 1197 303 45 894 258 172 86 48 160 76 867 138 114 122 849 837 831 825 275 54 550 60 221 199 490 470 338 132 318 306 294 88 44 61
is_linear=0
shrinkage=0.08


Tree=99
num_leaves=45
num_cat=0
split_feature=8 35 5 34 35 15 35 35 15 34 34 0 11 36 0 1 18 0 34 10 8 35 36 30 9 34 34 11 0 32 0 10 16 0 33 10 16 32 34 30 18 18 22 36
split_gain=0.230847 4.93914 1.88096 0.394895 2.16857 5.64833 0.705936 0.0255811 0.105252 0.137159 0.0615845 0.0544111 0.0296715 0.0243456 0.0290961 0.0534901 0.0264326 0.0270268 0.0411729 0.020705 0.0188448 0.0128026 0.0206991 0.0328529 0.0167592 0.0162989 0.0310029 0.013853 0.0128147 0.0111777 0.0111503 0.010514 0.0104867 0.0173581 0.0078143 0.00663306 0.00657609 0.00509955 0.00495036 0.00342034 0.00338949 0.00324018 0.00494077 0.00508081
threshold=2.935000061988831 1.0000000180025095e-35 2.9150000810623173 1.0000000180025095e-35 1.5000000000000002 1.7950000762939455 1.0000000180025095e-35 1.0000000180025095e-35 0.58499999999999919 9.5000000000000053 119.60000000000004 13.265000000000002 9.9550000000000018 1.5000000000000002 16.425000000000004 16.140000000000004 0.50000000000000011 16.465000000000003 10.900000000000004 9.9200000000000017 10.065000000000003 1.5000000000000002 2.5000000000000004 1.0000000180025095e-35 11.190000000000003 5.1000000000000023 2.9000000000000021 9.7450000000000028 12.820000000000002 6.9000000000000012 16.085000000000004 8.5500000000000025 6.1050000000000013 17.795000000000005 5.3000000000000016 8.9450000000000021 6.6500000000000012 3.3000000000000003 69.000000000000014 6.1000000000000005 4.7000000000000002 12.900000000000002 39.100000000000016 1.5000000000000002
decision_type=2 2 2 2 2 2 2 2 2 2 2 2 2 2 2 2 2 2 2 2 2 2 2 2 2 2 2 2 2 2 2 2 2 2 2 2 2 2 2 2 2 2 2 2
left_child=1 -1 -3 4 5 6 -2 8 9 -5 11 -10 19 14 15 -13 17 18 -15 21 30 22 28 -24 36 26 -23 41 -9 34 40 -16 33 -30 -19 38 39 -38 -34 -25 -18 42 -27 -44
right_child=3 2 -4 7 -6 -7 -8 12 10 -11 -12 13 -14 16 31 -17 20 29 -20 -21 -22 25 23 24 -26 27 -28 -29 32 -31 -32 -33 35 -35 -36 -37 37 -39 -40 -41 -42 -43 43 -45
leaf_value=0.034645324150721232 0.013903124986783318 0.0051692653993765511 -0.023936175466687592 0.0079376805644413382 0.010041167544467109 -0.041274125043834958 -0.0051695676499770747 0.0044284551544114944 -0.0039652256738571898 -0.00068280824704007028 0.0044431054734048389 -0.00040065663729015239 -0.0018914301941792169 0.00053084110623846453 0.0016953097902587617 -0.005268944868817925 -0.00080310389730864427 0.0023816499104723334 0.004656145040062256 0.0018002636663983634 -0.0018632697847351665 0.00017772567741896795 0.0034280394379877384 0.00011774874753318726 0.0019770062267780303 -0.00010286381835439465 -0.0033386943899095058 -0.0015063771969742246 0.0019113336564041674 -0.00079207507623747613 0.0020629359595477582 -0.00046019343127097403 -3.597747395284504e-05 -0.00024013716386010248 0.00027829582274604877 -0.0010406439931830392 7.2830172388681352e-05 0.0011730313200790149 -0.00087946783169172709 -0.00087475275987526396 0.00034900475568561395 -0.00069228762017581802 -0.00030588626750369569 0.00090075885658082904
leaf_weight=24 23 30 27 27 42 28 27 3.9999999999999991 21 21 21 52 54 30 30 20 26 20 32 40.5 32 34.5 27 50 40 672 30 45 40 30 20 28 310 60 26 64 56 52 52 40 44 49.5 33.5 67
leaf_count=24 23 30 18 27 33 22 24 4 21 21 21 52 24 30 30 20 26 20 32 18 32 30 17 25 20 294 21 18 20 30 20 28 190 30 26 32 39 32 30 20 44 36 20 40
internal_value=-1.93373e-11 0.0042011 -0.00861752 -0.000140557 -0.00461461 -0.0125062 0.00360387 9.277e-05 0.000612318 0.00416622 0.00021744 1.53042e-06 -4.41783e-05 0.000215125 -0.000678763 -0.00175296 0.000662069 0.0014205 0.00266003 1.22742e-05 -0.000195823 -2.96682e-05 0.000206142 0.000783437 0.000483419 -0.000230924 -0.00145782 -0.000139649 -8.25049e-05 0.000409295 0.000397047 0.000654722 -0.000116809 0.000620451 0.0011928 -0.000289875 0.000181684 0.000602557 -0.000157142 -0.000323363 -7.89213e-05 -6.48286e-05 -2.46224e-05 0.000498544
internal_weight=2502 81 57 2421 120 78 50 2301 480 48 432 411 1821 390 130 72 260 138 62 1767 122 1726.5 795 265 238 931.5 64.5 867 530 76 90 58 526 100 46 426 198 108 362 90 70 822 772.5 100.5
internal_count=1614 72 48 1542 102 69 47 1440 480 48 432 411 960 390 130 72 260 138 62 936 122 918 459 153 136 459 51 408 306 76 90 58 302 50 46 252 116 71 220 45 70 390 354 60
is_linear=0
shrinkage=0.08


Tree=100
num_leaves=45
num_cat=0
split_feature=37 34 0 16 10 34 37 36 36 14 34 10 34 16 36 37 37 18 0 34 7 4 37 17 10 0 0 19 10 36 32 35 32 10 15 20 32 15 16 14 5 6 16 36
split_gain=0.199496 2.75444 0.715721 0.499242 0.317239 0.212192 1.20373 0.630462 0.960346 0.131011 0.147051 0.121512 0.0698508 0.044493 0.0249729 0.021909 0.0404782 0.0149275 0.0317296 0.0348487 0.0161837 0.0136996 0.0132441 0.0120102 0.00964971 0.00635841 0.00647355 0.00614825 0.00591518 0.0051397 0.0152423 0.0109277 0.017146 0.00916108 0.00727125 0.0117178 0.00677102 0.0066036 0.00633884 0.00577428 0.00512644 0.00450719 0.00589768 0.00540135
threshold=11.525 1.0000000180025095e-35 8.3270000000000017 9.0399996042251605 9.9450000000000021 1.0000000180025095e-35 7.8750000000000009 2.5000000000000004 1.5000000000000002 9.5600000000000005 121.60000000000001 9.9550000000000018 9.5000000000000053 9.2000000000000011 1.5000000000000002 16.425000000000004 16.085000000000004 0.50000000000000011 16.465000000000003 10.900000000000004 10.045000000000002 17.935000000000006 12.049615384615388 1.5000000000000002 8.5500000000000025 12.820000000000002 12.915000000000001 0.3000000000000001 2.3250000000000006 1.5000000000000002 1.0000000180025095e-35 1.5000000000000002 1.0000000180025095e-35 8.9450000000000021 2.2350000000000008 0.50000000000000011 1.0000000000000002 -0.15000000000000033 6.8850000000000025 7.6950000000000012 10.875000000000002 10.065000000000003 7.0000000000000018 2.5000000000000004
decision_type=2 2 2 2 2 2 2 2 2 2 2 2 2 2 2 2 2 2 2 2 2 2 2 2 2 2 2 2 2 2 2 2 2 2 2 2 2 2 2 2 2 2 2 2
left_child=2 3 -1 -2 9 6 7 8 -4 10 13 21 -11 14 15 16 27 18 19 -16 23 25 -20 -19 -17 -7 -27 -3 -28 30 -30 32 -31 39 35 -33 -36 -34 -38 -32 41 42 -39 -44
right_child=1 4 5 -5 -6 11 -8 -9 -10 12 -12 -13 -14 -15 17 24 -18 20 22 -21 -22 -23 -24 -25 -26 26 28 -29 29 31 33 34 37 -35 36 -37 38 40 -40 -41 -42 -43 43 -45
leaf_value=0.018776572898582176 -0.029308852297919141 -0.0011687177104834953 0.0035979018571661481 -0.012418589399506647 -0.0082627888465369188 0.0018013146566227079 0.014627558390299481 0.0074614343186145396 -0.015557723354492615 0.0073026662016356441 0.0063658577576279638 0.0042889344372919634 0.0011508308243494303 -0.0036480075830505011 0.00048837381352980934 0.0015596850076690318 -0.004343919695719429 0.0021333950734697283 0.0013505683691861729 0.0042836534322123043 -0.0016042779523801679 -0.0015800617943207424 -0.00028869962254248095 -0.0001044404347229636 -0.00054600233863591431 -0.0026699096461137136 0.0024699343927204608 0.00021652256516185967 -0.0015793230786919593 0.0018144808693424516 -0.00020691114560149722 -0.00021338995791071258 0.0034207051619887354 -0.00087610431913151792 0.001317576254503085 -0.0015340709644887183 0.00015702940307692776 -0.00013372596533855007 -0.00073598051283624961 0.00041273052368415609 -0.00066131908065554773 0.00088655686759254114 3.6771135163252001e-05 0.0011682837427145353
leaf_weight=13.499999999999998 21 46 33.5 24 27 11.999999999999998 42 33.5 33.5 27 24 42 21 21 30 30 23 20 48 32 36 37.5 92 66 26 5.9999999999999991 5.9999999999999991 37 50 46 234 211 3.9999999999999991 83 26 54 248 196 64 163.5 44 60 54 54
leaf_count=9 21 29 32 24 21 12 24 32 32 27 21 18 18 21 30 30 23 20 24 32 36 15 82 66 26 6 6 37 30 30 142 100 2 36 14 36 104 98 40 72 22 30 42 42
internal_value=-2.86465e-11 -0.00120455 0.000423644 -0.0203007 0.000213477 0.000288806 0.00325376 -0.00149946 -0.00597991 0.000608743 0.000246936 3.95396e-05 0.00461124 -4.27172e-05 0.000113067 -0.000697934 -0.00137415 0.000518567 0.00094057 0.00244723 -0.000180157 -6.84305e-05 0.000273335 0.000415986 0.000582044 -3.33415e-05 -4.70714e-05 -0.000551201 -3.72204e-05 -4.66724e-05 -0.000249988 5.49853e-05 0.000349579 -0.00011166 -0.000168769 -0.00048251 7.72116e-05 0.000186022 -2.61521e-05 4.79603e-05 0.000154309 0.000252901 0.000127838 0.000602527
internal_weight=2502 651 1851 45 606 1837.5 142.5 100.5 67 579 531 1695 48 507 486 162 106 324 202 62 122 1653 140 86 56 1615.5 1603.5 83 1597.5 1591.5 530.5 1061 458 480.5 603 265 338 412 312 397.5 408 364 304 108
internal_count=1614 588 1026 45 543 1017 120 96 64 522 477 897 45 456 435 145 89 290 168 62 122 879 106 86 56 864 852 66 846 840 280 560 266 250 294 136 158 236 144 214 234 212 182 84
is_linear=0
shrinkage=0.08


Tree=101
num_leaves=45
num_cat=0
split_feature=37 1 0 34 36 6 15 37 36 34 16 4 37 15 31 4 15 36 18 31 37 15 29 14 5 15 29 29 12 15 33 0 12 36 14 34 37 37 29 30 21 0 14 23
split_gain=0.194045 5.09397 0.616335 0.198215 1.18816 6.03259 1.45503 0.854358 0.398676 0.140707 0.11018 0.0809347 0.0304256 0.287526 0.362879 0.0790047 0.0272131 0.0250269 0.0175483 0.0251508 0.0159942 0.0153482 0.0149458 0.0317157 0.0111961 0.00849586 0.00642546 0.00864882 0.00663193 0.00606273 0.00581802 0.00534962 0.00550231 0.00419452 0.0147246 0.0201209 0.0159572 0.00924841 0.020167 0.0247219 0.0115942 0.00810362 0.00578603 0.00520161
threshold=16.425000000000004 16.465000000000003 8.3270000000000017 0.80000000000000016 1.5000000000000002 4.6750000000000016 1.8150000357627867 11.965000152587892 2.5000000000000004 9.5000000000000053 9.0399999618530291 16.545000000000005 11.470000000000001 1.8342307692307702 1.7000000000000004 17.955000000000002 1.9399999999999999 1.5000000000000002 0.90000000000000013 6.5000000000000009 15.995000000000003 2.2600000000000007 0.70000000000000007 9.4400000000000031 10.065000000000003 -0.1650000000000009 8.4000000000000004 5.1000000000000005 8.7750000000000004 2.5050000000000003 5.5000000000000009 12.820000000000002 2.2300000000000004 1.5000000000000002 8.3600000000000012 9.5000000000000053 2.9600000238418587 8.8800000000000008 0.70000000000000007 0.3000000000000001 2.3000000000000003 16.565000000000001 7.6750000000000007 5.4000000000000012
decision_type=2 2 2 2 2 2 2 2 2 2 2 2 2 2 2 2 2 2 2 2 2 2 2 2 2 2 2 2 2 2 2 2 2 2 2 2 2 2 2 2 2 2 2 2
left_child=2 -2 -1 4 5 10 7 8 -6 -3 -4 -11 15 14 -14 25 -15 20 19 24 30 -20 -13 26 -19 -5 27 -24 -28 -23 -18 -27 -33 34 36 -36 -34 40 39 -39 -35 -37 -38 -40
right_child=1 9 3 12 6 -7 -8 -9 -10 11 -12 22 13 16 -16 -17 17 18 21 -21 -22 29 23 -25 -26 31 28 -29 -30 -31 -32 32 33 37 35 41 42 38 43 -41 -42 -43 -44 -45
leaf_value=0.017274448253490306 -0.040829487055540084 0.0067184529563894977 -0.0098104188185599121 -0.0014565479948564811 -0.0068029710365568883 0.045484427627684038 -0.014444829049853631 0.017126982403190241 0.0056888557098332846 0.0049171481110776467 -0.0017532139058623994 -0.0020398991186881348 -0.0011086825446950065 0.0035236223936080937 -0.014341358085650773 0.0033485850041939155 -0.0011428487359539997 0.0009947689509551441 -0.0019369809150409239 -0.00022820932082022013 -0.0028590915703376675 0.0014484541558406568 -8.4782670342570375e-06 0.0031238241167739034 0.0031030298574631545 0.0016572094413762292 -0.00024215293052192366 -0.0017620845430841047 0.0015467484112429834 -0.00023722728410373548 0.00026649004817512386 -0.0024563168734312059 0.0028371637543806662 -0.00048199336083249253 -0.0022682273272011015 0.00030391300580015891 -0.00023252423751578201 0.0026415927401010658 -9.9055039956365818e-05 0.00031890916721656539 0.00025348241207163031 -0.00094514585405815644 0.0004907184925430747 0.00075548351426028978
leaf_weight=13.499999999999998 20 27 22.5 27 34 22 40.5 23 31.5 24 21 21 36 14.999999999999998 21 45 38 28 26 46 23 22 45 21 38 11.999999999999998 36 30 21 36 37 5.9999999999999991 12.999999999999998 315 45 67.5 239.5 47 326 78 243 65.5 100.5 53
leaf_count=9 20 27 21 12 30 16 32 23 29 24 21 21 33 9 18 18 33 28 26 26 23 22 45 21 22 12 36 30 21 36 24 6 13 174 20 30 145 22 156 36 148 28 44 24
internal_value=1.05699e-11 -0.00213836 0.000232121 0.000129571 0.00257022 0.0113451 -0.00188525 0.00386236 -0.000795451 0.00130085 -0.00592073 0.000562092 -0.000102106 -0.000763166 -0.00598388 4.16533e-05 0.000199878 3.02997e-05 0.000552221 0.00120778 -0.00101354 -0.000321854 -3.86059e-05 0.000236081 0.00220862 -4.91964e-05 -0.000223332 -0.000709921 0.000416916 0.000402169 -0.000447575 -2.56096e-05 -3.82386e-05 -2.91309e-05 -0.000212716 -0.000805973 8.64328e-05 6.26617e-05 0.000311068 0.00119224 -0.000161706 -0.000311225 -1.87422e-05 2.04451e-05
internal_weight=2502 245 2257 2243.5 194.5 65.5 129 88.5 65.5 225 43.5 198 2049 366 57 1683 309 294 196 112 98 84 174 153 66 1638 132 75 57 58 75 1611 1599 1593 531 178 353 1062 504 125 558 133 340 379
internal_count=1614 245 1369 1360 172 58 114 82 59 225 42 198 1188 300 51 888 249 240 160 76 80 84 174 153 50 870 132 75 57 58 57 858 846 840 280 78 202 560 238 58 322 58 189 180
is_linear=0
shrinkage=0.08


Tree=102
num_leaves=45
num_cat=0
split_feature=8 35 37 34 37 15 1 37 0 32 10 16 11 11 11 36 10 32 16 13 34 37 35 14 13 37 16 10 32 15 15 20 34 32 15 16 16 34 37 14 16 34 36 21
split_gain=0.17366 4.22618 1.81948 0.355393 2.53447 1.60485 0.131736 0.108426 0.152883 0.0709131 0.133452 0.0298566 0.0251514 0.0278091 0.0140406 0.0137676 0.0318254 0.0313916 0.0410659 0.0168846 0.016488 0.0146585 0.0138498 0.0156738 0.034302 0.0115746 0.0102704 0.00966452 0.00809515 0.00724381 0.0106008 0.00694427 0.0132258 0.00657161 0.00599882 0.00660236 0.00500769 0.00408921 0.0121461 0.00403373 0.00445531 0.0038648 0.00355469 0.00320676
threshold=2.935000061988831 1.0000000180025095e-35 2.9050000905990605 1.0000000180025095e-35 11.965000152587892 1.8150000357627867 11.984999656677248 16.425000000000004 17.150000000000002 1.3 8.5500000000000025 6.6850000000000014 9.9450000000000021 9.8950000000000014 9.9200000000000017 1.5000000000000002 2.3250000000000006 1.0000000180025095e-35 7.1300000000000008 9.1350000000000016 0.80000000000000016 14.760000000000003 1.5000000000000002 8.1100000000000012 8.5500000000000025 16.165000000000003 9.065000090599062 9.6700000000000017 1.3 2.2350000000000008 1.4150000000000003 1.1000000000000003 13.100000000000001 1.7000000000000004 2.2796153846153855 6.8850000000000025 6.955000000000001 4.2000000000000011 11.345000000000002 7.6950000000000012 6.0550000000000024 86.000000000000014 2.5000000000000004 3.0000000000000004
decision_type=2 2 2 2 2 2 2 2 2 2 2 2 2 2 2 2 2 2 2 2 2 2 2 2 2 2 2 2 2 2 2 2 2 2 2 2 2 2 2 2 2 2 2 2
left_child=1 -1 -3 4 5 6 -2 12 9 -9 11 -11 13 15 27 17 -17 18 -5 21 -18 26 23 25 -25 31 39 41 -26 30 -24 37 -33 -32 -31 43 -34 42 -39 -19 -41 -10 -22 -36
right_child=3 2 -4 7 -6 -7 -8 8 14 10 -12 -13 -14 -15 -16 16 20 19 -20 -21 22 -23 29 24 28 -27 -28 -29 -30 34 33 32 36 -35 35 -37 -38 38 -40 40 -42 -43 -44 -45
leaf_value=0.031805117080608999 -0.0023758302116766573 0.0068525961372587416 -0.021773234486579893 -0.0041509849647240298 -0.024503720074892047 0.017083924864569017 -0.010126761133256166 0.0078174393344670537 0.00021404565068272252 0.0081284204125404366 -0.0005034220947000461 0.0038624742361051696 -0.0016079852062243004 0.0020371115262861608 0.0018519533350176754 -0.0028167354649243255 0.0043075717737277351 -0.00023254067805290472 9.8211877048015587e-07 -0.0012752315116310378 0.00090502829135706022 -0.0015217679887054823 4.6966073092249203e-05 0.0030502197723835706 0.0013319089174778623 0.001686010445867266 0.0014531669393181802 -0.0019491939153522253 4.4590032366276893e-05 0.0010814941373160658 -0.0005173947728951188 0.0016386231733486057 -0.00022729153509862954 -0.0016335691674612463 -8.3161562809656408e-05 -0.00076095722841273527 0.00054157244251677543 -6.7508557296701169e-05 -0.001789773738477379 -0.00044355333306723174 0.00046199078111623236 -0.0010138150020724251 -0.00047186400445449787 0.0005148134309259293
leaf_weight=24 36 27 30 31 30 31 23 24 75 21 39 21 67.5 40.5 21 24 5.9999999999999991 238 30 81 24 39 127 40 44 28 33 21 108 34 85 38 160 56 145 64 82 76 40 45 153 21 24 95
leaf_count=24 36 27 21 16 30 19 17 24 75 21 39 21 30 18 21 24 6 146 25 36 24 39 52 22 22 28 33 21 54 16 58 32 94 26 58 40 70 42 30 20 68 21 24 44
internal_value=-9.11269e-12 0.00364378 -0.00821363 -0.000121911 -0.00436629 0.00234618 -0.00539738 9.94391e-05 0.00169759 0.00399804 0.00286636 0.00599545 -8.92642e-05 -3.77627e-05 -5.27445e-05 -8.08563e-05 6.94535e-05 -0.000381476 -0.00210903 -0.000202561 0.000123739 -3.15245e-05 0.000103973 0.000356357 0.000965773 0.000108459 9.23977e-05 -0.000394613 0.000417235 -0.000172567 -0.000483186 8.97369e-06 0.000251107 -0.000960698 7.3723e-05 -3.89882e-05 3.32326e-05 -0.000404425 -0.000661393 -1.05963e-05 0.000256185 -5.45489e-05 0.000216582 0.000153537
internal_weight=2502 81 57 2421 120 90 59 2301 243 105 81 42 2058 1990.5 138 1950 1300 650 61 589 1276 508 1270 664 192 472 469 117 152 606 268 444 280 141 338 304 242 164 116 436 198 96 48 240
internal_count=1614 72 48 1542 102 72 53 1440 243 105 81 42 1197 1167 138 1149 766 383 41 342 742 306 736 442 98 344 267 117 76 294 136 316 196 84 158 142 164 120 72 234 88 96 48 102
is_linear=0
shrinkage=0.08


Tree=103
num_leaves=45
num_cat=0
split_feature=37 32 6 6 34 36 16 15 36 4 34 37 15 37 10 15 36 4 18 31 32 14 33 37 30 1 33 34 1 10 32 36 30 34 32 36 11 33 8 35 34 20 4 18
split_gain=0.184656 4.86406 0.595652 0.241983 0.233414 2.10773 2.83751 2.33859 1.33991 0.170459 0.0425269 0.0252034 0.245988 0.315514 0.105156 0.0222187 0.0183281 0.0147137 0.0145642 0.0210201 0.0145146 0.0143327 0.0158453 0.0125036 0.0102023 0.0051535 0.00506942 0.00489519 0.00423082 0.00522151 0.00341794 0.0039027 0.0134515 0.0181578 0.00751011 0.024829 0.00644832 0.00713606 0.00586586 0.00402405 0.00719864 0.00598006 0.00375968 0.00952726
threshold=16.425000000000004 0.3000000000000001 2.9050000905990605 2.9150000810623173 1.0000000180025095e-35 1.5000000000000002 9.0349994897842425 1.8150000357627867 2.5000000000000004 16.505000000000006 13.500000000000002 11.470000000000001 1.8342307692307702 12.915000000000001 9.9550000000000018 1.9399999999999999 1.5000000000000002 17.935000000000006 0.90000000000000013 6.5000000000000009 1.0000000000000002 9.3600000000000012 2.5000000000000004 15.995000000000003 5.5000000000000009 12.720000000000001 5.5000000000000009 42.20000000000001 12.820000000000002 2.3250000000000006 32.100000000000001 1.5000000000000002 0.3000000000000001 9.9000000000000039 1.0000000180025095e-35 2.5000000000000004 3.0100000000000002 0.50000000000000011 11.703076923076924 1.5000000000000002 15.800000000000002 0.3000000000000001 16.155000000000005 5.9000000000000012
decision_type=2 2 2 2 2 2 2 2 2 2 2 2 2 2 2 2 2 2 2 2 2 2 2 2 2 2 2 2 2 2 2 2 2 2 2 2 2 2 2 2 2 2 2 2
left_child=2 -2 -1 -4 5 6 -5 8 -7 -3 -11 14 13 -13 17 -14 23 25 19 24 -20 22 -12 26 -18 -6 -17 -22 -27 -30 31 32 33 -31 35 -33 -34 -38 39 -36 41 -41 43 -42
right_child=1 9 3 4 11 7 -8 -9 -10 10 21 12 15 -15 -16 16 18 -19 20 -21 27 -23 -24 -25 -26 28 -28 -29 29 30 -32 34 36 -35 38 -37 37 -39 -40 40 42 -43 -44 -45
leaf_value=0.010434507851799328 -0.039893875956535339 0.0068886203908671943 -0.0091770538356569075 0.03560166788697243 0.0016361074429005384 0.015162526296163109 -0.0029089769627898931 -0.022868038249251092 -0.0074105217773467302 0.003181715770314137 0.0022421624613482329 -0.013306582492022288 0.0029301859314243002 -0.00096769297133303346 0.0040016200464396256 -0.0010071433083105245 0.0012416840567519623 -0.0016185797880093255 -0.0019776561728212984 -0.00023418273574308209 -0.00037242626398801805 -0.0018999576591886579 -0.00013987647674124066 -0.0024903326076657875 0.0033093558189769587 -0.0021483367805679643 0.00030840649911378687 0.0010727781684448322 0.0023355668162306151 -0.0021208449842750419 -0.0007409596895532948 -0.00052140872050076724 0.00201296029612422 8.6139274700995413e-05 0.00015121274846317858 0.0019997447341680527 -0.00092363149736944625 8.3623005096781079e-05 0.00086142547884765941 -0.00034013792497312859 0.0010517183650905887 -0.0015915169997291791 -0.00019478418072237848 -0.00040597449734129692
leaf_weight=36 20 30 18 25 11.999999999999998 35.5 24 28.5 32 30 21 21 18 36 42 38 42 37.5 24 46 30 24 120 23 24 5.9999999999999991 37 30 5.9999999999999991 49 42 50 9.9999999999999982 46.5 396 50 51.5 357.5 49 72 60 37 260 55
leaf_count=27 20 30 18 19 12 33 24 20 31 30 21 15 12 36 18 33 34 15 24 26 30 24 120 23 16 6 24 30 6 34 18 30 10 24 228 30 28 177 20 36 36 28 104 34
internal_value=2.28636e-11 -0.00208598 0.000226436 6.09743e-05 0.000136455 0.00323876 0.0167393 -0.00365215 0.00446123 0.00127472 0.00041104 -8.2123e-05 -0.000681085 -0.0055136 4.87336e-05 0.000201779 3.47334e-05 -5.20686e-05 0.000481376 0.0010786 -0.000314919 -9.27197e-05 0.000214895 -0.000858552 0.00199356 -1.55702e-05 -0.000358139 0.000350176 -2.79772e-05 -1.99834e-05 -2.88975e-05 -9.52165e-06 -0.000189423 -0.00104624 8.0429e-05 0.000739168 5.86588e-06 -4.32073e-05 9.52062e-06 -3.7915e-05 -0.000192656 -0.000764918 -2.63184e-05 0.000354561
internal_weight=2502 245 2257 2221 2203 145 49 96 67.5 225 195 2058 369 57 1689 312 294 1647 196 112 84 165 141 98 66 1609.5 75 60 1597.5 1591.5 1585.5 1543.5 514.5 95.5 1029 100 419 409 929 880 484 109 375 115
internal_count=1614 245 1369 1342 1324 127 43 84 64 225 195 1197 303 51 894 252 240 876 160 76 84 165 141 80 50 861 57 60 849 843 837 819 273 58 546 60 215 205 486 466 238 64 174 70
is_linear=0
shrinkage=0.08


Tree=104
num_leaves=45
num_cat=0
split_feature=37 4 0 32 2 0 37 34 36 37 36 1 37 15 31 27 36 9 37 4 18 28 32 37 29 0 3 0 31 30 0 0 32 37 15 16 30 36 31 37 34 15 15 0
split_gain=0.156293 4.71937 0.518996 0.18702 0.172343 0.131777 0.683245 0.276279 0.701802 2.61433 6.21408 0.10038 0.0213322 0.210714 0.2678 0.0692752 0.0519042 0.420719 0.279925 0.019579 0.0131565 0.0200476 0.0123573 0.0102432 0.0100521 0.0168951 0.00949929 0.00429226 0.00408475 0.00374443 0.00362593 0.00436969 0.0035056 0.00332458 0.00784855 0.00437744 0.00464001 0.00407393 0.0246894 0.0146704 0.0203275 0.0510427 0.00881211 0.00784902
threshold=16.425000000000004 16.455000000000002 8.3270000000000017 0.70000000000000007 8.3270000000000017 11.965000152587892 2.8800000000000003 1.0000000180025095e-35 1.5000000000000002 7.9350000000000014 2.5000000000000004 16.485000000000003 11.470000000000001 1.781153891453376 1.7000000000000004 11.900000000000002 1.5000000000000002 11.893461538461539 11.784230769230772 17.875000000000004 0.90000000000000013 51.000000000000007 0.70000000000000007 15.995000000000003 1.0000000000000002 17.150000000000002 16.155000000000005 12.820000000000002 3.5000000000000004 10.500000000000002 12.915000000000001 13.005000000000003 14.900000000000002 9.9950000000000028 2.2150000000000003 6.0950000000000015 6.1000000000000005 2.5000000000000004 1.0000000180025095e-35 2.9900000000000007 5.400000000000003 1.9073076923076921 -0.15000000000000033 14.200000000000001
decision_type=2 2 2 2 2 2 2 2 2 2 2 2 2 2 2 2 2 2 2 2 2 2 2 2 2 2 2 2 2 2 2 2 2 2 2 2 2 2 2 2 2 2 2 2
left_child=2 -2 -1 -3 -4 6 -6 8 -7 10 -10 -5 15 14 -14 19 17 23 -18 27 21 26 -22 29 -13 -26 -20 -9 -24 -15 -29 -32 -27 35 -35 36 -33 39 -39 -37 41 -41 -40 -44
right_child=1 3 4 11 5 7 -8 12 9 -11 -12 24 13 16 -16 -17 18 -19 20 -21 22 -23 28 -25 25 32 -28 30 -30 -31 31 33 -34 34 -36 37 -38 38 42 40 -42 -43 43 -45
leaf_value=0.015847083904125071 -0.039160448201000689 0.006675962241780427 0.0091259740900110319 0.0055992904340937026 0.0049953650434811907 0.012081080740967462 -0.014763821136383784 0.0015052189708997807 -0.017075338121917513 -0.015645926831624447 0.042381526711086429 0.0012485816838064541 -0.00055006915082534162 -0.0007391997523738484 -0.012329121588596278 0.0025855234583441141 -0.0087198149723311264 0.012035639166831971 0.00089690394373610619 -0.001424323541307172 -0.0020254786359146237 -0.0003485729232197628 -0.00047199688951617906 -0.0022911059978650882 -0.0021090991919239365 0.00016980559960130551 0.0028500086036236851 -0.0019764697924256327 0.00081634861890860421 0.00058576306188479069 0.0021487214292089142 -0.0010865665958041237 -0.00097808836604512867 0.0011818850296549499 6.578689844657978e-06 0.0016172012254440536 -5.6724829909702146e-05 0.0018948415073100479 0.0034812757703993058 -0.0044639211939647792 -6.6279142873763053e-05 0.00024862110075589856 -0.0015448004815896805 1.5320232039599539e-05
leaf_weight=13.499999999999998 20 36 13.499999999999998 21 24 43 21 11.999999999999998 22.5 39 22.5 24 30 43 21 66 24 20 30 64.5 20 40 28 23 33 90 34 5.9999999999999991 36 20 5.9999999999999991 52.5 21 48 150 30 60 48 4.4999999999999991 24 724 38 22 333.5
leaf_count=9 20 36 9 21 24 37 21 12 21 30 21 24 30 38 18 27 12 10 30 27 20 20 28 23 33 90 24 6 36 14 6 21 21 24 75 30 24 29 2 14 366 38 22 171
internal_value=-5.8791e-12 -0.00191911 0.000208321 0.00139124 0.000114217 5.96613e-05 -0.00422559 0.000147916 0.00376917 -0.000485737 0.0126531 0.000384621 -7.55532e-05 -0.000626598 -0.00540027 4.48349e-05 0.000138991 0.00158441 -0.000583717 -5.84833e-05 0.000454934 0.00105639 -0.000289725 -0.000846114 -0.000267212 -0.000519845 0.00193449 -1.95673e-06 0.000252697 -0.000318577 -1.36516e-05 -6.00673e-06 -4.73635e-05 -1.44319e-05 0.000291501 -5.97553e-05 -0.000537318 -1.58617e-05 0.000190544 -0.000119064 -0.000185334 -0.00157559 -3.6696e-05 -8.12273e-05
internal_weight=2502 245 2257 225 2243.5 2230 45 2185 127 84 45 189 2058 369 51 1689 318 106 212 1623 188 104 84 86 168 144 64 1558.5 64 63 1546.5 1540.5 111 1534.5 198 1336.5 112.5 1224 408 816 786 62 360 355.5
internal_count=1614 245 1369 225 1360 1351 45 1306 109 72 42 189 1197 303 48 894 255 85 170 867 158 74 84 75 168 144 54 840 64 52 828 822 111 816 99 717 45 672 224 448 418 52 195 193
is_linear=0
shrinkage=0.08


Tree=105
num_leaves=45
num_cat=0
split_feature=37 0 35 0 9 22 0 0 32 4 0 34 0 32 37 24 10 31 13 17 0 24 4 22 22 0 10 23 0 34 37 13 34 37 18 6 21 21 3 10 33 20 29 32
split_gain=0.132286 4.60002 0.449689 5.50501 3.45646 0.301746 0.195255 0.660199 0.152488 0.167164 0.131349 0.648431 0.159129 0.115491 0.0270677 0.107578 0.0891493 0.0237304 0.0288699 0.0144027 0.0271213 0.0135795 0.011547 0.0100745 0.0154715 0.0108142 0.00759758 0.0045292 0.00372397 0.00320462 0.00355352 0.0298184 0.00784703 0.00303269 0.00410072 0.00395115 0.00354781 0.00298597 0.00396958 0.00565009 0.00279314 0.00277247 0.00254766 0.00361497
threshold=16.425000000000004 16.465000000000003 1.0000000180025095e-35 8.3270000000000017 2.935000061988831 1.0000000180025095e-35 11.729999904632569 11.954999923706056 0.50000000000000011 16.525000000000002 12.329999885559085 1.0000000180025095e-35 11.97499990463257 1.0000000180025095e-35 11.470000000000001 1.6000000000000003 9.9550000000000018 0.70000000000000007 9.6700000000000017 11.800000000000002 13.56 10.400000000000002 17.935000000000006 10.600000000000003 4.0000000000000009 16.115000000000006 8.9450000000000021 8.7000000000000011 12.820000000000002 80.600000000000009 8.0900000000000016 7.8200000000000012 6.0000000000000044 7.3800000000000017 21.000000000000004 9.9800000000000022 15.000000000000002 5.3000000000000016 16.455000000000002 7.8850000000000007 0.3000000000000001 6.4000000000000012 5.5000000000000009 1.7000000000000004
decision_type=2 2 2 2 2 2 2 2 2 2 2 2 2 2 2 2 2 2 2 2 2 2 2 2 2 2 2 2 2 2 2 2 2 2 2 2 2 2 2 2 2 2 2 2
left_child=2 -2 4 -4 -1 -6 -5 -8 -3 -10 12 -12 -9 -7 16 -16 22 -11 26 20 -15 -17 28 24 -22 41 27 -19 -13 30 31 33 -32 34 36 -35 -30 38 39 -34 -40 -25 43 -42
right_child=1 8 3 6 5 13 7 10 9 17 11 14 -14 19 15 21 -18 18 -20 -21 23 -23 -24 25 -26 -27 -28 -29 29 -31 32 -33 37 35 -36 -37 -38 -39 40 -41 42 -43 -44 -45
leaf_value=0.032206450989469886 -0.038533000905066728 0.0075297448132187134 -0.058014772505987258 -0.0082269444151057136 0.0072236415582734182 -0.0049396136594992692 0.026639660199483238 0.00085723115907361102 0.0075374300217455519 0.0023368358790078979 0.009838356725100814 0.0013848014385439455 -0.0070318098472327822 0.0031885951393771741 -0.0044914502692630608 0.0014624136087479115 0.0036808693338008154 -1.7228506815930208e-05 -0.0031246768328405563 -0.0012054055138753775 0.00046125220926478507 -0.0005073208167838553 -0.0014393051413198314 0.00087711503950967681 -0.0022638735192595052 0.0022228527016982082 0.0010591481444943282 -0.0013408426479214713 -5.3355004693266764e-05 -0.00036881721558229205 0.0010606280799422946 -0.0015531658728917439 9.4565378191570441e-05 0.0010313902433318574 -0.0009482638351619244 0.00014291136408293688 0.00090749342546418872 -0.00036757563182618472 -0.00046802102570870415 0.0011620457740683183 0.00035980845028060976 -0.00024867927722100702 0.00030271930756480106 -0.00025108338674476396
leaf_weight=24 20 24 10.499999999999998 18 37 33 5.9999999999999991 30 21 24 43.5 11.999999999999998 36 21 42 42 42 78 21 39 30 48 37.5 21 24 21 36 21 276 160.5 52.5 82.5 84 42 30 135 27 96 67.5 51 88.5 42 198 207
leaf_count=24 20 24 6 18 37 33 6 30 21 24 21 12 36 21 21 21 18 78 21 39 30 24 15 21 24 21 36 21 222 72 24 33 42 21 30 54 27 48 30 24 39 42 90 93
internal_value=6.66287e-11 -0.00176558 0.000191656 -0.000243646 0.003121 0.00051633 6.67129e-05 0.000143803 0.00150264 0.000782984 6.14542e-05 0.000185608 -0.00344588 -0.000558001 -4.49769e-05 -0.00114826 4.12481e-05 -5.03521e-06 -0.000365323 0.000172268 0.000510188 0.000411889 -5.15656e-05 0.000102604 -0.000749915 0.000650652 6.39097e-05 -0.000297995 -1.92324e-05 -2.97791e-05 8.08838e-06 -0.000142104 0.000113463 8.61566e-05 -5.60708e-05 0.000353737 3.22652e-05 5.06772e-05 0.000108367 0.000497836 1.46449e-05 0.000126585 8.0663e-05 -6.81259e-05
internal_weight=2502 245 2257 1965 292 268 1954.5 1936.5 225 201 1930.5 1864.5 66 231 1821 132 1689 180 156 198 159 90 1647 138 54 84 135 99 1609.5 1597.5 1437 592.5 844.5 510 333 177 303 792 696 135 561 63 493.5 295.5
internal_count=1614 245 1369 1077 292 268 1071 1053 225 201 1047 981 66 231 960 66 894 180 156 198 159 45 876 138 54 84 135 99 861 849 777 387 390 354 279 75 249 366 318 66 252 63 222 132
is_linear=0
shrinkage=0.08


Tree=106
num_leaves=45
num_cat=0
split_feature=37 37 0 4 32 0 37 33 36 37 3 37 30 35 22 36 30 10 4 29 36 0 37 37 37 3 37 33 37 30 4 37 3 14 37 20 22 35 0 0 0 1 31 21
split_gain=0.121329 2.51651 0.646808 0.186587 0.156777 0.153893 0.708932 0.181834 1.12744 2.09259 1.00848 1.12941 0.784008 0.550647 0.358845 0.0563091 0.227266 0.130946 0.11001 0.0569425 0.342629 0.40215 0.180428 0.0420755 0.0987863 0.0225005 0.0177867 0.0124144 0.011879 0.0116534 0.0096029 0.00677069 0.00626657 0.00370984 0.00654839 0.00487543 0.00361807 0.00329756 0.0281922 0.0167596 0.0105499 0.0050801 0.00494377 0.00585357
threshold=16.440000000000001 16.195000000000004 8.3270000000000017 16.515000000000004 0.70000000000000007 11.965000152587892 2.8800000000000003 1.0000000180025095e-35 2.5000000000000004 7.9050000000000011 16.415000000000003 10.105000000000002 1.0000000180025095e-35 1.5000000000000002 1.1000000000000003 2.5000000000000004 1.0000000180025095e-35 9.9200000000000017 17.965000000000003 1.0000000180025095e-35 1.5000000000000002 16.425000000000004 9.7450000000000028 11.470000000000001 11.784230769230772 17.835000000000004 16.085000000000004 0.70000000000000007 13.265000000000002 1.9000000000000001 17.365000000000006 3.7450000000000006 17.935000000000006 7.6950000000000012 9.9800000000000022 0.90000000000000013 23.700000000000006 1.5000000000000002 12.820000000000002 12.915000000000001 14.160000000000002 14.420000000000002 6.5000000000000009 3.0000000000000004
decision_type=2 2 2 2 2 2 2 2 2 2 2 2 2 2 2 2 2 2 2 2 2 2 2 2 2 2 2 2 2 2 2 2 2 2 2 2 2 2 2 2 2 2 2 2
left_child=1 2 -1 -2 -5 6 -4 8 10 -10 11 12 13 -7 -13 18 -17 32 19 20 22 -22 -9 25 -25 30 28 -6 -26 -29 31 36 37 -33 35 -35 -21 38 -18 -39 -40 -42 43 -43
right_child=3 -3 5 4 27 7 -8 15 9 -11 -12 14 -14 -15 -16 16 17 -19 -20 23 21 -23 -24 24 26 -27 -28 29 -30 -31 -32 33 -34 34 -36 -37 -38 39 40 -41 41 42 -44 -45
leaf_value=0.017616565845630788 0.0079823543793625315 -0.02116278999562686 0.0048143852626283965 0.0057229112316336895 -0.0019008655493546809 -0.0075152494733532272 -0.015312809149424235 -0.0064676163859133211 0.023050027757883073 -0.0011397235332248367 0.0091895499641404428 -0.00079397061224361623 0.00050268669178088509 -0.022659511448711984 0.013236429762619082 -0.0053071894379155271 -0.0064849578589200978 -0.0052550166419574199 0.0040613502280579675 0.00033825282783557975 0.01099404208797526 -0.0011943790139186949 0.001655504921451211 -0.0065806156024336817 -0.0011042806349190262 0.0019148588152602315 -0.0026250333987021196 0.0015871528591960668 0.00040152098903873643 -0.00017137399208315505 -0.00071700428055399771 -0.00013998144940064654 0.0011471884967463595 0.00025032441724160716 0.0011841202412033454 -0.00065264730694446162 0.0017585860175842588 -0.0061717934409777318 0.0022727102856151759 -0.00015476930634110791 -0.0012258667428977788 0.0010620816244127256 -0.0001755042151886631 -2.6444003247378166e-05
leaf_weight=13.499999999999998 27 36 24 36 21 30 21 35 40 53.5 42.5 28 30 31.5 20 63 3.9999999999999991 31.5 45 24 38.5 31.5 35 20 60 40 24 30 76 123 112 409 31.5 206 40 47 22 2.9999999999999991 15.999999999999998 238 15.999999999999998 71 99 57
leaf_count=9 27 36 24 36 21 28 21 20 37 35 19 28 24 27 16 37 4 14 20 24 26 14 20 10 36 16 24 30 76 123 48 230 14 90 20 20 22 3 16 115 16 42 59 37
internal_value=-3.10001e-12 -0.000180206 0.000158679 0.00172222 0.000917344 5.23002e-05 -0.00457831 0.000148304 0.0020687 0.00920883 -0.00159944 -0.00488641 -0.0101 -0.0152721 0.00505203 -0.000130888 -0.000748833 -0.000242349 0.000176863 3.35828e-05 0.0015516 0.00550925 -0.00240606 -0.000163197 -0.00127975 6.01129e-05 -0.000617138 -7.69114e-05 -0.000262803 0.000173435 -2.61543e-05 7.72885e-05 5.25139e-05 1.56764e-05 0.00023296 8.25787e-05 0.00101754 -1.59033e-05 0.000179982 -0.00022967 0.000282915 0.0001519 0.000249011 0.000577348
internal_weight=2502 2265 2229 237 210 2215.5 45 2170.5 275.5 93.5 182 139.5 91.5 61.5 48 1895 630 567 1265 1220 140 70 70 1080 180 900 160 174 136 153 860 748 535.5 702 293 253 46 504 263 241 259 243 227 128
internal_count=1614 1377 1341 237 210 1332 45 1287 214 72 142 123 79 55 44 1073 357 320 716 696 80 40 40 616 146 470 136 174 112 153 454 406 306 360 130 110 46 292 174 118 170 154 138 79
is_linear=0
shrinkage=0.08


Tree=107
num_leaves=45
num_cat=0
split_feature=8 36 6 34 36 0 36 34 10 30 0 31 11 36 22 36 29 0 30 34 36 0 31 0 33 36 22 0 6 26 19 22 10 12 36 0 33 36 31 34 29 18 30 36
split_gain=0.103355 0.951805 7.64024 0.378946 1.23486 0.818797 0.668034 0.0244374 0.0197447 0.0128291 0.0284929 0.0140491 0.0134014 0.0128244 0.0471755 0.0119914 0.0848165 0.0107106 0.0103999 0.0155153 0.139084 0.0611846 0.0101826 0.00931905 0.00919733 0.0236987 0.00836682 0.00628861 0.00613128 0.00602479 0.00570718 0.00431705 0.00657624 0.00393126 0.0027954 0.00339233 0.00226975 0.00244296 0.00195531 0.0019357 0.00152437 0.00152039 0.00234656 0.00151646
threshold=2.935000061988831 1.5000000000000002 2.9050000905990605 1.0000000180025095e-35 2.5000000000000004 16.415000000000003 1.5000000000000002 121.60000000000001 2.2750000000000004 0.50000000000000011 16.415000000000003 3.3000000000000003 9.9550000000000018 1.5000000000000002 0.70000000000000018 2.5000000000000004 0.3000000000000001 16.165000000000003 1.3 11.500000000000002 1.5000000000000002 16.985000000000003 1.3 16.185000000000006 0.3000000000000001 2.5000000000000004 15.100000000000001 14.240000000000002 9.8950000000000014 5.4000000000000012 7.6000000000000005 5.4000000000000012 8.5500000000000025 8.4550000000000018 1.5000000000000002 16.565000000000001 0.70000000000000007 2.5000000000000004 1.9000000000000001 93.300000000000026 17.600000000000005 3.0000000000000004 3.5000000000000004 1.5000000000000002
decision_type=2 2 2 2 2 2 2 2 2 2 2 2 2 2 2 2 2 2 2 2 2 2 2 2 2 2 2 2 2 2 2 2 2 2 2 2 2 2 2 2 2 2 2 2
left_child=1 -1 -3 4 5 6 -2 8 -5 10 13 15 18 14 -10 16 -12 24 30 20 -20 -22 23 -21 25 -15 -26 -16 -9 31 36 32 33 40 -34 -36 -11 38 -38 41 -24 43 -43 -33
right_child=3 2 -4 7 -6 -7 -8 28 9 12 11 -13 -14 17 27 -17 -18 -19 19 22 21 -23 29 -25 26 -27 -28 -29 -30 -31 -32 39 34 -35 35 -37 37 -39 -40 -41 -42 42 -44 -45
leaf_value=-0.0094530830063201763 -0.013252347478712049 0.042586641144007446 -0.017971738348404567 -0.0025594996485031312 -0.015953668911010025 0.012925487665029673 0.00454365068839656 0.0007345037674060975 -0.0039113710915788689 -0.00013018277590163052 -0.00025909242368387904 0.00010499837573128517 -0.0012923137726958353 0.00083136941616733864 0.0013267870844962696 0.00060704972171647989 0.0047081909108568319 0.0012515861574899068 0.0049083573153863354 -1.385371598104636e-05 0.00097592216947426399 -0.0035592626752049632 0.00071369787531368667 -0.0011332654363729736 0.0016973999637411908 -0.0027238089513654511 -0.00022051153707670402 -0.0003594938492861347 0.0019936548786783459 -0.00022740556828242231 0.00030150296166539195 -0.00038857430443639242 -0.00035550326809348644 0.0012593019104590922 -9.6995599096181337e-06 0.00087086301921358844 -0.00057239770835552082 -0.00032994271665811535 -0.0012976696780791169 0.00067767306308572485 0.00015214173518347018 0.00056633794677812452 3.2474392321216693e-05 4.0702004758552707e-05
leaf_weight=27 27 24 30 18 40 26 27 49.5 23.5 43.5 44 49.5 49.5 24 24 44 44 55 39 112.5 45 33 82.5 82.5 24 24 37 34.5 49.5 231 52.5 79 60.5 66 77 44 39 50 61 33 49.5 72 196.5 158
leaf_count=24 27 18 30 18 34 14 27 27 21 36 24 27 27 24 24 24 24 30 24 72 30 18 45 45 24 24 30 21 27 126 45 51 33 36 42 24 24 30 36 18 27 54 126 102
internal_value=-2.16497e-11 0.00281104 0.0089431 -9.40496e-05 -0.00447682 0.0012616 -0.00435435 0.000134518 7.92375e-05 0.000100985 0.000494008 0.00125437 5.3308e-06 -6.69899e-05 -0.000883864 0.00168538 0.00222455 0.000341447 4.29602e-05 0.000123987 0.00100758 -0.00094281 4.70676e-05 -0.000487451 -0.000117797 -0.00094622 0.000534077 0.000332314 0.00136408 0.000137782 -0.000438262 0.000229676 0.000436332 0.000755177 8.85023e-05 0.000310505 -0.000638974 -0.000786523 -0.00101481 8.40377e-05 0.000503114 4.52841e-05 0.000175633 -0.00010239
internal_weight=2502 81 54 2421 120 80 54 2301 2202 2184 427.5 181.5 1756.5 246 82 132 88 164 1707 1461 117 78 1344 195 109 48 61 58.5 99 1149 246 918 379.5 198 181.5 121 193.5 150 100 538.5 132 505.5 268.5 237
internal_count=1614 72 48 1542 102 68 54 1440 1386 1368 297 99 1071 198 66 72 48 132 1044 873 72 48 801 117 102 48 54 45 54 684 171 558 207 108 99 66 126 90 60 351 72 333 180 153
is_linear=0
shrinkage=0.08


Tree=108
num_leaves=45
num_cat=0
split_feature=15 34 35 15 9 15 15 34 9 34 2 14 15 15 29 35 2 2 34 35 34 15 15 35 5 2 33 34 30 35 14 13 32 15 26 29 21 24 34 32 22 31 19 2
split_gain=0.113858 1.94207 0.90518 3.69979 1.25948 1.13401 0.489539 0.367047 0.282501 0.2927 0.192496 0.0800395 0.0562999 0.137018 0.0345202 0.0316663 0.136575 0.123776 0.0244424 0.0319398 0.0153304 0.00983985 0.00791198 0.0120596 0.0161609 0.00833703 0.00537295 0.00492527 0.00544376 0.00367429 0.00717644 0.0217027 0.00487455 0.00350849 0.00277392 0.0024674 0.00242902 0.00206348 0.0020626 0.00180749 0.00154406 0.00136104 0.00163864 0.00161667
threshold=1.8823076923076927 1.0000000180025095e-35 1.0000000180025095e-35 1.0000000180025095e-35 2.9550000429153447 -0.15000000000000033 1.7950000762939455 0.80000000000000016 2.9450000524520878 2.6000000000000023 11.984999656677248 9.7450000000000028 1.6349999999999998 1.4150000000000003 1.7000000000000004 1.5000000000000002 17.310000000000006 17.150000000000002 121.60000000000001 1.5000000000000002 6.0000000000000044 1.4950000000000001 2.2050000000000001 1.5000000000000002 10.085000000000003 16.175000000000004 0.3000000000000001 10.500000000000005 0.50000000000000011 1.0000000180025095e-35 7.5750000000000002 7.8800000000000008 1.7000000000000004 2.3550000000000009 7.5000000000000009 10.500000000000002 1.0000000180025095e-35 10.400000000000002 13.700000000000005 2.5000000000000004 9.8000000000000025 1.3 15.500000000000002 16.175000000000004
decision_type=2 2 2 2 2 2 2 2 2 2 2 2 2 2 2 2 2 2 2 2 2 2 2 2 2 2 2 2 2 2 2 2 2 2 2 2 2 2 2 2 2 2 2 2
left_child=2 -2 3 -1 -5 -4 8 -6 -7 10 -10 12 13 14 -9 17 21 20 22 -20 -11 26 23 25 40 35 -17 -22 -29 30 32 -32 -24 -34 41 36 -3 -33 -30 -28 -25 43 -43 -31
right_child=1 18 5 4 7 6 -8 11 9 15 -12 -13 -14 -15 -16 16 -18 -19 19 -21 27 -23 29 24 -26 -27 39 28 38 34 31 37 33 -35 -36 -37 -38 -39 -40 -41 -42 42 -44 -45
leaf_value=0.034909795847876617 -0.017817056526429949 -0.00054438008981782735 -0.012127311606252312 -0.015586530252670249 0.013672968169504947 0.006195129056038611 0.0092553587222140143 -0.0021747663382086016 -0.0024059328830076587 0.0022535521744026076 -0.011775327710353809 0.0067186527078350392 -0.0018066547519993037 0.0073027109975616136 0.0018483287776605442 -0.00074519397742632359 0.004944515212376913 -0.0047493272917788652 0.0025666933713687791 -0.00031913549618588558 -0.00095371329003856296 -0.0011998331573392664 -0.00096595181221211402 -0.00058885958532078398 -0.0022344982326548131 0.00074019423345961276 0.00050499048340839868 0.0011307708635771025 -0.00080515474632934293 0.0005268252022722934 0.0029599618227803149 -0.00027545267871270581 0.0010267552999883062 -5.495421370748469e-06 -0.00035682359756901856 -0.0011301628306197625 0.00032680739846193427 0.0007224001247613203 -7.9178327901495822e-06 -3.2154676114143327e-05 0.00017638411234926295 2.6652506203860453e-05 -0.00047332706509364977 -0.0001073945046942911
leaf_weight=24 40 54 51 24 22 40.5 36.5 21 36 18 23 24 24 27 39 45 37.5 42 54 45 42 52.5 27 45 45 63 82.5 24 27 70.5 24 36 27 96 135 24 33 21 90 78 27 619.5 45 40.5
leaf_count=24 34 54 24 24 22 36 23 21 36 12 17 24 24 27 39 18 15 21 36 18 24 30 27 36 18 42 42 15 18 42 24 36 27 96 60 18 30 21 48 33 18 312 30 18
internal_value=-1.62593e-11 -0.000415269 0.000701338 0.00539531 0.00148179 -0.00062501 0.000244697 0.00409096 -0.000270803 -0.00070908 -0.00605841 0.00252945 0.00162368 0.00256998 0.000440245 -0.000122988 0.000433327 -0.000799494 3.92344e-05 0.00125495 2.58443e-05 -0.000222369 -4.47839e-05 -0.000417156 -0.0010452 5.152e-06 2.73475e-05 -0.000193275 3.32391e-05 5.0144e-05 0.000335097 0.000941891 7.42756e-06 0.000221096 -2.21504e-05 -0.000412034 -0.00021393 9.21773e-05 -0.000191896 0.000243948 -0.000301893 3.61099e-05 -7.20616e-06 0.000295421
internal_weight=2502 1571.5 930.5 205 181 725.5 674.5 157 638 597.5 59 135 111 87 60 538.5 295.5 243 1531.5 99 201 258 1432.5 291 117 174 205.5 183 141 1141.5 231 81 150 123 910.5 111 87 57 117 160.5 72 775.5 664.5 111
internal_count=1614 997 617 205 181 412 388 157 365 329 53 135 111 87 60 276 138 138 963 54 117 123 909 216 72 144 93 105 81 693 231 81 150 123 462 102 84 57 66 75 54 402 342 60
is_linear=0
shrinkage=0.08


Tree=109
num_leaves=45
num_cat=0
split_feature=37 34 35 15 15 6 34 4 37 8 5 34 15 15 34 13 37 36 16 10 14 3 13 4 33 33 36 36 36 31 31 34 3 37 37 34 33 31 18 11 10 27 34 34
split_gain=0.175092 4.4097 0.430411 5.10388 3.75339 0.592761 0.615315 0.275465 0.128648 0.783925 0.571935 0.250315 0.970417 0.0870093 0.0950811 0.0373149 0.0193752 0.194735 0.284827 0.115879 0.0165243 0.0192526 0.0147108 0.0122553 0.0111796 0.00696057 0.0121687 0.0252423 0.00561835 0.0519046 0.0251236 0.0205555 0.00862071 0.00621762 0.00728772 0.00539476 0.00425561 0.003713 0.00685229 0.00343801 0.00593729 0.00314044 0.0027556 0.00262279
threshold=16.425000000000004 8.7000000000000046 1.0000000180025095e-35 -0.59100000000000052 1.4150000000000003 2.935000061988831 1.0000000180025095e-35 16.505000000000006 1.6799999833106998 2.9450000524520878 2.9150000810623173 1.0000000180025095e-35 1.7861538866850044 0.29999999999999899 16.900000000000009 7.8800000000000008 11.470000000000001 1.5000000000000002 6.0057692307692303 9.9450000000000021 7.7750000000000012 13.425000000000002 9.2200000000000006 17.935000000000006 4.6000000000000005 1.0000000180025095e-35 2.5000000000000004 1.5000000000000002 2.5000000000000004 1.0000000180025095e-35 1.0000000180025095e-35 9.9000000000000039 12.395000000000001 3.7450000000000006 4.4500000000000011 6.0000000000000044 1.0000000000000002 0.3000000000000001 1.0000000180025095e-35 8.8450000000000006 8.5500000000000025 7.5000000000000009 10.300000000000002 4.2000000000000011
decision_type=2 2 2 2 2 2 2 2 2 2 2 2 2 2 2 2 2 2 2 2 2 2 2 2 2 2 2 2 2 2 2 2 2 2 2 2 2 2 2 2 2 2 2 2
left_child=2 -2 4 -4 -1 -6 -7 -3 9 -5 -10 12 -12 -9 -15 20 19 -18 -19 23 21 -8 24 25 -16 26 27 -13 30 -30 31 -27 -31 36 -35 -34 -32 38 -23 40 -26 43 -37 -36
right_child=1 7 3 8 5 6 15 13 10 -11 11 16 -14 14 22 -17 17 18 -20 -21 -22 37 -24 -25 39 28 -28 -29 29 32 33 -33 35 34 41 42 -38 -39 -40 -41 -42 -43 -44 -45
leaf_value=0.035668935459994139 -0.038030023445375261 0.0083052052520215507 -0.05583193824404762 0.014198392589266102 -0.012347877135589009 0.012821374745773417 0.0026004743194651039 -0.0047935845738365538 -0.014199049773160369 -0.006966603061272985 -0.0035087611629993098 -0.0014869038051948313 0.015400922330877474 0.005705544881167866 0.0015003280994197769 -0.002972427092137791 0.003359875374854627 -0.0073131654993630951 0.0018273574052145706 0.0036156990030058872 0.0026952596824793592 0.00039978450785080593 -0.0018537057066957156 -0.0015309107681115469 4.3430414910236488e-05 -0.0029449355080723759 -0.0017712655579444111 0.0013203224903199731 0.0029823237751858147 -0.0052824660390615461 5.6775699221444401e-05 -0.00034712948423640971 0.0010671488913622769 -0.0014972357206385245 -0.00074142070487141613 -0.0010057942104176618 0.0015685729324244535 0.00025480937176885511 -0.0016438976724055551 0.00074060897065681363 -0.0015548600114527204 -0.00061206590108297491 -4.3680945015164899e-05 4.7151682580314017e-05
leaf_weight=21 20 30 10.499999999999998 24 21 28 21 21 18 21 39.5 41 31 21 36 21 44 48 40 55.5 21 21 24 37.5 51 35 41 41 39.5 1.9999999999999989 22 44 27.5 22 28 20 26 117 21 21 21 54 402 751
leaf_count=21 20 30 6 24 21 28 21 21 18 21 29 26 19 21 36 21 22 24 20 24 21 21 24 15 51 20 26 26 22 2 22 24 20 22 18 10 26 117 21 21 21 22 205 364
internal_value=-1.80931e-11 -0.00203124 0.000220494 -0.000205375 0.00308636 0.000561509 0.0016459 0.00116865 9.3463e-05 0.00432139 -6.17405e-06 0.000128889 0.00480614 7.07165e-05 0.000657787 0.000236377 -5.21905e-05 -0.00098563 -0.00315838 2.07603e-05 0.000571626 0.000323868 -3.50421e-05 -0.000101382 0.000303314 -6.77932e-05 -0.000645949 -8.32907e-05 -1.95155e-05 0.000201442 -0.000129994 -0.00149806 -4.18471e-05 -1.03075e-05 -6.00463e-05 -1.85295e-05 0.000875666 2.31844e-05 -0.000622057 -0.000160046 -0.000422738 -2.20893e-05 -8.92787e-05 1.88076e-05
internal_weight=2502 245 2257 1965 292 271 250 225 1954.5 45 1909.5 1891.5 70.5 195 174 222 1821 132 88 1689 201 180 153 1633.5 129 1596 123 82 1473 491 982 79 451.5 903 855 449.5 48 159 42 93 72 833 422 779
internal_count=1614 245 1369 1077 292 271 250 225 1071 45 1026 1008 48 195 174 222 960 66 44 894 201 180 153 870 129 855 78 52 777 259 518 44 237 474 426 235 48 159 42 93 72 404 215 382
is_linear=0
shrinkage=0.08


Tree=110
num_leaves=45
num_cat=0
split_feature=37 32 0 1 34 36 6 15 37 9 0 0 6 5 11 11 36 37 30 32 30 37 9 11 5 34 34 37 22 37 16 37 17 0 34 32 29 32 0 34 37 30 31 0
split_gain=0.148198 4.05094 0.610325 0.177255 0.132897 0.969374 3.09311 1.47631 0.749315 0.227548 0.0525225 0.0573418 0.0316969 0.023135 0.00873737 0.019932 0.0143263 0.0311301 0.0270058 0.0259869 0.0490995 0.023401 0.023289 0.0142329 0.00813987 0.00801293 0.00762725 0.00678696 0.0100484 0.00841889 0.00642334 0.00501706 0.00597221 0.0398886 0.00745505 0.00467426 0.00512011 0.00413622 0.00408679 0.003905 0.00371249 0.00342378 0.00569672 0.00362754
threshold=16.425000000000004 0.3000000000000001 8.3270000000000017 16.475000000000005 1.0000000180025095e-35 1.5000000000000002 2.9550000429153447 1.8150000357627867 11.965000152587892 2.9450000524520878 17.150000000000002 16.625000000000004 10.230000000000002 3.7450000000000006 9.9450000000000021 9.8950000000000014 2.5000000000000004 3.0300000000000007 1.0000000180025095e-35 1.0000000180025095e-35 1.0000000180025095e-35 11.525 9.9800000000000022 9.7450000000000028 9.7600000000000016 3.5000000000000004 4.2000000000000011 15.995000000000003 10.600000000000003 2.9600000238418587 5.9461538461538463 9.9200000000000017 11.000000000000002 13.350000000000003 3.5000000000000004 2.1000000000000005 0.3000000000000001 1.0000000180025095e-35 16.565000000000001 44.500000000000007 3.6250000000000004 9.9000000000000004 6.5000000000000009 16.415000000000003
decision_type=2 2 2 2 2 2 2 2 2 2 2 2 2 2 2 2 2 2 2 2 2 2 2 2 2 2 2 2 2 2 2 2 2 2 2 2 2 2 2 2 2 2 2 2
left_child=2 -2 -1 -3 5 6 -4 8 9 -7 11 -5 -12 -6 15 16 19 -18 -19 20 -15 25 -23 27 -22 -20 -27 29 -29 -21 -14 35 33 -33 -35 36 -31 -28 -38 -37 -39 43 -43 -36
right_child=1 3 4 10 13 7 -8 -9 -10 -11 12 -13 30 14 -16 -17 17 18 21 23 24 22 -24 -25 -26 26 37 28 -30 31 -32 32 -34 34 41 39 38 40 -40 -41 -42 42 -44 -45
leaf_value=0.01716188006930881 -0.036372076454106721 0.0081966899605911397 -0.0028523530820269644 -0.00013546433130448516 -0.002094258171402746 0.0055490766919177514 0.034411610148169777 -0.016008211101634778 0.015923929812548601 -0.0043293719239094683 -0.0032960267807357014 0.0044813461213683084 0.0012490804269327783 -0.003901610607144368 -0.00094312166174252829 0.0017389121819517495 -0.0031224588282844599 0.0019175430283778245 -0.0018597773077987855 0.0018311076308600606 0.00074775218963623051 5.8065782301127917e-05 0.0024997849186882376 -0.0013599388374239895 -0.00087542265300349952 0.0040108453358213107 0.00090415579067277055 -0.0022068243414502253 0.0002708046231418848 -0.0012844971134817521 -0.0002238966551764558 0.0083124940097332005 -0.00074204117251450532 0.001937051061540842 0.00038967975648120047 0.00022388956376223588 -5.4081170652195709e-05 0.0020659142658114435 -0.0009545908003513303 -0.00021424594401945167 -0.00012735759026656182 0.0012955521956380261 -2.8091853790734285e-05 -0.00037402942019980399
leaf_weight=13.499999999999998 20 21 40.5 33 36 23 22 34.5 23 42.5 21 36 24 34 67.5 40.5 17 63 15.499999999999998 15.999999999999998 30 50 50 54 58 2.9999999999999991 28 22 20 38 90 3.9999999999999991 34 15.999999999999998 68 255 139 4.9999999999999991 42 266 406.5 38 46 96
leaf_count=9 20 21 39 33 36 20 16 26 23 39 21 36 24 24 30 18 17 38 13 16 30 50 32 24 28 3 13 22 20 30 90 4 32 14 48 122 82 5 18 132 200 22 26 48
internal_value=1.14234e-11 -0.00186874 0.000202854 0.00119822 0.000100805 0.00215166 0.0102646 -0.00197075 0.00350148 -0.000860604 0.000477788 0.00227331 -0.000439921 -8.40504e-05 -4.82604e-05 -1.73557e-05 -5.45181e-05 0.000255011 0.00034747 -0.000209283 -0.00131965 0.000170204 0.00127893 -9.1896e-05 -0.000322068 -7.18754e-05 -9.24834e-06 -2.96467e-05 -0.001027 9.94584e-06 8.62038e-05 -1.80183e-05 0.000256767 0.000383481 0.000263345 -0.00013016 -0.000440278 -3.66893e-05 -0.000263039 1.96579e-07 -0.000100708 0.000155364 0.0005707 -5.73695e-05
internal_weight=2502 245 2257 225 2243.5 185.5 62.5 123 88.5 65.5 204 69 135 2058 2022 1954.5 1914 638 621 1276 122 558 100 1154 88 458 442.5 1100 42 1058 114 1042 302 268 264 740 219 439.5 181 521 411.5 248 84 164
internal_count=1614 245 1369 225 1360 163 55 108 82 59 204 69 135 1197 1161 1131 1113 371 354 742 82 316 82 660 58 234 221 636 42 594 114 578 194 162 158 384 130 218 100 254 205 144 48 96
is_linear=0
shrinkage=0.08


Tree=111
num_leaves=45
num_cat=0
split_feature=37 34 15 37 12 0 22 37 36 36 37 33 37 34 4 10 30 32 12 16 32 37 4 9 0 10 37 33 37 36 37 37 26 15 3 36 8 37 22 22 22 34 33 33
split_gain=0.132917 1.89634 4.32754 2.42235 1.51155 0.526789 0.191092 0.777049 0.264346 0.304873 0.113641 0.138931 0.113429 0.231936 0.212621 0.0998943 0.0241394 0.0288858 0.0123893 0.00960638 0.00959333 0.0966002 0.248601 0.0542959 0.0117261 0.0107637 0.0105402 0.00834528 0.00814871 0.0180331 0.0163039 0.0147388 0.00872147 0.00728124 0.00991554 0.00442251 0.0227606 0.0171931 0.00983762 0.00571823 0.00512986 0.00348889 0.00391919 0.00388401
threshold=8.0050000000000008 1.0000000180025095e-35 1.8150000357627867 11.97499990463257 7.9050000000000011 8.3270000000000017 1.0000000180025095e-35 2.5300000000000007 1.5000000000000002 2.5000000000000004 2.9600000238418587 1.0000000180025095e-35 16.425000000000004 9.5000000000000053 16.515000000000004 2.5300000000000007 1.0000000000000002 1.3 7.8350000000000009 6.785000000000001 0.50000000000000011 11.655000000000001 16.115000000000006 9.9050000000000029 13.895000000000001 9.9350000000000005 9.3250000000000011 2.5000000000000004 11.655000000000001 1.5000000000000002 11.936538366171032 16.155000000000005 11.900000000000002 2.5850000000000009 16.155000000000005 2.5000000000000004 4.0650000000000004 7.463000000000001 14.300000000000002 67.200000000000017 0.3000000000000001 112.70000000000003 12.300000000000002 19.000000000000004
decision_type=2 2 2 2 2 2 2 2 2 2 2 2 2 2 2 2 2 2 2 2 2 2 2 2 2 2 2 2 2 2 2 2 2 2 2 2 2 2 2 2 2 2 2 2
left_child=4 2 3 -2 5 -1 8 -8 -7 -10 11 -9 15 -14 -15 -3 -16 -18 35 27 21 23 24 26 -23 28 -17 -19 32 33 -31 -32 41 34 -30 36 -12 38 -37 -40 -38 42 -22 -44
right_child=1 12 -4 -5 -6 6 7 10 9 -11 18 -13 13 14 16 20 17 19 -20 -21 25 22 -24 -25 -26 -27 -28 -29 29 30 31 -33 -34 -35 -36 37 40 -39 39 -41 -42 -43 43 -45
leaf_value=0.015788926725034361 -0.014888277168160881 -0.0060145045154624509 -0.040014031600952155 0.019877091915063236 0.01775863500741812 -0.011424841559068723 0.012829206202179193 -0.0089749832735175183 0.005974540089003064 -0.0073438893360170459 -0.0023405144301553568 -6.4938663369199884e-05 0.0087690996364862828 0.0068152800676497547 -0.0025261581192899032 -0.001277405646597517 0.0029599202087237722 0.0015218042090002978 -0.0013263135908378495 -0.0016795862281772621 -6.5367583639845003e-05 0.0014929517130145714 -0.010242927145390284 0.0029753853024707898 -0.00092527651877114274 0.0010596428899853317 0.00028225656326409746 -0.00024387490846747433 -2.1849231235682963e-05 0.0026655825794607937 0.00012166325581246282 0.0021813412196934226 -0.00099409115897823672 0.00039696273452136669 -0.0022750153347849849 -0.0011202859384939075 0.0014721732307225466 0.0014511179596185685 0.00083164861023900672 -0.00074600336755194317 4.0071514748736089e-06 -0.00070947395016749694 0.00095090699231340772 2.8892418821201181e-05
leaf_weight=13.499999999999998 29 18 25 23 32.5 22 30 21 22 22 27 24 27 33 24 43.5 21 21 45 24 610.5 21 21 45 33 67.5 76.5 93 25 28 108 28 64.5 32 25 45 15.999999999999998 62.5 52 20.5 317 45 52.5 66
leaf_count=9 23 18 19 23 13 22 30 21 22 22 24 24 27 33 24 18 21 21 18 24 282 21 18 21 33 30 36 93 25 14 90 28 27 23 18 30 16 27 40 19 192 21 24 30
internal_value=-8.95401e-12 -0.000389514 -0.0126615 0.000488713 0.000872874 0.000130768 -0.000160396 0.000250037 -0.00426473 -0.000684675 -0.000348971 -0.00422296 0.000182141 0.00177847 0.00090464 -9.29708e-05 -0.000161213 0.00019576 -5.09715e-05 -0.000224874 -1.63993e-05 -0.000476524 -0.00285711 0.000605563 1.51456e-05 7.94601e-05 -0.000283121 8.13818e-05 1.84528e-05 0.000423312 0.000907643 0.000545715 -0.000100325 -0.000545351 -0.00114843 5.53071e-05 -0.00010658 0.000379081 -0.000191151 0.000385554 7.45497e-05 -2.58446e-05 1.63547e-05 0.00043738
internal_weight=2502 1730 77 52 772 739.5 726 660 66 44 630 45 1653 243 216 1410 183 159 585 138 1392 240 75 165 54 1152 120 114 1084.5 246 164 136 838.5 82 50 540 360 180 117.5 72.5 333 774 729 118.5
internal_count=1614 1085 65 46 529 516 507 441 66 44 411 45 1020 243 216 777 183 159 366 138 759 147 72 75 54 612 54 114 582 198 132 118 384 66 43 348 232 116 89 59 208 357 336 54
is_linear=0
shrinkage=0.08


Tree=112
num_leaves=45
num_cat=0
split_feature=37 4 0 34 34 36 16 37 36 4 4 1 0 37 33 34 16 35 16 36 37 31 32 16 16 37 0 37 0 24 16 33 7 36 22 17 16 0 25 34 31 2 37 3
split_gain=0.142774 4.28621 0.435564 0.218236 0.164586 0.875515 2.23237 1.18377 2.30483 1.38882 1.30641 0.117478 0.0239581 0.0407458 0.0189066 0.0108671 0.0066535 0.150247 0.0135917 0.0122079 0.0300677 0.035399 0.0204164 0.040953 0.0196415 0.0194527 0.0423106 0.00937241 0.00789857 0.00660876 0.00577415 0.00626557 0.00485492 0.00478121 0.0046337 0.00290678 0.00263396 0.0114167 0.00250853 0.00308909 0.0024923 0.00228581 0.00270003 0.00316112
threshold=16.425000000000004 16.455000000000002 8.3270000000000017 9.5000000000000053 1.0000000180025095e-35 1.5000000000000002 9.0199997472763087 11.959615403688874 2.5000000000000004 11.984999656677248 11.984999656677248 16.485000000000003 13.180000000000001 3.7450000000000006 1.0000000000000002 30.700000000000006 5.9461538461538463 1.5000000000000002 6.0057692307692303 2.5000000000000004 3.0300000000000007 1.0000000180025095e-35 1.0000000180025095e-35 6.6250000000000018 6.0350000000000028 11.525 16.115000000000006 5.1300000000000017 14.055000000000001 6.2000000000000011 6.1300000000000008 1.0000000180025095e-35 9.7950000000000017 1.5000000000000002 10.600000000000003 3.3000000000000003 7.3100000000000014 14.700500000000002 1.0000000180025095e-35 86.000000000000014 3.1000000000000005 16.625000000000004 9.8750000000000018 17.335000000000004
decision_type=2 2 2 2 2 2 2 2 2 2 2 2 2 2 2 2 2 2 2 2 2 2 2 2 2 2 2 2 2 2 2 2 2 2 2 2 2 2 2 2 2 2 2 2
left_child=2 -2 -1 -3 5 6 -4 8 10 -10 -7 -5 13 -6 -13 -16 17 -14 -18 22 -21 -22 23 -20 -24 32 -27 -25 33 30 34 -32 36 -26 -30 -34 40 -38 -17 -40 -23 -33 43 -43
right_child=1 3 4 11 12 7 -8 -9 9 -11 -12 14 16 -15 15 38 18 -19 19 20 21 25 24 27 28 26 -28 -29 29 -31 31 41 35 -35 -36 -37 37 -39 39 -41 -42 42 -44 -45
leaf_value=0.014525812643545646 -0.03732535101659596 0.0080675717243165884 0.027727604722076991 0.0060578391026882899 0.00020988927843670053 -0.023333388909380488 -0.0028665946848276591 -0.01668156050145626 0.028835400507805194 0.0017471734583377838 0.0029387975603342056 -0.0022195543917930788 -0.0039948567673369932 -0.0042125538317486647 0.0017677284697336809 -0.00093256300800324723 0.0012377712596207857 0.0020100868088193239 -0.0035847589057503328 -0.0032963592006514469 0.0021993111257847305 0.00038711425283867299 -0.0019251656020060181 0.00099275719302778075 0.0019035475544764528 -0.00038506171017864041 0.0033130682415018482 -0.00081256087278089827 -0.00098823160861573399 0.0006242791043571484 -0.0010408411499781486 9.4943364994777378e-05 -0.00047401669686332064 0.00019642592607332126 2.943547371118753e-05 0.00021638688189212722 -0.0003753676487960749 0.0016929249121592597 0.00019095210000939135 -0.0008938506041609105 -0.00025713353787305886 -0.00025783477309860485 -0.00055281086059632515 0.0004646179809282392
leaf_weight=13.499999999999998 20 27 26.5 21 30 23.5 36 26 23.5 25 25 27 48 24 21 24 54 60 33 14.999999999999998 58.5 66 36 26 21 44 36 63 82 81 39 521 184.5 21 44 49.5 36 32.5 84 21 92 113 89 59
leaf_count=9 20 27 19 21 30 22 36 26 22 19 19 27 24 24 21 24 24 24 18 15 36 32 16 26 21 44 27 38 42 36 24 332 81 21 24 22 36 20 84 21 44 48 42 26
internal_value=2.85825e-11 -0.00183423 0.000199108 0.00132054 0.000112898 0.0023952 0.0101053 -0.00152255 0.00254069 0.0148724 -0.00979102 0.000400488 -9.28195e-05 -0.00175564 -0.000270724 8.0066e-05 -4.80129e-05 -0.000658777 -1.32225e-05 -4.98966e-05 0.000241364 0.000329954 -0.000195527 -0.00117768 -8.71881e-05 0.000127628 0.0012791 -0.000285165 -2.53497e-05 -6.92836e-05 -0.000128606 -5.12184e-05 -7.24101e-05 0.00104999 -0.000632856 -0.00032797 0.000191612 0.000605939 -0.00019467 -2.60084e-05 1.19826e-05 -1.86386e-06 -0.000195107 -1.00167e-05
internal_weight=2502 245 2257 225 2243.5 185.5 62.5 123 97 48.5 48.5 198 2058 54 177 150 2004 108 1896 1842 614 599 1228 122 1106 540.5 80 89 1070 1028 947 821 460.5 42 126 234 226.5 68.5 129 105 158 782 261 172
internal_count=1614 245 1369 225 1360 163 55 108 82 41 41 198 1197 54 177 150 1143 48 1095 1071 357 342 714 82 632 306 71 64 616 574 538 472 235 42 66 103 132 56 129 105 76 448 116 74
is_linear=0
shrinkage=0.08


Tree=113
num_leaves=45
num_cat=0
split_feature=37 0 35 0 16 22 0 32 4 0 0 34 0 36 1 2 36 10 21 11 32 37 36 16 10 30 17 19 4 21 32 33 33 36 36 35 34 34 16 10 36 0 0 34
split_gain=0.120844 3.99449 0.385648 4.97932 3.1302 0.459727 0.664607 0.186631 0.156953 0.131823 0.590607 0.0725853 0.558782 0.935009 0.582063 0.0682614 0.0424696 0.109209 0.0662483 0.0330733 0.0470647 0.014734 0.18273 0.207681 0.0933948 0.0138971 0.0105472 0.0107074 0.00901516 0.0059905 0.00462411 0.00442891 0.00380527 0.00973111 0.0215861 0.00376765 0.0111386 0.00764345 0.017677 0.00663769 0.00478176 0.021585 0.0139909 0.0107489
threshold=16.425000000000004 16.465000000000003 1.0000000180025095e-35 8.3270000000000017 6.1050000000000013 1.0000000180025095e-35 13.005000000000003 0.50000000000000011 16.525000000000002 11.729999904632569 11.954999923706056 1.0000000180025095e-35 16.415000000000003 1.5000000000000002 11.97499990463257 11.984999656677248 1.5000000000000002 7.463000000000001 0.50000000000000011 9.8550000000000022 1.9000000000000001 11.470000000000001 2.5000000000000004 5.9761538461538457 9.9450000000000021 2.1000000000000005 2.3000000000000003 3.3000000000000003 17.935000000000006 5.0000000000000009 16.100000000000005 0.3000000000000001 1.0000000180025095e-35 2.5000000000000004 1.5000000000000002 1.5000000000000002 5.400000000000003 6.7000000000000037 7.3100000000000014 2.2750000000000004 1.5000000000000002 12.915000000000001 12.820000000000002 10.700000000000005
decision_type=2 2 2 2 2 2 2 2 2 2 2 2 2 2 2 2 2 2 2 2 2 2 2 2 2 2 2 2 2 2 2 2 2 2 2 2 2 2 2 2 2 2 2 2
left_child=2 -2 4 -4 -1 15 -7 -3 -9 -5 -11 12 13 -12 -15 -6 18 26 -8 20 -10 24 23 -23 28 -22 31 -28 32 -20 -27 -18 33 34 -13 36 -34 38 -37 -38 42 -42 -39 -44
right_child=1 7 3 9 5 6 16 8 19 10 11 21 -14 14 -16 -17 17 -19 29 -21 25 22 -24 -25 -26 30 27 -29 -30 -31 -32 -33 35 -35 -36 37 39 40 -40 -41 41 -43 43 -45
leaf_value=0.030574672498429815 -0.035949561916291714 0.0080258371316206962 -0.055163513365246004 -0.0067393681531151143 0.011259007099128904 -0.013613951876759529 -0.0050297197178006169 0.007106771486855689 0.0037467994183922812 0.025199080308278405 -0.014200151105429612 -0.0012991417481041537 0.010762311762029476 0.013991454784636911 -0.0031843465406979831 0.0048823812062090098 0.000244072861969471 0.0055457111898188794 0.00143038935049183 -0.002966409726226023 -0.0020699967901843287 -0.0030262198165783051 -0.0050830308212475341 0.0047788931796700733 0.0032313879626291292 0.00032421479726895346 -0.0019059852120699361 0.00023142188345082104 -0.0013317191084225974 -0.00037965468168258667 -0.00093008136221518116 0.0019276704639196397 0.0013197153802547189 -0.0015106269390117832 0.001296830330861778 -0.0021423511465390524 0.0026607527832190198 0.0068686383962631228 0.00036684820118049779 -1.3864052704927899e-05 -0.0049892520656188329 -0.00016266626634499367 0.0021930372931303517 1.9215898401646376e-05
leaf_weight=24 20 24 10.499999999999998 18 21 24 20 21 21 5.9999999999999991 25.5 41 33 23 28 22 20 30 22 24 24 40 44 48 55.5 87 24 40 37.5 25 24 20 45 41 41 37.5 5.9999999999999991 1.9999999999999989 34.5 579 5.9999999999999991 508 15.499999999999998 239.5
leaf_count=24 20 24 6 18 21 24 20 21 21 6 24 26 15 20 28 22 20 30 22 24 24 20 22 24 24 87 24 40 15 25 24 20 36 26 26 15 6 2 30 324 6 238 8 112
internal_value=-1.41164e-11 -0.00168749 0.000183179 -0.000219937 0.00289593 0.000417235 -0.00103126 0.00135803 0.00056187 7.5232e-05 0.000138575 6.06864e-05 0.00206113 -0.00169231 0.0045616 0.00799655 0.000471155 0.00129343 -0.00117339 -0.000201701 0.000223638 -5.96041e-05 -0.000873601 0.00123111 4.01196e-06 -0.000324409 6.68086e-05 -0.000570106 -0.000105642 0.0004676 5.30156e-05 0.00108587 -7.68336e-05 -0.000504313 -1.15571e-06 -4.11377e-05 0.000106864 -0.000151744 -0.000940026 1.35679e-05 -7.81302e-05 -0.000219008 0.000203625 0.00015135
internal_weight=2502 245 2257 1965 292 268 225 225 201 1954.5 1936.5 1930.5 109.5 76.5 51 43 201 134 67 180 156 1821 132 88 1689 135 104 64 1633.5 47 111 40 1596 123 82 1473 630 843 72 585 771 514 257 255
internal_count=1614 245 1369 1077 292 268 225 225 201 1071 1053 1047 87 72 48 43 201 134 67 180 156 960 66 44 894 135 104 64 870 47 111 40 855 78 52 777 366 411 45 330 366 244 122 120
is_linear=0
shrinkage=0.08


Tree=114
num_leaves=45
num_cat=0
split_feature=8 35 5 34 35 0 8 35 0 4 34 16 0 31 33 11 12 36 21 1 11 26 33 36 36 36 31 31 34 3 0 11 22 31 23 27 4 3 29 29 0 31 31 0
split_gain=0.134666 3.55708 1.55237 0.325093 1.64535 0.572119 0.0958649 0.0345629 0.104144 0.276189 0.192223 0.0366661 0.0275194 0.0197701 0.0220688 0.0103238 0.0120093 0.00707562 0.0161827 0.0107307 0.00676131 0.00616102 0.00348352 0.00823641 0.0182705 0.00439373 0.0425088 0.014797 0.012462 0.00826191 0.00345451 0.00315978 0.00264332 0.00252623 0.00231181 0.00195513 0.00180246 0.0016362 0.0016252 0.00223845 0.00213629 0.00193881 0.00220257 0.00155023
threshold=2.935000061988831 1.0000000180025095e-35 2.9150000810623173 1.0000000180025095e-35 1.0000000180025095e-35 16.415000000000003 2.9550000429153447 1.0000000180025095e-35 16.425000000000004 16.515000000000004 9.5000000000000053 6.1050000000000013 13.265000000000002 1.7000000000000004 1.9000000000000001 9.9450000000000021 9.8550000000000022 1.5000000000000002 0.50000000000000011 16.175000000000004 9.7450000000000028 19.500000000000004 1.0000000180025095e-35 2.5000000000000004 1.5000000000000002 2.5000000000000004 1.0000000180025095e-35 1.0000000180025095e-35 10.700000000000005 12.395000000000001 17.680000000000003 7.4050000000000011 4.0000000000000009 1.0000000000000002 8.7000000000000011 10.400000000000002 16.495000000000001 17.365000000000006 1.0000000000000002 3.5000000000000004 15.4 7.8000000000000007 3.5000000000000004 16.740000000000006
decision_type=2 2 2 2 2 2 2 2 2 2 2 2 2 2 2 2 2 2 2 2 2 2 2 2 2 2 2 2 2 2 2 2 2 2 2 2 2 2 2 2 2 2 2 2
left_child=1 -1 -3 4 -2 6 -6 8 11 -10 -11 -5 -13 -12 -15 16 20 18 -14 32 21 22 23 24 -9 27 -27 28 -24 -28 31 -31 -19 -34 37 38 -33 -16 -29 40 -40 42 -41 -38
right_child=3 2 -4 7 5 -7 -8 15 9 10 13 12 17 14 34 -17 -18 19 -20 -21 -22 -23 25 -25 -26 26 29 35 -30 30 -32 36 33 -35 -36 -37 43 -39 39 41 -42 -43 -44 -45
leaf_value=0.029044755498568216 -0.019376848010402736 0.0048551732103029885 -0.021586073294833856 -0.0036762302168201477 -0.00045403991204996907 0.0099013241854580963 -0.0072374868455032503 -0.0011952104146887618 0.0086756583777340985 0.0071041111620487995 -0.0017246225542233637 -0.0029263135861782802 -0.0023870145671424413 0.0025204297921542699 -0.00015348626102786511 -0.0010256955689854092 0.0010288769878723004 0.0009368084338281981 0.00031219011506023397 0.0021669637979939579 -0.00094007777257098092 0.00094417568158220366 -0.0023377394972040372 -0.0013897767708432385 0.0011930838781522542 0.0028614366565431863 -0.0051624135673046115 -0.00023548807030611529 -0.00020203353112770454 0.00019777526508473996 0.00059120857346527003 -0.00051195065762537218 -0.00070550659671425825 0.00023396799738909448 -0.0007071481814438646 -0.00043232462737554067 0.00019880520415285394 0.00059642588905127795 0.00081640035333111882 -0.00011777967226657051 0.00014903001554282099 -0.00019781124460416201 0.00033276919103748576 -0.00033484524763480297
leaf_weight=24 33 30 27 21 30 33 24 41 33 27 39 21 21 24 60 67.5 67.5 22 44 20 54 40.5 34 41 41 35 1.9999999999999989 151 36 151 54 108 26 62 33 72 67.5 27 40 135 132 236 143 72
leaf_count=24 33 30 18 21 30 15 24 26 33 27 39 21 21 24 60 30 30 22 44 20 24 18 24 26 26 20 2 96 16 104 24 48 26 62 33 32 30 27 36 72 60 116 68 32
internal_value=-2.32645e-12 0.00320871 -0.00766963 -0.000107355 -0.00416678 0.00160256 -0.00346891 0.000104349 0.000708258 0.001872 0.000802855 -0.000484947 -0.000174683 -0.000126839 0.000305894 -5.48358e-05 -1.74631e-05 0.000121646 -0.000559861 0.000462399 -5.93539e-05 -3.02123e-05 -5.50082e-05 -0.000463968 -1.06327e-06 -2.07542e-05 0.000174943 -0.000118603 -0.00123938 -3.19377e-05 -9.26155e-06 -9.06301e-05 0.000152478 -4.3604e-05 -0.000137013 -3.22946e-05 -0.000266587 7.92451e-05 2.11656e-06 5.44173e-05 0.000304232 -2.91784e-05 0.000113977 -7.66273e-05
internal_weight=2502 81 57 2421 120 87 54 2301 480 243 210 237 216 183 144 1821 1753.5 195 65 130 1686 1632 1591.5 123 82 1468.5 489.5 979 70 454.5 452.5 398.5 110 88 120 909 247.5 87 837 686 172 514 278 139.5
internal_count=1614 72 48 1542 102 69 54 1440 480 243 210 237 216 183 144 960 930 195 65 130 900 876 858 78 52 780 260 520 40 240 238 214 110 88 120 480 110 87 448 352 96 256 140 62
is_linear=0
shrinkage=0.08


Tree=115
num_leaves=45
num_cat=0
split_feature=6 36 4 36 34 36 15 35 0 4 32 13 11 32 0 15 33 11 10 9 4 31 32 33 36 0 36 32 34 33 0 3 34 15 36 36 15 6 11 4 0 30 20 31
split_gain=0.134773 3.34079 4.2328 1.35025 0.45084 4.86222 6.56819 0.029254 0.0881473 0.233766 0.171895 0.0318573 0.0290263 0.0328791 0.0233617 0.0126312 0.00935167 0.00888113 0.00894689 0.00798021 0.00525459 0.00512097 0.00499407 0.00299538 0.0069713 0.016271 0.00409095 0.0371201 0.0149829 0.0224251 0.00741549 0.00389637 0.00334285 0.00311598 0.00428101 0.00275591 0.00267344 0.00265871 0.00686641 0.00213946 0.00373748 0.00442483 0.0020852 0.00400918
threshold=2.9450000524520878 1.5000000000000002 11.97499990463257 2.5000000000000004 1.0000000180025095e-35 1.5000000000000002 1.8150000357627867 1.0000000180025095e-35 16.425000000000004 16.515000000000004 0.50000000000000011 7.8800000000000008 9.8550000000000022 1.9000000000000001 13.265000000000002 0.99499999999999933 2.8000000000000003 9.9550000000000018 9.9200000000000017 10.025 17.965000000000003 1.0000000180025095e-35 37.000000000000007 1.0000000180025095e-35 2.5000000000000004 16.565000000000001 2.5000000000000004 1.0000000180025095e-35 6.0000000000000044 5.9000000000000012 12.915000000000001 13.095000000000002 2.9000000000000021 1.2450000000000001 1.5000000000000002 1.5000000000000002 0.48499999999999949 11.974615384615387 8.490000000000002 16.495000000000001 15.825000000000001 6.9000000000000012 0.3000000000000001 1.0000000000000002
decision_type=2 2 2 2 2 2 2 2 2 2 2 2 2 2 2 2 2 2 2 2 2 2 2 2 2 2 2 2 2 2 2 2 2 2 2 2 2 2 2 2 2 2 2 2
left_child=1 -1 -3 -4 5 -2 -7 8 11 -10 -11 14 13 -12 -6 -15 -17 18 20 21 22 -16 23 24 25 -9 28 -28 29 35 -29 -32 -33 34 -30 -25 -34 38 -18 40 41 -38 -23 -44
right_child=4 2 3 -5 7 6 -8 17 9 10 12 -13 -14 15 19 16 37 -19 -20 -21 -22 42 -24 26 -26 -27 27 30 33 -31 31 32 36 -35 -36 -37 39 -39 -40 -41 -42 -43 43 -45
leaf_value=-0.017133994036250644 0.020283564159406291 0.040145243935597437 -0.014419908826239407 0.012415360969801743 -0.0026922085632880527 0.0071018822130466267 -0.044982031056138336 0.00099594736147833908 0.0079816056607347544 0.0071104289024757836 0.0032543168775737287 -0.0034208145436076891 -0.0026799985580146313 -0.0019487444534232574 -0.001146716926790153 0.0017114223978881324 0.000138054796046129 -0.0010610747889236167 0.0011557758939854893 0.0015892230595151583 -0.00094762136630805924 0.00070843944496785602 0.00085212251838342654 -0.00069869219046086073 -0.0012785946486926661 -0.0012748275448878608 0.0025240828986928055 -0.0028241015846530598 0.00073735737067181617 -0.0028433905956485577 0.0017567257490009071 0.0013865315940763271 -0.00090731914838155115 -8.305913484220624e-05 -0.00011176688271868778 0.00048917478639632468 0.00075358403089282287 0.00065176821690762332 -0.0014882415408889451 0.00016720394927008744 -0.0004445021426719096 -0.00051089462053416107 -0.0008381675612181425 0.00022972215082134225
leaf_weight=36 31 24 24 24 21 31.5 30.5 46 33 24 21 21 24 21 24 21 54 54 40.5 21 40.5 30 40.5 25 41 36 39.5 5.9999999999999991 76 31 7.9999999999999991 10.499999999999998 22.5 782 76 25 45.5 21 24 211.5 135 29 30 90
leaf_count=33 25 18 24 24 21 28 22 36 33 24 21 21 24 21 24 21 54 24 18 21 18 30 18 20 26 16 22 6 36 16 8 8 10 408 36 20 38 21 24 94 60 22 30 90
internal_value=-3.14428e-11 0.00276438 0.0127136 -0.00100227 -0.000124709 -0.00558551 -0.01852 9.60014e-05 0.000651597 0.00172224 0.000738626 -0.000446151 -8.35418e-05 0.000301118 -0.000156948 -0.00013872 0.000178035 -5.04489e-05 -1.95639e-05 0.00011608 -4.71349e-05 -6.1713e-05 -2.5504e-05 -4.71046e-05 -0.00042685 -9.78207e-07 -1.64257e-05 0.000169029 -0.000109153 -0.00115288 -2.97413e-05 6.5491e-06 -2.4291e-05 -1.86374e-05 0.000312795 -0.000104759 -5.76927e-05 -0.000147229 -0.000362344 -1.22851e-05 -0.000193488 0.000261371 0.000111888 -3.72503e-05
internal_weight=2502 108 72 48 2394 93 62 2301 480 243 210 237 186 162 216 141 120 1821 1767 195 1726.5 174 1686 1645.5 123 82 1522.5 507.5 1015 81 468 462 454 934 152 50 443.5 99 78 421 209.5 74.5 150 120
internal_count=1614 99 66 48 1515 75 50 1440 480 243 210 237 186 162 216 141 120 960 936 195 918 174 900 882 78 52 804 268 536 56 246 240 232 480 72 40 224 99 78 214 120 60 150 120
is_linear=0
shrinkage=0.08


Tree=116
num_leaves=45
num_cat=0
split_feature=2 35 15 36 12 34 37 37 4 34 15 37 15 31 10 36 9 4 18 10 24 14 15 37 4 27 21 37 16 37 1 10 3 30 15 37 1 2 36 31 31 16 29 37
split_gain=0.138929 2.57184 1.89407 0.940214 1.80407 0.579698 3.54388 0.0950259 0.19786 0.151686 0.0198773 0.0152255 0.177675 0.209542 0.0847187 0.0437453 0.332826 0.236913 0.0215608 0.0211745 0.0109271 0.0111097 0.010883 0.00895272 0.00702436 0.00406493 0.00402806 0.00306559 0.00613262 0.00661946 0.00439875 0.00424043 0.00401665 0.00310857 0.0024385 0.00183723 0.00483758 0.00177805 0.00312473 0.0111007 0.00630382 0.00387757 0.00300066 0.00299906
threshold=11.984999656677248 1.0000000180025095e-35 1.740000064373016 1.5000000000000002 1.1549999713897707 1.0000000180025095e-35 8.0050000000000008 16.425000000000004 16.515000000000004 9.5000000000000053 0.78999999999999926 11.035000000000002 1.78 1.7000000000000004 9.9450000000000021 1.5000000000000002 11.893461538461539 17.890000000000004 0.90000000000000013 7.8500000000000005 10.400000000000002 7.7750000000000012 1.781153891453376 15.995000000000003 17.935000000000006 5.4000000000000012 2.3000000000000003 9.9950000000000028 6.0950000000000015 9.8750000000000018 17.650000000000002 7.8650000000000011 17.380000000000006 7.3000000000000016 2.3550000000000009 17.860000000000003 17.680000000000003 16.590000000000003 1.5000000000000002 2.5000000000000004 2.8000000000000003 6.8850000000000025 3.1000000000000005 8.7750000000000004
decision_type=2 2 2 2 2 2 2 2 2 2 2 2 2 2 2 2 2 2 2 2 2 2 2 2 2 2 2 2 2 2 2 2 2 2 2 2 2 2 2 2 2 2 2 2
left_child=1 -1 -3 -4 -5 6 -2 11 -9 -10 -11 14 13 -13 24 16 23 18 20 34 21 -17 -12 25 27 26 -14 28 30 32 -7 33 37 -29 -20 36 -24 43 39 -39 42 -42 -40 -30
right_child=5 2 3 4 -6 7 -8 8 9 10 22 12 15 -15 -16 17 -18 -19 19 -21 -22 -23 35 -25 -26 -27 -28 31 29 -31 -32 -33 -34 -35 -36 -37 -38 38 40 -41 41 -43 -44 -45
leaf_value=0.019659486290736078 0.012037699207225267 -0.025989923477172851 0.015098104708066041 0.0096305397603039938 -0.022902365967631341 -0.0011712310704446974 -0.022894742214461652 0.007343077259685026 0.0062770790722290123 -0.0020292332234481971 0.0015094921534006117 -0.00043697199646245549 -0.0011919863952789456 -0.011091992092274485 0.0030936410687528214 0.00060241154405627059 0.010751299677416682 -0.0074676687563104294 0.00066913860716990062 -0.0028430633912794288 -0.0002983851990263377 0.0023805171235100086 1.2754074819950442e-05 -0.001917329932279561 -0.0011680739363034566 0.00079951645298437636 0.00014457559213042261 -0.00037316891302665071 -4.7405798318828196e-05 -0.00073853637436749765 -0.00026295367095810479 0.00096347462474590255 0.00067357449381201116 0.00046349376241711007 -0.00025687193883081473 0.00037730059445355882 -0.0013813083068955512 -0.0014099634015932679 0.00081037766158075658 0.00018646151359592164 1.5185741013136961e-05 -0.00092760407989668958 -1.1001003398136658e-05 0.00031876167911135415
leaf_weight=39 34 21 22 24 20 52.5 41 33 27 30 33 27 27 21 55.5 44 20 28 28 20 28 46 66 23 37.5 22 31 60 576 81 97.5 42 55.5 54 52 33 21 50 59 63 59 53 55 190.5
leaf_count=39 28 12 22 24 20 21 29 33 27 30 33 27 23 18 24 38 10 14 28 16 14 30 66 23 15 11 27 30 393 39 39 21 24 27 48 33 21 22 26 26 24 22 24 93
internal_value=3.2421e-11 0.00258869 -0.00506373 0.00159461 -0.00515714 -0.000137279 -0.0070587 8.83213e-05 0.00158446 0.000679536 -0.000146331 -8.83367e-05 -0.000519994 -0.00509854 2.13532e-05 7.55898e-05 0.00130744 -0.000540335 0.000349415 -0.000514827 0.00108182 0.00151122 0.000222866 -0.000526321 -8.61915e-05 -0.000126405 -0.000477617 -5.99831e-05 -9.76712e-05 -3.93161e-05 -0.000580851 0.000276311 9.46668e-06 2.3145e-05 6.72318e-05 -0.000130957 -0.000323744 -2.38739e-05 -0.000176433 -0.000519921 -4.68952e-06 -0.000430956 0.000414098 4.35986e-05
internal_weight=2502 126 87 66 44 2376 75 2301 243 210 183 2058 417 48 1641 369 123 246 218 100 118 90 153 103 1585.5 80 58 1548 1392 1242 150 156 1161 114 80 120 87 1105.5 339 113 226 112 114 766.5
internal_count=1614 117 78 66 44 1497 57 1440 243 210 183 1197 327 45 870 282 94 188 174 92 82 68 153 84 846 61 50 831 753 693 60 78 654 57 76 120 87 630 144 48 96 46 50 486
is_linear=0
shrinkage=0.08


Tree=117
num_leaves=45
num_cat=0
split_feature=2 35 0 36 36 33 35 29 16 0 35 31 36 31 31 35 16 36 16 29 0 4 33 4 15 30 30 4 31 16 36 36 0 15 28 0 15 36 2 15 31 29 16 15
split_gain=0.11759 2.1768 2.07457 0.374711 0.327723 0.195404 1.84333 4.02267 0.849218 0.108112 0.0642046 0.321218 0.0572317 0.35744 0.0916802 0.387843 0.865258 0.111265 0.0588572 0.039873 0.0558293 0.0392134 0.0306178 0.0412109 0.0286446 0.0481455 0.0213915 0.0154776 0.014377 0.0121853 0.00845808 0.0100256 0.00611128 0.00336618 0.00313067 0.00302506 0.00300255 0.00283063 0.00270712 0.00254029 0.0019611 0.00195195 0.00335058 0.0038272
threshold=11.984999656677248 1.0000000180025095e-35 11.729999904632569 2.5000000000000004 1.5000000000000002 1.0000000180025095e-35 1.0000000180025095e-35 1.0000000180025095e-35 6.7750000000000004 13.835000000000003 1.0000000180025095e-35 1.0000000180025095e-35 2.5000000000000004 1.0000000180025095e-35 0.70000000000000007 1.5000000000000002 6.6350000000000016 1.5000000000000002 6.0057692307692303 1.0000000180025095e-35 14.005000000000001 17.875000000000004 1.0000000000000002 16.185000000000006 1.781153891453376 6.9000000000000012 26.000000000000004 17.400000000000002 16.100000000000005 6.0950000000000015 1.5000000000000002 2.5000000000000004 12.720000000000001 1.2450000000000001 60.800000000000004 17.590000000000003 2.5050000000000003 1.5000000000000002 17.365000000000006 0.48499999999999949 22.000000000000004 7.1000000000000005 7.4750000000000023 2.1715384615384621
decision_type=2 2 2 2 2 2 2 2 2 2 2 2 2 2 2 2 2 2 2 2 2 2 2 2 2 2 2 2 2 2 2 2 2 2 2 2 2 2 2 2 2 2 2 2
left_child=1 -1 -3 4 -4 6 7 -2 -8 -10 11 -7 14 -14 15 16 -12 -17 -15 -13 -21 33 23 -22 25 -24 28 32 29 -26 -11 -32 -20 37 35 38 -31 -16 40 -34 -35 42 -41 -44
right_child=5 2 3 -5 -6 10 8 -9 9 30 12 19 13 18 21 17 -18 -19 27 20 22 -23 24 -25 26 -27 -28 -29 -30 36 31 -33 39 34 -36 -37 -38 -39 -40 41 -42 -43 43 -45
leaf_value=0.018086726197447531 -0.041594132994386288 -0.025574827300177679 0.0053101520482883901 0.011261008437289747 -0.0086580114192221069 0.0083210609214646476 0.010639658231212169 0.0025690261621044057 -0.0060178065281361335 -0.0015691581641634306 0.014471571663394571 0.0030010730492402659 -0.0079189982953066212 -0.0027094717708812961 0.00077327287197113048 -0.0038463723117654973 -0.00052732916767126879 0.0010054715027386122 -0.0045196997746825215 -0.0039072420026752212 0.00034833559549103183 -0.0019355859390149514 0.0047288568787000797 -0.0036050956284075426 -0.0014479173270937724 -0.00037850692269525361 0.0027850223785000189 0.0012000633687884719 0.0014970955742188755 0.00086331848986446861 0.0011101281171043715 -0.00095810470233360923 -0.001165375171436204 -0.00014609179311442149 0.00048146190121769908 -0.00063600714111493697 -4.4180952605702688e-05 1.1884372830390931e-05 0.00061939553978542481 -4.5509095296676577e-05 0.00035710139775818042 -0.00027664767903660194 1.2866656655784358e-05 0.0015419415812939405
leaf_weight=39 22 22.5 21.5 21.5 21.5 35 49 33 30 30 40 33 41.5 54 62.5 60.5 64 60.5 1.9999999999999989 21 45 72 27 27 39 21 21 67.5 39 30 30 30 13.499999999999998 502 63 63 105 62.5 36 198.5 55 149 22 20
leaf_count=39 22 18 20 20 20 35 22 33 30 20 20 33 23 24 30 32 44 32 2 21 45 32 27 27 39 21 21 30 39 30 20 20 6 272 28 28 105 30 16 92 28 76 22 20
internal_value=-4.56297e-11 0.0023816 -0.00465863 0.00263772 -0.00167393 -0.000126297 -0.00237499 -0.0150962 0.00176506 -0.00185874 0.000107768 0.000966033 -0.000114708 -0.000770862 0.000211931 0.00165884 0.00524148 -0.00142045 -0.000207429 0.000335087 0.00010048 -0.000143478 0.000338226 -0.0011342 0.000714165 0.00249439 0.000348991 7.85188e-05 0.000108819 -0.000202346 -0.000472378 7.60117e-05 -0.000108405 9.40369e-06 -5.72123e-05 -0.000108945 0.000157486 0.000392579 -5.29499e-05 -8.6513e-05 -9.64049e-05 -4.91198e-05 9.18434e-05 0.000740998
internal_weight=2502 126 87 64.5 43 2376 224 55 169 120 2152 443 1709 568 1141 225 104 121 526.5 408 375 916 354 72 282 48 234 472.5 213 174 90 60 405 844 719 656 135 125 593 403 557 389.5 240.5 42
internal_count=1614 117 78 60 40 1497 167 55 112 90 1330 443 887 295 592 128 64 64 272 408 375 464 354 72 282 48 234 248 213 174 60 40 218 432 372 344 135 60 316 216 300 210 134 42
is_linear=0
shrinkage=0.08


Tree=118
num_leaves=45
num_cat=0
split_feature=37 4 0 13 34 37 15 6 30 37 0 37 11 15 4 0 32 31 30 34 31 0 4 5 33 29 15 37 0 32 15 37 13 34 4 31 0 37 18 16 34 22 33 37
split_gain=0.162535 3.80389 0.666341 0.149505 0.300749 0.677635 0.232851 0.146601 0.121631 0.0347085 0.0278777 0.0132889 0.15088 0.0734644 0.0578003 0.0517943 0.0208013 0.0146378 0.0118757 0.0340565 0.0224285 0.0108217 0.00512126 0.0257534 0.00436972 0.00446216 0.0042016 0.00404277 0.00345109 0.00332229 0.00445221 0.00175622 0.0288898 0.0124952 0.00402587 0.00321769 0.00272561 0.00259932 0.00360808 0.00282488 0.00269404 0.00253089 0.00215542 0.00389723
threshold=16.425000000000004 16.455000000000002 8.3270000000000017 1.1449999809265139 1.0000000180025095e-35 7.8750000000000009 1.7950000762939455 2.935000061988831 0.3000000000000001 2.7300000000000004 16.495000000000001 11.035000000000002 9.8550000000000022 1.4150000000000003 17.955000000000002 13.265000000000002 24.800000000000004 1.0000000180025095e-35 2.1000000000000005 29.400000000000002 3.5000000000000004 14.110000000000001 16.165000000000003 10.105000000000002 1.0000000180025095e-35 0.3000000000000001 -0.1650000000000009 11.992692307692311 16.115000000000006 32.100000000000001 -0.15000000000000033 8.0900000000000016 7.8200000000000012 5.6000000000000041 16.155000000000005 1.0000000180025095e-35 15.995000000000003 7.5750000000000002 21.000000000000004 6.2500000000000009 60.100000000000009 57.000000000000007 5.0000000000000009 4.1100000000000003
decision_type=2 2 2 2 2 2 2 2 2 2 2 2 2 2 2 2 2 2 2 2 2 2 2 2 2 2 2 2 2 2 2 2 2 2 2 2 2 2 2 2 2 2 2 2
left_child=2 -2 -1 -4 5 7 -7 -5 -3 -9 -10 14 13 -13 24 -15 17 -17 20 -20 -12 -19 28 -24 25 -6 -26 -25 -23 30 -28 32 37 -33 36 -36 -35 38 40 -39 41 42 43 -32
right_child=1 8 3 4 11 6 -8 9 10 -11 18 12 -14 15 -16 16 -18 21 19 -21 -22 22 23 27 26 -27 29 -29 -30 -31 31 33 -34 34 35 -37 -38 39 -40 -41 -42 -43 -44 -45
leaf_value=0.017932637532552084 -0.0353917521154508 0.006397780639429888 -0.0058112560819696506 0.0024930011394663134 0.00021151462992032369 0.005106508046561895 0.014040490411447757 -0.0021926014878166219 0.0031305218310583205 -0.0064950683837135641 -0.0029844391762855506 -0.0055987043529748919 -0.0066418454858163988 0.0074835680425167084 0.0028493071893850963 -0.00186488649508586 0.0021294264636795828 0.0017389510567521766 0.0031581656650329633 -0.00016528868105688326 0.00059554704542582237 2.1619584766172226e-05 -0.0032951904212435087 -0.00035762142353490292 -0.0010084964610912182 -0.00083517082591067285 0.0014655324264808936 0.00057495805257487867 0.0010357140309470534 -0.00070236201619818103 0.00065134210450600624 0.0014795700804545329 -0.0016565602690119436 -3.9173339545312859e-05 0.0006881718170242729 4.1967507224675781e-05 -0.00075091567897647054 0.00010767533584977642 -0.00084656283212825663 0.00085194876038089957 -0.00032929048612935562 0.00066296965177906194 -0.00035098820735708386 -0.00014749668097417605
leaf_weight=13.499999999999998 20 24 27 34.5 37.5 43 33 24 21 24 21 14.999999999999998 24 5.9999999999999991 45 30 27 21 24 111 24 105 18 102 27 85.5 13.499999999999998 42 27 42 72 39 67.5 72 54 568.5 66 82.5 30 54 84 57 58.5 85.5
leaf_count=9 20 24 27 30 30 37 21 24 21 24 21 15 12 6 18 30 18 21 24 111 24 105 18 51 12 48 6 24 27 18 72 18 27 36 24 255 33 33 30 24 48 39 36 63
internal_value=2.68415e-11 -0.00195706 0.000212441 0.000105811 0.000177889 0.00353578 0.00898574 -0.00148479 0.00101492 -0.00434383 0.000372188 -8.07233e-05 -0.000483995 -0.000107943 2.17533e-05 0.000109945 -8.98481e-06 -0.000176339 5.03824e-05 0.000425548 -0.00107511 -1.55247e-05 -0.000140844 -0.000442238 -5.79709e-05 -0.000516059 -1.97192e-05 -8.56191e-05 0.000229048 -1.25652e-06 1.97167e-05 5.67968e-06 -9.88909e-05 8.29795e-05 1.13595e-05 9.80238e-05 -0.000379572 0.000101955 -3.91514e-06 0.000402113 6.68956e-05 0.000188799 6.36706e-05 0.000217687
internal_weight=2502 245 2257 2243.5 2216.5 158.5 76 82.5 225 48 201 2058 417 393 1641 378 372 345 180 135 45 315 294 162 1596 123 1473 144 132 1446 1404 1390.5 591 799.5 760.5 622.5 138 523.5 387 136.5 357 273 216 157.5
internal_count=1614 245 1369 1360 1333 136 58 78 225 48 201 1197 327 315 870 300 294 276 180 135 45 246 225 93 852 78 774 75 132 762 744 738 372 366 348 279 69 345 288 57 258 210 171 135
is_linear=0
shrinkage=0.08


Tree=119
num_leaves=45
num_cat=0
split_feature=16 35 36 3 3 33 16 14 33 22 0 0 35 36 6 36 35 15 15 10 36 32 32 16 32 16 6 0 35 14 31 35 0 33 35 0 14 35 16 14 1 1 0 32
split_gain=0.107647 1.33795 0.147266 0.972797 1.58553 0.648847 3.84495 0.463339 3.06458 1.13742 1.00049 0.723187 0.357158 0.282345 0.215268 0.135864 0.112408 0.315361 0.128279 0.0731825 0.0790841 0.59103 0.204356 0.0563738 0.0422678 0.0400872 0.040024 0.0285801 0.0156738 0.0253991 0.01422 0.0510879 0.0136889 0.0121631 0.020939 0.0120579 0.00971655 0.0087267 0.0183658 0.0291058 0.00449824 0.0095335 0.00551945 0.00444646
threshold=5.8630769230769237 1.5000000000000002 1.5000000000000002 11.954999923706056 11.97499990463257 1.0000000180025095e-35 6.7750000000000004 8.2800000000000011 0.3000000000000001 1.0000000180025095e-35 17.590000000000003 13.425000000000002 1.0000000180025095e-35 2.5000000000000004 5.0400000000000009 2.5000000000000004 1.5000000000000002 1.7750000500679015 1.3899999999999995 9.9550000000000018 2.5000000000000004 1.0000000180025095e-35 1.0000000180025095e-35 6.0057692307692303 1.3 6.0057692307692303 5.0400000000000009 12.820000000000002 1.5000000000000002 7.5750000000000002 0.50000000000000011 1.5000000000000002 12.820000000000002 2.3000000000000003 1.0000000180025095e-35 16.505000000000006 9.8550000000000022 1.0000000180025095e-35 6.4000000000000012 7.5750000000000002 16.185000000000006 16.155000000000005 14.365000000000002 1.0000000000000002
decision_type=2 2 2 2 2 2 2 2 2 2 2 2 2 2 2 2 2 2 2 2 2 2 2 2 2 2 2 2 2 2 2 2 2 2 2 2 2 2 2 2 2 2 2 2
left_child=1 -1 7 -4 -5 6 -6 9 -9 10 -2 -11 15 26 -15 -8 17 24 -18 20 21 -7 -22 -24 -10 -23 -14 -25 29 43 31 -13 -27 -31 -35 -26 37 38 -34 -40 41 42 -32 -29
right_child=2 -3 3 4 5 19 12 8 16 11 -12 30 13 14 -16 -17 18 -19 -20 -21 22 25 23 27 35 32 -28 28 -30 33 40 -33 36 34 -36 -37 -38 -39 39 -41 -42 -43 -44 -45
leaf_value=0.012703229833527334 -0.019675917702593974 -0.0080867131290336455 0.016569917237474804 -0.02116837427020073 -0.026670544374458215 0.0087234518312782582 0.0030446167406626046 0.024384877286948169 -0.0032940832432359459 0.011251117637595879 -0.00025994405037525927 0.00054411754858764731 0.0051880983284746229 -0.010531601046140378 -2.4753697216510774e-05 0.01236946453852579 0.0007127061319415984 0.0079959520985398245 -0.0048278513170778754 -0.0030739135125821288 -0.0051652470293366125 0.0028536658796171348 -0.0031836454519494012 -0.0052782168208310998 0.0015151262074553718 -0.0038136763001481696 0.00065763280416528385 -0.00086279940443192678 -0.00021021717212002988 0.00040897113177925347 0.0014109611894107528 -0.0038271747902035714 -0.00061158814069973988 0.0034049258469086552 0.0010419322666712105 -0.00070091811220415626 -0.0012007188013234695 -5.0456116283878196e-05 0.00030031736428930383 0.0036490501721317954 0.00037329128488305615 -0.0013164666573238838 -8.6275123486759172e-05 0.00014358306620124495
leaf_weight=42 35 37.5 21 24 40.5 56 20 38.5 30 39 33 44 26 26 24 20 57.5 36 50 44 52.5 33 33 5.9999999999999991 30 5.9999999999999991 24 36 247.5 60 18 28 41 36 72 33 38.5 428 46 26 170.5 38.5 126.5 128
leaf_count=30 34 15 18 24 22 36 20 21 20 39 18 38 26 26 14 20 23 24 20 24 34 18 18 6 20 6 14 32 120 40 18 19 41 36 36 22 21 226 46 26 93 21 93 96
internal_value=-6.32187e-11 0.00289665 -9.50605e-05 -0.000536117 -0.000761479 -0.000449527 -0.00496187 0.000787053 0.00345368 -0.000590076 -0.0102535 0.000824585 0.00131814 -0.00123742 -0.00548831 0.00770704 4.62719e-05 0.00163841 -0.0018643 0.00013664 0.00024163 0.000853364 -0.000373295 3.34587e-05 -0.00082257 0.000140794 0.00301347 0.000214781 0.000271655 0.000630881 -0.000131079 -0.00115583 -1.21096e-05 0.00132223 0.0018296 0.000354341 2.72509e-05 0.000114639 0.000739954 0.00150958 7.76399e-05 -0.000197817 0.000100232 -7.73302e-05
internal_weight=2502 79.5 2422.5 1615 1594 1570 180.5 807.5 275 532.5 68 464.5 140 100 50 40 236.5 129 107.5 1389.5 1345.5 674.5 671 618.5 93 618.5 50 585.5 579.5 332 425.5 72 585.5 168 108 63 579.5 541 113 72 353.5 183 144.5 164
internal_count=1614 45 1569 1046 1028 1004 142 523 150 373 52 321 120 80 40 40 129 86 43 862 838 420 418 384 62 384 40 366 360 240 282 57 366 112 72 42 360 339 113 72 225 132 111 128
is_linear=0
shrinkage=0.08


Tree=120
num_leaves=45
num_cat=0
split_feature=37 34 0 12 34 15 1 36 15 34 5 10 14 29 15 29 21 36 14 10 9 17 19 36 32 14 32 0 14 10 32 24 17 37 15 15 20 0 0 0 35 37 19 0
split_gain=0.172345 2.2866 0.544783 0.238038 0.225337 0.754201 0.493837 0.32115 0.452438 0.165839 0.157827 0.0841444 0.0605899 0.0280188 0.0493633 0.0264348 0.0346871 0.03181 0.318072 0.259762 0.0217414 0.0175169 0.0132266 0.0120429 0.0279696 0.0190431 0.016258 0.0289284 0.0142447 0.0126675 0.0103908 0.00924805 0.00821727 0.00718922 0.0109321 0.00552128 0.00477756 0.00437762 0.00417197 0.00627303 0.00367131 0.00284322 0.00250338 0.00201555
threshold=11.525 1.0000000180025095e-35 8.3270000000000017 9.9200000000000017 1.0000000180025095e-35 1.8150000357627867 11.984999656677248 2.5000000000000004 1.7800000452995304 121.60000000000001 2.935000061988831 9.9550000000000018 9.7700000000000014 1.0000000180025095e-35 1.6600000000000001 0.50000000000000011 0.50000000000000011 1.5000000000000002 9.2200000000000006 9.8000000000000025 10.025 3.0000000000000004 2.7000000000000006 2.5000000000000004 1.0000000180025095e-35 9.3000000000000025 1.0000000180025095e-35 16.185000000000006 9.6300000000000008 9.5600000000000005 1.3 2.3000000000000003 5.0000000000000009 16.465000000000003 2.5457692307692312 2.5157692307692314 1.5000000000000002 12.915000000000001 13.350000000000003 14.200000000000001 1.5000000000000002 2.9600000238418587 5.9000000000000012 15.195000000000002
decision_type=2 2 2 2 2 2 2 2 2 2 2 2 2 2 2 2 2 2 2 2 2 2 2 2 2 2 2 2 2 2 2 2 2 2 2 2 2 2 2 2 2 2 2 2
left_child=2 10 -1 9 5 6 7 8 -4 12 -2 23 13 14 -3 16 -15 18 20 21 36 22 30 25 -25 26 27 -6 -27 37 -19 -22 -23 34 -32 -35 -17 -26 -39 -40 -30 -28 -34 -41
right_child=1 3 4 -5 11 -7 -8 -9 -10 -11 -12 -13 -14 15 -16 17 -18 19 -20 -21 31 32 -24 24 29 28 41 -29 40 -31 33 -33 42 35 -36 -37 -38 38 39 43 -42 -43 -44 -45
leaf_value=0.016405756915057149 -0.013453705814622699 0.0048103360148767631 -0.0093968244998351401 -0.0071699248771700599 0.00062327591362450869 0.011371124903766476 -0.011060760384020598 0.010075070135533175 0.0063049633941651938 0.0070256127789616587 -0.022950378519793355 0.0035553916401806331 0.0044483281672000885 0.00012174937874078751 -0.00050074826229926355 0.0015128869939595461 -0.0043303515850788071 0.0018112076666827004 0.01041894858982414 -0.0083781572586546348 -0.0027684794874353841 -0.0018160253130398425 0.0024632154529293381 0.0020390042340499349 -0.0022175271250307561 -0.001920529414828007 0.00087503534761102246 -0.0028052865217129391 -0.00094448382787119887 0.0013431343553441295 0.0017656355954514928 -0.00076707472057185248 -0.00066927418297079084 -0.0014150853990577161 -0.00014432361053133552 0.00011975822562817485 7.3303852307920651e-05 0.0017683203367050739 -0.0016301722597199843 0.00051658740028648115 -4.2632727668835568e-05 -8.1765992357619473e-06 0.00048620616706709067 -7.3399924562613447e-05
leaf_weight=13.499999999999998 21 21 23 27 28 49 23 23.5 24 24 24 42 21 24 24 25 21 30 20 24 22 28 24 50 5.9999999999999991 65 24 36 52 44.5 34 45 24 24 44 40 36 7.9999999999999991 15.999999999999998 41 65 832 24 385.5
leaf_count=9 21 21 20 24 28 37 17 22 24 21 24 18 21 21 24 25 21 28 16 16 20 28 24 30 6 28 24 16 26 19 28 33 24 24 24 40 36 8 16 40 26 438 24 174
internal_value=4.87239e-12 -0.00111959 0.000393761 0.000172418 0.000276122 0.00333154 -0.000881724 0.0024391 -0.00137889 0.000514807 -0.0185186 1.92506e-05 0.000233259 6.74978e-05 0.00197776 -0.000108293 -0.0019559 7.89642e-05 0.00103659 -0.000399848 -0.000429405 0.00030412 0.000703893 -7.05969e-05 0.000234778 -0.000223284 -7.53703e-05 -0.00130529 -0.000970982 5.47156e-05 0.000458406 -0.00142425 -0.000726873 0.000172603 0.000688223 -0.000455808 0.000663297 -7.08805e-05 -4.22903e-05 -7.50245e-05 -0.000443455 1.65864e-05 -9.1534e-05 -1.66837e-05
internal_weight=2502 651 1851 606 1837.5 142.5 93.5 70.5 47 579 45 1695 555 534 45 489 45 444 148 296 128 272 196 1653 551 1102 920 64 182 501 172 67 76 142 78 64 61 456.5 450.5 442.5 117 856 48 426.5
internal_count=1614 588 1026 543 1017 120 83 66 44 519 45 897 498 477 45 432 42 390 130 260 114 244 168 879 293 586 506 44 80 263 144 53 76 116 52 64 61 244 238 230 52 462 48 214
is_linear=0
shrinkage=0.08


Tree=121
num_leaves=45
num_cat=0
split_feature=3 35 16 5 34 36 12 34 35 10 35 15 32 15 29 30 31 12 12 36 13 34 33 16 1 34 32 36 15 14 7 9 5 30 32 34 33 16 15 18 26 14 18 18
split_gain=0.11318 2.1247 4.71456 1.70792 0.649573 0.439809 1.09032 0.0231278 0.026884 0.0118473 0.00963416 0.0358267 0.0679764 0.104787 0.0407026 0.0421428 0.0152881 0.00616454 0.0127494 0.0141669 0.0439069 0.00797947 0.00753927 0.00693343 0.00680614 0.0112773 0.00630036 0.00586012 0.0148982 0.0109562 0.00653703 0.0206291 0.00861122 0.00506806 0.0229281 0.00818941 0.00305967 0.00555918 0.00307742 0.00405229 0.00302292 0.00390404 0.00293959 0.00258162
threshold=11.994999885559084 1.0000000180025095e-35 9.0399999618530291 6.4620000000000006 1.0000000180025095e-35 1.5000000000000002 1.1549999713897707 121.60000000000001 1.5000000000000002 2.2750000000000004 1.0000000180025095e-35 1.6600000000000001 0.3000000000000001 1.4349999999999998 3.1000000000000005 0.70000000000000007 1.0000000180025095e-35 9.9350000000000005 9.8550000000000022 1.5000000000000002 9.1350000000000016 0.80000000000000016 1.3 6.0550000000000024 13.955000000000002 12.500000000000005 3.5000000000000004 1.5000000000000002 2.1350000000000002 7.7300000000000013 10.105000000000002 9.9350000000000005 10.975000000000003 1.0000000180025095e-35 0.3000000000000001 3.5000000000000004 0.50000000000000011 6.9750000000000023 2.4650000000000012 1.3 5.4000000000000012 7.6050000000000013 12.900000000000002 3.3000000000000003
decision_type=2 2 2 2 2 2 2 2 2 2 2 2 2 2 2 2 2 2 2 2 2 2 2 2 2 2 2 2 2 2 2 2 2 2 2 2 2 2 2 2 2 2 2 2
left_child=1 2 -1 5 -2 -3 -7 9 -9 -6 11 12 -11 14 15 -14 -13 18 19 20 21 -12 -22 26 -23 -26 -21 29 -29 -18 31 42 -32 34 -25 -35 37 -37 39 -38 41 43 -30 -27
right_child=4 3 -4 -5 7 6 -8 8 -10 10 17 16 13 -15 -16 -17 27 -19 -20 23 22 24 -24 33 25 40 -28 28 30 -31 32 -33 -34 35 -36 36 38 -39 -40 -41 -42 -43 -44 -45
leaf_value=0.038163118908802668 -0.0093481791764497765 0.0090221671144744119 -0.012377407792068662 -0.024671872910999117 -0.0020429530325863096 0.0096321191173046831 -0.012924821294145659 0.0024544375341523576 -0.00019315868202182982 0.005043340757558191 -0.0051263290643692016 -0.0018215260609673958 -0.0046705446306926504 0.0055650240005481813 0.0012285238174566378 0.00023675777106767611 0.00020707741586698428 -0.00074977811241959348 0.0011740076072790007 0.0012861403546951436 -0.0027557942022879917 0.0011013935658459864 -0.0012913814342270294 0.0022077968972069877 -0.0014501480912402658 -0.00052769787484963592 0.00021189413419125055 0.0022874906235797843 -0.0003893086091557052 -0.0015424303550066222 -0.0019297464871779087 0.0025347285410195282 4.6045590546176146e-05 -0.0011620741244405509 -0.00027726360596716407 -3.27304267472979e-05 -4.462890630447785e-05 0.0011722243878045304 9.8597902014482304e-05 -0.00065919323993882941 -0.00049572942088599563 0.00041661533487408805 0.00072183011006563913 0.00010715883782075852
leaf_weight=27 48 28 21 21 18 24 32 54 45 27 1.9999999999999989 30 24 21 36 21 63 81 54 54 45 30 45 35 38.5 71 99 22 64 36 20 24 48 41 74 69 206 38 343 103 67.5 135 20 97
leaf_count=27 30 28 21 12 18 24 32 36 18 27 2 30 24 21 36 21 63 36 24 24 20 30 20 20 26 38 44 22 64 36 20 24 48 36 44 32 96 28 176 68 30 60 20 58
internal_value=4.61096e-12 0.00210828 0.0160516 -0.00426583 -0.000137321 0.000835682 -0.00325756 5.48223e-05 0.00125098 1.04385e-06 1.789e-05 0.000344975 0.00147396 0.000529129 -0.000776473 -0.00238047 -0.000100407 -6.8424e-05 -3.49148e-05 -7.58952e-05 -0.000413287 -8.46539e-05 -0.00202359 9.28006e-05 -6.1685e-05 -0.000146996 0.00059104 7.34437e-05 0.000324719 -0.000429107 7.93727e-05 0.000466244 -0.00053507 8.9385e-06 0.000520692 -6.07879e-05 -1.29809e-06 0.000395197 -6.63671e-05 -0.000249484 -1.15811e-05 9.62737e-05 -0.000124752 -0.000161144
internal_weight=2502 153 48 105 2349 84 56 2301 99 2202 2184 456 129 102 81 45 327 1728 1647 1593 531 441 90 1062 439 409 153 297 198 99 176 108 68 909 109 800 759 107 652 309 370.5 303 84 168
internal_count=1614 144 48 96 1470 84 56 1440 54 1386 1368 456 129 102 81 45 327 912 876 852 284 244 40 568 242 212 68 297 198 99 176 108 68 500 64 436 400 60 340 164 186 156 84 96
is_linear=0
shrinkage=0.08


Tree=122
num_leaves=45
num_cat=0
split_feature=37 30 15 34 36 6 15 15 16 36 4 32 37 15 20 10 36 37 9 11 15 32 4 30 36 30 16 14 32 1 14 14 2 23 22 1 34 21 6 35 1 16 15 34
split_gain=0.178647 3.72645 0.524887 0.181348 0.692005 2.0437 1.54682 3.11816 0.319493 1.15453 0.16511 0.0587212 0.0190501 0.136452 0.132159 0.0722942 0.0383738 0.360972 0.212783 0.0190449 0.0135241 0.013263 0.0121155 0.0110184 0.00910874 0.0251544 0.0442968 0.0156684 0.0202553 0.00870958 0.00863608 0.0172977 0.00741687 0.00656794 0.00647476 0.00656354 0.00590562 0.00436456 0.0031957 0.00291393 0.011694 0.00825888 0.00661042 0.00405379
threshold=16.425000000000004 1.0000000180025095e-35 -0.59100000000000052 1.0000000180025095e-35 1.5000000000000002 2.9550000429153447 1.9073076923076921 1.7861538866850044 9.0399999618530291 2.5000000000000004 16.505000000000006 0.50000000000000011 11.470000000000001 1.781153891453376 2.1000000000000005 9.9550000000000018 2.5000000000000004 11.784230769230772 11.893461538461539 7.8200000000000012 2.3826923076923081 1.5000000000000002 16.115000000000006 1.7000000000000004 2.5000000000000004 0.50000000000000011 6.6350000000000016 8.1100000000000012 1.0000000180025095e-35 14.200000000000001 9.3000000000000025 9.6300000000000008 16.920000000000005 8.7000000000000011 0.50000000000000011 12.720000000000001 1.9000000000000006 6.4000000000000012 3.5350000000000006 1.5000000000000002 12.820000000000002 6.955000000000001 0.094999999999998877 3.5000000000000004
decision_type=2 2 2 2 2 2 2 2 2 2 2 2 2 2 2 2 2 2 2 2 2 2 2 2 2 2 2 2 2 2 2 2 2 2 2 2 2 2 2 2 2 2 2 2
left_child=2 -2 -1 4 5 -4 7 8 -6 -10 -3 -12 15 14 -14 24 17 -15 22 -19 -21 -13 37 -23 27 26 -26 34 -29 -28 -30 -32 -25 -34 -5 -36 -27 -18 -37 41 -41 -38 -42 -44
right_child=1 10 3 12 6 -7 -8 -9 9 -11 11 21 13 16 -16 -17 18 19 -20 20 -22 23 -24 32 25 36 29 28 30 -31 31 -33 33 -35 35 38 39 -39 -40 40 42 -43 43 -45
leaf_value=0.015949982537163631 -0.035144376575946809 0.0071614005851248896 -0.0012836378132119592 0.0010359926096712932 0.0094919111684226148 0.02900637225671248 0.015957249524416749 -0.029690324119931343 -0.014745939671993256 0.011781615447696476 0.0041442323329725431 -0.0020768748801977687 -0.0087695074294848983 0.0098680530612667416 -0.00061051138728443119 0.0033034598614488332 -0.00092281198656807338 0.00014243361928189795 -0.0086679211072623729 -0.002526275190291926 -0.00044596018362790348 0.0013211337108320245 0.0016122172338267169 -0.0015601173539956411 0.0036934947047163459 -0.004396135360002518 -0.00090881663657325722 -0.0020355021969104808 -1.2508767168768998e-05 0.00088446079047171629 -0.0019336993149149098 -0.00014290876647767923 0.00042829636083398432 -0.00092627110567668246 0.0022532464563846588 -0.0023064247891306879 -0.00013137507932977035 0.00060288879740983249 -3.8321917963427461e-05 -0.0051771004001299539 -0.0024930767615636189 0.0010698737668823086 -0.0027857112458774019 -4.3676816329839955e-05
leaf_weight=13.499999999999998 20 24 40.5 39 28.5 22 27 25.5 21 21 21 24 24 24 27 42 30 108 20 40 40 30 36 27 34 1.9999999999999989 28 54 191 45.5 56 90 63 36 7.9999999999999991 3.9999999999999991 130 20 656 2.9999999999999991 7.4999999999999991 51 3.4999999999999991 244.5
leaf_count=9 20 24 39 30 22 16 22 22 21 21 21 24 21 12 27 18 30 108 10 30 20 30 25 27 15 2 28 24 82 22 24 40 63 36 8 4 65 20 372 3 3 38 2 114
internal_value=-1.18701e-11 -0.00205176 0.000222721 0.000128084 0.0025238 0.00937845 -0.000959259 -0.00571703 0.00295417 -0.00148216 0.000889801 0.000140953 -8.78554e-05 -0.000608592 -0.00445004 2.59112e-05 7.48901e-06 0.000628899 -0.00123533 -0.000550567 -0.00148612 -0.000326096 0.000493177 -5.67452e-05 -5.76693e-05 0.000208395 0.00130581 -0.000190702 -0.000597072 0.000201307 -0.000366582 -0.000829787 -0.000384812 -6.42736e-05 3.40379e-05 -2.44594e-05 -5.88127e-05 -0.000312532 -5.2068e-05 -3.90752e-05 -0.000211444 0.000207098 -0.000153139 -8.23749e-05
internal_weight=2502 245 2257 2243.5 185.5 62.5 123 96 70.5 42 225 201 2058 369 51 1689 318 212 106 188 80 180 86 156 1647 549 107.5 1098 391 73.5 337 146 126 99 707 668 441.5 50 660 439.5 258.5 181 255.5 248
internal_count=1614 245 1369 1360 163 55 108 86 64 42 225 201 1197 303 48 894 255 170 85 158 50 180 75 156 876 292 65 584 170 50 146 64 126 99 414 384 227 50 376 225 122 103 119 116
is_linear=0
shrinkage=0.08


Tree=123
num_leaves=45
num_cat=0
split_feature=37 11 33 16 22 0 35 37 4 37 5 7 35 4 15 3 37 32 33 33 37 15 11 31 0 33 0 6 37 31 19 15 11 16 4 18 16 21 11 13 22 11 0 21
split_gain=0.153859 1.24286 0.804636 3.46185 0.451252 0.446016 0.282631 0.166696 0.845304 0.163278 0.48245 0.456284 0.174439 0.831419 0.600181 0.0503568 0.0453556 0.0451867 0.02858 0.0187211 0.0450369 0.198896 0.0423445 0.0211703 0.0162155 0.014264 0.0138777 0.0278011 0.0119284 0.00894841 0.00834488 0.0089879 0.00682242 0.00663999 0.00576795 0.00505717 0.00444785 0.00339702 0.00308652 0.00435096 0.00295356 0.00256348 0.00357113 0.00239508
threshold=8.0050000000000008 7.9050000000000011 1.0000000180025095e-35 6.7750000000000004 1.0000000180025095e-35 8.3270000000000017 1.0000000180025095e-35 16.415000000000003 16.475000000000005 1.6799999833106998 2.9150000810623173 2.935000061988831 1.5000000000000002 11.994999885559084 1.4750000000000001 11.984999656677248 8.1550000000000029 0.70000000000000007 1.3 5.0000000000000009 11.470000000000001 1.78 9.9550000000000018 1.0000000180025095e-35 16.495000000000001 6.3000000000000016 17.745000000000001 10.065000000000003 11.655000000000001 0.50000000000000011 4.7000000000000002 1.7950000762939455 7.8650000000000011 8.9950000000000028 17.710000000000004 15.500000000000002 7.0000000000000018 11.500000000000002 7.7550000000000008 7.5250000000000012 5.4000000000000012 8.490000000000002 17.860000000000003 2.7000000000000006
decision_type=2 2 2 2 2 2 2 2 2 2 2 2 2 2 2 2 2 2 2 2 2 2 2 2 2 2 2 2 2 2 2 2 2 2 2 2 2 2 2 2 2 2 2 2
left_child=1 5 3 -2 6 -1 15 16 -9 11 -11 -7 13 -12 -14 -5 -4 -10 -19 20 22 -22 23 -18 -20 28 27 40 -21 -27 31 -15 35 -33 -25 37 41 -16 39 -31 -23 -26 -43 -32
right_child=2 -3 7 4 -6 9 -8 8 17 10 12 -13 14 30 32 -17 19 18 24 25 21 26 -24 34 36 29 -28 -29 -30 38 43 33 -34 -35 -36 -37 -38 -39 -40 -41 -42 42 -44 -45
leaf_value=0.014673989613850911 -0.02847802490899887 0.016250695389623825 -0.0030443789958953861 0.010415987642038436 -0.0075865801778854805 0.013277313679988896 -0.0010294389593656418 0.014895823179134007 0.003199405293911696 -0.013233106227384673 0.016071323584765197 -0.0028699387866072358 -0.011964470782693018 -0.0017805638447990298 6.615941646915658e-05 0.0050517243969564639 -0.0017891042073275528 -0.0029279617937503473 0.0022832145932174864 0.00046854904126093696 -0.0071018981802714711 0.00094451393754709336 0.0022437620256096124 4.8320036415631576e-05 0.00010907644216247179 0.0011936520574948727 0.0015124035417102277 -0.0025857504688654889 0.0023313660840644981 -8.0323217787058553e-05 0.00013761495899719498 -0.0006681328391762993 -0.001047879490007957 0.0011218561043608048 -0.00081543254747725369 -0.00083196221488631426 0.00096905886239948729 0.00074813000633622761 8.1909696653223869e-05 -0.0010246767381128544 -0.00012887812331318854 -0.0012163639827772524 -1.0368233236173789e-05 0.0012359811168991858
leaf_weight=13.499999999999998 34 32.5 35 21 36 21 54 29 30 18 24 24 28.5 27 348 24 51 21 21 66 33 21 48 375 54 39 24 33 33 102 24 36 37.5 21 57 36 21 54 285 45 75 33 30 27
leaf_count=9 22 13 14 21 36 21 24 29 30 18 24 24 24 27 186 24 24 21 21 30 30 21 21 174 54 21 12 24 24 66 24 36 15 21 24 27 21 36 135 24 75 33 30 24
internal_value=1.77339e-11 0.000939121 -0.000419076 -0.00566262 8.34855e-05 0.000266199 0.0028726 0.00014861 0.00209293 -1.71475e-06 -0.000310117 0.00466545 4.0733e-05 0.00235105 -0.000688117 0.00755505 -0.000202897 0.000324913 -0.000154169 -0.000125623 -0.00039767 -0.00146896 -2.24169e-05 -0.000247627 0.000212181 0.000216583 -0.000254007 -0.000582642 0.00108949 3.31067e-05 -8.81095e-05 -0.000578203 -1.22474e-05 -8.66323e-06 -6.56473e-05 7.64198e-05 -0.000102976 0.000157767 -7.16647e-05 -0.000369411 0.000105926 -0.000295393 -0.00064208 0.000719103
internal_weight=2502 772 1730 169 135 739.5 99 1561 239 726 681 45 663 159 504 45 1322 210 180 1287 717 186 531 483 159 570 153 129 99 471 135 84 475.5 57 432 438 138 402 432 147 96 117 63 51
internal_count=1614 529 1085 127 105 516 69 958 239 507 462 45 444 156 288 45 719 210 180 705 405 162 243 222 159 300 132 120 54 246 132 84 264 57 198 249 138 222 225 90 96 117 63 48
is_linear=0
shrinkage=0.08


Tree=124
num_leaves=45
num_cat=0
split_feature=6 35 16 16 34 35 1 35 30 2 34 18 34 30 34 34 20 34 11 29 10 11 17 16 12 14 33 31 10 35 13 29 29 32 32 16 21 33 35 1 16 31 1 21
split_gain=0.0719818 1.744 4.71951 1.64269 0.437469 0.204416 0.116862 0.0191138 0.0452433 0.121203 0.0418372 0.0309595 0.0165314 0.0138075 0.0198587 0.0178555 0.0252061 0.0380776 0.00948573 0.00597778 0.00497177 0.00409306 0.00886199 0.0110923 0.00405799 0.00253715 0.00755926 0.00278027 0.00437328 0.00850352 0.0254261 0.006893 0.00296791 0.00244759 0.00232595 0.00212165 0.00294992 0.00270148 0.00262049 0.00225104 0.00211154 0.00206335 0.00195777 0.00194959
threshold=2.9550000429153447 1.0000000180025095e-35 9.0399999618530291 8.740000000000002 1.0000000180025095e-35 1.5000000000000002 16.375000000000004 1.0000000180025095e-35 0.3000000000000001 16.440000000000001 119.60000000000004 0.3000000000000001 4.6000000000000023 3.3000000000000003 25.600000000000005 37.100000000000009 5.0000000000000009 16.900000000000009 9.9550000000000018 0.50000000000000011 9.9200000000000017 8.490000000000002 0.70000000000000007 6.1450000000000005 8.8450000000000006 9.3000000000000025 0.3000000000000001 6.9000000000000012 7.9050000000000011 1.5000000000000002 8.3850000000000033 7.8000000000000007 4.6000000000000005 4.6000000000000005 2.1000000000000005 6.2500000000000009 0.50000000000000011 5.0000000000000009 1.5000000000000002 13.180000000000001 6.1300000000000008 20.700000000000006 14.820000000000002 4.7000000000000002
decision_type=2 2 2 2 2 2 2 2 2 2 2 2 2 2 2 2 2 2 2 2 2 2 2 2 2 2 2 2 2 2 2 2 2 2 2 2 2 2 2 2 2 2 2 2
left_child=1 2 -1 -3 6 -5 -2 8 9 11 13 12 -6 15 -15 16 17 19 20 -10 25 22 23 -16 -23 27 -27 28 35 30 -30 33 -32 -31 -28 -9 38 39 -37 -38 41 -29 -39 -41
right_child=4 3 -4 5 7 -7 -8 18 10 -11 -12 -13 -14 14 21 -17 -18 -19 -20 -21 -22 24 -24 -25 -26 26 34 40 29 31 32 -33 -34 -35 -36 36 37 42 -40 43 -42 -43 -44 -45
leaf_value=0.042144484596238256 -0.0024783844611159078 -0.024000909896123978 -0.011489984059617634 -0.002834367245021794 0.00067173086993751075 0.0056909517977490201 -0.0093251260121663421 -0.00026170202384986771 -0.0014426072059130228 0.0070194159572323171 0.0036394382720547065 0.0028466085382249386 -0.0025025857466139962 0.0027107663931591171 0.00010022084820472324 0.00084884537813755185 0.001354662805706972 -0.0040504904327293241 -0.0010811197461077461 0.00016247332124321752 0.00087141872740086209 -0.0013467203841234247 -6.6722367224948749e-05 0.0026178536031927382 0.00010325346607714892 -0.00089672402122322435 0.00026783443088384553 -0.00060910667130161845 0.0020533745243834951 -0.00081160531547807516 0.000372670435185899 0.000609900587203878 -0.00057838524425668383 -6.3641696547468504e-05 -0.00033080452197679764 -0.000706548216466235 0.0010681144984749456 -0.00060817828898628555 9.3090670545481965e-05 0.00056392588933125486 -3.1715610397808535e-05 1.0800768612642531e-05 0.00010629296438182118 -0.00011895485719045004
leaf_weight=21 27 21 21 36 21 36 39 175.5 27 24 21 21 21 21 24 39 21 30 54 33 40.5 21 105 21 30 81 108 94.5 60 52.5 42 67.5 42 60 67.5 51 30 30 54 66 411 54 135 45
leaf_count=21 27 12 21 36 21 36 21 78 27 24 21 21 21 21 24 39 21 30 24 33 18 21 105 21 30 36 48 42 30 21 21 27 21 24 30 45 30 30 45 48 210 24 72 36
internal_value=7.44041e-11 0.00179676 0.0153273 -0.00431379 -0.000102477 0.00142829 -0.00652419 8.17184e-05 0.000530815 0.00218157 0.000165381 0.000338585 -0.000915427 -3.07356e-05 0.000369896 -0.000623671 -0.00114104 -0.00172337 -3.66597e-05 -0.000559813 -4.74073e-06 0.000125328 0.000335829 0.00127512 -0.000493795 -2.52936e-05 -0.000257457 1.52167e-05 0.000101462 0.000337355 0.000795573 -2.92194e-05 -0.000102857 -0.000412691 3.75887e-05 -2.88525e-05 7.05759e-05 0.000196123 -0.000295305 0.000453259 -0.000125134 -0.000383686 -2.36109e-05 0.000287082
internal_weight=2502 135 42 93 2367 72 66 2301 480 87 393 63 42 372 222 150 111 90 1821 60 1767 201 150 45 51 1726.5 256.5 1470 910.5 324 144 180 84 112.5 175.5 586.5 411 306 105 141 559.5 148.5 165 111
internal_count=1614 126 42 84 1488 72 48 1440 480 87 393 63 42 372 222 150 111 90 960 60 936 201 150 45 51 918 114 804 528 144 72 72 42 45 78 384 306 216 90 114 276 66 102 84
is_linear=0
shrinkage=0.08


Tree=125
num_leaves=45
num_cat=0
split_feature=37 33 15 4 34 1 37 37 13 1 6 33 34 37 12 10 15 1 30 34 29 33 37 9 10 37 37 37 33 4 10 34 12 12 1 18 30 2 30 33 20 37 21 18
split_gain=0.186366 3.56816 0.416921 0.162004 0.144018 0.774647 1.11872 0.426052 0.593398 0.48712 0.358824 0.0713003 0.0664744 0.0129143 0.115201 0.0559221 0.0427244 0.0365195 0.00956949 0.00848789 0.00840161 0.00606911 0.0056276 0.00509726 0.00487779 0.0139775 0.00472957 0.007039 0.00571518 0.00715355 0.00544938 0.00465071 0.00351494 0.00454128 0.00257646 0.00238215 0.00224682 0.00277352 0.0025566 0.00532745 0.00211302 0.00202893 0.00256718 0.001964
threshold=16.425000000000004 0.3000000000000001 -0.59100000000000052 16.505000000000006 1.0000000180025095e-35 16.415000000000003 11.97499990463257 2.7300000000000004 1.1549999713897707 11.97499990463257 2.9550000429153447 1.0000000000000002 11.200000000000005 11.035000000000002 9.8000000000000025 9.9550000000000018 1.4150000000000003 13.180000000000001 1.9000000000000001 107.00000000000001 15.100000000000001 1.0000000180025095e-35 10.085000000000003 10.010000000000002 7.8350000000000009 12.101923076923079 9.7950000000000017 9.9450000000000021 0.3000000000000001 16.185000000000006 9.6300000000000008 5.1000000000000023 8.4200000000000017 8.7750000000000004 17.820000000000004 2.3000000000000003 1.0000000180025095e-35 16.440000000000001 1.3 3.1000000000000005 0.3000000000000001 4.1100000000000003 3.0000000000000004 4.7000000000000002
decision_type=2 2 2 2 2 2 2 2 2 2 2 2 2 2 2 2 2 2 2 2 2 2 2 2 2 2 2 2 2 2 2 2 2 2 2 2 2 2 2 2 2 2 2 2
left_child=2 -2 -1 -3 5 6 7 9 -9 -4 -10 -5 -13 15 16 22 -15 -18 -14 20 21 -19 26 -24 40 34 28 35 29 -6 31 -30 -20 -34 -26 -28 37 -33 39 -38 -23 -40 -43 -42
right_child=1 3 4 11 13 -7 -8 8 10 -11 -12 12 18 14 -16 -17 17 19 32 -21 -22 24 23 -25 25 -27 27 -29 30 -31 -32 36 33 -35 -36 -37 38 -39 41 -41 43 42 -44 -45
leaf_value=0.014244225819905599 -0.034477752124890688 0.0062557068153594932 0.012865752478440603 -0.0041424932883819569 5.7294856442112315e-05 0.015688752631346385 0.016624150885188059 -0.015508364405896929 0.0032630446479644305 -0.0038182032139350971 -0.0087797577470057429 0.0047294568589755469 0.0012875466793775558 -0.0043055311193068825 -0.005827575220415989 0.0029332798808103517 0.0062395084897677103 0.001154182616069361 4.1693396725884039e-05 0.0014031798578798772 -0.0011008878870337618 0.00079029617148141068 -5.3047237452119587e-05 0.0011537496167390298 -0.00041521942453636302 -0.001983828256527583 -0.0010856312109169617 0.00011422406108490105 -0.00072149757040189768 -0.00089495902813117325 0.00077315341948909033 0.00093332647874859388 -0.0017623517420586377 -0.00030315863302884959 0.00047090027691973818 -0.00033577366621189174 -0.0010678386131738439 5.7541695164723525e-05 -0.00048703399779370584 7.0790789920526252e-05 -0.00028802949958480894 1.7462894414560966e-06 0.00032261729891947818 0.00034437926019591306
leaf_weight=13.499999999999998 20 30 21 24 106.5 24 23 27 40.5 24 26 21 27 14.999999999999998 24 42 5.9999999999999991 27 63 24 51 30 42 48 42 30 76.5 91.5 51 96 66 40.5 21 39 42 42 40.5 54 39 75 60 495 235.5 66
leaf_count=9 20 30 21 24 93 12 23 27 36 24 20 21 27 15 12 18 6 27 63 12 36 30 21 24 21 27 33 45 39 42 30 24 21 39 21 21 24 24 39 48 54 219 126 66
internal_value=1.58225e-11 -0.00209562 0.000227482 0.00078279 0.000143138 0.00227808 0.000285159 -0.00242818 -0.00550638 0.00396764 -0.00144542 -5.91968e-05 0.000513897 -4.92969e-05 -0.000446844 5.17251e-05 -0.00011825 4.79125e-05 -7.62809e-05 -5.1952e-05 -0.000152306 1.05819e-05 -2.3963e-05 0.000590578 -0.000103778 -0.000501546 -6.06156e-05 -0.000412866 -3.66985e-06 -0.000394144 6.84423e-05 2.3308e-05 -0.000375658 -0.000813876 2.78404e-05 -0.000819859 6.20881e-05 0.000432878 2.24953e-05 -0.000328469 0.000186898 7.51741e-05 0.000105189 4.32322e-05
internal_weight=2502 245 2257 225 2243.5 185.5 161.5 138.5 93.5 45 66.5 195 171 2058 417 1641 393 378 150 372 348 297 1599 90 270 114 1509 210 1299 202.5 1096.5 1030.5 123 60 84 118.5 979.5 94.5 885 115.5 156 769.5 730.5 126
internal_count=1614 245 1369 225 1360 163 151 128 83 45 56 195 171 1197 327 870 315 300 150 294 282 246 852 45 219 69 807 99 708 135 573 543 123 60 42 54 504 48 456 72 150 384 345 120
is_linear=0
shrinkage=0.08


Tree=126
num_leaves=45
num_cat=0
split_feature=37 1 0 34 1 37 37 13 1 6 34 3 29 7 37 11 27 15 1 15 28 34 29 31 37 34 34 16 15 8 37 33 37 34 6 37 31 34 31 37 34 3 37 19
split_gain=0.15774 3.52338 0.352881 0.121896 0.655662 0.946884 0.360611 0.502252 0.412299 0.303709 0.115664 0.0256905 0.0199243 0.0156788 0.0110369 0.0975262 0.0557 0.0360455 0.0309904 0.0101905 0.00905391 0.00723385 0.00701573 0.00595399 0.00591716 0.00567339 0.00836158 0.00445256 0.0126526 0.00396978 0.00313851 0.00387758 0.00540502 0.00311992 0.00236726 0.00220482 0.00697691 0.00460233 0.00196623 0.00217508 0.00213645 0.00187654 0.00226292 0.00551178
threshold=16.425000000000004 16.465000000000003 8.3270000000000017 1.0000000180025095e-35 16.415000000000003 11.97499990463257 2.7300000000000004 1.1549999713897707 11.97499990463257 2.9550000429153447 9.5000000000000053 16.660000000000004 8.9000000000000021 9.8850000000000033 10.875000000000002 9.8550000000000022 11.900000000000002 1.4150000000000003 13.180000000000001 -0.1650000000000009 16.900000000000002 107.00000000000001 15.100000000000001 1.0000000180025095e-35 10.085000000000003 15.800000000000002 10.700000000000005 6.0950000000000015 2.2450000000000001 10.875000000000002 9.7950000000000017 0.3000000000000001 5.0400000000000009 86.000000000000014 9.8750000000000018 8.7750000000000004 0.3000000000000001 5.1000000000000023 13.300000000000002 11.832692307692311 43.900000000000013 16.475000000000005 7.2450000000000001 11.500000000000002
decision_type=2 2 2 2 2 2 2 2 2 2 2 2 2 2 2 2 2 2 2 2 2 2 2 2 2 2 2 2 2 2 2 2 2 2 2 2 2 2 2 2 2 2 2 2
left_child=2 -2 -1 4 5 6 8 -8 -4 -9 -3 12 -12 -13 16 17 19 -16 -19 -5 -15 22 23 -20 27 26 -25 28 -21 30 31 32 -29 -22 -32 37 -37 -33 39 -27 -41 42 43 -39
right_child=1 10 3 14 -6 -7 7 9 -10 -11 11 13 -14 20 15 -17 -18 18 21 24 33 -23 -24 25 -26 38 -28 29 -30 -31 34 35 -34 -35 -36 36 -38 41 -40 40 -42 -43 -44 -45
leaf_value=0.013104681085657191 -0.034106269396841526 0.0058442019829871485 0.011836491723855336 -0.0015825257809073837 0.014433654248714447 0.015294218776018725 -0.014267694635523692 0.0030020009643501704 -0.0035127472019909575 -0.0080773764232603407 0.00027631291986576149 -0.0019633719738986759 0.0037611867873264212 0.0014592692497427818 -0.0039610885679721829 -0.0053613691528638209 0.0024418948540308825 0.005740347728133202 -0.0010709595295290153 -0.0011029150283456534 3.7068973847285465e-05 0.0012909254990518093 -0.0010128168582770169 -9.2157751942674324e-05 0.000664154041128663 -0.00034596469129125279 0.0018484108933006173 0.00029505104144724706 0.00031499262964352964 0.00056935935642342178 -0.00084681819743847339 -0.00086502298638224608 -0.00063489682448562238 -0.001057162777565065 -0.00016953239446146448 0.0011114649766800452 8.3872142313706744e-05 0.00022251299223990565 -0.00056056754552714883 -6.1369358147864909e-05 0.0006171434067396654 -0.00017504715484877427 0.00034363747932495954 -0.00071864177154058273
leaf_weight=13.499999999999998 20 27 21 27 24 23 27 40.5 24 26 21 27 21 27 14.999999999999998 24 60 5.9999999999999991 30 87 81 24 51 30 78 60 27 60 75 73.5 46.5 37.5 120 21 114 51 247.5 141 42 66 54 165 190.5 55.5
leaf_count=9 20 27 21 12 12 23 27 36 24 20 21 27 21 27 15 12 24 6 30 36 81 12 36 30 39 30 27 60 30 30 21 33 66 21 57 24 117 123 30 60 45 66 84 42
internal_value=-2.28562e-12 -0.00192797 0.000209284 0.000131687 0.00209583 0.000262346 -0.00223392 -0.00506587 0.00365023 -0.00132979 0.000932322 0.00026252 0.00201875 -0.000210312 -4.53531e-05 -0.000406367 4.97204e-05 -0.000112737 3.52766e-05 -4.17585e-05 0.000156608 -5.38652e-05 -0.000143518 -4.13475e-08 -1.47801e-05 0.000115111 0.000827059 -5.09528e-05 -0.000446476 -1.74025e-06 -3.59086e-05 1.36611e-05 -0.000324914 -0.000188214 -0.000365755 8.22912e-05 0.000259441 -7.4105e-06 -6.76863e-05 4.73194e-05 0.000243961 5.08512e-05 0.000147164 -4.33093e-05
internal_weight=2502 245 2257 2243.5 185.5 161.5 138.5 93.5 45 66.5 225 198 42 156 2058 429 1629 405 390 1569 129 384 360 309 1542 279 57 1464 162 1302 1228.5 1068 180 102 160.5 888 298.5 589.5 222 180 120 552 387 196.5
internal_count=1614 245 1369 1360 163 151 128 83 45 56 225 198 42 156 1197 333 864 321 306 840 129 300 288 252 828 222 57 789 66 723 693 615 126 102 78 489 141 348 165 135 105 315 249 165
is_linear=0
shrinkage=0.08


Tree=127
num_leaves=45
num_cat=0
split_feature=37 32 0 1 13 29 37 37 0 0 15 15 37 21 0 0 6 37 15 10 15 7 26 29 16 16 37 10 37 23 30 16 15 37 37 0 18 18 18 27 9 30 37 31
split_gain=0.133512 3.48236 0.298679 0.188761 0.0934984 0.096888 0.130697 0.915709 0.251029 0.13855 0.0875096 0.0662007 0.055245 0.0532674 0.0239415 0.0357457 0.0190835 0.0127492 0.142078 0.0482111 0.0223944 0.0114227 0.00717096 0.0068671 0.00637252 0.00671667 0.00571115 0.00840325 0.00823422 0.00506693 0.00450979 0.0030657 0.00799108 0.00240842 0.00317214 0.00361299 0.00265694 0.00226344 0.00336788 0.00224311 0.00207894 0.00236618 0.00201328 0.00200135
threshold=16.425000000000004 0.3000000000000001 8.3270000000000017 16.475000000000005 1.1449999809265139 1.0000000180025095e-35 4.745000000000001 8.0050000000000008 16.425000000000004 16.740000000000006 1.765000104904175 1.7800000452995304 2.8300000000000005 1.3 17.150000000000002 16.590000000000003 6.4620000000000006 10.875000000000002 1.8342307692307702 9.9450000000000021 1.9399999999999999 10.230000000000002 19.500000000000004 15.100000000000001 6.0550000000000024 6.1300000000000008 9.9950000000000028 7.8650000000000011 9.7950000000000017 1.6000000000000003 7.3000000000000016 6.0950000000000015 2.2450000000000001 3.8950000000000005 5.1700000000000008 14.640000000000002 15.500000000000002 4.7000000000000002 0.90000000000000013 7.5000000000000009 10.875000000000002 1.3 15.345000000000001 11.100000000000001
decision_type=2 2 2 2 2 2 2 2 2 2 2 2 2 2 2 2 2 2 2 2 2 2 2 2 2 2 2 2 2 2 2 2 2 2 2 2 2 2 2 2 2 2 2 2
left_child=2 -2 -1 -3 -4 6 11 -8 10 -10 -9 -6 -13 16 15 -5 -12 19 -19 26 -20 -16 23 24 -22 -26 28 30 31 -23 -28 32 -7 37 35 -35 40 38 -33 -31 41 -36 -27 -30
right_child=1 3 4 14 5 17 7 8 9 -11 13 12 -14 -15 21 -17 -18 18 20 -21 22 29 -24 -25 25 42 27 -29 43 39 -32 33 -34 34 36 -37 -38 -39 -40 -41 -42 -43 -44 -45
leaf_value=0.012056309735333478 -0.0337641419172287 0.0082919064017810996 -0.0045581486324469253 -0.00053743850439786918 0.0017813457677968675 -0.0011616617277087201 0.013212910159883729 1.0150355531140138e-05 -0.0059012308905041343 5.6122544876955176e-05 0.0043460224258402985 -0.0046362655873720847 -0.00020425960279276802 0.001339204923629209 -0.0020077355010878475 0.003135666774156002 0.0073725875218709318 -0.0050498376032080093 0.0034330671777327852 0.0023593694857648902 0.00076481374084121643 0.00085824903439391746 0.0012513898739174088 -0.00097853955273565505 -0.0011569725081491738 -0.00017247938114451245 -0.00058630004159307913 0.0013895231698240554 -0.00097726030528646752 -2.0087805912933416e-05 0.00054882571528044844 0.00019798799622521707 4.7150041813784769e-05 -0.0010784607994193923 -0.00036471902284337335 0.00024192274315282703 0.00060270184495796761 -0.00013608290317157905 0.0014434870520199183 -0.00091314367656768463 0.00045426706080896816 1.902378723163208e-05 0.0004275390282547211 -0.00034082197047233048
leaf_weight=13.499999999999998 20 21 27 30 36 52.5 41.5 51 46.5 54 30 36 36 27 21 39 24 39 11.999999999999998 55.5 54 33 24 57 39 120 42 42 73.5 54 48 33 105 36 124.5 21 48 30 24 27 57 591 51 55.5
leaf_count=9 20 21 27 30 36 21 22 36 21 24 30 36 36 21 21 39 15 33 6 24 30 33 12 39 30 99 21 21 33 54 24 33 42 36 63 21 33 30 24 27 24 279 51 27
internal_value=2.95629e-11 -0.00177373 0.000192541 0.00106986 0.000121152 0.000178152 0.00133725 0.00226627 0.000312354 -0.00270026 0.00260605 -0.00101973 -0.00242026 0.00424051 0.000326412 0.00153866 0.00569116 -6.32068e-05 -0.000465165 4.74469e-05 3.56818e-05 -0.000293184 -8.24882e-05 -0.000182217 -1.02842e-05 -0.000209595 -4.53309e-05 0.000455144 -9.81388e-05 2.26544e-05 1.91004e-05 -2.8545e-05 -0.000355787 2.48927e-05 -1.49125e-05 -0.000592004 2.51779e-05 0.000426377 0.000722409 -0.000317773 -1.07071e-05 -4.77491e-05 6.47348e-06 -0.000703444
internal_weight=2502 245 2257 225 2243.5 2216.5 382 274 232.5 100.5 132 108 72 81 204 69 54 1834.5 396 1438.5 357 135 345 321 264 210 1383 132 1251 114 90 1122 157.5 964.5 877.5 57 820.5 87 57 81 772.5 715.5 171 129
internal_count=1614 245 1369 225 1360 1333 277 169 147 45 102 108 72 66 204 69 45 1056 300 756 267 135 261 249 210 180 732 66 666 114 45 606 63 543 456 57 399 87 57 81 366 342 150 60
is_linear=0
shrinkage=0.08


Tree=128
num_leaves=45
num_cat=0
split_feature=37 34 16 1 37 34 36 35 10 14 34 4 14 1 36 14 13 36 25 17 0 0 14 8 36 31 32 16 37 10 0 34 33 36 34 33 36 33 34 0 10 3 37 31
split_gain=0.115512 2.38828 0.867446 0.29019 0.192489 0.180193 1.78226 1.22662 0.154179 0.0846265 0.0618297 0.0501822 0.0195718 0.102766 0.0385525 0.139541 0.00812362 0.0252755 0.0127666 0.0124014 0.0221795 0.0127322 0.00734691 0.00599233 0.00469041 0.0306796 0.0122999 0.019426 0.00613996 0.00512243 0.00504644 0.0072292 0.00737604 0.00416953 0.00352583 0.00288683 0.0121193 0.00265908 0.00334952 0.00229484 0.00219817 0.0027433 0.00215387 0.00182625
threshold=11.525 1.0000000180025095e-35 9.0399996042251605 11.965000152587892 1.1449999809265139 1.0000000180025095e-35 1.5000000000000002 1.5000000000000002 9.9450000000000021 9.6300000000000008 121.60000000000001 17.955000000000002 8.490000000000002 16.485000000000003 2.5000000000000004 9.4050000000000029 7.8950000000000005 2.5000000000000004 7.5000000000000009 2.3000000000000003 14.310000000000002 13.645000000000001 7.7750000000000012 9.8850000000000033 2.5000000000000004 1.0000000180025095e-35 1.0000000180025095e-35 7.1300000000000008 3.0300000000000007 9.9200000000000017 14.200000000000001 2.9000000000000021 0.50000000000000011 1.5000000000000002 26.100000000000005 0.3000000000000001 1.5000000000000002 1.7000000000000004 2.9000000000000021 16.575000000000003 4.0150000000000015 14.950000000000001 4.1950000000000012 0.3000000000000001
decision_type=2 2 2 2 2 2 2 2 2 2 2 2 2 2 2 2 2 2 2 2 2 2 2 2 2 2 2 2 2 2 2 2 2 2 2 2 2 2 2 2 2 2 2 2
left_child=3 2 -2 -1 -5 6 -6 -8 9 10 12 24 16 -14 15 33 19 18 -18 21 -21 -3 23 43 26 -26 27 -7 -28 35 -27 -32 -33 -15 -34 36 -30 39 -39 -37 -36 -42 -40 -23
right_child=1 8 -4 4 5 11 7 -9 -10 -11 -12 -13 13 14 -16 -17 17 -19 -20 20 -22 22 -24 -25 25 30 28 -29 29 -31 31 32 34 -35 40 37 -38 38 42 -41 41 -43 -44 -45
leaf_value=0.0064614732392753163 -0.030572341879208886 0.0025029738537878511 -0.0083083984317878883 -0.011511453224553004 -0.011645027914959374 -0.0020186199152980137 0.0017632212195741505 0.023830323981923619 -0.0055052941796128393 0.0044356232152010008 0.0044001401743541165 0.0026595256676276526 0.0061944730783857049 -0.0012401967283545269 -0.0016472491116716506 0.0064123424779002867 -0.0029648592915119871 0.0011868323608567673 -0.00054904753791301382 -0.0027848751355139985 2.8223510324288677e-05 -5.998881533741951e-06 0.0016834895836100692 -0.00089601340486357612 0.0019441683788638598 -0.0010612653430240851 0.0011089972513062614 0.00021858637808295695 -0.0012070067219939384 -0.0010290480152859043 0.0026584905849841352 0.00081495567015171496 -0.00065949469049285338 -2.2617131018907661e-05 -0.0013496518391184508 0.00012681459847452314 0.00037478022495164505 -0.00160393582450019 -0.00086732046946417542 0.00085796620127641496 0.00098186398144153994 -6.2372740432665923e-05 -2.4062499456349672e-05 0.00093027130669603747
leaf_weight=48 21 21 24 8.9999999999999982 33 54 38 28 27 36 24 45 21 36 48 24 28 28 28 21 123 24 21 30 54.5 30 28 46 62 36 6.4999999999999991 58 71.5 36 7.9999999999999991 116 62 8.9999999999999982 20 36 17 304.5 631 30
leaf_count=39 21 21 24 9 27 24 32 22 21 36 21 18 21 27 36 18 24 22 20 21 123 24 21 30 32 30 28 36 37 16 4 32 34 27 8 70 37 4 20 16 16 137 298 30
internal_value=-7.74625e-12 -0.000916584 -0.0186982 0.000322364 0.000158927 0.000217474 0.00353501 0.011125 0.000403835 0.000679391 0.000430359 2.37069e-05 0.000246785 0.000966369 0.000203937 0.00112953 -8.86143e-05 -0.000775691 -0.00175695 0.000125143 -0.00038202 0.000704758 0.000345115 1.0521e-05 -4.8179e-05 0.000142573 -0.000143555 -0.000989505 -5.89598e-05 -9.26047e-05 -5.55847e-05 9.22819e-06 -2.82886e-05 -0.000631407 -0.000150254 -5.65876e-05 -0.000416113 -1.68472e-06 -7.11595e-05 0.000299982 -3.97512e-05 -7.15649e-06 -4.9969e-05 0.000514151
internal_weight=2502 651 45 1851 1803 1794 99 66 606 579 543 1695 519 165 144 96 354 84 56 270 144 126 105 84 1650 550 1100 100 1000 972 495.5 465.5 459 72 401 936 124 812 660 152 329.5 321.5 651 54
internal_count=1614 588 45 1026 987 978 81 54 543 522 486 897 465 129 108 72 336 66 44 270 144 126 105 84 879 293 586 60 526 498 261 231 227 54 195 482 74 408 322 86 161 153 318 54
is_linear=0
shrinkage=0.08


Tree=129
num_leaves=45
num_cat=0
split_feature=15 15 36 16 16 1 1 19 16 2 35 32 3 15 35 15 35 32 15 16 32 35 3 36 34 0 0 30 34 0 33 10 32 0 35 33 16 36 33 16 25 36 12 15
split_gain=0.0930633 2.30837 0.778134 6.50895 4.68763 5.78549 4.85674 1.39279 0.699247 0.532541 0.30401 0.30274 0.112101 0.102516 0.0911271 0.0609179 0.0420188 0.0367 0.0325834 0.0287122 0.0136102 0.0124127 0.102903 0.0552242 9.71281 0.389984 0.650612 0.0431948 0.0243304 0.0132555 0.00845463 0.00837859 0.00664616 0.00650761 0.00635851 0.00627678 0.00528208 0.00604645 0.00510738 0.00804972 0.0183293 0.00501847 0.00379708 0.00254517
threshold=1.9073076923076921 1.9399999999999999 2.5000000000000004 6.6350000000000016 6.6350000000000016 16.425000000000004 11.965000152587892 0.90000000000000013 9.0399999618530291 11.97499990463257 1.0000000180025095e-35 1.5000000000000002 11.984999656677248 1.7800000452995304 1.5000000000000002 0.65499999999999947 1.0000000180025095e-35 0.3000000000000001 1.2450000000000001 6.8350000000000017 3.1000000000000005 1.0000000180025095e-35 11.954999923706056 1.5000000000000002 0.80000000000000016 14.390000000000002 14.055000000000001 1.0000000180025095e-35 119.60000000000004 17.795000000000005 1.0000000180025095e-35 2.9750000000000005 3.9000000000000004 17.680000000000003 1.5000000000000002 0.3000000000000001 7.6750000000000016 1.5000000000000002 1.0000000180025095e-35 6.0950000000000015 2.3000000000000003 1.5000000000000002 7.4050000000000011 2.2150000000000003
decision_type=2 2 2 2 2 2 2 2 2 2 2 2 2 2 2 2 2 2 2 2 2 2 2 2 2 2 2 2 2 2 2 2 2 2 2 2 2 2 2 2 2 2 2 2
left_child=2 -2 4 -4 5 -1 -6 8 10 -8 11 -5 -11 16 15 -12 17 -14 20 -16 -19 27 -23 24 -24 26 -25 -3 38 31 -27 -26 35 42 -35 -18 37 -37 -29 40 -40 -34 -32 -44
right_child=1 21 3 7 6 -7 9 -9 -10 12 14 -13 13 -15 19 -17 32 18 -20 -21 -22 22 23 25 29 30 -28 28 -30 -31 33 -33 41 34 -36 36 -38 -39 39 -41 -42 -43 43 -45
leaf_value=0.042563157019677098 -0.026110586720434103 0.0039369182661175726 -0.030791774958372119 0.014898449145257474 -0.045509825547536215 0.0021284784754230218 0.014180600278907352 0.018325705617666246 -0.011382572105775278 0.0055138854558269184 0.0046876881319497313 0.0011456168119219087 0.0047583850352093575 -0.0046167690777219831 4.2491957654847821e-05 0.00011755221337080003 -0.0011197101090463901 0.0010235629518601029 0.0030476458703300787 -0.0027729679790197636 -0.0017312040690255041 -0.0075006903335452079 0.17656866073608399 -0.018446159952087329 0.0029903869579235715 0.0017588154568026462 -0.00045003996980893943 0.0011896851990327595 0.0028120399987147677 -0.0012372924142428452 0.00012174843675702027 -2.6341125606161703e-05 0.00082003216197093335 0.0010792893508914858 9.4618138391524563e-06 0.00064659666565675578 -0.00087939238939434283 -0.00046177375429709046 -0.0028259538663994699 0.00012769928227712894 0.00014803291401929326 -0.00021466953943793975 -0.00079493778757750995 -0.00019490940083395338
leaf_weight=38.5 22 21 45 20 14.999999999999998 55 18 30 30 24 35 21 20 30 42.5 40 62 22 28 51 24 11.999999999999998 1.9999999999999989 20 5.9999999999999991 18 36 21 21 63 247 328 60 64 80 63 50 63 21 204 36 60 54 279
leaf_count=22 16 21 25 20 12 30 18 30 30 24 18 21 20 30 17 23 32 22 28 24 24 12 2 20 6 8 36 21 21 28 148 176 30 32 32 28 40 28 21 204 36 30 24 124
internal_value=-2.56669e-11 -0.000380755 0.00062521 -0.00262688 0.00224226 0.0187781 -0.000626199 0.00207598 4.0524e-05 0.000658638 0.00167629 0.00785432 0.000177619 -8.80868e-05 0.000173031 0.00225028 0.000212489 0.00171778 0.000895994 -0.00149321 -0.000413707 -1.15073e-05 -0.000129352 -5.54542e-05 0.000713008 -0.000439685 -0.00687723 0.000428229 0.000185053 -0.000172914 4.61666e-05 2.78516e-05 -0.000182754 3.58697e-06 0.000484941 -0.000427512 -0.000183669 9.24115e-05 -1.05738e-05 -0.000107146 -0.000947646 0.000302681 -0.000115922 -0.000292211
internal_weight=2502 1555 947 314.5 632.5 93.5 539 269.5 239.5 524 209.5 41 506 482 168.5 75 452 94 74 93.5 46 1533 1209 1197 399 798 56 324 303 397 742 334 358 724 144 238 176 126 282 261 57 120 580 333
internal_count=1614 988 626 208 418 52 366 183 153 354 123 41 336 312 82 41 282 94 74 41 46 972 648 636 212 424 56 324 303 210 368 182 188 360 64 128 96 56 282 261 57 60 296 148
is_linear=0
shrinkage=0.08


Tree=130
num_leaves=45
num_cat=0
split_feature=37 4 35 0 16 22 1 30 10 0 34 37 16 7 3 0 34 30 37 16 4 17 0 16 34 34 28 4 37 12 34 0 17 32 34 29 18 37 18 21 37 30 35 17
split_gain=0.132532 3.49052 0.252192 4.58064 2.50067 0.289995 0.443608 0.156838 0.131241 0.574005 0.144014 0.503899 1.4334 0.0760665 0.0501783 0.0133646 0.0120779 0.0161377 0.0103789 0.0754843 0.0602443 0.00906318 0.013123 0.00414081 0.00389387 0.00378681 0.00375601 0.00314812 0.00284901 0.020644 0.00734074 0.0250919 0.00519454 0.00417199 0.00423628 0.00351375 0.00626909 0.00279943 0.00288414 0.00281697 0.00286767 0.00222314 0.00204181 0.00185833
threshold=16.425000000000004 16.455000000000002 1.0000000180025095e-35 8.3270000000000017 6.1050000000000013 1.0000000180025095e-35 12.720000000000001 0.3000000000000001 1.1449999809265139 11.954999923706056 0.80000000000000016 7.9350000000000014 9.0199997472763087 2.9450000524520878 11.984999656677248 16.495000000000001 16.900000000000009 2.1000000000000005 11.470000000000001 5.9461538461538463 17.955000000000002 11.800000000000002 13.485000000000001 6.785000000000001 86.000000000000014 1.9000000000000006 47.800000000000004 17.860000000000003 8.0900000000000016 7.8950000000000005 12.000000000000004 16.685000000000006 1.1000000000000003 0.50000000000000011 119.60000000000004 2.5000000000000004 1.1000000000000003 7.5750000000000002 21.000000000000004 11.500000000000002 4.0150000000000015 9.9000000000000004 1.5000000000000002 0.50000000000000011
decision_type=2 2 2 2 2 2 2 2 2 2 2 2 2 2 2 2 2 2 2 2 2 2 2 2 2 2 2 2 2 2 2 2 2 2 2 2 2 2 2 2 2 2 2 2
left_child=2 -2 4 -4 -1 14 -7 -3 -5 -10 11 12 -11 -14 -6 -9 17 -17 20 -20 25 22 -8 24 -18 -12 -21 28 29 32 31 -30 35 -32 41 36 -27 38 39 40 -34 43 -33 -35
right_child=1 7 3 8 5 6 21 15 9 10 18 -13 13 -15 -16 16 23 -19 19 26 -22 -23 -24 -25 -26 27 -28 -29 30 -31 33 42 37 34 -36 -37 -38 -39 -40 -41 -42 -43 -44 -45
leaf_value=0.027124894820153712 -0.033795088201761248 0.0071921736995379125 -0.052832228342692064 -0.005101608864963054 0.0089869316046852395 -0.012051776668855124 0.0022868543960863634 0.0022596969100691024 0.024936320781707766 0.023924837154011395 0.0007736889986942212 -0.0061100464207785466 0.0028569802393515905 -0.0031855302304029465 0.0035197771272876045 -0.00025323898664542609 0.0001670365259413605 0.0028830460583170255 -0.0032258370025859523 0.0012860179231280373 0.0029293234480751887 -0.00093743712298022827 0.00014614469136480087 -0.0012688451455462547 -0.0010355833109601266 -0.00030242085108650967 0.00021611649875662159 -0.00068402809636535671 0.0020136781460057727 -0.0018189147180981105 -0.00082452913339453181 -0.00037472063188695096 0.00053518996967209711 4.780596239843788e-05 -0.00076710790354344585 -4.7066363126591404e-05 -0.0017886676508243437 0.00046476157954915867 -0.00075640829838812343 0.00067279040148215637 -0.00017541013549638804 0.00030725802918535469 0.00022226215853835598 -0.00030271479081200213
leaf_weight=24 20 24 10.499999999999998 30 21 21 21 21 5.9999999999999991 21.5 36 28 24 30 22 21 96 21 48 42 45 39 144 21 21 55.5 42 49.5 51 45 43.5 66 45 363 45 81 27 106.5 30 42 189 148.5 82.5 132
leaf_count=24 20 24 6 30 21 21 21 21 6 14 36 13 24 30 22 21 96 21 24 21 18 39 144 21 21 51 21 21 24 18 21 33 45 162 21 36 18 45 30 33 108 69 33 66
internal_value=1.84712e-11 -0.00176721 0.000191833 -0.000134154 0.00238555 0.000170082 -0.000980349 0.00107971 0.000148952 0.0002308 0.000153535 0.00305608 0.00645544 -0.00049997 0.00618978 0.000349861 0.000127047 0.0013149 -1.19821e-05 -0.00069508 4.15941e-05 0.000159357 0.000418599 -0.000234475 -4.88183e-05 -3.77391e-05 0.000751067 -5.59734e-05 -3.59485e-05 -0.000168678 5.25376e-05 0.00048272 -3.97529e-05 -6.47047e-05 -1.66984e-05 -0.00042135 -0.000788829 0.000111498 -1.1451e-05 6.95226e-05 -3.87563e-05 3.57778e-05 -4.30635e-05 -4.56662e-05
internal_weight=2502 245 2257 1965 292 268 225 225 1954.5 1924.5 1918.5 103.5 75.5 54 43 201 180 42 1815 132 1683 204 165 138 117 1638 84 1602 1552.5 621 931.5 199.5 576 732 688.5 163.5 82.5 412.5 306 276 234 643.5 148.5 495
internal_count=1614 245 1369 1077 292 268 225 225 1071 1041 1035 81 68 54 43 201 180 42 954 66 888 204 165 138 117 870 42 834 813 384 429 90 366 339 318 105 69 261 216 186 153 297 66 228
is_linear=0
shrinkage=0.08


Tree=131
num_leaves=45
num_cat=0
split_feature=37 37 15 32 4 34 36 15 15 15 5 36 31 16 37 15 18 4 36 9 31 1 16 15 37 33 36 31 32 16 1 15 37 37 4 37 32 33 36 10 6 33 37 16
split_gain=0.112175 3.18237 0.293207 0.098087 0.121552 0.0957793 0.533797 2.73021 1.35872 2.74702 0.229711 1.03621 0.0146457 0.0366656 0.0130491 0.0819855 0.107876 0.0507238 0.0314707 0.242293 0.171406 0.225271 0.0194673 0.00910289 0.00824849 0.00811401 0.00511898 0.045204 0.0197742 0.0362958 0.0145817 0.00605245 0.00595422 0.00537329 0.00511153 0.00337165 0.00604348 0.00399727 0.0145823 0.00288216 0.00370579 0.00280028 0.00473303 0.00255293
threshold=16.425000000000004 16.465000000000003 -0.59100000000000052 0.50000000000000011 16.525000000000002 0.80000000000000016 1.5000000000000002 1.7950000762939455 1.9073076923076921 1.7861538866850044 2.935000061988831 2.5000000000000004 1.3 7.0650000000000013 11.035000000000002 1.78 2.1000000000000005 17.955000000000002 1.5000000000000002 11.893461538461539 0.70000000000000007 15.935000000000002 6.0850000000000017 -0.1650000000000009 15.995000000000003 2.5000000000000004 2.5000000000000004 1.0000000180025095e-35 1.0000000180025095e-35 6.8350000000000017 14.110000000000001 -0.15000000000000033 3.0300000000000007 9.3250000000000011 16.185000000000006 9.9450000000000021 3.5000000000000004 0.3000000000000001 1.5000000000000002 8.5500000000000025 11.974615384615387 0.50000000000000011 4.1100000000000003 6.0950000000000015
decision_type=2 2 2 2 2 2 2 2 2 2 2 2 2 2 2 2 2 2 2 2 2 2 2 2 2 2 2 2 2 2 2 2 2 2 2 2 2 2 2 2 2 2 2 2
left_child=2 -2 -1 -3 -5 6 7 -4 9 10 11 -8 -6 25 17 16 -16 23 19 24 21 -20 -22 -7 -17 -14 28 -28 29 -25 -29 -32 -30 -31 -24 37 -37 38 -34 -27 -41 -33 -43 -39
right_child=1 3 5 4 12 14 8 -9 -10 -11 -12 -13 13 -15 15 18 -18 -19 20 -21 22 -23 34 26 -26 39 27 30 32 33 31 41 35 -35 -36 36 -38 43 -40 40 -42 42 -44 -45
leaf_value=0.011931085939760562 -0.032207334823906419 0.0059264095577721797 -0.004130849959545357 0.0062750242455374625 0.0013664086366241628 -0.0014850578125980166 -0.014186438889730544 0.030263172871536678 0.012819529925331925 -0.028499169796705248 0.0076845971141990864 0.010945120145167624 0.0014527864638893379 -0.0035933572506265982 -0.0069099110309724454 -0.00019020775206776816 0.00073515478078098524 0.0026949775815010069 -6.2314069901521393e-05 0.009051586672663689 0.0015704807193216051 -0.01135558824427426 0.00026406611338080396 -0.0032080736197531226 -0.0019116793419031994 0.00016145608223536436 0.0023813953257481989 -0.0018944617742314362 0.001154348657333425 0.00078778378007098515 0.0029741044176949394 0.00055593306165154985 -0.0014974761517861715 -0.00072719228003294235 -0.00077081928766953452 0.0011545968071625728 -6.219009842930568e-05 -0.00042968084345407345 0.00039711628700248323 -0.0012058290208435873 0.00015361229246038766 -0.001977663894649595 -1.1007083486140576e-05 3.8020097894946346e-05
leaf_weight=13.499999999999998 20 24 43 21 33 27 21 22.5 33 25.5 28.5 21 21 21 27 79 21 45 26 20 66 20 84 36 23 51 54.5 26 28 29 4.4999999999999991 55.5 52 31 48 41 72 85 52 33 21 7.9999999999999991 372.5 616
leaf_count=9 20 24 39 21 33 12 21 19 28 22 22 21 21 21 24 60 21 18 26 10 34 16 84 16 23 51 32 26 28 26 2 32 32 14 26 20 36 34 32 33 21 8 178 318
internal_value=-3.64592e-12 -0.00162584 0.000176487 0.00109252 0.000515337 0.000105755 0.00180233 0.00768389 -0.00118404 -0.00599777 0.00214104 -0.00162066 -0.000156626 -0.000498532 -5.5292e-05 -0.000456499 -0.00356519 4.6298e-05 -4.88013e-05 0.0010003 -0.000573352 -0.00497243 0.000448656 -2.86646e-05 -0.000578383 1.7272e-05 -3.5062e-06 0.000201241 -0.00010588 -0.00119987 -5.34613e-05 5.52016e-05 5.13884e-06 5.04615e-06 -0.000112256 -2.99133e-05 0.000379299 -8.73555e-05 -0.00055018 -0.000269831 -0.000677157 2.50753e-05 -5.2356e-05 -1.86911e-05
internal_weight=2502 245 2257 225 201 2243.5 194.5 65.5 129 96 70.5 42 180 147 2049 414 48 1635 366 122 244 46 198 1590 102 126 1563 521 1042 96 466.5 440.5 946 60 132 918 113 805 104 105 54 436 380.5 701
internal_count=1614 245 1369 225 201 1360 172 58 114 86 64 42 180 147 1188 324 45 864 279 93 186 42 144 846 83 126 834 278 556 56 246 220 500 40 110 472 56 416 64 105 54 218 186 352
is_linear=0
shrinkage=0.08


Tree=132
num_leaves=45
num_cat=0
split_feature=37 34 0 14 35 5 19 4 8 36 36 9 20 37 4 32 36 0 20 33 30 37 27 12 36 30 32 4 0 0 36 37 14 4 2 9 32 13 0 37 36 2 31 17
split_gain=0.0994445 1.61225 2.54335 1.00434 0.404093 2.41323 0.48634 2.09448 0.344722 0.266338 0.31764 0.201969 0.167829 0.086726 0.232959 0.100663 0.0313605 0.0531708 0.0306442 0.0126603 0.0128595 0.0118883 0.0576423 0.0475804 0.0269672 0.0540006 0.0338808 0.026122 0.01902 0.0235925 0.0182502 0.0342241 0.0278327 0.0261718 0.0109046 0.00693992 0.00678619 0.00674332 0.00571915 0.00434885 0.00413484 0.00524746 0.00405285 0.00525009
threshold=8.0050000000000008 1.0000000180025095e-35 16.415000000000003 7.9050000000000011 1.5000000000000002 6.4620000000000006 1.0000000180025095e-35 11.97499990463257 2.9450000524520878 1.5000000000000002 2.5000000000000004 2.9450000524520878 1.0000000180025095e-35 16.425000000000004 16.505000000000006 0.70000000000000007 2.5000000000000004 12.915000000000001 0.3000000000000001 0.70000000000000007 1.9000000000000001 10.875000000000002 11.900000000000002 9.8000000000000025 2.5000000000000004 0.50000000000000011 1.0000000180025095e-35 17.845000000000002 12.820000000000002 12.915000000000001 2.5000000000000004 16.140000000000004 7.7750000000000012 16.165000000000003 17.935000000000006 10.010000000000002 5.7000000000000002 7.6750000000000007 13.835000000000003 9.7850000000000019 1.5000000000000002 16.590000000000003 8.4000000000000004 11.800000000000002
decision_type=2 2 2 2 2 2 2 2 2 2 2 2 2 2 2 2 2 2 2 2 2 2 2 2 2 2 2 2 2 2 2 2 2 2 2 2 2 2 2 2 2 2 2 2
left_child=3 2 8 4 5 11 7 -6 -2 -9 -11 -1 -8 21 -15 -16 17 -13 -18 -17 -21 22 24 28 26 -26 -3 35 -23 -30 31 34 -32 -33 42 39 -37 -14 -19 -28 41 -41 43 -31
right_child=1 13 -4 -5 6 -7 12 9 -10 10 -12 16 37 14 15 19 18 38 -20 20 -22 23 -24 -25 25 -27 27 -29 29 30 32 33 -34 -35 -36 36 -38 -39 -40 40 -42 -43 -44 -45
leaf_value=-0.0078481127197543785 -0.0063302263727894534 -0.0021214400204799832 -0.030357920301371608 0.014519144719036725 -0.026570994531114899 0.021975220036175518 0.0049446148661275707 -0.0061074765410739926 0.0073361640742846904 0.0084672351666813493 -0.0028046786022605376 0.0046648121904581787 -6.2573746085327903e-05 0.0081862024118502935 0.0045127182997142272 -0.0019719899798344288 -0.0037661242050429184 -0.0010457664809170335 0.00060941098956391216 0.0015226056477562946 -0.00025589924349214851 -0.0046672880649566654 0.0026821562828762192 -0.0038626166184743244 0.0026784439426997017 3.82490193264352e-05 0.00010481712175533175 -0.0019340148901877306 0.0069383551677068079 0.00049011837570639004 -0.00035138178887427786 -0.00075695759817873218 0.0020260497777221296 -0.004755532424896956 -0.0016465553524903954 0.0010137274956277169 -1.7865807263201082e-05 -0.00094153207292159403 0.00053167838333664764 -0.00028804656971866886 -7.6466723694466058e-05 -0.0015287140519358218 -0.00053170528445791994 -0.00085782818136398084
leaf_weight=24 27 62 29 32.5 24 36 45 32 21 32 32 20 324 30 36 21 21 24 20 33 123 5.9999999999999991 52.5 24 62 247.5 168 48 2.9999999999999991 116 80 22 52 20 28 74 91 67.5 38 48 88 40 56 22
leaf_count=24 27 28 17 13 15 33 27 26 21 26 26 20 189 30 36 21 21 24 20 33 123 6 21 12 28 113 72 20 3 92 71 22 33 20 14 34 40 27 38 24 44 20 38 22
internal_value=1.14584e-11 -0.000336917 -0.0116524 0.000755007 0.000150093 0.00341123 -0.000922302 -0.00543284 -0.000351181 -0.000148307 0.00283128 -0.00113506 0.00031771 0.000190182 0.00158602 0.000656415 0.000174807 0.00107807 -0.00163172 -0.000127918 0.000120323 -5.03772e-05 0.000103238 -0.000401652 -4.25809e-05 0.000567141 -0.000347442 -0.000149977 -0.000196558 -0.000129329 -0.000182872 -0.000566899 0.000585182 -0.00266104 -0.00017071 1.82622e-05 0.000444788 -0.000214118 -7.89454e-05 -0.000186321 -0.000464227 -0.000851986 4.2299e-05 0.000275228
internal_weight=2502 1730 77 772 739.5 183 556.5 120 48 96 64 147 436.5 1653 243 213 123 82 41 177 156 1410 981 429 928.5 309.5 619 557 405 399 396 264 132 42 222 509 165 391.5 62 344 176 88 194 138
internal_count=1614 1085 65 529 516 180 336 93 48 78 52 147 243 1020 243 213 123 82 41 177 156 777 444 333 423 141 282 254 321 315 312 208 104 42 166 234 74 216 62 160 88 44 152 114
is_linear=0
shrinkage=0.08


Tree=133
num_leaves=45
num_cat=0
split_feature=15 15 36 16 16 3 9 19 16 2 0 3 15 37 29 37 37 7 37 16 33 36 2 37 33 15 35 19 33 36 37 16 23 15 37 37 2 4 15 33 35 7 27 27
split_gain=0.115599 2.10192 0.688609 5.26654 4.19289 5.31787 2.27844 1.19436 0.62665 0.5264 0.270734 0.0986253 0.0786312 0.0492295 0.0291726 0.0258331 0.0186849 0.068965 0.0193198 0.0654867 0.0238846 0.0256773 0.0945839 0.0134245 0.0130845 0.00563954 0.00542772 0.00473699 0.00588324 0.00572673 0.006951 0.00617166 0.00359352 0.00343546 0.00293715 0.00243906 0.00488795 0.00901804 0.00310278 0.00288073 0.00314521 0.00282623 0.00229161 0.00157472
threshold=1.9073076923076921 1.9399999999999999 2.5000000000000004 6.6350000000000016 6.6350000000000016 16.440000000000001 2.935000061988831 0.90000000000000013 9.0399999618530291 11.97499990463257 16.425000000000004 11.984999656677248 1.7800000452995304 16.425000000000004 0.50000000000000011 16.425000000000004 16.195000000000004 9.9550000000000018 3.3550000000000004 8.9150000000000009 1.0000000180025095e-35 2.5000000000000004 14.675500000000001 16.085000000000004 3.3000000000000003 2.0784615384615379 1.5000000000000002 0.90000000000000013 1.0000000180025095e-35 1.5000000000000002 9.7850000000000019 7.1000000000000005 8.7000000000000011 2.6250000000000004 4.1950000000000012 9.9050000000000029 16.195000000000004 16.155000000000005 2.2050000000000001 4.6000000000000005 1.5000000000000002 9.9550000000000018 14.400000000000002 6.6000000000000005
decision_type=2 2 2 2 2 2 2 2 2 2 2 2 2 2 2 2 2 2 2 2 2 2 2 2 2 2 2 2 2 2 2 2 2 2 2 2 2 2 2 2 2 2 2 2
left_child=2 -2 4 -4 5 -1 -6 8 10 -8 -5 -11 13 27 -15 26 18 -18 19 -3 21 22 -20 25 -16 -22 -12 28 -13 30 -30 -31 -19 35 -29 36 37 39 -37 -27 -41 -38 43 -35
right_child=1 16 3 7 6 -7 9 -9 -10 11 15 12 -14 14 24 -17 17 32 20 -21 23 -23 -24 -25 -26 33 -28 34 29 31 -32 -33 -34 42 -36 38 41 -39 -40 40 -42 -43 -44 -45
leaf_value=0.040660498095797255 -0.024976700977845625 -0.0051387372524255804 -0.02769715933667289 0.0098222758159455335 -0.023144821181065506 0.0018943093050779267 0.014137728313604991 0.01691547057343026 -0.010830965859194597 0.0052121424488723277 0.00062335075947510851 -0.0012042726886769136 -0.0040083443951637789 0.0047709026802331212 1.7986297108499069e-05 0.0025285078404361709 0.0047083650215063244 0.00029833445745659461 -0.0029296972010550756 0.00057600908376502264 -0.0012836940531377439 0.0033082111838918468 0.0039143922366201879 -0.001648303839043738 0.0026971228830516337 -2.0288623487338041e-06 -0.0003355649875696091 2.5211839767342263e-05 0.00082525228232364445 -3.4217180150468444e-05 -0.00027807495780760727 -0.0010850390860795733 -0.00065203385259438723 1.5686411743464273e-05 0.0013647379822796211 0.00047440632001349798 -0.00030548797945181529 -0.0014310756884515286 -0.00021528627380179479 -0.0012108790056986941 -0.00026936126123296053 0.00043115083950882155 -0.00055688753203822321 0.00042852484338261462
leaf_weight=38.5 22 21 45 22.5 27 55 18 30 30 24 68 36 30 20 28 34 24 87 28 33 27 26 24 39 20 97.5 85 22 68 85.5 79 61.5 36 477 20 57 75 60 156 36 61.5 60 40.5 67.5
leaf_count=22 16 21 25 21 24 30 18 30 30 24 34 16 30 20 28 34 24 87 28 33 12 21 14 39 20 72 34 22 32 38 40 34 36 246 20 39 33 24 102 30 39 24 18 30
internal_value=-2.31374e-11 -0.000424359 0.000696809 -0.00236249 0.00221799 0.0178569 -0.000494873 0.00186779 -1.70926e-05 0.000699558 0.00153143 0.000209908 -4.55252e-05 0.000224667 0.00220388 0.000533872 -7.20095e-05 0.000785596 -0.000162968 -0.00164639 -0.000102829 0.00125548 0.000229113 -0.000187317 0.00113429 -0.000140421 9.06198e-05 -0.000137125 -0.00023897 -0.00012077 0.000232308 -0.000473847 2.01779e-05 -0.000114438 0.000663081 -0.000248434 -0.000367339 -0.000573411 -3.07207e-05 -0.000309514 -0.000616999 2.19071e-05 2.36819e-05 6.68647e-05
internal_weight=2502 1555 947 314.5 632.5 93.5 539 269.5 239.5 512 209.5 494 470 440 68 187 1533 147 1386 54 1332 78 52 1254 48 1215 153 372 330 294 147 147 123 1188 42 603 390 255 213 195 97.5 135 585 544.5
internal_count=1614 988 626 208 418 52 366 183 153 342 123 324 300 270 68 102 972 147 825 54 771 63 42 708 48 669 68 202 160 144 72 72 123 657 42 363 222 165 141 141 69 57 294 276
is_linear=0
shrinkage=0.08


Tree=134
num_leaves=45
num_cat=0
split_feature=37 34 35 0 15 6 15 34 36 11 21 4 34 15 3 1 22 36 19 11 15 34 35 11 4 37 9 32 30 15 0 37 13 36 32 32 19 34 36 37 0 0 0 9
split_gain=0.117957 3.17446 0.228925 4.09798 2.76427 0.289964 0.366746 0.484774 0.36944 1.66832 0.843994 0.204446 0.1376 0.41798 0.430084 0.122868 0.116563 0.0490148 0.065473 0.0482257 0.0372689 0.0531727 0.0351052 0.0337778 0.0125926 0.0244907 0.0678895 0.0617467 0.0102009 0.00559022 0.00434971 0.00425295 0.0297832 0.0082002 0.0380963 0.0112081 0.00548913 0.00531029 0.00617789 0.005295 0.00484529 0.0041658 0.00393456 0.00292602
threshold=16.425000000000004 8.7000000000000046 1.0000000180025095e-35 8.3270000000000017 1.4150000000000003 2.935000061988831 1.8150000357627867 3.5000000000000004 1.5000000000000002 7.8200000000000012 0.50000000000000011 16.515000000000004 1.0000000180025095e-35 1.8150000357627867 11.97499990463257 11.984999656677248 1.1000000000000003 2.5000000000000004 3.3000000000000003 6.8050000000000006 0.29999999999999899 16.900000000000009 1.5000000000000002 6.2400000000000011 17.965000000000003 11.470000000000001 11.911538461538465 6.3000000000000016 1.7000000000000004 -0.1650000000000009 17.150000000000002 8.0900000000000016 7.8200000000000012 2.5000000000000004 0.3000000000000001 1.0000000180025095e-35 0.70000000000000007 21.500000000000007 2.5000000000000004 3.7450000000000006 14.485000000000001 14.005000000000001 14.820000000000002 10.010000000000002
decision_type=2 2 2 2 2 2 2 2 2 2 2 2 2 2 2 2 2 2 2 2 2 2 2 2 2 2 2 2 2 2 2 2 2 2 2 2 2 2 2 2 2 2 2 2
left_child=2 -2 4 -4 -1 -6 7 -7 10 16 -8 -3 13 14 -5 22 -10 18 -18 -12 -13 -22 -16 -19 25 26 29 -27 -23 -14 -30 32 36 35 -35 -33 41 38 39 -38 -39 -31 -42 -37
right_child=1 11 3 12 5 6 8 -9 9 -11 19 20 24 -15 15 -17 17 23 -20 -21 21 28 -24 -25 -26 27 -28 -29 30 31 -32 33 -34 34 -36 43 37 40 -40 -41 42 -43 -44 -45
leaf_value=0.030232734438918888 -0.032210646493360404 0.0068645274410532274 -0.049974055517287487 0.0078833979891057612 -0.0089246905071749573 0.016638518810272215 0.017016551203348419 0.00055915258141855397 0.0063053182698786263 -0.023801758282241368 0.00023935828069224956 -0.0031325390964879523 -0.0012301925597367463 0.0094611634472385048 0.0009834405158956846 -0.0086035126974077329 -0.005721075817942619 -0.00048807327053509655 0.00036725832615047693 -0.0050311286646174272 0.0042088624043390152 0.0015458752123993778 -0.0036422995788355666 0.0038849614376667884 0.0010286669422079017 -0.0036404837468372924 0.0033544700583598265 0.00035893189037839574 -0.0011993090069542329 0.00094975275453180075 -9.9703629696732885e-05 -0.0011955497065853132 -0.0016462287211960012 0.0025725958401058941 1.7840380127680803e-05 -0.00016263206559774833 0.00062464850721880797 0.00093648884507517018 -0.001743127282846857 -0.00096959159368028257 -0.00091455676010809839 8.509107550517434e-05 -2.505554656459117e-05 0.00021358281858590279
leaf_weight=21 20 33 10.499999999999998 28.5 21 20 22 30 20 21 25 21 27 40 21 23 20 26 26 20 21 21 21 20 67.5 42 37.5 60 30 54 99 57 82.5 43.5 264.5 344 24 30 27 30 36 105 274.5 215
leaf_count=21 20 33 6 24 21 20 22 30 20 21 25 21 12 28 21 17 20 26 26 20 21 21 21 20 30 21 15 30 30 54 99 26 33 20 122 160 24 30 24 24 36 69 132 98
internal_value=-3.48106e-11 -0.00166721 0.000180978 -0.000129607 0.00227105 0.000104273 0.000862706 0.0069909 -0.000669343 -0.00310973 0.00417501 0.00104776 0.000138168 0.00261728 -0.000310588 -0.00390334 0.000770026 -0.000433299 -0.00227984 -0.00210308 4.80012e-05 0.000438594 -0.00132943 0.00141325 -4.35789e-05 -8.48544e-05 -1.05527e-05 -0.00128789 -8.92437e-05 -8.87363e-05 -0.000355426 -6.93164e-05 -0.000223922 4.16182e-05 0.000378658 -0.000126902 -2.17856e-05 -0.000172877 -0.000755069 -0.00026104 -3.43822e-05 0.00037875 -0.000128186 -1.7934e-05
internal_weight=2502 245 2257 1965 292 271 250 50 200 133 67 225 1954.5 133.5 93.5 65 112 92 46 45 192 171 42 46 1821 1753.5 1651.5 102 150 1614 129 1587 663 924 308 616 580.5 421.5 81 54 340.5 159 310.5 559
internal_count=1614 245 1369 1077 292 271 250 50 200 133 67 225 1071 111 83 59 112 92 46 45 192 171 42 46 960 930 879 51 150 864 129 852 426 426 142 284 393 270 72 48 198 123 168 258
is_linear=0
shrinkage=0.08


Tree=135
num_leaves=45
num_cat=0
split_feature=15 15 36 16 16 1 1 19 16 2 35 32 37 9 15 35 37 15 31 29 31 0 37 5 2 37 15 0 36 0 37 29 29 32 5 36 37 16 9 33 29 31 24 23
split_gain=0.10013 1.81184 0.589359 4.38478 3.63622 4.6583 3.96548 0.974301 0.538743 0.440469 0.253506 0.220034 0.0876725 0.131782 0.124436 0.0737204 0.0587374 0.0418451 0.032462 0.0289808 0.0194762 0.0172481 0.0124982 0.0622038 0.00616773 0.00524917 0.00452504 0.0066885 0.00751144 0.00475001 0.00382455 0.00536318 0.0062335 0.00376264 0.00281814 0.00482806 0.00832291 0.00512884 0.00288263 0.00287013 0.00254718 0.00206632 0.00203537 0.00217169
threshold=1.9073076923076921 1.9399999999999999 2.5000000000000004 6.6350000000000016 6.6350000000000016 16.425000000000004 11.965000152587892 0.90000000000000013 9.0399999618530291 11.97499990463257 1.0000000180025095e-35 1.5000000000000002 2.935000061988831 2.9650000333786015 1.78 1.5000000000000002 16.425000000000004 0.65499999999999947 1.5000000000000002 0.50000000000000011 2.5000000000000004 13.835000000000003 16.165000000000003 9.9350000000000005 16.195000000000004 2.94500002861023 2.1615384615384623 16.155000000000005 2.5000000000000004 14.055000000000001 9.6700000000000017 1.0000000180025095e-35 0.70000000000000007 2.1000000000000005 10.105000000000002 1.5000000000000002 11.655000000000001 6.0700000000000012 10.105000000000002 2.8000000000000003 12.100000000000001 6.3000000000000016 1.1000000000000003 8.7000000000000011
decision_type=2 2 2 2 2 2 2 2 2 2 2 2 2 2 2 2 2 2 2 2 2 2 2 2 2 2 2 2 2 2 2 2 2 2 2 2 2 2 2 2 2 2 2 2
left_child=2 -2 4 -4 5 -1 -6 8 10 -8 11 -5 13 -11 16 17 30 -12 -17 -18 -21 -3 25 -24 -25 -23 27 28 29 -27 33 -32 -33 -14 38 37 39 -36 -28 -37 -41 -39 -26 -44
right_child=1 21 3 7 6 -7 9 -9 -10 12 15 -13 14 -15 -16 18 19 -19 -20 20 -22 22 23 24 42 26 34 -29 -30 -31 31 32 -34 -35 35 36 -38 41 -40 40 -42 -43 43 -45
leaf_value=0.037962231202559038 -0.023190201914191921 -0.0020719194246662988 -0.025298482033941482 0.013058512885123493 -0.041027332941691086 0.001679692993787202 0.012988037599457635 0.015269136856310071 -0.010050945951292911 0.0080664905550127675 0.0039273441244981116 0.0013338016000177181 -0.0002827962323267391 -0.00020746337582490276 -0.0049062211485579607 -0.0030579395024855245 0.0049803160689771177 0.000139615542255342 -6.9437469053082175e-05 0.0031075381716205316 -0.00012664961861446499 0.0032282500962416334 0.0046899523841039768 0.0010671233835940559 -0.00093071427473443607 0.0013039403442632069 -0.00013671161102353854 -0.0013821318779868642 -0.001254292677084987 -0.00024368932656943797 0.00036519361019600184 -0.0014210526961941532 -0.00028651017469127438 0.00051237834350425094 -0.00084393166595873479 0.00065576759643024864 0.0011546794014672438 0.0003806352405410865 -0.00080892819440227823 -0.00019656180952276503 0.0004037702327868978 -0.00034043082677655755 0.00020134361633664056 -0.00059349208145938594
leaf_weight=38.5 22 27 45 20 14.999999999999998 55 18 30 30 22 35 21 69 28 32 43.5 20 40 50 22 26 2.9999999999999991 21 30 21 22 664.5 43.5 26 30 48 43 111 85 64 45 54 58.5 43.5 175 61 45 66 33
leaf_count=22 16 27 25 20 12 30 18 30 30 22 18 21 36 28 32 21 20 23 20 22 26 3 21 30 21 22 426 21 26 30 28 22 60 40 29 20 28 26 21 76 26 20 66 33
internal_value=-1.25021e-11 -0.000394947 0.000648513 -0.00218174 0.00205581 0.0166196 -0.000470558 0.0016782 -2.42124e-05 0.000690419 0.0014116 0.00705317 0.000252954 0.00343308 -9.57438e-05 3.8869e-05 0.000267311 0.00190722 -0.00145981 0.00242175 0.00135569 -6.78131e-05 -3.18829e-05 0.000612053 4.11476e-05 -0.000114365 -0.000121893 -0.000587311 -0.000144046 0.000411077 -0.000144212 -0.000373161 -0.000603298 0.000156099 -7.51782e-05 6.97115e-05 0.000245056 -0.000280978 -0.000178013 7.02534e-05 -4.13912e-05 6.71283e-05 -0.000215346 -6.36016e-05
internal_weight=2502 1555 947 314.5 632.5 93.5 539 269.5 239.5 524 209.5 41 506 50 456 168.5 424 75 93.5 68 48 1533 1506 171 150 1335 1332 121.5 78 52 356 202 154 154 1210.5 502.5 335 167.5 708 281 236 103.5 120 99
internal_count=1614 988 626 208 418 52 366 183 153 354 123 41 336 50 286 82 254 41 41 68 48 972 945 171 150 774 771 99 78 52 186 110 82 76 672 225 150 75 447 122 102 46 120 99
is_linear=0
shrinkage=0.08


Tree=136
num_leaves=45
num_cat=0
split_feature=15 15 36 16 16 1 1 18 3 3 35 3 32 36 15 35 16 32 0 34 35 32 16 36 3 16 16 16 33 35 36 32 31 35 15 32 35 13 36 18 15 20 13 35
split_gain=0.0847501 1.53354 0.498833 3.71128 3.0777 3.94278 3.35638 1.38534 9.02367 0.356197 0.234212 0.387108 0.206984 0.165882 0.0672079 0.0266534 0.0445603 0.0302739 0.0145988 0.00902226 0.00949672 0.00523883 0.00453953 0.00420317 0.0124414 0.00663671 0.0087845 0.00635361 0.00418098 0.0040324 0.00382951 0.00804492 0.00466393 0.00343531 0.0153302 0.0105436 0.00305653 0.00797146 0.00751291 0.00439667 0.00400453 0.00245444 0.0022865 0.00195263
threshold=1.9073076923076921 1.9399999999999999 2.5000000000000004 6.6350000000000016 6.6350000000000016 16.425000000000004 11.965000152587892 0.50000000000000011 11.97499990463257 11.984999656677248 1.0000000180025095e-35 11.994999885559084 0.70000000000000007 1.5000000000000002 1.7800000452995304 1.0000000180025095e-35 7.3600000000000021 1.7000000000000004 13.835000000000003 121.60000000000001 1.5000000000000002 4.2000000000000011 6.7350000000000021 1.5000000000000002 17.890000000000004 6.0550000000000024 6.0350000000000028 6.0950000000000015 0.3000000000000001 1.5000000000000002 1.5000000000000002 0.70000000000000007 1.3 1.0000000180025095e-35 2.2250000000000001 1.0000000180025095e-35 1.0000000180025095e-35 7.455000000000001 2.5000000000000004 5.3000000000000016 3.1250000000000004 2.7000000000000006 7.6950000000000012 1.5000000000000002
decision_type=2 2 2 2 2 2 2 2 2 2 2 2 2 2 2 2 2 2 2 2 2 2 2 2 2 2 2 2 2 2 2 2 2 2 2 2 2 2 2 2 2 2 2 2
left_child=2 -2 4 -4 5 -1 -6 8 -5 13 12 -12 -10 -8 15 16 17 -11 -3 23 -21 28 -23 24 33 26 43 -27 -17 -13 31 -30 -32 34 -20 -35 37 38 41 -40 -39 -29 -36 -25
right_child=1 18 3 7 6 -7 9 -9 10 14 11 29 -14 -15 -16 21 -18 -19 19 20 -22 22 -24 25 -26 27 -28 36 30 -31 32 -33 -34 35 42 -37 -38 40 39 -41 -42 -43 -44 -45
leaf_value=0.034925253577046581 -0.0213349838656458 -0.0019061659110916984 -0.023274603565533954 0.076184435344877705 -0.037745147307713826 0.0015453175407919018 0.0026734492803613349 -0.013810950696016804 0.011251427893127715 0.0052089267986064605 -0.012875885553658008 0.00060596127879537949 0.00057292081558933628 0.012728756325585502 -0.0036473000074426333 -0.00082564176450813974 -0.00065274237673484579 0.0014003109377261032 -0.0024291551849720153 0.0014241191061834494 -0.00014946935739782122 2.8045941985005308e-05 0.0010997096184068003 0.00041384838715506102 -0.0016546444621469295 -0.00083593184354178844 0.0014382102759554983 0.0011944953984736155 0.0012536991838631886 -0.00019421004691523396 -0.0010958596180455807 -0.00028464572662082702 5.4483600308961957e-05 0.0020376845300197604 0.00030139802280852262 -0.00013192435728142778 -0.00010399676773463448 0.0018364645046396897 -0.0013647763839652462 9.5059385766153761e-05 0.0003307479353388772 0.00010907850693911314 -0.00068350291845325204 -0.00020409036676088968
leaf_weight=38.5 22 27 45 10.499999999999998 14.999999999999998 55 21 33 21 22 15.999999999999998 73 26 21 30 62 38 34 22 54 45 72 39 72 38.5 66 44 24 35 90 39 57.5 53.5 14.999999999999998 48 323.5 542 26 31 23 20 30 22 60
leaf_count=22 16 27 25 9 12 30 21 33 21 22 16 39 26 21 30 32 38 34 22 36 18 32 24 48 21 36 24 24 20 39 24 30 26 10 48 174 308 26 31 23 20 30 22 24
internal_value=6.72436e-12 -0.000363351 0.000596632 -0.0020072 0.00189134 0.01529 -0.000432913 0.00154395 0.00368649 0.000635185 0.000318221 -0.00100144 0.00534417 0.0077011 1.94826e-05 0.000262853 0.00146173 0.00289655 -6.2388e-05 -2.93323e-05 0.000708852 -5.19361e-05 0.000404576 -8.12727e-05 -0.000276818 1.64997e-05 0.000459278 -8.57693e-05 -0.000257089 0.000164149 -6.65476e-05 0.000297431 -0.000430526 -0.000153597 -0.00058708 -3.57822e-05 -1.46331e-05 0.00029988 -7.57542e-05 -0.000742994 0.00118181 0.000591486 -8.14227e-06 0.000132967
internal_weight=2502 1555 947 314.5 632.5 93.5 539 269.5 236.5 524 226 179 47 42 482 452 94 56 1533 1506 99 358 111 1407 469 938 176 762 247 163 185 92.5 92.5 430.5 92 338.5 696 154 108 54 46 54 70 132
internal_count=1614 988 626 208 418 52 366 183 150 354 141 94 47 42 312 282 94 56 972 945 54 188 56 891 297 594 96 498 132 78 100 50 50 276 92 184 462 154 108 54 46 54 70 72
is_linear=0
shrinkage=0.08


Tree=137
num_leaves=45
num_cat=0
split_feature=37 32 0 2 0 37 33 16 35 2 6 37 36 37 31 33 36 10 0 29 11 10 0 11 36 37 29 0 0 37 37 15 25 37 6 22 12 18 18 32 37 30 37 21
split_gain=0.121483 2.91705 0.20142 0.148158 0.0594186 0.381091 0.103239 0.263206 0.400054 1.18013 0.412308 0.163076 0.124652 0.0514187 0.0311059 0.225584 0.0296251 0.0254686 0.0415241 0.0136422 0.0123219 0.0120787 0.0104799 0.0348877 0.0212559 0.0121815 0.00984652 0.0182869 0.00727521 0.00381531 0.0023132 0.00214003 0.00387598 0.00380948 0.00643214 0.00374008 0.0025724 0.00239347 0.0023905 0.00193157 0.00175558 0.00169996 0.0015219 0.00153641
threshold=16.425000000000004 0.3000000000000001 8.3270000000000017 16.495000000000001 11.965000152587892 2.8800000000000003 1.0000000180025095e-35 6.7750000000000004 1.5000000000000002 11.97499990463257 2.9450000524520878 16.185000000000006 1.5000000000000002 11.97499990463257 1.0000000180025095e-35 4.6000000000000005 2.5000000000000004 9.8950000000000014 17.630000000000006 1.7000000000000004 9.7700000000000014 8.5500000000000025 13.775000000000002 2.9600000000000004 2.5000000000000004 3.7450000000000006 2.1000000000000005 17.795000000000005 17.280000000000005 15.880000000000001 3.8950000000000005 2.6250000000000004 4.9000000000000012 8.3150000000000013 9.9950000000000028 65.700000000000017 7.6950000000000012 0.3000000000000001 5.3000000000000016 24.800000000000004 5.8000000000000007 19.000000000000004 10.875000000000002 3.8000000000000003
decision_type=2 2 2 2 2 2 2 2 2 2 2 2 2 2 2 2 2 2 2 2 2 2 2 2 2 2 2 2 2 2 2 2 2 2 2 2 2 2 2 2 2 2 2 2
left_child=2 -2 -1 -3 5 -4 7 -6 9 -9 -10 14 -11 16 15 19 -14 22 -19 -8 21 28 24 -24 25 -16 -23 -28 -5 30 -25 32 33 34 35 41 38 -38 -35 42 -37 -32 -33 -44
right_child=1 3 4 20 6 -7 11 8 10 12 -12 -13 13 -15 17 -17 -18 18 -20 -21 -22 26 23 29 -26 -27 27 -29 -30 -31 31 39 -34 36 -36 40 37 -39 -40 -41 -42 -43 43 -45
leaf_value=0.0099261940850151904 -0.030970883159432559 0.0064698144462373517 0.0041338944621384143 0.0018448107796055929 0.0064722065745215661 -0.010623004890623547 0.0018152773202638384 0.02220017625225915 -0.012370761457611533 -0.003583057728951405 -0.00031396339255725109 0.0051642363116537271 0.0024753990888595583 0.0049142630763638478 0.0011610512901097537 -0.0057991412085817854 -0.0014192189335823057 -0.00041529213699201739 0.0027220251549173284 -0.00012705653905868531 0.0014913163078017534 0.00068960787661905801 0.0048975841473374105 0.00061790888725469519 -0.002834975953662285 -0.0012437049108224788 -0.002740179915136347 -1.1122079537899206e-05 0.00010295209001030838 -0.00087899155096891207 -7.5889652290610243e-05 6.4666158551091737e-05 -0.00093417415464365928 -0.00061580929624227186 -0.00096565617033929536 -0.0012007419442913185 1.8957889753542194e-05 0.00061907648332028959 5.2647604311387694e-05 0.00049051076138303398 -0.0003097723611374048 0.00054504708995421736 -0.00045165350259249583 8.2699644109724381e-05
leaf_weight=13.499999999999998 20 27 24 21 57 21 54 18 25.5 38 63 38 25 26 26 47 25 54 54 40.5 36 21 8.9999999999999982 30 27 28 30 33 57 39 114 385.5 40.5 75 82.5 24 373.5 48 63 52.5 34.5 37.5 87 57
leaf_count=9 20 27 24 21 30 21 39 18 21 34 45 38 21 26 26 26 21 24 24 18 36 21 9 30 27 28 30 33 57 39 69 177 18 51 33 24 168 24 48 27 30 15 48 39
internal_value=-3.03303e-11 -0.00169195 0.000183663 0.000910627 0.000125038 -0.00275266 0.00018394 0.00162632 0.000373643 0.00316381 -0.00378796 -2.44203e-05 0.000158063 0.00202862 -0.00012913 -0.00126983 0.00052809 -3.64467e-05 0.00115337 0.000982849 0.000152556 -0.000144947 -0.000115112 -6.88275e-05 -0.00100223 -8.58593e-05 -0.000810603 -0.00131067 0.000571914 -9.77862e-05 -7.75356e-05 -9.1685e-05 -0.000169513 -0.000133165 -0.000367124 -0.000131986 -1.08534e-05 8.72988e-05 -0.000310644 2.76643e-05 -0.000675298 7.78076e-05 -1.8227e-05 -0.000240139
internal_weight=2502 245 2257 225 2243.5 45 2198.5 277.5 220.5 132 88.5 1921 114 76 1883 141.5 50 1741.5 108 94.5 198 162 1633.5 1552.5 81 54 84 63 78 1543.5 1504.5 1474.5 892.5 852 292.5 210 559.5 421.5 138 582 58.5 151.5 529.5 144
internal_count=1614 245 1369 225 1360 45 1315 216 186 120 66 1099 102 68 1061 83 42 978 48 57 198 162 930 849 81 54 84 63 78 840 801 771 480 462 171 138 291 192 99 291 54 84 264 87
is_linear=0
shrinkage=0.08


Tree=138
num_leaves=45
num_cat=0
split_feature=37 34 36 2 12 35 10 6 5 9 37 34 3 36 13 8 16 36 32 34 0 10 37 34 12 37 32 33 36 34 21 8 37 3 11 23 36 31 21 23 34 23 2 20
split_gain=0.113402 1.55139 3.08373 1.74573 1.109 0.331665 3.74337 0.391886 1.82356 0.193971 0.0683738 0.126801 0.136755 0.0486981 0.454833 0.173638 0.0527653 0.0323819 0.157238 0.128796 0.144787 0.0423369 0.0408821 0.162984 0.0874704 0.0219728 0.0225372 0.0199273 0.0197943 0.0406003 0.0314753 0.0181149 0.0121963 0.0126686 0.0117002 0.0115844 0.0163632 0.0077972 0.00509654 0.00478578 0.00464026 0.0035143 0.00346227 0.00242682
threshold=7.9050000000000011 1.0000000180025095e-35 2.5000000000000004 14.675500000000001 7.8800000000000008 1.5000000000000002 4.3900000000000015 3.5350000000000006 3.1600000238418584 2.9450000524520878 16.425000000000004 9.5000000000000053 16.475000000000005 1.5000000000000002 3.0300000000000007 4.8450000000000006 7.0850000000000017 2.5000000000000004 1.0000000180025095e-35 5.400000000000003 16.175000000000004 9.9350000000000005 11.72423076923077 31.500000000000004 9.8000000000000025 4.745000000000001 1.0000000000000002 1.0000000000000002 2.5000000000000004 0.80000000000000016 1.0000000180025095e-35 11.911538461538465 16.085000000000004 17.935000000000006 7.8200000000000012 1.1000000000000003 2.5000000000000004 3.7000000000000006 3.3000000000000003 5.4000000000000012 3.5000000000000004 1.1000000000000003 16.195000000000004 3.7000000000000006
decision_type=2 2 2 2 2 2 2 2 2 2 2 2 2 2 2 2 2 2 2 2 2 2 2 2 2 2 2 2 2 2 2 2 2 2 2 2 2 2 2 2 2 2 2 2
left_child=4 2 3 -2 5 6 9 8 -7 -1 17 -12 -13 14 -9 -15 42 19 -19 20 -3 32 24 -24 39 26 -17 -14 29 -11 -30 -25 33 43 -34 36 37 -29 41 -20 -31 -27 -16 -21
right_child=1 10 -4 -5 -6 7 -8 13 -10 28 11 12 27 15 16 25 -18 18 22 21 -22 -23 23 31 -26 38 -28 35 30 40 -32 -33 34 -35 -36 -37 -38 -39 -40 -41 -42 -43 -44 -45
leaf_value=-0.0076661918045526061 -0.013453042587886255 -0.00023724320577457548 -0.03354356217777954 0.015017440365810019 0.016598570826378736 0.0039721267226223763 0.034927445117916379 0.011831849971786141 -0.024055228172801434 0.0040135980974882841 0.0065861820457158264 0.0069052303724345711 -0.0019066392707948884 -0.006139617721200921 -0.00034985744168059289 0.0037135038664564491 -0.0042166967263315312 0.0051791968028105442 -0.00020470222889929369 -0.00012184296948100051 -0.0083936875772017694 0.0021013729708890118 -0.0054121746586110343 0.00024317346166732702 0.00364292063517496 -0.00099255451450427825 2.9555437239733609e-06 -0.00079659977369010454 -0.0035769583396613597 0.00093698771670460703 0.00072019547689706088 0.0031574390456080435 -0.00026459492954679511 -0.0012291792111973913 -0.0029381228480488066 -9.9506196035209163e-05 0.0030421367016705597 0.0013421752722933889 0.00020140070786090709 0.00061310343705771265 -0.00051338689268353246 -0.00016187963235591139 0.00054431458141492766 0.00023277471947203126
leaf_weight=24 30 30 26.5 25.5 27.5 39 21 22 24 20 27 21 27 32 53.5 20 21.5 42 233 593 26 54 39 43 48 61 22 20 20 20 24 20 22 63 20 102 22 24 104 57 48 70 57.5 156
leaf_count=24 30 30 22 15 11 39 21 22 15 20 27 21 27 32 25 20 20 25 108 288 14 24 37 38 21 28 22 20 20 20 24 10 22 28 20 102 22 24 50 25 48 28 23 102
internal_value=8.08009e-12 -0.000346024 -0.0110921 -0.00037201 0.000838315 0.000222243 0.00321809 -0.000784909 -0.00670496 -0.00105047 0.000175691 0.00141735 0.000771242 1.97584e-05 0.00117943 -0.000560079 -0.00058927 -3.29687e-05 0.000502424 -0.000300665 -0.00402416 -7.10217e-05 5.60043e-05 -0.00134774 0.00047962 8.44887e-05 0.00176988 0.000110658 0.000152384 0.000845104 -0.00123306 0.00116834 -0.000208386 -0.000139628 -0.0015377 0.000434867 0.00126072 0.000370005 -0.000216731 -4.39611e-05 -8.68061e-05 -0.000548682 0.00011334 -4.7984e-05
internal_weight=2502 1771 82 55.5 731 703.5 177 526.5 63 156 1689 243 216 463.5 154.5 309 132.5 1446 482 964 56 908 440 102 338 277 42 195 132 88 44 63 854 812 42 168 66 44 235 290 68 131 111 749
internal_count=1614 1102 67 45 512 501 177 324 54 156 1035 243 216 270 90 180 68 792 264 528 44 484 239 85 154 148 42 195 132 88 44 48 460 418 42 168 66 44 106 133 68 56 48 390
is_linear=0
shrinkage=0.08


Tree=139
num_leaves=45
num_cat=0
split_feature=37 4 34 35 16 0 15 15 1 30 4 35 36 31 33 31 16 16 37 37 19 16 8 20 31 33 0 21 36 6 34 15 37 4 16 37 17 31 15 30 34 34 0 37
split_gain=0.117362 3.19516 0.222244 1.2373 3.12581 2.34253 1.08113 0.472613 0.166051 0.142385 0.0285833 0.0237495 0.0209719 0.115015 0.111778 0.0477204 0.17963 0.0285097 0.0198343 0.0764624 0.0160407 0.0146521 0.0133842 0.0116267 0.0112062 0.0512719 0.0194592 0.0109937 0.0117903 0.00774023 0.00677313 0.00523813 0.00510395 0.0102062 0.00509309 0.0107631 0.00780502 0.00460197 0.00508205 0.00437134 0.00424156 0.00462355 0.00387764 0.00342708
threshold=16.425000000000004 16.455000000000002 0.80000000000000016 1.0000000180025095e-35 9.0199997472763087 11.729999904632569 1.8150000357627867 1.765000104904175 11.984999656677248 0.3000000000000001 17.965000000000003 1.5000000000000002 2.5000000000000004 1.0000000180025095e-35 1.7000000000000004 1.0000000180025095e-35 6.6250000000000018 8.9650000000000016 11.470000000000001 11.784230769230772 3.0000000000000004 6.0550000000000024 11.802307692307695 3.7000000000000006 1.7000000000000004 1.9000000000000001 17.255000000000006 1.1000000000000003 1.5000000000000002 5.1650000000000009 5.6000000000000041 1.4549999999999998 11.470000000000001 16.115000000000006 7.4750000000000023 6.527000000000001 13.900000000000002 6.1000000000000005 2.1615384615384623 2.3000000000000003 2.9000000000000021 13.900000000000004 14.455000000000002 9.9200000000000017
decision_type=2 2 2 2 2 2 2 2 2 2 2 2 2 2 2 2 2 2 2 2 2 2 2 2 2 2 2 2 2 2 2 2 2 2 2 2 2 2 2 2 2 2 2 2
left_child=2 -2 3 4 -1 -5 7 -7 11 -3 12 -9 15 14 -14 16 -4 21 22 -20 -19 -15 29 27 26 -26 -11 28 -21 31 -18 -17 40 -34 43 36 -36 38 -27 -25 -23 -42 -43 -31
right_child=1 9 10 5 -6 6 -8 8 -10 24 -12 -13 13 17 -16 18 30 20 19 23 -22 32 -24 39 25 37 -28 -29 -30 34 -32 -33 33 -35 35 -37 -38 -39 -40 -41 41 42 -44 -45
leaf_value=0.036352045718919146 -0.032305896176025271 0.0068848455076416341 -0.0068658347213358594 -0.021806690802699639 -0.0019235991479621996 0.0081372483571370453 0.017467435444039957 0.00067606320116846337 -0.0096825587340509112 -0.0023118248186074198 0.0015464924573898315 -0.0031286544530164627 0.00014259041258783052 0.0011395676374429562 0.0067524132249661938 0.0018815338088315912 0.0009595568968604008 -0.00068938595001344339 -0.005569625996053219 -0.0012521889767891101 -0.0036374062574690297 0.0018277756296671355 0.0013435247429750034 0.0014507980653169481 0.0040952404570998623 0.0016043055057525634 0.00090969974039277685 -0.0019805866612700308 0.00062122513648382456 -0.00013752751123862701 -0.00048349712297375151 0.00026678088379816875 -0.00018031558827371209 0.0020627559199929237 -0.00067181333168668468 -0.0015340282141308613 0.0011906840287459392 -0.00033714187167643102 1.2317330357759741e-05 3.3797737307491172e-05 -0.00088119154415714244 0.001894704761604468 -0.0001565052754775589 0.00028588678087352926
leaf_weight=22 20 24 33 28.5 36 28.5 28 21 23 24 67.5 21 33 69.5 32.5 20 30 27 20 43 21 6.4999999999999991 45 22 24 21 24 36 43 627 68 36 37 20 36 48 24 75 33 38 60 5.9999999999999991 348 152
leaf_count=22 20 24 18 24 36 24 16 21 17 24 30 21 23 32 20 20 30 27 10 31 21 4 18 22 24 21 24 36 31 280 38 36 37 16 36 28 24 75 33 38 30 6 170 76
internal_value=1.66507e-11 -0.001663 0.000180521 0.00267212 0.0125947 -0.00116463 0.00367734 -0.000452318 -0.00421851 0.00106081 -7.24088e-05 -0.0012263 -0.000127557 0.00024051 0.00342227 -0.00031159 -0.00176079 -0.000109751 -0.000152056 -0.000874372 -0.00197914 5.42904e-05 -4.37629e-06 -0.00035841 0.000365403 0.000699981 -0.000701063 -0.000806824 -0.000315482 -6.86982e-05 -4.17459e-05 0.000843478 -0.000103671 0.000606727 -0.000126288 -0.000641132 7.31856e-05 6.83042e-05 0.000631424 0.000553365 -0.000199968 -0.000231805 -0.000121739 -5.49101e-05
internal_weight=2502 245 2257 208 58 150 121.5 93.5 65 225 2049 42 1981.5 660.5 65.5 1321 131 595 1190 202 48 547 988 182 201 153 48 122 86 943 98 56 477.5 57 887 108 60 129 54 60 420.5 414 354 779
internal_count=1614 245 1369 181 58 123 99 83 59 225 1188 42 1158 386 43 772 86 343 686 168 48 295 518 158 201 153 48 98 62 500 68 56 263 53 444 88 60 129 54 60 210 206 176 356
is_linear=0
shrinkage=0.08


Tree=140
num_leaves=45
num_cat=0
split_feature=15 15 35 16 15 9 15 9 36 32 22 34 36 34 34 32 16 16 16 33 33 30 15 34 35 33 35 3 30 32 19 6 18 14 15 35 15 19 33 23 28 36 21 21
split_gain=0.0845896 1.53136 0.424846 2.3932 0.819997 0.323031 0.289823 0.315885 0.195368 0.827944 0.3063 0.675103 0.18614 1.14009 1.12586 0.13858 0.109756 0.0865494 0.0844161 0.0672645 0.0538905 0.0444872 0.0398682 0.0181771 0.0163497 0.0113478 0.0056742 0.0482016 0.0214178 0.00562424 0.00858652 0.00507078 0.00393117 0.00372014 0.00437082 0.00959783 0.00368571 0.00353781 0.00222463 0.00213606 0.0051534 0.00225007 0.00451057 0.0036797
threshold=1.9073076923076921 1.9399999999999999 1.0000000180025095e-35 6.6350000000000016 -0.15000000000000033 2.9550000429153447 1.7950000762939455 2.935000061988831 1.5000000000000002 1.0000000180025095e-35 1.1000000000000003 9.9000000000000039 2.5000000000000004 4.6000000000000023 5.400000000000003 0.3000000000000001 6.6750000000000016 6.6850000000000014 6.6650000000000018 0.3000000000000001 3.1000000000000005 0.3000000000000001 1.2450000000000001 121.60000000000001 1.5000000000000002 0.3000000000000001 1.0000000180025095e-35 13.645000000000001 1.0000000180025095e-35 0.70000000000000007 2.3000000000000003 4.8450000000000006 17.200000000000006 7.8200000000000012 2.2746153846153851 1.5000000000000002 0.72499999999999976 14.600000000000001 1.3 1.6000000000000003 8.2000000000000011 1.5000000000000002 1.1000000000000003 3.3000000000000003
decision_type=2 2 2 2 2 2 2 2 2 2 2 2 2 2 2 2 2 2 2 2 2 2 2 2 2 2 2 2 2 2 2 2 2 2 2 2 2 2 2 2 2 2 2 2
left_child=2 -2 3 -1 -4 -5 7 -6 9 -9 12 -12 13 -10 -14 21 -15 -17 -11 -19 -21 -7 -16 26 -25 -20 28 -28 -3 30 -30 -29 33 -33 35 -35 -27 -34 -18 40 41 43 -43 -31
right_child=1 23 4 5 6 15 -8 8 10 18 11 -13 14 16 22 17 38 19 25 20 -22 -23 -24 24 -26 36 27 31 29 39 -32 32 37 34 -36 -37 -38 -39 -40 -41 -42 42 -44 -45
leaf_value=0.027006814517080785 -0.021319731081073937 0.0026365341188474777 -0.010090643718254333 -0.0074609101480907873 0.0081950524540846809 0.0074146894986430803 0.0062879174660891296 -0.010777942187379342 0.017412437868118288 0.0047206254993323931 0.017856795129366217 -0.00087962990510277457 -0.017125225252023452 -0.0043339948037432307 -0.00023022920691862631 0.0049484702341613318 0.00076324028762603051 0.0027858410864913213 -0.0016213265584226241 -0.004622920246173938 0.00017221002094447611 0.0026137946874258068 0.0026220367132789558 0.001924673634822722 -0.00014003734456168282 0.00090698942689905102 -0.0043242083903816007 0.0021684665977954867 -0.0016405081918540721 -0.0011120294835418462 0.0004686704076205691 -1.7420885394321874e-05 -9.3996950479991302e-05 6.9088157680299549e-05 -0.00013820468062925855 -0.0013618338808969216 -0.0001571518353402342 -0.0013486054762633462 3.4538339823484423e-05 -0.00015060755080129536 0.0015044555298629261 0.0014350851699709893 5.3423950598845564e-05 0.00040419470917965681
leaf_weight=25 22 21 51 27 28.5 30 50 55.5 25 27 20 32 27 45 103.5 21 49.5 24 28.5 30 30 21 45 54 45 31.5 18 5.9999999999999991 30 20 21 681 25.5 54 243 67.5 61.5 33 58.5 90 21 20 62 21
leaf_count=25 16 21 24 27 24 30 29 38 20 12 20 32 21 20 46 21 22 24 16 30 30 21 20 36 18 14 18 6 30 20 21 378 18 27 108 27 34 30 26 90 21 20 62 21
internal_value=1.17057e-11 -0.000363007 0.000596067 0.00378997 -0.000302893 0.000618265 0.000422653 -3.70074e-05 -0.000421936 -0.00244128 0.000593962 0.00632669 -0.000249324 0.00157349 -0.00209811 0.00201658 -0.00101457 0.000354826 0.00067444 -0.000793585 -0.00222536 0.00543785 0.000634094 -6.22577e-05 0.000986169 -0.000224712 -0.000134639 -0.000217523 0.000170897 -1.07817e-05 -0.000772023 -0.000150928 -0.000163534 -0.000127824 -0.000334093 -0.000725869 0.000203283 -0.000801725 0.000368527 0.00015513 0.000346216 0.000148467 0.000390414 -0.000335427
internal_weight=2502 1555 947 208 739 183 688 638 609.5 204 405.5 52 353.5 178 175.5 156 153 105 148.5 84 60 51 148.5 1533 99 121.5 1434 1128 306 285 51 1110 1104 1045.5 364.5 121.5 93 58.5 108 234 144 123 82 41
internal_count=1614 988 626 208 418 183 394 365 341 114 227 52 175 88 87 156 68 105 76 84 60 51 66 972 54 64 918 612 306 285 51 594 588 540 162 54 48 48 48 234 144 123 82 41
is_linear=0
shrinkage=0.08


Tree=141
num_leaves=45
num_cat=0
split_feature=37 37 34 35 15 6 35 15 32 4 6 10 35 11 10 30 1 1 2 12 15 37 37 12 22 33 1 1 37 31 31 25 17 15 30 4 33 37 31 31 1 29 32 31
split_gain=0.118656 2.85455 0.201654 0.986262 1.89882 1.3564 0.772133 0.539344 0.105881 0.0976994 0.0730025 0.0231331 0.0334032 0.0132363 0.0248195 0.0103237 0.00696054 0.0389873 0.0114297 0.00773685 0.00575207 0.0225195 0.00481457 0.01316 0.00770949 0.00634162 0.00557545 0.00543469 0.0100427 0.00396529 0.00321289 0.00268773 0.00255446 0.00239389 0.0022474 0.00222598 0.00254937 0.00205851 0.00187791 0.00340929 0.00139313 0.00139022 0.00135701 0.00127115
threshold=16.425000000000004 16.465000000000003 0.80000000000000016 1.0000000180025095e-35 1.7800000452995304 2.9050000905990605 1.5000000000000002 1.7861538866850044 0.50000000000000011 16.525000000000002 6.4620000000000006 9.8950000000000014 1.5000000000000002 9.8550000000000022 9.5600000000000005 1.9000000000000001 16.425000000000004 16.415000000000003 16.455000000000002 7.9050000000000011 1.4150000000000003 3.6250000000000004 10.085000000000003 7.8200000000000012 14.300000000000002 5.9000000000000012 13.56 15.475000000000001 5.1300000000000017 5.1000000000000005 1.0000000180025095e-35 6.2000000000000011 1.3 2.2050000000000001 0.70000000000000007 17.890000000000004 0.3000000000000001 6.527000000000001 6.3000000000000016 6.1000000000000005 14.005000000000001 11.4 1.0000000000000002 0.50000000000000011
decision_type=2 2 2 2 2 2 2 2 2 2 2 2 2 2 2 2 2 2 2 2 2 2 2 2 2 2 2 2 2 2 2 2 2 2 2 2 2 2 2 2 2 2 2 2
left_child=2 -2 3 4 -1 -5 10 -8 -3 -10 -7 16 -13 14 15 -11 17 19 -18 20 21 -4 25 24 34 30 -26 28 -27 -17 40 -31 -29 43 -24 36 -20 41 39 -38 -22 -35 -28 -32
right_child=1 8 11 5 -6 6 7 -9 9 13 -12 12 -14 -15 -16 29 18 -19 35 -21 22 -23 23 -25 26 27 42 32 -30 31 33 -33 -34 37 -36 -37 38 -39 -40 -41 -42 -43 -44 -45
leaf_value=0.031366309978067879 -0.0306357161141932 0.0059246720771867932 0.00066350462574822199 -0.017107696428343103 0.00091266907653526257 -0.0013557561372335141 0.0020936445146799089 0.017297177773102052 0.0054664564567307632 -0.0020586129614994638 -0.0069635371863842012 -0.00049285057670203972 0.0023385405990605556 -0.0020487385056912901 0.0025278334304151768 0.00052592910169504395 0.0011255866818522151 -0.0031153448981543382 -0.00043832022512768523 -0.0011578111926263031 0.00090654673799872403 -0.0029237353353805486 -0.00033673678817986336 0.0015691064536953584 0.0014760423238788332 -0.00030146412258208905 -0.00047697220327487836 -0.00071759672305448275 -0.0026340819487259506 -0.0009670623108266025 -0.00080983345905939741 -8.4782808493727302e-06 -2.5111567229032517e-05 0.00086200967714561286 -0.0013689355185703823 -0.00053992654990266868 6.0650221495297815e-05 -0.00010113929818158574 -0.00010097032687875898 0.00074019933188403098 0.00011444679978821013 5.0180142710882212e-05 0.00020005768237428532 -0.0002289156699553132
leaf_weight=20 20 24 24 27 38 39 32 28 21 21 24 48 60 24 21 39 57 30 81 49.5 30 21 27 39 21 27 24 61.5 21 36 37.5 39 76.5 27 27 54 378 198 364.5 54 27 27 90 67.5
leaf_count=20 20 24 24 18 38 39 29 22 21 21 15 24 24 24 21 39 27 15 36 27 30 21 27 30 21 27 24 27 21 36 33 39 36 27 24 24 168 93 162 24 15 27 90 60
internal_value=-1.54667e-12 -0.00167215 0.000181514 0.00255489 0.0114139 -0.000870597 0.00269364 0.00918863 0.000902391 0.000302716 -0.00349205 -5.94152e-05 0.00108014 -0.000299721 -3.06412e-05 -0.000428626 -0.000122822 -0.000277153 2.58891e-05 -0.000184855 -0.000129687 -0.00101054 -8.18144e-05 0.000231126 -4.49651e-05 -0.000200732 0.000278183 -0.000588755 -0.00132198 -0.000128365 -2.64023e-05 -0.000468599 -0.000333719 -0.000115454 -0.000852836 -4.14032e-05 -1.07249e-05 1.8268e-05 3.27594e-05 0.000145594 0.000531342 0.000456095 5.75251e-05 -0.000436386
internal_weight=2502 245 2257 208 58 150 123 60 225 201 63 2049 108 180 156 135 1941 952.5 988.5 922.5 873 45 828 228 189 600 135 186 48 114 414 75 138 357 54 931.5 877.5 252 796.5 432 57 54 114 105
internal_count=1614 245 1369 181 58 123 105 51 225 201 54 1188 48 180 156 135 1140 699 441 684 657 45 612 216 186 396 135 111 48 114 285 75 63 240 51 414 390 147 354 192 45 54 114 93
is_linear=0
shrinkage=0.08


Tree=142
num_leaves=45
num_cat=0
split_feature=37 14 33 37 36 10 37 1 36 0 0 7 37 4 37 32 0 36 32 30 15 37 31 13 32 22 11 13 4 1 2 32 30 0 37 2 15 2 9 21 18 33 27 29
split_gain=0.110111 0.967098 0.625771 2.35765 0.365626 1.06646 0.725228 0.361702 0.155659 1.27075 0.363074 0.681695 0.133267 0.576941 0.123562 0.0531141 0.0331471 0.0279128 0.242709 0.115816 0.496748 0.0451743 0.133813 0.109458 0.0283941 0.0207854 0.0136263 0.0232804 0.0144332 0.0115616 0.0254044 0.0120649 0.0094271 0.007965 0.00644436 0.0120202 0.00630548 0.00534022 0.00397352 0.00459615 0.00366003 0.00357739 0.00297619 0.00252105
threshold=7.9050000000000011 7.9050000000000011 1.0000000180025095e-35 14.055000000000001 2.5000000000000004 7.9050000000000011 11.97499990463257 11.965000152587892 1.5000000000000002 12.329999885559085 12.720000000000001 2.935000061988831 16.415000000000003 16.475000000000005 8.0900000000000016 0.50000000000000011 16.495000000000001 2.5000000000000004 1.0000000180025095e-35 0.50000000000000011 1.7750000500679015 11.655000000000001 2.1000000000000005 9.7450000000000028 1.9000000000000001 9.8000000000000025 9.9450000000000021 9.8250000000000011 17.935000000000006 17.070000000000004 17.310000000000006 1.9000000000000001 1.0000000180025095e-35 14.005000000000001 15.765000000000002 16.155000000000005 2.2350000000000008 16.195000000000004 3.1050000000000004 0.50000000000000011 12.900000000000002 4.6000000000000005 10.400000000000002 3.9000000000000004
decision_type=2 2 2 2 2 2 2 2 2 2 2 2 2 2 2 2 2 2 2 2 2 2 2 2 2 2 2 2 2 2 2 2 2 2 2 2 2 2 2 2 2 2 2 2
left_child=1 7 3 4 5 6 -2 -1 9 -9 11 -10 14 -14 -4 -15 -17 19 -19 20 24 23 -23 43 -16 -24 27 28 34 -18 -31 -32 -12 -11 42 -36 38 41 -34 -40 -38 -35 -21 -20
right_child=2 -3 12 -5 -6 -7 -8 8 10 33 32 -13 13 15 17 16 29 18 21 26 -22 22 25 -25 -26 -27 -28 -29 -30 30 31 -33 36 37 35 -37 40 -39 39 -41 -42 -43 -44 -45
leaf_value=0.0074497767502353304 -0.023104677471247587 0.015543502735820685 -0.0044551638995365397 -0.023769340886022238 0.0049221583008766173 0.003511379106847708 -0.0020559591378550976 -0.019319503838196396 0.01852597713470459 0.001256068580939124 0.0010190907228542002 -0.00030170506041031329 0.012496480795008869 0.0042755725625015437 -0.0021645841301467859 0.0030311999221642812 -0.001763344995677471 -0.0071134302796175084 -0.00044256753483560028 4.5103118469047037e-05 0.0088816644794934858 -0.0054361183483685772 0.0020703592365059783 0.0041032159373128744 0.00065858184899154459 -0.00081871691641087333 -0.0016622038868566356 0.0019148723548278214 -0.0017319199577387836 0.0025315289620664863 -0.0022273232189140148 -0.00011042706730222562 0.00056063691154122357 -5.2812180305853136e-05 0.00032096435292623937 -0.0024526500506326558 5.2324343972453252e-05 0.00053663041815161703 -0.00043750052706205417 -0.0015389239924843423 -0.00081217022763716202 -0.0010424319072626532 -0.00055919661828926926 6.9803514833340628e-05
leaf_weight=42 22 27.5 41 34 52.5 60.5 20 24 20 36 38 32 29 21 57 21 30 33 102.5 518 49 35 34 46 38 30 36 36 36 21 21 96 11.999999999999998 63.5 20 20 205 60 49 48 37 37 58 153.5
leaf_count=33 20 11 17 34 34 27 20 24 20 36 32 32 29 21 30 21 30 19 47 278 34 30 20 20 18 30 16 16 16 21 21 96 12 47 20 20 106 24 46 36 28 25 26 71
internal_value=2.12853e-11 0.00082606 -0.000340966 -0.00469168 -0.000506905 -0.00328765 -0.0130815 0.000250751 -0.00020633 -0.00194184 0.000661425 0.00693971 0.00017881 0.00191936 -0.000130938 0.00045871 3.46147e-05 5.2324e-06 -0.000518611 0.000267154 0.00233921 2.41051e-05 -0.00145892 0.000510264 -0.00103532 0.000716105 -0.000144968 -6.55776e-05 -0.000174928 -0.000339958 -3.05267e-05 -0.000490383 -0.000177832 0.000180625 -8.39346e-05 -0.00106584 -0.000307413 -6.05964e-05 -0.000812644 -0.000982535 -7.98504e-05 -0.00041715 -1.57465e-05 -0.000135345
internal_weight=2502 731 1771 189 155 102.5 42 703.5 661.5 220.5 441 52 1582 239 1343 210 189 1302 434 868 144 401 99 302 95 64 724 688 652 168 138 117 389 196.5 616 40 351 160.5 109 97 242 100.5 576 256
internal_count=1614 512 1102 135 101 67 40 501 468 156 312 52 967 239 728 210 189 711 237 474 82 218 80 138 48 50 392 376 360 168 138 117 260 132 344 40 228 96 94 82 134 72 304 118
is_linear=0
shrinkage=0.08


Tree=143
num_leaves=45
num_cat=0
split_feature=37 29 0 34 1 37 37 15 34 37 3 10 10 35 31 15 37 29 37 13 34 16 10 18 37 14 34 13 17 37 11 10 33 33 16 16 16 29 22 22 31 31 37 26
split_gain=0.102602 2.62442 0.193935 0.10859 0.429087 0.573269 0.340678 0.212198 0.0898647 0.0881582 0.0875259 0.0401812 0.0173983 0.0260982 0.00666288 0.00628448 0.00562484 0.00760164 0.00497528 0.0486327 0.0110354 0.0425942 0.00683303 0.00592312 0.00581775 0.00552988 0.00484293 0.00497085 0.00449188 0.011862 0.00361346 0.00444868 0.00360828 0.00268129 0.0047701 0.00345112 0.00275108 0.001918 0.00177737 0.00302492 0.00177052 0.00334229 0.00245804 0.00241987
threshold=16.425000000000004 1.0000000180025095e-35 8.3270000000000017 0.80000000000000016 16.415000000000003 11.97499990463257 8.0050000000000008 1.765000104904175 10.700000000000005 2.8800000000000003 16.505000000000006 1.1449999809265139 9.8950000000000014 1.5000000000000002 11.100000000000001 2.9400000000000008 16.175000000000004 1.7000000000000004 8.0900000000000016 7.8200000000000012 12.000000000000004 6.8350000000000017 3.7800000000000007 0.3000000000000001 9.7850000000000019 9.4050000000000029 13.900000000000004 9.2200000000000006 14.600000000000001 6.8050000000000006 8.8000000000000025 8.3600000000000012 2.5000000000000004 5.0000000000000009 7.0850000000000017 9.2350000000000012 8.9800000000000022 6.1000000000000005 23.700000000000006 5.4000000000000012 7.1000000000000005 6.1000000000000005 14.570000000000002 1.6000000000000003
decision_type=2 2 2 2 2 2 2 2 2 2 2 2 2 2 2 2 2 2 2 2 2 2 2 2 2 2 2 2 2 2 2 2 2 2 2 2 2 2 2 2 2 2 2 2
left_child=2 -2 -1 4 5 6 7 -4 -3 11 -10 -9 16 -14 26 -16 18 -18 19 28 21 -20 -22 24 -23 40 -12 30 33 -30 31 -28 -26 35 -35 36 37 -5 39 -38 41 -24 43 -42
right_child=1 8 3 12 -6 -7 -8 9 10 -11 14 -13 13 -15 15 -17 17 -19 20 -21 22 23 25 -25 32 -27 27 -29 29 -31 -32 -33 -34 34 -36 -37 38 -39 -40 -41 42 -43 -44 -45
leaf_value=0.0097285751060203277 -0.027278781909009685 0.0060897937953649532 0.0067681712435002919 0.00053100284328684209 0.011932934323946636 0.011443877876378024 -0.0079626862783181047 -0.0058372669604917372 0.0054774118516416779 0.0018427172348354803 0.00085509209760597767 -0.0010455343020813806 -0.00046234711771830916 0.0020403636234501998 0.0018734198521512249 -2.1608566554884113e-05 -0.0021072047824106581 4.5324465969488731e-05 0.0027448989855575153 -0.0020892975176825669 -0.001380901577434054 0.00040198098967472718 -4.0216160154971163e-05 0.0010567313451319933 -0.0002004400153051723 -0.0010047945233038914 -1.4814959476805396e-05 -0.001415227867524933 0.00039709016751272213 -0.0018008788612981638 0.00074134633388547671 -0.0014249522132532939 -0.0011468689794341723 4.0546532387333127e-05 -0.00089527421845016122 0.0011439552288599467 -0.00063438445562496787 2.9942463762813907e-05 -0.00084248480464642242 0.00063576948455496072 7.1166680087347443e-05 0.00051873141761731218 -0.00084014611318707468 -0.00035228771587403926
leaf_weight=13.499999999999998 23 21 28.5 105 24 26 38 24 21 33 21 21 48 60 21 24 21 21 43.5 82.5 27 75 442.5 30 82.5 40.5 45 27 33 30 21 21 37.5 175.5 43.5 24 24 91.5 24 24 193.5 81 33 156
leaf_count=9 23 21 24 78 12 26 32 24 21 33 21 21 24 24 21 24 21 21 24 33 27 30 237 30 54 18 45 27 33 21 21 21 21 72 39 24 24 48 24 24 93 39 33 72
internal_value=-2.96293e-11 -0.00155491 0.000168788 0.000111263 0.00191774 0.00050798 -0.00145972 0.000860581 0.00111017 -0.00129796 0.000589912 -0.00360113 -6.02161e-05 0.000928048 1.97033e-05 0.000862738 -0.000115205 -0.00103094 -9.49513e-05 -0.00027299 -7.71455e-07 0.000453295 -0.000126007 1.02517e-05 -0.000150745 -9.02098e-05 -0.000261308 -0.000466961 -1.21625e-05 -0.000649562 -0.000172671 -0.000463495 -0.000496199 6.63442e-05 -0.000145336 0.000224833 0.000142676 0.000297685 -0.000280367 6.92514e-07 -4.9326e-05 4.62686e-05 -0.000180159 -0.000117843
internal_weight=2502 245 2257 2243.5 194.5 170.5 144.5 106.5 222 78 201 45 2049 108 180 45 1941 42 1899 657 1242 268.5 973.5 225 195 946.5 135 114 574.5 63 87 66 120 511.5 219 292.5 268.5 196.5 72 48 906 523.5 382.5 349.5
internal_count=1614 245 1369 1360 172 160 134 102 222 78 201 45 1188 48 180 45 1140 42 1098 420 678 159 519 135 105 492 135 114 387 54 87 66 75 333 111 222 198 126 72 48 474 276 198 165
is_linear=0
shrinkage=0.08


Tree=144
num_leaves=45
num_cat=0
split_feature=34 2 36 5 16 0 3 36 35 0 4 34 13 4 36 32 34 34 27 35 27 34 0 4 32 31 33 34 3 0 13 9 20 33 30 33 20 16 33 34 34 0 25 4
split_gain=0.0604191 1.32766 1.13149 5.82811 3.95256 1.84793 0.342901 0.0580691 0.0260713 0.0502749 0.160336 0.140073 0.0158191 0.0139524 0.0121622 0.0805899 0.0263068 0.120748 0.0150881 0.0118654 0.0483188 0.015894 0.0106072 0.0104155 0.0100853 0.00933536 0.0154494 0.00874243 0.0138006 0.0084939 0.00848635 0.00754167 0.00666333 0.018101 0.00506813 0.00470854 0.00435232 0.00422938 0.0100108 0.0030052 0.00462863 0.00342647 0.00298994 0.00265184
threshold=1.0000000180025095e-35 16.415000000000003 2.5000000000000004 6.4620000000000006 9.0199997472763087 11.954999923706056 11.984999656677248 1.5000000000000002 1.0000000180025095e-35 16.425000000000004 16.505000000000006 9.5000000000000053 7.8800000000000008 17.965000000000003 2.5000000000000004 1.0000000180025095e-35 5.400000000000003 3.5000000000000004 6.6000000000000005 1.5000000000000002 9.5000000000000018 11.500000000000002 14.055000000000001 12.105000000000002 0.3000000000000001 1.7000000000000004 1.9000000000000001 5.400000000000003 13.350000000000003 12.820000000000002 7.7950000000000008 10.045000000000002 3.7000000000000006 2.5000000000000004 0.50000000000000011 0.70000000000000007 6.4000000000000012 7.2375000000000016 4.6000000000000005 13.900000000000004 14.100000000000005 14.455000000000002 6.2000000000000011 16.495000000000001
decision_type=2 2 2 2 2 2 2 2 2 2 2 2 2 2 2 2 2 2 2 2 2 2 2 2 2 2 2 2 2 2 2 2 2 2 2 2 2 2 2 2 2 2 2 2
left_child=1 2 3 5 -4 -1 7 -7 9 12 -11 -12 30 14 16 -16 17 22 27 20 29 24 -10 -23 -21 -13 -27 -17 -29 -18 32 37 33 34 -2 -25 -34 -31 -39 -30 -41 -42 -33 -43
right_child=8 -3 4 -5 -6 6 -8 -9 13 10 11 25 -14 -15 15 18 19 -19 -20 21 -22 23 -24 35 -26 26 -28 28 39 31 -32 42 36 -35 -36 -37 -38 38 -40 40 41 43 -44 -45
leaf_value=-0.022782378296057382 0.00092640734616328366 -0.018198310228494496 -0.03330692490364643 0.039553933050118242 0.0088726978500684103 0.0045244151282878148 -0.0044880732680515692 0.010473740242776418 0.0016563783787811796 0.0069248632341623309 0.0060626294905388803 -0.0012039204572255795 -0.0022845035809136572 0.001106588809578507 0.0033037820655852559 0.0011421713941120381 0.0035093167144805192 -0.0062463365189731127 0.0011575764248895849 0.00035865122310655274 -0.0030608294215053321 0.0040323786437511441 -0.00049189562026999499 -0.00067449796785201341 0.0021198263955547621 0.0020450074722369515 -0.00017393417599160466 -0.0025982831732835623 -0.00068940470055879458 -0.000283284358008018 0.0015434764436490478 0.00051053509295273286 0.001205809944981916 -0.0019484912604093552 -0.00047566965645687146 3.3246967201686912e-05 -8.1917605758275062e-06 -0.00019712892113602721 -0.0024787062016548588 0.0024364062150319418 0.001750254197201381 -0.00038623288621169493 -0.00030333631997928024 5.38486785915409e-05
leaf_weight=24 33 26 23.5 25.5 36 21 24 21 24 30 27 39 21 67.5 50 29 3.9999999999999991 25 58.5 46 40 3.9999999999999991 38 70 38 24 123 15.999999999999998 69 256 21 104 27 39 33 428 63 32 20 4.4999999999999991 5.9999999999999991 185 40 166.5
leaf_count=24 33 14 18 16 36 21 24 21 24 30 27 39 21 30 30 24 4 20 26 22 20 4 28 34 20 24 123 16 34 128 21 52 27 39 33 194 63 30 20 2 6 98 20 74
internal_value=-1.37797e-11 -0.00133013 0.001176 0.00579304 -0.00778648 -0.00377255 0.00314011 0.00749908 0.000116191 0.000640693 0.00144926 0.000678049 -0.000188344 -2.2063e-05 -6.55098e-05 0.00023245 -0.00021449 -0.00155284 -5.48591e-05 -0.000106877 -0.000394832 0.000136853 0.000339694 -3.3577e-05 0.00115537 -0.000103584 0.000188342 -0.000203866 -0.000291193 -0.000160973 1.5449e-05 -0.000193453 -0.000149108 -0.000582065 0.000225369 -6.62353e-05 0.000356009 -0.000416893 -0.00107466 -0.000205547 -0.00011332 -0.000145415 0.00028446 -0.000177773
internal_weight=2502 201 175 115.5 59.5 90 66 42 2301 480 243 213 237 1821 1753.5 584.5 1169 87 534.5 1082 496 586 62 502 84 186 147 476 447 456 216 452 195 105 66 498 90 308 52 431 362 357.5 144 351.5
internal_count=1614 174 160 106 54 90 66 42 1440 480 243 213 237 960 930 310 620 72 280 548 274 274 52 232 42 186 147 254 230 254 216 250 195 105 66 228 90 178 50 214 180 178 72 172
is_linear=0
shrinkage=0.08


Tree=145
num_leaves=45
num_cat=0
split_feature=37 1 34 37 16 37 1 34 2 4 9 16 22 10 35 0 37 22 0 12 37 29 31 0 29 16 19 33 34 10 30 37 22 34 16 32 25 31 30 30 31 32 23 37
split_gain=0.103198 1.56133 0.612862 1.41554 0.932765 0.065673 0.140921 0.112363 0.0608715 0.0241 0.0165661 0.0158802 0.0198412 0.0139177 0.0218527 0.0112375 0.00871517 0.0391577 0.0109612 0.00929982 0.00571313 0.00961302 0.0144117 0.013539 0.00640478 0.00415274 0.00393836 0.00355604 0.00378223 0.00299317 0.00282267 0.00265417 0.00288175 0.00264799 0.0082592 0.0066811 0.00247977 0.00245618 0.00168968 0.00221857 0.00299363 0.00403036 0.00162768 0.00147981
threshold=6.527000000000001 11.965000152587892 1.0000000180025095e-35 11.936538366171032 9.0399996042251605 16.425000000000004 16.475000000000005 9.5000000000000053 11.97499990463257 16.545000000000005 2.9550000429153447 9.0349994897842425 15.100000000000001 9.8950000000000014 1.5000000000000002 13.895000000000001 8.0900000000000016 3.4000000000000004 15.765000000000002 7.8500000000000005 16.175000000000004 1.0000000180025095e-35 1.0000000180025095e-35 14.005000000000001 1.7000000000000004 7.3100000000000014 2.1000000000000005 1.0000000000000002 30.700000000000006 9.8000000000000025 1.0000000000000002 4.1100000000000003 53.300000000000004 12.000000000000004 6.9750000000000023 0.50000000000000011 1.0000000180025095e-35 0.50000000000000011 26.500000000000004 9.9000000000000004 18.200000000000003 9.1000000000000014 8.7000000000000011 9.7450000000000028
decision_type=2 2 2 2 2 2 2 2 2 2 2 2 2 2 2 2 2 2 2 2 2 2 2 2 2 2 2 2 2 2 2 2 2 2 2 2 2 2 2 2 2 2 2 2
left_child=1 -1 3 -2 -5 13 -7 -8 -3 -9 -10 15 -13 16 -15 -12 17 -4 -19 -20 21 22 -18 -23 -22 -24 -14 -11 -29 33 -17 -32 -33 34 -25 -35 -30 -36 39 -37 41 43 -38 -41
right_child=2 8 5 4 -6 6 7 9 10 27 11 12 26 14 -16 30 20 18 19 -21 24 23 25 29 -26 -27 -28 28 36 -31 31 32 -34 35 37 38 42 -39 -40 40 -42 -43 -44 -45
leaf_value=0.020966765802974501 0.0018762776851654053 -0.0040544374659657479 -0.0036895196172926159 -0.029206765338423705 -0.006119790809849898 0.0075971771563802448 0.0055776192365145239 0.0026311159417742773 0.0021482214285060762 -0.0010817621951853787 0.0017957528947542111 -0.0025959459001702878 0.00071762750080476211 -0.00045932910230476413 0.001830791361629963 -0.00032534061325713992 0.001935282375615759 -0.0016174013464563136 7.6691508276812865e-05 -0.00096762574988382838 -0.0019269835764897012 -0.0016676402628196009 -0.00025460886204558793 0.0011401208530307985 4.8837345980462575e-05 0.00076298115774989131 -0.00060539209697809489 0.00091109179536856349 -0.0010421482996926421 -0.00069685200298274011 -0.00025403868003437917 3.8854651042799421e-05 0.001097171244283135 -0.00092254230929982104 0.00018093889244855978 -4.6157306158487592e-05 0.00013767072178450399 -0.00068222923232524684 -0.00045265813164102533 0.00057936718155230792 -0.00029950000040116718 0.0011115512244955258 -0.00052590941169506147 -3.9781509531718314e-06
leaf_weight=24 60 24 22.5 21 24 21 27 21 24 27 30 30 24 48 60 60 39 34.5 285 67.5 21 33 66 51 21 42 36 21 21 40.5 30 28.5 39 52.5 58.5 568.5 69 33 48 42 48 40.5 36 82.5
leaf_count=24 33 24 9 21 24 21 27 21 24 27 30 30 24 24 24 60 21 27 114 27 21 33 30 27 21 27 36 21 21 18 30 24 39 30 36 306 69 18 24 18 24 21 36 48
internal_value=-2.04346e-11 0.00127506 -0.00020703 -0.006168 -0.0168937 9.86611e-05 0.00133332 0.000740792 -0.000176868 7.1078e-05 0.000131794 -4.25997e-05 -0.000916105 -6.76022e-05 0.00081296 0.000376683 -0.000123659 -0.000445109 -0.000256481 -0.000123284 -2.13796e-05 9.5787e-06 0.000617123 -7.17592e-05 -0.000939073 0.000141121 -7.61843e-05 -0.000237892 -8.28955e-05 -2.23093e-05 0.000106384 0.00037206 0.000650326 4.35635e-06 0.000324334 -4.73406e-05 -0.00024856 -0.000130368 8.05187e-06 3.63488e-05 0.000256559 0.000418322 -8.98425e-05 0.000192813
internal_weight=2502 349.5 2152.5 105 45 2047.5 243 222 325.5 195 301.5 277.5 90 1804.5 108 187.5 1696.5 409.5 387 352.5 1287 1245 147 1098 42 108 60 174 147 1065 157.5 97.5 67.5 1024.5 142.5 882 126 91.5 829.5 781.5 213 165 105 124.5
internal_count=1614 345 1269 78 45 1191 243 222 321 195 297 273 90 948 48 183 900 177 168 141 723 681 78 603 42 57 60 174 147 570 153 93 63 552 81 471 126 54 441 417 111 87 105 66
is_linear=0
shrinkage=0.08


Tree=146
num_leaves=45
num_cat=0
split_feature=37 4 35 0 15 15 15 0 34 30 34 36 8 37 0 30 4 37 32 10 36 18 17 1 36 31 34 15 0 34 18 15 36 0 30 16 21 37 32 0 37 37 18 17
split_gain=0.111419 2.92862 0.213489 3.78823 2.02903 0.243906 0.532924 0.212421 0.125613 0.117389 0.10605 0.465483 0.998629 0.764056 0.0171313 0.0308904 0.0116506 0.0163125 0.051592 0.048024 0.00534682 0.0109381 0.00568923 0.00465045 0.00456685 0.07754 0.0281822 0.154137 0.0125323 0.00424449 0.00402266 0.00388867 0.00384805 0.0123876 0.00928802 0.00361709 0.00329705 0.00312299 0.00522377 0.00269224 0.0059638 0.00220694 0.00408477 0.00222662
threshold=16.425000000000004 16.455000000000002 1.0000000180025095e-35 8.3270000000000017 1.4150000000000003 1.765000104904175 1.7861538866850044 16.195000000000004 0.80000000000000016 0.3000000000000001 0.80000000000000016 2.5000000000000004 2.9250000715255742 2.9150000429153446 16.985000000000003 6.9000000000000012 17.965000000000003 11.655000000000001 6.5000000000000009 9.9450000000000021 1.5000000000000002 0.90000000000000013 2.1000000000000005 17.310000000000006 2.5000000000000004 1.0000000180025095e-35 5.1000000000000023 1.8492307692307708 14.160000000000002 4.2000000000000011 5.3000000000000016 0.48499999999999949 2.5000000000000004 17.710000000000004 6.1000000000000005 8.9800000000000022 1.7000000000000004 4.0150000000000015 2.5000000000000004 15.100000000000003 5.9750000000000005 8.7750000000000004 1.9000000000000001 8.9000000000000021
decision_type=2 2 2 2 2 2 2 2 2 2 2 2 2 2 2 2 2 2 2 2 2 2 2 2 2 2 2 2 2 2 2 2 2 2 2 2 2 2 2 2 2 2 2 2
left_child=2 -2 4 -4 -1 -6 -7 8 -8 -3 11 12 -5 -14 15 -11 17 19 -19 24 22 -22 -10 -16 26 -26 27 -12 -27 -30 -23 -31 33 36 -34 -29 -25 38 -28 40 -39 42 -33 -44
right_child=1 9 3 10 5 6 7 -9 20 14 16 -13 13 -15 23 -17 -18 18 -20 -21 21 30 -24 32 25 28 37 35 29 31 -32 41 34 -35 -36 -37 -38 39 -40 -41 -42 -43 43 -45
leaf_value=0.026150482438859486 -0.030957274422049524 0.0062755327547589935 -0.048047706059047152 0.013453569645467012 -0.0057940772734582429 0.012843498723662418 0.0066788033697576755 -0.0078237278067972513 -0.0014817473677027485 0.002820145453398044 -0.0073265419087626717 0.008794369816940319 -0.015997005556377449 0.001063738807681061 -0.0012241020324152141 -0.00098556008544706166 0.0010013389402517565 -0.0031401322041416453 0.0008251265782330718 0.0024788132604832451 0.0016409843084265424 -0.00069905853610382324 0.0001473646130933262 0.001278660009459903 0.0029620419660318265 -0.0019294239132880019 -0.00017753943069172756 0.0011002310500903563 0.0011165307407431744 -0.0010282255247944876 0.00044122852480292995 -0.00063457155521486844 0.001926084855105728 -0.0013545321407986599 -0.0005120159075595439 -0.0001905263525744279 -0.00011211926734540611 -4.1021770448423923e-05 0.0014697752753272653 -6.7016397937713716e-05 -0.001747728418198676 8.6609210493890395e-05 0.00034351490693235843 -0.00042207418110736309
leaf_weight=21 20 24 10.499999999999998 23 36 23 21 20 23 39 22 46.5 28 42 21 21 67.5 42 42 48 34 36 34 24 54.5 26 28 33 17 31.5 44 106.5 20 36 20 24 20 38 22 890 20 197.5 67.5 38
leaf_count=21 20 24 6 20 36 23 21 20 23 39 12 39 28 30 21 21 30 21 21 21 34 36 34 24 32 26 28 28 12 14 44 45 20 36 20 24 20 38 22 402 20 94 36 28
internal_value=1.55183e-11 -0.00162035 0.000175891 -0.00012404 0.00219427 0.000337881 0.00127724 2.24148e-05 0.000839721 0.000987374 0.000133416 0.002259 -0.00100868 -0.00576056 0.000355952 0.00148815 -2.99558e-05 -6.97912e-05 -0.0011575 -1.48662e-05 0.000122641 0.00043896 -0.000509996 -0.000125833 -8.89588e-05 0.000101263 -0.00018407 -0.00163859 -0.00022087 -0.000123878 -7.19007e-05 -0.000171694 6.6364e-05 -0.000253971 0.000707034 0.000556754 0.000646488 -6.89319e-05 0.000547279 -0.000101432 -0.000629541 -0.000105807 -0.000285063 6.77577e-05
internal_weight=2502 245 2257 1965 292 271 235 212 192 225 1954.5 139.5 93 70 201 60 1815 1747.5 84 1663.5 171 114 57 141 1615.5 538.5 1077 79 484 458 80 441 120 80 40 57 44 998 50 948 58 409.5 212 105.5
internal_count=1614 245 1369 1077 292 271 235 212 192 225 1071 117 78 58 201 60 954 924 42 882 171 114 57 141 861 287 574 64 255 229 80 217 120 80 40 52 44 510 50 460 58 203 109 64
is_linear=0
shrinkage=0.08


Tree=147
num_leaves=45
num_cat=0
split_feature=37 30 0 4 34 36 15 15 15 5 36 32 0 37 36 31 32 31 16 37 37 4 27 11 30 37 32 30 16 34 36 14 21 0 37 8 32 15 31 34 30 34 30 35
split_gain=0.0943053 2.58446 0.182079 0.127415 0.0925583 0.489232 1.98195 1.85649 2.06435 0.227828 0.978314 0.0488668 0.0120974 0.0250486 0.0112889 0.0794291 0.0841211 0.0456349 0.124505 0.0363347 0.196452 0.0792419 0.024541 0.0445194 0.0245309 0.0125198 0.00801605 0.00889636 0.00765883 0.00580108 0.00529415 0.00612988 0.00540327 0.00515353 0.00330897 0.00391524 0.00279058 0.00257011 0.00245797 0.00213927 0.0020569 0.00192273 0.00273302 0.00212634
threshold=16.425000000000004 1.0000000180025095e-35 8.3270000000000017 16.505000000000006 0.80000000000000016 1.5000000000000002 1.7950000762939455 1.9073076923076921 1.7861538866850044 2.935000061988831 2.5000000000000004 0.50000000000000011 13.180000000000001 3.7450000000000006 2.5000000000000004 1.0000000180025095e-35 0.3000000000000001 1.0000000180025095e-35 6.6250000000000018 11.72423076923077 11.893461538461539 17.935000000000006 3.4000000000000004 9.8550000000000022 3.9000000000000004 14.875000000000002 1.5000000000000002 1.7000000000000004 8.9150000000000009 5.6000000000000041 1.5000000000000002 7.7750000000000012 0.90000000000000013 16.805000000000003 10.065000000000003 9.8950000000000014 16.100000000000005 2.2950000000000004 1.0000000000000002 10.900000000000004 1.3 29.400000000000002 3.1000000000000005 1.5000000000000002
decision_type=2 2 2 2 2 2 2 2 2 2 2 2 2 2 2 2 2 2 2 2 2 2 2 2 2 2 2 2 2 2 2 2 2 2 2 2 2 2 2 2 2 2 2 2
left_child=2 -2 -1 -3 5 6 -4 8 9 10 -7 -5 13 -6 17 16 -16 18 -14 21 -21 39 23 25 -24 28 -13 -28 34 -20 31 -22 -32 -29 35 38 -35 -37 -17 -19 -40 42 43 -41
right_child=1 3 4 11 12 7 -8 -9 -10 -11 -12 26 14 -15 15 22 -18 19 29 20 30 -23 24 -25 -26 -27 27 33 -30 -31 32 -33 -34 36 -36 37 -38 -39 40 41 -42 -43 -44 -45
leaf_value=0.0094247888635706021 -0.029050041839480401 0.0064683488073448338 -0.0026617772392062257 0.0039531136614580952 0.00030734660484207178 -0.015612455280054184 0.026642511202229394 0.015283799514626011 -0.026218014796282732 0.0058642666433986867 0.0088069127996762593 -0.0014860036387108267 -0.005822669698320555 -0.003160118345792095 0.005489244534336548 0.00060317212289997505 -0.00027312304698309657 0.0002531283760013489 0.000785316818083326 0.0077802941373859846 0.00015772452543499137 -0.0037267282457114793 0.0024645682490534253 -0.0031998685661644216 8.3525392627860939e-05 0.0013208493872268782 0.0013226064134505577 -0.0012650433171074837 -0.0013300711325266296 -0.00055017884875483368 0.0011111619376555778 -0.0012403090911753036 -0.0001806319413590245 0.00026999936630137453 0.0004708777205518412 -0.0010052942297009465 -0.00071647101217725627 -0.0002190797543580379 -0.00070036014446734696 0.00026868114410899578 -2.5289612868956499e-06 -3.621869354334796e-05 -0.00082088001216246848 -0.00043506726225624323
leaf_weight=13.499999999999998 20 24 43 21 30 21 22.5 33 25.5 28.5 21 24 33 24 36 35 29.5 130 30 24 49 39 45 31.5 72 37 30 24 36 68 43 34 40 78 54 52 24 54.5 33 50 149.5 677 52 61
leaf_count=9 20 24 39 21 30 21 19 28 22 22 21 24 18 24 26 18 17 80 30 12 49 16 20 14 32 37 30 24 36 38 32 23 40 78 33 22 24 23 18 28 82 330 32 28
internal_value=-2.76283e-11 -0.00149072 0.00016182 0.000958993 0.000106081 0.00177389 0.00740458 -0.00108511 -0.00671192 0.000343478 -0.00340277 0.00030116 -5.22346e-05 -0.00123375 -2.02537e-05 0.000248874 0.00289398 -0.000154818 -0.00157252 7.77005e-08 0.00101495 -0.000191027 -4.01239e-05 -0.000292173 0.000999311 -8.90861e-05 -0.000124902 8.44987e-05 -0.000215095 -0.000141354 3.68234e-05 -0.000414964 0.000488611 -0.000210289 -0.000108907 -0.000205537 3.78887e-05 -0.000602959 -1.09377e-05 -4.88703e-05 -0.000128712 -9.56082e-05 -0.000342275 -0.000118063
internal_weight=2502 245 2257 225 2243.5 194.5 65.5 129 96 70.5 42 201 2049 54 1995 665 65.5 1330 131 1199 190 1009 599.5 482.5 117 451 180 156 414 98 166 83 83 126 378 324 102 106.5 217.5 970 182.5 840 163 111
internal_count=1614 245 1369 225 1360 172 58 114 86 64 42 201 1188 54 1134 378 43 756 86 670 156 514 335 283 52 269 180 156 232 68 144 72 72 126 196 163 102 45 118 498 100 418 88 56
is_linear=0
shrinkage=0.08


Tree=148
num_leaves=45
num_cat=0
split_feature=37 7 34 37 16 36 3 8 37 4 34 15 30 21 36 32 34 34 10 37 34 16 22 4 31 33 19 18 32 32 37 14 16 37 21 18 33 36 22 14 36 31 16 37
split_gain=0.0816411 1.17666 0.582531 1.13656 0.799431 0.157963 0.576816 0.365852 0.0755428 0.187096 0.125486 0.0358863 0.0573963 0.0308624 0.0144747 0.11717 0.0670816 0.133963 0.0339773 0.0254713 0.147029 0.125256 0.0120756 0.0109131 0.00845126 0.00957781 0.00629471 0.00710676 0.00601865 0.00559031 0.00521435 0.00691559 0.00420133 0.00970664 0.00550579 0.00395839 0.00363167 0.0224265 0.00299692 0.00247036 0.00435524 0.00196134 0.00182144 0.00211653
threshold=6.527000000000001 2.9150000810623173 1.0000000180025095e-35 11.936538366171032 9.0399996042251605 1.5000000000000002 12.165000000000001 2.9450000524520878 16.425000000000004 16.505000000000006 9.5000000000000053 1.7861538866850044 1.0000000180025095e-35 0.90000000000000013 2.5000000000000004 1.0000000180025095e-35 6.0000000000000044 4.6000000000000023 9.9350000000000005 11.655000000000001 31.500000000000004 6.0273076923076916 5.9000000000000012 17.890000000000004 1.7000000000000004 1.9000000000000001 1.0000000180025095e-35 17.200000000000006 3.1000000000000005 0.50000000000000011 16.085000000000004 7.8200000000000012 7.4750000000000023 12.915000000000001 3.0000000000000004 2.1000000000000005 0.3000000000000001 1.5000000000000002 50.300000000000004 9.2200000000000006 1.5000000000000002 17.100000000000005 6.2250000000000005 9.8250000000000011
decision_type=2 2 2 2 2 2 2 2 2 2 2 2 2 2 2 2 2 2 2 2 2 2 2 2 2 2 2 2 2 2 2 2 2 2 2 2 2 2 2 2 2 2 2 2
left_child=1 -1 3 -2 -5 6 -3 -7 14 -10 -11 13 -13 -9 16 -16 17 -4 23 21 -21 -17 -22 30 -12 -26 -14 38 29 -8 32 -32 36 -34 -35 -15 37 -18 -28 -38 -41 -27 -23 -44
right_child=2 5 8 4 -6 7 28 11 9 10 24 12 26 35 15 19 18 -19 -20 20 22 42 -24 -25 25 41 27 -29 -30 -31 31 -33 33 34 -36 -37 39 -39 -40 40 -42 -43 43 -45
leaf_value=0.018228769948085147 0.0012123756806055705 -0.013563701858123143 0.00016946463263593615 -0.027005638402132763 -0.0056323491906126342 0.010434887018054725 0.00077642550872218219 -0.0041929850541055202 0.0073529870255539817 0.0057014915581654621 -0.0011817598462295837 0.0042594508201970411 -0.0012148622726090253 0.00042835668101906776 0.0040911405509773723 0.004789806050248444 -0.0017734072689587872 -0.0065772847182327702 0.0018916569036190156 -0.0049358668035214262 0.0021010809254489444 -0.00044951938875019556 -0.00011164614585814652 -0.0013844279622038204 0.0016048143462588391 -0.00029959884703258111 0.00013769969824821719 -0.001048431783739943 0.001502714671033363 -0.00079046567021445789 9.2174042947590351e-05 -0.0019632563326211477 -0.0018611029583822797 -0.00075119024065012743 0.0010460468021337875 -0.0010955386496304224 -2.3910394679536137e-05 0.00075227897034751056 0.0012593324385428181 0.00097675084653827868 -0.00013627333235409527 0.00050651353529434096 2.8283973869222861e-05 -0.0005023804560425829
leaf_weight=24 60 24 48 21 24 24 31 20 30 27 39 24 24 20 47 35 45 31 54 41 38 125 27 45 24 99 31 20 26 27.5 20 22 27 24 20 24 732 45 30 45 45 24 227.5 61
leaf_count=24 33 24 38 21 24 24 31 20 30 27 39 24 24 20 27 14 20 16 24 38 22 55 27 20 24 99 28 20 26 26 20 22 22 24 20 24 346 20 30 20 20 24 104 29
internal_value=-2.31998e-11 0.00113409 -0.000184142 -0.00599574 -0.0156066 -0.000126344 -0.00261868 0.00111982 0.000113888 0.00143808 0.000604992 -3.85251e-05 0.000729846 -0.00158727 -6.44313e-05 0.000255997 -0.000224646 -0.00247799 -6.62696e-05 -6.90734e-05 -0.00118438 0.000194521 0.00118195 -0.000165081 -0.000134823 0.000142936 -7.69206e-05 0.000260247 0.000489964 3.98527e-05 -0.000111549 -0.00098448 -7.42514e-05 -0.000667006 6.57357e-05 -0.000402859 -2.81049e-05 -0.000510564 0.000689322 2.47191e-05 0.000420239 -0.000142309 -0.000194439 -8.39189e-05
internal_weight=2502 349.5 2152.5 105 45 325.5 108.5 217 2047.5 243 213 193 129 64 1804.5 601.5 1203 79 1124 554.5 106 448.5 65 1070 186 147 105 81 84.5 58.5 1025 42 983 71 44 44 912 90 61 822 90 123 413.5 288.5
internal_count=1614 345 1269 78 45 321 107 214 1191 243 213 190 126 64 948 316 632 54 578 289 87 202 49 554 186 147 102 78 83 57 534 42 492 66 44 44 426 40 58 386 40 123 188 133
is_linear=0
shrinkage=0.08


Tree=149
num_leaves=45
num_cat=0
split_feature=37 4 34 36 15 6 22 37 1 37 29 32 15 1 37 36 31 33 32 16 37 37 4 3 1 5 37 1 34 33 10 10 19 2 36 34 34 33 22 15 34 33 16 37
split_gain=0.0914443 2.58449 0.143526 0.355556 4.60867 4.09907 1.83177 0.67592 2.27068 0.276664 0.0937962 0.0578563 0.0235898 0.00866207 0.0191929 0.00790855 0.0635083 0.0925721 0.0388185 0.105186 0.0313042 0.165901 0.0678926 0.0205789 0.0464826 0.0149591 0.0122624 0.0114706 0.00612064 0.00568144 0.00529597 0.00634789 0.00500417 0.00393515 0.00587824 0.00260007 0.00337974 0.00282957 0.00254273 0.00183584 0.001808 0.00230466 0.00186493 0.00594947
threshold=16.425000000000004 16.455000000000002 0.80000000000000016 1.5000000000000002 1.7800000452995304 2.9050000905990605 1.1000000000000003 7.9350000000000014 11.984999656677248 4.745000000000001 0.50000000000000011 0.70000000000000007 0.89499999999999968 13.095000000000002 3.7450000000000006 2.5000000000000004 1.0000000180025095e-35 1.7000000000000004 1.0000000180025095e-35 6.6250000000000018 11.72423076923077 11.893461538461539 17.935000000000006 17.935000000000006 17.820000000000004 11.525 14.875000000000002 13.955000000000002 9.2000000000000046 2.5000000000000004 8.4550000000000018 8.7750000000000004 0.50000000000000011 16.155000000000005 1.5000000000000002 2.9000000000000021 13.900000000000004 0.50000000000000011 42.500000000000007 2.5750000000000002 11.500000000000002 0.3000000000000001 7.280000000000002 6.527000000000001
decision_type=2 2 2 2 2 2 2 2 2 2 2 2 2 2 2 2 2 2 2 2 2 2 2 2 2 2 2 2 2 2 2 2 2 2 2 2 2 2 2 2 2 2 2 2
left_child=2 -2 3 4 -1 -5 7 8 -7 -6 -3 -12 -13 14 -4 18 17 -17 19 -15 22 -22 40 24 25 26 27 -18 -21 -14 32 -32 -31 38 -35 -29 -37 -38 -23 -39 -20 -42 -43 -44
right_child=1 10 13 5 9 6 -8 -9 -10 -11 11 12 29 15 -16 16 23 -19 20 28 21 33 -24 -25 -26 -27 -28 35 -30 30 31 -33 -34 34 -36 36 37 39 -40 -41 41 42 43 -45
leaf_value=-0.028782156942025669 -0.029027383761480452 0.0049216897613157265 0.00030529633575739962 0.034567024695376557 0.0075158685769723815 -0.0051446726625519138 -0.02144648313522339 -0.0041513875344904453 0.029655208880347863 0.020297023523144605 0.0037376297134216188 -0.0027619924147923784 0.0013242801421854114 -0.0053481787505954724 -0.0027299282078941662 -0.0004110440724726879 -0.0023778959338863689 0.005604183547198772 0.00022195466190681493 0.00067009737449032919 0.0071631223770479355 0.00085470984301840264 -0.0034455189051536411 0.0019403219361981703 -0.0031470823855627153 0.0017063822620917882 0.001311489295566807 0.00096426460340067193 -0.00070397927357656199 0.0014211307332984038 -0.0017587663880771116 -3.3570621998455276e-05 -9.1357840796089964e-05 -0.001117378661615981 0.00032831927321644294 -0.00063317514815571495 0.00061455783253121709 -0.00030541695301222169 2.4755939461842734e-05 7.7674637750252011e-05 -0.00052279139042530265 -1.7288912554022985e-06 0.00036148770111858064 -0.00096649848613888022
leaf_weight=26.5 20 33 30 24 23 28 24 41 21 20.5 27 21 21 33 24 33 14.999999999999998 32.5 142 42 24 42 39 31.5 31.5 31.5 37 13.499999999999998 41 21 21 39 42 36 36 80 36 178 54 145.5 71 682 38 50
leaf_count=21 20 33 30 18 23 28 24 32 18 17 27 21 21 18 24 23 15 20 92 32 12 42 16 14 14 14 37 11 26 21 21 39 42 25 25 45 20 93 54 72 36 310 38 30
internal_value=1.39677e-11 -0.00146794 0.000159346 0.00216164 -0.00248247 0.00451735 -0.00180889 0.0034278 0.00976956 0.0135392 0.000981792 0.000304622 -0.000257143 -4.39126e-05 -0.00104369 -1.68509e-05 0.000208408 0.00257361 -0.00012948 -0.00152766 4.11868e-06 0.000941372 -0.00017196 -5.00086e-05 -0.000160388 1.49726e-05 -9.05312e-05 -0.000201375 -8.66338e-06 0.000108148 -9.94848e-05 -0.000637389 0.000412805 5.25506e-05 -0.00039453 -0.000129304 -0.000162895 -5.82433e-05 0.000387861 -0.000133115 -4.20835e-05 -8.66655e-05 -4.64513e-05 -0.00039305
internal_weight=2502 245 2257 208 70 138 114 90 49 43.5 225 192 165 2049 54 1995 665 65.5 1330 116 1214 192 1022 599.5 568 536.5 505 468 83 144 123 60 63 168 72 453 439.5 359.5 96 323.5 983 841 770 88
internal_count=1614 245 1369 181 61 120 102 78 46 40 225 192 165 1188 54 1134 378 43 756 76 680 158 522 335 321 307 293 256 58 144 123 60 63 146 50 241 230 185 96 165 506 414 378 68
is_linear=0
shrinkage=0.08


Tree=150
num_leaves=45
num_cat=0
split_feature=37 33 4 35 15 16 15 15 36 12 12 5 10 5 33 36 15 18 3 15 34 34 2 33 15 33 31 36 16 37 36 30 33 37 33 4 30 14 33 16 35 36 31 34
split_gain=0.0773984 2.53142 0.2616 0.221548 3.5452 1.93066 0.228207 0.573868 0.455318 1.67763 0.763975 0.224994 0.150414 0.454335 0.101996 0.673086 3.34131 1.03211 0.865272 0.64439 0.114751 0.0752902 0.061903 0.0580188 0.0553105 0.00772414 0.00763198 0.03406 0.146868 0.0609174 0.0647126 0.0568978 0.0147211 0.0125112 0.0463667 0.0455101 0.00997279 0.00307091 0.00260316 0.00640931 0.0039753 0.00233746 0.00322203 0.00368937
threshold=16.425000000000004 0.3000000000000001 16.505000000000006 1.0000000180025095e-35 -0.59100000000000052 6.1050000000000013 1.765000104904175 1.8150000357627867 2.5000000000000004 6.6750000000000016 7.463000000000001 3.7450000000000006 1.1449999809265139 2.9050000905990605 1.0000000180025095e-35 2.5000000000000004 1.7550001144409182 0.3000000000000001 16.415000000000003 1.9399999999999999 2.6000000000000023 29.400000000000002 14.055000000000001 1.0000000000000002 0.58499999999999919 2.5000000000000004 0.70000000000000007 1.5000000000000002 6.2250000000000005 9.9200000000000017 2.5000000000000004 0.70000000000000007 3.3000000000000003 11.470000000000001 5.7000000000000002 17.935000000000006 0.50000000000000011 8.8000000000000025 5.0000000000000009 7.280000000000002 1.5000000000000002 2.5000000000000004 6.3000000000000016 31.500000000000004
decision_type=2 2 2 2 2 2 2 2 2 2 2 2 2 2 2 2 2 2 2 2 2 2 2 2 2 2 2 2 2 2 2 2 2 2 2 2 2 2 2 2 2 2 2 2
left_child=3 -2 -3 5 -5 -1 11 -8 10 21 22 -7 -6 -14 15 17 -17 18 19 -15 -16 -10 -9 -4 -25 -26 27 28 -22 30 32 -32 -29 35 -35 38 -30 -27 41 -40 -41 -28 43 -43
right_child=1 2 23 4 12 6 7 8 9 -11 -12 -13 13 14 20 16 -18 -19 -20 -21 26 -23 -24 24 25 37 33 29 36 -31 31 -33 -34 34 -36 -37 -38 -39 39 40 -42 42 -44 -45
leaf_value=0.023940418952067073 -0.028625524608418346 0.0080285729120175044 -0.0036794028615501403 -0.046519867125011632 -0.0055308864414691924 -0.010864503263008028 0.011308571033441695 -0.0048231251793913544 0.0068349815941910501 -0.02493944347125944 0.014393630211276036 -0.00027182882425911501 0.022157581647237145 -0.016164194027801136 -0.0042764498275227663 -0.015152864821401298 0.020950874617707959 0.011638008895019689 0.0037542268037796022 0.0010649765953421593 0.0066196553778179266 -2.3475751569051119e-05 0.00019312236252959781 0.0043662851729563308 0.0014054625410409199 7.9472185397106745e-06 0.00015178629327326629 -0.00019765609895790016 -0.0011471977926602091 -0.003066565594994105 0.0039031867014811092 -0.00039462446417335583 -0.0023799754133714095 -0.0029958173721319156 0.00030112760141491889 0.0027471837808688481 0.00072925998036985963 -0.00084194632748571725 -0.00011733588731822444 -0.0017155469883302296 -0.00034274414216202718 -0.001145269793231745 0.00012951561917434447 -0.00012288760939805672
leaf_weight=24 20 30 24 10.499999999999998 30 21 32 20 20 20 27 33 5.9999999999999991 45.5 41 25.5 46 30 42.5 20 27 21 74 21 21 90 390 45.5 39.5 39 46 34.5 35 42 78 37.5 33.5 39 571.5 27 27 37 100 58
leaf_count=24 20 30 24 6 30 21 32 20 20 20 27 33 6 39 35 14 36 20 19 20 12 21 74 21 21 90 206 29 22 18 26 19 16 21 39 15 20 39 252 27 27 22 51 30
internal_value=-4.16044e-12 -0.0013505 0.00107394 0.000146599 -0.000158942 0.00220272 0.000256059 0.00142873 -0.000308383 -0.00594397 0.0025327 -0.0043912 9.01191e-05 0.000177742 0.000109001 0.00177502 0.00807472 -0.00148896 -0.00513534 -0.0109034 -9.52293e-05 0.00332211 -0.000874164 4.00193e-06 0.000520971 -1.7373e-05 7.54648e-06 0.000372967 0.00157847 -0.000229783 0.000457389 0.00206127 -0.00114649 -7.25896e-05 -0.000852803 2.43095e-06 -0.000286084 -0.000248997 -8.25986e-05 -0.000196053 -0.00102915 3.87107e-05 -0.000187441 -0.000521079
internal_weight=2502 245 225 2257 1965 292 268 214 182 61 121 54 1954.5 1924.5 1918.5 209.5 71.5 138 108 65.5 1709 41 94 195 171 150 1668 300 100 200 161 80.5 80.5 1368 120 1248 73 129 1210.5 625.5 54 585 195 95
internal_count=1614 245 225 1369 1077 292 268 214 182 61 121 54 1071 1041 1035 148 50 98 78 59 887 41 94 195 171 150 852 162 54 108 90 45 45 690 60 630 42 129 615 306 54 309 103 52
is_linear=0
shrinkage=0.08


Tree=151
num_leaves=45
num_cat=0
split_feature=15 15 35 15 15 2 34 16 15 29 6 16 34 29 35 3 34 30 29 35 16 1 33 4 34 16 1 1 31 14 29 15 15 30 1 3 33 18 27 16 1 15 1 1
split_gain=0.0898518 1.45721 0.423845 1.84394 0.631607 0.315769 0.441189 0.136018 0.134843 0.0914575 0.0743899 0.159814 0.122605 0.0559372 0.0224645 0.104943 0.0550985 0.0222295 0.0182723 0.013808 0.0844952 0.0690513 0.00862742 0.00675987 0.0069982 0.00669997 0.0120993 0.00445887 0.00465866 0.00411554 0.00602237 0.00293708 0.00354627 0.00231955 0.00219688 0.00304922 0.002108 0.00316114 0.00201534 0.00133534 0.00130679 0.00127483 0.00125532 0.00115011
threshold=1.9073076923076921 1.9399999999999999 1.0000000180025095e-35 -1.0000000180025095e-35 -0.15000000000000033 16.415000000000003 8.2000000000000046 9.0500000715255755 1.7950000762939455 0.50000000000000011 2.935000061988831 9.0499998331069964 2.6000000000000023 1.0000000180025095e-35 1.0000000180025095e-35 13.645000000000001 119.60000000000004 1.0000000180025095e-35 5.9000000000000012 1.5000000000000002 6.6250000000000018 17.255000000000006 1.0000000180025095e-35 16.475000000000005 10.900000000000004 6.0950000000000015 17.650000000000002 16.465000000000003 0.70000000000000007 7.5750000000000002 9.9000000000000004 2.6488461538461547 2.0784615384615379 2.5000000000000004 14.455000000000002 16.175000000000004 7.1000000000000005 2.7000000000000006 9.5000000000000018 6.1050000000000013 16.985000000000003 2.3250000000000006 16.625000000000004 14.200000000000001
decision_type=2 2 2 2 2 2 2 2 2 2 2 2 2 2 2 2 2 2 2 2 2 2 2 2 2 2 2 2 2 2 2 2 2 2 2 2 2 2 2 2 2 2 2 2
left_child=2 -2 3 -1 -4 7 -7 -5 10 -8 11 -6 -12 -9 16 -16 17 -3 -11 20 -14 23 43 24 -21 26 -19 28 -22 -27 -31 32 -24 -25 -34 36 37 -36 39 -33 42 -37 -29 -17
right_child=1 14 4 5 8 6 9 13 -10 18 12 -13 19 -15 15 22 -18 25 -20 21 27 -23 31 33 -26 29 -28 40 -30 30 -32 38 34 -35 35 41 -38 -39 -40 -41 -42 -43 -44 -45
leaf_value=0.026281710997268202 -0.020817173475568947 0.0027471847725766049 -0.0088737146556377416 -0.006192177308457239 0.0079644287957085502 0.01489559125714004 0.0062467419249670839 0.0034625010307700859 0.0043538955844938752 -0.00091824245758545715 -0.0044229374026379933 -0.0014204251766204833 -0.0056083932850095964 -0.0020426531227443505 -0.0063020888798766663 -0.00070024432676533857 0.0044735935631962046 -0.0022457361602712246 0.0018873107021984956 -0.0016332627113973886 0.0014298580755065713 0.0036882093787193298 -0.0011127642928450195 0.00052366503117940366 7.8097169823718803e-05 8.1964971620342617e-05 0.00010609553522607755 -7.5577271848239677e-05 0.00011630242050159723 0.0018059830829345934 -4.9105044454336166e-05 0.0003973526812307997 0.00028352215955965219 -1.8220740060011545e-05 -0.00063592467457056049 0.00018374868981212516 -0.00069515034268443721 5.6615597376999138e-05 -0.00036557298236423069 3.9037854083124278e-05 0.00022003858450001906 -0.00018500871576920705 -0.00061326031825349985 -0.0013846475450378477
leaf_weight=21 22 21 51 35 22.5 20 21 21 50 39 41 24 18 27 18 30 21 21 24 28.5 27 37.5 27 97.5 33 174 42 66 48 24 21 81 60 105 73.5 108 103.5 99 67.5 373.5 42 135 48 33
leaf_count=21 16 21 24 35 18 20 21 21 29 39 35 24 9 27 18 30 21 21 24 24 21 15 12 39 24 174 42 33 36 24 21 36 60 42 36 48 66 54 30 180 21 60 24 18
internal_value=5.05509e-11 -0.000374127 0.000614328 0.00380446 -0.000283572 0.00128028 0.00421709 -0.00239958 0.000353197 0.00167459 3.96628e-05 0.00312063 -0.000202544 0.000365852 -8.07503e-05 -0.000239286 0.000510822 0.000236174 0.00015054 0.000111782 -0.000329098 0.000475891 -0.000147656 1.95961e-05 -0.000714972 4.91839e-05 -0.000677848 8.22758e-05 0.000589182 0.00025833 0.000940275 -9.67714e-05 -0.000216581 0.000242687 -0.00017479 -0.000227774 -0.000409723 -0.000238467 4.23181e-05 0.000102896 -0.000161429 -2.11165e-05 -0.00030197 -0.00105874
internal_weight=2502 1555 947 208 739 187 104 83 688 84 638 46.5 591.5 48 1533 1209 324 303 63 550.5 249 301.5 1191 264 61.5 282 63 231 75 219 45 1128 606 202.5 579 519 276 172.5 522 454.5 156 243 114 63
internal_count=1614 988 626 208 418 187 104 83 394 84 365 42 323 48 972 648 324 303 63 288 144 144 630 129 48 282 63 135 57 219 45 582 336 81 324 264 156 90 246 216 78 108 57 48
is_linear=0
shrinkage=0.08


Tree=152
num_leaves=45
num_cat=0
split_feature=37 32 4 35 0 15 15 15 4 10 0 34 15 35 11 32 34 10 0 30 1 13 35 3 3 15 23 35 34 34 32 32 19 32 37 25 26 32 0 19 16 37 12 34
split_gain=0.100407 2.48256 0.209006 0.184045 2.90641 1.76029 0.148449 0.530455 0.201135 0.112187 0.359735 0.133031 0.816686 0.609985 0.0268561 0.0317377 0.0219819 0.0144375 0.00890549 0.00637532 0.0036728 0.00962994 0.0220235 0.00833341 0.00301607 0.00293409 0.00257214 0.00215903 0.00525939 0.00437361 0.00338694 0.00420373 0.00180882 0.00211084 0.0017216 0.00712424 0.00385506 0.00168581 0.0015593 0.00149681 0.00149162 0.00143921 0.00179835 0.00125368
threshold=16.425000000000004 0.3000000000000001 16.485000000000003 1.0000000180025095e-35 8.3270000000000017 1.4150000000000003 1.765000104904175 1.8150000357627867 16.175000000000004 1.1449999809265139 11.954999923706056 1.0000000180025095e-35 1.7950000762939455 1.5000000000000002 9.8550000000000022 1.7000000000000004 1.3000000000000005 9.9350000000000005 16.515000000000004 2.1000000000000005 16.425000000000004 7.8350000000000009 1.5000000000000002 16.455000000000002 16.165000000000003 1.4549999999999998 1.6000000000000003 1.5000000000000002 3.5000000000000004 54.70000000000001 0.70000000000000007 14.100000000000003 1.9000000000000001 1.7000000000000004 11.655000000000001 8.7000000000000011 11.900000000000002 16.100000000000005 15.555000000000001 6.4000000000000012 8.1150000000000002 9.7850000000000019 7.455000000000001 35.800000000000004
decision_type=2 2 2 2 2 2 2 2 2 2 2 2 2 2 2 2 2 2 2 2 2 2 2 2 2 2 2 2 2 2 2 2 2 2 2 2 2 2 2 2 2 2 2 2
left_child=3 -2 -3 5 -5 -1 -7 -8 16 -6 -11 12 13 -12 15 -4 -9 20 -17 -20 21 25 -23 -22 38 -13 -21 29 -29 32 -30 40 -27 -34 36 -36 41 -28 -18 -35 -32 43 -43 -25
right_child=1 2 14 4 9 6 7 8 -10 10 11 17 -14 -15 -16 18 24 -19 19 26 23 22 -24 34 -26 27 37 28 30 -31 31 -33 33 39 35 -37 -38 -39 -40 -41 -42 42 -44 -45
leaf_value=0.024354422298215685 -0.028548714947886765 0.0079189353094746666 0.0030855912171925109 -0.042088378724597746 -0.0047404621541500096 -0.0044719287027449655 0.010617879159399308 0.0028034428874075057 -0.0080815238524228339 0.019747823079427084 0.0062423563872774446 0.00062752010462443445 0.014542772386755262 -0.0087661914935667218 -0.0023272925686022199 0.0014800721690768287 -1.4549295870690711e-05 0.0010183895416097876 -0.0014727532815110558 0.00076437654771975105 0.00099122890995608426 0.00032128254529864835 -0.0017350501127541065 0.00024927243104447489 -0.00084194201798666092 -0.00046460439171642067 -1.8587827373902121e-05 -0.0008071033017318925 0.00079156280925837905 -0.0010292298565868156 -1.5979351130900561e-05 0.00087916783648469155 -0.00035875726968515666 0.00054284956087084378 0.0010726142648075309 -0.0003166132544477781 -0.00062638093963161942 -0.00084625276914309896 0.00053912936645336262 -9.0170549228787422e-05 -0.00063961880382460855 0.00026179316112150749 -0.00021965013572803908 -2.6825761032308005e-05
leaf_weight=21 20 24 24 10.499999999999998 30 36 32 21 20 5.9999999999999991 33 36 28 36.5 27 21 90 81 24 21 54 60 75 172.5 21 75 63 40.5 46.5 42 135 31.5 60 51 42 54 72 21 51 45 30 60 288 270
leaf_count=21 20 24 24 6 30 36 32 21 20 6 30 36 16 29 27 21 90 36 24 21 24 30 30 69 21 60 63 36 33 30 72 18 42 30 21 27 30 21 51 27 30 30 141 108
internal_value=-3.40386e-11 -0.00153819 0.000862741 0.000166973 -0.000111509 0.002041 0.000311918 0.00104476 -0.000464299 0.000114 0.000189673 0.000128506 0.00300748 -0.00163983 2.02104e-05 0.000384478 0.000368184 -2.56396e-05 -4.77e-05 -0.000296407 -7.4241e-05 -0.000211359 -0.000821124 2.4281e-05 5.25023e-05 -7.24254e-05 -2.75279e-05 -0.000117705 3.69242e-05 -0.000278281 0.000177595 3.23054e-05 -0.000141745 1.34757e-05 -3.01949e-05 0.000291174 -6.59647e-05 -0.000225504 0.000185717 0.000246121 -0.000129368 -1.49211e-05 -0.000136643 8.08057e-05
internal_weight=2502 245 225 2257 1965 292 271 235 203 1954.5 1924.5 1918.5 97.5 69.5 201 174 183 1821 150 129 1740 727.5 135 1012.5 162 592.5 105 556.5 283.5 273 243 196.5 231 156 958.5 96 862.5 84 141 96 165 790.5 348 442.5
internal_count=1614 245 225 1369 1077 292 271 235 203 1071 1041 1035 75 59 201 174 183 960 150 129 924 474 60 450 162 414 105 378 189 189 153 120 159 99 426 48 378 84 141 57 102 348 171 177
is_linear=0
shrinkage=0.08


Tree=153
num_leaves=45
num_cat=0
split_feature=37 34 36 2 13 0 37 0 1 37 0 30 34 14 36 31 34 30 10 37 9 13 37 37 33 13 30 4 13 3 10 33 33 11 34 6 16 33 0 37 16 31 0 19
split_gain=0.0907136 1.25413 2.5211 1.31913 0.887993 0.281166 0.132469 0.375172 0.165679 0.0582653 0.159372 0.0740115 0.0710084 0.0265516 0.0211466 0.084162 0.0717428 0.145149 0.0373427 0.0230187 0.117567 0.0862886 0.0349651 0.0191182 0.0166882 0.0127499 0.0124778 0.0118493 0.0113381 0.00770953 0.0208992 0.00813579 0.00682109 0.00647464 0.0038288 0.00327024 0.00305106 0.00288582 0.00549443 0.0034866 0.00268985 0.00261904 0.00249888 0.00193913
threshold=7.9050000000000011 1.0000000180025095e-35 2.5000000000000004 14.675500000000001 7.9050000000000011 8.3270000000000017 1.6799999833106998 11.965000152587892 11.97499990463257 16.425000000000004 17.070000000000004 1.3 55.300000000000011 1.1549999713897707 2.5000000000000004 1.0000000180025095e-35 5.400000000000003 1.0000000180025095e-35 9.9350000000000005 10.675000000000002 11.911538461538465 9.7450000000000028 15.880000000000001 16.085000000000004 1.9000000000000001 7.8200000000000012 6.9000000000000012 17.890000000000004 3.0500000000000003 11.97499990463257 1.1549999713897707 1.0000000180025095e-35 1.0000000180025095e-35 7.8200000000000012 9.9000000000000039 6.2150000000000007 6.0850000000000017 5.0000000000000009 15.555000000000001 5.1300000000000017 8.9800000000000022 1.9000000000000001 13.265000000000002 1.1000000000000003
decision_type=2 2 2 2 2 2 2 2 2 2 2 2 2 2 2 2 2 2 2 2 2 2 2 2 2 2 2 2 2 2 2 2 2 2 2 2 2 2 2 2 2 2 2 2
left_child=4 2 3 -2 5 -1 8 -8 -7 14 11 -11 26 -9 16 -16 17 -3 23 21 22 36 28 27 -12 29 -13 32 -21 -15 -31 40 -18 -25 -34 -36 -17 42 39 -39 -32 -26 -33 -44
right_child=1 9 -4 -5 -6 6 7 13 -10 10 24 12 -14 25 15 19 18 -19 -20 20 -22 -23 -24 33 41 -27 -28 -29 -30 30 31 37 34 -35 35 -37 -38 38 -40 -41 -42 -43 43 -45
leaf_value=0.011632475676359956 -0.011649315688759088 -0.0071012442066733326 -0.030271581715008 0.013099182446797688 0.014852465201338583 0.009360734692641667 -0.012822020903229715 0.0034893778959910076 -0.00036931608493129411 0.0076434674424429739 -0.0024772317024568716 0.0019743774024148781 0.0064866564428943787 -0.0040599536895751954 0.0036347645899701504 -0.0006887598549670512 -0.00089693666335993586 0.0010445337123902781 0.0019622857516838443 -0.0022661933378855647 -0.00647360161319375 0.0036338402735798252 0.0029606703502814409 -0.00092423323245549756 0.00077647975174754502 -0.0017057380278905233 -0.00052015888903822211 -0.0013825623351666663 -7.5359351624659194e-05 0.0038311810129218631 -0.00031667427470286692 0.00090878193608174716 0.00060535373080235265 -0.0029130559749901298 -0.0008272379868139979 2.301529994847235e-06 6.1213769525601511e-06 -0.00032373222515970053 6.5149799197583203e-05 -0.0015685615613620031 -0.0014297596308769603 -0.00020459987699652238 0.00045450027162830041 -1.8413105964451851e-05
leaf_weight=13.499999999999998 30 28 26.5 25.5 27.5 21 14.999999999999998 13.499999999999998 24 24 21 33 21 2.9999999999999991 46.5 50.5 56 28 54 19 20 46 23 22 21 30 21 45 74 8.9999999999999982 24 30 65 20 32 614 203 36 175.5 24 33 102 82.5 169.5
leaf_count=9 30 18 22 15 11 21 15 9 24 24 21 33 21 3 27 21 26 26 24 19 10 20 23 22 21 12 21 20 50 9 24 30 30 20 32 310 94 36 72 24 33 102 60 120
internal_value=-2.79415e-11 -0.00030948 -0.00997131 -0.000278384 0.000749779 0.000198501 -2.5207e-05 -0.000317992 0.00417137 0.000159597 0.0013058 0.00377671 0.00253935 -2.02768e-05 -3.30224e-05 0.000399632 -0.00024935 -0.00302836 -7.79571e-05 5.42045e-05 -0.000808904 0.000446133 0.000167769 -0.000206965 -0.000392951 -9.71305e-05 0.00100428 -0.00012088 -0.000522949 -1.48488e-05 5.94865e-06 -5.39767e-05 -4.68565e-05 -0.00187129 2.00978e-05 -3.87902e-05 -0.000132307 4.59375e-05 -0.00016079 -0.000821664 -0.000961092 -3.70985e-05 0.000218577 0.00013641
internal_weight=2502 1771 82 55.5 731 703.5 690 645 45 1689 243 99 75 630 1446 482 964 56 908 435.5 136 299.5 116 854 144 616.5 54 812 93 586.5 583.5 574.5 767 42 711 646 253.5 517.5 235.5 60 57 123 282 252
internal_count=1614 1102 67 45 512 501 492 447 45 1035 243 99 75 432 792 264 528 44 484 237 102 135 92 460 144 423 54 418 69 411 408 399 398 42 372 342 115 342 132 60 57 123 210 180
is_linear=0
shrinkage=0.08


Tree=154
num_leaves=45
num_cat=0
split_feature=6 36 5 3 34 15 36 0 30 0 35 4 15 35 35 4 33 30 11 4 35 16 34 3 14 36 29 16 35 5 36 0 0 35 1 22 11 33 27 11 11 36 16 33
split_gain=0.0998036 1.98926 3.23512 2.0883 0.444671 0.598944 0.334094 0.0214618 0.03586 0.0237606 0.0258798 0.0182606 0.0178535 0.0116238 0.0101225 0.0691022 0.0132975 0.00756268 0.00604625 0.00441951 0.00569031 0.0444015 0.0328618 0.0108421 0.00703715 0.00322863 0.00427145 0.00233651 0.00247033 0.00360007 0.00356669 0.00917553 0.00498455 0.00317756 0.0027701 0.00232106 0.00232095 0.00218118 0.00211613 0.00208902 0.00783178 0.0103405 0.00749166 0.00161711
threshold=2.9550000429153447 1.5000000000000002 2.9450000524520878 11.97499990463257 1.0000000180025095e-35 1.9073076923076921 2.5000000000000004 16.415000000000003 0.3000000000000001 16.895000000000003 1.5000000000000002 16.185000000000006 1.4150000000000003 1.5000000000000002 1.0000000180025095e-35 16.505000000000006 1.7000000000000004 2.5000000000000004 2.6100000000000008 17.965000000000003 1.5000000000000002 5.9461538461538463 12.000000000000004 17.545000000000005 9.3250000000000011 1.5000000000000002 6.9000000000000012 6.1150000000000011 1.0000000180025095e-35 9.9800000000000022 2.5000000000000004 14.160000000000002 14.005000000000001 1.5000000000000002 16.140000000000004 65.700000000000017 7.455000000000001 10.300000000000002 6.6000000000000005 8.490000000000002 8.7750000000000004 2.5000000000000004 6.0273076923076916 11.900000000000002
decision_type=2 2 2 2 2 2 2 2 2 2 2 2 2 2 2 2 2 2 2 2 2 2 2 2 2 2 2 2 2 2 2 2 2 2 2 2 2 2 2 2 2 2 2 2
left_child=1 3 6 -1 5 -2 -3 11 9 10 -9 12 -6 -13 15 -10 17 -17 -14 20 21 -16 -22 25 38 26 -23 -20 29 -29 32 -32 33 -30 35 -33 -27 -38 -24 -18 -41 42 -42 -34
right_child=4 2 -4 -5 7 -7 -8 8 14 -11 -12 13 18 -15 19 16 39 -19 27 -21 22 23 24 -25 -26 36 -28 28 30 -31 31 34 43 -35 -36 -37 37 -39 -40 40 41 -43 -44 -45
leaf_value=-0.030041564646221344 0.00057726544567516874 -0.0077121900369723643 0.030432553430398305 0.0045027906633913518 -0.0016714624116818111 -0.014692774126606602 0.0042270974343021715 0.0036389457500643203 0.0044055113406782902 0.00030899370371392283 0.00079333674907684326 -0.00050062791237400633 0.0011428816285398273 -0.0024077065090338389 -0.002538920556350301 0.00027459686954638791 8.047259967001579e-05 0.0024216023544293076 -0.00053022819881637893 0.00064026667729572006 0.0019071032553911211 -5.7181812861623864e-05 0.00012659164507769876 0.0010954748970214967 -0.00095556618628047762 0.00059735547145828608 -0.0010949307600755921 7.3193851931612592e-05 0.00015520718134939671 0.0010751622315944621 -0.0018007692479743407 0.00028081568203082208 -1.918834063031201e-06 0.0015812637954950332 -0.00073964087315547616 -0.00051040530737921379 8.0433272974005373e-05 -0.0005963586261495948 -0.00031326560003476007 -0.0018620129798849424 -0.0018401889485010709 0.0013278919071043757 0.00024758080359209669 -0.00050218786322036571
leaf_weight=21 35 30 30 24 45 31 30 45 27 66 37.5 45 27 37.5 48 21 66 21 66 67.5 60 60 315 54 52.5 40 44 153 20 27 26 76 265 20 40.5 34.5 128 40 90 21 22 22 22 49
leaf_count=18 23 30 24 24 45 25 30 30 27 36 15 30 27 15 24 21 66 21 36 30 24 30 126 27 21 20 22 153 20 27 26 48 168 20 18 28 64 20 36 21 22 22 22 32
internal_value=8.9742e-12 0.00211569 0.00898249 -0.0116179 -0.000120667 -0.00659503 -0.00174255 6.50386e-05 0.000266539 0.00144038 0.00234549 -0.000231209 -0.000120794 -0.00136748 0.000123774 0.000612406 8.72069e-05 0.0013481 -3.40024e-05 1.51896e-05 -3.01059e-05 -0.000251172 0.000146747 4.8861e-05 -8.41197e-05 -0.000132284 -0.000496229 -7.4898e-05 -3.26311e-05 0.000223489 -0.000119451 -0.000412669 2.71574e-05 0.000868235 -0.000173659 3.37829e-05 4.96891e-05 -8.07077e-05 2.88456e-05 -0.000258921 -0.000516391 -8.82387e-05 -0.000796304 -7.99863e-05
internal_weight=2502 135 90 45 2367 66 60 2301 1369.5 148.5 82.5 931.5 849 82.5 1221 222 195 42 804 999 931.5 414 517.5 366 457.5 312 104 777 711 180 531 177 354 40 151 110.5 208 168 405 153 87 66 44 314
internal_count=1614 126 84 42 1488 48 60 1440 747 81 45 693 648 45 666 222 195 42 603 444 414 207 207 183 183 156 52 576 540 180 360 120 240 40 94 76 104 84 162 153 87 66 44 200
is_linear=0
shrinkage=0.08


Tree=155
num_leaves=45
num_cat=0
split_feature=37 1 34 35 16 0 15 36 35 32 4 10 32 0 37 10 36 37 30 37 10 4 34 32 16 4 30 18 0 34 34 30 16 34 37 12 12 34 34 37 36 13 10 31
split_gain=0.103154 2.40555 0.209275 1.13094 2.00476 1.47868 0.670652 0.583694 1.10127 0.0985494 0.0510444 0.0200525 0.0248319 0.00976513 0.02349 0.00894868 0.0156921 0.0485731 0.0404034 0.0269643 0.0196743 0.0193343 0.0157052 0.0128671 0.0417554 0.0140963 0.00790943 0.00757698 0.0041989 0.00397647 0.00347543 0.00321595 0.0030855 0.00299914 0.00232348 0.0126742 0.00229293 0.00186737 0.00199846 0.00195157 0.00231948 0.00390585 0.00181536 0.00173209
threshold=16.425000000000004 16.465000000000003 0.80000000000000016 1.0000000180025095e-35 9.0199997472763087 11.729999904632569 1.8150000357627867 2.5000000000000004 1.5000000000000002 0.50000000000000011 16.545000000000005 9.8250000000000011 1.9000000000000001 13.180000000000001 3.7450000000000006 9.9350000000000005 2.5000000000000004 16.155000000000005 1.0000000180025095e-35 11.470000000000001 7.8500000000000005 16.115000000000006 1.9000000000000006 1.0000000180025095e-35 6.8350000000000017 17.935000000000006 2.1000000000000005 3.3000000000000003 14.005000000000001 9.2000000000000046 14.700000000000005 0.70000000000000007 6.1450000000000005 9.5000000000000053 7.9350000000000014 7.7950000000000008 8.7750000000000004 119.60000000000004 6.0000000000000044 8.8450000000000006 1.5000000000000002 9.1350000000000016 8.490000000000002 3.3000000000000003
decision_type=2 2 2 2 2 2 2 2 2 2 2 2 2 2 2 2 2 2 2 2 2 2 2 2 2 2 2 2 2 2 2 2 2 2 2 2 2 2 2 2 2 2 2 2
left_child=2 -2 3 4 -1 -5 7 8 -7 -3 -11 12 -12 14 -4 16 17 23 -18 22 -19 27 -20 24 -15 28 -14 -21 -25 -26 33 -32 -33 -24 35 -30 42 38 -36 -40 41 -41 -28 -34
right_child=1 9 13 5 -6 6 -8 -9 -10 10 11 -13 26 15 -16 -17 18 20 19 21 -22 -23 30 25 29 -27 36 -29 34 -31 31 32 43 -35 37 -37 -38 -39 39 40 -42 -43 -44 -45
leaf_value=0.031099598245187241 -0.028147367827594277 0.005649580755271018 0.00035465277483065922 -0.017481236557819343 0.00044666390866041186 0.01497657913217942 0.013627040255814791 -0.0097968273849810585 -0.0060528455806129122 0.0036879282964703934 0.0026687282106528684 -0.0022506958039270508 -0.0016079739991740403 -0.0032142726616520025 -0.0030032053589820864 0.00077615472255274651 0.0021482062996074094 -0.0012137984912842512 -0.0037388172745704651 -0.0011225213035941125 -0.0047622542902827263 0.0022900912047435456 -0.00012221896839214534 0.00082534245150681172 0.00062507458962500094 -0.0016332021003795994 1.0775517471807284e-05 0.0009015331063058292 -2.1801223765039745e-05 -0.00058084946808715664 0.00095537184259707208 -0.00053208762180054702 0.00038091638493676521 -0.0010631916410689566 0.00057366256395147911 -0.0014019951682537792 0.00059287079485754177 -0.00051779046752735186 0.00031110699042246855 -4.6777381168575445e-05 0.00012384744760697908 -0.00079036451091106313 -0.0008658121794550902 -9.3326192331371119e-05
leaf_weight=22 20 24 30 28.5 36 30 28 29.5 34 24 21 27 24 36 24 81 64 20 7.9999999999999991 20 20 52 41 36 42 36 54 29 287 30 19 85.5 64.5 46 45 50 30 38 121 199 257.5 58.5 21 209
leaf_count=22 20 24 30 24 36 28 16 27 28 24 21 27 24 16 24 36 39 20 8 20 20 33 26 36 32 16 54 29 176 20 9 36 34 26 28 20 30 18 50 114 140 26 21 106
internal_value=-7.7894e-12 -0.00155909 0.000169241 0.00258705 0.0120736 -0.00108109 0.00276585 -0.000486693 0.0038047 0.000804308 0.000225768 -0.000243678 0.000117586 -7.61977e-05 -0.00113773 -4.74645e-05 -8.23199e-05 -0.000244293 0.000241627 2.9047e-05 -0.00298803 0.00121563 -0.000224325 -0.0001555 -0.000989687 -7.56305e-05 -0.000297717 7.53884e-05 -2.4282e-05 0.000122606 -0.000163861 -5.89352e-05 -0.000112617 -0.000619745 -5.32465e-05 -0.000226578 1.77091e-06 2.7995e-05 5.845e-05 2.19963e-05 -4.59307e-05 -0.000215709 -0.000234669 1.85153e-05
internal_weight=2502 245 2257 208 58 150 121.5 93.5 64 225 201 177 150 2049 54 1995 1914 1276 638 574 40 101 473 1236 108 1128 129 49 1092 72 465 378 359 87 1056 337 105 719 681 636 515 257.5 75 273.5
internal_count=1614 245 1369 181 58 123 99 83 56 225 201 177 150 1188 54 1134 1098 732 366 327 40 82 245 692 68 624 129 49 608 52 237 185 176 52 572 196 105 376 358 330 280 140 75 140
is_linear=0
shrinkage=0.08


Tree=156
num_leaves=45
num_cat=0
split_feature=7 35 0 35 32 37 37 1 35 2 0 22 37 4 31 14 0 37 37 35 16 15 16 28 15 15 29 23 37 3 7 26 16 37 16 29 0 15 16 18 25 16 18 18
split_gain=0.0954493 1.36553 1.19971 0.269654 0.0794017 1.65732 0.262737 0.835822 0.916637 0.241375 0.220717 0.117215 0.0342883 0.176132 0.045529 0.0301312 0.00849046 0.019882 0.00633355 0.0534629 0.0469277 0.0224194 0.00696403 0.0106079 0.00936116 0.00341517 0.00417148 0.00327553 0.00267169 0.00228014 0.00400451 0.00225435 0.00215456 0.00282523 0.00557694 0.00223162 0.00203151 0.00184074 0.00203779 0.00168678 0.00152476 0.00134668 0.00121527 0.00297074
threshold=2.9550000429153447 1.0000000180025095e-35 11.729999904632569 1.5000000000000002 1.0000000180025095e-35 16.185000000000006 7.9350000000000014 14.055000000000001 1.5000000000000002 16.415000000000003 16.625000000000004 0.50000000000000011 16.425000000000004 16.505000000000006 0.50000000000000011 9.8000000000000025 13.180000000000001 3.7450000000000006 9.9450000000000021 1.5000000000000002 5.9461538461538463 1.9399999999999999 6.0950000000000015 44.100000000000001 -0.15000000000000033 1.8342307692307702 5.9000000000000012 11.900000000000002 9.7950000000000017 17.310000000000006 10.010000000000002 4.1000000000000005 6.8750000000000018 6.527000000000001 7.2375000000000016 0.70000000000000007 14.700500000000002 2.1850000000000001 6.0550000000000024 2.3000000000000003 7.5000000000000009 6.1150000000000011 3.3000000000000003 0.70000000000000007
decision_type=2 2 2 2 2 2 2 2 2 2 2 2 2 2 2 2 2 2 2 2 2 2 2 2 2 2 2 2 2 2 2 2 2 2 2 2 2 2 2 2 2 2 2 2
left_child=1 -1 -3 -4 5 6 7 8 -2 11 -11 -8 16 -14 -15 25 17 -6 22 20 -20 -22 23 -18 -24 26 -16 31 29 30 32 37 -26 35 -35 -34 -37 -23 -39 -30 41 -27 43 -40
right_child=4 2 3 -5 12 -7 9 -9 -10 10 -12 -13 13 14 15 -17 18 -19 19 -21 21 27 24 -25 28 40 -28 -29 39 -31 -32 -33 33 34 -36 36 -38 38 42 -41 -42 -43 -44 -45
leaf_value=0.014522390174560059 0.0095529826066146298 -0.019397886117299399 -0.0030994860033194222 0.0076267539312442146 0.00032628059387207031 -0.019137408789247273 0.0068970057913639513 0.016316194849518628 -0.0095674804198569146 -0.0078244766584512869 -0.00019143740612047691 -0.00044183365690211456 0.0066927833122511701 0.0036464417521797476 -9.2137588099354794e-05 -0.0031379110712025848 -0.0012571398843870018 -0.0027629489599106209 -0.002398802328874202 0.0031122731208801271 0.0022369260774135137 -0.00041863467114476057 0.0017572006283120979 -2.4568196004017808e-05 7.4201148032590583e-05 -0.00079688984952453108 0.0015024204405822924 0.00080786289854182136 -0.00083534277665118378 0.0002588375087233854 -0.00065153125394135721 -0.00039450266411424512 -0.00035102973888187034 -0.00018667018160702713 -0.0013361259822504243 8.6172084615100179e-05 0.00097638599397171111 0.00087267125335832433 0.00025332026105994983 -0.00013592054313492209 0.00027260311562806751 -9.8170548535919951e-05 0.00032337739974643817 -0.00041784654688348786
leaf_weight=39 30 22.5 30 30 30 30 26 26 34.5 44 54 30 30 21 21 21 82.5 24 48 37.5 33 39 18 97.5 445.5 27 21 36 46.5 136.5 75 72 57 124.5 34.5 75 21 24 102 42 39 51 102 72
leaf_count=39 30 18 30 30 30 30 20 14 30 20 24 24 30 21 21 21 33 24 24 15 24 33 9 39 204 27 21 18 21 57 30 36 57 54 27 75 21 15 66 21 39 51 87 54
internal_value=6.62169e-12 0.00218715 -0.00364405 0.00226363 -0.000111632 -0.00139139 0.000786033 0.00420699 -0.000674242 -0.00122433 -0.00361852 0.00296548 5.5175e-05 0.000974837 0.000121412 -0.000289841 -5.81274e-05 -0.00104671 -2.8812e-05 0.000193494 -1.38059e-05 0.000224694 -0.000128943 -0.000589497 -5.18623e-05 8.63191e-05 0.000705141 7.61397e-05 -8.26548e-05 -4.42264e-05 -9.3918e-05 1.20471e-05 -3.87087e-05 -0.000199931 -0.00043608 4.54792e-05 0.000280906 9.8394e-05 0.000165608 -0.000503414 -0.000135822 -0.000340035 0.000104124 -2.44039e-05
internal_weight=2502 121.5 82.5 60 2380.5 274.5 244.5 90.5 64.5 154 98 56 2106 231 201 180 1875 54 1821 565.5 528 480 1255.5 180 1075.5 159 42 447 1057.5 969 832.5 411 757.5 312 159 153 96 339 300 88.5 117 78 276 174
internal_count=1614 117 78 60 1497 192 162 74 60 88 44 44 1305 231 201 180 1074 54 1020 372 357 333 648 72 576 159 42 309 567 525 468 291 438 234 81 153 96 255 222 42 117 78 207 120
is_linear=0
shrinkage=0.08


Tree=157
num_leaves=45
num_cat=0
split_feature=37 34 15 37 14 7 35 15 9 7 37 0 32 16 36 36 17 17 0 31 36 32 34 30 30 9 4 37 15 11 16 12 3 28 37 17 36 37 36 30 34 36 15 32
split_gain=0.0882315 1.29035 2.27575 0.952879 0.788753 0.33291 0.0748713 0.740742 0.182596 0.395537 0.0520587 0.138417 0.0915656 0.13006 0.0395592 0.0851777 0.397544 0.396358 0.0419591 0.0326366 0.014923 0.0987412 0.0578303 0.110147 0.0280572 0.0303045 0.0195113 0.0170196 0.0564556 0.0135101 0.0114416 0.0110935 0.0110703 0.00763875 0.00564829 0.00508459 0.00494713 0.00329709 0.00284509 0.00851093 0.00788202 0.00264067 0.00682461 0.00461802
threshold=7.9050000000000011 1.0000000180025095e-35 1.8150000357627867 11.97499990463257 7.9050000000000011 2.9150000810623173 1.5000000000000002 1.4549999999999998 3.2050000000000005 3.2050000000000005 16.425000000000004 17.070000000000004 1.3 6.6750000000000016 1.5000000000000002 2.5000000000000004 0.50000000000000011 1.0000000180025095e-35 13.835000000000003 6.9000000000000012 2.5000000000000004 1.0000000180025095e-35 5.400000000000003 1.0000000180025095e-35 0.50000000000000011 11.893461538461539 17.965000000000003 11.470000000000001 2.1615384615384623 7.8500000000000005 7.3600000000000021 9.9200000000000017 17.795000000000005 60.800000000000004 12.135000000000003 2.1000000000000005 1.5000000000000002 8.8450000000000006 2.5000000000000004 6.1000000000000005 35.500000000000007 2.5000000000000004 2.1715384615384621 0.50000000000000011
decision_type=2 2 2 2 2 2 2 2 2 2 2 2 2 2 2 2 2 2 2 2 2 2 2 2 2 2 2 2 2 2 2 2 2 2 2 2 2 2 2 2 2 2 2 2
left_child=4 2 3 -2 5 -1 7 -7 9 -8 20 12 -12 -14 18 17 -17 -16 -9 -15 22 -22 23 -3 -23 30 27 32 -29 41 34 38 -24 35 37 36 -30 -26 40 -40 -13 43 -43 -10
right_child=1 10 -4 -5 -6 6 8 14 29 -11 11 31 13 19 15 16 -18 -19 -20 -21 21 24 26 -25 25 -27 -28 28 33 -31 -32 -33 -34 -35 -36 -37 -38 -39 39 -41 -42 42 -44 -45
leaf_value=0.0082579416320437485 -0.0096270149021313121 -0.0062362476331847055 -0.027651907165845233 0.012177557012309199 0.014030753200704403 0.015358728350894081 0.00036234396820267043 -0.0053010479866393975 0.00095904397335072557 -0.013158975948890051 0.007857705305020014 -0.0016920097074471414 0.0075226365242685592 -0.0020959240407682957 0.010440867235460742 -0.0091089694261550901 0.0056362081650877371 -0.004282310532778502 -0.00049314445278678945 0.0018620517451393729 0.0040580687578767542 -0.0014959762664511801 -2.6176768388721382e-05 0.00085973706761641167 -0.000432335930953433 0.0022177671425872379 0.0015846808053967027 -0.0037453780920409102 -0.0015457078170563493 -0.0015419735799233119 -0.0011735700269531622 -0.0020284773472528852 0.0012111946173012258 0.0010467664323680636 0.0011943468323443085 0.00013044167153323846 -0.00020062868270490851 0.00023531216772533552 0.0016862314266618342 -0.00061969663138456994 0.00013442774431408203 -0.0016499108203539723 -1.7166907640815782e-05 4.7998818587292884e-05
leaf_weight=31.5 29 28 30 23 27.5 21 36 21 42 22.5 24 20 21 24 22 25 22 25 26 30 42 68 621 28 63.5 45 45 34 35 37.5 45.5 21 50 28 32 60 35 186 20 21 62 19 119 234
leaf_count=27 23 18 21 23 11 21 36 21 36 18 24 20 21 24 22 25 22 25 26 30 25 39 286 26 26 20 20 32 26 15 33 21 20 14 31 60 26 90 20 21 62 19 62 126
internal_value=2.46072e-11 -0.000305216 -0.0101056 1.7315e-05 0.00073945 0.000219889 -0.000156894 0.00134138 -0.000632816 -0.00483816 0.000170586 0.00125402 0.00355676 0.00218046 -0.000746313 0.000201209 -0.00220697 0.00260939 -0.00264136 0.000102951 -1.14854e-05 0.000351968 -0.000193212 -0.00268826 -1.79652e-06 0.000271333 -3.93327e-05 -0.000124015 -0.00078817 -8.79371e-05 3.47521e-06 -0.000329116 6.60268e-05 -0.000151809 0.000193726 -0.000409964 -0.000873168 6.53897e-05 -3.89811e-05 0.000505146 -0.000311045 4.37691e-05 -0.000241965 0.000186636
internal_weight=2502 1771 82 52 731 703.5 672 162 510 58.5 1689 243 99 75 141 94 47 47 47 54 1446 482 964 56 440 372 908 863 192 451.5 327 144 671 158 281.5 130 70 249.5 123 41 82 414 138 276
internal_count=1614 1102 67 46 512 501 474 162 312 54 1035 243 99 75 141 94 47 47 47 54 792 264 528 44 239 200 484 464 158 258 180 144 306 126 147 112 52 116 123 41 82 243 81 162
is_linear=0
shrinkage=0.08


Tree=158
num_leaves=45
num_cat=0
split_feature=3 35 0 34 35 36 36 0 30 31 35 15 11 36 5 4 35 4 0 33 0 30 33 36 33 36 4 4 14 4 35 33 2 34 25 31 35 19 33 17 32 15 34 31
split_gain=0.0834709 1.34566 1.06381 0.298349 1.74195 0.250177 0.326107 0.0189145 0.0374776 0.0266035 0.0236318 0.0120101 0.00978929 0.0490644 0.0581485 0.0410935 0.0088057 0.0533172 0.00964759 0.0233746 0.00759205 0.00637749 0.00328674 0.0220282 0.00320309 0.00445405 0.0176804 0.00904523 0.00601606 0.00472888 0.00464796 0.00366154 0.00305724 0.00271997 0.00253316 0.00164072 0.00160681 0.00293027 0.00198994 0.00182993 0.00162921 0.0017615 0.00246438 0.00155869
threshold=11.984999656677248 1.0000000180025095e-35 10.850000000000001 1.0000000180025095e-35 1.5000000000000002 1.5000000000000002 2.5000000000000004 16.415000000000003 0.3000000000000001 3.3000000000000003 1.5000000000000002 1.4150000000000003 7.7300000000000013 2.5000000000000004 10.025 16.175000000000004 1.0000000180025095e-35 16.505000000000006 17.070000000000004 2.5000000000000004 13.265000000000002 1.3 1.0000000180025095e-35 2.5000000000000004 20.700000000000006 1.5000000000000002 17.820000000000004 17.955000000000002 9.8550000000000022 17.220000000000002 1.5000000000000002 0.50000000000000011 16.165000000000003 36.300000000000004 2.3000000000000003 1.9000000000000001 1.5000000000000002 14.600000000000001 3.3000000000000003 23.100000000000005 1.0000000180025095e-35 2.4650000000000012 50.300000000000004 0.70000000000000007
decision_type=2 2 2 2 2 2 2 2 2 2 2 2 2 2 2 2 2 2 2 2 2 2 2 2 2 2 2 2 2 2 2 2 2 2 2 2 2 2 2 2 2 2 2 2
left_child=1 -1 -3 4 -2 -4 -7 11 9 10 -9 -5 20 14 -14 -15 17 -10 19 -19 -13 -20 23 -22 25 26 29 28 31 30 -18 -27 -16 -31 -26 -23 39 38 43 40 -24 -42 -43 -38
right_child=3 2 5 7 -6 6 -8 8 16 -11 -12 12 13 15 32 -17 24 18 21 -21 22 35 36 -25 34 27 -28 -29 -30 33 -32 -33 -34 -35 -36 -37 37 -39 -40 -41 41 42 -44 -45
leaf_value=0.014354627025433076 -0.01421589330304414 -0.018506691932678225 0.0087421642486439199 -0.0014976599446187417 0.011184272206629868 -0.0087938171417214148 0.0051398640316586168 0.0033300870560385564 0.0038862233305418932 -6.9673299939945502e-05 0.00084779730604754556 0.0016342266416177155 -0.0038559802422638645 -0.00054843647189137311 -0.0010422939603978937 0.0029364211056623368 -0.00087211527944272094 0.0023501957619957853 -0.0015522619079621064 -0.00093103939783759418 0.00047784250185248402 0.00060235863861938317 -0.00065055603006233765 -0.0026954871451570872 0.00079627281399788689 0.00076012200944953492 -0.001766122220704953 0.0011643831191791429 -0.00081719526076792835 0.0008230588279871477 5.7197274730330514e-05 3.2681093150232402e-06 -0.00022557227597148579 2.0105525368341694e-05 2.1383281952391066e-05 -0.00017828777396061924 0.00064352345764981931 -0.00049704203858882902 0.00068606418755018362 -0.00067143860630070181 0.00025514483395891712 1.8463670645677853e-05 -0.00075814141635915315 -6.5332370934387051e-05
leaf_weight=39 48 22.5 21.5 45 27 21.5 21.5 54 27 49.5 45 18 44 49.5 44 38.5 62 33 21 24 42 21 24 21 54 45 45 45 54 45 77.5 450 88 67.5 54 96 27 31.5 66 30 129 126 33 75
leaf_count=39 39 18 20 45 18 20 20 36 27 27 18 18 24 27 24 21 31 33 21 24 42 21 24 21 24 20 20 20 24 20 31 200 48 30 24 96 27 27 39 30 114 84 30 48
internal_value=1.88172e-11 0.00200656 -0.00352878 -0.000106408 -0.00507183 0.00169607 -0.00182698 5.54373e-05 0.000244602 0.00144462 0.00220177 -0.000222674 -0.000157954 -0.000566174 -0.00133735 0.000976189 9.86528e-05 0.000554396 9.30663e-05 0.000968623 1.51707e-05 -0.000268577 -3.30394e-05 -0.000579934 -2.62345e-06 -5.24964e-05 -0.000305451 7.39812e-05 -1.5396e-05 -4.46174e-05 -0.000355831 7.2073e-05 -0.000497813 0.000341287 0.000408828 -3.81718e-05 3.05883e-05 0.000211021 0.000343782 -7.46639e-05 -1.72817e-05 3.54911e-05 -0.000142719 0.000122306
internal_weight=2502 126 87 2376 75 64.5 43 2301 1369.5 148.5 99 931.5 886.5 264 176 88 1221 222 195 57 622.5 138 604.5 63 999 891 297 594 549 252 139.5 495 132 112.5 108 117 541.5 199.5 168 342 312 288 159 102
internal_count=1614 117 78 1497 57 60 40 1440 747 81 54 693 648 144 96 48 666 222 195 57 504 138 486 63 444 396 132 264 244 112 62 220 72 50 48 117 423 141 114 282 252 228 114 75
is_linear=0
shrinkage=0.08


Tree=159
num_leaves=45
num_cat=0
split_feature=37 31 0 37 13 22 34 2 2 37 37 31 30 11 16 12 34 22 37 13 30 33 32 32 37 15 37 37 34 10 34 34 35 33 34 31 30 2 27 2 18 18 30 32
split_gain=0.101305 2.2817 0.277312 0.120951 0.527951 0.445619 0.218031 0.267856 0.0903979 0.0786616 0.278544 0.0419479 0.0251133 0.018137 0.0122001 0.0096847 0.00940199 0.00859823 0.00781023 0.0314977 0.00346817 0.00753212 0.0112502 0.0049274 0.0821023 0.0262052 0.0047975 0.0183232 0.0046391 0.00490378 0.00461397 0.00328182 0.00316531 0.00365495 0.00226115 0.00225224 0.0020718 0.00332826 0.00203004 0.00370131 0.00256342 0.00192958 0.00185941 0.00169185
threshold=16.425000000000004 0.3000000000000001 8.3270000000000017 2.3250000000000006 1.1449999809265139 1.1000000000000003 1.0000000180025095e-35 16.415000000000003 16.960000000000004 11.97499990463257 9.7850000000000019 5.1000000000000005 1.0000000000000002 1.1549999713897707 9.2350000000000012 9.6700000000000017 55.300000000000011 21.100000000000005 8.0900000000000016 7.8200000000000012 0.3000000000000001 1.7000000000000004 0.70000000000000007 0.50000000000000011 11.655000000000001 0.58499999999999919 11.655000000000001 11.832692307692311 11.500000000000002 9.8000000000000025 10.500000000000005 119.60000000000004 1.5000000000000002 4.6000000000000005 8.7000000000000046 0.3000000000000001 0.3000000000000001 13.955000000000002 13.000000000000002 16.185000000000006 1.1000000000000003 3.3000000000000003 9.9000000000000004 0.70000000000000007
decision_type=2 2 2 2 2 2 2 2 2 2 2 2 2 2 2 2 2 2 2 2 2 2 2 2 2 2 2 2 2 2 2 2 2 2 2 2 2 2 2 2 2 2 2 2
left_child=2 -2 -1 5 -5 -4 7 9 11 10 13 -3 -10 -6 18 -14 -13 -16 19 32 21 30 -23 24 25 -22 28 -28 -25 31 34 42 33 35 -20 -8 37 -34 39 40 -29 -42 -30 -38
right_child=1 8 3 4 6 -7 14 -9 12 -11 -12 16 15 -15 17 -17 -18 -19 20 -21 23 22 -24 26 -26 -27 27 38 29 -31 -32 -33 36 -35 -36 -37 43 -39 -40 -41 41 -43 -44 -45
leaf_value=0.011599260965983073 -0.025530552769525219 0.0052998114625612894 -0.0022953204065561295 -0.013640350012315646 0.0011842094676362146 0.01203139317765211 -0.00066324209302870765 0.010974217255910237 -0.0026105507121731838 -0.0025468816867341166 0.0099149951152503486 0.00046296656286964812 -0.00010672478660934656 -0.0018426039198349263 -0.00028370201720723085 0.0017847320574912288 0.0027808464149988834 -0.0025729869235129581 -0.0001082265076537927 -0.0017413966899568385 -0.00041081093648379601 0.0016876889229295591 3.0842126536838435e-05 0.00068247996960525161 -0.003556334178429097 0.002203145716753271 0.002225137675801913 0.0010971098113805055 -5.3056765404139783e-05 -0.00072016079758181642 0.00054559952141495333 -0.00067797294631600374 0.00037244733190163972 -0.0012548803558780086 -0.0010400428871313731 0.00017383402271661908 0.00056724326188365619 -0.00080852574934916837 0.00080140007038911182 -0.00044357632846989923 -0.00055622020825034097 0.00031531904769104181 0.00026246674794324298 4.3607987102496534e-05
leaf_weight=13.499999999999998 23 33 33 18 22.5 24 36 24 24 23 24 24 99 29 21 21 21 21 37.5 82.5 54 51 54 54 39 45 30 21 456 70.5 42 45 24 27 30 48 45 42 24 69 21 72 162 322.5
leaf_count=9 23 33 33 18 18 24 36 12 24 23 21 24 99 26 21 21 21 21 30 33 24 30 30 24 36 21 15 21 210 30 24 21 24 27 15 45 36 24 12 42 21 72 75 165
internal_value=-1.53108e-11 -0.00154506 0.000167718 9.893e-05 4.08947e-06 0.00373698 0.000117347 0.00339569 0.000939924 0.00154915 0.00279694 0.00313337 -0.000248192 -0.00052021 -7.89365e-05 0.00022428 0.00154464 -0.00142834 -5.06555e-05 -0.000284704 5.59157e-05 0.000351483 0.000835596 1.37882e-06 -0.000447386 0.000777351 6.18274e-05 0.000377395 -3.31435e-05 -8.58274e-05 -0.000112736 -1.83756e-05 -6.39932e-05 -0.000445175 -0.000522367 -0.000184913 3.36106e-05 -0.000379081 0.000109606 1.88792e-05 0.000298786 0.00011852 2.96533e-05 0.000107727
internal_weight=2502 245 2257 2243.5 2186.5 57 2168.5 122.5 222 98.5 75.5 78 144 51.5 2046 120 45 42 2004 627 1377 214.5 105 1162.5 138 99 1024.5 237 787.5 733.5 109.5 663 544.5 111 67.5 84 433.5 66 207 183 114 93 618 367.5
internal_count=1614 245 1369 1360 1303 57 1285 100 222 88 65 78 144 44 1185 120 45 42 1143 390 753 129 60 624 81 45 543 183 360 336 69 306 357 108 45 81 249 48 168 156 114 93 285 201
is_linear=0
shrinkage=0.08


Tree=160
num_leaves=45
num_cat=0
split_feature=37 0 0 37 13 22 32 29 37 36 36 15 16 15 35 7 15 0 31 0 31 32 37 35 15 33 36 0 31 37 10 8 6 31 36 30 31 37 1 27 0 37 36 18
split_gain=0.0857448 2.1773 0.234717 0.102373 0.446858 0.377172 0.0963129 0.0725913 0.141147 1.66782 0.953687 2.50138 1.31214 0.90636 0.594213 0.250083 0.243334 0.0227868 0.0302208 0.0208062 0.0147725 0.0117167 0.00586599 0.044284 0.0537332 0.0055492 0.0166857 0.0138818 0.00549438 0.00515758 0.00510004 0.00498539 0.0153583 0.00416777 0.00985105 0.115133 0.0784667 0.0173115 0.00890978 0.00316697 0.00277054 0.00267183 0.00298552 0.00245403
threshold=16.425000000000004 16.465000000000003 8.3270000000000017 2.3250000000000006 1.1449999809265139 1.1000000000000003 0.50000000000000011 1.0000000180025095e-35 7.9350000000000014 2.5000000000000004 2.5000000000000004 1.7550001144409182 6.6350000000000016 1.7800000452995304 1.5000000000000002 2.9550000429153447 1.4549999999999998 17.150000000000002 3.3000000000000003 13.180000000000001 9.4000000000000004 1.9000000000000001 9.9450000000000021 1.5000000000000002 1.8342307692307702 1.0000000180025095e-35 1.5000000000000002 16.565000000000001 1.0000000180025095e-35 9.7950000000000017 9.6700000000000017 10.025 10.105000000000002 6.5000000000000009 2.5000000000000004 0.50000000000000011 1.0000000000000002 11.655000000000001 17.845000000000002 7.5000000000000009 17.365000000000006 10.675000000000002 1.5000000000000002 2.3000000000000003
decision_type=2 2 2 2 2 2 2 2 2 2 2 2 2 2 2 2 2 2 2 2 2 2 2 2 2 2 2 2 2 2 2 2 2 2 2 2 2 2 2 2 2 2 2 2
left_child=2 -2 -1 5 -5 -4 -3 8 9 14 12 -12 -10 16 15 -6 -14 18 -8 -9 -20 -19 25 24 -24 26 -21 -28 -26 30 31 -27 -33 34 35 -30 -36 -38 40 -34 -37 -35 -43 -31
right_child=1 6 3 4 7 -7 17 19 10 -11 11 -13 13 -15 -16 -17 -18 21 20 22 -22 -23 23 -25 28 29 27 -29 33 43 -32 32 39 41 36 38 37 -39 -40 -41 -42 42 -44 -45
leaf_value=0.010671321021185979 -0.026716922406107187 0.0056170075210199375 -0.0021116948421254305 -0.012549122191137739 -0.0034278924483805897 0.011068880601475636 0.0035213772462749922 -0.0020842123711763911 0.013982101832826933 0.017348876425845396 0.0043087051228473065 -0.025049553108019908 -0.0014195831198441356 -0.013255343668162823 -0.011792523300363905 0.0092233163677155981 0.007575651733980825 -0.0020935871212610178 -0.0014094994407856749 -0.0021987853221821065 0.0015912004262818734 -3.2916228257555951e-05 -0.0037311919760153007 0.0028121863027413684 -0.00096769824762035306 2.8962327994646114e-05 -0.0012665587278703849 0.0010635323403403163 0.005468771567767752 -0.00091630014982344455 0.00067667945077181117 -0.0015089356737832231 0.00011552636497512912 0.00044831525401345325 -0.0039571145994381773 2.6232905986641227e-05 -0.00012699003919566931 0.0023040687801266038 -0.0013627857548583831 -0.00053494748026477513 0.00090999070557050551 -0.00082232605613006106 -1.5240540325810964e-05 -0.00014069202245168741
leaf_weight=13.499999999999998 20 24 33 18 20 24 27 33 52.5 37 47.5 30.5 38 30 31.5 20 39 21 21 33 21 111 24 37.5 27 660 30 36 28 69 58.5 60 165 42 27 120 38 37 28 67.5 28 44 88 42
leaf_count=9 20 24 33 18 20 24 27 33 30 31 25 24 18 28 21 20 24 21 21 20 21 111 18 15 21 381 24 16 22 30 27 24 66 21 21 88 19 29 14 27 14 31 62 21
internal_value=1.44007e-12 -0.00142145 0.000154301 9.10156e-05 3.76234e-06 0.00343802 0.000827031 0.00010796 0.00117026 0.00356085 7.81407e-05 -0.00717113 0.00362324 -0.00145938 -0.00357421 0.00289771 0.00313644 0.000255094 0.00143323 -9.37176e-05 9.08505e-05 -0.00036075 -5.70111e-05 0.000155258 -3.23778e-05 -0.000155844 -0.000729995 4.40004e-06 0.000142714 -0.000105184 -4.83505e-05 -9.28799e-05 -0.000367806 0.000205175 0.000382935 0.000703898 -0.000258992 0.00107233 -5.41495e-05 -7.33209e-05 0.00019343 -0.000107438 -0.000284269 -0.000622827
internal_weight=2502 245 2257 2243.5 2186.5 57 225 2168.5 346 108.5 237.5 78 159.5 107 71.5 40 77 201 69 1822.5 42 132 1789.5 568.5 531 1221 99 66 507 1122 1011 952.5 292.5 480 306 204 102 75 176 232.5 148 174 132 111
internal_count=1614 245 1369 1360 1303 57 225 1285 241 92 149 49 100 70 61 40 42 201 69 1044 42 132 1011 375 360 636 60 40 342 576 525 498 117 321 207 138 69 48 116 93 102 114 93 51
is_linear=0
shrinkage=0.08


Tree=161
num_leaves=45
num_cat=0
split_feature=0 36 5 37 8 34 4 37 1 34 4 0 37 16 37 14 36 32 37 37 37 4 30 9 10 31 37 2 36 17 37 0 37 34 36 10 30 4 4 18 21 34 29 4
split_gain=0.0866709 0.851059 4.6489 3.49607 1.3621 0.364824 0.198563 0.0671339 0.156351 0.11654 0.0169745 0.0103422 0.00947902 0.0070541 0.0057936 0.0237768 0.0102039 0.0480891 0.0382855 0.0438231 0.258332 0.0535916 0.0265279 0.0212705 0.0113596 0.0106169 0.00742708 0.00577457 0.00512652 0.00858748 0.0052077 0.00596284 0.00504052 0.00451247 0.00435743 0.0170058 0.00867577 0.00402317 0.0033038 0.00325099 0.00264592 0.00260492 0.00282968 0.00254051
threshold=11.984999656677248 1.5000000000000002 2.9450000524520878 2.9500000238418584 2.9250000715255742 1.0000000180025095e-35 11.984999656677248 16.425000000000004 16.475000000000005 9.5000000000000053 16.545000000000005 13.180000000000001 3.7450000000000006 7.0650000000000013 8.0900000000000016 7.8950000000000005 2.5000000000000004 1.0000000180025095e-35 16.155000000000005 11.72423076923077 11.832692307692311 17.910000000000004 0.50000000000000011 11.893461538461539 7.8500000000000005 1.0000000180025095e-35 14.875000000000002 17.935000000000006 2.5000000000000004 0.70000000000000007 3.3550000000000004 13.955000000000002 13.56 31.500000000000004 2.5000000000000004 8.9450000000000021 2.3000000000000003 13.425000000000002 16.115000000000006 3.3000000000000003 2.1000000000000005 9.2000000000000046 0.50000000000000011 17.475000000000005
decision_type=2 2 2 2 2 2 2 2 2 2 2 2 2 2 2 2 2 2 2 2 2 2 2 2 2 2 2 2 2 2 2 2 2 2 2 2 2 2 2 2 2 2 2 2
left_child=1 3 4 -1 -3 -2 -6 11 -9 -10 -11 12 -7 34 15 28 18 -18 19 21 -21 25 -19 26 -20 -16 43 32 30 40 31 -13 -22 37 36 -36 -12 -32 39 -39 -30 -27 -43 -24
right_child=5 2 -4 -5 6 7 -8 8 9 10 13 14 -14 -15 16 -17 17 22 24 20 27 -23 23 -25 -26 41 -28 -29 29 -31 33 -33 -34 -35 35 -37 -38 38 -40 -41 -42 42 -44 -45
leaf_value=0.012578794841582959 -0.0061952989057796762 -0.018864873324831326 0.039475336213197029 -0.031602949692027232 0.0096223224699497224 -0.00024486117903143169 -0.00066845276392996317 0.0079035266063043046 0.0056074423784459081 0.0021479838505564703 -0.0018512648202013225 0.0017692840768193658 -0.0023779178379724421 -0.0015332552965264768 -0.0010772968525998294 -0.0022257698827733599 0.0029973750793716955 -0.0014573351508082172 -0.0012054653652012349 0.010800631530582906 0.0011945746743175036 -0.0028842260430489357 9.3239270087068954e-05 0.0019675463305579293 -0.0039017841480672361 0.000551151807362936 0.0012622188264504075 -0.00090904292517474713 -0.0018850552961230276 -0.00015218000404878976 -0.0015777595196333196 -0.0001393155287951231 6.106720709188569e-05 0.00012850233509916029 -0.00065093354756633442 0.0023606732850894332 1.1610906163696199e-05 0.00054891379462001285 -0.00091790286770888744 -0.00054325248848533989 -0.00077530040253292434 -0.00059113228040044772 4.8001198658973657e-06 -0.00051727218329216599
leaf_weight=26 61.5 24 21 20.5 24 30 24 21 27 21 20 22 24 24 66 37.5 39.5 61.5 20 15.999999999999998 34 48 227 45 20 49 32 28 27.5 141.5 18 20 96 228 30 20 80 37 35 33 27.5 57 484 54
leaf_count=26 39 24 18 19 24 30 24 21 27 21 20 22 24 24 30 15 24 35 20 8 22 20 116 20 20 22 32 14 23 85 18 20 96 124 30 20 80 28 14 24 17 26 224 24
internal_value=3.07163e-11 0.00193768 0.00635611 -0.00689918 -0.00330367 -0.000114415 0.00447693 4.81116e-05 0.00130565 0.000681529 -5.20158e-07 -0.000100374 -0.00119289 -0.000259822 -7.09346e-05 -0.000272515 2.08526e-05 0.000328831 -0.000133137 -2.28638e-05 0.00111399 -0.000303848 7.75616e-05 0.000341238 -0.00255362 -0.00011504 0.000107424 0.000133068 -0.000148262 -0.0004819 1.85564e-05 0.000860427 0.000357523 -8.21802e-05 -5.60731e-05 0.000553709 -0.000360964 -0.000472714 -0.000283277 3.40354e-05 -0.00133018 -7.39804e-06 -5.79876e-05 -2.40832e-05
internal_weight=2502 139.5 93 46.5 72 2362.5 48 2301 243 222 195 2058 54 174 2004 627 1377 459 918 878 174 704 419.5 358 40 656 313 158 589.5 196.5 393 42 130 351 150 50 100 123 105 70 55 590 541 281
internal_count=1614 135 90 45 72 1479 48 1440 243 222 195 1197 54 174 1143 390 753 251 502 462 140 322 227 192 40 302 172 132 375 125 250 42 118 208 150 50 100 84 66 52 40 272 250 140
is_linear=0
shrinkage=0.08


Tree=162
num_leaves=45
num_cat=0
split_feature=3 35 0 35 34 35 35 14 30 30 31 33 30 30 33 14 30 17 33 33 33 36 0 15 36 10 36 34 31 29 0 26 10 34 34 31 15 36 31 23 14 32 16 35
split_gain=0.0824775 1.42911 1.06967 0.269034 0.256397 1.37555 0.0239145 0.0377356 0.108064 0.0189195 0.0173924 0.0205078 0.0152808 0.0169089 0.0133976 0.0133926 0.0118975 0.0115785 0.00763929 0.0130761 0.00580868 0.00803762 0.0129133 0.00458221 0.0230781 0.00358249 0.00424004 0.068203 0.0243581 0.0328983 0.0107087 0.00909617 0.00807735 0.00744542 0.0123527 0.00474226 0.00234272 0.00248865 0.00198841 0.00196412 0.00229992 0.00219384 0.00212493 0.00272127
threshold=11.984999656677248 1.0000000180025095e-35 10.850000000000001 1.5000000000000002 1.0000000180025095e-35 1.5000000000000002 1.0000000180025095e-35 8.490000000000002 0.3000000000000001 1.0000000180025095e-35 1.7000000000000004 2.1000000000000005 0.3000000000000001 3.3000000000000003 19.000000000000004 8.8950000000000014 2.1000000000000005 5.3000000000000016 5.0000000000000009 1.5000000000000002 1.0000000180025095e-35 1.5000000000000002 16.565000000000001 2.4900000000000007 2.5000000000000004 9.9350000000000005 2.5000000000000004 5.400000000000003 1.0000000180025095e-35 1.0000000180025095e-35 13.56 10.400000000000002 9.8000000000000025 9.9000000000000039 12.500000000000005 1.0000000180025095e-35 1.2450000000000001 1.5000000000000002 20.700000000000006 11.400000000000002 7.8500000000000005 8.7000000000000011 6.1050000000000013 1.5000000000000002
decision_type=2 2 2 2 2 2 2 2 2 2 2 2 2 2 2 2 2 2 2 2 2 2 2 2 2 2 2 2 2 2 2 2 2 2 2 2 2 2 2 2 2 2 2 2
left_child=1 -1 -3 -4 5 -2 7 9 -9 -6 16 -12 -11 17 23 -13 -10 18 19 -14 21 -8 -23 24 -15 26 28 -28 29 -22 -29 33 36 -32 -35 -36 37 -30 39 40 42 -42 -38 -44
right_child=4 2 3 -5 6 -7 20 8 10 12 11 15 13 14 -16 -17 -18 -19 -20 -21 25 22 -24 -25 -26 -27 27 30 32 -31 31 -33 -34 34 35 -37 38 -39 -40 -41 41 -43 43 -45
leaf_value=0.014719806409034975 -0.012834543014566104 -0.018728960196177164 0.0070700730284055067 -0.0032885711483549378 -0.001736791112431974 0.0097367513635092315 -0.0015335902185520021 0.0065305463783442977 -0.0019839704298369944 0.0019941622726619241 0.0035173734011394635 0.0021504208026453852 -0.00059197640878015331 -0.00025755995604082602 0.0024347442582560086 -0.00043393372554529578 0.00062343635441114507 0.00069897776818834251 -0.00021435779495125945 -0.0034151344409301164 -0.0033500393841947827 -0.0010498619190943629 0.00097308808549617729 -6.5679870579818568e-05 0.0029158371060409327 0.00046949583502417362 0.003719604712955299 -0.0021534631168469787 0.00062604915168318722 -6.3566766382957049e-05 -0.0013453995903569555 0.0010336884305708939 -0.0010119791221115048 0.0017750734615732322 -0.0016463317473729452 -0.00012050165972096922 0.00062890653257016791 -4.1423449374188285e-05 0.00029292697035758703 0.00029187629102832741 -0.00070370603720715024 -0.00011490925492569344 -0.00030837881182990619 8.5550965879396625e-05
leaf_weight=39 48 22.5 30 34.5 33 27 41 24 21 30 21 21 21 44 21 33 24 24 24 21 35 46 36 96 22 81 31.5 15.999999999999998 71.5 44 31.5 45 54 22 13.499999999999998 379.5 27 71.5 91 72 81 81 214 236
leaf_count=39 39 18 30 30 33 18 26 24 21 30 21 21 21 44 21 33 24 24 24 21 20 36 16 96 22 36 24 16 34 24 14 20 24 12 6 190 12 34 44 32 36 36 134 134
internal_value=-1.99562e-11 0.00199458 -0.00370983 0.0015294 -0.000105773 -0.00470888 4.42627e-05 0.000546601 0.00163011 8.22394e-05 0.000650025 0.00139605 0.000280352 9.20208e-05 0.000533553 0.000571093 -0.000593353 -0.000805761 -0.00135294 -0.00200356 -8.81494e-05 -0.000619022 -0.000161738 0.000287102 0.000800239 -4.9694e-05 -7.57017e-05 0.000107502 -0.000167304 -0.0015196 -0.000116697 -5.03934e-05 -6.03655e-05 -0.000159651 -6.96488e-05 -0.000172916 -5.98753e-06 0.000292313 -5.91758e-05 -0.000104241 -0.000148874 -0.000409308 -6.04247e-05 -0.000101785
internal_weight=2502 126 87 64.5 2376 75 2301 480 144 336 120 75 303 273 183 54 45 90 66 42 1821 123 82 162 66 1698 1617 539 1078 79 507.5 491.5 999 446.5 415 393 945 143 802 711 639 162 477 450
internal_count=1614 117 78 60 1497 57 1440 480 144 336 120 75 303 273 183 54 45 90 66 42 960 78 52 162 66 882 846 282 564 44 258 242 520 222 208 196 496 68 428 384 352 72 280 268
is_linear=0
shrinkage=0.08


Tree=163
num_leaves=45
num_cat=0
split_feature=37 4 34 35 5 0 15 36 35 30 0 30 29 5 37 14 36 32 37 37 37 4 30 9 14 31 18 0 15 37 16 35 36 15 0 0 15 30 32 32 36 9 23 11
split_gain=0.0939161 2.46266 0.222909 0.910764 1.88002 0.979822 0.681604 0.515479 1.06849 0.109375 0.0159109 0.0169419 0.0214454 0.00780668 0.00424804 0.019639 0.00756562 0.0409687 0.0310036 0.032832 0.222553 0.0458776 0.0217705 0.0177025 0.0106717 0.00739857 0.00603815 0.00882257 0.00804935 0.00555444 0.0042996 0.00419431 0.00362605 0.00884975 0.00809675 0.00315739 0.00266145 0.00259877 0.0030831 0.00402527 0.00228675 0.00742485 0.00312842 0.00218999
threshold=16.425000000000004 16.455000000000002 1.0000000180025095e-35 1.0000000180025095e-35 2.935000061988831 11.729999904632569 1.7950000762939455 2.5000000000000004 1.5000000000000002 0.3000000000000001 17.070000000000004 6.9000000000000012 5.1000000000000005 3.7450000000000006 8.0900000000000016 7.8950000000000005 2.5000000000000004 1.0000000180025095e-35 16.155000000000005 11.72423076923077 11.832692307692311 17.910000000000004 0.50000000000000011 11.893461538461539 7.8350000000000009 1.0000000180025095e-35 0.3000000000000001 14.335000000000003 2.3826923076923081 14.875000000000002 6.1050000000000013 1.5000000000000002 2.5000000000000004 2.1715384615384621 14.110000000000001 17.325000000000003 0.29999999999999899 4.6000000000000005 1.9000000000000001 1.0000000180025095e-35 2.5000000000000004 11.911538461538465 7.5000000000000009 7.3050000000000006
decision_type=2 2 2 2 2 2 2 2 2 2 2 2 2 2 2 2 2 2 2 2 2 2 2 2 2 2 2 2 2 2 2 2 2 2 2 2 2 2 2 2 2 2 2 2
left_child=2 -2 3 4 -1 -5 7 8 -7 -3 11 12 -11 -4 15 30 18 -18 19 21 -21 25 -19 29 -20 -16 28 -28 -22 36 -15 37 34 -34 -33 -12 -24 38 39 -32 41 42 -37 -35
right_child=1 9 13 5 -6 6 -8 -9 -10 10 35 -13 -14 14 16 -17 17 22 24 20 26 -23 23 -25 -26 -27 27 -29 -30 -31 31 32 33 43 -36 40 -38 -39 -40 -41 -42 -43 -44 -45
leaf_value=-0.0020266163746515912 -0.028389682630077004 0.0060081027758618205 -0.0012534622941166164 -0.013911235959906327 0.027677886996418238 0.014744888819488031 0.013515486464436566 -0.0098948718607425688 -0.0066542452128487643 0.0040829760763084607 -0.0010899861254507588 -0.00050770882494925035 0.00046752620233400237 -0.00081646155175708586 -0.0008936608654700897 -0.0020117779115835827 0.0027420623455479552 -0.001317531422484578 -0.00099012302979826919 0.0099521150812506686 -0.0011957208263698876 -0.0026525307221648593 -0.00087178732123639844 0.0017734089001185363 -0.0036035238341428338 -5.2461984899818463e-07 0.0020055065630003809 7.3166235355705381e-05 0.00041121658579581176 0.0010751120280474424 -0.0013222701983925487 0.0014200653677107766 -0.0018329622503370046 0.00041454475813655449 7.0336580372440955e-05 0.0006429159172694199 3.5366737662059772e-05 0.0002048129564220155 -0.0014665421983227134 1.9084868952631952e-05 0.00047553621676902719 -0.0016039106592070313 -0.00056797131218693474 -0.00027991037984048168
leaf_weight=30 20 24 36 28.5 25 28 28 27.5 32 21 21 21 21 52.5 66 37.5 39.5 63.5 20 15.999999999999998 42 48 22.5 45 20 590 20 62 38 32 21 32 20 46.5 256 36 258.5 27 24 45 39 20 22 77.5
leaf_count=30 20 24 36 24 25 26 16 25 26 21 21 21 21 21 30 15 24 37 20 8 34 20 10 20 20 272 20 62 20 32 21 32 20 33 136 36 130 27 21 45 39 20 22 31
internal_value=3.65357e-12 -0.00148764 0.000161486 0.00271821 0.0114754 -0.000626559 0.00265148 -0.000825005 0.00333202 0.000903648 0.00029416 0.0013476 0.00227525 -8.57392e-05 -6.49488e-05 -0.000235539 1.38705e-05 0.000278487 -0.000118437 -1.96444e-05 0.000951046 -0.000265075 4.76176e-05 0.00028976 -0.00229682 -9.03828e-05 6.20518e-05 0.000544469 -0.000432426 7.64558e-05 -0.000124801 -5.86587e-05 5.64173e-05 -0.000271361 0.000220306 -0.000186757 -3.72702e-05 -0.000483555 -0.000690065 -0.00040771 -2.46384e-05 -0.000274726 0.000183614 -1.94897e-05
internal_weight=2502 245 2257 199 55 144 115.5 87.5 60 225 201 63 42 2058 2022 639 1383 461 922 882 178 704 421.5 358 40 656 162 82 80 313 601.5 549 432 144 288 138 281 117 90 66 117 78 58 124
internal_count=1614 245 1369 172 55 117 93 77 52 225 201 63 42 1197 1161 402 759 253 506 466 144 322 229 192 40 302 136 82 54 172 387 366 252 84 168 138 140 114 87 66 117 78 58 64
is_linear=0
shrinkage=0.08


Tree=164
num_leaves=45
num_cat=0
split_feature=9 36 6 34 36 15 36 35 34 15 15 16 2 4 36 15 13 15 31 33 36 36 21 12 18 4 30 36 13 31 4 12 29 36 22 34 11 36 20 31 36 27 22 22
split_gain=0.0916192 1.76351 3.00898 0.154755 1.7069 2.00543 1.37573 0.0291051 0.0300392 0.0339696 0.0707879 0.0618167 0.0453547 0.0286298 0.0204994 0.0525229 0.0308499 0.0293677 0.00707324 0.0045992 0.00679802 0.0126186 0.00459629 0.0036588 0.00580598 0.00307117 0.00606732 0.0047742 0.0645541 0.0412205 0.0147912 0.0119211 0.00488995 0.00396493 0.067086 0.0365889 0.00313438 0.00216243 0.00530135 0.00358841 0.00185578 0.0012016 0.00111601 0.00154429
threshold=2.935000061988831 1.5000000000000002 2.9050000905990605 1.0000000180025095e-35 2.5000000000000004 1.7861538866850044 1.5000000000000002 1.0000000180025095e-35 119.60000000000004 1.6349999999999998 1.4150000000000003 7.3600000000000021 16.765000000000004 11.994999885559084 2.5000000000000004 1.9073076923076921 7.455000000000001 2.2450000000000001 6.9000000000000012 1.0000000180025095e-35 1.5000000000000002 2.5000000000000004 5.6000000000000005 7.6650000000000009 0.90000000000000013 16.475000000000005 0.3000000000000001 1.5000000000000002 9.7700000000000014 0.70000000000000007 17.935000000000006 9.2200000000000006 1.3 2.5000000000000004 1.0000000180025095e-35 12.500000000000005 7.7550000000000008 1.5000000000000002 2.7000000000000006 1.7000000000000004 1.5000000000000002 13.000000000000002 65.700000000000017 22.600000000000005
decision_type=2 2 2 2 2 2 2 2 2 2 2 2 2 2 2 2 2 2 2 2 2 2 2 2 2 2 2 2 2 2 2 2 2 2 2 2 2 2 2 2 2 2 2 2
left_child=1 -1 -3 4 5 6 -2 8 9 10 11 12 18 -6 15 -11 22 -18 -5 20 -9 -22 -16 37 40 33 -27 28 31 -29 32 -28 -31 34 -21 -35 42 39 -39 -17 -25 -34 43 -37
right_child=3 2 -4 7 13 -7 -8 19 -10 14 -12 -13 -14 -15 16 23 17 -19 -20 25 21 -23 -24 24 -26 26 27 29 -30 30 -32 -33 41 35 -36 36 -38 38 -40 -41 -42 -43 -44 -45
leaf_value=-0.014047021137343511 0.00021864209134699934 0.03210684857952098 -0.0058972371723502873 -0.00065394862244526548 -0.013361809787650903 -0.012191946212428086 0.024650713580392173 -0.0013908694909953671 0.0035846313027044136 -0.0042954076230525976 0.0052365783789988475 -0.002649074397567246 0.0044316876512150178 -0.017357218934392387 -0.00080852752744440778 -0.00092419519217219206 0.0047919186614453794 0.00083429963832410683 0.0013564874798092724 -0.0041730481689726869 0.00086317429591606311 -0.0011216368462617803 0.00066622132923276653 -0.00044409935402780262 -0.0015179046526662371 0.00071459826978820349 8.1465267717386742e-06 -0.0020736716551676628 0.0030396892316639423 -0.00075454349060439412 0.0014799960520532397 -0.0014343397650453779 0.00010246102380607943 0.0023453350412922028 -7.167813617985884e-05 -0.00035115140053082488 -0.00082135033340026171 0.0014863030245760456 -4.1141707386652182e-05 0.00039381737277532615 0.0004609429348131706 -0.00033541522057364798 -0.0005296998908338339 0.00024168318546744007
leaf_weight=27 29.5 24 30 24 24 33 29.5 41 21 20 27 27 27 22 38 20 20 30 21 27 41 41 21 29 22 81 198 63 45 54 45 45 369 39 467 49 58.5 26 33 39 29 45 34.5 66
leaf_count=24 27 18 30 24 24 26 27 26 21 20 27 27 27 16 38 20 20 30 21 12 26 26 21 29 22 36 88 28 20 24 20 20 164 34 288 24 26 26 33 39 29 20 28 38
internal_value=-2.76049e-11 0.00264664 0.0109935 -8.85493e-05 -0.00269008 0.00360121 0.0124347 6.87047e-05 0.000626727 0.000489605 0.00160563 0.000615374 0.00183954 -0.0152727 5.95766e-05 -0.000388314 0.000955357 0.00241735 0.000284255 -7.75101e-05 -0.000549777 -0.000129231 -0.000283617 6.34211e-06 -0.000411318 -4.30564e-05 5.25543e-05 -9.51235e-06 0.000256437 -0.000142487 9.46762e-05 -0.000258981 -3.85276e-05 -0.000164989 -0.000295842 9.6717e-05 -0.000324899 0.000289501 0.00063197 -5.29665e-05 8.42179e-06 5.48658e-05 -0.000130635 -1.09159e-05
internal_weight=2502 81 54 2421 138 92 59 2283 474 453 126 99 72 46 327 218 109 50 45 1809 123 82 59 198 80 1686 945 864 288 576 513 243 468 741 494 247 208 118 59 59 58 414 149.5 115
internal_count=1614 72 48 1542 120 80 54 1422 474 453 126 99 72 40 327 218 109 50 45 948 78 52 59 198 80 870 420 384 128 256 228 108 208 450 300 150 116 118 59 59 58 184 90 62
is_linear=0
shrinkage=0.08


Tree=165
num_leaves=45
num_cat=0
split_feature=9 34 1 0 0 0 3 34 12 4 15 29 32 14 15 4 15 0 0 30 13 14 34 19 34 32 27 4 33 32 34 29 0 30 23 3 34 26 30 18 32 29 15 0
split_gain=0.0775465 0.130985 0.703425 0.122726 0.0248009 0.00980688 0.0253064 0.0163005 0.00777067 0.00748151 0.0071257 0.00633527 0.00576398 0.0079082 0.00404593 0.0032871 0.00324654 0.00307103 0.00261305 0.00234784 0.00311459 0.00204486 0.00203861 0.00110007 0.00197356 0.00352342 0.000964553 0.000934761 0.000738464 0.000682455 0.000594607 0.000945633 0.000597931 0.000626178 0.000567625 0.000505364 0.000447243 0.000401274 0.000381737 0.000286265 0.00025014 0.000228725 0.000210127 0.000126434
threshold=2.935000061988831 1.0000000180025095e-35 16.415000000000003 10.850000000000001 11.97499990463257 16.415000000000003 16.475000000000005 6.0000000000000044 7.9050000000000011 11.994999885559084 1.4150000000000003 4.6000000000000005 1.0000000180025095e-35 9.8550000000000022 1.2149999999999999 16.485000000000003 1.5150000000000003 17.310000000000006 16.525000000000002 2.3000000000000003 9.6300000000000008 9.4050000000000029 43.400000000000013 1.0000000180025095e-35 1.3000000000000005 1.0000000180025095e-35 14.400000000000002 16.660000000000004 11.900000000000002 3.5000000000000004 47.20000000000001 10.300000000000002 13.56 3.3000000000000003 1.1000000000000003 16.165000000000003 83.40000000000002 7.5000000000000009 1.0000000000000002 14.600000000000001 8.9000000000000021 1.7000000000000004 2.6488461538461547 16.165000000000003
decision_type=2 2 2 2 2 2 2 2 2 2 2 2 2 2 2 2 2 2 2 2 2 2 2 2 2 2 2 2 2 2 2 2 2 2 2 2 2 2 2 2 2 2 2 2
left_child=3 2 4 -1 -2 8 11 -8 10 -6 -3 -7 -9 15 -5 -14 -12 -15 -13 20 22 26 29 24 -18 -26 27 40 30 -17 32 -32 -25 38 -29 -27 37 -36 -34 -30 -21 -35 -40 -33
right_child=1 5 -4 14 9 6 7 12 -10 -11 16 18 13 17 -16 19 23 -19 -20 21 -22 -23 -24 28 25 35 -28 34 39 -31 31 43 33 41 36 -37 -38 -39 42 -41 -42 -43 -44 -45
leaf_value=0.0063384818273877347 -0.0011755417287349702 -0.0013534613643531447 -0.014329326702998236 -0.00084148167570432034 0.002281636612282859 0.0019236863457193279 0.001500702319723187 0.00074486324761175761 -0.00097591598214807386 0.00055814158171415326 0.00083007212085821835 0.00040423282995970559 0.00067804460126831372 -0.0011525581163739917 0.0006110597760589034 1.3117970466011702e-05 0.00028621874678517794 -0.00026142162393138867 0.0012262418907549647 -0.00026725511302268414 0.00062573306982151484 -0.00055754999696004269 0.00043185649504367678 -0.00029098621828274596 -0.00097395146452960947 -0.00023998190710941951 -0.00031541486186060038 0.00027634685714446913 -0.00012963728805845406 -0.00040696927374511054 -0.00034499683956955638 -2.9613643763931813e-05 0.00012015630331485065 -0.00018839229632056122 3.0941331176514625e-05 0.00014978130771355197 0.00017189794665995064 -0.00017459855928565515 0.00023579849281172823 -0.00043597488698584062 -3.9777209925832165e-05 4.1649480454476646e-05 0.00052933954298823031 0.00020381708431876068
leaf_weight=31.5 45 27 26 22.5 27 49.5 49.5 66 66 40 27 49.5 49.5 49.5 27 49.5 36 49.5 49.5 82.5 82.5 49.5 49.5 27 43.5 60 66 66 70.5 49.5 63 27 106.5 33 231 33 99 82.5 34.5 27 49.5 171 28.5 33
leaf_count=27 45 27 14 18 27 27 27 36 36 34 27 27 27 27 27 27 36 27 27 45 45 27 27 27 36 45 36 36 45 27 45 27 81 18 126 18 54 45 27 27 27 117 18 18
internal_value=-3.37333e-11 -8.14653e-05 -0.00247487 0.00243491 0.000277058 6.32083e-05 0.000198626 7.86957e-05 -0.000139807 0.00125268 -7.46943e-05 0.00118472 1.86109e-05 -2.47475e-05 -4.91863e-05 4.23583e-05 -3.26143e-05 -0.00070699 0.000815237 9.47802e-06 0.00023162 -6.12035e-05 1.26684e-05 -6.19684e-05 -0.000240691 -0.000379656 -2.48855e-05 6.52307e-06 -1.23233e-05 -0.000196926 2.53256e-05 -0.000128524 7.25752e-05 9.88567e-05 5.85159e-05 -0.000101679 2.36629e-05 -2.31481e-05 0.000212495 -0.000214469 -0.000181951 4.43684e-06 0.000368591 9.87733e-05
internal_weight=2502 2421 138 81 112 2283 1369.5 1221 913.5 67 847.5 148.5 1171.5 1105.5 49.5 1006.5 820.5 99 99 957 231 726 148.5 793.5 172.5 136.5 676.5 610.5 621 99 523.5 123 400.5 373.5 478.5 93 412.5 313.5 169.5 97.5 132 204 63 60
internal_count=1614 1542 120 72 106 1422 747 666 675 61 639 81 639 603 45 549 612 54 54 522 126 396 81 585 135 99 369 333 450 54 378 90 288 261 261 63 225 171 126 72 72 135 45 45
is_linear=0
shrinkage=0.08


Tree=166
num_leaves=45
num_cat=0
split_feature=37 34 34 35 5 15 36 36 4 15 34 30 15 37 15 19 10 36 9 4 18 25 14 8 15 26 14 21 0 36 30 30 16 16 32 37 16 37 29 26 34 32 36 35
split_gain=0.0883469 2.17971 0.192937 0.743991 1.61346 1.11374 2.2159 5.1179 0.170368 0.0351055 0.0366552 0.00484595 0.003803 0.00334711 0.0699863 0.0715245 0.0513435 0.0227205 0.1673 0.119589 0.00535596 0.0115645 0.00943344 0.0056324 0.00335025 0.00325179 0.00647675 0.00240728 0.00205813 0.00286783 0.0322092 0.0179173 0.0441426 0.0156204 0.0133695 0.00774527 0.00448962 0.00325687 0.00309819 0.00278469 0.00258727 0.00201631 0.00187584 0.00184189
threshold=16.425000000000004 8.7000000000000046 1.0000000180025095e-35 1.0000000180025095e-35 2.935000061988831 1.8150000357627867 2.5000000000000004 1.5000000000000002 16.505000000000006 0.29999999999999899 16.900000000000009 1.7000000000000004 1.3899999999999995 11.035000000000002 1.781153891453376 0.90000000000000013 9.9550000000000018 1.5000000000000002 11.893461538461539 17.890000000000004 0.90000000000000013 6.2000000000000011 7.7750000000000012 10.065000000000003 -0.15000000000000033 6.6000000000000005 7.7750000000000012 4.2000000000000011 12.820000000000002 2.5000000000000004 1.0000000180025095e-35 0.50000000000000011 6.6250000000000018 6.0273076923076916 1.0000000180025095e-35 3.0300000000000007 6.0850000000000017 5.1700000000000008 1.0000000180025095e-35 11.900000000000002 10.900000000000004 16.100000000000005 1.5000000000000002 1.5000000000000002
decision_type=2 2 2 2 2 2 2 2 2 2 2 2 2 2 2 2 2 2 2 2 2 2 2 2 2 2 2 2 2 2 2 2 2 2 2 2 2 2 2 2 2 2 2 2
left_child=2 -2 3 4 -1 6 7 -5 -3 -10 -11 -12 -13 16 15 -15 24 18 25 20 21 22 -19 -22 -4 26 27 -16 -26 31 -31 32 -30 -32 -35 -34 -36 -37 -38 40 42 -14 -33 -39
right_child=1 8 13 5 -6 -7 -8 -9 9 10 11 12 41 14 17 -17 -18 19 -20 -21 23 -23 -24 -25 28 -27 -28 -29 29 30 33 39 35 34 36 37 38 43 -40 -41 -42 -43 -44 -45
leaf_value=-0.0020580776929855346 -0.026752318367362023 0.0064192854569603995 0.0011604603849075458 -0.018368582769598761 0.025460114967823029 0.010856767557561398 -0.021979638356151004 0.024588673199776194 -0.0031463445465834366 0.0034504681098319234 0.0010149293180022922 -0.0011402309144398681 0.00011513850571196756 -0.0062298496028718852 -0.00062706542820970142 -0.00022758615832706844 0.0027391246014407708 0.00052345921820406581 0.007692779115401208 -0.0052537352112787105 0.00022990356904227993 -0.00034884823136962953 0.0023808611693481607 -0.0011388780756925161 0.00093856695418556525 0.00060531613230705263 -0.0017842095643281937 0.00036991634301000069 -0.0027068166327820619 0.0018005451837838707 0.0015820997563811641 0.00080966534755046822 0.0011363138869189872 -0.0017598782701266781 -0.0011028619892284519 -0.0011084559867158533 -0.0010133789725263011 -0.00051926754012873234 -3.4298610042799482e-05 -0.00067751374188810577 -4.2351385803107805e-05 -0.00071972474213301513 4.9026131585060835e-05 0.00020095678918222165
leaf_weight=30 20 30 13.499999999999998 35.5 25 40 33 35.5 21 21 21 27 81 24 31 27 42 42 20 28 74 44 30 26 11.999999999999998 20 20 31 59 59 30 41.5 26 37 30.5 30 22 44 346 40 720 24 41.5 47
leaf_count=30 20 30 6 30 25 28 29 30 21 21 21 27 81 21 29 27 18 36 10 14 74 22 22 18 12 10 16 28 26 34 12 24 26 22 13 30 12 24 185 16 366 24 24 20
internal_value=9.91791e-12 -0.00144286 0.000156624 0.00253526 0.0104502 -0.000487807 -0.0048511 0.00311005 0.000806868 -5.6581e-05 0.000316321 -0.000113856 -0.000293435 -7.33796e-05 -0.000275769 -0.00305218 -2.19497e-05 0.000111107 0.00100251 -0.000334593 0.000303073 0.000672947 0.00129738 -0.00012598 -9.44732e-05 -0.000309309 -0.000532388 -0.000128575 -0.000105159 -0.000113118 3.962e-05 -0.000189487 -0.000858323 -0.000183569 -0.0003052 -0.00011641 -0.000170135 -0.000385591 -9.28306e-05 -2.60473e-05 6.40436e-06 -7.56874e-05 0.000429346 -0.000147284
internal_weight=2502 245 2257 199 55 144 104 71 225 195 174 153 132 2058 417 51 1641 366 122 244 216 116 72 100 1599 102 82 62 1585.5 1573.5 524.5 1049 206 465.5 435.5 147 398.5 121 368 843 803 105 83 91
internal_count=1614 245 1369 172 55 117 89 60 225 195 174 153 132 1197 327 48 870 279 93 186 172 80 58 92 852 83 73 57 846 834 278 556 126 244 232 100 210 74 197 430 414 105 48 44
is_linear=0
shrinkage=0.08


Tree=167
num_leaves=45
num_cat=0
split_feature=37 34 36 7 10 7 35 0 6 7 37 4 34 36 34 36 17 17 36 34 30 16 30 37 37 9 12 37 4 13 12 16 30 14 37 36 17 34 34 22 36 21 34 23
split_gain=0.0777472 1.09748 2.00359 3.94834 0.764484 0.297649 0.0636094 0.475816 0.16999 0.345755 0.0503495 0.117526 0.114003 0.0154208 0.0446344 0.0369098 0.329529 0.255818 0.00902448 0.072909 0.0447017 0.0667413 0.0281429 0.092175 0.0191881 0.114905 0.0538776 0.0261037 0.0180549 0.00833541 0.00747937 0.00579441 0.00767492 0.00409986 0.00389868 0.00386855 0.00744006 0.00690607 0.00358878 0.00346883 0.00346329 0.0027984 0.00260738 0.00246415
threshold=7.9050000000000011 1.0000000180025095e-35 1.5000000000000002 6.4620000000000006 7.8750000000000009 2.9150000810623173 1.5000000000000002 14.675500000000001 3.8450000000000002 3.3150000000000004 16.425000000000004 16.505000000000006 9.5000000000000053 1.5000000000000002 2.9000000000000021 2.5000000000000004 1.0000000180025095e-35 1.0000000180025095e-35 2.5000000000000004 5.1000000000000023 1.0000000180025095e-35 6.6350000000000016 0.50000000000000011 9.9450000000000021 11.345000000000002 11.911538461538465 9.7700000000000014 15.880000000000001 17.955000000000002 7.8350000000000009 9.1850000000000005 7.0850000000000017 1.7000000000000004 8.4200000000000017 15.880000000000001 2.5000000000000004 0.3000000000000001 14.700000000000005 46.100000000000009 37.500000000000007 1.5000000000000002 0.70000000000000007 11.500000000000002 11.400000000000002
decision_type=2 2 2 2 2 2 2 2 2 2 2 2 2 2 2 2 2 2 2 2 2 2 2 2 2 2 2 2 2 2 2 2 2 2 2 2 2 2 2 2 2 2 2 2
left_child=4 2 -2 -4 5 -1 7 13 9 -8 18 -12 -13 14 -7 17 -17 -15 20 -20 21 -3 23 -22 26 27 30 38 34 35 33 32 -14 41 42 36 -10 -37 -26 -39 -38 -21 -24 -44
right_child=1 10 3 -5 -6 6 8 -9 29 -11 11 12 31 15 -16 16 -18 -19 19 24 22 -23 28 -25 25 -27 -28 -29 -30 -31 -32 -33 -34 -35 -36 37 40 39 -40 -41 -42 -43 43 -45
leaf_value=0.0077830824019416937 0.0075806384456568758 -0.00464578394065885 0.0020574745642287389 -0.041683251893520359 0.013779348865151406 -0.0043922106531404312 -4.0240585803985594e-07 0.012441798338577861 0.0012295560708317237 -0.012453806509160333 0.0059057425707578657 0.0054152532887679558 0.0013341422906766336 0.0080026277605528863 0.00056660053024713234 -0.0086003236320208419 0.0048243781730532651 -0.0038256921103224156 0.0042949409106815299 -0.00063964041337991756 -0.0012935127440869109 -0.00030474816730608894 0.00046719671062116198 0.004104292872248263 -0.0011155198279867006 -0.0063887790963053706 0.0028595675532098698 0.0025098228428512815 -0.0016834857828087278 -0.0012132421245177587 -0.00089732941910463943 -0.0013992468351941734 -0.00021343981916520824 0.00055544327494669494 -0.00080082575191045189 -0.001613023684952747 0.00034354221188720869 -0.00045474489876466207 6.4316117451667328e-05 0.00043058445400530749 -0.00027068724871385212 9.7164107062875946e-05 -0.0001004452772568803 0.00038564702348881644
leaf_weight=31.5 29 34 28 25 27.5 21 39 21 39 22.5 30 27 24 22 26 22 25 25 27 48 40 68 72 41 33 20 46 25 45 37.5 58 21 141 86.5 40 22 117.5 64.5 33 50.5 117.5 105.5 548 76
leaf_count=27 23 20 28 16 11 21 39 21 30 18 30 27 24 22 26 22 25 25 21 22 18 38 40 32 31 10 20 25 20 15 25 21 141 38 40 22 65 27 21 31 65 51 286 34
internal_value=-3.73758e-12 -0.000286509 -0.0093248 -0.0185749 0.000694127 0.000182623 -0.000173649 0.00120735 -0.000612319 -0.00455653 0.000152295 0.0012178 0.000557521 -0.000465865 -0.00164904 0.000125722 -0.00145952 0.00171097 -2.67621e-05 0.000255877 -0.000168082 -0.00175176 1.93143e-05 0.00143871 1.6196e-05 -0.000898376 0.000311305 0.000308306 -0.000127896 -7.14749e-05 -8.2051e-05 -0.000147633 1.1663e-05 0.000114975 -3.27849e-05 3.2701e-05 0.000206252 -0.000314402 -0.000525602 -6.59698e-05 3.64275e-05 -0.000133237 1.13554e-05 -4.12417e-05
internal_weight=2502 1771 82 53 731 703.5 672 162 510 61.5 1689 243 213 141 47 94 47 47 1446 482 964 102 862 81 455 111 344 91 781 448.5 298 186 165 240 736 411 274 137 66 115 235 153.5 696 624
internal_count=1614 1102 67 44 512 501 474 162 312 57 1035 243 213 141 47 94 47 47 792 264 528 58 470 50 243 87 156 77 420 255 136 186 165 111 400 240 160 80 52 58 130 73 360 320
is_linear=0
shrinkage=0.08


Tree=168
num_leaves=45
num_cat=0
split_feature=9 36 1 34 36 15 36 4 0 30 31 12 4 34 15 10 36 13 32 12 33 15 15 33 33 36 34 33 22 21 33 22 34 34 19 0 32 32 22 27 32 29 21 36
split_gain=0.0534002 1.46782 3.73741 0.0913474 1.1601 1.81532 3.31435 0.0134644 0.00847857 0.0179627 0.0236551 0.00677213 0.00567384 0.00359455 0.00276249 0.00336687 0.0058921 0.0144163 0.00923153 0.00385279 0.00280798 0.00271488 0.00386936 0.00259438 0.00320557 0.00215096 0.00601599 0.00813336 0.00285723 0.0013923 0.00122097 0.0016281 0.0015328 0.0012282 0.00121551 0.00199394 0.00118252 0.0018588 0.0011637 0.00111955 0.00098131 0.000924208 0.000820302 0.00112378
threshold=2.935000061988831 1.5000000000000002 11.069999904632569 1.0000000180025095e-35 2.5000000000000004 1.7800000452995304 1.5000000000000002 11.994999885559084 16.415000000000003 0.3000000000000001 3.3000000000000003 7.9050000000000011 16.545000000000005 9.5000000000000053 0.58499999999999919 9.9350000000000005 1.5000000000000002 9.1350000000000016 1.3 9.2200000000000006 1.7000000000000004 1.4150000000000003 1.5150000000000003 19.000000000000004 8.7000000000000011 2.5000000000000004 10.900000000000004 1.0000000180025095e-35 0.3000000000000001 0.90000000000000013 11.900000000000002 3.4000000000000004 47.20000000000001 74.200000000000017 2.5000000000000004 15.100000000000003 6.5000000000000009 4.6000000000000005 41.500000000000007 9.5000000000000018 0.50000000000000011 11.900000000000002 7.6000000000000005 1.5000000000000002
decision_type=2 2 2 2 2 2 2 2 2 2 2 2 2 2 2 2 2 2 2 2 2 2 2 2 2 2 2 2 2 2 2 2 2 2 2 2 2 2 2 2 2 2 2 2
left_child=1 -1 -3 4 5 -2 -7 -6 11 10 40 21 23 -14 20 16 17 36 -18 39 -15 -5 -23 24 -11 28 27 -27 -24 -28 31 -30 42 41 -31 -36 37 -16 -37 -20 -10 -34 -33 -44
right_child=3 2 -4 8 7 6 -8 -9 9 12 -12 -13 13 14 15 -17 18 -19 19 -21 -22 22 25 -25 -26 26 29 -29 30 34 -32 32 33 -35 35 38 -38 -39 -40 -41 -42 -43 43 -45
leaf_value=-0.013209396804924365 0.01968344334898324 -0.016747564909802306 0.026424798387469667 -0.00086408661273135634 -0.011129123996943236 0.013845219046823563 -0.022853305181340568 -0.013869090344418179 0.0019757446780274009 0.00059861532118961672 -0.00041800533543632487 -0.0009160944940804532 0.00056918084198101006 -0.00086736747035474492 0.00016496865981907555 0.00064553429306757576 0.001229186516085809 -0.001427363527261398 -1.9844930561916191e-05 0.00058691109982178069 -1.5250682793181351e-05 0.00089301440157686131 0.00077056810671153166 0.00086898377165198324 -0.0001493939421682929 -0.0022471300725425995 0.00031220406862465962 -0.00026091930312170111 -0.00045931915695801741 -0.00050114954125533981 -0.00032851728141969561 5.1711728675910037e-05 -0.00071805401314650817 0.00023163267658674158 -0.00058477827347815038 0.0006196983366344984 0.00018836799381490059 -0.00049606338389648875 -3.3732529395734364e-05 -0.00040716063806956463 0.0014720056634960751 -0.0001140896585660384 0.00057567590654923997 7.7672981022825012e-05
leaf_weight=27 29 21 33 27 24 31.5 31.5 22 49.5 82.5 49.5 66 66 49.5 49.5 49.5 44 60.5 363 66 49.5 27 30 66 66 21 47.5 35.5 41 51.5 76 173 31 28 30 26 93.5 60.5 53 55 49.5 34 58 58
leaf_count=24 24 18 30 27 24 28 28 16 27 45 27 36 36 27 27 27 24 33 198 36 27 27 30 36 36 21 30 33 36 33 54 126 24 18 30 15 51 33 33 30 27 24 39 39
internal_value=2.08152e-11 0.00202057 0.00963555 -6.76025e-05 -0.00206633 0.00312027 -0.00450404 -0.0124395 5.32142e-05 0.000179128 0.00100992 -0.000135552 7.80858e-05 -1.52597e-06 -4.15756e-05 5.4519e-06 -3.45533e-05 -0.00034314 0.00011974 1.88814e-05 -0.000441309 -7.47668e-05 -4.87928e-05 0.000451649 0.000266167 -8.08392e-05 -0.000267111 -0.000999157 1.22968e-05 -6.82621e-05 -3.32907e-05 1.97524e-05 7.11711e-05 -0.000211323 -0.000180861 -2.95323e-05 -2.08033e-05 -0.000198599 0.000181321 -7.08075e-05 0.00172388 -0.000402134 0.000162077 0.000326674
internal_weight=2502 81 54 2421 138 92 63 46 2283 1369.5 148.5 913.5 1221 1006.5 940.5 841.5 792 264 528 484 99 847.5 820.5 214.5 148.5 793.5 264.5 56.5 529 208 499 423 382 93 160.5 109 203.5 110 79 418 99 65 289 116
internal_count=1614 72 48 1542 120 80 56 40 1422 747 81 675 666 549 513 459 432 144 288 264 54 639 612 117 81 585 195 54 390 141 360 306 270 66 111 78 111 60 48 228 54 48 204 78
is_linear=0
shrinkage=0.08


Tree=169
num_leaves=45
num_cat=0
split_feature=37 4 34 2 36 5 16 5 3 37 30 9 30 29 5 37 13 36 29 16 14 29 4 37 2 12 37 32 18 18 2 16 36 37 37 2 37 2 17 15 17 17 34 30
split_gain=0.0828938 2.13004 0.216385 0.317323 0.786073 4.74514 3.61257 1.47081 0.263895 0.11883 0.0880957 0.0120777 0.0127916 0.0179305 0.00534614 0.00420015 0.017344 0.00496303 0.0364332 0.100456 0.0415412 0.0215992 0.0566032 0.0382923 0.160492 0.0157428 0.00566695 0.00552675 0.00550558 0.00505227 0.00385005 0.00317345 0.00295652 0.00579261 0.00401798 0.00566746 0.00371518 0.00589943 0.00539798 0.00366668 0.0023092 0.00229651 0.00210076 0.0019979
threshold=16.425000000000004 16.455000000000002 1.0000000180025095e-35 16.415000000000003 2.5000000000000004 6.4620000000000006 9.0199997472763087 2.9050000905990605 11.984999656677248 2.9250000715255742 0.3000000000000001 9.8350000000000026 6.9000000000000012 5.1000000000000005 3.7450000000000006 8.0900000000000016 7.8200000000000012 2.5000000000000004 1.0000000000000002 6.6350000000000016 9.4400000000000031 1.0000000000000002 17.935000000000006 11.655000000000001 16.425000000000004 9.8550000000000022 11.470000000000001 1.7000000000000004 0.3000000000000001 0.50000000000000011 17.325000000000003 6.7500000000000018 2.5000000000000004 3.0300000000000007 4.8450000000000006 14.950000000000001 3.3550000000000004 13.710000000000003 0.3000000000000001 2.475000000000001 3.0000000000000004 11.000000000000002 119.60000000000004 0.50000000000000011
decision_type=2 2 2 2 2 2 2 2 2 2 2 2 2 2 2 2 2 2 2 2 2 2 2 2 2 2 2 2 2 2 2 2 2 2 2 2 2 2 2 2 2 2 2 2
left_child=2 -2 3 4 5 7 -6 -1 9 -9 -3 12 13 -12 -4 16 32 21 19 -19 26 23 42 25 28 27 31 -17 -25 -28 -13 -20 36 -34 -35 -36 38 -38 -16 -39 -37 -41 -23 -21
right_child=1 10 14 -5 6 -7 -8 8 -10 -11 11 30 -14 -15 15 17 -18 18 20 43 -22 22 -24 24 -26 -27 29 -29 -30 -31 -32 -33 33 34 35 40 37 39 -40 41 -42 -43 -44 -45
leaf_value=-0.020254748910665511 -0.026417052213102581 0.0054074118658900263 -0.0010581989193128216 0.011297113100687664 -0.030380703058648619 0.03579914368250791 0.0099440337376048172 0.0026386197757991875 -0.0038200518517017674 0.011158835545182228 0.0036561586512696177 -0.001137064775075054 -0.00041497848728405575 0.00035024428651446389 0.0015492035603771606 -0.0011374345397282589 -0.0013267661477580214 0.0041431213701420494 -0.00024073538182507812 -3.0938155222229846e-05 -0.0024870654518405599 -9.2797789411448255e-07 0.0032239435737331707 -0.001001097276469712 -0.008384035773575306 0.001123196966573596 0.0013224345395943468 -9.2368005415967974e-05 0.00058146431809291243 1.3812875474936196e-05 3.9349424216944056e-05 0.00054024686658171468 -0.0017520272490732811 0.00065421632555281301 -0.0013982544982406712 -0.00052530844824960328 -0.0013135891665958547 0.00035992374969117178 -0.00018566888143223793 -2.083994746968646e-05 0.00020607889797843873 -0.00067753243002485731 -0.00061466892494967107 -0.00083342594112717104
leaf_weight=24 20 24 36 24 23.5 25.5 36 22 24 20 21 21 21 21 24 57 82.5 50.5 168.5 41 45 588 36 24 20 50 41 75 34 35 117 41.5 17 29 28 50.5 22 132 22 124 61 47 38 38.5
leaf_count=24 20 24 36 12 18 16 36 22 24 20 21 21 21 21 24 26 33 29 77 26 20 320 16 24 12 22 25 34 34 35 117 20 17 29 28 22 22 84 22 62 27 32 18 21
internal_value=1.11093e-11 -0.00139762 0.000151714 0.00267075 0.0014877 0.00533601 -0.00598254 -0.00329521 0.0028719 0.00669587 0.000826326 0.000279331 0.00119714 0.0020032 -9.18663e-05 -7.46616e-05 -0.000244288 3.71225e-06 0.000218035 0.00135286 -0.000227669 -0.000103449 0.000139213 -0.000721303 -0.00220432 -8.57226e-05 0.000127831 -0.000543647 -7.33888e-05 0.00071978 -0.00013967 -8.63984e-05 -8.38124e-05 -0.000344585 -0.000202588 -0.000380705 4.6574e-05 -4.86683e-05 0.000719482 4.31741e-05 -0.000125177 -0.000201334 -3.81838e-05 -0.000419564
internal_weight=2502 245 2257 199 175 115.5 59.5 90 66 42 225 201 63 42 2058 2022 639 1383 461 130 331 922 662 260 78 182 286 132 58 76 138 210 556.5 185.5 168.5 139.5 371 325 46 303 111.5 171 626 79.5
internal_count=1614 245 1369 172 160 106 54 90 66 42 225 201 63 42 1197 1161 402 759 253 76 177 506 354 152 70 82 157 60 58 60 138 97 369 123 106 77 246 200 46 178 49 94 338 47
is_linear=0
shrinkage=0.08


Tree=170
num_leaves=45
num_cat=0
split_feature=37 1 34 37 16 36 0 0 37 3 32 15 0 16 16 30 0 16 19 17 0 5 0 22 22 37 13 37 15 0 10 36 16 15 0 13 14 32 15 1 37 36 0 24
split_gain=0.0793023 1.15608 0.383742 1.21776 0.753035 0.200656 0.766579 0.729618 0.0562272 0.121475 0.0735498 0.0229748 0.0313295 0.0171538 0.0216195 0.0120543 0.00771357 0.00754114 0.00738008 0.00566148 0.00995105 0.00505996 0.00424848 0.0034304 0.00400629 0.00335664 0.0149686 0.00391791 0.0419892 0.0640548 0.0356485 0.0183001 0.142924 0.12001 0.00638556 0.0136326 0.00483347 0.0046875 0.00446423 0.00356526 0.00255781 0.00225834 0.00295997 0.00222146
threshold=6.527000000000001 11.965000152587892 1.0000000180025095e-35 11.936538366171032 9.0399996042251605 1.5000000000000002 11.97499990463257 12.329999885559085 16.425000000000004 16.475000000000005 0.70000000000000007 1.7861538866850044 12.820000000000002 7.0850000000000017 6.8000000000000025 1.0000000180025095e-35 13.775000000000002 6.6750000000000016 1.0000000180025095e-35 11.800000000000002 15.020000000000001 11.090000000000002 13.265000000000002 72.800000000000011 50.300000000000004 8.0900000000000016 7.8200000000000012 10.105000000000002 1.781153891453376 13.485000000000001 9.9450000000000021 1.5000000000000002 6.0311538461538472 2.0534615384615376 16.425000000000004 7.8200000000000012 7.7750000000000012 12.300000000000002 2.2450000000000001 16.165000000000003 4.8450000000000006 2.5000000000000004 17.860000000000003 6.6000000000000005
decision_type=2 2 2 2 2 2 2 2 2 2 2 2 2 2 2 2 2 2 2 2 2 2 2 2 2 2 2 2 2 2 2 2 2 2 2 2 2 2 2 2 2 2 2 2
left_child=1 -1 3 -2 -5 7 -7 -3 19 -10 -11 12 -8 14 17 -13 -9 21 -17 25 -21 -12 -14 24 -20 26 -4 30 29 -29 34 32 -30 -33 35 -27 -34 38 39 -35 -18 42 -23 -40
right_child=2 5 8 4 -6 6 11 16 9 10 13 15 22 -15 -16 18 40 -19 23 20 -22 41 -24 -25 -26 27 -28 28 31 -31 -32 33 36 37 -36 -37 -38 -39 43 -41 -42 -43 -44 -45
leaf_value=0.018062300728634 0.0025628078381220499 -0.015250314565297839 4.4928187775220851e-06 -0.025909973702260426 -0.0051661687220136325 0.014756651309629281 -0.0042684239342343066 0.0016413302553285444 0.0070184523896092465 0.0039625600539147854 0.001262841805638302 0.0018284766507955887 0.00041141214338131246 -0.0021414238081446718 0.0021176423050664282 -0.0013909383572172373 -0.00056550122081087191 -0.0012866675000016889 -2.1691001951694489e-05 -0.0016764755265261883 -7.7729898747866562e-05 -0.00092046953548560848 -0.0011673351645004005 -0.00064628843175755307 0.0013202928384998813 -0.00012190146667380181 -0.0012206248568766046 0.00015006849438779885 0.0059229890343600088 -0.0057410102306554708 0.0020618722574399398 -0.0054703313447176842 -0.00014810429685403013 5.1712848407288009e-05 -0.00015555429168628149 0.0012870052318882058 -0.0013248470495818765 0.00097613000655141866 3.0760766692563065e-05 0.0013765543127933946 0.00051446963330639185 0.00046671638679173259 0.00028496597901473498 -0.00069488977599475117
leaf_weight=24 60 24 282 21 24 24 20 28 21 36 21 24 20 21 33 24 26 30 35 39 69 32 24 22 24 126 82.5 27 28 21 55.5 26 74 26 633 67.5 32 46 108 26 30.5 27 22 36
leaf_count=24 33 24 117 21 24 24 20 28 21 36 21 24 20 21 33 24 26 30 32 39 39 32 24 22 24 63 33 27 14 18 24 18 57 26 276 33 22 30 76 18 29 27 22 18
internal_value=-3.8939e-11 0.00111773 -0.000181485 -0.00489837 -0.0148466 -0.000131638 0.00127287 -0.00294066 6.04063e-05 0.00120283 0.000652701 -0.000403865 -0.00164307 1.20834e-05 0.000286166 0.000210933 0.000555569 -0.000171703 -0.000158791 -9.3436e-05 -0.000655055 0.000156228 -0.000449723 0.00020629 0.000524201 -5.76831e-05 -0.000272797 1.18263e-06 -0.000190902 -0.00242728 9.91852e-05 7.61276e-05 0.000839469 -0.000305543 -3.26105e-05 0.000369578 -0.000503347 0.000249351 7.8781e-05 0.000714134 1.74919e-05 -0.000130672 -0.000429366 -0.000150652
internal_weight=2502 349.5 2152.5 105 45 325.5 217 108.5 2047.5 243 222 193 64 186 165 129 84.5 132 105 1804.5 108 102 44 81 59 1696.5 364.5 1332 450 48 882 402 134 268 826.5 193.5 106 242 196 52 56.5 81 54 144
internal_count=1614 345 1269 78 45 321 214 107 1191 243 222 190 64 186 165 126 83 132 102 948 78 102 44 78 56 870 150 720 324 45 396 279 93 186 372 96 79 168 138 44 55 81 54 94
is_linear=0
shrinkage=0.08


Tree=171
num_leaves=45
num_cat=0
split_feature=37 0 34 1 36 5 5 22 8 36 4 34 33 5 37 13 36 32 29 22 30 37 37 37 10 10 32 3 17 37 37 0 37 33 34 29 36 36 37 37 0 37 0 17
split_gain=0.0789919 1.9773 0.186271 0.372734 1.13872 4.45599 3.43307 1.56998 0.602323 0.189049 0.0702594 0.0791003 0.00627886 0.00423687 0.00323558 0.0122981 0.00458738 0.0335335 0.034717 0.0403408 0.0324809 0.0174336 0.025489 0.183867 0.0446209 0.00698856 0.00561274 0.00529941 0.00607813 0.003502 0.00631069 0.00430894 0.0031132 0.0024395 0.00316699 0.00268027 0.00238136 0.00237592 0.00474733 0.00334978 0.00458412 0.00316213 0.00530434 0.00453345
threshold=16.425000000000004 16.465000000000003 1.0000000180025095e-35 16.415000000000003 1.5000000000000002 2.9450000524520878 6.4620000000000006 1.1000000000000003 2.9550000429153447 2.5000000000000004 16.525000000000002 9.5000000000000053 1.0000000000000002 3.7450000000000006 8.0900000000000016 7.8200000000000012 2.5000000000000004 1.3 1.0000000000000002 1.0000000180025095e-35 0.50000000000000011 16.155000000000005 11.72423076923077 11.832692307692311 9.9350000000000005 7.8500000000000005 1.0000000180025095e-35 17.890000000000004 11.800000000000002 11.470000000000001 12.049615384615388 17.475000000000005 13.56 0.3000000000000001 29.900000000000006 1.5000000000000002 1.5000000000000002 2.5000000000000004 3.0300000000000007 4.8450000000000006 15.100000000000003 3.3550000000000004 13.835000000000003 0.3000000000000001
decision_type=2 2 2 2 2 2 2 2 2 2 2 2 2 2 2 2 2 2 2 2 2 2 2 2 2 2 2 2 2 2 2 2 2 2 2 2 2 2 2 2 2 2 2 2
left_child=2 -2 3 4 5 -1 7 8 9 -6 -3 -12 -13 -4 15 37 21 18 19 -18 -19 22 24 -24 26 -23 -16 28 32 31 -31 -22 -25 -28 36 -36 -35 41 -39 -40 -41 43 -43 -15
right_child=1 10 13 -5 6 -7 -8 -9 -10 -11 11 12 -14 14 16 -17 17 20 -20 -21 29 25 23 27 -26 -27 33 -29 -30 30 -32 -33 -34 34 35 -37 -38 38 39 40 -42 42 -44 -45
leaf_value=0.0099003443701399692 -0.025470038659870627 0.0051845161466016658 -0.00093815487835349309 0.011834526260693867 0.0044550282845184919 -0.034884964126221676 0.031746291176361192 -0.019028647939364117 0.014974926640279591 -0.0062794955642450426 0.004358200549872385 -0.0014135079306584817 -8.828290269787735e-05 0.0014217421552166344 -0.00082927618175745012 -0.0011229749251947258 0.0039639704004767237 -0.0024529634660260904 -9.9646513259447206e-05 -2.3716702484167539e-06 0.00012416175580944437 -0.00067289538169279701 0.0090139748156070707 0.0011054519525108238 -0.0026478193797495053 -0.0027877655643969773 -0.00046146915423182343 -0.00097646352269553725 -0.00086445453791664196 0.0016099835889569173 -9.3118494463174844e-06 -0.00066543628392387035 0.00019430683402283142 0.00078288020818667895 -0.00059540133569389582 2.8848142892061528e-05 6.4108315066008239e-05 -0.0015842425384942225 0.00060077305529908885 -0.0012593281648254819 -0.00011437252460406767 -0.0012467404392505572 3.9774692127154142e-05 -0.00016814561409939251
leaf_weight=36 20 21 36 24 21 23.5 25.5 24 24 21 27 27 150 24 57 82.5 44.5 37 61.5 26 164.5 20 15.999999999999998 36 46 20 65 28 26 24 43 60.5 72 59 50 368 59 17 29 28 111.5 22 303 22
leaf_count=36 20 21 36 12 21 18 16 24 24 21 27 27 150 24 26 33 21 20 36 23 78 20 8 24 20 20 30 14 26 12 38 25 72 27 22 170 27 17 29 28 49 22 178 22
internal_value=9.96245e-12 -0.00136433 0.0001481 0.00248528 0.0012031 -0.00778797 0.00583487 -0.0015067 0.00486492 -0.000912234 0.000778396 0.000324825 -0.000290436 -7.7896e-05 -6.25798e-05 -0.00021146 6.20854e-06 0.00021226 0.00128945 0.00250121 -0.000219923 -9.68174e-05 -2.27351e-05 0.000832546 -0.000238985 -0.00173033 -7.05864e-05 2.45035e-05 0.000233661 6.30305e-05 0.000570734 -8.81524e-05 0.000498022 1.36918e-06 5.7497e-05 -4.58228e-05 0.000423494 -7.63295e-05 -0.000310099 -0.000181551 -0.000344184 4.05554e-05 -4.73125e-05 0.000661361
internal_weight=2502 245 2257 199 175 59.5 115.5 90 66 42 225 204 177 2058 2022 639 1383 461 132 70.5 329 922 882 178 704 40 658 162 134 292 67 225 108 601 536 418 118 556.5 185.5 168.5 139.5 371 325 46
internal_count=1614 245 1369 172 160 54 106 90 66 42 225 204 177 1197 1161 402 759 253 80 44 173 506 466 144 322 40 302 136 122 153 50 103 96 276 246 192 54 369 123 106 77 246 200 46
is_linear=0
shrinkage=0.08


Tree=172
num_leaves=45
num_cat=0
split_feature=37 7 6 36 36 36 15 0 2 37 30 4 32 37 36 3 32 9 31 32 30 0 0 17 0 2 5 0 37 10 32 36 31 26 30 18 18 0 26 14 37 37 36 23
split_gain=0.068868 0.999646 0.146276 1.65789 1.1102 0.0786581 0.381695 0.379949 0.0745234 0.0633971 1.89412 0.100841 0.080599 0.146034 0.656012 1.55149 0.0374268 0.0373441 0.0108953 0.0097925 0.00970927 0.00855999 0.006472 0.00486697 0.00805894 0.00462269 0.00361203 0.00684535 0.00344321 0.0362715 0.0326299 0.00988458 0.0504494 0.0500253 0.0118507 0.00256616 0.00391978 0.00312709 0.00253249 0.00328568 0.00212735 0.00290016 0.00210413 0.00248092
threshold=6.527000000000001 2.9150000810623173 3.6400000000000001 1.5000000000000002 2.5000000000000004 1.5000000000000002 1.765000104904175 11.97499990463257 13.645000000000001 16.425000000000004 1.0000000180025095e-35 16.515000000000004 1.0000000180025095e-35 8.0900000000000016 2.5000000000000004 16.415000000000003 0.50000000000000011 2.9650000333786015 0.50000000000000011 1.7000000000000004 1.7000000000000004 13.180000000000001 13.775000000000002 11.800000000000002 15.020000000000001 16.920000000000005 6.6550000000000002 14.005000000000001 10.675000000000002 9.9450000000000021 1.0000000000000002 2.5000000000000004 2.3000000000000003 1.0000000180025095e-35 1.3 17.200000000000006 0.50000000000000011 14.055000000000001 9.5000000000000018 7.8350000000000009 9.9800000000000022 9.7950000000000017 2.5000000000000004 6.6000000000000005
decision_type=2 2 2 2 2 2 2 2 2 2 2 2 2 2 2 2 2 2 2 2 2 2 2 2 2 2 2 2 2 2 2 2 2 2 2 2 2 2 2 2 2 2 2 2
left_child=1 -1 3 -2 -5 6 -3 -7 -8 12 -11 -12 13 -4 15 -15 -13 -9 -10 -18 -21 -19 -23 26 -25 -22 27 -14 29 40 -30 32 -32 -33 -34 36 37 -24 39 -36 41 -28 43 -27
right_child=2 5 9 4 -6 7 8 17 18 10 11 16 23 14 -16 -17 19 21 -20 20 25 22 35 24 -26 42 28 -29 30 -31 31 33 34 -35 38 -37 -38 -39 -40 -41 -42 -43 -44 -45
leaf_value=0.016798088451226552 -0.020882040342742891 -0.0099243870809940359 0.0061577414413293207 0.017036348360901076 -0.0072968509296576179 0.010252032118539017 0.0048887466893277392 -0.0033742259442806244 -0.002032112163280891 -0.024848372891545293 0.0054283371795382767 0.0034097693561454348 0.0017472955486958937 -0.0094813752626342809 -0.0070468843383618539 0.01166558972263374 -0.001664696269823859 0.0013975716437077304 0.0002438393803546205 0.0013638083209904532 -0.0012374278018251062 -0.0012378875018475811 0.00037935417238622908 -0.0015004301936222383 -6.1684901542637664e-05 0.0006819535907676541 -7.5973867128624383e-05 -4.4223981079621575e-05 -0.0024505587590213577 0.0020071344480321212 0.0029548661529215196 -0.0035147862974554303 -0.0025537725750889094 0.00065389249249008202 0.00013359484214161058 -0.00077119695767760273 0.00069901019700017639 -0.0010028063486838205 0.00057242690319461481 -0.0008391723714303226 0.00021442113112601821 -0.00048857155125064543 -0.00052145072548283322 -0.000310471177467012
leaf_weight=24 24 28 37.5 24 24 24 22 24 21 20 27 21 21 34 48.5 64 24 24 37.5 30 24 32 20 39 69 38 877.5 39 39 55.5 38 27 13.999999999999998 58 50 20 51 22 28 40 132 124.5 33 28
leaf_count=24 21 28 15 21 21 24 22 24 21 20 27 21 21 28 30 33 24 24 36 30 24 32 20 39 39 38 375 39 30 24 28 26 8 29 34 20 48 22 14 26 66 57 33 28
internal_value=-2.48992e-11 0.0010416 -0.000169125 -0.00371418 0.00486975 -0.000120163 -0.0018789 0.000759205 0.000919529 -4.64407e-05 -0.00125519 0.000841985 0.000114901 0.00170311 0.000562847 0.00432889 0.000216574 -0.00042125 -0.000573169 -0.00016228 7.33931e-05 -1.89205e-06 -0.000233527 -6.20476e-05 -0.000581232 -0.000241342 -2.57198e-05 0.000582808 -5.03317e-05 1.02609e-05 -0.000295484 3.41154e-05 0.000386311 -0.000670276 -0.000353121 5.08931e-05 0.000227687 -0.000344635 -9.20271e-05 -0.000298746 -8.74697e-05 -0.00012724 1.33026e-07 0.000260925
internal_weight=2502 349.5 2152.5 72 48 325.5 108.5 217 80.5 2080.5 245 225 1835.5 184 146.5 98 198 193 58.5 177 153 169 145 1651.5 108 123 1543.5 60 1483.5 1189.5 294 255 170 85 132 113 93 42 118 90 1134 1002 99 66
internal_count=1614 345 1269 63 42 321 107 214 79 1206 245 225 961 106 91 61 198 190 57 177 153 166 142 855 78 123 777 60 717 522 195 165 110 55 82 110 90 42 74 60 498 432 99 66
is_linear=0
shrinkage=0.08


Tree=173
num_leaves=45
num_cat=0
split_feature=37 1 34 37 16 36 0 0 37 4 34 9 0 0 36 32 32 0 31 37 4 30 37 37 4 16 0 32 30 37 0 18 32 37 34 37 34 18 18 36 13 11 30 36
split_gain=0.0582899 0.865225 0.356599 0.902989 0.651436 0.150678 0.652714 0.598921 0.0627814 0.15947 0.0901453 0.031608 0.0132632 0.00724517 0.00629453 0.0665327 0.0427764 0.0523478 0.0145887 0.119472 0.0181107 0.0130024 0.0504587 0.0138546 0.0129441 0.00845152 0.0054779 0.00468457 0.0103443 0.00380397 0.00343552 0.00255419 0.00224006 0.00196092 0.00417238 0.00231911 0.00255133 0.0019819 0.00317801 0.00279046 0.00505067 0.00199927 0.00329275 0.00190154
threshold=6.527000000000001 11.965000152587892 1.0000000180025095e-35 11.936538366171032 9.0399996042251605 1.5000000000000002 12.329999885559085 11.97499990463257 16.425000000000004 16.515000000000004 9.5000000000000053 2.9650000333786015 13.775000000000002 13.180000000000001 2.5000000000000004 1.0000000180025095e-35 1.0000000180025095e-35 16.375000000000004 0.70000000000000007 10.065000000000003 17.835000000000004 0.50000000000000011 10.065000000000003 9.7850000000000019 17.955000000000002 7.3600000000000021 13.775000000000002 1.7000000000000004 1.7000000000000004 11.655000000000001 17.150000000000002 4.7000000000000002 8.1000000000000014 7.9050000000000011 33.600000000000001 15.765000000000002 119.60000000000004 4.7000000000000002 5.6000000000000005 1.5000000000000002 9.1350000000000016 8.8950000000000014 6.1000000000000005 2.5000000000000004
decision_type=2 2 2 2 2 2 2 2 2 2 2 2 2 2 2 2 2 2 2 2 2 2 2 2 2 2 2 2 2 2 2 2 2 2 2 2 2 2 2 2 2 2 2 2
left_child=1 -1 3 -2 -5 6 -3 -7 14 -10 -11 -9 -8 -13 16 -16 17 -4 19 -17 25 22 23 -18 33 29 -15 -12 -29 -20 -30 -14 43 34 -23 36 37 39 -39 40 -35 42 -41 -28
right_child=2 5 8 4 -6 7 12 11 9 10 27 13 31 26 15 18 21 -19 20 -21 -22 24 -24 -25 -26 -27 32 28 30 -31 -32 -33 -34 35 -36 -37 -38 38 -40 41 -42 -43 -44 -45
leaf_value=0.015617154811819394 0.0017223050196965538 -0.014199597605814535 0.00056709932111617591 -0.023559157500664393 -0.004265399972597758 0.013012930825352669 0.0021738380366670236 -0.003104287801931302 0.006454616195494027 0.0047874961948643135 -0.00098222318286490112 0.0012857658311259002 -0.00036917872989261657 -0.0011388564764638431 0.0030162854445107442 0.00085033570409269259 0.00050113867081346959 -0.0033165315869424878 -9.536229566649789e-05 -0.0053030550306470223 0.0015139029156228509 -0.0010553791910075606 0.0029941341754359503 -0.0013250695542007199 -0.0014850598921378453 -0.0013439946233366545 0.00024338673449732286 0.001450776803928117 -0.0011384335580320718 0.00067389799480108506 -6.8306339659708718e-05 0.00074387647311336227 0.0008149035940878094 -1.4814036326298928e-06 -0.00014034493525645562 -0.00060666764199378948 -0.00062977060871688949 0.0011395947044142165 8.5871615822637288e-05 -0.00035025909605776207 -0.00082167055686965351 0.00047723788747356999 0.00034359937979151371 -0.00048010115722014058
leaf_weight=24 60 24 36 21 24 24 28 24 33 27 36 24 35.5 32 47 66.5 63 58 330 29 49.5 39 42 46 45 32.5 46.5 27 24 47 96 21 20 202.5 175 42 38 26 62 83.5 63 90 92 46.5
leaf_count=24 33 24 26 21 24 24 28 24 33 27 36 24 34 32 27 29 26 28 147 23 22 18 36 22 20 30 45 27 24 38 96 21 20 101 76 42 18 16 46 44 28 40 45 45
internal_value=1.59187e-12 0.000958277 -0.000155595 -0.00470261 -0.0132692 -0.000122562 -0.00255675 0.00109453 7.75853e-05 0.00128476 0.00047235 -0.00038755 0.000750095 -1.74069e-06 -8.49764e-05 0.000126328 -0.000190628 -0.00182918 -0.000118628 -0.00101823 6.85447e-05 -5.17428e-05 0.000638226 -0.000269555 -0.000160496 -0.000106169 -0.000214845 -0.000164311 3.59943e-05 5.40181e-07 -0.000282332 4.45232e-05 4.68217e-05 -9.52106e-05 -0.000307104 -3.03392e-05 6.50367e-06 4.55641e-05 0.000397199 -1.27106e-05 -0.000196103 0.000170681 1.3473e-05 -0.000118357
internal_weight=2502 349.5 2152.5 105 45 325.5 108.5 217 2047.5 243 210 193 84.5 169 1804.5 601.5 1203 94 554.5 95.5 459 1109 151 109 958 409.5 145 183 147 377 120 56.5 113 913 214 699 657 619 88 531 265.5 265.5 175.5 93
internal_count=1614 345 1269 78 45 321 107 214 1191 243 210 190 83 166 948 316 632 54 289 52 237 578 84 48 494 215 142 183 147 185 120 55 110 474 94 380 338 320 62 258 129 129 89 90
is_linear=0
shrinkage=0.08


Tree=174
num_leaves=45
num_cat=0
split_feature=37 32 35 0 16 22 6 1 37 7 10 34 15 36 11 30 0 31 32 32 0 37 36 1 10 21 16 37 36 30 32 30 10 32 30 33 36 15 0 17 37 9 9 37
split_gain=0.0653905 1.8486 0.218999 3.06691 1.29758 0.199906 0.225477 0.142235 0.125069 0.246748 0.142954 0.109768 0.878296 0.0286989 0.0653571 0.0302865 0.0143814 0.0192804 0.0392573 0.00823374 0.00766849 0.00682827 0.0658836 0.13412 0.035072 0.00423871 0.00385322 0.00264265 0.00417532 0.0362012 0.0347164 0.0277909 0.0118925 0.00863573 0.0114602 0.00181821 0.0030125 0.00231617 0.00286369 0.00230592 0.0037782 0.00439031 0.00178985 0.00423884
threshold=16.425000000000004 0.3000000000000001 1.0000000180025095e-35 8.3270000000000017 6.1050000000000013 1.0000000180025095e-35 3.6400000000000001 16.475000000000005 1.6799999833106998 2.9250000715255742 1.1549999713897707 1.0000000180025095e-35 1.7950000762939455 2.5000000000000004 6.6750000000000016 1.0000000180025095e-35 17.150000000000002 11.100000000000001 3.1000000000000005 1.7000000000000004 14.160000000000002 11.470000000000001 1.5000000000000002 17.845000000000002 9.9550000000000018 2.5000000000000004 9.0349994897842425 2.9900000000000007 2.5000000000000004 1.0000000180025095e-35 1.0000000180025095e-35 0.70000000000000007 9.8550000000000022 1.0000000180025095e-35 0.50000000000000011 0.3000000000000001 1.5000000000000002 2.305000000000001 15.100000000000003 0.90000000000000013 8.3150000000000013 10.010000000000002 10.010000000000002 8.7750000000000004
decision_type=2 2 2 2 2 2 2 2 2 2 2 2 2 2 2 2 2 2 2 2 2 2 2 2 2 2 2 2 2 2 2 2 2 2 2 2 2 2 2 2 2 2 2 2
left_child=2 -2 4 -4 -1 26 -7 -3 10 -10 -5 12 -11 15 25 -8 17 18 -9 -18 -17 24 -23 -24 27 -15 -6 -13 30 -30 31 -29 35 -31 -35 36 -32 39 -39 40 -37 -42 43 -36
right_child=1 7 3 8 5 6 13 16 9 11 -12 21 -14 14 -16 20 19 -19 -20 -21 -22 22 23 -25 -26 -27 -28 28 29 33 32 -33 -34 34 42 37 -38 38 -40 -41 41 -43 -44 -45
leaf_value=0.01999978727544658 -0.024549299389822407 0.0070996157612119408 -0.043289402553013397 1.3524815440177917e-05 0.0063209619152952328 -0.0077010064696272224 -0.0030443359640194103 0.002528018803326025 -0.010255805174509684 -0.003783912200194139 0.0090516666251988648 0.00044326283907713859 0.014224253232989993 -0.00058485892834141855 0.0056852303557097918 0.0017533275727182626 -0.00175074679510934 0.0031464700525005657 -0.0020477037098802007 -2.6920951439247452e-05 2.8211463749299739e-05 0.0018964133293113924 -0.0053162335813976827 0.0009560780025397738 0.0022491197645043335 0.00093770144158042965 0.0048059535168466115 -0.0030221930169985474 0.0020767940543233777 -0.0013945410846535004 -0.00067931283021434438 -0.00016702066245488821 -0.0013818137100454241 0.0014176506395377811 -0.00032283323402551296 -0.00046588209938878814 0.00010303187154469982 -0.00080681143117544707 -2.2736189976642162e-05 0.00061501426635967454 6.4339368787264773e-05 0.00096429526424882095 -0.00036107999371949806 0.00035420593253736614
leaf_weight=24 20 21 10.499999999999998 24 22 24 20 24 14.999999999999998 45.5 21 57 28 22 20 20 21 21 24 114 94 44 40 48 42 25 21 48 52 33 63 40 42 31.5 134 60 63 32 436 68 164 44 173.5 106
leaf_count=24 20 21 6 24 22 24 20 24 15 35 21 57 16 22 20 20 21 21 24 114 94 22 20 24 18 25 21 28 27 18 38 20 18 19 83 30 38 32 200 48 74 20 75 51
internal_value=2.75921e-11 -0.00124133 0.000134748 -0.00016903 0.002179 0.000583112 -0.000372054 0.000830492 6.26223e-05 -3.5619e-05 0.00423132 4.5301e-05 0.00307634 0.000503045 0.00185493 -0.000172898 0.000185141 0.00112469 0.000240158 -0.000295072 0.000330863 -7.70392e-05 -0.000631177 -0.00189497 -3.37318e-05 0.000225014 0.00558107 -9.19466e-05 -0.000111133 7.22042e-05 -0.000202802 -0.00172439 -6.50454e-05 -0.000145868 -5.32701e-05 -5.57844e-06 -0.00028814 3.87037e-05 -7.63482e-05 0.000198954 9.3387e-05 0.000254715 -0.000165323 -2.38076e-05
internal_weight=2502 245 2257 1965 292 268 225 225 1954.5 1909.5 45 1894.5 73.5 201 67 134 204 69 48 135 114 1821 132 88 1689 47 43 1647 1590 530 1060 88 972 478 445 930 126 804 468 336 268 208 413.5 240
internal_count=1614 245 1369 1077 292 268 225 225 1071 1026 45 1011 51 201 67 134 204 69 48 135 114 960 66 44 894 47 43 876 819 273 546 48 498 246 228 480 76 404 232 172 124 94 209 134
is_linear=0
shrinkage=0.08


Tree=175
num_leaves=45
num_cat=0
split_feature=37 33 35 0 8 3 36 14 10 19 34 37 13 1 33 36 0 0 36 34 33 34 1 5 32 20 37 16 10 33 33 37 36 34 34 16 16 34 18 34 16 3 0 37
split_gain=0.0553465 1.80008 0.185361 2.59583 1.27452 0.123857 0.106365 1.39957 1.29943 0.353362 0.143866 0.105859 0.217161 0.135147 0.100563 0.887738 1.43015 0.862696 2.22659 0.106908 0.0466713 0.0482877 0.00970024 0.00862337 0.0100438 0.00799314 0.00675964 0.0317409 0.0290476 0.00566388 0.00841647 0.0043167 0.003883 0.0745006 0.0440765 0.011788 0.0108762 0.00544595 0.00369781 0.00368635 0.00429879 0.00220198 0.00241853 0.00199915
threshold=16.425000000000004 0.3000000000000001 1.0000000180025095e-35 8.3270000000000017 2.935000061988831 16.475000000000005 2.5000000000000004 7.8650000000000011 7.6750000000000007 1.0000000180025095e-35 0.80000000000000016 1.6799999833106998 1.1549999713897707 11.97499990463257 1.0000000180025095e-35 2.5000000000000004 16.165000000000003 16.425000000000004 1.5000000000000002 2.6000000000000023 1.0000000000000002 11.200000000000005 16.155000000000005 9.9950000000000028 7.5000000000000009 3.7000000000000006 11.655000000000001 5.9461538461538463 9.9550000000000018 5.0000000000000009 2.5000000000000004 3.5200000000000005 2.5000000000000004 5.400000000000003 5.1000000000000023 6.0273076923076916 6.0273076923076916 9.9000000000000039 4.7000000000000002 12.700000000000003 6.0850000000000017 16.485000000000003 14.700500000000002 7.6950000000000012
decision_type=2 2 2 2 2 2 2 2 2 2 2 2 2 2 2 2 2 2 2 2 2 2 2 2 2 2 2 2 2 2 2 2 2 2 2 2 2 2 2 2 2 2 2 2
left_child=2 -2 4 -4 -1 -3 7 10 9 -8 -6 13 -13 -5 15 17 -17 18 -14 -16 -7 -22 29 24 -23 -11 28 -28 31 30 -12 38 34 -34 -33 -35 -36 -37 -21 -39 -41 42 -42 -44
right_child=1 5 3 11 6 20 8 -9 -10 25 22 12 14 -15 19 16 -18 -19 -20 26 21 23 -24 -25 -26 -27 27 -29 -30 -31 -32 32 33 35 36 37 -38 39 -40 40 41 -43 43 -45
leaf_value=0.019666411206126215 -0.024142065279185776 0.0067525360254304745 -0.039826241447812036 0.0085796833180245904 -0.0073732020165771248 -0.0030136214721035986 0.01202246305244487 0.020950334135088181 -0.01979198559746146 -0.0015419311296533456 0.00028448703275485475 -0.0096206584870815286 0.015712008697048922 -0.00020818893797695638 -0.0041846906728815383 -0.0024283954675775022 0.021584088220926272 -0.011381278266674866 -0.011077925404170892 0.0012305228111023703 0.0043475156135502312 1.2060558600794701e-05 -0.0016532425294545564 -8.7128480081446476e-05 0.0024863160461453455 0.00052998049399600577 -0.0022095880102521431 0.00049411824142391026 0.0020691901804613215 0.001125459302061548 -0.0015888553683180361 -0.0030564369560416899 0.0052190896975142622 0.0014366040533253302 -0.0011237092708858351 -0.0011990442998134172 -1.0379870822934589e-05 0.00077152545784007424 -5.9974887408316134e-05 -0.0012863809771315995 -0.0012184066851349438 9.0749558878016546e-05 0.00016436565795849111 -0.00041212234479338585
leaf_weight=24 20 21 10.499999999999998 21 20 24 21 21 20 22 66 14.999999999999998 41 24 41 32 31.5 42.5 38.5 30 21 21 22 117 21 26 48 66 42 30 20 33 17.5 30 60 32.5 877 27.5 27 21.5 17 166.5 58 114.5
leaf_count=24 20 21 6 21 20 24 21 21 20 22 66 15 32 24 35 28 14 19 31 30 21 21 22 117 21 26 24 33 18 30 20 18 10 12 24 15 438 15 27 9 17 74 34 54
internal_value=4.08494e-11 -0.00114202 0.000123968 -0.000155507 0.00200468 0.000902427 0.000423035 0.00154684 -0.0018372 0.00336708 -0.0010321 5.76125e-05 -3.27694e-05 0.00389282 4.31442e-05 0.00181228 0.00948331 -0.00218043 0.00273827 -0.000148883 0.00030021 0.000742054 -0.000113105 0.000265861 0.00124919 -0.000419646 -4.96817e-05 -0.000644284 -6.06221e-06 0.00017899 -0.000151174 -6.37081e-05 -9.04626e-05 9.4361e-05 -0.000182874 -9.74737e-05 -8.1671e-05 -0.000202668 0.000619234 -0.000122711 -0.000187855 -0.000121511 -0.000308009 -0.000218289
internal_weight=2502 245 2257 1965 292 225 268 179 89 69 158 1954.5 1909.5 45 1894.5 185.5 63.5 122 79.5 1709 204 180 138 159 42 48 1668 114 1554 116 86 1512 1455 485 970 467.5 937 437.5 57 405 377.5 356 189.5 172.5
internal_count=1614 245 1369 1077 292 225 268 179 89 69 158 1071 1026 45 1011 124 42 82 63 887 204 180 138 159 42 48 852 57 795 116 86 777 720 240 480 230 462 218 57 203 188 179 105 88
is_linear=0
shrinkage=0.08


Tree=176
num_leaves=45
num_cat=0
split_feature=37 12 33 37 36 10 37 36 17 8 37 15 36 11 13 37 2 32 37 36 32 32 4 32 31 31 37 4 9 33 0 37 2 37 15 29 33 8 15 37 37 10 10 11
split_gain=0.0594151 0.696674 0.344688 1.53295 0.42987 0.639189 0.539496 0.143591 1.20736 2.08901 1.04532 0.953492 3.25226 0.980057 0.250416 0.112626 0.481519 0.0702567 0.0574596 0.0355465 0.266525 0.110956 0.0299153 0.0199077 0.0193739 0.0149383 0.0943008 0.0277658 0.012745 0.0126427 0.0112957 0.00693896 0.00707512 0.00580019 0.0039234 0.00381779 0.00470286 0.00327225 0.00247212 0.00248585 0.0023177 0.00194474 0.00141175 0.00199858
threshold=7.9050000000000011 7.8800000000000008 1.0000000180025095e-35 14.055000000000001 2.5000000000000004 7.9050000000000011 11.97499990463257 2.5000000000000004 1.0000000180025095e-35 2.9550000429153447 3.5200000000000005 1.7550001144409182 1.5000000000000002 1.1549999713897707 2.7300000000000004 16.415000000000003 16.455000000000002 0.70000000000000007 8.0900000000000016 2.5000000000000004 1.0000000180025095e-35 1.0000000180025095e-35 16.545000000000005 1.0000000180025095e-35 0.70000000000000007 0.70000000000000007 10.085000000000003 17.955000000000002 11.868846153846155 1.3 17.020000000000003 15.625000000000002 16.115000000000006 14.485000000000001 2.5750000000000002 3.5000000000000004 5.0000000000000009 10.025 2.4900000000000007 6.8050000000000006 4.8450000000000006 9.4050000000000029 8.5500000000000025 8.8000000000000025
decision_type=2 2 2 2 2 2 2 2 2 2 2 2 2 2 2 2 2 2 2 2 2 2 2 2 2 2 2 2 2 2 2 2 2 2 2 2 2 2 2 2 2 2 2 2
left_child=1 7 3 4 5 6 -2 11 9 -9 -10 12 -1 -13 -15 18 -17 -18 -4 21 -21 -20 -19 -16 -22 26 30 31 33 -24 -23 -27 -33 35 -12 36 -26 38 40 -40 -25 42 -31 -44
right_child=2 -3 15 -5 -6 -7 -8 8 10 -11 34 13 -14 14 23 16 17 22 19 20 24 25 29 37 28 27 -28 -29 -30 41 -32 32 -34 -35 -36 -37 -38 -39 39 -41 -42 -43 43 -45
leaf_value=-0.007605796119072087 -0.019347384301098912 0.013098217362707313 -0.0030982613136492127 -0.018862734030493919 0.0057816945615534977 0.0021434696351201083 -0.0011929547330364585 -0.027219072559050154 0.018492359569804235 0.00092460381414960404 -0.00062368531779185697 -0.01786689304187894 0.026399462646707738 0.0075852631218731401 -0.0020064815486732284 0.013617803835077212 0.004471272736511849 0.0024334173649549484 0.0033919552496323984 -0.0075585577004786695 -0.0013095598740106009 0.00019394270881700022 -0.002148082067391702 -0.0003047604257881176 -0.0011564757504190009 1.609645379703271e-05 0.0038950607405699666 -0.0023373744872191714 0.001424323432147503 3.6146158952125539e-05 -0.0015603864573590135 -8.7477848865091811e-06 -0.002136676050722599 0.0009264906753216767 0.00022272658667394092 6.4062906111738793e-05 3.180831285584488e-05 -0.00054824756278789471 0.0002012250496153819 -0.00059108957614411011 0.00047123511400178216 0.00049341093410145147 -0.001120492076678645 -5.182761432176146e-05
leaf_weight=36 22 27.5 41 34 52.5 60.5 20 28 22 42.5 79 20 36 28 38 20 27 30 66 33 68 48 21 32 45 590 42 36 45 63 46 20 20 36 63 166.5 40.5 70 47 55 107 33 21 24
leaf_count=33 20 11 17 34 34 27 20 25 22 35 52 20 33 28 32 20 27 30 38 19 38 22 21 32 24 304 34 16 20 63 20 20 20 36 33 80 20 28 38 28 62 33 21 24
internal_value=1.34763e-11 0.0006068 -0.000250463 -0.00347945 -0.000105049 -0.00312021 -0.0107024 0.000118507 -0.00149785 -0.010253 0.00226581 0.000926685 0.00939683 -0.000609463 0.000306051 0.0001353 0.00173539 0.000650241 -0.000149452 -5.65937e-05 -0.000647744 0.000238982 0.000112908 -0.000277955 -7.90238e-05 -2.04901e-05 0.000743559 -0.000176512 0.000172257 -0.000316816 -0.000664559 -5.30342e-05 -0.00107271 -2.33786e-05 -0.000248165 -0.000159074 -0.000593604 -6.67519e-05 7.31016e-05 -0.000226003 0.000292589 -4.4074e-05 -0.000208305 -0.000550538
internal_weight=2502 731 1771 189 155 102.5 42 703.5 234.5 70.5 164 469 72 397 377 1582 239 219 1343 1302 434 868 192 349 401 802 136 666 333 162 94 630 40 288 142 252 85.5 311 241 102 139 141 108 45
internal_count=1614 512 1102 135 101 67 40 501 167 60 107 334 66 268 248 967 239 219 728 711 237 474 192 220 218 436 76 360 180 162 42 344 40 160 85 124 44 188 160 66 94 141 108 45
is_linear=0
shrinkage=0.08


Tree=177
num_leaves=45
num_cat=0
split_feature=3 35 16 5 36 36 34 37 30 37 34 32 1 17 37 12 3 15 37 15 12 36 31 15 14 36 31 12 32 30 32 12 15 24 1 2 36 37 15 20 35 30 27 36
split_gain=0.0704621 0.95133 1.76638 0.879924 0.857475 0.677886 0.397402 0.0689085 0.121633 0.0406388 0.0206029 0.025416 0.00495561 0.00565204 0.00391136 0.0130755 0.00658629 0.00609184 0.0057835 0.174599 0.0339142 0.00928882 0.184427 0.181484 0.0146478 0.00773928 0.0508821 0.0144678 0.00938551 0.00733603 0.00589798 0.00543254 0.00419366 0.00415209 0.00661404 0.00390614 0.00351407 0.00707816 0.00279847 0.00269081 0.00278352 0.00330317 0.00232238 0.00538121
threshold=11.994999885559084 1.0000000180025095e-35 9.0349994897842425 6.4620000000000006 1.5000000000000002 2.5000000000000004 1.0000000180025095e-35 16.425000000000004 0.3000000000000001 17.070000000000004 55.300000000000011 3.9000000000000004 13.095000000000002 3.0000000000000004 8.0900000000000016 7.8200000000000012 13.645000000000001 -0.1650000000000009 10.105000000000002 1.781153891453376 9.9350000000000005 1.5000000000000002 0.70000000000000007 1.9903846153846161 7.7750000000000012 2.5000000000000004 0.70000000000000007 9.7700000000000014 0.3000000000000001 0.3000000000000001 0.70000000000000007 9.1850000000000005 2.2746153846153851 10.400000000000002 17.680000000000003 17.325000000000003 2.5000000000000004 3.4700000000000002 2.5750000000000002 1.0000000180025095e-35 1.5000000000000002 3.5000000000000004 1.6000000000000003 2.5000000000000004
decision_type=2 2 2 2 2 2 2 2 2 2 2 2 2 2 2 2 2 2 2 2 2 2 2 2 2 2 2 2 2 2 2 2 2 2 2 2 2 2 2 2 2 2 2 2
left_child=1 2 -1 4 -3 -6 -2 12 -9 10 11 -10 13 -8 15 36 -16 -18 20 -20 25 22 -21 -23 -24 27 -27 28 -19 -25 -31 -28 -32 34 -34 -11 39 -38 -39 -14 41 -41 -37 -44
right_child=6 3 -4 -5 5 -7 7 8 9 35 -12 -13 14 -15 16 -17 17 18 19 21 -22 23 24 29 -26 26 31 -29 -30 30 32 -33 33 -35 -36 42 37 38 -40 40 -42 -43 43 -45
leaf_value=0.028394909930814588 -0.0073128100810572506 0.012490853928029538 -0.002540865319746512 -0.017248645282927015 -0.013457185729805912 0.0041465332186115637 -4.6293440197284025e-05 0.0067226520304878561 0.0027354823254669707 -0.0011160641241197784 0.0043025638695274081 -0.00062546780720974012 0.0005106037510267925 -0.0016832074378099707 0.0012244671607321059 -0.0011461314668671954 -0.0012270285009785935 -0.00098513275781860117 -0.0097664478917916624 0.006791004554182291 0.0021741111186565831 -0.0080272035797437045 7.4027735483495229e-06 0.0015438220109074161 -0.0017706397104148681 0.0023501434174907064 -3.8951218260749501e-05 -0.0014700494881938486 7.4041189743337732e-05 -0.0010086635281690039 0.0011121031828224659 -0.0010132186421926352 5.0245161356332786e-05 -0.00070884080952964728 0.0014057509627725397 0.00071962036123430291 -0.0017374875167892737 -0.00050825075535424825 0.00017125219266329495 -0.0010969127313001082 5.2297058724990681e-05 0.00021367881633341311 -0.0005637472949407917 0.00074849780028065044
leaf_weight=21 48 28 27 21 28 28 27 24 36 21 21 24 64 27 27 90 27 61 11.999999999999998 25 48 18 69 26 52 62 166 51 438 26 32 47 130 32 28 27 22 87 70 32 242 20 60 30
leaf_count=21 30 28 27 12 28 28 27 24 36 21 21 24 52 27 27 36 12 28 9 21 21 10 52 24 31 28 76 22 198 24 26 20 94 16 14 27 22 60 36 30 134 20 60 30
internal_value=2.19704e-11 0.00166349 0.0109935 -0.00260168 0.00106007 -0.00465533 -0.00010835 4.19388e-05 0.00131599 0.000723482 0.00214593 0.0013911 -0.000108496 -0.00086475 -8.8118e-05 -0.000253748 -1.27006e-05 -3.74439e-05 -1.31667e-05 -0.00024614 0.000106923 1.46904e-05 0.000535703 -0.000245816 -0.000756715 -1.33501e-05 0.00033317 -0.00018661 -5.5437e-05 0.00026537 0.000131339 -0.00025393 0.000264853 0.000122158 0.000290461 -0.000111431 -0.000104186 -0.000393603 -0.000205288 4.05221e-05 -6.18086e-05 -0.000592839 6.88876e-05 -0.000126332
internal_weight=2502 153 48 105 84 56 2349 2301 243 219 81 60 2058 54 2004 627 1377 1350 1323 450 873 438 146 292 121 825 275 550 499 274 248 213 222 190 158 138 537 179 157 358 294 52 117 90
internal_count=1614 144 48 96 84 56 1470 1440 243 219 81 60 1197 54 1143 390 753 726 714 321 393 312 104 208 83 372 124 248 226 198 174 96 150 124 108 138 354 118 96 236 184 50 117 90
is_linear=0
shrinkage=0.08


Tree=178
num_leaves=45
num_cat=0
split_feature=3 36 6 5 36 8 34 4 0 34 13 3 36 33 10 33 15 30 4 33 5 13 14 36 11 10 33 36 10 31 30 0 36 0 0 36 0 33 36 36 30 36 31 17
split_gain=0.0618216 0.548778 2.78721 2.28119 1.98609 2.1386 0.442457 0.251462 0.0102751 0.0196593 0.0102456 0.0101787 0.00876413 0.00846167 0.00815465 0.00765164 0.00726031 0.00458751 0.00277936 0.0027821 0.00245266 0.00146747 0.00152307 0.00136703 0.00228347 0.00210333 0.00110675 0.00103706 0.000985751 0.00111286 0.000807723 0.00129695 0.00540737 0.00574187 0.00135054 0.00241478 0.000756493 0.000790583 0.000735097 0.000627277 0.000633756 0.000581503 0.000416731 0.000345667
threshold=12.165000000000001 1.5000000000000002 2.9050000905990605 2.935000061988831 2.5000000000000004 2.9450000524520878 1.0000000180025095e-35 11.984999656677248 16.415000000000003 6.0000000000000044 7.9050000000000011 16.475000000000005 2.5000000000000004 0.3000000000000001 8.1550000000000029 1.0000000000000002 1.4150000000000003 1.0000000000000002 17.965000000000003 1.7000000000000004 10.085000000000003 8.4200000000000017 7.5750000000000002 2.5000000000000004 8.6700000000000017 9.1850000000000005 10.300000000000002 2.5000000000000004 9.6700000000000017 11.4 0.50000000000000011 14.005000000000001 1.5000000000000002 13.710000000000003 16.185000000000006 1.5000000000000002 14.160000000000002 7.1000000000000005 1.5000000000000002 1.5000000000000002 12.100000000000001 2.5000000000000004 6.3000000000000016 0.50000000000000011
decision_type=2 2 2 2 2 2 2 2 2 2 2 2 2 2 2 2 2 2 2 2 2 2 2 2 2 2 2 2 2 2 2 2 2 2 2 2 2 2 2 2 2 2 2 2
left_child=1 3 -3 -1 5 -4 -2 -6 10 -10 16 12 14 -13 -11 17 -8 -15 19 -17 30 22 -21 24 -23 42 27 -24 29 38 31 32 -18 -34 35 -33 -32 43 -26 -39 -41 -37 -25 -38
right_child=6 2 4 -5 7 -7 8 -9 9 11 -12 13 -14 15 -16 18 20 -19 -20 21 -22 23 26 25 28 -27 -28 -29 -30 -31 36 34 33 -35 -36 41 37 39 -40 40 -42 -43 -44 -45
leaf_value=0.0096333426535129552 -0.0085543755384591916 0.028847228884696961 -0.032419235795026737 -0.023457036633044482 0.016425643818719048 0.0036851594685798602 -0.0010825198289369129 0.0040453270716326577 0.0017432322736942408 -0.0003407183143056252 -0.0011271880445719669 0.00082136634669520631 0.0016124227212158718 -0.001198800431206973 0.0011204582605172288 0.00052248587634301546 0.0013109725781854382 -0.0002246278292979255 0.00056072077572797286 -3.6111659297456195e-05 -0.00050652450105796254 -0.00054921370737826111 -2.7472526560743132e-05 0.00013350987831106434 -0.00034559178380641996 -0.00068293732937333015 0.00059416422140643453 0.00048104738744048331 0.00037522603122686803 0.00028559322756799787 -0.00040287977058647411 -0.00089170796986745332 -0.00081345702707767492 0.00084669258057450255 0.00029734447457347856 0.00035661238369208816 0.00026538845623532933 -0.00043898262295194646 4.8774435869918382e-05 -0.00021569664314544448 0.00024523613001552544 -0.00019457326327659646 -0.00023871260271830994 9.6419419337441967e-06
leaf_weight=30 39 24 21 24 21 21 45 21 49.5 55 66 82.5 49.5 49.5 44 66 27 82.5 66 247.5 66 44 77 38.5 60.5 60.5 49.5 38.5 55 55 36 24.5 30 24 49.5 24.5 37.5 44 60.5 60 28 24.5 38.5 345
leaf_count=30 21 18 21 21 21 21 45 21 27 30 36 45 27 27 24 36 27 45 36 135 36 24 42 21 33 33 27 21 30 30 36 21 30 24 27 21 27 33 33 48 18 21 21 243
internal_value=1.66908e-11 0.00151136 0.00480378 -0.00507349 -0.00206578 -0.014367 -0.000104632 0.0102355 3.85837e-05 0.000178007 -0.000166397 0.000119311 0.00074327 4.02173e-05 0.000308693 -1.89607e-05 -9.31308e-05 -0.000589943 5.97955e-05 2.26899e-05 -3.88682e-05 -1.72938e-05 8.94023e-05 -0.00012399 -2.10102e-05 -0.000329949 0.000277673 0.000142034 7.96e-05 -1.27831e-05 2.04013e-06 0.000138014 0.000386582 -7.56128e-05 -2.56775e-05 -0.000243223 -4.8348e-05 -2.35411e-05 -0.000148409 -0.000192352 -6.90362e-05 8.10196e-05 -5.26014e-05 3.47151e-05
internal_weight=2502 162 108 54 84 42 2340 42 2301 1369.5 931.5 1320 148.5 1171.5 99 1089 865.5 132 957 891 820.5 825 412.5 412.5 275 137.5 165 115.5 231 176 754.5 204 81 54 123 73.5 550.5 514.5 121 132 88 49 77 382.5
internal_count=1614 153 102 51 84 42 1461 42 1440 747 693 720 81 639 54 594 657 72 522 486 612 450 225 225 150 75 90 63 126 96 576 171 81 54 90 63 405 369 66 99 66 42 42 270
is_linear=0
shrinkage=0.08


Tree=179
num_leaves=45
num_cat=0
split_feature=7 35 16 0 34 35 37 0 30 34 0 4 31 29 15 7 35 37 36 14 0 37 36 34 36 37 22 36 2 37 6 0 36 8 36 34 15 26 20 17 37 37 14 29
split_gain=0.0609121 0.990076 1.81412 0.887795 0.238519 0.112717 0.0572452 0.101499 0.0691521 0.0173999 0.0171473 0.00443936 0.00402304 0.00890888 0.00309248 0.0048722 0.00646231 0.00305567 0.0277993 0.048318 0.0397463 0.00344248 0.00278169 0.00245997 0.00427396 0.00199911 0.00950006 0.0126344 0.00834955 0.00598929 0.00559547 0.00426201 0.02467 0.00995278 0.00258711 0.00646527 0.0023969 0.00192142 0.00227907 0.00187862 0.00926921 0.00370865 0.00333978 0.00212719
threshold=3.0550000190734869 1.0000000180025095e-35 9.0399996042251605 11.729999904632569 1.0000000180025095e-35 1.5000000000000002 16.425000000000004 17.070000000000004 1.3 55.300000000000011 16.565000000000001 17.935000000000006 1.0000000000000002 1.3 2.6250000000000004 10.105000000000002 1.5000000000000002 13.265000000000002 2.5000000000000004 7.8350000000000009 16.085000000000004 10.105000000000002 2.5000000000000004 15.800000000000002 1.5000000000000002 8.0900000000000016 1.0000000180025095e-35 2.5000000000000004 12.820000000000002 2.9900000000000007 10.010000000000002 16.425000000000004 2.5000000000000004 9.9800000000000022 2.5000000000000004 13.500000000000002 2.1350000000000002 6.6000000000000005 0.70000000000000007 2.5000000000000004 4.8450000000000006 6.6650000000000009 7.8050000000000006 3.1000000000000005
decision_type=2 2 2 2 2 2 2 2 2 2 2 2 2 2 2 2 2 2 2 2 2 2 2 2 2 2 2 2 2 2 2 2 2 2 2 2 2 2 2 2 2 2 2 2
left_child=1 2 -1 -3 -2 -5 11 8 -8 10 -10 14 -9 -14 15 17 -17 21 19 23 -20 25 37 24 -19 26 -6 29 -29 -28 36 32 33 -27 -33 -36 -30 38 -15 40 -31 43 -42 -41
right_child=4 3 -4 5 6 -7 7 12 9 -11 -12 -13 13 22 -16 16 -18 18 20 -21 -22 -23 -24 -25 -26 31 27 28 30 39 -32 34 -34 -35 35 -37 -38 -39 -40 41 42 -43 -44 -45
leaf_value=0.028562788899455752 -0.0050127566393797967 -0.016897307766808405 -0.0036341460918386777 -0.0018570440759261451 -0.0031186971664428709 0.0044736081030633717 0.0069062758175035327 0.00086442796025602592 7.5460664617518585e-05 0.0039265435384142969 0.0029997379590003263 0.00043396635365391533 -0.0018341654672154358 0.0010964374459823982 2.6724303915348444e-05 -7.6654081543286637e-05 -0.0012661521357173722 -0.00014838847700351229 5.6798816218066057e-05 -0.004124433068558574 0.0044832955002784732 -0.0009343473761318586 -0.00061555085457204017 -0.00021218620878441828 0.0013613946032599719 -0.0013460157257391186 0.00099084465225276206 -0.0033626436209306123 -0.00099896088061440314 -0.0014328192010083618 -0.0017303616282614794 -5.1104715652726537e-05 0.0019113857295802411 0.00038640538188205526 -0.0010398247664173445 -3.306985448646007e-07 -0.00020979386145392293 -0.00038811076595447958 -6.062478933017701e-06 0.0012280896996063266 0.0004288388929093507 -0.00028164093491561231 -0.00049495204514823856 0.000229597975137747
leaf_weight=21 61.5 22.5 24 36 7.4999999999999991 36 24 21 33 21 21 94.5 21 24 585 57 60 24 37 20 20 39 34 46 24 41 38 7.9999999999999991 36 34 27.5 312 42.5 44 67.5 88.5 78 20 24 22 67 62 40 36
leaf_count=21 39 18 24 36 3 36 24 21 33 21 21 42 21 24 294 33 24 24 37 20 20 30 34 46 24 20 38 8 36 34 11 140 21 22 30 40 54 20 24 22 40 32 16 36
internal_value=-2.21366e-11 0.00162442 0.0113911 -0.00302638 -9.59179e-05 0.00130828 3.5497e-05 0.00119673 0.00316861 0.00197256 0.00121268 -0.000101617 -0.000158934 -0.000333654 -0.000127394 -0.000192797 -0.000686653 -0.000146994 0.000167429 -0.000553834 0.00160996 -0.000196298 -2.4725e-05 0.000205868 0.000606503 -0.000168924 -0.00029498 -0.00024776 -0.000848245 5.2482e-05 -0.000706088 -7.2398e-05 0.00033764 -0.000449233 -0.000184107 -0.000450112 -0.000459004 0.000270688 0.000545187 -8.41378e-05 -0.00028214 0.000148515 8.34965e-05 0.000608336
internal_weight=2502 139.5 45 94.5 2362.5 72 2301 243 99 75 54 2058 144 123 1963.5 1378.5 117 1261.5 171 114 57 1090.5 102 94 48 1051.5 456 448.5 149.5 299 141.5 595.5 127.5 85 468 156 114 68 48 261 141 120 107 58
internal_count=1614 135 45 90 1479 72 1440 243 99 75 54 1197 144 123 1155 861 57 804 171 114 57 633 102 94 48 603 330 327 109 218 101 273 63 42 210 70 90 68 48 180 90 90 56 58
is_linear=0
shrinkage=0.08


Tree=180
num_leaves=45
num_cat=0
split_feature=37 4 34 35 16 0 36 35 30 0 33 4 2 0 17 33 37 36 36 10 22 33 36 31 31 0 37 17 37 17 37 4 0 15 27 36 24 30 37 34 31 4 37 37
split_gain=0.0677897 2.08637 0.194081 0.560066 1.19088 0.899379 0.791676 0.576639 0.0959442 0.0145079 0.0263467 0.00375747 0.00312904 0.00262359 0.00491982 0.00281622 0.00746011 0.0118081 0.0102082 0.0179365 0.0129068 0.00927582 0.00659383 0.0804802 0.0390137 0.0433686 0.00766195 0.00552154 0.00498012 0.00351857 0.00343636 0.00333042 0.00685405 0.00296831 0.00184587 0.0050194 0.00904485 0.0018296 0.00181476 0.00191814 0.00175667 0.00161943 0.00247337 0.00228222
threshold=16.425000000000004 16.455000000000002 1.0000000180025095e-35 1.0000000180025095e-35 9.0349994897842425 11.729999904632569 2.5000000000000004 1.5000000000000002 0.3000000000000001 17.070000000000004 1.7000000000000004 17.935000000000006 17.325000000000003 13.180000000000001 3.0000000000000004 0.3000000000000001 13.955000000000002 2.5000000000000004 1.5000000000000002 7.8850000000000007 0.50000000000000011 1.0000000180025095e-35 2.5000000000000004 1.0000000180025095e-35 1.0000000180025095e-35 16.375000000000004 15.765000000000002 2.7000000000000006 11.470000000000001 1.1000000000000003 4.0150000000000015 17.515000000000004 16.175000000000004 -0.1650000000000009 1.6000000000000003 2.5000000000000004 2.3000000000000003 32.100000000000001 5.6350000000000007 10.700000000000005 15.100000000000001 17.845000000000002 11.655000000000001 13.955000000000002
decision_type=2 2 2 2 2 2 2 2 2 2 2 2 2 2 2 2 2 2 2 2 2 2 2 2 2 2 2 2 2 2 2 2 2 2 2 2 2 2 2 2 2 2 2 2
left_child=2 -2 3 4 -1 -5 7 -7 -3 10 -10 13 -11 14 -4 16 17 18 19 -15 -20 -19 24 -24 25 -17 37 -28 30 -18 -25 32 -30 -32 -14 36 -36 41 -35 -40 -41 42 -26 -44
right_child=1 8 11 5 -6 6 -8 -9 9 12 -12 -13 34 15 -16 22 29 21 20 -21 -22 -23 23 28 26 -27 27 -29 31 -31 33 -33 -34 38 35 -37 -38 -39 39 40 -42 -43 43 -45
leaf_value=0.022285467422008515 -0.026025517499074339 0.0057179371950527033 9.6499358769506222e-05 -0.01282769356903277 -0.0013559982081254324 0.005370732239006382 0.01240728393003538 -0.0084765088730133498 0.0032613068456002689 -0.0009920934139795248 -4.4598662255642316e-05 0.00039924888679432487 0.00064860597718507051 0.00042104841243209584 -0.0014307076584211449 -1.2021861941320822e-05 0.0013865837414882012 -0.0020737229637928646 0.0016308398393763081 -0.0019385232178517331 -0.00038112240505742501 -0.00037338033415280382 0.0036206398040521891 -0.0016816455163061619 8.0622690682819712e-06 -0.0037373340018093588 -0.0020634669698774816 -0.00018362985458225011 0.00014988237224217201 -7.7879823566902247e-05 -0.001617745409409205 -0.00040501111373305324 0.0019880498982965946 0.00066019068746005791 -0.0019171264092437924 0.00073932492981354395 0.00016650695004500449 -0.00055303044979357059 -0.00074046162655577068 -4.3586238542856237e-05 -0.00050994650416430975 -0.00043979219771507711 0.00092293346545806057 9.3071546580176807e-05
leaf_weight=25 20 24 27 28.5 30 38 38.5 39 27 21 36 94.5 27 42 27 40 21 44 37 40.5 45.5 38.5 40 9.9999999999999982 793 40 20 20 37 21 8.9999999999999982 20 20 17 20 30 40 36 36 288 63 45 38 48
leaf_count=25 20 24 27 24 30 32 31 30 27 21 36 42 27 37 27 30 21 29 22 18 33 26 25 10 400 20 20 20 37 21 4 10 15 17 20 30 40 16 16 136 28 20 22 48
internal_value=4.23564e-11 -0.00126389 0.000137197 0.00252287 0.00939012 -0.000100034 0.00304056 -0.00164281 0.000937138 0.000366297 0.00137222 -9.34876e-05 -9.29283e-05 -0.000117202 -0.000667104 -0.000101651 -0.000331476 -0.000498768 -0.000108037 -0.000737287 0.000521212 -0.00128023 -6.05806e-05 0.000167672 -0.000174707 -0.00187468 -3.87094e-05 -0.00112355 -0.000108565 0.000654352 -0.000216286 0.0004832 0.000794853 -0.000180805 6.84603e-05 -0.000105583 -0.000528038 6.49223e-06 -0.000148794 -0.000184331 -0.000127292 2.82918e-05 5.22552e-05 0.000459755
internal_weight=2502 245 2257 199 55 144 115.5 77 225 201 63 2058 138 1963.5 54 1909.5 289.5 247.5 165 82.5 82.5 82.5 1620 540 1080 80 1000 40 500 42 423 77 57 413 117 90 60 960 404 387 351 924 879 86
internal_count=1614 245 1369 172 55 117 93 62 225 201 63 1197 138 1155 54 1101 207 165 110 55 55 55 894 298 596 50 546 40 273 42 211 62 52 201 117 90 60 506 197 180 164 490 470 70
is_linear=0
shrinkage=0.08


Tree=181
num_leaves=45
num_cat=0
split_feature=7 35 5 0 35 33 35 32 36 0 36 35 29 0 36 32 35 30 0 32 29 29 29 30 9 36 15 33 9 9 32 15 15 3 32 3 15 33 15 3 25 36 25 8
split_gain=0.0429215 0.76664 0.985945 0.641443 0.121132 0.0614702 1.21229 2.01455 1.01657 0.652475 1.67295 0.0421034 0.158242 0.124402 0.031856 0.181496 0.0301468 0.234595 0.375419 0.0730274 0.0274034 0.0266579 0.0257465 0.0191617 0.0210627 0.0191219 0.086799 0.0372273 0.0171293 0.0504757 0.0320534 0.0471464 0.023817 0.0135069 0.0110034 0.0101897 0.00929597 0.00579889 0.00552207 0.00423766 0.00341067 0.0031782 0.00592357 0.00276933
threshold=3.0550000190734869 1.0000000180025095e-35 2.9250000715255742 11.729999904632569 1.5000000000000002 1.0000000180025095e-35 1.0000000180025095e-35 1.0000000180025095e-35 2.5000000000000004 16.425000000000004 1.5000000000000002 1.0000000180025095e-35 1.0000000180025095e-35 16.415000000000003 2.5000000000000004 1.0000000180025095e-35 1.5000000000000002 0.50000000000000011 16.415000000000003 1.0000000180025095e-35 1.3 0.3000000000000001 0.3000000000000001 0.50000000000000011 11.893461538461539 1.5000000000000002 2.0534615384615376 11.700000000000001 10.025 9.9350000000000005 0.70000000000000007 1.78 1.2450000000000001 17.875000000000004 0.50000000000000011 13.095000000000002 2.2450000000000001 1.9000000000000001 -0.1650000000000009 12.515000000000002 0.50000000000000011 2.5000000000000004 1.1000000000000003 10.025
decision_type=2 2 2 2 2 2 2 2 2 2 2 2 2 2 2 2 2 2 2 2 2 2 2 2 2 2 2 2 2 2 2 2 2 2 2 2 2 2 2 2 2 2 2 2
left_child=1 2 -1 -3 -5 6 7 -2 9 10 -8 12 13 -7 16 -16 17 18 -13 -18 21 -19 -14 -17 35 26 -22 -27 29 30 31 -24 -32 34 -21 -25 -34 -30 -36 -40 -28 42 -39 -41
right_child=5 3 -4 4 -6 11 8 -9 -10 -11 -12 14 22 -15 15 23 19 20 -20 33 25 -23 28 24 -26 27 40 -29 37 -31 32 -33 36 -35 38 -37 -38 41 39 43 -42 -43 -44 -45
leaf_value=-0.0027013466755549114 -0.03037729127163237 -0.014519305759006076 0.021034636981785298 -0.0023257802344030802 0.0042369387474738892 0.00082773548138599543 0.014984524087472395 0.0022352150394753727 0.010730412087596215 -0.01030591319589054 -0.011005822917232748 -0.0010331161804441806 -0.0021812069457438259 0.0088149741148719415 -0.0057161802751382433 -0.0014638301111973716 -0.0032648914672123892 0.00014201633460623653 0.0095410618677057996 0.0013977357615919737 0.004156274366872134 -0.0026690246117999777 0.0050755351755235878 -0.0030402638853411191 0.0016097864988777373 0.00015761161478996443 0.00020826263804778907 -0.0026461296472459653 -0.0012319245070896367 0.0045514846194003311 -0.0018994873029360962 -0.00028514071766819275 0.0018525685618321101 -0.0012712965195067227 -0.0018597846627235412 -0.00015703480076047677 9.7610410702687634e-05 -0.0014271491105583582 0.0026328247785568238 0.00016557606816530932 -0.00058791756927449677 0.00058134723070857894 0.00013882503132873144 -0.00023955892133252586
leaf_weight=21 22 22.5 24 36 36 24 33 27 55.5 42.5 30.5 42 27 26 41.5 69 48 38 44 39 37 50 21 7.9999999999999991 45 136 66 39 33 21 36 21 24 50 9.9999999999999982 404.5 99 22 3.9999999999999991 296 72 37 52 170
leaf_count=21 22 18 24 36 36 24 24 27 34 19 23 30 27 26 23 38 24 22 22 24 20 32 21 8 20 75 39 20 33 21 36 21 24 20 4 206 99 22 4 152 36 37 52 68
internal_value=3.424e-11 0.00136359 0.00995784 -0.00272892 0.000955579 -8.05165e-05 -0.00138528 -0.0124071 0.00195881 -0.00263386 0.00250097 4.71102e-05 0.000742129 0.0049811 -0.00013305 -0.000622585 0.000110645 0.00055686 0.00437693 -0.000268313 -0.000193199 -0.00145517 0.00020282 -0.000221095 -3.36662e-05 0.000124096 0.000715414 -0.000467222 0.000378691 0.000819473 0.000429561 0.0023952 -8.96633e-05 -1.55258e-05 0.000105454 -0.000212952 0.000440041 -0.000300848 4.5615e-07 4.00357e-05 -0.000207136 -2.40408e-05 -0.000326735 1.778e-05
internal_weight=2502 139.5 45 94.5 72 2362.5 210.5 49 161.5 106 63.5 2152 443 50 1709 568 1141 524 86 617 438 88 393 526.5 457.5 350 175 175 366 222 201 42 159 569 519 412.5 123 144 480 470 138 111 74 466
internal_count=1614 135 45 90 72 1479 149 49 100 66 47 1330 443 50 887 295 592 296 52 296 244 54 393 272 234 190 95 95 366 222 201 42 159 272 252 214 123 144 228 224 75 111 74 220
is_linear=0
shrinkage=0.08


Tree=182
num_leaves=45
num_cat=0
split_feature=37 34 36 2 12 7 37 0 29 36 17 37 37 16 7 34 34 31 33 34 34 0 15 37 10 15 36 31 34 3 15 24 16 33 37 15 2 37 27 36 37 37 21 9
split_gain=0.0695755 0.991984 1.69097 1.44378 0.634524 0.301544 0.041897 0.0938909 0.0424135 0.0399445 0.970572 1.18956 0.882861 0.514821 1.17684 0.780757 0.038335 0.0349019 0.00758435 0.00547095 0.00919509 0.00744742 0.0039094 0.00388205 0.0361137 0.0320615 0.0111849 0.135862 0.122786 0.0150956 0.0100375 0.00347648 0.00534438 0.00307999 0.0048558 0.0025344 0.00246213 0.00481798 0.00218126 0.00194747 0.00353459 0.00219333 0.0018725 0.00186602
threshold=7.9050000000000011 1.0000000180025095e-35 2.5000000000000004 14.675500000000001 7.8800000000000008 2.9150000810623173 16.425000000000004 17.070000000000004 0.50000000000000011 2.5000000000000004 1.0000000180025095e-35 2.9500000238418584 3.5200000000000005 9.0600000905990612 2.9550000429153447 10.700000000000005 55.300000000000011 2.5000000000000004 1.9000000000000001 4.2000000000000011 6.0000000000000044 14.160000000000002 -0.1650000000000009 10.105000000000002 9.9200000000000017 1.781153891453376 1.5000000000000002 0.70000000000000007 31.500000000000004 17.935000000000006 2.4650000000000012 10.400000000000002 6.0850000000000017 1.0000000180025095e-35 8.1550000000000029 2.5457692307692312 13.895000000000001 3.1100000000000008 1.1000000000000003 2.5000000000000004 15.765000000000002 15.765000000000002 3.8000000000000003 9.9950000000000028
decision_type=2 2 2 2 2 2 2 2 2 2 2 2 2 2 2 2 2 2 2 2 2 2 2 2 2 2 2 2 2 2 2 2 2 2 2 2 2 2 2 2 2 2 2 2
left_child=4 2 3 -2 5 -1 19 8 -8 13 11 -11 -12 14 -7 -15 17 -10 -9 21 -21 -3 -22 24 33 -25 28 -28 -27 31 -30 32 -29 -24 -35 -14 -16 -38 -20 41 -41 -34 -32 -39
right_child=1 6 -4 -5 -6 9 7 18 16 10 12 -13 35 15 36 -17 -18 -19 38 20 22 -23 23 25 -26 26 27 29 30 -31 42 -33 39 34 -36 -37 37 43 -40 40 -42 -43 -44 -45
leaf_value=0.0078406551149156362 -0.012821713308493297 0.0017162695696094521 -0.025489466724530705 0.013069717930812462 0.012577866274440153 0.015959708017762749 0.0062059056616964791 -0.0015908784945384555 0.0031656450964510441 -0.022627706884478151 0.017057329033162785 0.00010405314428841366 -0.00049632895892036378 -0.019615236804296728 0.00055844244411370407 0.00053404070931719618 0.0050773822130369285 -0.00079904679855584014 0.00079660548019178578 -0.001120665953541645 -0.00096314155393176617 -5.7670272130897083e-05 -0.00053067402671212738 -0.0022860670919042261 0.0022062133485921706 0.0054544635786226503 -0.0053349210221009949 0.0014506368237462912 -0.0018843420756249024 0.0021228268556296825 -0.0004021975464330843 -0.00062235571735072884 8.5179559838283688e-05 0.00084820506644660027 -2.2820449426592436e-05 0.00017977075396681861 -0.0013863368052989245 8.2368488986724736e-05 -9.8731689418748246e-05 8.5148326410301801e-05 0.0013184743241872637 -0.00088636041223071516 0.00041896904033988166 -0.00035842078028465896
leaf_weight=31.5 30 27 26.5 25.5 27.5 32 21 21 27 26 22 34 72.5 20 39 32 21 30 21 49.5 27 34.5 69 42 49.5 27 30 22 28 28 52 32 58 43.5 702 69.5 18 222 102 58 20 20 27 85
leaf_count=27 30 27 22 15 11 32 21 21 27 26 22 25 47 20 36 32 21 30 21 27 12 24 30 39 21 22 22 12 22 14 28 16 40 18 318 38 18 144 102 40 20 20 20 34
internal_value=-5.10951e-11 -0.000271034 -0.00886396 -0.00092565 0.000656637 0.000190633 0.000146147 0.00111811 0.00301465 -0.000167962 -0.00104023 -0.00974638 0.00214495 0.000268171 0.0012509 -0.00721568 0.00215546 0.00107897 -0.000185766 -1.71899e-05 -4.99865e-05 0.000721133 -1.02872e-05 9.38186e-06 0.000108181 -0.000182875 3.68614e-05 -0.000261524 0.000633633 0.000377979 -0.000582838 0.000145333 0.000283344 -1.93242e-05 2.8004e-05 -0.000165421 -4.21834e-05 -0.000114259 5.41308e-05 0.000118726 0.000401386 -0.000163933 -0.000121546 -3.96741e-05
internal_weight=2502 1771 82 55.5 731 703.5 1689 243 99 672 224 60 164 448 396 52 78 57 144 1446 1384.5 61.5 1335 1308 864 444 402 268 134 238 107 210 178 814.5 745.5 142 364 325 123 156 78 78 79 307
internal_count=1614 1102 67 45 512 501 1035 243 99 474 158 51 107 316 264 52 78 57 144 792 741 51 714 702 387 315 276 184 92 162 70 148 132 366 336 85 232 196 123 120 60 60 48 178
is_linear=0
shrinkage=0.08


Tree=183
num_leaves=45
num_cat=0
split_feature=37 1 34 35 16 15 16 35 34 4 37 13 15 37 1 37 15 34 15 33 19 0 15 16 30 17 5 35 30 13 14 30 30 37 37 34 19 34 30 23 37 21 21 27
split_gain=0.0711402 1.85517 0.177094 0.556229 1.28552 0.791865 1.55911 0.203619 0.0624744 0.0307418 0.00340595 0.0148387 0.00437519 0.0201526 0.00870762 0.00905788 0.144457 0.0683671 0.00497717 0.00365935 0.00432193 0.00345746 0.00343849 0.00334797 0.00327182 0.00549268 0.00498766 0.00309199 0.00328877 0.00289004 0.00266509 0.00247637 0.00523381 0.00225777 0.00458744 0.00447587 0.00213764 0.0021103 0.00192963 0.00342833 0.00183054 0.00182839 0.00164679 0.00193739
threshold=16.425000000000004 16.465000000000003 0.80000000000000016 1.0000000180025095e-35 9.0199997472763087 1.8150000357627867 7.2075000000000005 1.5000000000000002 9.5000000000000053 16.545000000000005 7.9350000000000014 7.8200000000000012 1.4150000000000003 9.8750000000000018 14.160000000000002 10.105000000000002 1.781153891453376 12.500000000000005 1.9703846153846161 1.0000000180025095e-35 0.70000000000000007 17.150000000000002 2.1550000000000007 6.955000000000001 3.3000000000000003 2.1000000000000005 10.115 1.5000000000000002 1.3 9.8950000000000014 9.4050000000000029 23.000000000000004 17.100000000000005 6.527000000000001 4.1950000000000012 37.600000000000001 1.0000000180025095e-35 112.70000000000003 4.6000000000000005 2.3000000000000003 4.580000000000001 3.5000000000000004 8.2000000000000011 6.6000000000000005
decision_type=2 2 2 2 2 2 2 2 2 2 2 2 2 2 2 2 2 2 2 2 2 2 2 2 2 2 2 2 2 2 2 2 2 2 2 2 2 2 2 2 2 2 2 2
left_child=2 -2 3 4 -1 6 -5 -8 -3 -10 11 19 13 21 36 17 -17 -16 -18 -4 40 27 -19 -22 25 26 -20 28 -12 30 38 32 -26 34 41 -36 -14 42 -11 -40 -21 -25 43 -24
right_child=1 8 10 5 -6 -7 7 -9 9 29 12 -13 14 -15 15 16 18 22 24 20 23 -23 37 33 31 -27 -28 -29 -30 -31 -32 -33 -34 -35 35 -37 -38 -39 39 -41 -42 -43 -44 -45
leaf_value=0.024253140809861098 -0.024644104022532701 0.0043906885606271248 -0.00081505378658351083 -0.023261067590048149 -0.00029286070830292172 0.0085321443086571035 0.0051243122686178257 -0.0028363503044706649 0.0029725339403375984 -0.00056645211375628917 -0.00098589101894980377 -0.0012962935343384743 0.00065484931433780328 -0.0016994764192384624 0.0031221496174111962 -0.0089049950738747923 0.0012991272906462351 -0.00051021804367857324 -0.0015594264231339999 0.00086340007346330419 5.3541547205809149e-05 0.0006458083904701574 0.00035416099516927111 -0.00024141065036066068 4.2940493473517039e-05 0.00027528414469998099 -0.00026456697326567437 0.00010726189150268006 -0.0001447608751272235 -0.00096177484307970326 0.00087615637019986209 -0.0005549787919065266 0.0011725656716153026 -0.00082425738533592626 -0.00026451466449846822 0.00125828728855898 0.0017310334243146436 -0.00041810689156963714 0.00080783810753685742 -0.00023122425919162141 0.00017778690283497175 -0.0010320379887060779 -0.00019160342127459606 -0.00014410938206128776
leaf_weight=22 20 27 42 21.5 36 46 39 43.5 24 39 42 75 27 52.5 48 11.999999999999998 18 84 33 36 210 43.5 192 39 210 48 45 180 102 21 21 33 30 58.5 30 21 21 52.5 30 63 81 36 79.5 67.5
leaf_count=22 20 27 42 11 36 34 39 39 24 39 21 30 27 30 21 9 9 36 30 36 93 21 90 39 144 45 24 72 51 21 21 21 18 36 30 21 21 24 30 63 45 36 39 27
internal_value=-6.01177e-12 -0.00129475 0.000140547 0.00236471 0.00901769 -0.000207782 -0.00407352 0.000926872 0.000780746 0.000288481 -8.5234e-05 -0.000240296 -1.66267e-05 -0.000233323 7.43404e-05 2.13595e-05 -0.000251162 0.000244686 -2.13065e-06 -9.72073e-05 -3.82639e-05 -2.38727e-05 -4.57831e-05 -0.000164905 -6.0834e-05 -0.000398039 -0.000812392 -0.000113784 -0.000390091 -8.17334e-05 3.90566e-05 9.47992e-05 0.000184144 -0.000413544 -0.000222855 0.000362521 0.00112568 5.38658e-05 -9.41183e-05 0.000103957 0.000388745 -0.000620912 0.000126959 0.000224553
internal_weight=2502 245 2257 208 58 150 104 82.5 225 198 2049 628.5 1420.5 420 1000.5 952.5 429 523.5 417 553.5 511.5 367.5 475.5 394.5 399 126 78 324 144 174 153 273 240 184.5 126 51 48 391.5 132 93 117 75 339 259.5
internal_count=1614 245 1369 181 58 123 89 78 225 198 1188 408 780 195 585 537 300 237 291 378 336 165 216 255 282 99 54 144 72 174 153 183 162 162 126 51 48 180 132 93 81 75 156 117
is_linear=0
shrinkage=0.08


Tree=184
num_leaves=45
num_cat=0
split_feature=37 34 0 4 34 36 15 15 8 37 36 34 0 7 37 13 36 37 37 4 0 37 15 4 36 34 31 29 36 34 15 15 0 10 37 15 36 36 32 35 36 20 31 15
split_gain=0.0602131 1.79002 0.156257 0.104056 0.0935205 0.73373 1.87486 1.90814 0.864241 0.167345 0.697304 0.0229338 0.00406114 0.00658173 0.00294425 0.017955 0.00747561 0.0170519 0.00410633 0.0039869 0.00523417 0.00424704 0.122252 0.0248882 0.00934454 0.148909 0.105443 0.0166928 0.0208104 0.0651176 0.0338151 0.0108008 0.0042214 0.0112108 0.00501108 0.00384801 0.00286892 0.00283899 0.00623437 0.00315168 0.0053819 0.00275257 0.00227841 0.00212706
threshold=16.425000000000004 8.9000000000000057 8.3270000000000017 16.505000000000006 1.0000000180025095e-35 1.5000000000000002 1.9073076923076921 1.7861538866850044 2.935000061988831 8.0050000000000008 2.5000000000000004 13.500000000000002 16.575000000000003 10.145000000000001 8.0900000000000016 7.8200000000000012 2.5000000000000004 3.4700000000000002 3.0500000000000003 12.620000000000003 14.160000000000002 10.105000000000002 1.781153891453376 17.935000000000006 1.5000000000000002 11.500000000000002 1.0000000000000002 0.70000000000000007 2.5000000000000004 34.100000000000009 2.2850000000000006 2.2950000000000004 16.425000000000004 7.8650000000000011 9.8850000000000033 2.5457692307692312 1.5000000000000002 2.5000000000000004 0.70000000000000007 1.5000000000000002 1.5000000000000002 1.0000000180025095e-35 8.4000000000000004 2.5457692307692312
decision_type=2 2 2 2 2 2 2 2 2 2 2 2 2 2 2 2 2 2 2 2 2 2 2 2 2 2 2 2 2 2 2 2 2 2 2 2 2 2 2 2 2 2 2 2
left_child=2 -2 -1 -3 5 8 7 9 -4 10 -7 -5 -13 -14 15 16 18 -18 36 -16 41 23 -23 32 26 -26 -24 -27 30 -30 -29 -28 33 -22 37 -31 -6 39 -39 40 -34 -21 -33 -19
right_child=1 3 4 11 14 6 -8 -9 -10 -11 -12 12 13 -15 19 -17 17 43 -20 20 21 22 24 -25 25 27 31 28 29 35 -32 42 34 -35 -36 -37 -38 38 -40 -41 -42 -43 -44 -45
leaf_value=0.0087103395108823426 -0.022435790419796198 0.0053914981360236799 0.021399490488900077 0.0024866257580342115 0.00148504335898906 -0.013547745146030604 0.016835684754230359 -0.025780049459095681 0.0018008385859429837 0.0046305421048944643 0.0068272132651750429 0.00076531155526137103 -0.0015256655260565736 1.8791743676882943e-05 -0.0011943446844816209 -0.001320535275859363 -0.0022538810167140491 -0.00042645654820820742 4.803432106909949e-05 0.0014378774631768464 -4.2721429598276257e-05 -0.0081925955166419345 0.0050218027194151305 0.001764597454950923 -0.0065880425232039252 0.0021128461197284713 -0.0019387588910413562 0.0034762346022762357 -0.0044237866504893949 0.001061630611376906 0.00010050186108296308 0.00024475378654897212 -0.00071277201288958661 0.0013329144123226705 -0.00087055153351415094 -7.719432669546222e-05 0.00022147143745551937 -0.0011400412067563998 -6.5587159799374397e-05 0.00023904713155934587 0.0002520719576608138 0.00018372504572783198 -0.00058992478970645206 0.00014933586073449895
leaf_weight=13.499999999999998 23 30 22.5 27 23 21.5 27 25.5 40 27.5 21.5 33 21 111 18 82.5 29 85.5 341 24 162 11.999999999999998 27 52.5 22 28 27 24 24 27 91 50 74 49.5 54 64 23 45 149 240 74 21 36 79
leaf_count=9 23 30 21 27 23 20 22 22 34 24 20 33 21 111 18 33 29 60 216 24 81 9 21 21 18 20 22 20 19 22 59 33 37 24 24 38 23 20 65 96 37 21 22 42
internal_value=-1.37623e-11 -0.00119117 0.000129303 0.00100985 7.76677e-05 0.00179807 -0.00178845 -0.00702649 0.00885635 -0.000243284 -0.00336027 0.000325214 -2.84716e-05 -0.000226917 -7.74029e-05 -0.000216202 -5.9255e-05 -0.000465256 0.000143746 -1.14363e-05 4.0266e-06 -2.46416e-05 -0.000230828 7.43279e-05 -3.34918e-06 -0.000270176 0.000530304 0.000268557 4.40348e-05 -0.000716933 0.000805003 -0.000542886 -3.0379e-05 0.000279236 -0.000133341 0.000260699 0.000853257 -6.49396e-05 -0.000314816 5.99987e-05 -0.00023035 0.000852606 -0.000104647 -0.000149936
internal_weight=2502 245 2257 222 2243.5 185.5 123 96 62.5 70.5 43 192 165 132 2058 663 580.5 193.5 387 1395 1377 1332 432 900 420 280 140 258 230 115 115 113 847.5 211.5 636 91 46 582 194 388 148 45 86 164.5
internal_count=1614 245 1369 222 1360 163 108 86 55 64 40 192 165 132 1197 426 393 131 262 771 753 708 303 405 294 196 98 178 158 79 79 77 384 105 279 60 46 255 85 170 74 45 55 102
is_linear=0
shrinkage=0.08


Tree=185
num_leaves=45
num_cat=0
split_feature=37 34 15 14 37 7 35 15 33 7 37 30 36 22 36 17 17 0 34 10 32 36 15 29 3 36 32 30 32 30 37 31 37 29 37 10 16 34 5 2 37 10 28 34
split_gain=0.0538963 0.907385 1.53778 0.671879 0.568853 0.213693 0.0757752 0.606136 0.167318 0.378963 0.0477583 0.098315 0.0466034 0.0453592 0.0411186 0.281064 0.24636 0.0324665 0.0262362 0.0149829 0.0120664 0.00638169 0.0103112 0.0207063 0.00959138 0.0052071 0.0851418 0.0462313 0.0553933 0.0236059 0.0688451 0.0192844 0.0790326 0.0110995 0.0105694 0.0101847 0.00498474 0.00459707 0.00341608 0.00319064 0.00256365 0.0026274 0.00254314 0.00212502
threshold=7.9050000000000011 1.0000000180025095e-35 1.8150000357627867 7.9050000000000011 11.97499990463257 2.9150000810623173 1.5000000000000002 1.4549999999999998 1.0000000180025095e-35 4.8450000000000006 16.425000000000004 0.3000000000000001 1.5000000000000002 2.7000000000000006 2.5000000000000004 1.0000000180025095e-35 1.0000000180025095e-35 17.070000000000004 55.300000000000011 7.8650000000000011 3.9000000000000004 1.5000000000000002 2.2350000000000008 0.70000000000000007 14.310000000000002 2.5000000000000004 1.0000000180025095e-35 1.0000000180025095e-35 0.3000000000000001 0.50000000000000011 9.9450000000000021 0.70000000000000007 10.065000000000003 1.0000000000000002 15.880000000000001 9.8950000000000014 9.0399999618530291 29.400000000000002 10.010000000000002 17.325000000000003 11.470000000000001 7.6250000000000009 23.300000000000001 29.900000000000006
decision_type=2 2 2 2 2 2 2 2 2 2 2 2 2 2 2 2 2 2 2 2 2 2 2 2 2 2 2 2 2 2 2 2 2 2 2 2 2 2 2 2 2 2 2 2
left_child=3 2 4 5 -2 -1 7 -7 9 36 25 -12 13 -9 15 -14 -16 18 20 21 -13 24 23 -23 -10 27 -27 28 -3 30 -29 32 -28 -33 35 43 -8 -35 -36 -19 42 -42 -39 -31
right_child=1 10 -4 -5 -6 6 8 12 19 -11 11 17 14 -15 16 -17 -18 39 -20 -21 -22 22 -24 -25 -26 26 31 29 -30 34 -32 33 -34 37 38 -37 -38 40 -40 -41 41 -43 -44 -45
leaf_value=0.006538350847032335 -0.0075872956164951978 -0.0043112526152815139 -0.022880406459172567 0.012845045245506548 0.0092599397768145016 0.013983772927008213 0.00086931623366018318 -0.0054068936237932318 0.0020293791523380649 -0.012868482593033049 0.0060590298908452193 0.0020113966779576409 0.0087117508808362554 -0.00040798160287802324 -0.0074036956426094883 -0.0036864944957196713 0.0042039034944027663 -0.00098875832322630136 0.0043705585315113975 -0.0016612051228682202 -0.00030438362931211791 0.00041369416324111321 1.6924103033142123e-05 -0.0028760637581348421 0.00017011336456356654 0.0036421872619982988 0.00053637161521257555 -0.00099202417500782766 -0.00038437532163711625 0.00033040449003503817 0.0036729253635446476 0.0011094308119055218 -0.0046011424618913671 -0.00091939912513933249 -0.0005929126581177115 -0.0010550374523909003 -0.00087376094290188375 0.00010274655925010453 -0.0020715249162167309 8.2183381593308583e-05 -0.00021602857603945515 0.00086769804449343094 -0.00051579644511793817 4.9974954490326064e-06
leaf_weight=31.5 29 35 30 27.5 23 21 21 21 21 22.5 24 36 22 26 22 25 25 21 21 37.5 24 24 223 25 115 42 56.5 40 67 171 41 61.5 29 36 20 54 21 131 20 117 22 41 63 516
leaf_count=27 23 20 21 11 23 21 21 21 21 18 24 36 22 26 22 25 25 21 21 15 24 24 112 22 58 25 25 18 38 96 32 35 23 20 20 24 21 62 20 117 22 25 27 260
internal_value=-4.5368e-11 -0.000238548 -0.00845689 0.000577932 -0.000135634 9.84068e-05 -0.000203466 0.00130382 -0.000682251 -0.00449045 0.000160448 0.00119817 -0.00058468 -0.00264154 0.000443749 0.00211694 -0.00122944 0.000665472 0.00193687 -0.000130896 0.00108508 9.7577e-06 -0.000213966 -0.00126475 0.000457206 -1.39405e-05 0.000200753 -0.000121287 -0.00173183 6.92878e-05 0.00136925 -0.000127747 -0.00120618 0.000132353 -6.55351e-05 2.84191e-06 -2.22235e-06 -7.27329e-05 -0.00133222 -8.0786e-05 4.58662e-05 0.000489254 -9.81205e-05 8.5994e-05
internal_weight=2502 1771 82 731 52 703.5 672 162 510 64.5 1689 243 141 47 94 47 47 219 81 445.5 60 408 272 49 136 1446 482 964 102 862 81 440 85.5 354.5 781 741 42 293 40 138 257 63 194 687
internal_count=1614 1102 67 512 46 501 474 162 312 60 1035 243 141 47 94 47 47 219 81 252 60 237 158 46 79 792 264 528 58 470 50 239 48 191 420 380 42 156 40 138 136 47 89 356
is_linear=0
shrinkage=0.08


Tree=186
num_leaves=45
num_cat=0
split_feature=37 0 34 35 5 0 36 35 32 10 34 33 5 37 13 36 34 30 16 14 30 37 37 31 13 37 29 36 33 33 34 13 10 16 36 37 37 0 17 0 10 18 37 23
split_gain=0.0586897 1.679 0.160335 0.477417 1.12185 0.840885 0.844931 0.482239 0.090816 0.0190345 0.0191845 0.0088252 0.00504461 0.00280157 0.0250045 0.00571208 0.0736754 0.0388355 0.0468954 0.0234615 0.0201816 0.0582705 0.0174045 0.0162643 0.0289321 0.010213 0.0345035 0.0387047 0.136863 0.0457457 0.00974725 0.0065012 0.00576934 0.00446526 0.00256414 0.00399375 0.0037188 0.00345505 0.00313969 0.00236951 0.00224913 0.00751214 0.00210812 0.00177822
threshold=16.425000000000004 16.465000000000003 1.0000000180025095e-35 1.0000000180025095e-35 2.935000061988831 11.729999904632569 2.5000000000000004 1.5000000000000002 0.70000000000000007 7.6050000000000013 66.100000000000009 0.70000000000000007 3.7450000000000006 7.9050000000000011 7.8200000000000012 2.5000000000000004 5.1000000000000023 1.0000000180025095e-35 6.6350000000000016 9.5600000000000005 0.50000000000000011 9.9450000000000021 11.655000000000001 6.3000000000000016 7.7950000000000008 11.470000000000001 1.0000000000000002 1.5000000000000002 11.4 11.4 11.200000000000005 7.8950000000000005 9.8000000000000025 6.0850000000000017 2.5000000000000004 3.4700000000000002 3.3550000000000004 13.835000000000003 0.3000000000000001 17.100000000000005 8.1550000000000029 1.3 14.760000000000003 2.3000000000000003
decision_type=2 2 2 2 2 2 2 2 2 2 2 2 2 2 2 2 2 2 2 2 2 2 2 2 2 2 2 2 2 2 2 2 2 2 2 2 2 2 2 2 2 2 2 2
left_child=2 -2 3 4 -1 -5 7 -7 -3 10 -10 -11 -4 14 34 17 -17 18 -15 22 21 -19 33 24 -24 30 -27 28 31 42 -22 -28 -32 -18 36 -36 38 -38 -14 -13 41 -35 -29 -41
right_child=1 8 12 5 -6 6 -8 -9 9 11 -12 39 13 15 -16 16 19 20 -20 -21 25 -23 23 -25 -26 26 27 29 -30 -31 32 -33 -34 40 35 -37 37 -39 -40 43 -42 -43 -44 -45
leaf_value=-0.0017936721543471018 -0.023389069471508265 0.0044811296897629901 -0.001020702111418359 -0.012432442694379573 0.021152416670322419 0.0044866158048573294 0.012587758786492534 -0.0081765577082450573 -1.192424295974585e-05 -0.0018674724207570156 0.0032990492687427569 -0.00080613705688544249 0.0013789259498783698 -0.0040191711096421766 -0.0018784950858070737 0.0042800274065316274 -0.0007264862023293972 -0.00091266223764978349 -0.00038034433101796934 -0.0012554272497503985 0.0010372463905941769 0.0033790911762498141 0.00043752862699329855 -8.3571986068744917e-05 0.0041641127318143845 -0.0026011926188532798 -1.8539842105759629e-05 0.00035345984337430809 0.0069422200256958602 -0.0045618617609143259 6.7482297419031205e-05 -0.0017985401271531979 -0.00086168194729636645 0.0010757410055026412 -0.0012566900497768074 -0.00014743991439535153 -0.0009909692880782214 4.903895076212013e-05 5.5818627165122461e-05 0.0005004336650614651 -0.00018517388939713511 -0.00019889372060525007 -0.00067050200294364577 -0.00019345923078556857
leaf_weight=30 20 36 36 28.5 25 38 38.5 39 24 21 21 24 24 34 52.5 27 53 40 68 81 63 41 30 37 24 42 29 31 20 20 475 24 47 50 24 154.5 22 289 22 39 103.5 72.5 22 60
leaf_count=30 20 36 36 24 25 32 31 30 24 21 21 24 24 20 21 21 22 18 38 36 28 32 30 29 16 34 29 21 13 13 218 14 20 24 24 96 22 172 22 39 46 36 22 60
internal_value=-3.26261e-11 -0.00117601 0.000127657 0.00229603 0.00863637 -0.000125627 0.00291112 -0.0019272 0.000798487 9.70318e-05 0.0015332 -0.00035177 -8.20157e-05 -6.53032e-05 -0.00021236 -5.00365e-06 0.000220798 -0.000117905 -0.00159329 -2.22156e-05 5.8312e-05 0.00125971 0.000247758 0.00120849 0.00209379 -6.7578e-05 -0.000580528 7.58616e-07 0.00130331 -0.00130179 9.72676e-05 -0.000824578 -1.61781e-05 -6.55986e-05 -4.90137e-05 -0.000296583 7.47708e-05 -2.45308e-05 0.000746135 -9.29913e-05 8.93883e-05 0.000321365 -7.15809e-05 7.98925e-05
internal_weight=2502 245 2257 199 55 144 115.5 77 225 189 45 144 2058 2022 588 1434 478 956 102 451 854 81 370 91 54 773 188 146 73 73 585 53 522 279 535.5 178.5 357 311 46 123 226 122.5 53 99
internal_count=1614 245 1369 172 55 117 93 62 225 189 45 144 1197 1161 381 780 260 520 58 239 462 50 203 75 46 412 146 112 56 56 266 43 238 128 360 120 240 194 46 123 106 60 43 99
is_linear=0
shrinkage=0.08


Tree=187
num_leaves=45
num_cat=0
split_feature=15 15 36 16 16 1 1 18 13 2 10 3 3 15 14 36 7 29 33 33 36 2 36 16 1 15 32 34 33 36 34 15 1 32 1 29 15 21 8 36 36 34 15 34
split_gain=0.0353654 0.840197 0.431832 2.85269 2.00227 3.49659 3.35234 0.962973 6.66122 0.428756 0.0847046 0.0868711 0.0219333 0.0231766 0.0170163 0.0461382 2.05291 0.22414 0.0209919 0.0117865 0.0216779 0.0274197 0.0166245 0.0164203 0.010539 0.0072909 0.00541943 0.00455268 0.00411553 0.0202045 0.00459066 0.00376657 0.00365464 0.00277776 0.00342911 0.00268433 0.00202601 0.0024246 0.0043933 0.00298616 0.00213914 0.00182151 0.00136493 0.00151508
threshold=1.9073076923076921 1.9399999999999999 2.5000000000000004 6.6350000000000016 6.6350000000000016 11.965000152587892 16.425000000000004 0.50000000000000011 1.1549999713897707 11.97499990463257 1.1549999713897707 13.350000000000003 11.984999656677248 1.78 1.1449999809265139 1.5000000000000002 4.6750000000000016 1.0000000180025095e-35 1.0000000180025095e-35 0.3000000000000001 1.5000000000000002 16.455000000000002 1.5000000000000002 7.1000000000000005 16.985000000000003 1.0000000180025095e-35 1.0000000180025095e-35 10.700000000000005 1.0000000180025095e-35 2.5000000000000004 121.60000000000001 2.1350000000000002 16.475000000000005 3.1000000000000005 16.740000000000006 1.0000000180025095e-35 2.4650000000000012 0.3000000000000001 10.025 2.5000000000000004 2.5000000000000004 38.100000000000001 2.2600000000000007 25.600000000000005
decision_type=2 2 2 2 2 2 2 2 2 2 2 2 2 2 2 2 2 2 2 2 2 2 2 2 2 2 2 2 2 2 2 2 2 2 2 2 2 2 2 2 2 2 2 2
left_child=2 -2 4 -4 6 -6 -1 8 -5 -7 -10 -12 -11 19 -3 16 -16 -17 -18 22 21 -21 -14 -22 -25 -13 -20 -23 29 -19 36 -28 -27 34 -34 -33 37 39 -39 -30 -40 -29 43 -37
right_child=1 14 3 7 5 9 -8 -9 10 12 11 25 13 -15 15 17 18 28 26 20 23 27 -24 24 -26 32 31 41 30 -31 -32 35 33 -35 -36 42 -38 38 40 -41 -42 -43 -44 -45
leaf_value=0.03050258794388214 -0.015757698468355969 0.0034563991758558487 -0.020683019777139027 0.070365100569195219 -0.038368255615234374 0.012938526281052165 -0.00027666427039498969 -0.011725802897461548 -0.0063495941708485281 0.0027342987495164077 0.0056486089107317802 -0.0010347314789859493 0.00014228678200327392 -0.0016961992594103018 -0.066637342770894364 0.0061482704388909036 -0.0022459731757408009 0.002307690021653588 0.0016261308957737956 0.0027450631400815356 0.00029027428871345227 0.0010044607435437767 0.0023931784236005376 -0.002359737936120767 -0.00050555255602706569 0.0009121732121067387 -0.0013392721801338827 -0.00031671235808218367 0.00054523636404351858 -0.00084617192740552125 0.00064222897402942179 -0.0013601140677928926 -0.00019808604515024594 -0.00046103308559395376 0.0008696532118823622 -2.2684553287167484e-05 4.4652629944670699e-05 2.2615075835751163e-06 -0.0010688256550241602 -0.00032048230931418486 -0.00036325021206655282 0.00036959362601993065 -3.0599351301944291e-05 -0.00075048072359118706
leaf_weight=38.5 22 8.9999999999999982 45 8.9999999999999982 14.999999999999998 18 55 33 11.999999999999998 24 19.5 33 42 36 2.9999999999999991 40 32 26 10.999999999999998 38 99 44 42 32.5 49.5 42 17 49.5 51 26 66 10.999999999999998 38.5 44 38.5 34.5 538 108 55 51 55 49.5 360.5 39
leaf_count=22 16 9 25 9 12 18 30 33 12 24 18 18 27 36 3 30 27 21 6 33 54 24 27 30 27 27 12 27 36 21 36 6 21 24 21 27 324 78 30 36 30 27 216 24
internal_value=-4.21353e-11 -0.000234718 0.000385413 -0.00203725 0.00159004 -0.000284664 0.0123971 0.00107615 0.00286247 0.000805516 0.000192034 0.000556301 0.000373906 0.000256377 -1.19481e-05 -3.24304e-05 -0.000654935 0.000278822 -0.00026296 0.000413984 0.000215876 0.000834952 0.00126773 -0.0004032 -0.00124044 4.96685e-05 -0.000128803 0.00032737 3.82707e-05 0.000730759 -7.00483e-07 -0.000170587 0.00026921 4.60321e-05 0.000335784 -0.000125941 -5.01566e-05 -0.000209555 -0.000360183 0.000112377 -0.000716038 2.64406e-05 -9.466e-05 -0.000408862
internal_weight=2502 1555 947 314.5 632.5 539 93.5 269.5 236.5 524 227.5 215.5 506 482 1533 1524 508 1016 505 446 362 181 84 181 82 196 473 143 976 52 924 462 163 121 77 445 858 320 218 102 110 99 434 73.5
internal_count=1614 988 626 208 418 366 52 183 150 354 141 129 336 312 972 963 321 642 318 276 222 111 54 111 57 111 291 78 612 42 570 285 93 66 42 273 534 210 138 72 60 54 267 51
is_linear=0
shrinkage=0.08


Tree=188
num_leaves=45
num_cat=0
split_feature=37 34 36 15 14 7 5 37 1 34 36 9 3 34 4 0 18 10 36 32 34 30 27 14 34 4 37 37 37 37 3 22 37 29 4 37 30 19 18 1 36 9 31 34
split_gain=0.0506707 0.942645 1.41186 3.41093 0.602814 0.198582 0.054431 0.0464029 0.107127 0.0831008 0.0412384 0.348557 0.0987971 0.023918 0.0113109 0.0111572 0.0116503 0.0107903 0.00888304 0.0854848 0.0462767 0.0881871 0.0160663 0.0244817 0.0212662 0.012439 0.0111324 0.0305649 0.0110909 0.00990039 0.00944685 0.00811451 0.00669036 0.00398358 0.00323471 0.00307934 0.00284996 0.00281276 0.00356867 0.00319917 0.00240672 0.00379706 0.00278338 0.00234473
threshold=7.9050000000000011 1.0000000180025095e-35 1.5000000000000002 1.7861538866850044 7.9050000000000011 2.9150000810623173 2.9250000715255742 16.425000000000004 16.475000000000005 9.5000000000000053 1.5000000000000002 2.9650000333786015 11.984999656677248 0.80000000000000016 16.545000000000005 13.645000000000001 2.1000000000000005 7.8350000000000009 2.5000000000000004 1.0000000180025095e-35 5.400000000000003 1.0000000180025095e-35 3.4000000000000004 9.5600000000000005 49.500000000000007 17.965000000000003 11.470000000000001 11.893461538461539 16.140000000000004 14.875000000000002 17.795000000000005 5.9000000000000012 5.1300000000000017 0.70000000000000007 15.020000000000001 9.7850000000000019 1.7000000000000004 4.7000000000000002 0.50000000000000011 16.455000000000002 1.5000000000000002 9.9800000000000022 4.6000000000000005 36.300000000000004
decision_type=2 2 2 2 2 2 2 2 2 2 2 2 2 2 2 2 2 2 2 2 2 2 2 2 2 2 2 2 2 2 2 2 2 2 2 2 2 2 2 2 2 2 2 2
left_child=4 2 -2 -4 5 -1 -7 18 -9 -10 11 -8 -12 -14 -11 16 -15 -17 20 -20 21 -3 23 29 -24 26 30 -28 -29 37 35 -13 -33 -16 -34 43 -35 38 39 -21 41 -37 -43 -22
right_child=1 7 3 -5 -6 6 10 8 9 14 12 31 13 15 33 17 -18 -19 19 22 25 -23 24 -25 -26 -27 27 28 -30 -31 -32 32 34 36 -36 40 -38 -39 -40 -41 -42 42 -44 -45
leaf_value=0.0063142390099782796 0.0055833467943915008 -0.005543331786258412 0.0031702879179607742 -0.037448611119214228 0.012179903729395434 -0.0035155429318547249 0.011696423104831152 0.0066596622445753637 0.0048412461275303808 0.0018595289509920848 -0.0061218788043448805 -0.0011274136416614055 0.0024774448685348032 -2.6588538661599161e-05 -0.0011391759355596843 -4.6383989820777276e-05 -0.0025546350586228071 -0.0015292043643338341 0.0037322549517488195 -0.0008772335816174745 0.00041159517690235009 0.00080600599957896132 0.002160964908173562 -0.0017333162400782818 -0.00017138765257751118 0.0012976210125618512 -0.0032743794789227348 0.00012910400285349728 -0.0014245871254733125 0.0012324631215243072 0.001144878543354571 0.0010771486425820069 -0.0010060206250372258 0.00083633008956288297 6.8423683015802477e-05 -0.00071763297089922197 -0.00011308151189429152 -0.0007557546051925626 0.00045385344471782446 -2.0252111337512084e-05 5.5712588726000938e-05 -0.00043377758255776238 0.00048180400010417493 -6.7689709381706881e-05
leaf_weight=31.5 29 28 27.5 25.5 27.5 30 17.5 21 27 21 19 38.5 20 20 21 306 28 35 42 40 153 28 44 63 58 45 24 130 38 37 50 39 22 24 97 92 129 43.5 62.5 92 177 42.5 42.5 114
leaf_count=27 23 18 24 20 11 30 16 21 27 21 16 31 20 20 21 198 28 14 25 23 64 26 20 28 26 20 12 108 38 37 20 39 22 24 40 46 129 27 37 41 87 20 21 48
internal_value=-2.11983e-11 -0.000231299 -0.0086078 -0.0163728 0.000560371 0.00010616 -0.000184844 0.000175375 0.00119826 0.000681646 -2.92034e-05 0.000877549 -0.000482579 -0.000220607 0.000105702 -0.000359324 -0.00150128 -0.00019858 3.47868e-06 0.000283894 -0.000136729 -0.00236866 -4.52678e-05 -0.000310828 0.000834725 9.23378e-07 -6.66912e-05 -0.000603833 -0.000222326 1.50513e-05 8.70065e-05 -8.59643e-05 0.000167807 -0.000105967 -0.000130213 1.83165e-06 3.58458e-05 -0.00017421 -4.41475e-05 -0.000279943 -0.000152881 -0.000361475 2.40132e-05 0.000206957
internal_weight=2502 1771 82 53 731 703.5 672 1689 243 222 642 214 428 409 195 389 48 341 1446 482 964 56 440 338 102 908 863 192 168 275 671 196.5 158 174 119 621 153 238 194.5 132 354 177 85 267
internal_count=1614 1102 67 44 512 501 474 1035 243 222 444 148 296 280 195 260 48 212 792 264 528 44 239 193 46 484 464 158 146 165 306 132 101 174 62 286 153 128 101 64 174 87 41 112
is_linear=0
shrinkage=0.08


Tree=189
num_leaves=45
num_cat=0
split_feature=37 4 34 35 5 0 36 35 30 0 4 33 30 14 37 13 36 8 0 18 14 36 0 37 32 30 33 18 37 29 30 35 34 9 11 3 11 30 29 36 36 2 30 21
split_gain=0.0537947 1.8051 0.126234 0.416252 1.11917 0.760031 0.722686 0.390404 0.0890637 0.0131371 0.00738422 0.00693253 0.00275919 0.00504187 0.00251875 0.0274748 0.00607807 0.0154116 0.011661 0.00986081 0.0063989 0.00395189 0.0284787 0.0129973 0.00991827 0.0408948 0.00756118 0.00557892 0.00596737 0.00513293 0.00456183 0.00408648 0.00806561 0.00510031 0.00432729 0.00391815 0.00341865 0.00289956 0.0028332 0.00212858 0.00198112 0.00280863 0.00226077 0.00270348
threshold=16.425000000000004 16.455000000000002 0.80000000000000016 1.0000000180025095e-35 2.9450000524520878 11.729999904632569 2.5000000000000004 1.5000000000000002 0.3000000000000001 16.495000000000001 17.955000000000002 0.70000000000000007 1.0000000000000002 9.3000000000000025 8.0900000000000016 7.8200000000000012 1.5000000000000002 4.6750000000000016 13.645000000000001 2.1000000000000005 7.5250000000000012 1.5000000000000002 12.820000000000002 15.020000000000001 1.0000000180025095e-35 0.3000000000000001 0.3000000000000001 4.7000000000000002 9.7850000000000019 0.50000000000000011 1.0000000180025095e-35 1.5000000000000002 19.600000000000005 10.045000000000002 9.2600000000000016 16.455000000000002 8.8450000000000006 3.9000000000000004 0.50000000000000011 2.5000000000000004 2.5000000000000004 16.185000000000006 1.5000000000000002 1.3
decision_type=2 2 2 2 2 2 2 2 2 2 2 2 2 2 2 2 2 2 2 2 2 2 2 2 2 2 2 2 2 2 2 2 2 2 2 2 2 2 2 2 2 2 2 2
left_child=2 -2 3 4 -1 -5 7 -7 -3 -10 14 -11 -13 39 15 16 17 -4 19 -18 -19 23 -23 26 25 -24 -16 28 37 -30 -26 32 33 38 36 -31 -33 -28 -32 -14 41 -20 -42 -44
right_child=1 8 10 5 -6 6 -8 -9 9 11 -12 12 13 -15 21 -17 18 20 40 -21 -22 22 24 -25 30 -27 27 -29 29 35 31 34 -34 -35 -36 -37 -38 -39 -40 -41 42 -43 43 -45
leaf_value=-0.00093197031567494079 -0.024157987734302881 0.0055275865985701476 0.0020021338785688085 -0.01198314624920226 0.021970915103500542 0.0037928614565171303 0.0112581671277682 -0.0073159575316964131 0.0022649191984618526 0.0014162712198837349 0.00068018109802110694 -0.00089729120600081616 0.00012306225557327517 0.0012275583226056327 -0.0010045431113308843 -0.0015922496544592307 -2.4461446795612574e-05 -0.00023721464715434218 0.0004157664866535924 -0.0023502642970665223 0.00098500632388251181 -0.0066717153787612914 0.0028286260337029635 -0.0016253276717944597 -0.0005794898351948513 -0.00085898535564923894 0.0008490167124843111 0.00095339754351267696 -0.0011782500986009835 0.00061807485311018192 -0.0001723455634367253 -0.00025194190437660409 4.5422226736086381e-05 0.0016171812172979117 -0.00073605359132800779 -0.0003530466179809529 0.00056530684242025021 3.6682327221514599e-05 0.00096571373104650002 -0.00061024924887246213 -0.00070620708584707861 -0.0002521042525423346 0.00049572920063873391 -0.00031853058502500422
leaf_weight=36 20 24 30 28.5 22 40 40.5 41 21 24 81 21 76 21 51 82.5 20 126.5 100 28 35 3.9999999999999991 38 39 76 39 49 38 38 34 28 95 410 36 70 122 50 66 28 38 48 67.5 38.5 81
leaf_count=36 20 24 30 24 22 34 33 32 21 24 36 21 76 21 31 33 20 85 78 28 14 4 24 39 42 22 20 25 22 20 22 38 246 20 28 60 20 27 22 38 38 27 19 48
internal_value=-1.41079e-11 -0.0011259 0.000122218 0.00200003 0.00775533 -0.000225358 0.00253264 -0.00183012 0.000921399 0.000371406 -6.84044e-05 0.000150497 -4.4238e-05 8.84591e-05 -9.9215e-05 -0.000227061 -3.10161e-05 0.00033698 -0.000215014 -0.00138118 2.7663e-05 -3.51456e-05 6.3069e-05 -0.000231575 9.40335e-05 0.000960875 -9.5001e-05 3.86781e-05 -7.38116e-05 -0.000344488 9.86359e-06 7.23334e-05 0.000197323 0.00087427 -0.000219502 -0.000141392 2.9868e-05 0.000382807 0.000396684 -0.000121375 -4.79216e-05 0.000146625 -0.000242468 -5.61958e-05
internal_weight=2502 245 2257 208 58 150 121.5 81 225 201 2049 180 156 135 1968 657 574.5 191.5 383 48 161.5 1311 874 437 870 77 398 347 309 194 793 717 502 92 215 156 145 115 56 114 335 167.5 167.5 119.5
internal_count=1614 245 1369 181 58 123 99 66 225 201 1188 180 156 135 1152 420 387 129 258 48 99 732 488 244 484 46 205 174 149 102 438 396 310 64 86 80 58 47 44 114 210 105 105 67
is_linear=0
shrinkage=0.08


Tree=190
num_leaves=45
num_cat=0
split_feature=37 10 33 37 36 10 36 1 37 1 36 2 37 5 4 32 37 36 36 32 31 15 32 8 4 33 37 12 22 37 33 4 37 4 32 22 37 19 33 0 0 3 1 37
split_gain=0.0457876 0.576524 0.313057 1.32698 0.373652 0.665212 0.473289 0.198814 0.0816284 0.394948 0.0755162 0.914746 0.213218 0.605717 0.0409067 0.0386455 0.0376981 0.025053 0.0237521 0.226026 0.0881462 0.0230573 0.0177522 0.0341171 0.0264095 0.0173246 0.0159603 0.0128258 0.01157 0.0125382 0.0101408 0.0360714 0.0359627 0.0681277 0.00713565 0.00363641 0.0033983 0.00338335 0.00299556 0.00413673 0.00205796 0.00199634 0.00215545 0.0019865
threshold=7.9050000000000011 7.8750000000000009 1.0000000180025095e-35 14.055000000000001 2.5000000000000004 7.9050000000000011 1.5000000000000002 11.965000152587892 16.415000000000003 16.455000000000002 1.5000000000000002 11.984999656677248 2.9150000429153446 2.935000061988831 16.515000000000004 0.70000000000000007 8.0900000000000016 2.5000000000000004 2.5000000000000004 1.0000000180025095e-35 1.0000000180025095e-35 1.7861538866850044 1.3 10.085000000000003 17.795000000000005 1.3 2.9900000000000007 7.7950000000000008 4.6000000000000005 3.5200000000000005 2.8000000000000003 17.910000000000004 11.655000000000001 16.185000000000006 0.70000000000000007 19.300000000000004 14.485000000000001 2.1000000000000005 2.8000000000000003 17.100000000000005 15.555000000000001 16.485000000000003 16.175000000000004 4.1100000000000003
decision_type=2 2 2 2 2 2 2 2 2 2 2 2 2 2 2 2 2 2 2 2 2 2 2 2 2 2 2 2 2 2 2 2 2 2 2 2 2 2 2 2 2 2 2 2
left_child=1 7 3 4 5 6 -2 -1 16 -10 11 -9 13 -12 -11 -16 -4 -15 20 -20 -18 -14 23 -21 36 -17 -23 43 -13 -30 32 40 34 37 -22 -31 41 -34 -27 -40 -32 42 -24 -28
right_child=2 -3 8 -5 -6 -7 -8 10 9 14 12 28 21 17 15 25 18 -19 19 22 30 26 24 -25 -26 38 27 -29 29 35 31 -33 33 -35 -36 -37 -38 -39 39 -41 -42 -43 -44 -45
leaf_value=0.0054257971509581518 -0.019196073927894412 0.011896014284003864 -0.0024831553776862056 -0.017609735291505998 0.005330728501081467 0.0024010687229061916 -0.0022113498690582455 -0.018741930700942048 0.012271369840949772 0.00388449457097089 0.016154217526316645 -0.0011231162664821237 -0.00221380823634957 0.0011051107933744788 0.0029838284762162305 -0.0024250637868507988 0.0030324370995389693 -0.0028991306133102626 -0.006866796913020539 -0.00031262460545721378 0.0010532794012264772 0.0025085382416312188 6.7414368669956165e-05 0.0031361729048547293 -0.0020343881671627362 0.00079136670230784355 -0.00067215252187452284 -0.001697153227669852 0.0022049908645983256 0.00062821188506400477 0.0005712526795396115 0.0026514513045549394 -0.001206900931429118 -0.0056266772814772348 -8.3217664544160165e-05 -0.00020995005206526096 0.00081591585086602148 9.0850436178394983e-05 -0.0011616680790930765 7.1326969727855539e-05 -2.9028151265316957e-05 0.00011378071600253263 -0.00074727159610876216 -4.4510225438377787e-06
leaf_weight=42 21 27.5 41 34 52.5 60.5 21 18 20 21 20 41 38 20 27 21 66 20 33 44 44 13.999999999999998 39 31.5 45 27 32 35 21 53.5 40 36 20 22 180 87 33 36 21 102 424 164 44.5 262
leaf_count=33 20 11 17 34 34 27 20 18 20 21 20 32 38 20 27 21 38 20 19 30 20 14 23 16 20 27 32 14 21 25 36 16 20 14 82 60 33 36 21 102 212 75 21 154
internal_value=-5.24861e-12 0.000532686 -0.000219872 -0.00329714 -0.0001576 -0.0029687 -0.0107037 8.84901e-05 0.000147766 0.00150998 -0.000250386 -0.0014592 0.000354021 0.00478673 0.000527208 0.000171133 -9.4654e-05 -0.00089701 -1.944e-05 -0.000502666 0.000222173 -0.000344044 2.10657e-05 0.00112628 -0.000235289 -0.000272977 -0.000136898 -0.000249469 7.70406e-05 0.000381724 -9.09572e-06 0.000211989 -0.00037513 -0.00185454 0.000140023 0.000109208 5.33363e-05 -0.000372632 2.83148e-05 -0.000139184 2.27202e-05 -4.8341e-05 -0.00036676 -7.7126e-05
internal_weight=2502 731 1771 189 155 102.5 42 703.5 1582 239 661.5 220.5 441 60 219 198 1343 40 1302 434 868 381 401 75.5 325.5 171 343 329 202.5 161.5 802 500 302 78 224 140.5 280.5 56 150 123 464 247.5 83.5 294
internal_count=1614 512 1102 135 101 67 40 501 967 239 468 156 312 60 219 198 728 40 711 237 474 252 218 46 172 171 214 200 138 106 436 264 172 70 102 85 152 56 150 123 248 119 44 186
is_linear=0
shrinkage=0.08


Tree=191
num_leaves=45
num_cat=0
split_feature=37 30 35 0 16 15 15 36 0 12 22 16 37 13 34 15 37 0 36 11 0 1 31 3 33 36 36 33 3 33 32 34 36 15 36 32 35 36 31 37 11 30 1 35
split_gain=0.0459975 1.56216 0.113289 1.72628 1.00983 0.113592 0.311217 0.247226 1.25619 0.675205 0.184077 0.159854 0.112906 0.290034 0.15738 0.600108 0.0966554 0.0657912 0.0521919 0.0633486 0.0504379 0.0326388 0.032568 0.030559 0.00887428 0.0179502 0.0165265 0.0184983 0.0131146 0.0128907 0.00740999 0.00545692 0.0835109 0.110184 0.0690032 0.0873776 0.0560428 0.0036386 0.0229376 0.0228305 0.0153425 0.00960361 0.00600664 0.00170058
threshold=16.425000000000004 1.0000000180025095e-35 1.0000000180025095e-35 8.3270000000000017 6.1050000000000013 1.7750000500679015 1.7861538866850044 1.5000000000000002 16.175000000000004 6.6750000000000016 0.3000000000000001 9.065000090599062 1.6799999833106998 1.1549999713897707 1.0000000180025095e-35 1.8150000357627867 1.1549999713897707 17.070000000000004 2.5000000000000004 5.0500000000000016 16.765000000000004 14.515000000000002 2.3000000000000003 16.505000000000006 0.3000000000000001 2.5000000000000004 1.5000000000000002 1.0000000180025095e-35 16.165000000000003 1.0000000180025095e-35 1.3 12.500000000000005 2.5000000000000004 1.6600000000000001 1.5000000000000002 0.50000000000000011 1.5000000000000002 2.5000000000000004 0.70000000000000007 11.655000000000001 9.8550000000000022 0.70000000000000007 14.640000000000002 1.5000000000000002
decision_type=2 2 2 2 2 2 2 2 2 2 2 2 2 2 2 2 2 2 2 2 2 2 2 2 2 2 2 2 2 2 2 2 2 2 2 2 2 2 2 2 2 2 2 2
left_child=2 -2 4 -4 -1 11 -7 9 10 21 -9 -6 16 -14 15 -15 -5 20 19 -12 23 -8 -20 -3 25 26 28 -28 -16 -27 -19 32 34 -34 35 -26 -36 39 -39 40 -33 -40 -43 -44
right_child=1 17 3 12 5 6 7 8 -10 -11 18 -13 13 14 24 -17 -18 30 22 -21 -22 -23 -24 -25 31 29 27 -29 -30 -31 -32 37 33 -35 36 -37 -38 38 41 -41 -42 42 43 -45
leaf_value=0.017304468383081258 -0.022467381346970797 0.0037500469122702879 -0.032456507001604351 0.00056095713128646223 -0.0085403569113640561 0.010526207365095614 0.00054080028863002865 0.0084485394936054947 -0.019881421634483906 0.016279645102098582 0.00082033948891836674 0.0002423583465214405 -0.011105442434549331 -0.001978608047241693 0.00021437265299814376 0.01290689881358828 0.0079927568244082588 -0.0015787686593830585 0.0042596053846646097 -0.0053358755901281255 0.006031201496010735 -0.0038350541871623135 -0.00015447972706802513 0.00012184134266601925 -0.0011859527595341206 -0.0025129872073828266 0.0019438809415370953 -0.00053222125319585408 -0.0018691094863561937 -0.00044598218768018567 5.018248776711213e-05 -1.9207019243803024e-05 6.1303910679451316e-05 0.0060330351773076329 -0.0046015090230656294 0.0041178472136909313 -0.0004290607658525308 -0.0022480999775554822 0.0011381614307732616 0.0014220363482394637 -0.0015227533143985532 -0.0015700849627610298 4.6015741464532451e-05 -0.00030531007960169198
leaf_weight=24 20 24 10.499999999999998 24 21 20 24 20 21 20 23 36 14.999999999999998 45.5 37 28 21 21 20 20 21 20 23 39 50 41 41 36.5 40.5 36.5 120 779 50.5 32.5 38 33 45 34.5 36.5 68 46 20 162 193.5
leaf_count=24 20 24 6 24 21 20 24 20 21 20 23 36 15 35 32 16 21 21 20 20 21 20 23 39 30 26 26 24 18 24 120 390 28 20 24 18 24 16 18 34 20 20 84 84
internal_value=-8.33682e-12 -0.00104111 0.000113014 -0.000105475 0.00158332 0.000175459 0.0010315 3.72845e-05 -0.0020059 0.00409173 0.00153547 -0.00299338 6.83218e-05 -2.50202e-05 6.27108e-05 0.00369206 0.00402913 0.000863449 -7.22166e-05 -0.00204302 0.00263581 -0.00144822 0.00189858 0.00150401 -8.37786e-05 -0.000545398 -4.83491e-05 0.000777717 -0.000874415 -0.00153949 -0.000192427 -1.6214e-05 0.000327694 0.00239963 -0.000708276 0.000922787 -0.00233934 -8.01431e-05 -0.00026661 1.30902e-05 -0.000103041 -0.000100684 -0.000221104 -0.000145212
internal_weight=2502 245 2257 1965 292 268 211 191 127 64 106 57 1954.5 1909.5 1894.5 73.5 45 225 86 43 84 44 43 63 1821 232.5 155 77.5 77.5 77.5 141 1588.5 249 83 166 83 83 1339.5 446.5 893 825 412 375.5 355.5
internal_count=1614 245 1369 1077 292 268 211 191 127 64 106 57 1071 1026 1011 51 45 225 86 43 84 44 43 63 960 150 100 50 50 50 141 810 144 48 96 48 48 666 222 444 410 206 188 168
is_linear=0
shrinkage=0.08


Tree=192
num_leaves=45
num_cat=0
split_feature=9 37 34 37 15 15 37 37 32 16 31 37 33 4 16 6 37 6 33 18 2 33 23 34 34 21 37 29 29 29 29 37 37 2 31 2 31 37 37 11 37 5 4 32
split_gain=0.050705 0.396066 0.133052 1.41741 0.785479 0.111928 0.0561592 0.0990321 0.0772288 0.0971731 0.0269813 0.010235 0.00700465 0.00571578 0.00436178 0.0114286 0.00331112 0.00679905 0.00594874 0.00898021 0.00843268 0.00312649 0.00291888 0.00285773 0.00374364 0.00332838 0.00245878 0.00636291 0.00373544 0.00239237 0.00234546 0.00203897 0.00336726 0.00708476 0.00265443 0.00145449 0.00134386 0.00133813 0.00131694 0.0117361 0.00164024 0.00318103 0.00273243 0.00128247
threshold=2.935000061988831 7.463000000000001 1.0000000180025095e-35 11.97499990463257 1.7950000762939455 1.7800000452995304 16.425000000000004 17.070000000000004 1.3 6.6750000000000016 6.9000000000000012 2.9150000429153446 1.9000000000000001 17.955000000000002 6.0950000000000015 10.105000000000002 12.720000000000001 9.9950000000000028 1.0000000180025095e-35 1.0000000180025095e-35 14.055000000000001 1.0000000180025095e-35 1.6000000000000003 10.900000000000004 10.500000000000005 1.0000000180025095e-35 11.784230769230772 15.100000000000001 6.3000000000000016 0.50000000000000011 0.3000000000000001 4.1950000000000012 6.3050000000000006 14.950000000000001 3.5000000000000004 15.825000000000001 1.0000000180025095e-35 10.065000000000003 7.9350000000000014 7.7550000000000008 9.7950000000000017 9.9050000000000029 17.345000000000002 16.100000000000005
decision_type=2 2 2 2 2 2 2 2 2 2 2 2 2 2 2 2 2 2 2 2 2 2 2 2 2 2 2 2 2 2 2 2 2 2 2 2 2 2 2 2 2 2 2 2
left_child=1 -1 3 4 5 -2 13 8 -8 -10 -11 -7 -9 14 15 37 21 18 -18 -20 -21 30 -14 24 25 36 27 -17 -28 -25 -16 -31 34 -34 -33 -22 -23 -4 39 -35 42 -42 -40 -24
right_child=2 -3 6 -5 -6 11 7 12 9 10 -12 -13 22 -15 16 26 17 -19 19 20 35 23 43 29 -26 -27 28 -29 -30 31 -32 32 33 38 -36 -37 -38 -39 40 -41 41 -43 -44 -45
leaf_value=0.0073595333871032511 -0.0060309748308999198 -0.0038363702327777176 -0.001519405871629715 -0.020148448972031476 0.012879895812698773 -0.0015107776224613191 0.0071272521760935579 -0.0014598704040760086 0.0065310090922174003 -0.0018816814975192151 0.0017170728228520602 0.00079198345541954041 0.00072685704219717698 0.00060154263631521183 -2.3397359376152358e-05 -0.000388588989977123 0.0013684554788328351 0.0015310264797881246 -0.0013131010476887847 0.0016902532200384441 9.3289130107021071e-05 -0.00049880862190031716 4.3588987565740492e-05 -0.00045945318564422815 0.00092280884392750579 0.00069974416778201157 0.00012815659435895773 0.00067521348952295931 -0.00097908816992854468 -0.00058691806139217484 -0.00083388407714664933 7.6072123056898519e-05 -0.0015248186119078172 5.8603205271601801e-05 0.0012048442017597457 -0.00060763535555452108 3.4991266276640227e-05 -0.00087234725223647226 4.647362953318017e-05 -0.0012604033852971735 -0.00060393553198307987 4.0606612387551547e-05 0.00066430089844239735 -0.00067419040637711693
leaf_weight=42 35 39 37.5 24 28 21 24 21 21 24 30 30 36 81 37.5 73.5 21 24 30 21 90 40.5 66 106.5 39 42 39 70.5 39 45 58.5 30 21 243 24 24 118.5 45 262.5 52.5 64.5 204 55.5 21
leaf_count=42 29 30 15 24 16 21 24 21 21 24 30 30 36 36 30 30 21 24 30 21 90 18 66 54 24 42 21 30 21 45 36 30 21 99 24 24 66 30 120 21 30 102 24 21
internal_value=1.25163e-11 0.00196891 -6.58744e-05 -0.00247809 0.00124198 -0.0025471 7.99364e-05 0.00122957 0.00317734 0.00191337 0.000117626 -0.000156212 -0.000109525 -5.70053e-05 -8.42347e-05 -0.000362491 -3.30235e-05 0.000263796 0.000100283 -6.11209e-05 0.000217097 -7.61749e-05 0.000121022 -4.4772e-05 0.000205515 6.63382e-05 -6.37165e-05 0.000132231 -0.000425466 -9.89612e-05 -0.000517288 -6.06455e-05 -3.58991e-05 -7.25956e-05 0.000577749 -5.42739e-05 -0.000100977 -0.00116646 -3.80189e-05 -0.000175738 3.1369e-05 -0.000114228 0.000154302 -0.000129668
internal_weight=2502 81 2421 138 114 86 2283 243 99 75 54 51 144 2040 1959 304.5 1654.5 210 186 165 135 1444.5 123 1348.5 240 201 222 144 78 1108.5 96 1002 957 903 54 114 159 82.5 882 295.5 586.5 268.5 318 87
internal_count=1614 72 1542 120 96 80 1422 243 99 75 54 51 144 1179 1143 147 996 210 186 165 135 786 123 720 150 126 102 60 42 570 66 516 471 417 54 114 84 45 396 120 276 132 144 87
is_linear=0
shrinkage=0.08


Tree=193
num_leaves=45
num_cat=0
split_feature=37 4 0 30 34 36 15 0 8 36 33 0 4 36 37 37 37 36 0 21 0 32 32 36 0 33 34 36 33 33 0 15 37 14 30 34 18 13 33 0 15 7 34 23
split_gain=0.0460961 1.58983 0.127 0.109624 0.0662768 0.822473 1.78732 1.51656 0.884788 0.66157 0.00726718 0.00630553 0.00502167 0.00325477 0.0243085 0.0212259 0.013148 0.0394811 0.0241332 0.0106879 0.0158777 0.013059 0.0073091 0.0273743 0.00628808 0.00434108 0.00538641 0.00402862 0.00757557 0.00714137 0.00455895 0.00368985 0.00279081 0.00673061 0.00489268 0.00405861 0.00267628 0.00256127 0.00255679 0.00247864 0.00210916 0.0032238 0.00161754 0.00161587
threshold=16.425000000000004 16.455000000000002 8.3270000000000017 0.3000000000000001 1.0000000180025095e-35 1.5000000000000002 1.9073076923076921 14.675500000000001 2.935000061988831 2.5000000000000004 0.70000000000000007 16.495000000000001 17.955000000000002 1.5000000000000002 15.020000000000001 2.2750000000000004 16.140000000000004 2.5000000000000004 12.820000000000002 2.5000000000000004 14.700500000000002 1.0000000180025095e-35 1.0000000180025095e-35 2.5000000000000004 13.56 0.50000000000000011 13.100000000000001 2.5000000000000004 0.3000000000000001 1.0000000180025095e-35 14.335000000000003 2.0784615384615379 7.9050000000000011 7.455000000000001 1.0000000180025095e-35 13.500000000000002 3.3000000000000003 7.7300000000000013 4.6000000000000005 17.220000000000002 2.6488461538461547 10.010000000000002 72.800000000000026 2.3000000000000003
decision_type=2 2 2 2 2 2 2 2 2 2 2 2 2 2 2 2 2 2 2 2 2 2 2 2 2 2 2 2 2 2 2 2 2 2 2 2 2 2 2 2 2 2 2 2
left_child=2 -2 -1 -3 5 8 7 9 -4 -7 -5 -12 13 14 19 -15 18 -18 -17 21 24 -6 23 -20 -21 31 -27 32 29 -29 -30 -23 33 36 -34 -36 -24 38 -22 -13 41 -32 -28 -41
right_child=1 3 4 10 12 6 -8 -9 -10 -11 11 39 -14 15 -16 16 17 -19 22 20 37 25 27 -25 -26 26 42 28 30 -31 40 -33 34 -35 35 -37 -38 -39 -40 43 -42 -43 -44 -45
leaf_value=0.0078492503696017783 -0.022657392244786023 0.0059893887738386789 0.021679187721676298 0.0015752812443921964 -0.0017380800967415175 -0.0092598550476961656 0.015901766706396033 -0.024812485873699188 0.0018489320427179338 0.0060771846998896864 0.0013932298265752338 -0.00073689949481437606 0.00055341904678232507 -0.0058354652300477029 -0.0021716890512750702 -0.0044250234588980673 -0.0010590980299526737 0.0038464755316575368 -0.00064589528203533406 0.0027276035114413215 0.00027516574052990314 -0.00016876510922210635 0.00054170086005822233 0.0018334626216081934 0.00076986578622988122 0.00078186293110428821 -0.00034428472239806345 -0.0018200528438108553 0.00096315760631114243 -0.00027880056878958623 -0.00015437229019600281 -0.0012389758785831787 -0.00069760777004477051 -0.00097772968076169494 0.00094933770410716533 0.0001722686847215182 -0.00019190440283102148 0.00051443707922266594 -0.00049561586444148088 0.00041963956617823274 4.3711137479624231e-05 -0.00078622208314913292 7.9644640255193262e-05 -0.00016402343101799488
leaf_weight=13.499999999999998 20 24 22.5 24 39 36 27 24 40 36 21 30 81 3.9999999999999991 39 7.9999999999999991 21 21 57 21 45 40.5 54.5 57 21 42 165 34.5 24 43.5 220.5 42 36 50 50 308 76.5 45 71 51 185 67.5 88.5 75
leaf_count=9 20 24 21 24 24 36 22 14 34 36 21 30 36 4 39 8 21 21 37 21 24 23 44 37 21 22 80 22 24 31 123 32 19 20 29 160 51 20 40 51 93 30 41 75
internal_value=-4.34129e-11 -0.00104222 0.000113135 0.000879123 6.65835e-05 0.00151488 -0.00228234 -0.00739662 0.00898782 -0.00159134 0.000268943 9.18119e-05 -6.39606e-05 -8.92553e-05 -0.00023442 -1.66729e-05 1.04032e-06 0.00139369 -4.49434e-05 -0.00011256 0.000363499 -0.00034431 -1.72213e-05 0.000593784 0.00174873 -0.000200508 -5.72595e-05 -7.77905e-05 -0.000227524 -0.000960508 -0.000112488 -0.0007136 7.19431e-05 -0.000188091 0.0001914 0.000280798 0.000113298 2.13292e-06 -0.000196606 -8.3379e-05 -0.000167067 -0.000302462 -0.000196286 7.22211e-05
internal_weight=2502 245 2257 225 2243.5 185.5 123 96 62.5 72 201 177 2058 1977 659 1318 1314 42 1272 620 203 417 1264 114 42 378 295.5 1150 575 78 497 82.5 575 181 394 358 131 161 116 156 473 288 253.5 126
internal_count=1614 245 1369 225 1360 163 108 86 55 72 201 177 1197 1161 387 774 770 42 728 348 126 222 720 74 42 198 143 646 323 53 270 55 323 115 208 189 95 84 64 156 246 153 121 126
is_linear=0
shrinkage=0.08


Tree=194
num_leaves=45
num_cat=0
split_feature=37 37 0 36 9 36 34 15 37 37 14 0 34 4 34 30 27 14 28 37 37 4 37 30 34 37 37 31 2 9 15 12 30 20 31 35 31 37 13 20 36 30 34 9
split_gain=0.0408912 0.843881 0.107878 0.102155 0.908063 3.70634 0.864192 2.27357 0.560984 1.07348 0.152211 0.297926 0.125965 0.0744243 0.0743737 0.0316941 0.0163564 0.0229948 0.0174036 0.0120582 0.148763 0.0392838 0.0106329 0.00907225 0.0321804 0.00772589 0.00494841 0.00822009 0.00482412 0.0045312 0.00465919 0.0041339 0.00608084 0.00376278 0.00615312 0.00200464 0.00174656 0.00166365 0.0162517 0.00259666 0.00212657 0.00339305 0.00288767 0.00214817
threshold=16.440000000000001 16.195000000000004 8.3270000000000017 2.5000000000000004 2.935000061988831 1.5000000000000002 0.80000000000000016 1.7950000762939455 1.1549999713897707 2.2750000000000004 1.1749999523162844 11.97499990463257 1.0000000180025095e-35 16.505000000000006 9.5000000000000053 1.0000000180025095e-35 3.4000000000000004 9.5600000000000005 44.100000000000001 11.72423076923077 11.832692307692311 17.935000000000006 16.140000000000004 1.0000000180025095e-35 5.1000000000000023 3.4700000000000002 11.832692307692311 2.3000000000000003 17.935000000000006 10.010000000000002 2.2850000000000006 9.8950000000000014 1.7000000000000004 0.50000000000000011 2.1000000000000005 1.5000000000000002 1.5000000000000002 7.9050000000000011 7.8200000000000012 0.3000000000000001 1.5000000000000002 1.0000000000000002 14.700000000000005 9.9800000000000022
decision_type=2 2 2 2 2 2 2 2 2 2 2 2 2 2 2 2 2 2 2 2 2 2 2 2 2 2 2 2 2 2 2 2 2 2 2 2 2 2 2 2 2 2 2 2
left_child=1 2 -1 4 5 -4 7 -5 -6 -10 11 -11 -12 -2 -15 -8 17 25 -18 21 -21 23 28 24 -14 -17 29 -28 33 -27 -31 32 -16 36 -35 -26 -22 38 39 -25 42 -42 -39 -44
right_child=13 -3 3 6 8 -7 15 -9 9 10 12 -13 19 14 31 16 18 -19 -20 20 22 -23 -24 37 35 26 27 -29 -30 30 -32 -33 -34 34 -36 -37 -38 40 -40 -41 41 -43 43 -45
leaf_value=0.0072213119930691193 0.0052231730179240314 -0.012255288682645187 0.011433409399456449 -0.0020606309635258177 -0.018866111814975741 -0.0344849285731713 0.0016708339366596193 0.029158939517413579 0.023974696295335888 0.011714372739195825 -0.005711597697092936 -0.0020940591096878054 -0.0030284703504294161 0.0044475456989473763 0.001274856323871063 -0.0016625807971682993 0.0018843272897518344 -0.0018910213361263404 -0.00012120483999347521 0.0078819216042757042 0.0012755686802288088 -0.0026867053084648576 -0.0016533389999173009 0.00047729568834978318 -0.00041267482563853267 -6.5607394380231011e-05 0.0013549560529312918 -0.00039158697075703571 -0.00086823651833193639 -0.001248708224762231 -0.00014229913173537505 -0.0010254697649118801 -0.00010484158781026423 -0.00088000361533725963 0.00052664178337484676 0.00035415409598499537 0.00036499881218852743 -0.00052785771364044097 -0.0017979716961937292 -9.4313162438938348e-05 0.00078735103039949579 8.422357379004984e-05 -0.00018999103386020517 0.00029342854549034651
leaf_weight=13.499999999999998 24 36 22.5 39.5 9.9999999999999982 22.5 64 24 11.999999999999998 20 26 20 30 27 24 22 45 58.5 72 15.999999999999998 26 39 26 63 40 247 35 34 28 50 47.5 24 138 34 48 48 28 74 35 264 53 256.5 121 114.5
leaf_count=9 24 36 21 37 10 21 39 19 12 20 14 20 20 27 24 22 20 26 32 8 26 16 26 48 24 140 34 32 14 22 21 24 138 34 48 24 16 33 14 168 24 118 57 52
internal_value=2.00814e-11 -0.000104617 9.16256e-05 4.81813e-05 -0.00033594 -0.0115258 0.000816424 0.00973889 1.56952e-05 0.000148479 -5.42976e-05 0.00481016 -0.000196325 0.000999819 0.000523948 -2.29486e-05 -0.000200366 -0.000401805 0.000650154 -8.96312e-05 0.000473576 -0.000191583 -0.000150284 -0.000103039 -0.000765777 -0.000201761 -0.000124039 0.000494341 8.8005e-05 -0.000247894 -0.000709688 -4.56068e-05 9.95581e-05 0.000284878 -5.66014e-05 5.5955e-06 0.000803421 -2.3321e-05 -0.000159553 1.58133e-05 5.63492e-05 0.00020463 -9.19316e-05 4.50474e-05
internal_weight=2502 2265 2229 2215.5 1477 45 738.5 63.5 1432 1422 1410 40 1370 237 213 675 611 494 117 1344 206 1138 190 1099 118 435.5 413.5 69 164 344.5 97.5 186 162 136 82 88 54 981 362 327 619 309.5 309.5 235.5
internal_count=1614 1377 1341 1332 888 42 444 56 846 836 824 40 784 237 213 388 349 297 52 770 172 598 164 582 68 271 249 66 138 183 43 186 162 124 82 48 42 514 230 216 284 142 142 109
is_linear=0
shrinkage=0.08


Tree=195
num_leaves=45
num_cat=0
split_feature=37 34 4 35 0 15 22 34 1 6 34 15 1 3 0 33 18 22 32 33 5 37 10 27 1 34 31 33 34 31 37 33 0 30 1 37 13 37 28 26 32 35 32 2
split_gain=0.0427945 1.48521 0.140588 0.119962 1.57478 0.936444 0.0875345 0.0864827 0.0739831 0.0827543 0.0644232 0.533029 0.10021 0.0196451 0.0170283 0.0252567 0.0154437 0.0155943 0.00646245 0.00522594 0.00514322 0.00513059 0.0325559 0.0226979 0.00510907 0.00376488 0.00288968 0.00244252 0.00236877 0.00227047 0.0025801 0.00244291 0.00194918 0.00187405 0.001711 0.00209652 0.00451585 0.00166749 0.00158565 0.00118498 0.000939652 0.00105154 0.000744467 0.00072238
threshold=16.425000000000004 8.9000000000000057 16.485000000000003 1.0000000180025095e-35 8.3270000000000017 1.4150000000000003 1.0000000180025095e-35 1.3000000000000005 11.965000152587892 2.9250000715255742 1.0000000180025095e-35 1.8150000357627867 11.984999656677248 11.984999656677248 17.070000000000004 1.7000000000000004 0.90000000000000013 11.100000000000001 1.3 0.3000000000000001 10.085000000000003 11.655000000000001 9.9550000000000018 10.400000000000002 16.165000000000003 15.800000000000002 1.7000000000000004 7.1000000000000005 9.9000000000000039 1.0000000000000002 9.7950000000000017 1.9000000000000001 16.660000000000004 1.7000000000000004 16.455000000000002 9.1050000000000022 7.8200000000000012 6.6650000000000009 14.300000000000001 6.6000000000000005 0.70000000000000007 1.5000000000000002 16.100000000000005 16.165000000000003
decision_type=2 2 2 2 2 2 2 2 2 2 2 2 2 2 2 2 2 2 2 2 2 2 2 2 2 2 2 2 2 2 2 2 2 2 2 2 2 2 2 2 2 2 2 2
left_child=3 -2 -3 5 -5 -1 13 -8 -6 -10 11 12 -11 -7 15 -4 24 -18 -16 20 32 22 27 -23 28 -19 -27 29 -9 30 31 33 -12 -21 35 36 37 -29 -20 -36 -33 -42 -40 -31
right_child=1 2 14 4 8 6 7 16 9 10 19 -13 -14 -15 18 -17 17 25 38 21 -22 23 -24 -25 -26 26 -28 34 -30 43 -32 40 -34 -35 39 -37 -38 -39 42 -41 41 -43 -44 -45
leaf_value=0.017896748400248942 -0.020355632077578619 0.0067831575610519702 0.0034412720461841672 -0.031014629545665921 0.004096341666422392 0.0054218067938373209 -0.004806062771628301 0.0013394863822031766 -0.0054086593579914834 0.00048951676322354215 -8.2355621135861109e-05 0.011257753244468146 -0.0062706481722062044 0.0020009815828366715 -0.0014666145215077059 3.0499070487690697e-05 -0.0022178232776267188 0.0010431066813180224 0.00068603403325791332 0.00099442898569738168 -0.0012338720905927965 0.00054530959824721024 0.0022268055578959839 -0.0017154953176052208 0.0023077330002117726 -0.00083687419304624201 0.00018224768276474832 0.00016752538991471132 0.00017605077652704148 -0.00015735485247984928 -0.00034401118479393143 -0.00012312419641585578 -0.00064928709494846849 0.00022071993599335354 2.5098148641215326e-05 -1.6936304746195674e-05 -0.0012839786807696024 -0.00051251182115326322 5.5031942966808047e-05 -0.0004047959411635553 -2.2122860213534701e-05 0.00054611662299268774 -0.00043755412688133892 2.1867967042766634e-05
leaf_weight=21 23 24 24 10.499999999999998 28.5 21 24 24 18 36 138 28 23 22 21 33 21 24 21 51 40.5 60 42 54 21 24 69 37.5 21 210 40.5 52.5 54 33 240 78 37.5 60 72 49.5 36 49.5 27 457.5
leaf_count=21 23 24 24 6 24 21 24 24 18 36 108 16 17 22 21 33 21 24 21 36 18 30 18 27 21 24 69 33 21 138 18 30 24 18 105 39 15 33 72 21 21 27 27 201
internal_value=-1.36652e-11 -0.00100421 0.00100067 0.000109008 -0.000115823 0.001622 0.000360854 -0.000263544 5.01719e-05 -9.70136e-06 4.12322e-05 0.00216799 -0.0021458 0.00367162 0.000299763 0.00146661 0.00027087 -0.000210504 -0.000171942 -6.03755e-05 -0.000414617 -8.52712e-06 3.14499e-05 -0.000525598 0.00127738 0.000149784 -8.07515e-05 -3.29166e-05 0.00079655 4.38705e-05 0.000243198 0.000350324 -0.000241805 0.000690472 -0.00017503 -0.00034713 -0.000537909 -0.000250959 5.46254e-05 -4.84071e-05 0.000143278 0.000306858 -7.93097e-05 -3.45167e-05
internal_weight=2502 245 222 2257 1965 292 271 228 1954.5 1926 1908 87 59 43 198 57 204 138 141 1821 232.5 1588.5 1474.5 114 66 117 93 1432.5 45 930 262.5 222 192 84 502.5 213 135 97.5 120 289.5 138 85.5 99 667.5
internal_count=1614 245 222 1369 1077 292 271 228 1071 1047 1029 69 53 43 198 57 204 138 141 960 150 810 753 57 66 117 93 735 45 489 150 132 132 54 246 120 81 66 120 126 78 48 99 339
is_linear=0
shrinkage=0.08


Tree=196
num_leaves=45
num_cat=0
split_feature=37 37 0 34 4 37 5 9 34 37 0 0 1 29 30 4 16 6 35 22 29 30 32 11 37 29 29 29 37 10 34 37 19 37 16 0 4 13 37 2 32 26 37 30
split_gain=0.0411418 0.722941 0.141953 0.087799 0.0659574 0.0451608 0.298464 0.195484 0.134624 0.416738 0.172944 0.0097173 0.00521178 0.00470252 0.00479081 0.00352757 0.00266312 0.00786512 0.00314446 0.00279332 0.00326997 0.0036046 0.002378 0.00235826 0.00190328 0.00486719 0.00341066 0.00177245 0.0012095 0.00115852 0.00105923 0.00101366 0.00116644 0.0010064 0.00191589 0.00354539 0.00108883 0.00432892 0.00840184 0.00259752 0.00158287 0.00119246 0.00105737 0.00101358
threshold=16.440000000000001 16.195000000000004 8.3270000000000017 9.5000000000000053 16.505000000000006 2.6750000000000003 2.9150000810623173 2.9450000524520878 1.0000000180025095e-35 7.9350000000000014 14.675500000000001 11.984999656677248 13.095000000000002 0.70000000000000007 1.7000000000000004 17.955000000000002 6.0950000000000015 10.105000000000002 1.0000000180025095e-35 29.300000000000004 0.50000000000000011 1.0000000000000002 6.9000000000000012 8.490000000000002 11.784230769230772 15.100000000000001 6.3000000000000016 10.800000000000002 2.9900000000000007 8.5500000000000025 42.20000000000001 4.1100000000000003 19.300000000000004 4.9500000000000011 7.6300000000000017 14.700500000000002 16.475000000000005 7.8350000000000009 9.7850000000000019 16.475000000000005 0.70000000000000007 6.2000000000000011 7.7300000000000013 11.100000000000001
decision_type=2 2 2 2 2 2 2 2 2 2 2 2 2 2 2 2 2 2 2 2 2 2 2 2 2 2 2 2 2 2 2 2 2 2 2 2 2 2 2 2 2 2 2 2
left_child=1 2 -1 -2 -5 7 -7 -4 9 -8 -11 -9 -10 -6 -15 16 17 -14 19 20 -18 -22 27 -24 25 -19 -26 29 -20 -16 -21 -30 33 -33 36 -36 37 42 -39 -38 -41 -42 -35 -44
right_child=3 -3 5 4 13 6 8 11 12 10 -12 -13 15 14 22 -17 18 24 28 30 21 -23 23 -25 26 -27 -28 -29 31 -31 -32 32 -34 34 35 -37 39 38 -40 40 41 -43 43 -45
leaf_value=0.0082552425949661817 0.0052971366109947357 -0.011351273527834565 0.0078721123933792117 0.0043977196743556612 -0.0011860646564690841 -0.0072607984828452271 0.0089608075574916964 -0.002167971966167291 -0.0010114692024783128 0.003213809309182344 -0.0055439700763071746 0.00018845436518036184 -0.00094596788162986431 0.0010595409566088131 0.00027968353607381384 0.00047683286354129696 5.0908949677691319e-05 -0.00031426740065850569 0.00041842312693144334 -0.00022310408799832524 0.0017691106853696206 0.0003339193681521075 8.7886907298255852e-06 -0.0010485624559913519 0.00017958135606768806 0.00061613789145299725 -0.00087843456424963788 0.00074160877537603187 -0.00042166182241749526 -0.00042338374909013508 0.00031256858802710975 0.0003276822462868996 0.00033537860318858139 0.00012547914176668705 1.3246534945210443e-05 -0.0010136540740346297 0.00053887975846279271 -0.0013103624426183246 0.00020769725182271076 -0.00028214550446029063 7.5455019103645574e-05 -0.00028611023185981646 -2.8177892249140916e-05 -0.00040265190901441709
leaf_weight=13.499999999999998 27 36 24 24 21 36 42.5 24 36 27 31 21 82.5 27 30 81 33 73.5 33 54 24 21 27 27 39 70.5 39 24 51 30 42 39 46.5 160.5 48 39 54 52.5 42 135 432 67.5 147 67.5
leaf_count=9 27 36 24 24 21 36 35 24 36 27 16 21 45 27 30 36 33 30 33 54 24 21 27 27 21 30 21 24 51 30 42 39 33 75 48 24 24 21 21 60 192 30 72 33
internal_value=3.63361e-11 -0.000104937 7.66999e-05 0.00100288 0.000450758 2.68645e-05 -3.78936e-05 0.0020414 8.53116e-05 0.00294273 -0.00146707 -0.00106831 -5.75592e-05 -5.85271e-05 8.49777e-05 -4.01627e-05 -6.22845e-05 -0.00027901 -2.07403e-05 0.000300179 0.000655782 0.00109935 -0.000105698 -0.000519887 -3.11541e-05 0.000141244 -0.000349427 0.000160567 -6.02172e-05 -7.18501e-05 1.12527e-05 -7.16505e-05 -5.82341e-05 -7.24888e-05 -8.50242e-05 -0.000447088 -5.78225e-05 -0.000151763 -0.000635669 6.23673e-06 -3.90946e-05 2.65949e-05 -2.9818e-05 -0.000146019
internal_weight=2502 2265 2229 237 210 2215.5 2146.5 69 2110.5 100.5 58 45 2010 186 165 1974 1893 304.5 1588.5 174 78 45 138 54 222 144 78 84 1414.5 60 96 1381.5 1330.5 1284 1245 87 1158 469.5 94.5 688.5 634.5 499.5 375 214.5
internal_count=1614 1377 1341 237 210 1332 1263 69 1227 78 43 45 1149 186 165 1113 1077 147 930 174 78 45 138 54 102 60 42 84 756 60 96 723 672 639 600 72 528 222 42 306 282 222 180 105
is_linear=0
shrinkage=0.08


Tree=197
num_leaves=45
num_cat=0
split_feature=37 4 0 34 0 36 37 1 36 15 15 15 37 15 29 15 16 37 34 1 34 6 0 37 18 16 16 16 37 37 16 37 15 15 36 29 4 36 15 31 32 15 36 25
split_gain=0.0400794 1.45839 0.119027 0.0768958 0.0561761 0.0432352 0.810225 0.685091 1.53682 0.381281 2.45477 0.611349 0.235986 0.206527 1.49966 1.48635 0.347245 0.154259 0.228765 0.091876 0.178019 0.109269 0.0403635 0.0140025 0.0129644 0.0189963 0.0112075 0.0071841 0.00776361 0.0055844 0.00534498 0.00404017 0.00661371 0.00402001 0.00335729 0.00335488 0.00309635 0.00289574 0.00520053 0.00285101 0.00278378 0.00662096 0.00429989 0.00709583
threshold=16.425000000000004 16.455000000000002 8.3270000000000017 9.5000000000000053 16.475000000000005 1.5000000000000002 0.86999999284744278 11.97499990463257 2.5000000000000004 1.8823076923076927 1.7800000452995304 2.1350000000000002 1.1449999809265139 1.8823076923076927 1.0000000180025095e-35 1.781153891453376 6.6350000000000016 8.0050000000000008 6.0000000000000044 14.675500000000001 12.700000000000003 5.7350000000000003 12.820000000000002 11.655000000000001 0.50000000000000011 6.0226923076923082 6.2750000000000004 7.0250000000000012 9.3250000000000011 11.784230769230772 6.2250000000000005 9.8250000000000011 1.4150000000000003 0.034999999999999261 2.5000000000000004 0.70000000000000007 16.165000000000003 2.5000000000000004 0.58499999999999919 2.5000000000000004 6.9000000000000012 1.0549999999999999 2.5000000000000004 1.9000000000000001
decision_type=2 2 2 2 2 2 2 2 2 2 2 2 2 2 2 2 2 2 2 2 2 2 2 2 2 2 2 2 2 2 2 2 2 2 2 2 2 2 2 2 2 2 2 2
left_child=2 -2 -1 -3 -5 6 -4 8 -7 10 17 -11 -9 15 -15 16 -14 -8 -19 21 -21 -13 -18 -16 25 -25 -27 28 -20 -22 -26 32 33 -24 -34 -6 -31 39 -39 -35 41 -37 43 -43
right_child=1 3 5 4 35 7 9 12 -10 11 -12 19 13 14 23 -17 22 18 27 20 29 -23 31 24 30 26 -28 -29 -30 36 -32 -33 34 37 -36 40 -38 38 -40 -41 -42 42 -44 -45
leaf_value=0.0075948195987277558 -0.021674194541759787 0.0048733656625780794 0.042048357327779132 0.0042343484424054627 -0.0010911794587792386 -0.023187936319440019 0.0042391094436248144 0.02759482502937317 0.0045866066042114708 -0.010506817648022235 0.020688947062176392 -0.00015089837117837024 0.0074943051903278799 0.014719586840612775 -9.8431414454395086e-05 -0.014379292354740279 -0.0030115512194525862 -0.0076038695587998337 0.00018085673050954938 -0.0081707191467285164 9.6718362969160693e-06 0.007714410174870864 0.00091216464837392164 -2.8790102805942298e-05 -0.0011835488071665168 0.0031067291067706218 0.00081482997333461591 0.00058390153738270914 -0.0011995174616165117 -0.00029239493666506004 0.00031474788522245945 -0.00086019106345842228 -0.0013621503651580391 0.00065855843548847553 -0.00023790729232132436 0.0015086117227162636 -0.0014254603265174504 -0.0010455219981111126 9.6484768892759866e-05 -0.00015793607656464534 -0.00044158138815934459 -0.0016940422654151915 0.00075815076269209391 0.00025132231662670771
leaf_weight=13.499999999999998 20 27 2.9999999999999991 21 21 25.5 37.5 1.9999999999999989 25.5 39.5 41.5 26 38.5 47 717 49.5 36 31.5 50 18.5 308.5 20 33 40 20 36 22 56 54.5 33 64 52 34 55.5 34 21 29 40.5 69 54 60 20 25 30
leaf_count=9 20 27 3 21 21 24 36 2 24 31 34 26 20 32 380 36 36 19 20 11 146 20 16 20 20 24 22 31 27 33 64 34 24 28 24 21 17 18 34 24 60 20 25 30
internal_value=2.98657e-13 -0.000971828 0.000105493 0.000868382 0.000322248 6.04269e-05 0.000556757 -0.00018807 -0.00930066 0.000389788 0.00278378 -0.000977484 0.000133774 9.56864e-05 0.000788938 -0.00122652 0.000231623 -0.000453977 -0.0013706 -0.000112177 -0.000511984 0.0032688 -0.000453704 6.0639e-05 0.000687307 0.00131242 0.00223739 -0.000147242 -0.000539051 -0.000129564 -4.19894e-05 -0.00020617 -9.98915e-05 8.90345e-05 -0.000800029 -0.0001419 -0.000822377 -3.49988e-05 -0.000325901 0.000255904 -1.41118e-05 0.000253057 -9.84988e-05 -0.000526824
internal_weight=2502 245 2257 225 198 2243.5 748.5 1495 51 745.5 271 474.5 1444 1442 946 496 446.5 229.5 192 435 389 46 408 899 182 98 58 160.5 104.5 370.5 84 372 320 252 68 177 62 219 109.5 109.5 156 96 75 50
internal_count=1614 245 1369 225 198 1360 454 906 48 451 167 284 858 856 562 294 258 133 97 253 207 46 238 530 150 66 46 78 47 196 84 202 168 120 48 177 50 104 52 52 156 96 75 50
is_linear=0
shrinkage=0.08


Tree=198
num_leaves=45
num_cat=0
split_feature=3 2 36 3 4 35 0 6 36 0 22 36 7 7 8 11 2 7 0 22 0 32 16 0 30 35 14 21 4 4 6 35 16 32 31 30 22 33 10 11 32 18 19 32
split_gain=0.0266179 0.631363 0.189809 1.63645 1.20847 0.153109 1.42378 0.877348 0.177688 0.307937 0.306716 0.100912 7.18866 3.81325 0.518764 2.1799 0.31832 0.0776866 0.0624559 0.0484011 0.0662258 0.044918 0.0518097 0.0239502 0.0175576 0.0391426 0.0492277 0.0151632 0.014374 0.0138295 0.0079739 0.00593465 0.0118546 0.00479165 0.00410044 0.0037318 0.00331488 0.00247232 0.00229486 0.00224533 0.00223168 0.00215385 0.00213052 0.00205352
threshold=16.415000000000003 16.415000000000003 2.5000000000000004 16.440000000000001 16.465000000000003 1.0000000180025095e-35 8.3270000000000017 2.9250000715255742 2.5000000000000004 12.329999885559085 2.7000000000000006 1.5000000000000002 2.9150000810623173 2.9250000715255742 2.9550000429153447 1.1549999713897707 11.965000152587892 2.9550000429153447 12.915000000000001 0.70000000000000018 13.835000000000003 1.3 6.8750000000000018 16.115000000000006 0.50000000000000011 1.5000000000000002 9.7050000000000018 1.0000000180025095e-35 17.875000000000004 17.955000000000002 10.025 1.0000000180025095e-35 6.8850000000000025 2.1000000000000005 2.1000000000000005 3.1000000000000005 50.300000000000004 2.5000000000000004 2.3250000000000006 7.7300000000000013 1.0000000180025095e-35 8.2000000000000011 3.7000000000000006 8.1000000000000014
decision_type=2 2 2 2 2 2 2 2 2 2 2 2 2 2 2 2 2 2 2 2 2 2 2 2 2 2 2 2 2 2 2 2 2 2 2 2 2 2 2 2 2 2 2 2
left_child=1 5 3 -2 -4 7 -7 -1 9 -9 -10 12 -8 -14 15 -13 -15 -18 -19 20 -16 22 -6 33 25 26 -5 -11 -23 31 34 32 -26 -12 37 40 38 -29 -21 43 -20 -38 -36 -37
right_child=2 -3 4 24 21 6 11 8 10 27 23 14 13 16 19 -17 17 18 35 36 -22 28 -24 -25 29 -27 -28 30 -30 -31 -32 -33 -34 -35 42 39 41 -39 -40 -41 -42 -43 -44 -45
leaf_value=0.01735810354706787 0.016623930524988676 -0.011836413447981921 -0.014286213774280049 0.0047733964682362667 0.0039995242582706661 -0.029801459539504277 0.087699642181396489 -0.010444924756884575 0.01201228258293122 0.0017153436169028283 0.00064192857169969523 0.0071305500909134194 -0.078370420932769774 0.024299064363752093 0.005942484487779438 -0.026005920662234228 0.0058052376710942813 -0.005950452076892058 0.0010009281078110571 -0.0013216775775072166 -8.4918498593781675e-05 -4.3963945464237587e-05 8.6577771739526228e-05 0.0030680508964869659 0.000168584725284513 -0.00050970471332865681 0.00038551398708174624 2.0066029392182828e-05 -0.0016905071772634983 -0.0011932292611084201 -0.0017510441758786328 1.4351542761493507e-05 0.0019512923444563058 -0.00096225966126299827 0.00095162699625899014 0.0001998708303552121 0.00047836944271154979 -0.0012089009750211105 -0.00033820008888728168 -0.00092343258804508622 0.00011792948657724384 -0.00018242389980801626 1.1806774357529846e-05 -0.00058327594560881452
leaf_weight=21 40.5 29.5 40.5 30 38.5 10.499999999999998 5.9999999999999991 20 20 30 22 27 3.9999999999999991 3.4999999999999991 20 24 13.999999999999998 11.999999999999998 23 15.999999999999998 28 286 49.5 20 94 55 36 20 38.5 55 20 567 32 26 26 50 54 22 298 31.5 90 76 38 37.5
leaf_count=21 22 16 22 20 21 6 6 20 20 30 22 24 4 2 20 24 14 12 18 16 28 156 27 20 94 22 24 20 21 30 20 252 32 26 26 32 40 22 172 14 62 52 38 24
internal_value=6.67853e-12 -0.000285328 0.000238628 0.000905018 -0.0010993 2.16603e-05 -0.000530576 0.00162024 0.000368363 -0.00109922 0.00330353 -0.000153235 0.00110607 -0.000850846 -0.000782888 -0.00846308 0.000334922 9.8274e-06 -0.000322696 1.32302e-05 0.0024265 0.000195416 0.00179849 0.000742128 0.000172433 0.0010665 0.00238001 9.8948e-05 -0.000239317 2.78049e-05 -0.000285908 0.000124712 0.000621336 -0.000227007 -9.46737e-06 -3.16053e-05 -0.000247664 -0.000623679 -0.000388314 -0.000344264 0.000297655 9.20595e-05 0.000393609 -0.000135764
internal_weight=2502 1139.5 1362.5 909.5 453 1110 825 285 264 176 88 814.5 271.5 265.5 543 51 261.5 258 244 492 48 412.5 88 68 869 121 66 156 324.5 748 126 693 126 48 106 232 444 42 314 119 113 130 64 87.5
internal_count=1614 871 743 496 247 855 570 285 264 176 88 564 188 182 376 48 178 176 162 328 48 225 48 68 474 66 44 156 177 408 126 378 126 48 106 150 280 42 188 70 80 92 64 56
is_linear=0
shrinkage=0.08


Tree=199
num_leaves=45
num_cat=0
split_feature=34 37 36 5 5 8 8 37 4 34 37 4 15 33 34 5 11 37 30 36 1 2 36 35 31 36 32 14 11 37 11 17 36 21 33 36 30 36 34 14 12 1 33 37
split_gain=0.0435723 1.05806 0.838105 3.04993 1.93171 1.02614 0.260532 0.0580163 0.0980395 0.0726411 0.0688201 0.00482331 0.00422214 0.00587606 0.00292196 0.00229859 0.00239773 0.0131831 0.00623725 0.00595083 0.0182202 0.0107566 0.0419188 0.00632546 0.00319487 0.00283467 0.00428431 0.0029658 0.00591639 0.00235219 0.00224168 0.00220879 0.00485572 0.0141545 0.00553765 0.00435459 0.00159589 0.00324368 0.00794032 0.00122317 0.00118804 0.00118453 0.00209585 0.00633072
threshold=0.80000000000000016 11.97499990463257 1.5000000000000002 6.4620000000000006 2.9450000524520878 2.9250000715255742 2.9550000429153447 16.195000000000004 16.475000000000005 9.5000000000000053 16.425000000000004 17.955000000000002 0.78999999999999926 1.9000000000000001 123.80000000000003 3.7450000000000006 7.7300000000000013 7.9050000000000011 3.5000000000000004 1.5000000000000002 16.425000000000004 16.440000000000001 2.5000000000000004 1.5000000000000002 2.1000000000000005 2.5000000000000004 0.70000000000000007 9.8550000000000022 8.8950000000000014 9.9200000000000017 9.2600000000000016 0.50000000000000011 2.5000000000000004 1.3 1.0000000180025095e-35 1.5000000000000002 14.900000000000002 2.5000000000000004 35.500000000000007 9.2200000000000006 9.3000000000000025 15.020000000000001 2.5000000000000004 6.527000000000001
decision_type=2 2 2 2 2 2 2 2 2 2 2 2 2 2 2 2 2 2 2 2 2 2 2 2 2 2 2 2 2 2 2 2 2 2 2 2 2 2 2 2 2 2 2 2
left_child=1 2 4 5 -1 -4 -7 11 10 -10 -9 14 -11 -14 15 -2 31 18 -18 20 -19 22 -21 30 -25 27 -27 28 -23 39 -22 32 34 -34 -17 -36 37 38 -15 -28 -30 42 -33 -44
right_child=7 -3 3 -5 -6 6 -8 8 9 12 -12 -13 13 36 -16 16 17 19 -20 21 23 25 -24 24 -26 26 29 -29 40 -31 -32 41 33 -35 35 -37 -38 -39 -40 -41 -42 -43 43 -45
leaf_value=0.0064793474204612499 -0.00072000861646504043 -0.015012391023337842 -0.017519041433309516 0.023810563714880693 -0.022374092126610103 -0.0020415869109436042 0.009008652781221 0.0012698588136672265 0.0044083356940084039 -0.00089217511325841766 0.0075408864642182985 0.0005597646092927015 0.0012967313593253494 -0.0014973145501095465 0.00050994849039448639 0.0014154604900007447 -0.00038921834404269856 -0.0016810417961743143 -0.0016223849260325854 -0.00073983188623037103 -0.00023112484779428796 -0.00014428308003906361 0.0022886955400562695 0.00081400050250813368 1.2361655600502022e-05 -0.00097619945348964804 -9.7723453408644464e-05 -0.000474343817267153 0.00043614910462767712 -0.0005649722133832121 -0.00096654910638573619 2.7452169745388387e-05 -0.0016037096697147247 0.0010380155945196748 0.00082859693697708502 -0.00045178393271806487 -0.00057510264136362819 0.00069411595842826202 0.00031574445740821272 0.00040545396760783414 0.0010174674193064372 3.3908593525397925e-05 0.00028122093479256502 -0.0010727848598331797
leaf_weight=33 36 30 24 38 27 36 22 21 27 30 24 81 24 22 54 36 52.5 54 52.5 58.5 72 112 58.5 50 87.5 45 104 45 45 54 42 117 27 25 34 34 30 37 52 44 45 469.5 39 51
leaf_count=33 36 30 24 20 18 36 22 21 27 30 24 36 24 22 24 36 21 32 21 34 36 50 34 20 35 20 44 20 20 26 21 117 27 19 28 28 30 37 52 20 20 249 39 51
internal_value=-3.90564e-12 -0.00110293 0.00121531 0.00507531 -0.0065047 -0.00360688 0.00214988 0.000101054 0.0012095 0.000519317 0.00461441 -4.50966e-05 -1.91626e-05 0.000139567 -7.02991e-05 -8.68776e-05 -7.45838e-05 -0.000156715 -0.0010058 -5.94384e-05 -0.000347727 8.4706e-05 0.000774432 -6.14488e-05 0.000303867 -7.86501e-05 -0.000270286 0.000112986 0.000243827 -0.000113029 -0.000502071 2.61934e-05 0.000297554 -0.000333649 0.000613156 0.000188407 -5.73971e-05 8.25233e-05 -0.000223273 5.18698e-05 0.000726808 -3.6382e-05 -0.000195809 -0.000486049
internal_weight=2502 210 180 120 60 82 58 2292 267 222 45 2025 195 165 1944 1890 1854 1021.5 105 916.5 305.5 611 117 251.5 137.5 494 247 247 202 202 114 832.5 156 52 104 68 141 111 74 148 90 676.5 207 90
internal_count=1614 183 153 102 51 82 58 1431 267 222 45 1164 195 165 1128 1104 1068 474 42 432 144 288 68 112 55 220 110 110 90 90 57 594 138 46 92 56 141 111 74 64 40 456 207 90
is_linear=0
shrinkage=0.08


end of trees

feature_importances:
current_level=1183
horizon=713
water_level_X.173A_current=662
rain_SLA003_roll6h=653
water_diff_90_44=517
water_diff_173_90=438
station_id=374
rain_SLA003_lag6h=354
rain_SLA003_lag3h=352
water_level_X.173A_lag6h=273
rain_SLA003_lag1h=261
water_level_X.173A_lag1h=255
water_level_X.44_current=247
rain_SLA003_lag2h=231
rain_SLA001_roll6h=189
water_level_X.44_lag6h=168
rain_SLA003_current=161
water_level_X.173A_lag3h=137
water_level_X.90_current=137
water_level_X.90_lag1h=126
water_level_X.173A_lag2h=125
water_level_X.44_lag1h=121
water_level_X.44_lag3h=120
rain_SLA001_current=111
rain_SLA001_lag6h=109
water_level_X.90_lag6h=107
rain_SLA001_lag1h=106
water_level_X.44_lag2h=103
water_level_X.90_lag2h=75
water_level_X.90_lag3h=67
rain_SLA001_lag2h=67
rain_SLA002_lag6h=57
rain_SLA001_lag3h=55
rain_SLA002_lag3h=46
rain_SLA002_current=38
rain_SLA002_lag2h=22
rain_SLA002_lag1h=20
rain_SLA002_roll6h=20

parameters:
[boosting: gbdt]
[objective: regression]
[metric: l2]
[tree_learner: serial]
[device_type: cpu]
[data_sample_strategy: bagging]
[data: ]
[valid: ]
[num_iterations: 200]
[learning_rate: 0.08]
[num_leaves: 45]
[num_threads: 12]
[seed: 42]
[deterministic: 0]
[force_col_wise: 0]
[force_row_wise: 0]
[histogram_pool_size: -1]
[max_depth: -1]
[min_data_in_leaf: 20]
[min_sum_hessian_in_leaf: 0.001]
[bagging_fraction: 0.8]
[pos_bagging_fraction: 1]
[neg_bagging_fraction: 1]
[bagging_freq: 0]
[bagging_seed: 400]
[bagging_by_query: 0]
[feature_fraction: 0.8]
[feature_fraction_bynode: 1]
[feature_fraction_seed: 30056]
[extra_trees: 0]
[extra_seed: 12879]
[early_stopping_round: 0]
[early_stopping_min_delta: 0]
[first_metric_only: 0]
[max_delta_step: 0]
[lambda_l1: 0]
[lambda_l2: 0]
[linear_lambda: 0]
[min_gain_to_split: 0]
[drop_rate: 0.1]
[max_drop: 50]
[skip_drop: 0.5]
[xgboost_dart_mode: 0]
[uniform_drop: 0]
[drop_seed: 17869]
[top_rate: 0.2]
[other_rate: 0.1]
[min_data_per_group: 100]
[max_cat_threshold: 32]
[cat_l2: 10]
[cat_smooth: 10]
[max_cat_to_onehot: 4]
[top_k: 20]
[monotone_constraints: ]
[monotone_constraints_method: basic]
[monotone_penalty: 0]
[feature_contri: ]
[forcedsplits_filename: ]
[refit_decay_rate: 0.9]
[cegb_tradeoff: 1]
[cegb_penalty_split: 0]
[cegb_penalty_feature_lazy: ]
[cegb_penalty_feature_coupled: ]
[path_smooth: 0]
[interaction_constraints: ]
[verbosity: -1]
[saved_feature_importance_type: 0]
[use_quantized_grad: 0]
[num_grad_quant_bins: 4]
[quant_train_renew_leaf: 0]
[stochastic_rounding: 1]
[linear_tree: 0]
[max_bin: 255]
[max_bin_by_feature: ]
[min_data_in_bin: 3]
[bin_construct_sample_cnt: 200000]
[data_random_seed: 175]
[is_enable_sparse: 1]
[enable_bundle: 1]
[use_missing: 1]
[zero_as_missing: 0]
[feature_pre_filter: 1]
[pre_partition: 0]
[two_round: 0]
[header: 0]
[label_column: ]
[weight_column: ]
[group_column: ]
[ignore_column: ]
[categorical_feature: ]
[forcedbins_filename: ]
[precise_float_parser: 0]
[parser_config_file: ]
[objective_seed: 16083]
[num_class: 1]
[is_unbalance: 0]
[scale_pos_weight: 1]
[sigmoid: 1]
[boost_from_average: 1]
[reg_sqrt: 0]
[alpha: 0.9]
[fair_c: 1]
[poisson_max_delta_step: 0.7]
[tweedie_variance_power: 1.5]
[lambdarank_truncation_level: 30]
[lambdarank_norm: 1]
[label_gain: ]
[lambdarank_position_bias_regularization: 0]
[eval_at: ]
[multi_error_top_k: 1]
[auc_mu_weights: ]
[num_machines: 1]
[local_listen_port: 12400]
[time_out: 120]
[machine_list_filename: ]
[machines: ]
[gpu_platform_id: -1]
[gpu_device_id: -1]
[gpu_device_id_list: ]
[gpu_use_dp: 0]
[num_gpu: 1]

end of parameters

pandas_categorical:[]
